mtllib 15190_D-008.mtl

v 16.7588 -0.0035 22488.0200
v 16.7659 -0.0035 22488.0600
v 16.7624 -0.0035 22488.0400
v 16.7737 -0.0035 22488.1000
v 16.7698 -0.0035 22488.0800
v 16.7821 -0.0035 22488.1400
v 16.7779 -0.0035 22488.1200
v 16.7912 -0.0035 22488.1700
v 16.7867 -0.0035 22488.1600
v 16.8010 -0.0035 22488.2100
v 16.7962 -0.0035 22488.1900
v 16.8114 -0.0035 22488.2500
v 16.8062 -0.0035 22488.2300
v 16.8225 -0.0035 22488.2900
v 16.8170 -0.0035 22488.2700
v 16.8342 -0.0035 22488.3200
v 16.8284 -0.0035 22488.3100
v 16.8466 -0.0035 22488.3600
v 16.8404 -0.0035 22488.3400
v 16.8596 -0.0035 22488.4000
v 16.8531 -0.0035 22488.3800
v 16.8732 -0.0035 22488.4400
v 16.8665 -0.0035 22488.4200
v 16.8875 -0.0035 22488.4700
v 16.8804 -0.0035 22488.4500
v 16.9024 -0.0035 22488.5100
v 16.8950 -0.0035 22488.4900
v 16.9180 -0.0035 22488.5400
v 16.9103 -0.0035 22488.5300
v 16.9341 -0.0035 22488.5800
v 16.9261 -0.0035 22488.5600
v 16.9509 -0.0035 22488.6100
v 16.9426 -0.0035 22488.6000
v 16.9683 -0.0035 22488.6500
v 16.9597 -0.0035 22488.6300
v 16.9863 -0.0035 22488.6800
v 16.9774 -0.0034 22488.6700
v 17.0049 -0.0035 22488.7200
v 16.9957 -0.0034 22488.7000
v 17.0241 -0.0035 22488.7500
v 17.0146 -0.0034 22488.7300
v 17.0439 -0.0035 22488.7900
v 17.0341 -0.0034 22488.7700
v 17.0642 -0.0035 22488.8200
v 17.0542 -0.0034 22488.8000
v 17.0852 -0.0035 22488.8500
v 17.0748 -0.0034 22488.8300
v 17.1067 -0.0035 22488.8800
v 17.0961 -0.0034 22488.8700
v 17.1288 -0.0035 22488.9200
v 17.1179 -0.0034 22488.9000
v 17.1514 -0.0035 22488.9500
v 17.1402 -0.0034 22488.9300
v 17.1746 -0.0035 22488.9800
v 17.1631 -0.0034 22488.9600
v 17.1983 -0.0035 22489.0100
v 17.1866 -0.0034 22488.9900
v 17.2226 -0.0035 22489.0400
v 17.2106 -0.0034 22489.0300
v 17.2474 -0.0035 22489.0700
v 17.2351 -0.0034 22489.0500
v 17.2727 -0.0035 22489.1000
v 17.2602 -0.0034 22489.0900
v 17.2985 -0.0035 22489.1300
v 17.2858 -0.0034 22489.1200
v 17.3249 -0.0035 22489.1600
v 17.3118 -0.0034 22489.1400
v 17.3517 -0.0035 22489.1900
v 17.3384 -0.0034 22489.1700
v 17.3790 -0.0035 22489.2100
v 17.3655 -0.0034 22489.2000
v 17.4068 -0.0035 22489.2400
v 17.3931 -0.0034 22489.2300
v 17.4351 -0.0035 22489.2700
v 17.4211 -0.0034 22489.2500
v 17.4638 -0.0035 22489.2900
v 17.4496 -0.0034 22489.2800
v 17.4930 -0.0035 22489.3200
v 17.4786 -0.0034 22489.3100
v 17.5227 -0.0035 22489.3500
v 17.5080 -0.0034 22489.3300
v 17.5527 -0.0035 22489.3700
v 17.5379 -0.0034 22489.3600
v 17.5832 -0.0035 22489.3900
v 17.5682 -0.0034 22489.3800
v 17.6142 -0.0035 22489.4200
v 17.5989 -0.0034 22489.4100
v 17.6455 -0.0035 22489.4400
v 17.6300 -0.0034 22489.4300
v 17.6772 -0.0035 22489.4600
v 17.6616 -0.0034 22489.4500
v 17.7094 -0.0035 22489.4900
v 17.6935 -0.0034 22489.4700
v 17.7419 -0.0035 22489.5100
v 17.7258 -0.0034 22489.5000
v 17.7747 -0.0035 22489.5300
v 17.7585 -0.0034 22489.5200
v 17.8080 -0.0035 22489.5500
v 17.7916 -0.0034 22489.5400
v 17.8416 -0.0035 22489.5700
v 17.8250 -0.0034 22489.5600
v 17.8755 -0.0035 22489.5900
v 17.8587 -0.0034 22489.5800
v 17.9097 -0.0035 22489.6100
v 17.8928 -0.0034 22489.6000
v 17.9443 -0.0035 22489.6200
v 17.9272 -0.0034 22489.6200
v 17.9792 -0.0035 22489.6400
v 17.9620 -0.0034 22489.6300
v 18.0144 -0.0035 22489.6600
v 17.9970 -0.0034 22489.6500
v 18.0499 -0.0035 22489.6700
v 18.0323 -0.0034 22489.6700
v 18.0856 -0.0035 22489.6900
v 18.0679 -0.0034 22489.6800
v 18.1216 -0.0035 22489.7100
v 18.1038 -0.0034 22489.7000
v 18.1579 -0.0035 22489.7200
v 18.1400 -0.0034 22489.7100
v 18.1944 -0.0035 22489.7300
v 18.1763 -0.0034 22489.7300
v 18.2311 -0.0035 22489.7500
v 18.2130 -0.0034 22489.7400
v 18.2681 -0.0035 22489.7600
v 18.2498 -0.0034 22489.7500
v 18.3053 -0.0035 22489.7700
v 18.2869 -0.0034 22489.7600
v 18.3426 -0.0035 22489.7800
v 18.3242 -0.0034 22489.7800
v 18.3802 -0.0035 22489.7900
v 18.3616 -0.0034 22489.7900
v 18.4179 -0.0035 22489.8000
v 18.3993 -0.0034 22489.8000
v 18.4558 -0.0035 22489.8100
v 18.4371 -0.0034 22489.8100
v 18.4939 -0.0035 22489.8200
v 18.4751 -0.0034 22489.8100
v 18.5321 -0.0035 22489.8300
v 18.5132 -0.0034 22489.8200
v 18.5704 -0.0035 22489.8300
v 18.5515 -0.0034 22489.8300
v 18.6089 -0.0035 22489.8400
v 18.5899 -0.0034 22489.8400
v 18.6474 -0.0035 22489.8500
v 18.6284 -0.0034 22489.8400
v 18.6861 -0.0035 22489.8500
v 18.6670 -0.0034 22489.8500
v 18.7248 -0.0035 22489.8600
v 18.7057 -0.0034 22489.8500
v 18.7636 -0.0035 22489.8600
v 18.7444 -0.0034 22489.8600
v 18.8025 -0.0035 22489.8600
v 18.7832 -0.0034 22489.8600
v 18.8414 -0.0035 22489.8700
v 18.8221 -0.0034 22489.8600
v 18.8803 -0.0035 22489.8700
v 18.8611 -0.0034 22489.8700
v 18.9193 -0.0035 22489.8700
v 18.9000 -0.0034 22489.8700
v 18.9582 -0.0035 22489.8700
v 18.9390 -0.0034 22489.8700
v 18.9582 1116.6790 22489.8700
v 18.9193 1116.6790 22489.8700
v 18.9385 1116.6790 22489.8700
v 18.8803 1116.6790 22489.8700
v 18.8996 1116.6790 22489.8700
v 18.8414 1116.6790 22489.8700
v 18.8606 1116.6790 22489.8700
v 18.8025 1116.6790 22489.8600
v 18.8217 1116.6790 22489.8600
v 18.7636 1116.6790 22489.8600
v 18.7828 1116.6790 22489.8600
v 18.7248 1116.6790 22489.8600
v 18.7440 1116.6790 22489.8600
v 18.6861 1116.6790 22489.8500
v 18.7052 1116.6790 22489.8500
v 18.6474 1116.6790 22489.8500
v 18.6665 1116.6790 22489.8500
v 18.6089 1116.6790 22489.8400
v 18.6279 1116.6790 22489.8400
v 18.5704 1116.6790 22489.8300
v 18.5894 1116.6790 22489.8400
v 18.5321 1116.6790 22489.8300
v 18.5510 1116.6790 22489.8300
v 18.4939 1116.6790 22489.8200
v 18.5128 1116.6790 22489.8200
v 18.4558 1116.6790 22489.8100
v 18.4747 1116.6790 22489.8100
v 18.4179 1116.6790 22489.8000
v 18.4367 1116.6790 22489.8100
v 18.3802 1116.6790 22489.7900
v 18.3989 1116.6790 22489.8000
v 18.3426 1116.6790 22489.7800
v 18.3612 1116.6790 22489.7900
v 18.3053 1116.6790 22489.7700
v 18.3237 1116.6790 22489.7800
v 18.2681 1116.6790 22489.7600
v 18.2865 1116.6790 22489.7600
v 18.2311 1116.6790 22489.7500
v 18.2494 1116.6790 22489.7500
v 18.1944 1116.6790 22489.7300
v 18.2125 1116.6790 22489.7400
v 18.1579 1116.6790 22489.7200
v 18.1759 1116.6790 22489.7300
v 18.1216 1116.6790 22489.7100
v 18.1395 1116.6790 22489.7100
v 18.0856 1116.6790 22489.6900
v 18.1034 1116.6790 22489.7000
v 18.0499 1116.6790 22489.6700
v 18.0675 1116.6790 22489.6800
v 18.0144 1116.6790 22489.6600
v 18.0319 1116.6790 22489.6700
v 17.9792 1116.6790 22489.6400
v 17.9966 1116.6790 22489.6500
v 17.9443 1116.6790 22489.6200
v 17.9616 1116.6790 22489.6300
v 17.9097 1116.6790 22489.6100
v 17.9268 1116.6790 22489.6200
v 17.8755 1116.6790 22489.5900
v 17.8924 1116.6790 22489.6000
v 17.8416 1116.6790 22489.5700
v 17.8583 1116.6790 22489.5800
v 17.8080 1116.6790 22489.5500
v 17.8246 1116.6790 22489.5600
v 17.7747 1116.6790 22489.5300
v 17.7912 1116.6790 22489.5400
v 17.7419 1116.6790 22489.5100
v 17.7581 1116.6790 22489.5200
v 17.7094 1116.6790 22489.4900
v 17.7254 1116.6790 22489.5000
v 17.6772 1116.6790 22489.4600
v 17.6931 1116.6790 22489.4700
v 17.6455 1116.6790 22489.4400
v 17.6612 1116.6790 22489.4500
v 17.6142 1116.6790 22489.4200
v 17.6297 1116.6790 22489.4300
v 17.5832 1116.6790 22489.3900
v 17.5985 1116.6790 22489.4100
v 17.5527 1116.6790 22489.3700
v 17.5678 1116.6790 22489.3800
v 17.5227 1116.6790 22489.3500
v 17.5375 1116.6790 22489.3600
v 17.4930 1116.6790 22489.3200
v 17.5077 1116.6790 22489.3300
v 17.4638 1116.6790 22489.2900
v 17.4783 1116.6790 22489.3100
v 17.4351 1116.6790 22489.2700
v 17.4493 1116.6790 22489.2800
v 17.4068 1116.6790 22489.2400
v 17.4208 1116.6790 22489.2500
v 17.3790 1116.6790 22489.2100
v 17.3928 1116.6790 22489.2300
v 17.3517 1116.6790 22489.1900
v 17.3652 1116.6790 22489.2000
v 17.3249 1116.6790 22489.1600
v 17.3381 1116.6790 22489.1700
v 17.2985 1116.6790 22489.1300
v 17.3115 1116.6790 22489.1400
v 17.2727 1116.6790 22489.1000
v 17.2855 1116.6790 22489.1100
v 17.2474 1116.6790 22489.0700
v 17.2599 1116.6790 22489.0800
v 17.2226 1116.6790 22489.0400
v 17.2348 1116.6790 22489.0500
v 17.1983 1116.6790 22489.0100
v 17.2103 1116.6790 22489.0300
v 17.1746 1116.6790 22488.9800
v 17.1863 1116.6790 22488.9900
v 17.1514 1116.6790 22488.9500
v 17.1629 1116.6790 22488.9600
v 17.1288 1116.6790 22488.9200
v 17.1400 1116.6790 22488.9300
v 17.1067 1116.6790 22488.8800
v 17.1176 1116.6790 22488.9000
v 17.0852 1116.6790 22488.8500
v 17.0958 1116.6790 22488.8700
v 17.0642 1116.6790 22488.8200
v 17.0746 1116.6790 22488.8300
v 17.0439 1116.6790 22488.7900
v 17.0539 1116.6790 22488.8000
v 17.0241 1116.6790 22488.7500
v 17.0339 1116.6790 22488.7700
v 17.0049 1116.6790 22488.7200
v 17.0144 1116.6790 22488.7300
v 16.9863 1116.6790 22488.6800
v 16.9955 1116.6790 22488.7000
v 16.9683 1116.6790 22488.6500
v 16.9772 1116.6790 22488.6700
v 16.9509 1116.6790 22488.6100
v 16.9595 1116.6790 22488.6300
v 16.9341 1116.6790 22488.5800
v 16.9424 1116.6790 22488.6000
v 16.9180 1116.6790 22488.5400
v 16.9260 1116.6790 22488.5600
v 16.9024 1116.6790 22488.5100
v 16.9101 1116.6790 22488.5300
v 16.8875 1116.6790 22488.4700
v 16.8949 1116.6790 22488.4900
v 16.8732 1116.6790 22488.4400
v 16.8803 1116.6790 22488.4500
v 16.8596 1116.6790 22488.4000
v 16.8663 1116.6790 22488.4200
v 16.8466 1116.6790 22488.3600
v 16.8530 1116.6790 22488.3800
v 16.8342 1116.6790 22488.3200
v 16.8403 1116.6790 22488.3400
v 16.8225 1116.6790 22488.2900
v 16.8283 1116.6790 22488.3100
v 16.8114 1116.6790 22488.2500
v 16.8169 1116.6790 22488.2700
v 16.8010 1116.6790 22488.2100
v 16.8061 1116.6790 22488.2300
v 16.7912 1116.6790 22488.1700
v 16.7960 1116.6790 22488.1900
v 16.7821 1116.6790 22488.1400
v 16.7866 1116.6790 22488.1600
v 16.7737 1116.6790 22488.1000
v 16.7779 1116.6790 22488.1200
v 16.7659 1116.6790 22488.0600
v 16.7698 1116.6790 22488.0800
v 16.7588 1116.6790 22488.0200
v 16.7623 1116.6790 22488.0400
v 16.7598 1116.6790 22488.0200
v 17.8717 1116.6840 22488.9600
v 16.7598 -0.0035 22488.0200
v 17.8717 0.0013 22488.9600
v 0.0008 1116.6790 22392.9800
v 8.2834 1116.6420 22439.7400
v 0.0008 -0.0035 22392.9800
v -0.4992 564.7906 22392.9800
v 8.4771 0.0331 22441.2600
v 17.2598 551.8849 22488.0200
v 85.5841 1116.6790 22489.8700
v 51.8861 1116.5340 22489.8700
v 87.4452 1116.6790 22486.1500
v 86.5039 1116.6750 22488.0400
v 89.3063 1116.6790 22489.8700
v 88.3650 1116.6750 22487.9800
v 126.5465 1116.6790 22489.8700
v 107.7112 1116.5980 22489.8700
v 128.4077 1116.6790 22486.1500
v 127.4663 1116.6750 22488.0400
v 130.2688 1116.6790 22489.8700
v 129.3275 1116.6750 22487.9800
v 743.1152 1116.6790 22489.8700
v 433.1506 1116.1790 22489.8700
v 743.1152 1116.6790 22385.6400
v 743.1152 1116.6790 22438.5900
v 6.1513 1116.6790 22385.6400
v 378.8919 1117.1790 22385.6400
v 3.1116 1116.6930 22389.2500
v 17.8463 1116.6740 22488.9300
v 6.1513 -0.0035 22385.6400
v 6.6513 551.8849 22385.6400
v 3.0405 -0.0169 22389.3700
v 743.1152 -0.0035 22385.6400
v 370.3746 -0.5035 22385.6400
v 743.1152 -0.0035 22489.8700
v 743.1152 -0.0035 22436.9300
v 130.2688 -0.0035 22489.8700
v 440.2334 0.4965 22489.8700
v 128.4077 -0.0035 22486.1500
v 129.3490 0.0006 22488.0400
v 126.5465 -0.0035 22489.8700
v 127.4879 0.0006 22487.9800
v 89.3063 -0.0035 22489.8700
v 108.1416 0.0778 22489.8700
v 87.4452 -0.0035 22486.1500
v 88.3865 0.0006 22488.0400
v 85.5841 -0.0035 22489.8700
v 86.5254 0.0006 22487.9800
v 52.6562 0.1419 22489.8700
v 519.8165 818.8970 22385.6400
v 668.7075 818.8970 22385.6400
v 595.1224 819.2219 22385.6400
v 668.7075 967.7880 22385.6400
v 668.3827 894.2029 22385.6400
v 519.8165 967.7880 22385.6400
v 593.4016 967.4632 22385.6400
v 520.1414 892.4821 22385.6400
v 601.7065 893.3542 22355.8700
v 601.7054 893.4841 22355.8700
v 601.7057 893.4199 22355.8700
v 601.7020 893.6140 22355.8700
v 601.7034 893.5497 22355.8700
v 601.6964 893.7438 22355.8700
v 601.6989 893.6796 22355.8700
v 601.6884 893.8735 22355.8700
v 601.6921 893.8093 22355.8700
v 601.6782 894.0030 22355.8700
v 601.6830 893.9390 22355.8700
v 601.6658 894.1323 22355.8700
v 601.6717 894.0684 22355.8700
v 601.6511 894.2614 22355.8700
v 601.6581 894.1976 22355.8700
v 601.6341 894.3903 22355.8700
v 601.6422 894.3265 22355.8700
v 601.6149 894.5187 22355.8700
v 601.6241 894.4552 22355.8700
v 601.5934 894.6469 22355.8700
v 601.6038 894.5835 22355.8700
v 601.5698 894.7747 22355.8700
v 601.5812 894.7114 22355.8700
v 601.5439 894.9020 22355.8700
v 601.5564 894.8390 22355.8700
v 601.5157 895.0288 22355.8700
v 601.5294 894.9661 22355.8700
v 601.4854 895.1552 22355.8700
v 601.5002 895.0927 22355.8700
v 601.4529 895.2809 22355.8700
v 601.4687 895.2187 22355.8700
v 601.4182 895.4061 22355.8700
v 601.4351 895.3442 22355.8700
v 601.3813 895.5308 22355.8700
v 601.3992 895.4691 22355.8700
v 601.3422 895.6547 22355.8700
v 601.3613 895.5933 22355.8700
v 601.3010 895.7779 22355.8700
v 601.3211 895.7169 22355.8700
v 601.2576 895.9003 22355.8700
v 601.2788 895.8397 22355.8700
v 601.2121 896.0220 22355.8700
v 601.2343 895.9618 22355.8700
v 601.1645 896.1429 22355.8700
v 601.1877 896.0831 22355.8700
v 601.1147 896.2630 22355.8700
v 601.1391 896.2036 22355.8700
v 601.0629 896.3821 22355.8700
v 601.0883 896.3231 22355.8700
v 601.0091 896.5004 22355.8700
v 601.0355 896.4418 22355.8700
v 600.9531 896.6176 22355.8700
v 600.9805 896.5596 22355.8700
v 600.8951 896.7339 22355.8700
v 600.9236 896.6763 22355.8700
v 600.8351 896.8492 22355.8700
v 600.8646 896.7921 22355.8700
v 600.7732 896.9634 22355.8700
v 600.8036 896.9068 22355.8700
v 600.7092 897.0764 22355.8700
v 600.7405 897.0204 22355.8700
v 600.6432 897.1884 22355.8700
v 600.6756 897.1329 22355.8700
v 600.5754 897.2992 22355.8700
v 600.6086 897.2443 22355.8700
v 600.5056 897.4088 22355.8700
v 600.5398 897.3544 22355.8700
v 600.4338 897.5171 22355.8700
v 600.4691 897.4634 22355.8700
v 600.3602 897.6242 22355.8700
v 600.3964 897.5711 22355.8700
v 600.2848 897.7300 22355.8700
v 600.3218 897.6775 22355.8700
v 600.2075 897.8344 22355.8700
v 600.2455 897.7826 22355.8700
v 600.1284 897.9375 22355.8700
v 600.1673 897.8864 22355.8700
v 600.0475 898.0392 22355.8700
v 600.0873 897.9887 22355.8700
v 599.9649 898.1394 22355.8700
v 600.0055 898.0897 22355.8700
v 599.8805 898.2382 22355.8700
v 599.9220 898.1892 22355.8700
v 599.7944 898.3355 22355.8700
v 599.8367 898.2872 22355.8700
v 599.7066 898.4313 22355.8700
v 599.7498 898.3838 22355.8700
v 599.6172 898.5256 22355.8700
v 599.6612 898.4788 22355.8700
v 599.5261 898.6182 22355.8700
v 599.5709 898.5723 22355.8700
v 599.4335 898.7094 22355.8700
v 599.4791 898.6641 22355.8700
v 599.3392 898.7988 22355.8700
v 599.3856 898.7543 22355.8700
v 599.2434 898.8865 22355.8700
v 599.2905 898.8430 22355.8700
v 599.1461 898.9727 22355.8700
v 599.1940 898.9299 22355.8700
v 599.0473 899.0570 22355.8700
v 599.0959 899.0151 22355.8700
v 598.9470 899.1396 22355.8700
v 598.9964 899.0986 22355.8700
v 598.8453 899.2205 22355.8700
v 598.8954 899.1804 22355.8700
v 598.7422 899.2996 22355.8700
v 598.7930 899.2603 22355.8700
v 598.6378 899.3770 22355.8700
v 598.6893 899.3385 22355.8700
v 598.5320 899.4524 22355.8700
v 598.5842 899.4149 22355.8700
v 598.4250 899.5260 22355.8700
v 598.4777 899.4894 22355.8700
v 598.3166 899.5977 22355.8700
v 598.3700 899.5620 22355.8700
v 598.2070 899.6675 22355.8700
v 598.2610 899.6328 22355.8700
v 598.0963 899.7354 22355.8700
v 598.1509 899.7016 22355.8700
v 597.9843 899.8013 22355.8700
v 598.0395 899.7685 22355.8700
v 597.8712 899.8653 22355.8700
v 597.9269 899.8334 22355.8700
v 597.7570 899.9273 22355.8700
v 597.8134 899.8964 22355.8700
v 597.6418 899.9873 22355.8700
v 597.6986 899.9574 22355.8700
v 597.5255 900.0453 22355.8700
v 597.5828 900.0164 22355.8700
v 597.4082 900.1012 22355.8700
v 597.4661 900.0733 22355.8700
v 597.2900 900.1551 22355.8700
v 597.3483 900.1282 22355.8700
v 597.1708 900.2069 22355.8700
v 597.2296 900.1810 22355.8700
v 597.0508 900.2567 22355.8700
v 597.1100 900.2318 22355.8700
v 596.9299 900.3043 22355.8700
v 596.9896 900.2805 22355.8700
v 596.8082 900.3497 22355.8700
v 596.8683 900.3270 22355.8700
v 596.6857 900.3931 22355.8700
v 596.7462 900.3714 22355.8700
v 596.5625 900.4343 22355.8700
v 596.6233 900.4137 22355.8700
v 596.4386 900.4734 22355.8700
v 596.4998 900.4539 22355.8700
v 596.3140 900.5103 22355.8700
v 596.3755 900.4918 22355.8700
v 596.1888 900.5450 22355.8700
v 596.2506 900.5276 22355.8700
v 596.0630 900.5776 22355.8700
v 596.1251 900.5612 22355.8700
v 595.9367 900.6079 22355.8700
v 595.9991 900.5927 22355.8700
v 595.8098 900.6360 22355.8700
v 595.8724 900.6218 22355.8700
v 595.6825 900.6619 22355.8700
v 595.7454 900.6489 22355.8700
v 595.5547 900.6856 22355.8700
v 595.6179 900.6736 22355.8700
v 595.4266 900.7070 22355.8700
v 595.4899 900.6962 22355.8700
v 595.2981 900.7263 22355.8700
v 595.3616 900.7165 22355.8700
v 595.1693 900.7432 22355.8700
v 595.2329 900.7346 22355.8700
v 595.0402 900.7579 22355.8700
v 595.1039 900.7504 22355.8700
v 594.9108 900.7704 22355.8700
v 594.9747 900.7639 22355.8700
v 594.7813 900.7806 22355.8700
v 594.8453 900.7753 22355.8700
v 594.6516 900.7885 22355.8700
v 594.7157 900.7843 22355.8700
v 594.5219 900.7942 22355.8700
v 594.5860 900.7911 22355.8700
v 594.3920 900.7975 22355.8700
v 594.4561 900.7956 22355.8700
v 594.2620 900.7987 22355.8700
v 594.3262 900.7979 22355.8700
v 594.1321 900.7975 22355.8700
v 594.1963 900.7979 22355.8700
v 594.0022 900.7942 22355.8700
v 594.0664 900.7956 22355.8700
v 593.8724 900.7885 22355.8700
v 593.9366 900.7910 22355.8700
v 593.7427 900.7806 22355.8700
v 593.8068 900.7842 22355.8700
v 593.6132 900.7704 22355.8700
v 593.6772 900.7751 22355.8700
v 593.4838 900.7579 22355.8700
v 593.5478 900.7638 22355.8700
v 593.3547 900.7432 22355.8700
v 593.4186 900.7502 22355.8700
v 593.2260 900.7263 22355.8700
v 593.2897 900.7344 22355.8700
v 593.0974 900.7070 22355.8700
v 593.1610 900.7162 22355.8700
v 592.9693 900.6856 22355.8700
v 593.0327 900.6959 22355.8700
v 592.8416 900.6619 22355.8700
v 592.9047 900.6733 22355.8700
v 592.7142 900.6360 22355.8700
v 592.7772 900.6486 22355.8700
v 592.5873 900.6079 22355.8700
v 592.6501 900.6215 22355.8700
v 592.4610 900.5776 22355.8700
v 592.5235 900.5923 22355.8700
v 592.3352 900.5450 22355.8700
v 592.3975 900.5609 22355.8700
v 592.2100 900.5103 22355.8700
v 592.2720 900.5272 22355.8700
v 592.0854 900.4734 22355.8700
v 592.1471 900.4914 22355.8700
v 591.9615 900.4343 22355.8700
v 592.0228 900.4534 22355.8700
v 591.8383 900.3931 22355.8700
v 591.8993 900.4132 22355.8700
v 591.7158 900.3497 22355.8700
v 591.7765 900.3709 22355.8700
v 591.5941 900.3043 22355.8700
v 591.6544 900.3265 22355.8700
v 591.4733 900.2567 22355.8700
v 591.5331 900.2799 22355.8700
v 591.3532 900.2069 22355.8700
v 591.4127 900.2312 22355.8700
v 591.2341 900.1551 22355.8700
v 591.2930 900.1804 22355.8700
v 591.1158 900.1012 22355.8700
v 591.1744 900.1276 22355.8700
v 590.9985 900.0453 22355.8700
v 591.0566 900.0727 22355.8700
v 590.8823 899.9873 22355.8700
v 590.9399 900.0157 22355.8700
v 590.7670 899.9273 22355.8700
v 590.8241 899.9567 22355.8700
v 590.6528 899.8653 22355.8700
v 590.7094 899.8957 22355.8700
v 590.5397 899.8013 22355.8700
v 590.5958 899.8327 22355.8700
v 590.4278 899.7354 22355.8700
v 590.4833 899.7678 22355.8700
v 590.3170 899.6675 22355.8700
v 590.3719 899.7008 22355.8700
v 590.2075 899.5977 22355.8700
v 590.2617 899.6320 22355.8700
v 590.0991 899.5260 22355.8700
v 590.1528 899.5612 22355.8700
v 589.9920 899.4524 22355.8700
v 590.0451 899.4885 22355.8700
v 589.8862 899.3770 22355.8700
v 589.9387 899.4140 22355.8700
v 589.7818 899.2996 22355.8700
v 589.8336 899.3376 22355.8700
v 589.6787 899.2205 22355.8700
v 589.7298 899.2594 22355.8700
v 589.5770 899.1396 22355.8700
v 589.6274 899.1794 22355.8700
v 589.4767 899.0570 22355.8700
v 589.5265 899.0977 22355.8700
v 589.3779 898.9727 22355.8700
v 589.4269 899.0141 22355.8700
v 589.2806 898.8865 22355.8700
v 589.3289 898.9289 22355.8700
v 589.1849 898.7988 22355.8700
v 589.2324 898.8419 22355.8700
v 589.0906 898.7094 22355.8700
v 589.1374 898.7533 22355.8700
v 588.9979 898.6182 22355.8700
v 589.0439 898.6631 22355.8700
v 588.9069 898.5256 22355.8700
v 588.9521 898.5712 22355.8700
v 588.8174 898.4313 22355.8700
v 588.8618 898.4777 22355.8700
v 588.7296 898.3355 22355.8700
v 588.7733 898.3827 22355.8700
v 588.6436 898.2382 22355.8700
v 588.6863 898.2861 22355.8700
v 588.5591 898.1394 22355.8700
v 588.6011 898.1880 22355.8700
v 588.4765 898.0392 22355.8700
v 588.5176 898.0886 22355.8700
v 588.3956 897.9375 22355.8700
v 588.4359 897.9875 22355.8700
v 588.3165 897.8344 22355.8700
v 588.3558 897.8852 22355.8700
v 588.2393 897.7300 22355.8700
v 588.2776 897.7814 22355.8700
v 588.1638 897.6242 22355.8700
v 588.2013 897.6763 22355.8700
v 588.0902 897.5171 22355.8700
v 588.1268 897.5699 22355.8700
v 588.0185 897.4088 22355.8700
v 588.0542 897.4622 22355.8700
v 587.9487 897.2992 22355.8700
v 587.9834 897.3531 22355.8700
v 587.8808 897.1884 22355.8700
v 587.9146 897.2430 22355.8700
v 587.8149 897.0764 22355.8700
v 587.8477 897.1316 22355.8700
v 587.7509 896.9634 22355.8700
v 587.7827 897.0191 22355.8700
v 587.6889 896.8492 22355.8700
v 587.7198 896.9055 22355.8700
v 587.6289 896.7339 22355.8700
v 587.6588 896.7908 22355.8700
v 587.5709 896.6176 22355.8700
v 587.5998 896.6750 22355.8700
v 587.5150 896.5004 22355.8700
v 587.5428 896.5582 22355.8700
v 587.4611 896.3821 22355.8700
v 587.4880 896.4404 22355.8700
v 587.4093 896.2630 22355.8700
v 587.4351 896.3218 22355.8700
v 587.3596 896.1429 22355.8700
v 587.3844 896.2021 22355.8700
v 587.3120 896.0220 22355.8700
v 587.3358 896.0817 22355.8700
v 587.2664 895.9003 22355.8700
v 587.2892 895.9604 22355.8700
v 587.2231 895.7779 22355.8700
v 587.2448 895.8383 22355.8700
v 587.1818 895.6547 22355.8700
v 587.2025 895.7155 22355.8700
v 587.1428 895.5308 22355.8700
v 587.1624 895.5919 22355.8700
v 587.1058 895.4061 22355.8700
v 587.1244 895.4677 22355.8700
v 587.0712 895.2809 22355.8700
v 587.0886 895.3428 22355.8700
v 587.0386 895.1552 22355.8700
v 587.0549 895.2173 22355.8700
v 587.0083 895.0288 22355.8700
v 587.0236 895.0912 22355.8700
v 586.9802 894.9020 22355.8700
v 586.9943 894.9646 22355.8700
v 586.9542 894.7747 22355.8700
v 586.9673 894.8375 22355.8700
v 586.9305 894.6469 22355.8700
v 586.9426 894.7100 22355.8700
v 586.9091 894.5187 22355.8700
v 586.9200 894.5820 22355.8700
v 586.8899 894.3903 22355.8700
v 586.8997 894.4537 22355.8700
v 586.8730 894.2614 22355.8700
v 586.8817 894.3251 22355.8700
v 586.8583 894.1323 22355.8700
v 586.8658 894.1961 22355.8700
v 586.8458 894.0030 22355.8700
v 586.8522 894.0669 22355.8700
v 586.8356 893.8735 22355.8700
v 586.8409 893.9374 22355.8700
v 586.8277 893.7438 22355.8700
v 586.8318 893.8079 22355.8700
v 586.8220 893.6140 22355.8700
v 586.8251 893.6781 22355.8700
v 586.8186 893.4841 22355.8700
v 586.8206 893.5483 22355.8700
v 586.8174 893.3542 22355.8700
v 586.8183 893.4184 22355.8700
v 586.8186 893.2242 22355.8700
v 586.8184 893.2885 22355.8700
v 586.8220 893.0944 22355.8700
v 586.8206 893.1586 22355.8700
v 586.8277 892.9645 22355.8700
v 586.8251 893.0287 22355.8700
v 586.8356 892.8348 22355.8700
v 586.8320 892.8990 22355.8700
v 586.8458 892.7053 22355.8700
v 586.8411 892.7693 22355.8700
v 586.8583 892.5760 22355.8700
v 586.8524 892.6400 22355.8700
v 586.8730 892.4469 22355.8700
v 586.8660 892.5107 22355.8700
v 586.8899 892.3181 22355.8700
v 586.8818 892.3818 22355.8700
v 586.9091 892.1896 22355.8700
v 586.8999 892.2531 22355.8700
v 586.9305 892.0614 22355.8700
v 586.9202 892.1248 22355.8700
v 586.9542 891.9337 22355.8700
v 586.9428 891.9969 22355.8700
v 586.9802 891.8063 22355.8700
v 586.9677 891.8693 22355.8700
v 587.0083 891.6795 22355.8700
v 586.9946 891.7422 22355.8700
v 587.0386 891.5532 22355.8700
v 587.0239 891.6157 22355.8700
v 587.0712 891.4274 22355.8700
v 587.0554 891.4896 22355.8700
v 587.1058 891.3022 22355.8700
v 587.0890 891.3641 22355.8700
v 587.1428 891.1776 22355.8700
v 587.1248 891.2393 22355.8700
v 587.1818 891.0536 22355.8700
v 587.1628 891.1150 22355.8700
v 587.2231 890.9305 22355.8700
v 587.2029 890.9915 22355.8700
v 587.2664 890.8080 22355.8700
v 587.2452 890.8686 22355.8700
v 587.3120 890.6863 22355.8700
v 587.2897 890.7465 22355.8700
v 587.3596 890.5654 22355.8700
v 587.3363 890.6252 22355.8700
v 587.4093 890.4453 22355.8700
v 587.3849 890.5048 22355.8700
v 587.4611 890.3262 22355.8700
v 587.4357 890.3852 22355.8700
v 587.5150 890.2079 22355.8700
v 587.4886 890.2665 22355.8700
v 587.5709 890.0907 22355.8700
v 587.5435 890.1487 22355.8700
v 587.6289 889.9744 22355.8700
v 587.6005 890.0320 22355.8700
v 587.6889 889.8591 22355.8700
v 587.6595 889.9163 22355.8700
v 587.7509 889.7450 22355.8700
v 587.7205 889.8015 22355.8700
v 587.8149 889.6319 22355.8700
v 587.7835 889.6879 22355.8700
v 587.8808 889.5200 22355.8700
v 587.8484 889.5754 22355.8700
v 587.9487 889.4091 22355.8700
v 587.9154 889.4641 22355.8700
v 588.0185 889.2996 22355.8700
v 587.9843 889.3539 22355.8700
v 588.0902 889.1912 22355.8700
v 588.0550 889.2449 22355.8700
v 588.1638 889.0842 22355.8700
v 588.1277 889.1372 22355.8700
v 588.2393 888.9783 22355.8700
v 588.2022 889.0308 22355.8700
v 588.3165 888.8739 22355.8700
v 588.2786 888.9257 22355.8700
v 588.3956 888.7708 22355.8700
v 588.3568 888.8220 22355.8700
v 588.4765 888.6691 22355.8700
v 588.4368 888.7196 22355.8700
v 588.5591 888.5689 22355.8700
v 588.5186 888.6187 22355.8700
v 588.6436 888.4701 22355.8700
v 588.6021 888.5191 22355.8700
v 588.7296 888.3728 22355.8700
v 588.6873 888.4211 22355.8700
v 588.8174 888.2770 22355.8700
v 588.7742 888.3245 22355.8700
v 588.9069 888.1827 22355.8700
v 588.8629 888.2295 22355.8700
v 588.9979 888.0901 22355.8700
v 588.9531 888.1360 22355.8700
v 589.0906 887.9990 22355.8700
v 589.0450 888.0442 22355.8700
v 589.1849 887.9095 22355.8700
v 589.1385 887.9540 22355.8700
v 589.2806 887.8218 22355.8700
v 589.2335 887.8654 22355.8700
v 589.3779 887.7357 22355.8700
v 589.3301 887.7784 22355.8700
v 589.4767 887.6513 22355.8700
v 589.4281 887.6932 22355.8700
v 589.5770 887.5687 22355.8700
v 589.5276 887.6097 22355.8700
v 589.6787 887.4878 22355.8700
v 589.6286 887.5280 22355.8700
v 589.7818 887.4087 22355.8700
v 589.7310 887.4480 22355.8700
v 589.8862 887.3314 22355.8700
v 589.8348 887.3698 22355.8700
v 589.9920 887.2559 22355.8700
v 589.9399 887.2935 22355.8700
v 590.0991 887.1824 22355.8700
v 590.0463 887.2189 22355.8700
v 590.2075 887.1107 22355.8700
v 590.1541 887.1463 22355.8700
v 590.3170 887.0408 22355.8700
v 590.2630 887.0756 22355.8700
v 590.4278 886.9730 22355.8700
v 590.3732 887.0067 22355.8700
v 590.5397 886.9070 22355.8700
v 590.4846 886.9398 22355.8700
v 590.6528 886.8430 22355.8700
v 590.5971 886.8749 22355.8700
v 590.7670 886.7810 22355.8700
v 590.7107 886.8119 22355.8700
v 590.8823 886.7210 22355.8700
v 590.8254 886.7509 22355.8700
v 590.9985 886.6630 22355.8700
v 590.9412 886.6920 22355.8700
v 591.1158 886.6071 22355.8700
v 591.0580 886.6350 22355.8700
v 591.2341 886.5532 22355.8700
v 591.1757 886.5801 22355.8700
v 591.3532 886.5014 22355.8700
v 591.2944 886.5273 22355.8700
v 591.4733 886.4517 22355.8700
v 591.4140 886.4765 22355.8700
v 591.5941 886.4041 22355.8700
v 591.5345 886.4279 22355.8700
v 591.7158 886.3586 22355.8700
v 591.6558 886.3813 22355.8700
v 591.8383 886.3152 22355.8700
v 591.7779 886.3369 22355.8700
v 591.9615 886.2740 22355.8700
v 591.9007 886.2946 22355.8700
v 592.0854 886.2349 22355.8700
v 592.0243 886.2545 22355.8700
v 592.2100 886.1980 22355.8700
v 592.1486 886.2165 22355.8700
v 592.3352 886.1633 22355.8700
v 592.2734 886.1807 22355.8700
v 592.4610 886.1307 22355.8700
v 592.3989 886.1471 22355.8700
v 592.5873 886.1004 22355.8700
v 592.5250 886.1157 22355.8700
v 592.7142 886.0723 22355.8700
v 592.6516 886.0865 22355.8700
v 592.8416 886.0464 22355.8700
v 592.7787 886.0594 22355.8700
v 592.9693 886.0227 22355.8700
v 592.9062 886.0347 22355.8700
v 593.0974 886.0013 22355.8700
v 593.0342 886.0121 22355.8700
v 593.2260 885.9821 22355.8700
v 593.1625 885.9918 22355.8700
v 593.3547 885.9651 22355.8700
v 593.2911 885.9738 22355.8700
v 593.4838 885.9504 22355.8700
v 593.4201 885.9579 22355.8700
v 593.6132 885.9379 22355.8700
v 593.5493 885.9444 22355.8700
v 593.7427 885.9277 22355.8700
v 593.6787 885.9330 22355.8700
v 593.8724 885.9198 22355.8700
v 593.8083 885.9240 22355.8700
v 594.0022 885.9141 22355.8700
v 593.9380 885.9172 22355.8700
v 594.1321 885.9108 22355.8700
v 594.0679 885.9127 22355.8700
v 594.2620 885.9096 22355.8700
v 594.1978 885.9105 22355.8700
v 594.3920 885.9108 22355.8700
v 594.3278 885.9105 22355.8700
v 594.5219 885.9141 22355.8700
v 594.4576 885.9127 22355.8700
v 594.6516 885.9198 22355.8700
v 594.5875 885.9173 22355.8700
v 594.7813 885.9277 22355.8700
v 594.7172 885.9241 22355.8700
v 594.9108 885.9379 22355.8700
v 594.8468 885.9332 22355.8700
v 595.0402 885.9504 22355.8700
v 594.9763 885.9445 22355.8700
v 595.1693 885.9651 22355.8700
v 595.1055 885.9581 22355.8700
v 595.2981 885.9821 22355.8700
v 595.2344 885.9739 22355.8700
v 595.4266 886.0013 22355.8700
v 595.3630 885.9921 22355.8700
v 595.5547 886.0227 22355.8700
v 595.4914 886.0124 22355.8700
v 595.6825 886.0464 22355.8700
v 595.6193 886.0350 22355.8700
v 595.8098 886.0723 22355.8700
v 595.7468 886.0598 22355.8700
v 595.9367 886.1004 22355.8700
v 595.8739 886.0868 22355.8700
v 596.0630 886.1307 22355.8700
v 596.0005 886.1160 22355.8700
v 596.1888 886.1633 22355.8700
v 596.1266 886.1475 22355.8700
v 596.3140 886.1980 22355.8700
v 596.2521 886.1811 22355.8700
v 596.4386 886.2349 22355.8700
v 596.3770 886.2169 22355.8700
v 596.5625 886.2740 22355.8700
v 596.5012 886.2549 22355.8700
v 596.6857 886.3152 22355.8700
v 596.6248 886.2951 22355.8700
v 596.8082 886.3586 22355.8700
v 596.7476 886.3374 22355.8700
v 596.9299 886.4041 22355.8700
v 596.8697 886.3818 22355.8700
v 597.0508 886.4517 22355.8700
v 596.9910 886.4284 22355.8700
v 597.1708 886.5014 22355.8700
v 597.1114 886.4771 22355.8700
v 597.2900 886.5532 22355.8700
v 597.2310 886.5279 22355.8700
v 597.4082 886.6071 22355.8700
v 597.3497 886.5807 22355.8700
v 597.5255 886.6630 22355.8700
v 597.4674 886.6357 22355.8700
v 597.6418 886.7210 22355.8700
v 597.5842 886.6926 22355.8700
v 597.7570 886.7810 22355.8700
v 597.7000 886.7516 22355.8700
v 597.8712 886.8430 22355.8700
v 597.8146 886.8126 22355.8700
v 597.9843 886.9070 22355.8700
v 597.9283 886.8756 22355.8700
v 598.0963 886.9730 22355.8700
v 598.0408 886.9406 22355.8700
v 598.2070 887.0408 22355.8700
v 598.1522 887.0075 22355.8700
v 598.3166 887.1107 22355.8700
v 598.2623 887.0764 22355.8700
v 598.4250 887.1824 22355.8700
v 598.3713 887.1472 22355.8700
v 598.5320 887.2559 22355.8700
v 598.4789 887.2198 22355.8700
v 598.6378 887.3314 22355.8700
v 598.5854 887.2943 22355.8700
v 598.7422 887.4087 22355.8700
v 598.6905 887.3707 22355.8700
v 598.8453 887.4878 22355.8700
v 598.7943 887.4489 22355.8700
v 598.9470 887.5687 22355.8700
v 598.8966 887.5289 22355.8700
v 599.0473 887.6513 22355.8700
v 598.9976 887.6107 22355.8700
v 599.1461 887.7357 22355.8700
v 599.0970 887.6942 22355.8700
v 599.2434 887.8218 22355.8700
v 599.1951 887.7794 22355.8700
v 599.3392 887.9095 22355.8700
v 599.2917 887.8664 22355.8700
v 599.4335 887.9990 22355.8700
v 599.3867 887.9550 22355.8700
v 599.5261 888.0901 22355.8700
v 599.4801 888.0453 22355.8700
v 599.6172 888.1827 22355.8700
v 599.5720 888.1371 22355.8700
v 599.7066 888.2770 22355.8700
v 599.6622 888.2306 22355.8700
v 599.7944 888.3728 22355.8700
v 599.7508 888.3256 22355.8700
v 599.8805 888.4701 22355.8700
v 599.8377 888.4222 22355.8700
v 599.9649 888.5689 22355.8700
v 599.9230 888.5203 22355.8700
v 600.0475 888.6691 22355.8700
v 600.0065 888.6198 22355.8700
v 600.1284 888.7708 22355.8700
v 600.0882 888.7208 22355.8700
v 600.2075 888.8739 22355.8700
v 600.1682 888.8231 22355.8700
v 600.2848 888.9783 22355.8700
v 600.2463 888.9269 22355.8700
v 600.3602 889.0842 22355.8700
v 600.3227 889.0320 22355.8700
v 600.4338 889.1912 22355.8700
v 600.3972 889.1385 22355.8700
v 600.5056 889.2996 22355.8700
v 600.4698 889.2462 22355.8700
v 600.5754 889.4091 22355.8700
v 600.5406 889.3552 22355.8700
v 600.6432 889.5200 22355.8700
v 600.6094 889.4653 22355.8700
v 600.7092 889.6319 22355.8700
v 600.6763 889.5767 22355.8700
v 600.7732 889.7450 22355.8700
v 600.7413 889.6892 22355.8700
v 600.8351 889.8591 22355.8700
v 600.8043 889.8029 22355.8700
v 600.8951 889.9744 22355.8700
v 600.8652 889.9176 22355.8700
v 600.9531 890.0907 22355.8700
v 600.9243 890.0333 22355.8700
v 601.0091 890.2079 22355.8700
v 600.9812 890.1501 22355.8700
v 601.0629 890.3262 22355.8700
v 601.0361 890.2679 22355.8700
v 601.1147 890.4453 22355.8700
v 601.0889 890.3866 22355.8700
v 601.1645 890.5654 22355.8700
v 601.1396 890.5062 22355.8700
v 601.2121 890.6863 22355.8700
v 601.1883 890.6266 22355.8700
v 601.2576 890.8080 22355.8700
v 601.2349 890.7479 22355.8700
v 601.3010 890.9305 22355.8700
v 601.2793 890.8700 22355.8700
v 601.3422 891.0536 22355.8700
v 601.3216 890.9929 22355.8700
v 601.3813 891.1776 22355.8700
v 601.3617 891.1165 22355.8700
v 601.4182 891.3022 22355.8700
v 601.3997 891.2407 22355.8700
v 601.4529 891.4274 22355.8700
v 601.4355 891.3655 22355.8700
v 601.4854 891.5532 22355.8700
v 601.4691 891.4911 22355.8700
v 601.5157 891.6795 22355.8700
v 601.5005 891.6171 22355.8700
v 601.5439 891.8063 22355.8700
v 601.5297 891.7437 22355.8700
v 601.5698 891.9337 22355.8700
v 601.5567 891.8708 22355.8700
v 601.5934 892.0614 22355.8700
v 601.5815 891.9984 22355.8700
v 601.6149 892.1896 22355.8700
v 601.6041 892.1263 22355.8700
v 601.6341 892.3181 22355.8700
v 601.6243 892.2546 22355.8700
v 601.6511 892.4469 22355.8700
v 601.6424 892.3832 22355.8700
v 601.6658 892.5760 22355.8700
v 601.6583 892.5122 22355.8700
v 601.6782 892.7053 22355.8700
v 601.6718 892.6414 22355.8700
v 601.6884 892.8348 22355.8700
v 601.6831 892.7709 22355.8700
v 601.6964 892.9645 22355.8700
v 601.6921 892.9005 22355.8700
v 601.7020 893.0944 22355.8700
v 601.6990 893.0302 22355.8700
v 601.7054 893.2242 22355.8700
v 601.7035 893.1600 22355.8700
v 601.7057 893.2900 22355.8700
v 601.7065 893.3542 22460.0500
v 601.7054 893.2242 22460.0500
v 601.7063 893.2885 22460.0500
v 601.7020 893.0944 22460.0500
v 601.7040 893.1585 22460.0500
v 601.6964 892.9645 22460.0500
v 601.6995 893.0287 22460.0500
v 601.6884 892.8348 22460.0500
v 601.6926 892.8989 22460.0500
v 601.6782 892.7053 22460.0500
v 601.6836 892.7693 22460.0500
v 601.6658 892.5760 22460.0500
v 601.6722 892.6399 22460.0500
v 601.6511 892.4469 22460.0500
v 601.6586 892.5107 22460.0500
v 601.6341 892.3181 22460.0500
v 601.6428 892.3817 22460.0500
v 601.6149 892.1896 22460.0500
v 601.6247 892.2531 22460.0500
v 601.5934 892.0614 22460.0500
v 601.6044 892.1247 22460.0500
v 601.5698 891.9337 22460.0500
v 601.5818 891.9968 22460.0500
v 601.5439 891.8063 22460.0500
v 601.5569 891.8692 22460.0500
v 601.5157 891.6795 22460.0500
v 601.5300 891.7421 22460.0500
v 601.4854 891.5532 22460.0500
v 601.5007 891.6155 22460.0500
v 601.4529 891.4274 22460.0500
v 601.4692 891.4894 22460.0500
v 601.4182 891.3022 22460.0500
v 601.4356 891.3640 22460.0500
v 601.3813 891.1776 22460.0500
v 601.3998 891.2391 22460.0500
v 601.3422 891.0536 22460.0500
v 601.3618 891.1148 22460.0500
v 601.3010 890.9305 22460.0500
v 601.3217 890.9913 22460.0500
v 601.2576 890.8080 22460.0500
v 601.2793 890.8684 22460.0500
v 601.2121 890.6863 22460.0500
v 601.2349 890.7463 22460.0500
v 601.1645 890.5654 22460.0500
v 601.1883 890.6250 22460.0500
v 601.1147 890.4453 22460.0500
v 601.1396 890.5046 22460.0500
v 601.0629 890.3262 22460.0500
v 601.0888 890.3849 22460.0500
v 601.0091 890.2079 22460.0500
v 601.0359 890.2663 22460.0500
v 600.9531 890.0907 22460.0500
v 600.9810 890.1485 22460.0500
v 600.8951 889.9744 22460.0500
v 600.9241 890.0317 22460.0500
v 600.8351 889.8591 22460.0500
v 600.8651 889.9160 22460.0500
v 600.7732 889.7450 22460.0500
v 600.8041 889.8013 22460.0500
v 600.7092 889.6319 22460.0500
v 600.7411 889.6876 22460.0500
v 600.6432 889.5200 22460.0500
v 600.6761 889.5751 22460.0500
v 600.5754 889.4091 22460.0500
v 600.6091 889.4637 22460.0500
v 600.5056 889.2996 22460.0500
v 600.5403 889.3536 22460.0500
v 600.4338 889.1912 22460.0500
v 600.4695 889.2446 22460.0500
v 600.3602 889.0842 22460.0500
v 600.3969 889.1369 22460.0500
v 600.2848 888.9783 22460.0500
v 600.3223 889.0305 22460.0500
v 600.2075 888.8739 22460.0500
v 600.2459 888.9254 22460.0500
v 600.1284 888.7708 22460.0500
v 600.1677 888.8216 22460.0500
v 600.0475 888.6691 22460.0500
v 600.0877 888.7192 22460.0500
v 599.9649 888.5689 22460.0500
v 600.0059 888.6183 22460.0500
v 599.8805 888.4701 22460.0500
v 599.9224 888.5187 22460.0500
v 599.7944 888.3728 22460.0500
v 599.8372 888.4207 22460.0500
v 599.7066 888.2770 22460.0500
v 599.7502 888.3242 22460.0500
v 599.6172 888.1827 22460.0500
v 599.6616 888.2291 22460.0500
v 599.5261 888.0901 22460.0500
v 599.5714 888.1357 22460.0500
v 599.4335 887.9990 22460.0500
v 599.4794 888.0438 22460.0500
v 599.3392 887.9095 22460.0500
v 599.3860 887.9536 22460.0500
v 599.2434 887.8218 22460.0500
v 599.2910 887.8649 22460.0500
v 599.1461 887.7357 22460.0500
v 599.1944 887.7780 22460.0500
v 599.0473 887.6513 22460.0500
v 599.0963 887.6928 22460.0500
v 598.9470 887.5687 22460.0500
v 598.9968 887.6093 22460.0500
v 598.8453 887.4878 22460.0500
v 598.8958 887.5275 22460.0500
v 598.7422 887.4087 22460.0500
v 598.7934 887.4476 22460.0500
v 598.6378 887.3314 22460.0500
v 598.6896 887.3694 22460.0500
v 598.5320 887.2559 22460.0500
v 598.5845 887.2930 22460.0500
v 598.4250 887.1824 22460.0500
v 598.4780 887.2185 22460.0500
v 598.3166 887.1107 22460.0500
v 598.3703 887.1458 22460.0500
v 598.2070 887.0408 22460.0500
v 598.2614 887.0751 22460.0500
v 598.0963 886.9730 22460.0500
v 598.1511 887.0062 22460.0500
v 597.9843 886.9070 22460.0500
v 598.0398 886.9393 22460.0500
v 597.8712 886.8430 22460.0500
v 597.9272 886.8744 22460.0500
v 597.7570 886.7810 22460.0500
v 597.8136 886.8114 22460.0500
v 597.6418 886.7210 22460.0500
v 597.6989 886.7504 22460.0500
v 597.5255 886.6630 22460.0500
v 597.5831 886.6915 22460.0500
v 597.4082 886.6071 22460.0500
v 597.4663 886.6345 22460.0500
v 597.2900 886.5532 22460.0500
v 597.3486 886.5796 22460.0500
v 597.1708 886.5014 22460.0500
v 597.2299 886.5267 22460.0500
v 597.0508 886.4517 22460.0500
v 597.1102 886.4760 22460.0500
v 596.9299 886.4041 22460.0500
v 596.9897 886.4274 22460.0500
v 596.8082 886.3586 22460.0500
v 596.8685 886.3808 22460.0500
v 596.6857 886.3152 22460.0500
v 596.7463 886.3364 22460.0500
v 596.5625 886.2740 22460.0500
v 596.6235 886.2941 22460.0500
v 596.4386 886.2349 22460.0500
v 596.4999 886.2540 22460.0500
v 596.3140 886.1980 22460.0500
v 596.3757 886.2159 22460.0500
v 596.1888 886.1633 22460.0500
v 596.2508 886.1802 22460.0500
v 596.0630 886.1307 22460.0500
v 596.1252 886.1465 22460.0500
v 595.9367 886.1004 22460.0500
v 595.9992 886.1151 22460.0500
v 595.8098 886.0723 22460.0500
v 595.8726 886.0859 22460.0500
v 595.6825 886.0464 22460.0500
v 595.7455 886.0589 22460.0500
v 595.5547 886.0227 22460.0500
v 595.6179 886.0341 22460.0500
v 595.4266 886.0013 22460.0500
v 595.4900 886.0116 22460.0500
v 595.2981 885.9821 22460.0500
v 595.3616 885.9913 22460.0500
v 595.1693 885.9651 22460.0500
v 595.2330 885.9732 22460.0500
v 595.0402 885.9504 22460.0500
v 595.1040 885.9574 22460.0500
v 594.9108 885.9379 22460.0500
v 594.9748 885.9438 22460.0500
v 594.7813 885.9277 22460.0500
v 594.8453 885.9325 22460.0500
v 594.6516 885.9198 22460.0500
v 594.7158 885.9235 22460.0500
v 594.5219 885.9141 22460.0500
v 594.5860 885.9167 22460.0500
v 594.3920 885.9108 22460.0500
v 594.4562 885.9122 22460.0500
v 594.2620 885.9096 22460.0500
v 594.3262 885.9099 22460.0500
v 594.1321 885.9108 22460.0500
v 594.1963 885.9099 22460.0500
v 594.0022 885.9141 22460.0500
v 594.0664 885.9122 22460.0500
v 593.8724 885.9198 22460.0500
v 593.9365 885.9167 22460.0500
v 593.7427 885.9277 22460.0500
v 593.8068 885.9235 22460.0500
v 593.6132 885.9379 22460.0500
v 593.6772 885.9326 22460.0500
v 593.4838 885.9504 22460.0500
v 593.5477 885.9440 22460.0500
v 593.3547 885.9651 22460.0500
v 593.4185 885.9575 22460.0500
v 593.2260 885.9821 22460.0500
v 593.2896 885.9734 22460.0500
v 593.0974 886.0013 22460.0500
v 593.1609 885.9915 22460.0500
v 592.9693 886.0227 22460.0500
v 593.0326 886.0118 22460.0500
v 592.8416 886.0464 22460.0500
v 592.9046 886.0344 22460.0500
v 592.7142 886.0723 22460.0500
v 592.7771 886.0592 22460.0500
v 592.5873 886.1004 22460.0500
v 592.6500 886.0862 22460.0500
v 592.4610 886.1307 22460.0500
v 592.5234 886.1155 22460.0500
v 592.3352 886.1633 22460.0500
v 592.3973 886.1469 22460.0500
v 592.2100 886.1980 22460.0500
v 592.2719 886.1805 22460.0500
v 592.0854 886.2349 22460.0500
v 592.1469 886.2164 22460.0500
v 591.9615 886.2740 22460.0500
v 592.0227 886.2544 22460.0500
v 591.8383 886.3152 22460.0500
v 591.8991 886.2946 22460.0500
v 591.7158 886.3586 22460.0500
v 591.7762 886.3369 22460.0500
v 591.5941 886.4041 22460.0500
v 591.6542 886.3813 22460.0500
v 591.4733 886.4517 22460.0500
v 591.5329 886.4279 22460.0500
v 591.3532 886.5014 22460.0500
v 591.4124 886.4766 22460.0500
v 591.2341 886.5532 22460.0500
v 591.2928 886.5273 22460.0500
v 591.1158 886.6071 22460.0500
v 591.1741 886.5802 22460.0500
v 590.9985 886.6630 22460.0500
v 591.0564 886.6351 22460.0500
v 590.8823 886.7210 22460.0500
v 590.9396 886.6921 22460.0500
v 590.7670 886.7810 22460.0500
v 590.8239 886.7511 22460.0500
v 590.6528 886.8430 22460.0500
v 590.7091 886.8121 22460.0500
v 590.5397 886.9070 22460.0500
v 590.5955 886.8751 22460.0500
v 590.4278 886.9730 22460.0500
v 590.4830 886.9401 22460.0500
v 590.3170 887.0408 22460.0500
v 590.3716 887.0070 22460.0500
v 590.2075 887.1107 22460.0500
v 590.2614 887.0759 22460.0500
v 590.0991 887.1824 22460.0500
v 590.1525 887.1467 22460.0500
v 589.9920 887.2559 22460.0500
v 590.0447 887.2194 22460.0500
v 589.8862 887.3314 22460.0500
v 589.9384 887.2939 22460.0500
v 589.7818 887.4087 22460.0500
v 589.8333 887.3702 22460.0500
v 589.6787 887.4878 22460.0500
v 589.7295 887.4485 22460.0500
v 589.5770 887.5687 22460.0500
v 589.6271 887.5284 22460.0500
v 589.4767 887.6513 22460.0500
v 589.5261 887.6102 22460.0500
v 589.3779 887.7357 22460.0500
v 589.4266 887.6938 22460.0500
v 589.2806 887.8218 22460.0500
v 589.3286 887.7790 22460.0500
v 589.1849 887.9095 22460.0500
v 589.2320 887.8660 22460.0500
v 589.0906 887.9990 22460.0500
v 589.1370 887.9546 22460.0500
v 588.9979 888.0901 22460.0500
v 589.0435 888.0449 22460.0500
v 588.9069 888.1827 22460.0500
v 588.9517 888.1367 22460.0500
v 588.8174 888.2770 22460.0500
v 588.8615 888.2302 22460.0500
v 588.7296 888.3728 22460.0500
v 588.7728 888.3253 22460.0500
v 588.6436 888.4701 22460.0500
v 588.6859 888.4218 22460.0500
v 588.5591 888.5689 22460.0500
v 588.6006 888.5199 22460.0500
v 588.4765 888.6691 22460.0500
v 588.5172 888.6194 22460.0500
v 588.3956 888.7708 22460.0500
v 588.4354 888.7204 22460.0500
v 588.3165 888.8739 22460.0500
v 588.3554 888.8228 22460.0500
v 588.2393 888.9783 22460.0500
v 588.2772 888.9266 22460.0500
v 588.1638 889.0842 22460.0500
v 588.2009 889.0317 22460.0500
v 588.0902 889.1912 22460.0500
v 588.1263 889.1381 22460.0500
v 588.0185 889.2996 22460.0500
v 588.0537 889.2458 22460.0500
v 587.9487 889.4091 22460.0500
v 587.9830 889.3549 22460.0500
v 587.8808 889.5200 22460.0500
v 587.9141 889.4650 22460.0500
v 587.8149 889.6319 22460.0500
v 587.8472 889.5764 22460.0500
v 587.7509 889.7450 22460.0500
v 587.7822 889.6890 22460.0500
v 587.6889 889.8591 22460.0500
v 587.7192 889.8026 22460.0500
v 587.6289 889.9744 22460.0500
v 587.6583 889.9173 22460.0500
v 587.5709 890.0907 22460.0500
v 587.5993 890.0331 22460.0500
v 587.5150 890.2079 22460.0500
v 587.5424 890.1499 22460.0500
v 587.4611 890.3262 22460.0500
v 587.4875 890.2676 22460.0500
v 587.4093 890.4453 22460.0500
v 587.4346 890.3864 22460.0500
v 587.3596 890.5654 22460.0500
v 587.3839 890.5059 22460.0500
v 587.3120 890.6863 22460.0500
v 587.3352 890.6264 22460.0500
v 587.2664 890.8080 22460.0500
v 587.2886 890.7477 22460.0500
v 587.2231 890.9305 22460.0500
v 587.2442 890.8698 22460.0500
v 587.1818 891.0536 22460.0500
v 587.2020 890.9927 22460.0500
v 587.1428 891.1776 22460.0500
v 587.1618 891.1163 22460.0500
v 587.1058 891.3022 22460.0500
v 587.1238 891.2405 22460.0500
v 587.0712 891.4274 22460.0500
v 587.0880 891.3654 22460.0500
v 587.0386 891.5532 22460.0500
v 587.0544 891.4909 22460.0500
v 587.0083 891.6795 22460.0500
v 587.0230 891.6170 22460.0500
v 586.9802 891.8063 22460.0500
v 586.9938 891.7436 22460.0500
v 586.9542 891.9337 22460.0500
v 586.9668 891.8707 22460.0500
v 586.9305 892.0614 22460.0500
v 586.9420 891.9982 22460.0500
v 586.9091 892.1896 22460.0500
v 586.9194 892.1262 22460.0500
v 586.8899 892.3181 22460.0500
v 586.8991 892.2545 22460.0500
v 586.8730 892.4469 22460.0500
v 586.8810 892.3832 22460.0500
v 586.8583 892.5760 22460.0500
v 586.8652 892.5121 22460.0500
v 586.8458 892.7053 22460.0500
v 586.8517 892.6414 22460.0500
v 586.8356 892.8348 22460.0500
v 586.8403 892.7708 22460.0500
v 586.8277 892.9645 22460.0500
v 586.8313 892.9005 22460.0500
v 586.8220 893.0944 22460.0500
v 586.8245 893.0302 22460.0500
v 586.8186 893.2242 22460.0500
v 586.8200 893.1600 22460.0500
v 586.8174 893.3542 22460.0500
v 586.8177 893.2899 22460.0500
v 586.8186 893.4841 22460.0500
v 586.8177 893.4199 22460.0500
v 586.8220 893.6140 22460.0500
v 586.8201 893.5498 22460.0500
v 586.8277 893.7438 22460.0500
v 586.8246 893.6796 22460.0500
v 586.8356 893.8735 22460.0500
v 586.8314 893.8094 22460.0500
v 586.8458 894.0030 22460.0500
v 586.8405 893.9390 22460.0500
v 586.8583 894.1323 22460.0500
v 586.8518 894.0684 22460.0500
v 586.8730 894.2614 22460.0500
v 586.8654 894.1976 22460.0500
v 586.8899 894.3903 22460.0500
v 586.8813 894.3266 22460.0500
v 586.9091 894.5187 22460.0500
v 586.8994 894.4553 22460.0500
v 586.9305 894.6469 22460.0500
v 586.9197 894.5836 22460.0500
v 586.9542 894.7747 22460.0500
v 586.9423 894.7115 22460.0500
v 586.9802 894.9020 22460.0500
v 586.9671 894.8391 22460.0500
v 587.0083 895.0288 22460.0500
v 586.9941 894.9662 22460.0500
v 587.0386 895.1552 22460.0500
v 587.0233 895.0928 22460.0500
v 587.0712 895.2809 22460.0500
v 587.0548 895.2189 22460.0500
v 587.1058 895.4061 22460.0500
v 587.0884 895.3444 22460.0500
v 587.1428 895.5308 22460.0500
v 587.1243 895.4692 22460.0500
v 587.1818 895.6547 22460.0500
v 587.1622 895.5935 22460.0500
v 587.2231 895.7779 22460.0500
v 587.2024 895.7170 22460.0500
v 587.2664 895.9003 22460.0500
v 587.2448 895.8399 22460.0500
v 587.3120 896.0220 22460.0500
v 587.2892 895.9620 22460.0500
v 587.3596 896.1429 22460.0500
v 587.3358 896.0833 22460.0500
v 587.4093 896.2630 22460.0500
v 587.3845 896.2037 22460.0500
v 587.4611 896.3821 22460.0500
v 587.4352 896.3234 22460.0500
v 587.5150 896.5004 22460.0500
v 587.4881 896.4421 22460.0500
v 587.5709 896.6176 22460.0500
v 587.5430 896.5598 22460.0500
v 587.6289 896.7339 22460.0500
v 587.6000 896.6766 22460.0500
v 587.6889 896.8492 22460.0500
v 587.6590 896.7924 22460.0500
v 587.7509 896.9634 22460.0500
v 587.7200 896.9070 22460.0500
v 587.8149 897.0764 22460.0500
v 587.7830 897.0207 22460.0500
v 587.8808 897.1884 22460.0500
v 587.8480 897.1332 22460.0500
v 587.9487 897.2992 22460.0500
v 587.9149 897.2446 22460.0500
v 588.0185 897.4088 22460.0500
v 587.9838 897.3547 22460.0500
v 588.0902 897.5171 22460.0500
v 588.0545 897.4637 22460.0500
v 588.1638 897.6242 22460.0500
v 588.1272 897.5714 22460.0500
v 588.2393 897.7300 22460.0500
v 588.2017 897.6779 22460.0500
v 588.3165 897.8344 22460.0500
v 588.2781 897.7830 22460.0500
v 588.3956 897.9375 22460.0500
v 588.3563 897.8867 22460.0500
v 588.4765 898.0392 22460.0500
v 588.4363 897.9891 22460.0500
v 588.5591 898.1394 22460.0500
v 588.5181 898.0900 22460.0500
v 588.6436 898.2382 22460.0500
v 588.6016 898.1896 22460.0500
v 588.7296 898.3355 22460.0500
v 588.6869 898.2877 22460.0500
v 588.8174 898.4313 22460.0500
v 588.7738 898.3842 22460.0500
v 588.9069 898.5256 22460.0500
v 588.8624 898.4792 22460.0500
v 588.9979 898.6182 22460.0500
v 588.9527 898.5726 22460.0500
v 589.0906 898.7094 22460.0500
v 589.0446 898.6645 22460.0500
v 589.1849 898.7988 22460.0500
v 589.1381 898.7548 22460.0500
v 589.2806 898.8865 22460.0500
v 589.2331 898.8434 22460.0500
v 589.3779 898.9727 22460.0500
v 589.3297 898.9303 22460.0500
v 589.4767 899.0570 22460.0500
v 589.4277 899.0155 22460.0500
v 589.5770 899.1396 22460.0500
v 589.5273 899.0991 22460.0500
v 589.6787 899.2205 22460.0500
v 589.6283 899.1808 22460.0500
v 589.7818 899.2996 22460.0500
v 589.7307 899.2608 22460.0500
v 589.8862 899.3770 22460.0500
v 589.8344 899.3390 22460.0500
v 589.9920 899.4524 22460.0500
v 589.9396 899.4153 22460.0500
v 590.0991 899.5260 22460.0500
v 590.0460 899.4898 22460.0500
v 590.2075 899.5977 22460.0500
v 590.1537 899.5625 22460.0500
v 590.3170 899.6675 22460.0500
v 590.2627 899.6332 22460.0500
v 590.4278 899.7354 22460.0500
v 590.3729 899.7021 22460.0500
v 590.5397 899.8013 22460.0500
v 590.4843 899.7690 22460.0500
v 590.6528 899.8653 22460.0500
v 590.5968 899.8339 22460.0500
v 590.7670 899.9273 22460.0500
v 590.7104 899.8969 22460.0500
v 590.8823 899.9873 22460.0500
v 590.8252 899.9579 22460.0500
v 590.9985 900.0453 22460.0500
v 590.9410 900.0169 22460.0500
v 591.1158 900.1012 22460.0500
v 591.0577 900.0739 22460.0500
v 591.2341 900.1551 22460.0500
v 591.1755 900.1287 22460.0500
v 591.3532 900.2069 22460.0500
v 591.2942 900.1816 22460.0500
v 591.4733 900.2567 22460.0500
v 591.4138 900.2323 22460.0500
v 591.5941 900.3043 22460.0500
v 591.5343 900.2809 22460.0500
v 591.7158 900.3497 22460.0500
v 591.6556 900.3275 22460.0500
v 591.8383 900.3931 22460.0500
v 591.7777 900.3719 22460.0500
v 591.9615 900.4343 22460.0500
v 591.9006 900.4142 22460.0500
v 592.0854 900.4734 22460.0500
v 592.0241 900.4544 22460.0500
v 592.2100 900.5103 22460.0500
v 592.1484 900.4924 22460.0500
v 592.3352 900.5450 22460.0500
v 592.2733 900.5281 22460.0500
v 592.4610 900.5776 22460.0500
v 592.3988 900.5618 22460.0500
v 592.5873 900.6079 22460.0500
v 592.5248 900.5932 22460.0500
v 592.7142 900.6360 22460.0500
v 592.6515 900.6224 22460.0500
v 592.8416 900.6619 22460.0500
v 592.7786 900.6494 22460.0500
v 592.9693 900.6856 22460.0500
v 592.9061 900.6742 22460.0500
v 593.0974 900.7070 22460.0500
v 593.0341 900.6967 22460.0500
v 593.2260 900.7263 22460.0500
v 593.1624 900.7170 22460.0500
v 593.3547 900.7432 22460.0500
v 593.2911 900.7351 22460.0500
v 593.4838 900.7579 22460.0500
v 593.4200 900.7509 22460.0500
v 593.6132 900.7704 22460.0500
v 593.5493 900.7645 22460.0500
v 593.7427 900.7806 22460.0500
v 593.6786 900.7758 22460.0500
v 593.8724 900.7885 22460.0500
v 593.8083 900.7849 22460.0500
v 594.0022 900.7942 22460.0500
v 593.9380 900.7917 22460.0500
v 594.1321 900.7975 22460.0500
v 594.0679 900.7962 22460.0500
v 594.2620 900.7987 22460.0500
v 594.1978 900.7985 22460.0500
v 594.3920 900.7975 22460.0500
v 594.3278 900.7984 22460.0500
v 594.5219 900.7942 22460.0500
v 594.4576 900.7961 22460.0500
v 594.6516 900.7885 22460.0500
v 594.5875 900.7916 22460.0500
v 594.7813 900.7806 22460.0500
v 594.7172 900.7848 22460.0500
v 594.9108 900.7704 22460.0500
v 594.8469 900.7757 22460.0500
v 595.0402 900.7579 22460.0500
v 594.9763 900.7643 22460.0500
v 595.1693 900.7432 22460.0500
v 595.1055 900.7508 22460.0500
v 595.2981 900.7263 22460.0500
v 595.2345 900.7349 22460.0500
v 595.4266 900.7070 22460.0500
v 595.3632 900.7168 22460.0500
v 595.5547 900.6856 22460.0500
v 595.4915 900.6965 22460.0500
v 595.6825 900.6619 22460.0500
v 595.6194 900.6739 22460.0500
v 595.8098 900.6360 22460.0500
v 595.7469 900.6491 22460.0500
v 595.9367 900.6079 22460.0500
v 595.8740 900.6221 22460.0500
v 596.0630 900.5776 22460.0500
v 596.0007 900.5928 22460.0500
v 596.1888 900.5450 22460.0500
v 596.1267 900.5614 22460.0500
v 596.3140 900.5103 22460.0500
v 596.2522 900.5278 22460.0500
v 596.4386 900.4734 22460.0500
v 596.3771 900.4919 22460.0500
v 596.5625 900.4343 22460.0500
v 596.5013 900.4539 22460.0500
v 596.6857 900.3931 22460.0500
v 596.6249 900.4138 22460.0500
v 596.8082 900.3497 22460.0500
v 596.7477 900.3715 22460.0500
v 596.9299 900.3043 22460.0500
v 596.8699 900.3270 22460.0500
v 597.0508 900.2567 22460.0500
v 596.9911 900.2804 22460.0500
v 597.1708 900.2069 22460.0500
v 597.1116 900.2318 22460.0500
v 597.2900 900.1551 22460.0500
v 597.2312 900.1810 22460.0500
v 597.4082 900.1012 22460.0500
v 597.3499 900.1281 22460.0500
v 597.5255 900.0453 22460.0500
v 597.4677 900.0732 22460.0500
v 597.6418 899.9873 22460.0500
v 597.5844 900.0162 22460.0500
v 597.7570 899.9273 22460.0500
v 597.7002 899.9572 22460.0500
v 597.8712 899.8653 22460.0500
v 597.8149 899.8962 22460.0500
v 597.9843 899.8013 22460.0500
v 597.9285 899.8332 22460.0500
v 598.0963 899.7354 22460.0500
v 598.0411 899.7682 22460.0500
v 598.2070 899.6675 22460.0500
v 598.1524 899.7013 22460.0500
v 598.3166 899.5977 22460.0500
v 598.2626 899.6324 22460.0500
v 598.4250 899.5260 22460.0500
v 598.3716 899.5616 22460.0500
v 598.5320 899.4524 22460.0500
v 598.4793 899.4890 22460.0500
v 598.6378 899.3770 22460.0500
v 598.5857 899.4144 22460.0500
v 598.7422 899.2996 22460.0500
v 598.6908 899.3381 22460.0500
v 598.8453 899.2205 22460.0500
v 598.7946 899.2599 22460.0500
v 598.9470 899.1396 22460.0500
v 598.8970 899.1799 22460.0500
v 599.0473 899.0570 22460.0500
v 598.9979 899.0981 22460.0500
v 599.1461 898.9727 22460.0500
v 599.0974 899.0145 22460.0500
v 599.2434 898.8865 22460.0500
v 599.1955 898.9293 22460.0500
v 599.3392 898.7988 22460.0500
v 599.2921 898.8423 22460.0500
v 599.4335 898.7094 22460.0500
v 599.3871 898.7537 22460.0500
v 599.5261 898.6182 22460.0500
v 599.4805 898.6635 22460.0500
v 599.6172 898.5256 22460.0500
v 599.5724 898.5716 22460.0500
v 599.7066 898.4313 22460.0500
v 599.6626 898.4781 22460.0500
v 599.7944 898.3355 22460.0500
v 599.7512 898.3831 22460.0500
v 599.8805 898.2382 22460.0500
v 599.8381 898.2865 22460.0500
v 599.9649 898.1394 22460.0500
v 599.9234 898.1884 22460.0500
v 600.0475 898.0392 22460.0500
v 600.0069 898.0889 22460.0500
v 600.1284 897.9375 22460.0500
v 600.0887 897.9879 22460.0500
v 600.2075 897.8344 22460.0500
v 600.1686 897.8855 22460.0500
v 600.2848 897.7300 22460.0500
v 600.2468 897.7817 22460.0500
v 600.3602 897.6242 22460.0500
v 600.3232 897.6766 22460.0500
v 600.4338 897.5171 22460.0500
v 600.3977 897.5702 22460.0500
v 600.5056 897.4088 22460.0500
v 600.4703 897.4625 22460.0500
v 600.5754 897.2992 22460.0500
v 600.5411 897.3535 22460.0500
v 600.6432 897.1884 22460.0500
v 600.6099 897.2433 22460.0500
v 600.7092 897.0764 22460.0500
v 600.6768 897.1319 22460.0500
v 600.7732 896.9634 22460.0500
v 600.7418 897.0193 22460.0500
v 600.8351 896.8492 22460.0500
v 600.8047 896.9058 22460.0500
v 600.8951 896.7339 22460.0500
v 600.8658 896.7910 22460.0500
v 600.9531 896.6176 22460.0500
v 600.9247 896.6752 22460.0500
v 601.0091 896.5004 22460.0500
v 600.9817 896.5585 22460.0500
v 601.0629 896.3821 22460.0500
v 601.0366 896.4407 22460.0500
v 601.1147 896.2630 22460.0500
v 601.0894 896.3220 22460.0500
v 601.1645 896.1429 22460.0500
v 601.1402 896.2024 22460.0500
v 601.2121 896.0220 22460.0500
v 601.1888 896.0819 22460.0500
v 601.2576 895.9003 22460.0500
v 601.2354 895.9606 22460.0500
v 601.3010 895.7779 22460.0500
v 601.2798 895.8385 22460.0500
v 601.3422 895.6547 22460.0500
v 601.3221 895.7156 22460.0500
v 601.3813 895.5308 22460.0500
v 601.3622 895.5920 22460.0500
v 601.4182 895.4061 22460.0500
v 601.4002 895.4678 22460.0500
v 601.4529 895.2809 22460.0500
v 601.4360 895.3429 22460.0500
v 601.4854 895.1552 22460.0500
v 601.4696 895.2174 22460.0500
v 601.5157 895.0288 22460.0500
v 601.5010 895.0913 22460.0500
v 601.5439 894.9020 22460.0500
v 601.5303 894.9647 22460.0500
v 601.5698 894.7747 22460.0500
v 601.5573 894.8376 22460.0500
v 601.5934 894.6469 22460.0500
v 601.5820 894.7101 22460.0500
v 601.6149 894.5187 22460.0500
v 601.6046 894.5822 22460.0500
v 601.6341 894.3903 22460.0500
v 601.6249 894.4538 22460.0500
v 601.6511 894.2614 22460.0500
v 601.6430 894.3251 22460.0500
v 601.6658 894.1323 22460.0500
v 601.6588 894.1962 22460.0500
v 601.6782 894.0030 22460.0500
v 601.6724 894.0670 22460.0500
v 601.6884 893.8735 22460.0500
v 601.6837 893.9375 22460.0500
v 601.6964 893.7438 22460.0500
v 601.6927 893.8079 22460.0500
v 601.7020 893.6140 22460.0500
v 601.6995 893.6782 22460.0500
v 601.7054 893.4841 22460.0500
v 601.7040 893.5483 22460.0500
v 601.7063 893.4184 22460.0500
v 601.7065 893.3542 22408.7900
v 599.5261 888.0901 22408.7900
v 594.2620 885.9096 22408.7900
v 588.9979 888.0901 22408.7900
v 586.8174 893.3542 22408.7900
v 588.9979 898.6182 22408.7900
v 594.2620 900.7987 22408.7900
v 599.5261 898.6182 22408.7900
v 155.0336 893.3542 22355.8700
v 155.0324 893.4841 22355.8700
v 155.0327 893.4199 22355.8700
v 155.0290 893.6140 22355.8700
v 155.0304 893.5497 22355.8700
v 155.0234 893.7438 22355.8700
v 155.0259 893.6796 22355.8700
v 155.0154 893.8735 22355.8700
v 155.0191 893.8093 22355.8700
v 155.0052 894.0030 22355.8700
v 155.0100 893.9390 22355.8700
v 154.9928 894.1323 22355.8700
v 154.9987 894.0684 22355.8700
v 154.9781 894.2614 22355.8700
v 154.9851 894.1976 22355.8700
v 154.9611 894.3903 22355.8700
v 154.9692 894.3265 22355.8700
v 154.9419 894.5187 22355.8700
v 154.9511 894.4552 22355.8700
v 154.9205 894.6469 22355.8700
v 154.9308 894.5835 22355.8700
v 154.8968 894.7747 22355.8700
v 154.9082 894.7114 22355.8700
v 154.8709 894.9020 22355.8700
v 154.8834 894.8390 22355.8700
v 154.8428 895.0288 22355.8700
v 154.8564 894.9661 22355.8700
v 154.8124 895.1552 22355.8700
v 154.8271 895.0927 22355.8700
v 154.7799 895.2809 22355.8700
v 154.7957 895.2187 22355.8700
v 154.7452 895.4061 22355.8700
v 154.7621 895.3442 22355.8700
v 154.7083 895.5308 22355.8700
v 154.7262 895.4691 22355.8700
v 154.6692 895.6547 22355.8700
v 154.6882 895.5933 22355.8700
v 154.6280 895.7779 22355.8700
v 154.6481 895.7169 22355.8700
v 154.5846 895.9003 22355.8700
v 154.6058 895.8397 22355.8700
v 154.5391 896.0220 22355.8700
v 154.5613 895.9618 22355.8700
v 154.4915 896.1429 22355.8700
v 154.5148 896.0831 22355.8700
v 154.4418 896.2630 22355.8700
v 154.4661 896.2036 22355.8700
v 154.3900 896.3821 22355.8700
v 154.4153 896.3231 22355.8700
v 154.3361 896.5004 22355.8700
v 154.3624 896.4418 22355.8700
v 154.2801 896.6176 22355.8700
v 154.3075 896.5596 22355.8700
v 154.2222 896.7339 22355.8700
v 154.2505 896.6763 22355.8700
v 154.1622 896.8492 22355.8700
v 154.1916 896.7921 22355.8700
v 154.1002 896.9634 22355.8700
v 154.1306 896.9068 22355.8700
v 154.0362 897.0764 22355.8700
v 154.0676 897.0204 22355.8700
v 153.9702 897.1884 22355.8700
v 154.0026 897.1329 22355.8700
v 153.9024 897.2992 22355.8700
v 153.9357 897.2443 22355.8700
v 153.8325 897.4088 22355.8700
v 153.8668 897.3544 22355.8700
v 153.7608 897.5171 22355.8700
v 153.7960 897.4634 22355.8700
v 153.6872 897.6242 22355.8700
v 153.7234 897.5711 22355.8700
v 153.6118 897.7300 22355.8700
v 153.6488 897.6775 22355.8700
v 153.5345 897.8344 22355.8700
v 153.5725 897.7826 22355.8700
v 153.4554 897.9375 22355.8700
v 153.4943 897.8864 22355.8700
v 153.3745 898.0392 22355.8700
v 153.4143 897.9887 22355.8700
v 153.2919 898.1394 22355.8700
v 153.3325 898.0897 22355.8700
v 153.2075 898.2382 22355.8700
v 153.2490 898.1892 22355.8700
v 153.1214 898.3355 22355.8700
v 153.1637 898.2872 22355.8700
v 153.0336 898.4313 22355.8700
v 153.0768 898.3838 22355.8700
v 152.9442 898.5256 22355.8700
v 152.9882 898.4788 22355.8700
v 152.8531 898.6182 22355.8700
v 152.8979 898.5723 22355.8700
v 152.7604 898.7094 22355.8700
v 152.8060 898.6641 22355.8700
v 152.6662 898.7988 22355.8700
v 152.7126 898.7543 22355.8700
v 152.5704 898.8865 22355.8700
v 152.6175 898.8430 22355.8700
v 152.4731 898.9727 22355.8700
v 152.5210 898.9299 22355.8700
v 152.3743 899.0570 22355.8700
v 152.4229 899.0151 22355.8700
v 152.2740 899.1396 22355.8700
v 152.3234 899.0986 22355.8700
v 152.1723 899.2205 22355.8700
v 152.2224 899.1804 22355.8700
v 152.0693 899.2996 22355.8700
v 152.1200 899.2603 22355.8700
v 151.9648 899.3770 22355.8700
v 152.0163 899.3385 22355.8700
v 151.8590 899.4524 22355.8700
v 151.9111 899.4149 22355.8700
v 151.7520 899.5260 22355.8700
v 151.8047 899.4894 22355.8700
v 151.6436 899.5977 22355.8700
v 151.6970 899.5620 22355.8700
v 151.5340 899.6675 22355.8700
v 151.5880 899.6328 22355.8700
v 151.4232 899.7354 22355.8700
v 151.4778 899.7016 22355.8700
v 151.3113 899.8013 22355.8700
v 151.3665 899.7685 22355.8700
v 151.1982 899.8653 22355.8700
v 151.2540 899.8334 22355.8700
v 151.0840 899.9273 22355.8700
v 151.1403 899.8964 22355.8700
v 150.9688 899.9873 22355.8700
v 151.0256 899.9574 22355.8700
v 150.8525 900.0453 22355.8700
v 150.9098 900.0164 22355.8700
v 150.7352 900.1012 22355.8700
v 150.7931 900.0733 22355.8700
v 150.6170 900.1551 22355.8700
v 150.6753 900.1282 22355.8700
v 150.4978 900.2069 22355.8700
v 150.5566 900.1810 22355.8700
v 150.3778 900.2567 22355.8700
v 150.4370 900.2318 22355.8700
v 150.2569 900.3043 22355.8700
v 150.3165 900.2805 22355.8700
v 150.1352 900.3497 22355.8700
v 150.1953 900.3270 22355.8700
v 150.0127 900.3931 22355.8700
v 150.0732 900.3714 22355.8700
v 149.8895 900.4343 22355.8700
v 149.9503 900.4137 22355.8700
v 149.7656 900.4734 22355.8700
v 149.8268 900.4539 22355.8700
v 149.6410 900.5103 22355.8700
v 149.7025 900.4918 22355.8700
v 149.5158 900.5450 22355.8700
v 149.5776 900.5276 22355.8700
v 149.3900 900.5776 22355.8700
v 149.4521 900.5612 22355.8700
v 149.2637 900.6079 22355.8700
v 149.3260 900.5927 22355.8700
v 149.1368 900.6360 22355.8700
v 149.1994 900.6218 22355.8700
v 149.0095 900.6619 22355.8700
v 149.0724 900.6489 22355.8700
v 148.8817 900.6856 22355.8700
v 148.9448 900.6736 22355.8700
v 148.7536 900.7070 22355.8700
v 148.8169 900.6962 22355.8700
v 148.6251 900.7263 22355.8700
v 148.6886 900.7165 22355.8700
v 148.4963 900.7432 22355.8700
v 148.5599 900.7346 22355.8700
v 148.3672 900.7579 22355.8700
v 148.4310 900.7504 22355.8700
v 148.2379 900.7704 22355.8700
v 148.3017 900.7639 22355.8700
v 148.1083 900.7806 22355.8700
v 148.1723 900.7753 22355.8700
v 147.9786 900.7885 22355.8700
v 148.0427 900.7843 22355.8700
v 147.8488 900.7942 22355.8700
v 147.9130 900.7911 22355.8700
v 147.7189 900.7975 22355.8700
v 147.7831 900.7956 22355.8700
v 147.5890 900.7987 22355.8700
v 147.6532 900.7979 22355.8700
v 147.4591 900.7975 22355.8700
v 147.5233 900.7979 22355.8700
v 147.3292 900.7942 22355.8700
v 147.3934 900.7956 22355.8700
v 147.1994 900.7885 22355.8700
v 147.2636 900.7910 22355.8700
v 147.0697 900.7806 22355.8700
v 147.1338 900.7842 22355.8700
v 146.9402 900.7704 22355.8700
v 147.0042 900.7751 22355.8700
v 146.8109 900.7579 22355.8700
v 146.8748 900.7638 22355.8700
v 146.6817 900.7432 22355.8700
v 146.7456 900.7502 22355.8700
v 146.5529 900.7263 22355.8700
v 146.6166 900.7344 22355.8700
v 146.4244 900.7070 22355.8700
v 146.4880 900.7162 22355.8700
v 146.2963 900.6856 22355.8700
v 146.3597 900.6959 22355.8700
v 146.1685 900.6619 22355.8700
v 146.2317 900.6733 22355.8700
v 146.0412 900.6360 22355.8700
v 146.1042 900.6486 22355.8700
v 145.9144 900.6079 22355.8700
v 145.9771 900.6215 22355.8700
v 145.7880 900.5776 22355.8700
v 145.8505 900.5923 22355.8700
v 145.6622 900.5450 22355.8700
v 145.7245 900.5609 22355.8700
v 145.5370 900.5103 22355.8700
v 145.5990 900.5272 22355.8700
v 145.4124 900.4734 22355.8700
v 145.4741 900.4914 22355.8700
v 145.2885 900.4343 22355.8700
v 145.3499 900.4534 22355.8700
v 145.1653 900.3931 22355.8700
v 145.2263 900.4132 22355.8700
v 145.0428 900.3497 22355.8700
v 145.1035 900.3709 22355.8700
v 144.9211 900.3043 22355.8700
v 144.9814 900.3265 22355.8700
v 144.8002 900.2567 22355.8700
v 144.8601 900.2799 22355.8700
v 144.6802 900.2069 22355.8700
v 144.7396 900.2312 22355.8700
v 144.5611 900.1551 22355.8700
v 144.6200 900.1804 22355.8700
v 144.4428 900.1012 22355.8700
v 144.5014 900.1276 22355.8700
v 144.3255 900.0453 22355.8700
v 144.3836 900.0727 22355.8700
v 144.2093 899.9873 22355.8700
v 144.2669 900.0157 22355.8700
v 144.0940 899.9273 22355.8700
v 144.1511 899.9567 22355.8700
v 143.9798 899.8653 22355.8700
v 144.0364 899.8957 22355.8700
v 143.8667 899.8013 22355.8700
v 143.9228 899.8327 22355.8700
v 143.7548 899.7354 22355.8700
v 143.8103 899.7678 22355.8700
v 143.6440 899.6675 22355.8700
v 143.6989 899.7008 22355.8700
v 143.5344 899.5977 22355.8700
v 143.5887 899.6320 22355.8700
v 143.4261 899.5260 22355.8700
v 143.4798 899.5612 22355.8700
v 143.3190 899.4524 22355.8700
v 143.3721 899.4885 22355.8700
v 143.2132 899.3770 22355.8700
v 143.2657 899.4140 22355.8700
v 143.1088 899.2996 22355.8700
v 143.1606 899.3376 22355.8700
v 143.0057 899.2205 22355.8700
v 143.0568 899.2594 22355.8700
v 142.9040 899.1396 22355.8700
v 142.9544 899.1794 22355.8700
v 142.8038 899.0570 22355.8700
v 142.8535 899.0977 22355.8700
v 142.7050 898.9727 22355.8700
v 142.7540 899.0141 22355.8700
v 142.6076 898.8865 22355.8700
v 142.6559 898.9289 22355.8700
v 142.5118 898.7988 22355.8700
v 142.5594 898.8419 22355.8700
v 142.4176 898.7094 22355.8700
v 142.4644 898.7533 22355.8700
v 142.3249 898.6182 22355.8700
v 142.3709 898.6631 22355.8700
v 142.2339 898.5256 22355.8700
v 142.2791 898.5712 22355.8700
v 142.1444 898.4313 22355.8700
v 142.1888 898.4777 22355.8700
v 142.0566 898.3355 22355.8700
v 142.1002 898.3827 22355.8700
v 141.9705 898.2382 22355.8700
v 142.0133 898.2861 22355.8700
v 141.8862 898.1394 22355.8700
v 141.9281 898.1880 22355.8700
v 141.8035 898.0392 22355.8700
v 141.8446 898.0886 22355.8700
v 141.7226 897.9375 22355.8700
v 141.7628 897.9875 22355.8700
v 141.6435 897.8344 22355.8700
v 141.6828 897.8852 22355.8700
v 141.5663 897.7300 22355.8700
v 141.6047 897.7814 22355.8700
v 141.4908 897.6242 22355.8700
v 141.5283 897.6763 22355.8700
v 141.4172 897.5171 22355.8700
v 141.4538 897.5699 22355.8700
v 141.3455 897.4088 22355.8700
v 141.3812 897.4622 22355.8700
v 141.2757 897.2992 22355.8700
v 141.3104 897.3531 22355.8700
v 141.2078 897.1884 22355.8700
v 141.2416 897.2430 22355.8700
v 141.1418 897.0764 22355.8700
v 141.1747 897.1316 22355.8700
v 141.0779 896.9634 22355.8700
v 141.1097 897.0191 22355.8700
v 141.0159 896.8492 22355.8700
v 141.0468 896.9055 22355.8700
v 140.9559 896.7339 22355.8700
v 140.9858 896.7908 22355.8700
v 140.8979 896.6176 22355.8700
v 140.9268 896.6750 22355.8700
v 140.8420 896.5004 22355.8700
v 140.8699 896.5582 22355.8700
v 140.7881 896.3821 22355.8700
v 140.8150 896.4404 22355.8700
v 140.7363 896.2630 22355.8700
v 140.7621 896.3218 22355.8700
v 140.6866 896.1429 22355.8700
v 140.7114 896.2021 22355.8700
v 140.6389 896.0220 22355.8700
v 140.6627 896.0817 22355.8700
v 140.5934 895.9003 22355.8700
v 140.6162 895.9604 22355.8700
v 140.5500 895.7779 22355.8700
v 140.5718 895.8383 22355.8700
v 140.5088 895.6547 22355.8700
v 140.5295 895.7155 22355.8700
v 140.4698 895.5308 22355.8700
v 140.4893 895.5919 22355.8700
v 140.4329 895.4061 22355.8700
v 140.4514 895.4677 22355.8700
v 140.3981 895.2809 22355.8700
v 140.4156 895.3428 22355.8700
v 140.3656 895.1552 22355.8700
v 140.3820 895.2173 22355.8700
v 140.3353 895.0288 22355.8700
v 140.3505 895.0912 22355.8700
v 140.3071 894.9020 22355.8700
v 140.3213 894.9646 22355.8700
v 140.2812 894.7747 22355.8700
v 140.2943 894.8375 22355.8700
v 140.2576 894.6469 22355.8700
v 140.2695 894.7100 22355.8700
v 140.2361 894.5187 22355.8700
v 140.2470 894.5820 22355.8700
v 140.2169 894.3903 22355.8700
v 140.2267 894.4537 22355.8700
v 140.2000 894.2614 22355.8700
v 140.2086 894.3251 22355.8700
v 140.1852 894.1323 22355.8700
v 140.1928 894.1961 22355.8700
v 140.1728 894.0030 22355.8700
v 140.1792 894.0669 22355.8700
v 140.1626 893.8735 22355.8700
v 140.1679 893.9374 22355.8700
v 140.1547 893.7438 22355.8700
v 140.1589 893.8079 22355.8700
v 140.1490 893.6140 22355.8700
v 140.1521 893.6781 22355.8700
v 140.1456 893.4841 22355.8700
v 140.1476 893.5483 22355.8700
v 140.1445 893.3542 22355.8700
v 140.1453 893.4184 22355.8700
v 140.1456 893.2242 22355.8700
v 140.1453 893.2885 22355.8700
v 140.1490 893.0944 22355.8700
v 140.1476 893.1586 22355.8700
v 140.1547 892.9645 22355.8700
v 140.1521 893.0287 22355.8700
v 140.1626 892.8348 22355.8700
v 140.1590 892.8990 22355.8700
v 140.1728 892.7053 22355.8700
v 140.1680 892.7693 22355.8700
v 140.1852 892.5760 22355.8700
v 140.1794 892.6400 22355.8700
v 140.2000 892.4469 22355.8700
v 140.1930 892.5107 22355.8700
v 140.2169 892.3181 22355.8700
v 140.2088 892.3818 22355.8700
v 140.2361 892.1896 22355.8700
v 140.2269 892.2531 22355.8700
v 140.2576 892.0614 22355.8700
v 140.2472 892.1248 22355.8700
v 140.2812 891.9337 22355.8700
v 140.2698 891.9969 22355.8700
v 140.3071 891.8063 22355.8700
v 140.2946 891.8693 22355.8700
v 140.3353 891.6795 22355.8700
v 140.3216 891.7422 22355.8700
v 140.3656 891.5532 22355.8700
v 140.3509 891.6157 22355.8700
v 140.3981 891.4274 22355.8700
v 140.3823 891.4896 22355.8700
v 140.4329 891.3022 22355.8700
v 140.4160 891.3641 22355.8700
v 140.4698 891.1776 22355.8700
v 140.4518 891.2393 22355.8700
v 140.5088 891.0536 22355.8700
v 140.4898 891.1150 22355.8700
v 140.5500 890.9305 22355.8700
v 140.5300 890.9915 22355.8700
v 140.5934 890.8080 22355.8700
v 140.5723 890.8686 22355.8700
v 140.6389 890.6863 22355.8700
v 140.6167 890.7465 22355.8700
v 140.6866 890.5654 22355.8700
v 140.6633 890.6252 22355.8700
v 140.7363 890.4453 22355.8700
v 140.7120 890.5048 22355.8700
v 140.7881 890.3262 22355.8700
v 140.7627 890.3852 22355.8700
v 140.8420 890.2079 22355.8700
v 140.8156 890.2665 22355.8700
v 140.8979 890.0907 22355.8700
v 140.8705 890.1487 22355.8700
v 140.9559 889.9744 22355.8700
v 140.9275 890.0320 22355.8700
v 141.0159 889.8591 22355.8700
v 140.9865 889.9163 22355.8700
v 141.0779 889.7450 22355.8700
v 141.0475 889.8015 22355.8700
v 141.1418 889.6319 22355.8700
v 141.1105 889.6879 22355.8700
v 141.2078 889.5200 22355.8700
v 141.1754 889.5754 22355.8700
v 141.2757 889.4091 22355.8700
v 141.2424 889.4641 22355.8700
v 141.3455 889.2996 22355.8700
v 141.3112 889.3539 22355.8700
v 141.4172 889.1912 22355.8700
v 141.3820 889.2449 22355.8700
v 141.4908 889.0842 22355.8700
v 141.4547 889.1372 22355.8700
v 141.5663 888.9783 22355.8700
v 141.5292 889.0308 22355.8700
v 141.6435 888.8739 22355.8700
v 141.6056 888.9257 22355.8700
v 141.7226 888.7708 22355.8700
v 141.6838 888.8220 22355.8700
v 141.8035 888.6691 22355.8700
v 141.7638 888.7196 22355.8700
v 141.8862 888.5689 22355.8700
v 141.8455 888.6187 22355.8700
v 141.9705 888.4701 22355.8700
v 141.9290 888.5191 22355.8700
v 142.0566 888.3728 22355.8700
v 142.0143 888.4211 22355.8700
v 142.1444 888.2770 22355.8700
v 142.1012 888.3245 22355.8700
v 142.2339 888.1827 22355.8700
v 142.1898 888.2295 22355.8700
v 142.3249 888.0901 22355.8700
v 142.2801 888.1360 22355.8700
v 142.4176 887.9990 22355.8700
v 142.3720 888.0442 22355.8700
v 142.5118 887.9095 22355.8700
v 142.4655 887.9540 22355.8700
v 142.6076 887.8218 22355.8700
v 142.5605 887.8654 22355.8700
v 142.7050 887.7357 22355.8700
v 142.6570 887.7784 22355.8700
v 142.8038 887.6513 22355.8700
v 142.7551 887.6932 22355.8700
v 142.9040 887.5687 22355.8700
v 142.8546 887.6097 22355.8700
v 143.0057 887.4878 22355.8700
v 142.9556 887.5280 22355.8700
v 143.1088 887.4087 22355.8700
v 143.0580 887.4480 22355.8700
v 143.2132 887.3314 22355.8700
v 143.1618 887.3698 22355.8700
v 143.3190 887.2559 22355.8700
v 143.2669 887.2935 22355.8700
v 143.4261 887.1824 22355.8700
v 143.3733 887.2189 22355.8700
v 143.5344 887.1107 22355.8700
v 143.4810 887.1463 22355.8700
v 143.6440 887.0408 22355.8700
v 143.5900 887.0756 22355.8700
v 143.7548 886.9730 22355.8700
v 143.7002 887.0067 22355.8700
v 143.8667 886.9070 22355.8700
v 143.8116 886.9398 22355.8700
v 143.9798 886.8430 22355.8700
v 143.9241 886.8749 22355.8700
v 144.0940 886.7810 22355.8700
v 144.0377 886.8119 22355.8700
v 144.2093 886.7210 22355.8700
v 144.1524 886.7509 22355.8700
v 144.3255 886.6630 22355.8700
v 144.2682 886.6920 22355.8700
v 144.4428 886.6071 22355.8700
v 144.3850 886.6350 22355.8700
v 144.5611 886.5532 22355.8700
v 144.5027 886.5801 22355.8700
v 144.6802 886.5014 22355.8700
v 144.6214 886.5273 22355.8700
v 144.8002 886.4517 22355.8700
v 144.7410 886.4765 22355.8700
v 144.9211 886.4041 22355.8700
v 144.8615 886.4279 22355.8700
v 145.0428 886.3586 22355.8700
v 144.9828 886.3813 22355.8700
v 145.1653 886.3152 22355.8700
v 145.1049 886.3369 22355.8700
v 145.2885 886.2740 22355.8700
v 145.2277 886.2946 22355.8700
v 145.4124 886.2349 22355.8700
v 145.3513 886.2545 22355.8700
v 145.5370 886.1980 22355.8700
v 145.4755 886.2165 22355.8700
v 145.6622 886.1633 22355.8700
v 145.6004 886.1807 22355.8700
v 145.7880 886.1307 22355.8700
v 145.7259 886.1471 22355.8700
v 145.9144 886.1004 22355.8700
v 145.8520 886.1157 22355.8700
v 146.0412 886.0723 22355.8700
v 145.9786 886.0865 22355.8700
v 146.1685 886.0464 22355.8700
v 146.1057 886.0594 22355.8700
v 146.2963 886.0227 22355.8700
v 146.2332 886.0347 22355.8700
v 146.4244 886.0013 22355.8700
v 146.3611 886.0121 22355.8700
v 146.5529 885.9821 22355.8700
v 146.4895 885.9918 22355.8700
v 146.6817 885.9651 22355.8700
v 146.6181 885.9738 22355.8700
v 146.8109 885.9504 22355.8700
v 146.7471 885.9579 22355.8700
v 146.9402 885.9379 22355.8700
v 146.8763 885.9444 22355.8700
v 147.0697 885.9277 22355.8700
v 147.0057 885.9330 22355.8700
v 147.1994 885.9198 22355.8700
v 147.1353 885.9240 22355.8700
v 147.3292 885.9141 22355.8700
v 147.2651 885.9172 22355.8700
v 147.4591 885.9108 22355.8700
v 147.3949 885.9127 22355.8700
v 147.5890 885.9096 22355.8700
v 147.5248 885.9105 22355.8700
v 147.7189 885.9108 22355.8700
v 147.6547 885.9105 22355.8700
v 147.8488 885.9141 22355.8700
v 147.7846 885.9127 22355.8700
v 147.9786 885.9198 22355.8700
v 147.9145 885.9173 22355.8700
v 148.1083 885.9277 22355.8700
v 148.0442 885.9241 22355.8700
v 148.2379 885.9379 22355.8700
v 148.1738 885.9332 22355.8700
v 148.3672 885.9504 22355.8700
v 148.3032 885.9445 22355.8700
v 148.4963 885.9651 22355.8700
v 148.4324 885.9581 22355.8700
v 148.6251 885.9821 22355.8700
v 148.5614 885.9739 22355.8700
v 148.7536 886.0013 22355.8700
v 148.6900 885.9921 22355.8700
v 148.8817 886.0227 22355.8700
v 148.8184 886.0124 22355.8700
v 149.0095 886.0464 22355.8700
v 148.9463 886.0350 22355.8700
v 149.1368 886.0723 22355.8700
v 149.0738 886.0598 22355.8700
v 149.2637 886.1004 22355.8700
v 149.2009 886.0868 22355.8700
v 149.3900 886.1307 22355.8700
v 149.3275 886.1160 22355.8700
v 149.5158 886.1633 22355.8700
v 149.4536 886.1475 22355.8700
v 149.6410 886.1980 22355.8700
v 149.5791 886.1811 22355.8700
v 149.7656 886.2349 22355.8700
v 149.7039 886.2169 22355.8700
v 149.8895 886.2740 22355.8700
v 149.8282 886.2549 22355.8700
v 150.0127 886.3152 22355.8700
v 149.9517 886.2951 22355.8700
v 150.1352 886.3586 22355.8700
v 150.0746 886.3374 22355.8700
v 150.2569 886.4041 22355.8700
v 150.1967 886.3818 22355.8700
v 150.3778 886.4517 22355.8700
v 150.3179 886.4284 22355.8700
v 150.4978 886.5014 22355.8700
v 150.4384 886.4771 22355.8700
v 150.6170 886.5532 22355.8700
v 150.5580 886.5279 22355.8700
v 150.7352 886.6071 22355.8700
v 150.6767 886.5807 22355.8700
v 150.8525 886.6630 22355.8700
v 150.7944 886.6357 22355.8700
v 150.9688 886.7210 22355.8700
v 150.9112 886.6926 22355.8700
v 151.0840 886.7810 22355.8700
v 151.0269 886.7516 22355.8700
v 151.1982 886.8430 22355.8700
v 151.1416 886.8126 22355.8700
v 151.3113 886.9070 22355.8700
v 151.2553 886.8756 22355.8700
v 151.4232 886.9730 22355.8700
v 151.3678 886.9406 22355.8700
v 151.5340 887.0408 22355.8700
v 151.4791 887.0075 22355.8700
v 151.6436 887.1107 22355.8700
v 151.5893 887.0764 22355.8700
v 151.7520 887.1824 22355.8700
v 151.6983 887.1472 22355.8700
v 151.8590 887.2559 22355.8700
v 151.8060 887.2198 22355.8700
v 151.9648 887.3314 22355.8700
v 151.9124 887.2943 22355.8700
v 152.0693 887.4087 22355.8700
v 152.0175 887.3707 22355.8700
v 152.1723 887.4878 22355.8700
v 152.1212 887.4489 22355.8700
v 152.2740 887.5687 22355.8700
v 152.2236 887.5289 22355.8700
v 152.3743 887.6513 22355.8700
v 152.3246 887.6107 22355.8700
v 152.4731 887.7357 22355.8700
v 152.4241 887.6942 22355.8700
v 152.5704 887.8218 22355.8700
v 152.5221 887.7794 22355.8700
v 152.6662 887.9095 22355.8700
v 152.6187 887.8664 22355.8700
v 152.7604 887.9990 22355.8700
v 152.7137 887.9550 22355.8700
v 152.8531 888.0901 22355.8700
v 152.8071 888.0453 22355.8700
v 152.9442 888.1827 22355.8700
v 152.8990 888.1371 22355.8700
v 153.0336 888.2770 22355.8700
v 152.9892 888.2306 22355.8700
v 153.1214 888.3728 22355.8700
v 153.0778 888.3256 22355.8700
v 153.2075 888.4701 22355.8700
v 153.1647 888.4222 22355.8700
v 153.2919 888.5689 22355.8700
v 153.2500 888.5203 22355.8700
v 153.3745 888.6691 22355.8700
v 153.3335 888.6198 22355.8700
v 153.4554 888.7708 22355.8700
v 153.4152 888.7208 22355.8700
v 153.5345 888.8739 22355.8700
v 153.4952 888.8231 22355.8700
v 153.6118 888.9783 22355.8700
v 153.5734 888.9269 22355.8700
v 153.6872 889.0842 22355.8700
v 153.6497 889.0320 22355.8700
v 153.7608 889.1912 22355.8700
v 153.7242 889.1385 22355.8700
v 153.8325 889.2996 22355.8700
v 153.7969 889.2462 22355.8700
v 153.9024 889.4091 22355.8700
v 153.8676 889.3552 22355.8700
v 153.9702 889.5200 22355.8700
v 153.9364 889.4653 22355.8700
v 154.0362 889.6319 22355.8700
v 154.0033 889.5767 22355.8700
v 154.1002 889.7450 22355.8700
v 154.0683 889.6892 22355.8700
v 154.1622 889.8591 22355.8700
v 154.1313 889.8029 22355.8700
v 154.2222 889.9744 22355.8700
v 154.1923 889.9176 22355.8700
v 154.2801 890.0907 22355.8700
v 154.2512 890.0333 22355.8700
v 154.3361 890.2079 22355.8700
v 154.3082 890.1501 22355.8700
v 154.3900 890.3262 22355.8700
v 154.3631 890.2679 22355.8700
v 154.4418 890.4453 22355.8700
v 154.4159 890.3866 22355.8700
v 154.4915 890.5654 22355.8700
v 154.4666 890.5062 22355.8700
v 154.5391 890.6863 22355.8700
v 154.5153 890.6266 22355.8700
v 154.5846 890.8080 22355.8700
v 154.5618 890.7479 22355.8700
v 154.6280 890.9305 22355.8700
v 154.6063 890.8700 22355.8700
v 154.6692 891.0536 22355.8700
v 154.6486 890.9929 22355.8700
v 154.7083 891.1776 22355.8700
v 154.6887 891.1165 22355.8700
v 154.7452 891.3022 22355.8700
v 154.7267 891.2407 22355.8700
v 154.7799 891.4274 22355.8700
v 154.7625 891.3655 22355.8700
v 154.8124 891.5532 22355.8700
v 154.7961 891.4911 22355.8700
v 154.8428 891.6795 22355.8700
v 154.8275 891.6171 22355.8700
v 154.8709 891.8063 22355.8700
v 154.8567 891.7437 22355.8700
v 154.8968 891.9337 22355.8700
v 154.8837 891.8708 22355.8700
v 154.9205 892.0614 22355.8700
v 154.9085 891.9984 22355.8700
v 154.9419 892.1896 22355.8700
v 154.9310 892.1263 22355.8700
v 154.9611 892.3181 22355.8700
v 154.9513 892.2546 22355.8700
v 154.9781 892.4469 22355.8700
v 154.9694 892.3832 22355.8700
v 154.9928 892.5760 22355.8700
v 154.9852 892.5122 22355.8700
v 155.0052 892.7053 22355.8700
v 154.9988 892.6414 22355.8700
v 155.0154 892.8348 22355.8700
v 155.0101 892.7709 22355.8700
v 155.0234 892.9645 22355.8700
v 155.0192 892.9005 22355.8700
v 155.0290 893.0944 22355.8700
v 155.0259 893.0302 22355.8700
v 155.0324 893.2242 22355.8700
v 155.0305 893.1600 22355.8700
v 155.0327 893.2900 22355.8700
v 155.0336 893.3542 22460.0500
v 155.0324 893.2242 22460.0500
v 155.0333 893.2885 22460.0500
v 155.0290 893.0944 22460.0500
v 155.0310 893.1585 22460.0500
v 155.0234 892.9645 22460.0500
v 155.0264 893.0287 22460.0500
v 155.0154 892.8348 22460.0500
v 155.0196 892.8989 22460.0500
v 155.0052 892.7053 22460.0500
v 155.0106 892.7693 22460.0500
v 154.9928 892.5760 22460.0500
v 154.9992 892.6399 22460.0500
v 154.9781 892.4469 22460.0500
v 154.9856 892.5107 22460.0500
v 154.9611 892.3181 22460.0500
v 154.9698 892.3817 22460.0500
v 154.9419 892.1896 22460.0500
v 154.9517 892.2531 22460.0500
v 154.9205 892.0614 22460.0500
v 154.9314 892.1247 22460.0500
v 154.8968 891.9337 22460.0500
v 154.9088 891.9968 22460.0500
v 154.8709 891.8063 22460.0500
v 154.8840 891.8692 22460.0500
v 154.8428 891.6795 22460.0500
v 154.8569 891.7421 22460.0500
v 154.8124 891.5532 22460.0500
v 154.8277 891.6155 22460.0500
v 154.7799 891.4274 22460.0500
v 154.7962 891.4894 22460.0500
v 154.7452 891.3022 22460.0500
v 154.7626 891.3640 22460.0500
v 154.7083 891.1776 22460.0500
v 154.7268 891.2391 22460.0500
v 154.6692 891.0536 22460.0500
v 154.6888 891.1148 22460.0500
v 154.6280 890.9305 22460.0500
v 154.6486 890.9913 22460.0500
v 154.5846 890.8080 22460.0500
v 154.6063 890.8684 22460.0500
v 154.5391 890.6863 22460.0500
v 154.5619 890.7463 22460.0500
v 154.4915 890.5654 22460.0500
v 154.5153 890.6250 22460.0500
v 154.4418 890.4453 22460.0500
v 154.4666 890.5046 22460.0500
v 154.3900 890.3262 22460.0500
v 154.4158 890.3849 22460.0500
v 154.3361 890.2079 22460.0500
v 154.3630 890.2663 22460.0500
v 154.2801 890.0907 22460.0500
v 154.3080 890.1485 22460.0500
v 154.2222 889.9744 22460.0500
v 154.2511 890.0317 22460.0500
v 154.1622 889.8591 22460.0500
v 154.1921 889.9160 22460.0500
v 154.1002 889.7450 22460.0500
v 154.1311 889.8013 22460.0500
v 154.0362 889.6319 22460.0500
v 154.0681 889.6876 22460.0500
v 153.9702 889.5200 22460.0500
v 154.0031 889.5751 22460.0500
v 153.9024 889.4091 22460.0500
v 153.9361 889.4637 22460.0500
v 153.8325 889.2996 22460.0500
v 153.8673 889.3536 22460.0500
v 153.7608 889.1912 22460.0500
v 153.7965 889.2446 22460.0500
v 153.6872 889.0842 22460.0500
v 153.7238 889.1369 22460.0500
v 153.6118 888.9783 22460.0500
v 153.6493 889.0305 22460.0500
v 153.5345 888.8739 22460.0500
v 153.5729 888.9254 22460.0500
v 153.4554 888.7708 22460.0500
v 153.4947 888.8216 22460.0500
v 153.3745 888.6691 22460.0500
v 153.4147 888.7192 22460.0500
v 153.2919 888.5689 22460.0500
v 153.3329 888.6183 22460.0500
v 153.2075 888.4701 22460.0500
v 153.2494 888.5187 22460.0500
v 153.1214 888.3728 22460.0500
v 153.1642 888.4207 22460.0500
v 153.0336 888.2770 22460.0500
v 153.0772 888.3242 22460.0500
v 152.9442 888.1827 22460.0500
v 152.9886 888.2291 22460.0500
v 152.8531 888.0901 22460.0500
v 152.8983 888.1357 22460.0500
v 152.7604 887.9990 22460.0500
v 152.8064 888.0438 22460.0500
v 152.6662 887.9095 22460.0500
v 152.7130 887.9536 22460.0500
v 152.5704 887.8218 22460.0500
v 152.6179 887.8649 22460.0500
v 152.4731 887.7357 22460.0500
v 152.5214 887.7780 22460.0500
v 152.3743 887.6513 22460.0500
v 152.4233 887.6928 22460.0500
v 152.2740 887.5687 22460.0500
v 152.3237 887.6093 22460.0500
v 152.1723 887.4878 22460.0500
v 152.2228 887.5275 22460.0500
v 152.0693 887.4087 22460.0500
v 152.1204 887.4476 22460.0500
v 151.9648 887.3314 22460.0500
v 152.0166 887.3694 22460.0500
v 151.8590 887.2559 22460.0500
v 151.9115 887.2930 22460.0500
v 151.7520 887.1824 22460.0500
v 151.8050 887.2185 22460.0500
v 151.6436 887.1107 22460.0500
v 151.6973 887.1458 22460.0500
v 151.5340 887.0408 22460.0500
v 151.5883 887.0751 22460.0500
v 151.4232 886.9730 22460.0500
v 151.4781 887.0062 22460.0500
v 151.3113 886.9070 22460.0500
v 151.3668 886.9393 22460.0500
v 151.1982 886.8430 22460.0500
v 151.2542 886.8744 22460.0500
v 151.0840 886.7810 22460.0500
v 151.1406 886.8114 22460.0500
v 150.9688 886.7210 22460.0500
v 151.0259 886.7504 22460.0500
v 150.8525 886.6630 22460.0500
v 150.9101 886.6915 22460.0500
v 150.7352 886.6071 22460.0500
v 150.7933 886.6345 22460.0500
v 150.6170 886.5532 22460.0500
v 150.6755 886.5796 22460.0500
v 150.4978 886.5014 22460.0500
v 150.5568 886.5267 22460.0500
v 150.3778 886.4517 22460.0500
v 150.4372 886.4760 22460.0500
v 150.2569 886.4041 22460.0500
v 150.3168 886.4274 22460.0500
v 150.1352 886.3586 22460.0500
v 150.1954 886.3808 22460.0500
v 150.0127 886.3152 22460.0500
v 150.0733 886.3364 22460.0500
v 149.8895 886.2740 22460.0500
v 149.9505 886.2941 22460.0500
v 149.7656 886.2349 22460.0500
v 149.8269 886.2540 22460.0500
v 149.6410 886.1980 22460.0500
v 149.7027 886.2159 22460.0500
v 149.5158 886.1633 22460.0500
v 149.5778 886.1802 22460.0500
v 149.3900 886.1307 22460.0500
v 149.4523 886.1465 22460.0500
v 149.2637 886.1004 22460.0500
v 149.3262 886.1151 22460.0500
v 149.1368 886.0723 22460.0500
v 149.1996 886.0859 22460.0500
v 149.0095 886.0464 22460.0500
v 149.0725 886.0589 22460.0500
v 148.8817 886.0227 22460.0500
v 148.9449 886.0341 22460.0500
v 148.7536 886.0013 22460.0500
v 148.8170 886.0116 22460.0500
v 148.6251 885.9821 22460.0500
v 148.6886 885.9913 22460.0500
v 148.4963 885.9651 22460.0500
v 148.5600 885.9732 22460.0500
v 148.3672 885.9504 22460.0500
v 148.4310 885.9574 22460.0500
v 148.2379 885.9379 22460.0500
v 148.3018 885.9438 22460.0500
v 148.1083 885.9277 22460.0500
v 148.1724 885.9325 22460.0500
v 147.9786 885.9198 22460.0500
v 148.0427 885.9235 22460.0500
v 147.8488 885.9141 22460.0500
v 147.9130 885.9167 22460.0500
v 147.7189 885.9108 22460.0500
v 147.7831 885.9122 22460.0500
v 147.5890 885.9096 22460.0500
v 147.6532 885.9099 22460.0500
v 147.4591 885.9108 22460.0500
v 147.5233 885.9099 22460.0500
v 147.3292 885.9141 22460.0500
v 147.3934 885.9122 22460.0500
v 147.1994 885.9198 22460.0500
v 147.2635 885.9167 22460.0500
v 147.0697 885.9277 22460.0500
v 147.1338 885.9235 22460.0500
v 146.9402 885.9379 22460.0500
v 147.0042 885.9326 22460.0500
v 146.8109 885.9504 22460.0500
v 146.8747 885.9440 22460.0500
v 146.6817 885.9651 22460.0500
v 146.7455 885.9575 22460.0500
v 146.5529 885.9821 22460.0500
v 146.6166 885.9734 22460.0500
v 146.4244 886.0013 22460.0500
v 146.4879 885.9915 22460.0500
v 146.2963 886.0227 22460.0500
v 146.3596 886.0118 22460.0500
v 146.1685 886.0464 22460.0500
v 146.2316 886.0344 22460.0500
v 146.0412 886.0723 22460.0500
v 146.1041 886.0592 22460.0500
v 145.9144 886.1004 22460.0500
v 145.9770 886.0862 22460.0500
v 145.7880 886.1307 22460.0500
v 145.8504 886.1155 22460.0500
v 145.6622 886.1633 22460.0500
v 145.7243 886.1469 22460.0500
v 145.5370 886.1980 22460.0500
v 145.5988 886.1805 22460.0500
v 145.4124 886.2349 22460.0500
v 145.4739 886.2164 22460.0500
v 145.2885 886.2740 22460.0500
v 145.3497 886.2544 22460.0500
v 145.1653 886.3152 22460.0500
v 145.2261 886.2946 22460.0500
v 145.0428 886.3586 22460.0500
v 145.1033 886.3369 22460.0500
v 144.9211 886.4041 22460.0500
v 144.9812 886.3813 22460.0500
v 144.8002 886.4517 22460.0500
v 144.8599 886.4279 22460.0500
v 144.6802 886.5014 22460.0500
v 144.7394 886.4766 22460.0500
v 144.5611 886.5532 22460.0500
v 144.6198 886.5273 22460.0500
v 144.4428 886.6071 22460.0500
v 144.5011 886.5802 22460.0500
v 144.3255 886.6630 22460.0500
v 144.3834 886.6351 22460.0500
v 144.2093 886.7210 22460.0500
v 144.2666 886.6921 22460.0500
v 144.0940 886.7810 22460.0500
v 144.1508 886.7511 22460.0500
v 143.9798 886.8430 22460.0500
v 144.0361 886.8121 22460.0500
v 143.8667 886.9070 22460.0500
v 143.9225 886.8751 22460.0500
v 143.7548 886.9730 22460.0500
v 143.8100 886.9401 22460.0500
v 143.6440 887.0408 22460.0500
v 143.6986 887.0070 22460.0500
v 143.5344 887.1107 22460.0500
v 143.5884 887.0759 22460.0500
v 143.4261 887.1824 22460.0500
v 143.4795 887.1467 22460.0500
v 143.3190 887.2559 22460.0500
v 143.3717 887.2194 22460.0500
v 143.2132 887.3314 22460.0500
v 143.2653 887.2939 22460.0500
v 143.1088 887.4087 22460.0500
v 143.1602 887.3702 22460.0500
v 143.0057 887.4878 22460.0500
v 143.0565 887.4485 22460.0500
v 142.9040 887.5687 22460.0500
v 142.9541 887.5284 22460.0500
v 142.8038 887.6513 22460.0500
v 142.8531 887.6102 22460.0500
v 142.7050 887.7357 22460.0500
v 142.7536 887.6938 22460.0500
v 142.6076 887.8218 22460.0500
v 142.6555 887.7790 22460.0500
v 142.5118 887.9095 22460.0500
v 142.5590 887.8660 22460.0500
v 142.4176 887.9990 22460.0500
v 142.4640 887.9546 22460.0500
v 142.3249 888.0901 22460.0500
v 142.3705 888.0449 22460.0500
v 142.2339 888.1827 22460.0500
v 142.2787 888.1367 22460.0500
v 142.1444 888.2770 22460.0500
v 142.1884 888.2302 22460.0500
v 142.0566 888.3728 22460.0500
v 142.0998 888.3253 22460.0500
v 141.9705 888.4701 22460.0500
v 142.0129 888.4218 22460.0500
v 141.8862 888.5689 22460.0500
v 141.9276 888.5199 22460.0500
v 141.8035 888.6691 22460.0500
v 141.8441 888.6194 22460.0500
v 141.7226 888.7708 22460.0500
v 141.7624 888.7204 22460.0500
v 141.6435 888.8739 22460.0500
v 141.6824 888.8228 22460.0500
v 141.5663 888.9783 22460.0500
v 141.6042 888.9266 22460.0500
v 141.4908 889.0842 22460.0500
v 141.5278 889.0317 22460.0500
v 141.4172 889.1912 22460.0500
v 141.4533 889.1381 22460.0500
v 141.3455 889.2996 22460.0500
v 141.3807 889.2458 22460.0500
v 141.2757 889.4091 22460.0500
v 141.3099 889.3549 22460.0500
v 141.2078 889.5200 22460.0500
v 141.2411 889.4650 22460.0500
v 141.1418 889.6319 22460.0500
v 141.1742 889.5764 22460.0500
v 141.0779 889.7450 22460.0500
v 141.1092 889.6890 22460.0500
v 141.0159 889.8591 22460.0500
v 141.0463 889.8026 22460.0500
v 140.9559 889.9744 22460.0500
v 140.9853 889.9173 22460.0500
v 140.8979 890.0907 22460.0500
v 140.9263 890.0331 22460.0500
v 140.8420 890.2079 22460.0500
v 140.8694 890.1499 22460.0500
v 140.7881 890.3262 22460.0500
v 140.8145 890.2676 22460.0500
v 140.7363 890.4453 22460.0500
v 140.7616 890.3864 22460.0500
v 140.6866 890.5654 22460.0500
v 140.7109 890.5059 22460.0500
v 140.6389 890.6863 22460.0500
v 140.6622 890.6264 22460.0500
v 140.5934 890.8080 22460.0500
v 140.6156 890.7477 22460.0500
v 140.5500 890.9305 22460.0500
v 140.5712 890.8698 22460.0500
v 140.5088 891.0536 22460.0500
v 140.5289 890.9927 22460.0500
v 140.4698 891.1776 22460.0500
v 140.4888 891.1163 22460.0500
v 140.4329 891.3022 22460.0500
v 140.4508 891.2405 22460.0500
v 140.3981 891.4274 22460.0500
v 140.4150 891.3654 22460.0500
v 140.3656 891.5532 22460.0500
v 140.3814 891.4909 22460.0500
v 140.3353 891.6795 22460.0500
v 140.3500 891.6170 22460.0500
v 140.3071 891.8063 22460.0500
v 140.3208 891.7436 22460.0500
v 140.2812 891.9337 22460.0500
v 140.2938 891.8707 22460.0500
v 140.2576 892.0614 22460.0500
v 140.2690 891.9982 22460.0500
v 140.2361 892.1896 22460.0500
v 140.2464 892.1262 22460.0500
v 140.2169 892.3181 22460.0500
v 140.2261 892.2545 22460.0500
v 140.2000 892.4469 22460.0500
v 140.2081 892.3832 22460.0500
v 140.1852 892.5760 22460.0500
v 140.1922 892.5121 22460.0500
v 140.1728 892.7053 22460.0500
v 140.1787 892.6414 22460.0500
v 140.1626 892.8348 22460.0500
v 140.1674 892.7708 22460.0500
v 140.1547 892.9645 22460.0500
v 140.1583 892.9005 22460.0500
v 140.1490 893.0944 22460.0500
v 140.1515 893.0302 22460.0500
v 140.1456 893.2242 22460.0500
v 140.1470 893.1600 22460.0500
v 140.1445 893.3542 22460.0500
v 140.1447 893.2899 22460.0500
v 140.1456 893.4841 22460.0500
v 140.1448 893.4199 22460.0500
v 140.1490 893.6140 22460.0500
v 140.1470 893.5498 22460.0500
v 140.1547 893.7438 22460.0500
v 140.1516 893.6796 22460.0500
v 140.1626 893.8735 22460.0500
v 140.1584 893.8094 22460.0500
v 140.1728 894.0030 22460.0500
v 140.1675 893.9390 22460.0500
v 140.1852 894.1323 22460.0500
v 140.1788 894.0684 22460.0500
v 140.2000 894.2614 22460.0500
v 140.1924 894.1976 22460.0500
v 140.2169 894.3903 22460.0500
v 140.2083 894.3266 22460.0500
v 140.2361 894.5187 22460.0500
v 140.2263 894.4553 22460.0500
v 140.2576 894.6469 22460.0500
v 140.2467 894.5836 22460.0500
v 140.2812 894.7747 22460.0500
v 140.2693 894.7115 22460.0500
v 140.3071 894.9020 22460.0500
v 140.2941 894.8391 22460.0500
v 140.3353 895.0288 22460.0500
v 140.3211 894.9662 22460.0500
v 140.3656 895.1552 22460.0500
v 140.3503 895.0928 22460.0500
v 140.3981 895.2809 22460.0500
v 140.3818 895.2189 22460.0500
v 140.4329 895.4061 22460.0500
v 140.4154 895.3444 22460.0500
v 140.4698 895.5308 22460.0500
v 140.4512 895.4692 22460.0500
v 140.5088 895.6547 22460.0500
v 140.4892 895.5935 22460.0500
v 140.5500 895.7779 22460.0500
v 140.5294 895.7170 22460.0500
v 140.5934 895.9003 22460.0500
v 140.5717 895.8399 22460.0500
v 140.6389 896.0220 22460.0500
v 140.6162 895.9620 22460.0500
v 140.6866 896.1429 22460.0500
v 140.6628 896.0833 22460.0500
v 140.7363 896.2630 22460.0500
v 140.7114 896.2037 22460.0500
v 140.7881 896.3821 22460.0500
v 140.7622 896.3234 22460.0500
v 140.8420 896.5004 22460.0500
v 140.8151 896.4421 22460.0500
v 140.8979 896.6176 22460.0500
v 140.8700 896.5598 22460.0500
v 140.9559 896.7339 22460.0500
v 140.9270 896.6766 22460.0500
v 141.0159 896.8492 22460.0500
v 140.9860 896.7924 22460.0500
v 141.0779 896.9634 22460.0500
v 141.0470 896.9070 22460.0500
v 141.1418 897.0764 22460.0500
v 141.1100 897.0207 22460.0500
v 141.2078 897.1884 22460.0500
v 141.1750 897.1332 22460.0500
v 141.2757 897.2992 22460.0500
v 141.2419 897.2446 22460.0500
v 141.3455 897.4088 22460.0500
v 141.3107 897.3547 22460.0500
v 141.4172 897.5171 22460.0500
v 141.3815 897.4637 22460.0500
v 141.4908 897.6242 22460.0500
v 141.4542 897.5714 22460.0500
v 141.5663 897.7300 22460.0500
v 141.5287 897.6779 22460.0500
v 141.6435 897.8344 22460.0500
v 141.6051 897.7830 22460.0500
v 141.7226 897.9375 22460.0500
v 141.6833 897.8867 22460.0500
v 141.8035 898.0392 22460.0500
v 141.7633 897.9891 22460.0500
v 141.8862 898.1394 22460.0500
v 141.8451 898.0900 22460.0500
v 141.9705 898.2382 22460.0500
v 141.9286 898.1896 22460.0500
v 142.0566 898.3355 22460.0500
v 142.0139 898.2877 22460.0500
v 142.1444 898.4313 22460.0500
v 142.1008 898.3842 22460.0500
v 142.2339 898.5256 22460.0500
v 142.1895 898.4792 22460.0500
v 142.3249 898.6182 22460.0500
v 142.2797 898.5726 22460.0500
v 142.4176 898.7094 22460.0500
v 142.3716 898.6645 22460.0500
v 142.5118 898.7988 22460.0500
v 142.4651 898.7548 22460.0500
v 142.6076 898.8865 22460.0500
v 142.5601 898.8434 22460.0500
v 142.7050 898.9727 22460.0500
v 142.6567 898.9303 22460.0500
v 142.8038 899.0570 22460.0500
v 142.7547 899.0155 22460.0500
v 142.9040 899.1396 22460.0500
v 142.8543 899.0991 22460.0500
v 143.0057 899.2205 22460.0500
v 142.9553 899.1808 22460.0500
v 143.1088 899.2996 22460.0500
v 143.0577 899.2608 22460.0500
v 143.2132 899.3770 22460.0500
v 143.1614 899.3390 22460.0500
v 143.3190 899.4524 22460.0500
v 143.2666 899.4153 22460.0500
v 143.4261 899.5260 22460.0500
v 143.3730 899.4898 22460.0500
v 143.5344 899.5977 22460.0500
v 143.4807 899.5625 22460.0500
v 143.6440 899.6675 22460.0500
v 143.5897 899.6332 22460.0500
v 143.7548 899.7354 22460.0500
v 143.6999 899.7021 22460.0500
v 143.8667 899.8013 22460.0500
v 143.8113 899.7690 22460.0500
v 143.9798 899.8653 22460.0500
v 143.9238 899.8339 22460.0500
v 144.0940 899.9273 22460.0500
v 144.0374 899.8969 22460.0500
v 144.2093 899.9873 22460.0500
v 144.1522 899.9579 22460.0500
v 144.3255 900.0453 22460.0500
v 144.2679 900.0169 22460.0500
v 144.4428 900.1012 22460.0500
v 144.3847 900.0739 22460.0500
v 144.5611 900.1551 22460.0500
v 144.5025 900.1287 22460.0500
v 144.6802 900.2069 22460.0500
v 144.6212 900.1816 22460.0500
v 144.8002 900.2567 22460.0500
v 144.7408 900.2323 22460.0500
v 144.9211 900.3043 22460.0500
v 144.8613 900.2809 22460.0500
v 145.0428 900.3497 22460.0500
v 144.9826 900.3275 22460.0500
v 145.1653 900.3931 22460.0500
v 145.1047 900.3719 22460.0500
v 145.2885 900.4343 22460.0500
v 145.2275 900.4142 22460.0500
v 145.4124 900.4734 22460.0500
v 145.3511 900.4544 22460.0500
v 145.5370 900.5103 22460.0500
v 145.4754 900.4924 22460.0500
v 145.6622 900.5450 22460.0500
v 145.6003 900.5281 22460.0500
v 145.7880 900.5776 22460.0500
v 145.7258 900.5618 22460.0500
v 145.9144 900.6079 22460.0500
v 145.8519 900.5932 22460.0500
v 146.0412 900.6360 22460.0500
v 145.9785 900.6224 22460.0500
v 146.1685 900.6619 22460.0500
v 146.1055 900.6494 22460.0500
v 146.2963 900.6856 22460.0500
v 146.2331 900.6742 22460.0500
v 146.4244 900.7070 22460.0500
v 146.3611 900.6967 22460.0500
v 146.5529 900.7263 22460.0500
v 146.4894 900.7170 22460.0500
v 146.6817 900.7432 22460.0500
v 146.6181 900.7351 22460.0500
v 146.8109 900.7579 22460.0500
v 146.7470 900.7509 22460.0500
v 146.9402 900.7704 22460.0500
v 146.8762 900.7645 22460.0500
v 147.0697 900.7806 22460.0500
v 147.0057 900.7758 22460.0500
v 147.1994 900.7885 22460.0500
v 147.1353 900.7849 22460.0500
v 147.3292 900.7942 22460.0500
v 147.2650 900.7917 22460.0500
v 147.4591 900.7975 22460.0500
v 147.3949 900.7962 22460.0500
v 147.5890 900.7987 22460.0500
v 147.5248 900.7985 22460.0500
v 147.7189 900.7975 22460.0500
v 147.6547 900.7984 22460.0500
v 147.8488 900.7942 22460.0500
v 147.7846 900.7961 22460.0500
v 147.9786 900.7885 22460.0500
v 147.9145 900.7916 22460.0500
v 148.1083 900.7806 22460.0500
v 148.0443 900.7848 22460.0500
v 148.2379 900.7704 22460.0500
v 148.1739 900.7757 22460.0500
v 148.3672 900.7579 22460.0500
v 148.3033 900.7643 22460.0500
v 148.4963 900.7432 22460.0500
v 148.4325 900.7508 22460.0500
v 148.6251 900.7263 22460.0500
v 148.5615 900.7349 22460.0500
v 148.7536 900.7070 22460.0500
v 148.6901 900.7168 22460.0500
v 148.8817 900.6856 22460.0500
v 148.8185 900.6965 22460.0500
v 149.0095 900.6619 22460.0500
v 148.9464 900.6739 22460.0500
v 149.1368 900.6360 22460.0500
v 149.0740 900.6491 22460.0500
v 149.2637 900.6079 22460.0500
v 149.2010 900.6221 22460.0500
v 149.3900 900.5776 22460.0500
v 149.3276 900.5928 22460.0500
v 149.5158 900.5450 22460.0500
v 149.4537 900.5614 22460.0500
v 149.6410 900.5103 22460.0500
v 149.5792 900.5278 22460.0500
v 149.7656 900.4734 22460.0500
v 149.7041 900.4919 22460.0500
v 149.8895 900.4343 22460.0500
v 149.8284 900.4539 22460.0500
v 150.0127 900.3931 22460.0500
v 149.9519 900.4138 22460.0500
v 150.1352 900.3497 22460.0500
v 150.0748 900.3715 22460.0500
v 150.2569 900.3043 22460.0500
v 150.1969 900.3270 22460.0500
v 150.3778 900.2567 22460.0500
v 150.3181 900.2804 22460.0500
v 150.4978 900.2069 22460.0500
v 150.4386 900.2318 22460.0500
v 150.6170 900.1551 22460.0500
v 150.5582 900.1810 22460.0500
v 150.7352 900.1012 22460.0500
v 150.6769 900.1281 22460.0500
v 150.8525 900.0453 22460.0500
v 150.7946 900.0732 22460.0500
v 150.9688 899.9873 22460.0500
v 150.9114 900.0162 22460.0500
v 151.0840 899.9273 22460.0500
v 151.0272 899.9572 22460.0500
v 151.1982 899.8653 22460.0500
v 151.1419 899.8962 22460.0500
v 151.3113 899.8013 22460.0500
v 151.2555 899.8332 22460.0500
v 151.4232 899.7354 22460.0500
v 151.3681 899.7682 22460.0500
v 151.5340 899.6675 22460.0500
v 151.4794 899.7013 22460.0500
v 151.6436 899.5977 22460.0500
v 151.5896 899.6324 22460.0500
v 151.7520 899.5260 22460.0500
v 151.6986 899.5616 22460.0500
v 151.8590 899.4524 22460.0500
v 151.8063 899.4890 22460.0500
v 151.9648 899.3770 22460.0500
v 151.9127 899.4144 22460.0500
v 152.0693 899.2996 22460.0500
v 152.0178 899.3381 22460.0500
v 152.1723 899.2205 22460.0500
v 152.1216 899.2599 22460.0500
v 152.2740 899.1396 22460.0500
v 152.2239 899.1799 22460.0500
v 152.3743 899.0570 22460.0500
v 152.3249 899.0981 22460.0500
v 152.4731 898.9727 22460.0500
v 152.4244 899.0145 22460.0500
v 152.5704 898.8865 22460.0500
v 152.5225 898.9293 22460.0500
v 152.6662 898.7988 22460.0500
v 152.6190 898.8423 22460.0500
v 152.7604 898.7094 22460.0500
v 152.7141 898.7537 22460.0500
v 152.8531 898.6182 22460.0500
v 152.8075 898.6635 22460.0500
v 152.9442 898.5256 22460.0500
v 152.8994 898.5716 22460.0500
v 153.0336 898.4313 22460.0500
v 152.9896 898.4781 22460.0500
v 153.1214 898.3355 22460.0500
v 153.0782 898.3831 22460.0500
v 153.2075 898.2382 22460.0500
v 153.1651 898.2865 22460.0500
v 153.2919 898.1394 22460.0500
v 153.2504 898.1884 22460.0500
v 153.3745 898.0392 22460.0500
v 153.3339 898.0889 22460.0500
v 153.4554 897.9375 22460.0500
v 153.4156 897.9879 22460.0500
v 153.5345 897.8344 22460.0500
v 153.4956 897.8855 22460.0500
v 153.6118 897.7300 22460.0500
v 153.5738 897.7817 22460.0500
v 153.6872 897.6242 22460.0500
v 153.6502 897.6766 22460.0500
v 153.7608 897.5171 22460.0500
v 153.7247 897.5702 22460.0500
v 153.8325 897.4088 22460.0500
v 153.7973 897.4625 22460.0500
v 153.9024 897.2992 22460.0500
v 153.8681 897.3535 22460.0500
v 153.9702 897.1884 22460.0500
v 153.9369 897.2433 22460.0500
v 154.0362 897.0764 22460.0500
v 154.0038 897.1319 22460.0500
v 154.1002 896.9634 22460.0500
v 154.0688 897.0193 22460.0500
v 154.1622 896.8492 22460.0500
v 154.1318 896.9058 22460.0500
v 154.2222 896.7339 22460.0500
v 154.1928 896.7910 22460.0500
v 154.2801 896.6176 22460.0500
v 154.2517 896.6752 22460.0500
v 154.3361 896.5004 22460.0500
v 154.3087 896.5585 22460.0500
v 154.3900 896.3821 22460.0500
v 154.3636 896.4407 22460.0500
v 154.4418 896.2630 22460.0500
v 154.4164 896.3220 22460.0500
v 154.4915 896.1429 22460.0500
v 154.4672 896.2024 22460.0500
v 154.5391 896.0220 22460.0500
v 154.5158 896.0819 22460.0500
v 154.5846 895.9003 22460.0500
v 154.5624 895.9606 22460.0500
v 154.6280 895.7779 22460.0500
v 154.6068 895.8385 22460.0500
v 154.6692 895.6547 22460.0500
v 154.6491 895.7156 22460.0500
v 154.7083 895.5308 22460.0500
v 154.6892 895.5920 22460.0500
v 154.7452 895.4061 22460.0500
v 154.7272 895.4678 22460.0500
v 154.7799 895.2809 22460.0500
v 154.7630 895.3429 22460.0500
v 154.8124 895.1552 22460.0500
v 154.7966 895.2174 22460.0500
v 154.8428 895.0288 22460.0500
v 154.8280 895.0913 22460.0500
v 154.8709 894.9020 22460.0500
v 154.8573 894.9647 22460.0500
v 154.8968 894.7747 22460.0500
v 154.8843 894.8376 22460.0500
v 154.9205 894.6469 22460.0500
v 154.9090 894.7101 22460.0500
v 154.9419 894.5187 22460.0500
v 154.9316 894.5822 22460.0500
v 154.9611 894.3903 22460.0500
v 154.9519 894.4538 22460.0500
v 154.9781 894.2614 22460.0500
v 154.9700 894.3251 22460.0500
v 154.9928 894.1323 22460.0500
v 154.9858 894.1962 22460.0500
v 155.0052 894.0030 22460.0500
v 154.9994 894.0670 22460.0500
v 155.0154 893.8735 22460.0500
v 155.0107 893.9375 22460.0500
v 155.0234 893.7438 22460.0500
v 155.0197 893.8079 22460.0500
v 155.0290 893.6140 22460.0500
v 155.0265 893.6782 22460.0500
v 155.0324 893.4841 22460.0500
v 155.0310 893.5483 22460.0500
v 155.0333 893.4184 22460.0500
v 155.0336 893.3542 22408.7900
v 152.8531 888.0901 22408.7900
v 147.5890 885.9096 22408.7900
v 142.3249 888.0901 22408.7900
v 140.1445 893.3542 22408.7900
v 142.3249 898.6182 22408.7900
v 147.5890 900.7987 22408.7900
v 152.8531 898.6182 22408.7900
v 601.7065 223.3447 22355.8700
v 601.7054 223.4746 22355.8700
v 601.7057 223.4104 22355.8700
v 601.7020 223.6045 22355.8700
v 601.7034 223.5403 22355.8700
v 601.6964 223.7343 22355.8700
v 601.6989 223.6701 22355.8700
v 601.6884 223.8640 22355.8700
v 601.6921 223.7998 22355.8700
v 601.6782 223.9935 22355.8700
v 601.6830 223.9294 22355.8700
v 601.6658 224.1228 22355.8700
v 601.6717 224.0589 22355.8700
v 601.6511 224.2519 22355.8700
v 601.6581 224.1881 22355.8700
v 601.6341 224.3807 22355.8700
v 601.6422 224.3170 22355.8700
v 601.6149 224.5092 22355.8700
v 601.6241 224.4457 22355.8700
v 601.5934 224.6374 22355.8700
v 601.6038 224.5740 22355.8700
v 601.5698 224.7651 22355.8700
v 601.5812 224.7020 22355.8700
v 601.5439 224.8925 22355.8700
v 601.5564 224.8295 22355.8700
v 601.5157 225.0193 22355.8700
v 601.5294 224.9566 22355.8700
v 601.4854 225.1456 22355.8700
v 601.5002 225.0831 22355.8700
v 601.4529 225.2714 22355.8700
v 601.4687 225.2092 22355.8700
v 601.4182 225.3966 22355.8700
v 601.4351 225.3347 22355.8700
v 601.3813 225.5212 22355.8700
v 601.3992 225.4596 22355.8700
v 601.3422 225.6451 22355.8700
v 601.3613 225.5838 22355.8700
v 601.3010 225.7684 22355.8700
v 601.3211 225.7074 22355.8700
v 601.2576 225.8908 22355.8700
v 601.2788 225.8302 22355.8700
v 601.2121 226.0125 22355.8700
v 601.2343 225.9523 22355.8700
v 601.1645 226.1334 22355.8700
v 601.1877 226.0736 22355.8700
v 601.1147 226.2535 22355.8700
v 601.1391 226.1940 22355.8700
v 601.0629 226.3726 22355.8700
v 601.0883 226.3136 22355.8700
v 601.0091 226.4908 22355.8700
v 601.0355 226.4323 22355.8700
v 600.9531 226.6081 22355.8700
v 600.9805 226.5500 22355.8700
v 600.8951 226.7244 22355.8700
v 600.9236 226.6668 22355.8700
v 600.8351 226.8396 22355.8700
v 600.8646 226.7826 22355.8700
v 600.7732 226.9538 22355.8700
v 600.8036 226.8973 22355.8700
v 600.7092 227.0669 22355.8700
v 600.7405 227.0109 22355.8700
v 600.6432 227.1789 22355.8700
v 600.6756 227.1234 22355.8700
v 600.5754 227.2897 22355.8700
v 600.6086 227.2348 22355.8700
v 600.5056 227.3992 22355.8700
v 600.5398 227.3449 22355.8700
v 600.4338 227.5076 22355.8700
v 600.4691 227.4539 22355.8700
v 600.3602 227.6147 22355.8700
v 600.3964 227.5616 22355.8700
v 600.2848 227.7204 22355.8700
v 600.3218 227.6680 22355.8700
v 600.2075 227.8249 22355.8700
v 600.2455 227.7731 22355.8700
v 600.1284 227.9280 22355.8700
v 600.1673 227.8768 22355.8700
v 600.0475 228.0296 22355.8700
v 600.0873 227.9792 22355.8700
v 599.9649 228.1299 22355.8700
v 600.0055 228.0802 22355.8700
v 599.8805 228.2287 22355.8700
v 599.9220 228.1797 22355.8700
v 599.7944 228.3260 22355.8700
v 599.8367 228.2777 22355.8700
v 599.7066 228.4218 22355.8700
v 599.7498 228.3743 22355.8700
v 599.6172 228.5161 22355.8700
v 599.6612 228.4693 22355.8700
v 599.5261 228.6087 22355.8700
v 599.5709 228.5627 22355.8700
v 599.4335 228.6998 22355.8700
v 599.4791 228.6546 22355.8700
v 599.3392 228.7892 22355.8700
v 599.3856 228.7448 22355.8700
v 599.2434 228.8770 22355.8700
v 599.2905 228.8334 22355.8700
v 599.1461 228.9631 22355.8700
v 599.1940 228.9204 22355.8700
v 599.0473 229.0475 22355.8700
v 599.0959 229.0056 22355.8700
v 598.9470 229.1302 22355.8700
v 598.9964 229.0891 22355.8700
v 598.8453 229.2110 22355.8700
v 598.8954 229.1708 22355.8700
v 598.7422 229.2901 22355.8700
v 598.7930 229.2508 22355.8700
v 598.6378 229.3674 22355.8700
v 598.6893 229.3290 22355.8700
v 598.5320 229.4429 22355.8700
v 598.5842 229.4053 22355.8700
v 598.4250 229.5165 22355.8700
v 598.4777 229.4799 22355.8700
v 598.3166 229.5882 22355.8700
v 598.3700 229.5525 22355.8700
v 598.2070 229.6580 22355.8700
v 598.2610 229.6232 22355.8700
v 598.0963 229.7259 22355.8700
v 598.1509 229.6921 22355.8700
v 597.9843 229.7918 22355.8700
v 598.0395 229.7590 22355.8700
v 597.8712 229.8558 22355.8700
v 597.9269 229.8239 22355.8700
v 597.7570 229.9178 22355.8700
v 597.8134 229.8869 22355.8700
v 597.6418 229.9778 22355.8700
v 597.6986 229.9479 22355.8700
v 597.5255 230.0358 22355.8700
v 597.5828 230.0069 22355.8700
v 597.4082 230.0917 22355.8700
v 597.4661 230.0638 22355.8700
v 597.2900 230.1456 22355.8700
v 597.3483 230.1187 22355.8700
v 597.1708 230.1974 22355.8700
v 597.2296 230.1715 22355.8700
v 597.0508 230.2471 22355.8700
v 597.1100 230.2223 22355.8700
v 596.9299 230.2947 22355.8700
v 596.9896 230.2709 22355.8700
v 596.8082 230.3402 22355.8700
v 596.8683 230.3175 22355.8700
v 596.6857 230.3836 22355.8700
v 596.7462 230.3619 22355.8700
v 596.5625 230.4248 22355.8700
v 596.6233 230.4042 22355.8700
v 596.4386 230.4639 22355.8700
v 596.4998 230.4443 22355.8700
v 596.3140 230.5008 22355.8700
v 596.3755 230.4823 22355.8700
v 596.1888 230.5355 22355.8700
v 596.2506 230.5181 22355.8700
v 596.0630 230.5681 22355.8700
v 596.1251 230.5517 22355.8700
v 595.9367 230.5984 22355.8700
v 595.9991 230.5831 22355.8700
v 595.8098 230.6265 22355.8700
v 595.8724 230.6123 22355.8700
v 595.6825 230.6524 22355.8700
v 595.7454 230.6393 22355.8700
v 595.5547 230.6761 22355.8700
v 595.6179 230.6641 22355.8700
v 595.4266 230.6975 22355.8700
v 595.4899 230.6867 22355.8700
v 595.2981 230.7168 22355.8700
v 595.3616 230.7070 22355.8700
v 595.1693 230.7337 22355.8700
v 595.2329 230.7251 22355.8700
v 595.0402 230.7484 22355.8700
v 595.1039 230.7409 22355.8700
v 594.9108 230.7609 22355.8700
v 594.9747 230.7544 22355.8700
v 594.7813 230.7711 22355.8700
v 594.8453 230.7657 22355.8700
v 594.6516 230.7790 22355.8700
v 594.7157 230.7748 22355.8700
v 594.5219 230.7847 22355.8700
v 594.5860 230.7816 22355.8700
v 594.3920 230.7881 22355.8700
v 594.4561 230.7861 22355.8700
v 594.2620 230.7892 22355.8700
v 594.3262 230.7884 22355.8700
v 594.1321 230.7881 22355.8700
v 594.1963 230.7883 22355.8700
v 594.0022 230.7847 22355.8700
v 594.0664 230.7861 22355.8700
v 593.8724 230.7790 22355.8700
v 593.9366 230.7815 22355.8700
v 593.7427 230.7711 22355.8700
v 593.8068 230.7747 22355.8700
v 593.6132 230.7609 22355.8700
v 593.6772 230.7656 22355.8700
v 593.4838 230.7484 22355.8700
v 593.5478 230.7543 22355.8700
v 593.3547 230.7337 22355.8700
v 593.4186 230.7407 22355.8700
v 593.2260 230.7168 22355.8700
v 593.2897 230.7249 22355.8700
v 593.0974 230.6975 22355.8700
v 593.1610 230.7068 22355.8700
v 592.9693 230.6761 22355.8700
v 593.0327 230.6864 22355.8700
v 592.8416 230.6524 22355.8700
v 592.9047 230.6638 22355.8700
v 592.7142 230.6265 22355.8700
v 592.7772 230.6390 22355.8700
v 592.5873 230.5984 22355.8700
v 592.6501 230.6120 22355.8700
v 592.4610 230.5681 22355.8700
v 592.5235 230.5828 22355.8700
v 592.3352 230.5355 22355.8700
v 592.3975 230.5513 22355.8700
v 592.2100 230.5008 22355.8700
v 592.2720 230.5177 22355.8700
v 592.0854 230.4639 22355.8700
v 592.1471 230.4819 22355.8700
v 591.9615 230.4248 22355.8700
v 592.0228 230.4439 22355.8700
v 591.8383 230.3836 22355.8700
v 591.8993 230.4037 22355.8700
v 591.7158 230.3402 22355.8700
v 591.7765 230.3614 22355.8700
v 591.5941 230.2947 22355.8700
v 591.6544 230.3170 22355.8700
v 591.4733 230.2471 22355.8700
v 591.5331 230.2704 22355.8700
v 591.3532 230.1974 22355.8700
v 591.4127 230.2217 22355.8700
v 591.2341 230.1456 22355.8700
v 591.2930 230.1709 22355.8700
v 591.1158 230.0917 22355.8700
v 591.1744 230.1181 22355.8700
v 590.9985 230.0358 22355.8700
v 591.0566 230.0632 22355.8700
v 590.8823 229.9778 22355.8700
v 590.9399 230.0062 22355.8700
v 590.7670 229.9178 22355.8700
v 590.8241 229.9472 22355.8700
v 590.6528 229.8558 22355.8700
v 590.7094 229.8862 22355.8700
v 590.5397 229.7918 22355.8700
v 590.5958 229.8232 22355.8700
v 590.4278 229.7259 22355.8700
v 590.4833 229.7582 22355.8700
v 590.3170 229.6580 22355.8700
v 590.3719 229.6913 22355.8700
v 590.2075 229.5882 22355.8700
v 590.2617 229.6224 22355.8700
v 590.0991 229.5165 22355.8700
v 590.1528 229.5517 22355.8700
v 589.9920 229.4429 22355.8700
v 590.0451 229.4790 22355.8700
v 589.8862 229.3674 22355.8700
v 589.9387 229.4045 22355.8700
v 589.7818 229.2901 22355.8700
v 589.8336 229.3281 22355.8700
v 589.6787 229.2110 22355.8700
v 589.7298 229.2499 22355.8700
v 589.5770 229.1302 22355.8700
v 589.6274 229.1699 22355.8700
v 589.4767 229.0475 22355.8700
v 589.5265 229.0881 22355.8700
v 589.3779 228.9631 22355.8700
v 589.4269 229.0046 22355.8700
v 589.2806 228.8770 22355.8700
v 589.3289 228.9194 22355.8700
v 589.1849 228.7892 22355.8700
v 589.2324 228.8324 22355.8700
v 589.0906 228.6998 22355.8700
v 589.1374 228.7438 22355.8700
v 588.9979 228.6087 22355.8700
v 589.0439 228.6535 22355.8700
v 588.9069 228.5161 22355.8700
v 588.9521 228.5617 22355.8700
v 588.8174 228.4218 22355.8700
v 588.8618 228.4682 22355.8700
v 588.7296 228.3260 22355.8700
v 588.7733 228.3732 22355.8700
v 588.6436 228.2287 22355.8700
v 588.6863 228.2766 22355.8700
v 588.5591 228.1299 22355.8700
v 588.6011 228.1786 22355.8700
v 588.4765 228.0296 22355.8700
v 588.5176 228.0790 22355.8700
v 588.3956 227.9280 22355.8700
v 588.4359 227.9780 22355.8700
v 588.3165 227.8249 22355.8700
v 588.3558 227.8757 22355.8700
v 588.2393 227.7204 22355.8700
v 588.2776 227.7719 22355.8700
v 588.1638 227.6147 22355.8700
v 588.2013 227.6668 22355.8700
v 588.0902 227.5076 22355.8700
v 588.1268 227.5603 22355.8700
v 588.0185 227.3992 22355.8700
v 588.0542 227.4526 22355.8700
v 587.9487 227.2897 22355.8700
v 587.9834 227.3437 22355.8700
v 587.8808 227.1789 22355.8700
v 587.9146 227.2335 22355.8700
v 587.8149 227.0669 22355.8700
v 587.8477 227.1221 22355.8700
v 587.7509 226.9538 22355.8700
v 587.7827 227.0096 22355.8700
v 587.6889 226.8396 22355.8700
v 587.7198 226.8960 22355.8700
v 587.6289 226.7244 22355.8700
v 587.6588 226.7812 22355.8700
v 587.5709 226.6081 22355.8700
v 587.5998 226.6655 22355.8700
v 587.5150 226.4908 22355.8700
v 587.5428 226.5487 22355.8700
v 587.4611 226.3726 22355.8700
v 587.4880 226.4309 22355.8700
v 587.4093 226.2535 22355.8700
v 587.4351 226.3122 22355.8700
v 587.3596 226.1334 22355.8700
v 587.3844 226.1926 22355.8700
v 587.3120 226.0125 22355.8700
v 587.3358 226.0722 22355.8700
v 587.2664 225.8908 22355.8700
v 587.2892 225.9509 22355.8700
v 587.2231 225.7684 22355.8700
v 587.2448 225.8288 22355.8700
v 587.1818 225.6451 22355.8700
v 587.2025 225.7059 22355.8700
v 587.1428 225.5212 22355.8700
v 587.1624 225.5824 22355.8700
v 587.1058 225.3966 22355.8700
v 587.1244 225.4581 22355.8700
v 587.0712 225.2714 22355.8700
v 587.0886 225.3332 22355.8700
v 587.0386 225.1456 22355.8700
v 587.0549 225.2077 22355.8700
v 587.0083 225.0193 22355.8700
v 587.0236 225.0817 22355.8700
v 586.9802 224.8925 22355.8700
v 586.9943 224.9551 22355.8700
v 586.9542 224.7651 22355.8700
v 586.9673 224.8280 22355.8700
v 586.9305 224.6374 22355.8700
v 586.9426 224.7005 22355.8700
v 586.9091 224.5092 22355.8700
v 586.9200 224.5725 22355.8700
v 586.8899 224.3807 22355.8700
v 586.8997 224.4442 22355.8700
v 586.8730 224.2519 22355.8700
v 586.8817 224.3155 22355.8700
v 586.8583 224.1228 22355.8700
v 586.8658 224.1866 22355.8700
v 586.8458 223.9935 22355.8700
v 586.8522 224.0574 22355.8700
v 586.8356 223.8640 22355.8700
v 586.8409 223.9279 22355.8700
v 586.8277 223.7343 22355.8700
v 586.8318 223.7983 22355.8700
v 586.8220 223.6045 22355.8700
v 586.8251 223.6686 22355.8700
v 586.8186 223.4746 22355.8700
v 586.8206 223.5388 22355.8700
v 586.8174 223.3447 22355.8700
v 586.8183 223.4089 22355.8700
v 586.8186 223.2147 22355.8700
v 586.8184 223.2789 22355.8700
v 586.8220 223.0848 22355.8700
v 586.8206 223.1490 22355.8700
v 586.8277 222.9550 22355.8700
v 586.8251 223.0192 22355.8700
v 586.8356 222.8253 22355.8700
v 586.8320 222.8895 22355.8700
v 586.8458 222.6958 22355.8700
v 586.8411 222.7599 22355.8700
v 586.8583 222.5665 22355.8700
v 586.8524 222.6304 22355.8700
v 586.8730 222.4374 22355.8700
v 586.8660 222.5012 22355.8700
v 586.8899 222.3086 22355.8700
v 586.8818 222.3723 22355.8700
v 586.9091 222.1801 22355.8700
v 586.8999 222.2436 22355.8700
v 586.9305 222.0519 22355.8700
v 586.9202 222.1153 22355.8700
v 586.9542 221.9242 22355.8700
v 586.9428 221.9874 22355.8700
v 586.9802 221.7968 22355.8700
v 586.9677 221.8598 22355.8700
v 587.0083 221.6700 22355.8700
v 586.9946 221.7327 22355.8700
v 587.0386 221.5437 22355.8700
v 587.0239 221.6062 22355.8700
v 587.0712 221.4179 22355.8700
v 587.0554 221.4801 22355.8700
v 587.1058 221.2926 22355.8700
v 587.0890 221.3546 22355.8700
v 587.1428 221.1681 22355.8700
v 587.1248 221.2297 22355.8700
v 587.1818 221.0442 22355.8700
v 587.1628 221.1055 22355.8700
v 587.2231 220.9209 22355.8700
v 587.2029 220.9819 22355.8700
v 587.2664 220.7985 22355.8700
v 587.2452 220.8591 22355.8700
v 587.3120 220.6768 22355.8700
v 587.2897 220.7370 22355.8700
v 587.3596 220.5559 22355.8700
v 587.3363 220.6157 22355.8700
v 587.4093 220.4358 22355.8700
v 587.3849 220.4953 22355.8700
v 587.4611 220.3167 22355.8700
v 587.4357 220.3757 22355.8700
v 587.5150 220.1984 22355.8700
v 587.4886 220.2570 22355.8700
v 587.5709 220.0812 22355.8700
v 587.5435 220.1393 22355.8700
v 587.6289 219.9649 22355.8700
v 587.6005 220.0225 22355.8700
v 587.6889 219.8496 22355.8700
v 587.6595 219.9067 22355.8700
v 587.7509 219.7355 22355.8700
v 587.7205 219.7920 22355.8700
v 587.8149 219.6224 22355.8700
v 587.7835 219.6784 22355.8700
v 587.8808 219.5104 22355.8700
v 587.8484 219.5659 22355.8700
v 587.9487 219.3996 22355.8700
v 587.9154 219.4545 22355.8700
v 588.0185 219.2901 22355.8700
v 587.9843 219.3444 22355.8700
v 588.0902 219.1817 22355.8700
v 588.0550 219.2354 22355.8700
v 588.1638 219.0746 22355.8700
v 588.1277 219.1277 22355.8700
v 588.2393 218.9689 22355.8700
v 588.2022 219.0213 22355.8700
v 588.3165 218.8644 22355.8700
v 588.2786 218.9162 22355.8700
v 588.3956 218.7613 22355.8700
v 588.3568 218.8124 22355.8700
v 588.4765 218.6596 22355.8700
v 588.4368 218.7101 22355.8700
v 588.5591 218.5594 22355.8700
v 588.5186 218.6091 22355.8700
v 588.6436 218.4606 22355.8700
v 588.6021 218.5096 22355.8700
v 588.7296 218.3633 22355.8700
v 588.6873 218.4116 22355.8700
v 588.8174 218.2675 22355.8700
v 588.7742 218.3150 22355.8700
v 588.9069 218.1732 22355.8700
v 588.8629 218.2200 22355.8700
v 588.9979 218.0806 22355.8700
v 588.9531 218.1266 22355.8700
v 589.0906 217.9895 22355.8700
v 589.0450 218.0347 22355.8700
v 589.1849 217.9001 22355.8700
v 589.1385 217.9445 22355.8700
v 589.2806 217.8123 22355.8700
v 589.2335 217.8559 22355.8700
v 589.3779 217.7262 22355.8700
v 589.3301 217.7689 22355.8700
v 589.4767 217.6418 22355.8700
v 589.4281 217.6837 22355.8700
v 589.5770 217.5591 22355.8700
v 589.5276 217.6002 22355.8700
v 589.6787 217.4783 22355.8700
v 589.6286 217.5185 22355.8700
v 589.7818 217.3992 22355.8700
v 589.7310 217.4385 22355.8700
v 589.8862 217.3219 22355.8700
v 589.8348 217.3603 22355.8700
v 589.9920 217.2464 22355.8700
v 589.9399 217.2840 22355.8700
v 590.0991 217.1728 22355.8700
v 590.0463 217.2094 22355.8700
v 590.2075 217.1011 22355.8700
v 590.1541 217.1368 22355.8700
v 590.3170 217.0313 22355.8700
v 590.2630 217.0661 22355.8700
v 590.4278 216.9634 22355.8700
v 590.3732 216.9972 22355.8700
v 590.5397 216.8975 22355.8700
v 590.4846 216.9303 22355.8700
v 590.6528 216.8335 22355.8700
v 590.5971 216.8654 22355.8700
v 590.7670 216.7715 22355.8700
v 590.7107 216.8024 22355.8700
v 590.8823 216.7115 22355.8700
v 590.8254 216.7414 22355.8700
v 590.9985 216.6535 22355.8700
v 590.9412 216.6824 22355.8700
v 591.1158 216.5976 22355.8700
v 591.0580 216.6255 22355.8700
v 591.2341 216.5437 22355.8700
v 591.1757 216.5706 22355.8700
v 591.3532 216.4919 22355.8700
v 591.2944 216.5178 22355.8700
v 591.4733 216.4422 22355.8700
v 591.4140 216.4670 22355.8700
v 591.5941 216.3946 22355.8700
v 591.5345 216.4184 22355.8700
v 591.7158 216.3491 22355.8700
v 591.6558 216.3718 22355.8700
v 591.8383 216.3057 22355.8700
v 591.7779 216.3274 22355.8700
v 591.9615 216.2645 22355.8700
v 591.9007 216.2851 22355.8700
v 592.0854 216.2254 22355.8700
v 592.0243 216.2450 22355.8700
v 592.2100 216.1885 22355.8700
v 592.1486 216.2070 22355.8700
v 592.3352 216.1538 22355.8700
v 592.2734 216.1712 22355.8700
v 592.4610 216.1212 22355.8700
v 592.3989 216.1376 22355.8700
v 592.5873 216.0909 22355.8700
v 592.5250 216.1062 22355.8700
v 592.7142 216.0628 22355.8700
v 592.6516 216.0770 22355.8700
v 592.8416 216.0369 22355.8700
v 592.7787 216.0500 22355.8700
v 592.9693 216.0132 22355.8700
v 592.9062 216.0252 22355.8700
v 593.0974 215.9917 22355.8700
v 593.0342 216.0026 22355.8700
v 593.2260 215.9725 22355.8700
v 593.1625 215.9823 22355.8700
v 593.3547 215.9556 22355.8700
v 593.2911 215.9642 22355.8700
v 593.4838 215.9409 22355.8700
v 593.4201 215.9484 22355.8700
v 593.6132 215.9284 22355.8700
v 593.5493 215.9349 22355.8700
v 593.7427 215.9182 22355.8700
v 593.6787 215.9236 22355.8700
v 593.8724 215.9103 22355.8700
v 593.8083 215.9145 22355.8700
v 594.0022 215.9046 22355.8700
v 593.9380 215.9077 22355.8700
v 594.1321 215.9012 22355.8700
v 594.0679 215.9032 22355.8700
v 594.2620 215.9001 22355.8700
v 594.1978 215.9009 22355.8700
v 594.3920 215.9012 22355.8700
v 594.3278 215.9010 22355.8700
v 594.5219 215.9046 22355.8700
v 594.4576 215.9032 22355.8700
v 594.6516 215.9103 22355.8700
v 594.5875 215.9078 22355.8700
v 594.7813 215.9182 22355.8700
v 594.7172 215.9146 22355.8700
v 594.9108 215.9284 22355.8700
v 594.8468 215.9237 22355.8700
v 595.0402 215.9409 22355.8700
v 594.9763 215.9350 22355.8700
v 595.1693 215.9556 22355.8700
v 595.1055 215.9486 22355.8700
v 595.2981 215.9725 22355.8700
v 595.2344 215.9644 22355.8700
v 595.4266 215.9917 22355.8700
v 595.3630 215.9825 22355.8700
v 595.5547 216.0132 22355.8700
v 595.4914 216.0029 22355.8700
v 595.6825 216.0369 22355.8700
v 595.6193 216.0255 22355.8700
v 595.8098 216.0628 22355.8700
v 595.7468 216.0502 22355.8700
v 595.9367 216.0909 22355.8700
v 595.8739 216.0773 22355.8700
v 596.0630 216.1212 22355.8700
v 596.0005 216.1065 22355.8700
v 596.1888 216.1538 22355.8700
v 596.1266 216.1380 22355.8700
v 596.3140 216.1885 22355.8700
v 596.2521 216.1716 22355.8700
v 596.4386 216.2254 22355.8700
v 596.3770 216.2074 22355.8700
v 596.5625 216.2645 22355.8700
v 596.5012 216.2454 22355.8700
v 596.6857 216.3057 22355.8700
v 596.6248 216.2856 22355.8700
v 596.8082 216.3491 22355.8700
v 596.7476 216.3279 22355.8700
v 596.9299 216.3946 22355.8700
v 596.8697 216.3723 22355.8700
v 597.0508 216.4422 22355.8700
v 596.9910 216.4189 22355.8700
v 597.1708 216.4919 22355.8700
v 597.1114 216.4676 22355.8700
v 597.2900 216.5437 22355.8700
v 597.2310 216.5184 22355.8700
v 597.4082 216.5976 22355.8700
v 597.3497 216.5712 22355.8700
v 597.5255 216.6535 22355.8700
v 597.4674 216.6261 22355.8700
v 597.6418 216.7115 22355.8700
v 597.5842 216.6831 22355.8700
v 597.7570 216.7715 22355.8700
v 597.7000 216.7421 22355.8700
v 597.8712 216.8335 22355.8700
v 597.8146 216.8031 22355.8700
v 597.9843 216.8975 22355.8700
v 597.9283 216.8661 22355.8700
v 598.0963 216.9634 22355.8700
v 598.0408 216.9311 22355.8700
v 598.2070 217.0313 22355.8700
v 598.1522 216.9980 22355.8700
v 598.3166 217.1011 22355.8700
v 598.2623 217.0669 22355.8700
v 598.4250 217.1728 22355.8700
v 598.3713 217.1376 22355.8700
v 598.5320 217.2464 22355.8700
v 598.4789 217.2103 22355.8700
v 598.6378 217.3219 22355.8700
v 598.5854 217.2848 22355.8700
v 598.7422 217.3992 22355.8700
v 598.6905 217.3612 22355.8700
v 598.8453 217.4783 22355.8700
v 598.7943 217.4394 22355.8700
v 598.9470 217.5591 22355.8700
v 598.8966 217.5194 22355.8700
v 599.0473 217.6418 22355.8700
v 598.9976 217.6012 22355.8700
v 599.1461 217.7262 22355.8700
v 599.0970 217.6847 22355.8700
v 599.2434 217.8123 22355.8700
v 599.1951 217.7699 22355.8700
v 599.3392 217.9001 22355.8700
v 599.2917 217.8569 22355.8700
v 599.4335 217.9895 22355.8700
v 599.3867 217.9455 22355.8700
v 599.5261 218.0806 22355.8700
v 599.4801 218.0358 22355.8700
v 599.6172 218.1732 22355.8700
v 599.5720 218.1276 22355.8700
v 599.7066 218.2675 22355.8700
v 599.6622 218.2211 22355.8700
v 599.7944 218.3633 22355.8700
v 599.7508 218.3161 22355.8700
v 599.8805 218.4606 22355.8700
v 599.8377 218.4127 22355.8700
v 599.9649 218.5594 22355.8700
v 599.9230 218.5107 22355.8700
v 600.0475 218.6596 22355.8700
v 600.0065 218.6103 22355.8700
v 600.1284 218.7613 22355.8700
v 600.0882 218.7112 22355.8700
v 600.2075 218.8644 22355.8700
v 600.1682 218.8136 22355.8700
v 600.2848 218.9689 22355.8700
v 600.2463 218.9174 22355.8700
v 600.3602 219.0746 22355.8700
v 600.3227 219.0225 22355.8700
v 600.4338 219.1817 22355.8700
v 600.3972 219.1290 22355.8700
v 600.5056 219.2901 22355.8700
v 600.4698 219.2367 22355.8700
v 600.5754 219.3996 22355.8700
v 600.5406 219.3456 22355.8700
v 600.6432 219.5104 22355.8700
v 600.6094 219.4558 22355.8700
v 600.7092 219.6224 22355.8700
v 600.6763 219.5672 22355.8700
v 600.7732 219.7355 22355.8700
v 600.7413 219.6797 22355.8700
v 600.8351 219.8496 22355.8700
v 600.8043 219.7934 22355.8700
v 600.8951 219.9649 22355.8700
v 600.8652 219.9081 22355.8700
v 600.9531 220.0812 22355.8700
v 600.9243 220.0238 22355.8700
v 601.0091 220.1984 22355.8700
v 600.9812 220.1406 22355.8700
v 601.0629 220.3167 22355.8700
v 601.0361 220.2584 22355.8700
v 601.1147 220.4358 22355.8700
v 601.0889 220.3771 22355.8700
v 601.1645 220.5559 22355.8700
v 601.1396 220.4967 22355.8700
v 601.2121 220.6768 22355.8700
v 601.1883 220.6171 22355.8700
v 601.2576 220.7985 22355.8700
v 601.2349 220.7384 22355.8700
v 601.3010 220.9209 22355.8700
v 601.2793 220.8605 22355.8700
v 601.3422 221.0442 22355.8700
v 601.3216 220.9834 22355.8700
v 601.3813 221.1681 22355.8700
v 601.3617 221.1069 22355.8700
v 601.4182 221.2926 22355.8700
v 601.3997 221.2312 22355.8700
v 601.4529 221.4179 22355.8700
v 601.4355 221.3560 22355.8700
v 601.4854 221.5437 22355.8700
v 601.4691 221.4816 22355.8700
v 601.5157 221.6700 22355.8700
v 601.5005 221.6076 22355.8700
v 601.5439 221.7968 22355.8700
v 601.5297 221.7342 22355.8700
v 601.5698 221.9242 22355.8700
v 601.5567 221.8613 22355.8700
v 601.5934 222.0519 22355.8700
v 601.5815 221.9888 22355.8700
v 601.6149 222.1801 22355.8700
v 601.6041 222.1168 22355.8700
v 601.6341 222.3086 22355.8700
v 601.6243 222.2451 22355.8700
v 601.6511 222.4374 22355.8700
v 601.6424 222.3738 22355.8700
v 601.6658 222.5665 22355.8700
v 601.6583 222.5027 22355.8700
v 601.6782 222.6958 22355.8700
v 601.6718 222.6319 22355.8700
v 601.6884 222.8253 22355.8700
v 601.6831 222.7614 22355.8700
v 601.6964 222.9550 22355.8700
v 601.6921 222.8909 22355.8700
v 601.7020 223.0848 22355.8700
v 601.6990 223.0207 22355.8700
v 601.7054 223.2147 22355.8700
v 601.7035 223.1505 22355.8700
v 601.7057 223.2804 22355.8700
v 601.7065 223.3447 22460.0500
v 601.7054 223.2147 22460.0500
v 601.7063 223.2789 22460.0500
v 601.7020 223.0848 22460.0500
v 601.7040 223.1490 22460.0500
v 601.6964 222.9550 22460.0500
v 601.6995 223.0192 22460.0500
v 601.6884 222.8253 22460.0500
v 601.6926 222.8894 22460.0500
v 601.6782 222.6958 22460.0500
v 601.6836 222.7598 22460.0500
v 601.6658 222.5665 22460.0500
v 601.6722 222.6304 22460.0500
v 601.6511 222.4374 22460.0500
v 601.6586 222.5012 22460.0500
v 601.6341 222.3086 22460.0500
v 601.6428 222.3722 22460.0500
v 601.6149 222.1801 22460.0500
v 601.6247 222.2435 22460.0500
v 601.5934 222.0519 22460.0500
v 601.6044 222.1152 22460.0500
v 601.5698 221.9242 22460.0500
v 601.5818 221.9872 22460.0500
v 601.5439 221.7968 22460.0500
v 601.5569 221.8597 22460.0500
v 601.5157 221.6700 22460.0500
v 601.5300 221.7326 22460.0500
v 601.4854 221.5437 22460.0500
v 601.5007 221.6060 22460.0500
v 601.4529 221.4179 22460.0500
v 601.4692 221.4799 22460.0500
v 601.4182 221.2926 22460.0500
v 601.4356 221.3545 22460.0500
v 601.3813 221.1681 22460.0500
v 601.3998 221.2296 22460.0500
v 601.3422 221.0442 22460.0500
v 601.3618 221.1053 22460.0500
v 601.3010 220.9209 22460.0500
v 601.3217 220.9818 22460.0500
v 601.2576 220.7985 22460.0500
v 601.2793 220.8589 22460.0500
v 601.2121 220.6768 22460.0500
v 601.2349 220.7368 22460.0500
v 601.1645 220.5559 22460.0500
v 601.1883 220.6155 22460.0500
v 601.1147 220.4358 22460.0500
v 601.1396 220.4950 22460.0500
v 601.0629 220.3167 22460.0500
v 601.0888 220.3755 22460.0500
v 601.0091 220.1984 22460.0500
v 601.0359 220.2568 22460.0500
v 600.9531 220.0812 22460.0500
v 600.9810 220.1390 22460.0500
v 600.8951 219.9649 22460.0500
v 600.9241 220.0222 22460.0500
v 600.8351 219.8496 22460.0500
v 600.8651 219.9065 22460.0500
v 600.7732 219.7355 22460.0500
v 600.8041 219.7918 22460.0500
v 600.7092 219.6224 22460.0500
v 600.7411 219.6781 22460.0500
v 600.6432 219.5104 22460.0500
v 600.6761 219.5656 22460.0500
v 600.5754 219.3996 22460.0500
v 600.6091 219.4542 22460.0500
v 600.5056 219.2901 22460.0500
v 600.5403 219.3441 22460.0500
v 600.4338 219.1817 22460.0500
v 600.4695 219.2351 22460.0500
v 600.3602 219.0746 22460.0500
v 600.3969 219.1274 22460.0500
v 600.2848 218.9689 22460.0500
v 600.3223 219.0210 22460.0500
v 600.2075 218.8644 22460.0500
v 600.2459 218.9159 22460.0500
v 600.1284 218.7613 22460.0500
v 600.1677 218.8121 22460.0500
v 600.0475 218.6596 22460.0500
v 600.0877 218.7097 22460.0500
v 599.9649 218.5594 22460.0500
v 600.0059 218.6087 22460.0500
v 599.8805 218.4606 22460.0500
v 599.9224 218.5092 22460.0500
v 599.7944 218.3633 22460.0500
v 599.8372 218.4112 22460.0500
v 599.7066 218.2675 22460.0500
v 599.7502 218.3146 22460.0500
v 599.6172 218.1732 22460.0500
v 599.6616 218.2196 22460.0500
v 599.5261 218.0806 22460.0500
v 599.5714 218.1262 22460.0500
v 599.4335 217.9895 22460.0500
v 599.4794 218.0343 22460.0500
v 599.3392 217.9001 22460.0500
v 599.3860 217.9440 22460.0500
v 599.2434 217.8123 22460.0500
v 599.2910 217.8554 22460.0500
v 599.1461 217.7262 22460.0500
v 599.1944 217.7685 22460.0500
v 599.0473 217.6418 22460.0500
v 599.0963 217.6833 22460.0500
v 598.9470 217.5591 22460.0500
v 598.9968 217.5998 22460.0500
v 598.8453 217.4783 22460.0500
v 598.8958 217.5180 22460.0500
v 598.7422 217.3992 22460.0500
v 598.7934 217.4380 22460.0500
v 598.6378 217.3219 22460.0500
v 598.6896 217.3598 22460.0500
v 598.5320 217.2464 22460.0500
v 598.5845 217.2835 22460.0500
v 598.4250 217.1728 22460.0500
v 598.4780 217.2090 22460.0500
v 598.3166 217.1011 22460.0500
v 598.3703 217.1363 22460.0500
v 598.2070 217.0313 22460.0500
v 598.2614 217.0656 22460.0500
v 598.0963 216.9634 22460.0500
v 598.1511 216.9967 22460.0500
v 597.9843 216.8975 22460.0500
v 598.0398 216.9298 22460.0500
v 597.8712 216.8335 22460.0500
v 597.9272 216.8649 22460.0500
v 597.7570 216.7715 22460.0500
v 597.8136 216.8019 22460.0500
v 597.6418 216.7115 22460.0500
v 597.6989 216.7409 22460.0500
v 597.5255 216.6535 22460.0500
v 597.5831 216.6819 22460.0500
v 597.4082 216.5976 22460.0500
v 597.4663 216.6250 22460.0500
v 597.2900 216.5437 22460.0500
v 597.3486 216.5701 22460.0500
v 597.1708 216.4919 22460.0500
v 597.2299 216.5172 22460.0500
v 597.0508 216.4422 22460.0500
v 597.1102 216.4665 22460.0500
v 596.9299 216.3946 22460.0500
v 596.9897 216.4178 22460.0500
v 596.8082 216.3491 22460.0500
v 596.8685 216.3713 22460.0500
v 596.6857 216.3057 22460.0500
v 596.7463 216.3269 22460.0500
v 596.5625 216.2645 22460.0500
v 596.6235 216.2846 22460.0500
v 596.4386 216.2254 22460.0500
v 596.4999 216.2444 22460.0500
v 596.3140 216.1885 22460.0500
v 596.3757 216.2065 22460.0500
v 596.1888 216.1538 22460.0500
v 596.2508 216.1707 22460.0500
v 596.0630 216.1212 22460.0500
v 596.1252 216.1370 22460.0500
v 595.9367 216.0909 22460.0500
v 595.9992 216.1056 22460.0500
v 595.8098 216.0628 22460.0500
v 595.8726 216.0764 22460.0500
v 595.6825 216.0369 22460.0500
v 595.7455 216.0494 22460.0500
v 595.5547 216.0132 22460.0500
v 595.6179 216.0246 22460.0500
v 595.4266 215.9917 22460.0500
v 595.4900 216.0021 22460.0500
v 595.2981 215.9725 22460.0500
v 595.3616 215.9818 22460.0500
v 595.1693 215.9556 22460.0500
v 595.2330 215.9637 22460.0500
v 595.0402 215.9409 22460.0500
v 595.1040 215.9479 22460.0500
v 594.9108 215.9284 22460.0500
v 594.9748 215.9343 22460.0500
v 594.7813 215.9182 22460.0500
v 594.8453 215.9230 22460.0500
v 594.6516 215.9103 22460.0500
v 594.7158 215.9139 22460.0500
v 594.5219 215.9046 22460.0500
v 594.5860 215.9072 22460.0500
v 594.3920 215.9012 22460.0500
v 594.4562 215.9026 22460.0500
v 594.2620 215.9001 22460.0500
v 594.3262 215.9004 22460.0500
v 594.1321 215.9012 22460.0500
v 594.1963 215.9004 22460.0500
v 594.0022 215.9046 22460.0500
v 594.0664 215.9027 22460.0500
v 593.8724 215.9103 22460.0500
v 593.9365 215.9072 22460.0500
v 593.7427 215.9182 22460.0500
v 593.8068 215.9140 22460.0500
v 593.6132 215.9284 22460.0500
v 593.6772 215.9231 22460.0500
v 593.4838 215.9409 22460.0500
v 593.5477 215.9344 22460.0500
v 593.3547 215.9556 22460.0500
v 593.4185 215.9480 22460.0500
v 593.2260 215.9725 22460.0500
v 593.2896 215.9639 22460.0500
v 593.0974 215.9917 22460.0500
v 593.1609 215.9820 22460.0500
v 592.9693 216.0132 22460.0500
v 593.0326 216.0023 22460.0500
v 592.8416 216.0369 22460.0500
v 592.9046 216.0249 22460.0500
v 592.7142 216.0628 22460.0500
v 592.7771 216.0497 22460.0500
v 592.5873 216.0909 22460.0500
v 592.6500 216.0767 22460.0500
v 592.4610 216.1212 22460.0500
v 592.5234 216.1060 22460.0500
v 592.3352 216.1538 22460.0500
v 592.3973 216.1374 22460.0500
v 592.2100 216.1885 22460.0500
v 592.2719 216.1711 22460.0500
v 592.0854 216.2254 22460.0500
v 592.1469 216.2069 22460.0500
v 591.9615 216.2645 22460.0500
v 592.0227 216.2449 22460.0500
v 591.8383 216.3057 22460.0500
v 591.8991 216.2850 22460.0500
v 591.7158 216.3491 22460.0500
v 591.7762 216.3274 22460.0500
v 591.5941 216.3946 22460.0500
v 591.6542 216.3718 22460.0500
v 591.4733 216.4422 22460.0500
v 591.5329 216.4184 22460.0500
v 591.3532 216.4919 22460.0500
v 591.4124 216.4671 22460.0500
v 591.2341 216.5437 22460.0500
v 591.2928 216.5179 22460.0500
v 591.1158 216.5976 22460.0500
v 591.1741 216.5707 22460.0500
v 590.9985 216.6535 22460.0500
v 591.0564 216.6256 22460.0500
v 590.8823 216.7115 22460.0500
v 590.9396 216.6826 22460.0500
v 590.7670 216.7715 22460.0500
v 590.8239 216.7416 22460.0500
v 590.6528 216.8335 22460.0500
v 590.7091 216.8026 22460.0500
v 590.5397 216.8975 22460.0500
v 590.5955 216.8656 22460.0500
v 590.4278 216.9634 22460.0500
v 590.4830 216.9306 22460.0500
v 590.3170 217.0313 22460.0500
v 590.3716 216.9975 22460.0500
v 590.2075 217.1011 22460.0500
v 590.2614 217.0664 22460.0500
v 590.0991 217.1728 22460.0500
v 590.1525 217.1372 22460.0500
v 589.9920 217.2464 22460.0500
v 590.0447 217.2098 22460.0500
v 589.8862 217.3219 22460.0500
v 589.9384 217.2844 22460.0500
v 589.7818 217.3992 22460.0500
v 589.8333 217.3607 22460.0500
v 589.6787 217.4783 22460.0500
v 589.7295 217.4389 22460.0500
v 589.5770 217.5591 22460.0500
v 589.6271 217.5190 22460.0500
v 589.4767 217.6418 22460.0500
v 589.5261 217.6007 22460.0500
v 589.3779 217.7262 22460.0500
v 589.4266 217.6842 22460.0500
v 589.2806 217.8123 22460.0500
v 589.3286 217.7695 22460.0500
v 589.1849 217.9001 22460.0500
v 589.2320 217.8565 22460.0500
v 589.0906 217.9895 22460.0500
v 589.1370 217.9451 22460.0500
v 588.9979 218.0806 22460.0500
v 589.0435 218.0353 22460.0500
v 588.9069 218.1732 22460.0500
v 588.9517 218.1272 22460.0500
v 588.8174 218.2675 22460.0500
v 588.8615 218.2207 22460.0500
v 588.7296 218.3633 22460.0500
v 588.7728 218.3157 22460.0500
v 588.6436 218.4606 22460.0500
v 588.6859 218.4123 22460.0500
v 588.5591 218.5594 22460.0500
v 588.6006 218.5104 22460.0500
v 588.4765 218.6596 22460.0500
v 588.5172 218.6099 22460.0500
v 588.3956 218.7613 22460.0500
v 588.4354 218.7109 22460.0500
v 588.3165 218.8644 22460.0500
v 588.3554 218.8133 22460.0500
v 588.2393 218.9689 22460.0500
v 588.2772 218.9171 22460.0500
v 588.1638 219.0746 22460.0500
v 588.2009 219.0222 22460.0500
v 588.0902 219.1817 22460.0500
v 588.1263 219.1286 22460.0500
v 588.0185 219.2901 22460.0500
v 588.0537 219.2364 22460.0500
v 587.9487 219.3996 22460.0500
v 587.9830 219.3453 22460.0500
v 587.8808 219.5104 22460.0500
v 587.9141 219.4555 22460.0500
v 587.8149 219.6224 22460.0500
v 587.8472 219.5669 22460.0500
v 587.7509 219.7355 22460.0500
v 587.7822 219.6794 22460.0500
v 587.6889 219.8496 22460.0500
v 587.7192 219.7931 22460.0500
v 587.6289 219.9649 22460.0500
v 587.6583 219.9078 22460.0500
v 587.5709 220.0812 22460.0500
v 587.5993 220.0236 22460.0500
v 587.5150 220.1984 22460.0500
v 587.5424 220.1404 22460.0500
v 587.4611 220.3167 22460.0500
v 587.4875 220.2581 22460.0500
v 587.4093 220.4358 22460.0500
v 587.4346 220.3768 22460.0500
v 587.3596 220.5559 22460.0500
v 587.3839 220.4964 22460.0500
v 587.3120 220.6768 22460.0500
v 587.3352 220.6169 22460.0500
v 587.2664 220.7985 22460.0500
v 587.2886 220.7382 22460.0500
v 587.2231 220.9209 22460.0500
v 587.2442 220.8603 22460.0500
v 587.1818 221.0442 22460.0500
v 587.2020 220.9832 22460.0500
v 587.1428 221.1681 22460.0500
v 587.1618 221.1068 22460.0500
v 587.1058 221.2926 22460.0500
v 587.1238 221.2310 22460.0500
v 587.0712 221.4179 22460.0500
v 587.0880 221.3559 22460.0500
v 587.0386 221.5437 22460.0500
v 587.0544 221.4814 22460.0500
v 587.0083 221.6700 22460.0500
v 587.0230 221.6075 22460.0500
v 586.9802 221.7968 22460.0500
v 586.9938 221.7341 22460.0500
v 586.9542 221.9242 22460.0500
v 586.9668 221.8612 22460.0500
v 586.9305 222.0519 22460.0500
v 586.9420 221.9887 22460.0500
v 586.9091 222.1801 22460.0500
v 586.9194 222.1167 22460.0500
v 586.8899 222.3086 22460.0500
v 586.8991 222.2450 22460.0500
v 586.8730 222.4374 22460.0500
v 586.8810 222.3737 22460.0500
v 586.8583 222.5665 22460.0500
v 586.8652 222.5026 22460.0500
v 586.8458 222.6958 22460.0500
v 586.8517 222.6319 22460.0500
v 586.8356 222.8253 22460.0500
v 586.8403 222.7613 22460.0500
v 586.8277 222.9550 22460.0500
v 586.8313 222.8909 22460.0500
v 586.8220 223.0848 22460.0500
v 586.8245 223.0207 22460.0500
v 586.8186 223.2147 22460.0500
v 586.8200 223.1505 22460.0500
v 586.8174 223.3447 22460.0500
v 586.8177 223.2804 22460.0500
v 586.8186 223.4746 22460.0500
v 586.8177 223.4104 22460.0500
v 586.8220 223.6045 22460.0500
v 586.8201 223.5403 22460.0500
v 586.8277 223.7343 22460.0500
v 586.8246 223.6701 22460.0500
v 586.8356 223.8640 22460.0500
v 586.8314 223.7999 22460.0500
v 586.8458 223.9935 22460.0500
v 586.8405 223.9295 22460.0500
v 586.8583 224.1228 22460.0500
v 586.8518 224.0589 22460.0500
v 586.8730 224.2519 22460.0500
v 586.8654 224.1881 22460.0500
v 586.8899 224.3807 22460.0500
v 586.8813 224.3171 22460.0500
v 586.9091 224.5092 22460.0500
v 586.8994 224.4458 22460.0500
v 586.9305 224.6374 22460.0500
v 586.9197 224.5741 22460.0500
v 586.9542 224.7651 22460.0500
v 586.9423 224.7020 22460.0500
v 586.9802 224.8925 22460.0500
v 586.9671 224.8296 22460.0500
v 587.0083 225.0193 22460.0500
v 586.9941 224.9567 22460.0500
v 587.0386 225.1456 22460.0500
v 587.0233 225.0833 22460.0500
v 587.0712 225.2714 22460.0500
v 587.0548 225.2093 22460.0500
v 587.1058 225.3966 22460.0500
v 587.0884 225.3348 22460.0500
v 587.1428 225.5212 22460.0500
v 587.1243 225.4597 22460.0500
v 587.1818 225.6451 22460.0500
v 587.1622 225.5840 22460.0500
v 587.2231 225.7684 22460.0500
v 587.2024 225.7076 22460.0500
v 587.2664 225.8908 22460.0500
v 587.2448 225.8304 22460.0500
v 587.3120 226.0125 22460.0500
v 587.2892 225.9525 22460.0500
v 587.3596 226.1334 22460.0500
v 587.3358 226.0738 22460.0500
v 587.4093 226.2535 22460.0500
v 587.3845 226.1942 22460.0500
v 587.4611 226.3726 22460.0500
v 587.4352 226.3138 22460.0500
v 587.5150 226.4908 22460.0500
v 587.4881 226.4325 22460.0500
v 587.5709 226.6081 22460.0500
v 587.5430 226.5503 22460.0500
v 587.6289 226.7244 22460.0500
v 587.6000 226.6671 22460.0500
v 587.6889 226.8396 22460.0500
v 587.6590 226.7828 22460.0500
v 587.7509 226.9538 22460.0500
v 587.7200 226.8975 22460.0500
v 587.8149 227.0669 22460.0500
v 587.7830 227.0112 22460.0500
v 587.8808 227.1789 22460.0500
v 587.8480 227.1237 22460.0500
v 587.9487 227.2897 22460.0500
v 587.9149 227.2351 22460.0500
v 588.0185 227.3992 22460.0500
v 587.9838 227.3452 22460.0500
v 588.0902 227.5076 22460.0500
v 588.0545 227.4542 22460.0500
v 588.1638 227.6147 22460.0500
v 588.1272 227.5619 22460.0500
v 588.2393 227.7204 22460.0500
v 588.2017 227.6683 22460.0500
v 588.3165 227.8249 22460.0500
v 588.2781 227.7734 22460.0500
v 588.3956 227.9280 22460.0500
v 588.3563 227.8772 22460.0500
v 588.4765 228.0296 22460.0500
v 588.4363 227.9796 22460.0500
v 588.5591 228.1299 22460.0500
v 588.5181 228.0805 22460.0500
v 588.6436 228.2287 22460.0500
v 588.6016 228.1801 22460.0500
v 588.7296 228.3260 22460.0500
v 588.6869 228.2781 22460.0500
v 588.8174 228.4218 22460.0500
v 588.7738 228.3747 22460.0500
v 588.9069 228.5161 22460.0500
v 588.8624 228.4697 22460.0500
v 588.9979 228.6087 22460.0500
v 588.9527 228.5631 22460.0500
v 589.0906 228.6998 22460.0500
v 589.0446 228.6550 22460.0500
v 589.1849 228.7892 22460.0500
v 589.1381 228.7453 22460.0500
v 589.2806 228.8770 22460.0500
v 589.2331 228.8338 22460.0500
v 589.3779 228.9631 22460.0500
v 589.3297 228.9208 22460.0500
v 589.4767 229.0475 22460.0500
v 589.4277 229.0060 22460.0500
v 589.5770 229.1302 22460.0500
v 589.5273 229.0895 22460.0500
v 589.6787 229.2110 22460.0500
v 589.6283 229.1713 22460.0500
v 589.7818 229.2901 22460.0500
v 589.7307 229.2513 22460.0500
v 589.8862 229.3674 22460.0500
v 589.8344 229.3295 22460.0500
v 589.9920 229.4429 22460.0500
v 589.9396 229.4058 22460.0500
v 590.0991 229.5165 22460.0500
v 590.0460 229.4803 22460.0500
v 590.2075 229.5882 22460.0500
v 590.1537 229.5530 22460.0500
v 590.3170 229.6580 22460.0500
v 590.2627 229.6237 22460.0500
v 590.4278 229.7259 22460.0500
v 590.3729 229.6926 22460.0500
v 590.5397 229.7918 22460.0500
v 590.4843 229.7595 22460.0500
v 590.6528 229.8558 22460.0500
v 590.5968 229.8244 22460.0500
v 590.7670 229.9178 22460.0500
v 590.7104 229.8874 22460.0500
v 590.8823 229.9778 22460.0500
v 590.8252 229.9484 22460.0500
v 590.9985 230.0358 22460.0500
v 590.9410 230.0074 22460.0500
v 591.1158 230.0917 22460.0500
v 591.0577 230.0643 22460.0500
v 591.2341 230.1456 22460.0500
v 591.1755 230.1192 22460.0500
v 591.3532 230.1974 22460.0500
v 591.2942 230.1720 22460.0500
v 591.4733 230.2471 22460.0500
v 591.4138 230.2228 22460.0500
v 591.5941 230.2947 22460.0500
v 591.5343 230.2715 22460.0500
v 591.7158 230.3402 22460.0500
v 591.6556 230.3180 22460.0500
v 591.8383 230.3836 22460.0500
v 591.7777 230.3624 22460.0500
v 591.9615 230.4248 22460.0500
v 591.9006 230.4047 22460.0500
v 592.0854 230.4639 22460.0500
v 592.0241 230.4449 22460.0500
v 592.2100 230.5008 22460.0500
v 592.1484 230.4828 22460.0500
v 592.3352 230.5355 22460.0500
v 592.2733 230.5186 22460.0500
v 592.4610 230.5681 22460.0500
v 592.3988 230.5523 22460.0500
v 592.5873 230.5984 22460.0500
v 592.5248 230.5837 22460.0500
v 592.7142 230.6265 22460.0500
v 592.6515 230.6129 22460.0500
v 592.8416 230.6524 22460.0500
v 592.7786 230.6399 22460.0500
v 592.9693 230.6761 22460.0500
v 592.9061 230.6647 22460.0500
v 593.0974 230.6975 22460.0500
v 593.0341 230.6872 22460.0500
v 593.2260 230.7168 22460.0500
v 593.1624 230.7075 22460.0500
v 593.3547 230.7337 22460.0500
v 593.2911 230.7256 22460.0500
v 593.4838 230.7484 22460.0500
v 593.4200 230.7414 22460.0500
v 593.6132 230.7609 22460.0500
v 593.5493 230.7550 22460.0500
v 593.7427 230.7711 22460.0500
v 593.6786 230.7663 22460.0500
v 593.8724 230.7790 22460.0500
v 593.8083 230.7754 22460.0500
v 594.0022 230.7847 22460.0500
v 593.9380 230.7822 22460.0500
v 594.1321 230.7881 22460.0500
v 594.0679 230.7867 22460.0500
v 594.2620 230.7892 22460.0500
v 594.1978 230.7889 22460.0500
v 594.3920 230.7881 22460.0500
v 594.3278 230.7889 22460.0500
v 594.5219 230.7847 22460.0500
v 594.4576 230.7866 22460.0500
v 594.6516 230.7790 22460.0500
v 594.5875 230.7821 22460.0500
v 594.7813 230.7711 22460.0500
v 594.7172 230.7753 22460.0500
v 594.9108 230.7609 22460.0500
v 594.8469 230.7662 22460.0500
v 595.0402 230.7484 22460.0500
v 594.9763 230.7549 22460.0500
v 595.1693 230.7337 22460.0500
v 595.1055 230.7413 22460.0500
v 595.2981 230.7168 22460.0500
v 595.2345 230.7254 22460.0500
v 595.4266 230.6975 22460.0500
v 595.3632 230.7073 22460.0500
v 595.5547 230.6761 22460.0500
v 595.4915 230.6870 22460.0500
v 595.6825 230.6524 22460.0500
v 595.6194 230.6644 22460.0500
v 595.8098 230.6265 22460.0500
v 595.7469 230.6396 22460.0500
v 595.9367 230.5984 22460.0500
v 595.8740 230.6126 22460.0500
v 596.0630 230.5681 22460.0500
v 596.0007 230.5833 22460.0500
v 596.1888 230.5355 22460.0500
v 596.1267 230.5519 22460.0500
v 596.3140 230.5008 22460.0500
v 596.2522 230.5182 22460.0500
v 596.4386 230.4639 22460.0500
v 596.3771 230.4824 22460.0500
v 596.5625 230.4248 22460.0500
v 596.5013 230.4444 22460.0500
v 596.6857 230.3836 22460.0500
v 596.6249 230.4043 22460.0500
v 596.8082 230.3402 22460.0500
v 596.7477 230.3619 22460.0500
v 596.9299 230.2947 22460.0500
v 596.8699 230.3175 22460.0500
v 597.0508 230.2471 22460.0500
v 596.9911 230.2709 22460.0500
v 597.1708 230.1974 22460.0500
v 597.1116 230.2222 22460.0500
v 597.2900 230.1456 22460.0500
v 597.2312 230.1714 22460.0500
v 597.4082 230.0917 22460.0500
v 597.3499 230.1186 22460.0500
v 597.5255 230.0358 22460.0500
v 597.4677 230.0637 22460.0500
v 597.6418 229.9778 22460.0500
v 597.5844 230.0067 22460.0500
v 597.7570 229.9178 22460.0500
v 597.7002 229.9477 22460.0500
v 597.8712 229.8558 22460.0500
v 597.8149 229.8867 22460.0500
v 597.9843 229.7918 22460.0500
v 597.9285 229.8237 22460.0500
v 598.0963 229.7259 22460.0500
v 598.0411 229.7587 22460.0500
v 598.2070 229.6580 22460.0500
v 598.1524 229.6918 22460.0500
v 598.3166 229.5882 22460.0500
v 598.2626 229.6229 22460.0500
v 598.4250 229.5165 22460.0500
v 598.3716 229.5521 22460.0500
v 598.5320 229.4429 22460.0500
v 598.4793 229.4795 22460.0500
v 598.6378 229.3674 22460.0500
v 598.5857 229.4049 22460.0500
v 598.7422 229.2901 22460.0500
v 598.6908 229.3286 22460.0500
v 598.8453 229.2110 22460.0500
v 598.7946 229.2504 22460.0500
v 598.9470 229.1302 22460.0500
v 598.8970 229.1703 22460.0500
v 599.0473 229.0475 22460.0500
v 598.9979 229.0886 22460.0500
v 599.1461 228.9631 22460.0500
v 599.0974 229.0050 22460.0500
v 599.2434 228.8770 22460.0500
v 599.1955 228.9198 22460.0500
v 599.3392 228.7892 22460.0500
v 599.2921 228.8328 22460.0500
v 599.4335 228.6998 22460.0500
v 599.3871 228.7442 22460.0500
v 599.5261 228.6087 22460.0500
v 599.4805 228.6539 22460.0500
v 599.6172 228.5161 22460.0500
v 599.5724 228.5621 22460.0500
v 599.7066 228.4218 22460.0500
v 599.6626 228.4686 22460.0500
v 599.7944 228.3260 22460.0500
v 599.7512 228.3736 22460.0500
v 599.8805 228.2287 22460.0500
v 599.8381 228.2770 22460.0500
v 599.9649 228.1299 22460.0500
v 599.9234 228.1789 22460.0500
v 600.0475 228.0296 22460.0500
v 600.0069 228.0794 22460.0500
v 600.1284 227.9280 22460.0500
v 600.0887 227.9784 22460.0500
v 600.2075 227.8249 22460.0500
v 600.1686 227.8760 22460.0500
v 600.2848 227.7204 22460.0500
v 600.2468 227.7722 22460.0500
v 600.3602 227.6147 22460.0500
v 600.3232 227.6671 22460.0500
v 600.4338 227.5076 22460.0500
v 600.3977 227.5607 22460.0500
v 600.5056 227.3992 22460.0500
v 600.4703 227.4529 22460.0500
v 600.5754 227.2897 22460.0500
v 600.5411 227.3440 22460.0500
v 600.6432 227.1789 22460.0500
v 600.6099 227.2338 22460.0500
v 600.7092 227.0669 22460.0500
v 600.6768 227.1224 22460.0500
v 600.7732 226.9538 22460.0500
v 600.7418 227.0099 22460.0500
v 600.8351 226.8396 22460.0500
v 600.8047 226.8962 22460.0500
v 600.8951 226.7244 22460.0500
v 600.8658 226.7815 22460.0500
v 600.9531 226.6081 22460.0500
v 600.9247 226.6657 22460.0500
v 601.0091 226.4908 22460.0500
v 600.9817 226.5489 22460.0500
v 601.0629 226.3726 22460.0500
v 601.0366 226.4312 22460.0500
v 601.1147 226.2535 22460.0500
v 601.0894 226.3125 22460.0500
v 601.1645 226.1334 22460.0500
v 601.1402 226.1929 22460.0500
v 601.2121 226.0125 22460.0500
v 601.1888 226.0724 22460.0500
v 601.2576 225.8908 22460.0500
v 601.2354 225.9511 22460.0500
v 601.3010 225.7684 22460.0500
v 601.2798 225.8290 22460.0500
v 601.3422 225.6451 22460.0500
v 601.3221 225.7061 22460.0500
v 601.3813 225.5212 22460.0500
v 601.3622 225.5826 22460.0500
v 601.4182 225.3966 22460.0500
v 601.4002 225.4583 22460.0500
v 601.4529 225.2714 22460.0500
v 601.4360 225.3334 22460.0500
v 601.4854 225.1456 22460.0500
v 601.4696 225.2079 22460.0500
v 601.5157 225.0193 22460.0500
v 601.5010 225.0818 22460.0500
v 601.5439 224.8925 22460.0500
v 601.5303 224.9552 22460.0500
v 601.5698 224.7651 22460.0500
v 601.5573 224.8281 22460.0500
v 601.5934 224.6374 22460.0500
v 601.5820 224.7006 22460.0500
v 601.6149 224.5092 22460.0500
v 601.6046 224.5726 22460.0500
v 601.6341 224.3807 22460.0500
v 601.6249 224.4443 22460.0500
v 601.6511 224.2519 22460.0500
v 601.6430 224.3156 22460.0500
v 601.6658 224.1228 22460.0500
v 601.6588 224.1866 22460.0500
v 601.6782 223.9935 22460.0500
v 601.6724 224.0574 22460.0500
v 601.6884 223.8640 22460.0500
v 601.6837 223.9280 22460.0500
v 601.6964 223.7343 22460.0500
v 601.6927 223.7984 22460.0500
v 601.7020 223.6045 22460.0500
v 601.6995 223.6686 22460.0500
v 601.7054 223.4746 22460.0500
v 601.7040 223.5388 22460.0500
v 601.7063 223.4089 22460.0500
v 601.7065 223.3447 22408.7900
v 599.5261 218.0806 22408.7900
v 594.2620 215.9001 22408.7900
v 588.9979 218.0806 22408.7900
v 586.8174 223.3447 22408.7900
v 588.9979 228.6087 22408.7900
v 594.2620 230.7892 22408.7900
v 599.5261 228.6087 22408.7900
v 155.0336 223.3447 22355.8700
v 155.0324 223.4746 22355.8700
v 155.0327 223.4104 22355.8700
v 155.0290 223.6045 22355.8700
v 155.0304 223.5403 22355.8700
v 155.0234 223.7343 22355.8700
v 155.0259 223.6701 22355.8700
v 155.0154 223.8640 22355.8700
v 155.0191 223.7998 22355.8700
v 155.0052 223.9935 22355.8700
v 155.0100 223.9294 22355.8700
v 154.9928 224.1228 22355.8700
v 154.9987 224.0589 22355.8700
v 154.9781 224.2519 22355.8700
v 154.9851 224.1881 22355.8700
v 154.9611 224.3807 22355.8700
v 154.9692 224.3170 22355.8700
v 154.9419 224.5092 22355.8700
v 154.9511 224.4457 22355.8700
v 154.9205 224.6374 22355.8700
v 154.9308 224.5740 22355.8700
v 154.8968 224.7651 22355.8700
v 154.9082 224.7020 22355.8700
v 154.8709 224.8925 22355.8700
v 154.8834 224.8295 22355.8700
v 154.8428 225.0193 22355.8700
v 154.8564 224.9566 22355.8700
v 154.8124 225.1456 22355.8700
v 154.8271 225.0831 22355.8700
v 154.7799 225.2714 22355.8700
v 154.7957 225.2092 22355.8700
v 154.7452 225.3966 22355.8700
v 154.7621 225.3347 22355.8700
v 154.7083 225.5212 22355.8700
v 154.7262 225.4596 22355.8700
v 154.6692 225.6451 22355.8700
v 154.6882 225.5838 22355.8700
v 154.6280 225.7684 22355.8700
v 154.6481 225.7074 22355.8700
v 154.5846 225.8908 22355.8700
v 154.6058 225.8302 22355.8700
v 154.5391 226.0125 22355.8700
v 154.5613 225.9523 22355.8700
v 154.4915 226.1334 22355.8700
v 154.5148 226.0736 22355.8700
v 154.4418 226.2535 22355.8700
v 154.4661 226.1940 22355.8700
v 154.3900 226.3726 22355.8700
v 154.4153 226.3136 22355.8700
v 154.3361 226.4908 22355.8700
v 154.3624 226.4323 22355.8700
v 154.2801 226.6081 22355.8700
v 154.3075 226.5500 22355.8700
v 154.2222 226.7244 22355.8700
v 154.2505 226.6668 22355.8700
v 154.1622 226.8396 22355.8700
v 154.1916 226.7826 22355.8700
v 154.1002 226.9538 22355.8700
v 154.1306 226.8973 22355.8700
v 154.0362 227.0669 22355.8700
v 154.0676 227.0109 22355.8700
v 153.9702 227.1789 22355.8700
v 154.0026 227.1234 22355.8700
v 153.9024 227.2897 22355.8700
v 153.9357 227.2348 22355.8700
v 153.8325 227.3992 22355.8700
v 153.8668 227.3449 22355.8700
v 153.7608 227.5076 22355.8700
v 153.7960 227.4539 22355.8700
v 153.6872 227.6147 22355.8700
v 153.7234 227.5616 22355.8700
v 153.6118 227.7204 22355.8700
v 153.6488 227.6680 22355.8700
v 153.5345 227.8249 22355.8700
v 153.5725 227.7731 22355.8700
v 153.4554 227.9280 22355.8700
v 153.4943 227.8768 22355.8700
v 153.3745 228.0296 22355.8700
v 153.4143 227.9792 22355.8700
v 153.2919 228.1299 22355.8700
v 153.3325 228.0802 22355.8700
v 153.2075 228.2287 22355.8700
v 153.2490 228.1797 22355.8700
v 153.1214 228.3260 22355.8700
v 153.1637 228.2777 22355.8700
v 153.0336 228.4218 22355.8700
v 153.0768 228.3743 22355.8700
v 152.9442 228.5161 22355.8700
v 152.9882 228.4693 22355.8700
v 152.8531 228.6087 22355.8700
v 152.8979 228.5627 22355.8700
v 152.7604 228.6998 22355.8700
v 152.8060 228.6546 22355.8700
v 152.6662 228.7892 22355.8700
v 152.7126 228.7448 22355.8700
v 152.5704 228.8770 22355.8700
v 152.6175 228.8334 22355.8700
v 152.4731 228.9631 22355.8700
v 152.5210 228.9204 22355.8700
v 152.3743 229.0475 22355.8700
v 152.4229 229.0056 22355.8700
v 152.2740 229.1302 22355.8700
v 152.3234 229.0891 22355.8700
v 152.1723 229.2110 22355.8700
v 152.2224 229.1708 22355.8700
v 152.0693 229.2901 22355.8700
v 152.1200 229.2508 22355.8700
v 151.9648 229.3674 22355.8700
v 152.0163 229.3290 22355.8700
v 151.8590 229.4429 22355.8700
v 151.9111 229.4053 22355.8700
v 151.7520 229.5165 22355.8700
v 151.8047 229.4799 22355.8700
v 151.6436 229.5882 22355.8700
v 151.6970 229.5525 22355.8700
v 151.5340 229.6580 22355.8700
v 151.5880 229.6232 22355.8700
v 151.4232 229.7259 22355.8700
v 151.4778 229.6921 22355.8700
v 151.3113 229.7918 22355.8700
v 151.3665 229.7590 22355.8700
v 151.1982 229.8558 22355.8700
v 151.2540 229.8239 22355.8700
v 151.0840 229.9178 22355.8700
v 151.1403 229.8869 22355.8700
v 150.9688 229.9778 22355.8700
v 151.0256 229.9479 22355.8700
v 150.8525 230.0358 22355.8700
v 150.9098 230.0069 22355.8700
v 150.7352 230.0917 22355.8700
v 150.7931 230.0638 22355.8700
v 150.6170 230.1456 22355.8700
v 150.6753 230.1187 22355.8700
v 150.4978 230.1974 22355.8700
v 150.5566 230.1715 22355.8700
v 150.3778 230.2471 22355.8700
v 150.4370 230.2223 22355.8700
v 150.2569 230.2947 22355.8700
v 150.3165 230.2709 22355.8700
v 150.1352 230.3402 22355.8700
v 150.1953 230.3175 22355.8700
v 150.0127 230.3836 22355.8700
v 150.0732 230.3619 22355.8700
v 149.8895 230.4248 22355.8700
v 149.9503 230.4042 22355.8700
v 149.7656 230.4639 22355.8700
v 149.8268 230.4443 22355.8700
v 149.6410 230.5008 22355.8700
v 149.7025 230.4823 22355.8700
v 149.5158 230.5355 22355.8700
v 149.5776 230.5181 22355.8700
v 149.3900 230.5681 22355.8700
v 149.4521 230.5517 22355.8700
v 149.2637 230.5984 22355.8700
v 149.3260 230.5831 22355.8700
v 149.1368 230.6265 22355.8700
v 149.1994 230.6123 22355.8700
v 149.0095 230.6524 22355.8700
v 149.0724 230.6393 22355.8700
v 148.8817 230.6761 22355.8700
v 148.9448 230.6641 22355.8700
v 148.7536 230.6975 22355.8700
v 148.8169 230.6867 22355.8700
v 148.6251 230.7168 22355.8700
v 148.6886 230.7070 22355.8700
v 148.4963 230.7337 22355.8700
v 148.5599 230.7251 22355.8700
v 148.3672 230.7484 22355.8700
v 148.4310 230.7409 22355.8700
v 148.2379 230.7609 22355.8700
v 148.3017 230.7544 22355.8700
v 148.1083 230.7711 22355.8700
v 148.1723 230.7657 22355.8700
v 147.9786 230.7790 22355.8700
v 148.0427 230.7748 22355.8700
v 147.8488 230.7847 22355.8700
v 147.9130 230.7816 22355.8700
v 147.7189 230.7881 22355.8700
v 147.7831 230.7861 22355.8700
v 147.5890 230.7892 22355.8700
v 147.6532 230.7884 22355.8700
v 147.4591 230.7881 22355.8700
v 147.5233 230.7883 22355.8700
v 147.3292 230.7847 22355.8700
v 147.3934 230.7861 22355.8700
v 147.1994 230.7790 22355.8700
v 147.2636 230.7815 22355.8700
v 147.0697 230.7711 22355.8700
v 147.1338 230.7747 22355.8700
v 146.9402 230.7609 22355.8700
v 147.0042 230.7656 22355.8700
v 146.8109 230.7484 22355.8700
v 146.8748 230.7543 22355.8700
v 146.6817 230.7337 22355.8700
v 146.7456 230.7407 22355.8700
v 146.5529 230.7168 22355.8700
v 146.6166 230.7249 22355.8700
v 146.4244 230.6975 22355.8700
v 146.4880 230.7068 22355.8700
v 146.2963 230.6761 22355.8700
v 146.3597 230.6864 22355.8700
v 146.1685 230.6524 22355.8700
v 146.2317 230.6638 22355.8700
v 146.0412 230.6265 22355.8700
v 146.1042 230.6390 22355.8700
v 145.9144 230.5984 22355.8700
v 145.9771 230.6120 22355.8700
v 145.7880 230.5681 22355.8700
v 145.8505 230.5828 22355.8700
v 145.6622 230.5355 22355.8700
v 145.7245 230.5513 22355.8700
v 145.5370 230.5008 22355.8700
v 145.5990 230.5177 22355.8700
v 145.4124 230.4639 22355.8700
v 145.4741 230.4819 22355.8700
v 145.2885 230.4248 22355.8700
v 145.3499 230.4439 22355.8700
v 145.1653 230.3836 22355.8700
v 145.2263 230.4037 22355.8700
v 145.0428 230.3402 22355.8700
v 145.1035 230.3614 22355.8700
v 144.9211 230.2947 22355.8700
v 144.9814 230.3170 22355.8700
v 144.8002 230.2471 22355.8700
v 144.8601 230.2704 22355.8700
v 144.6802 230.1974 22355.8700
v 144.7396 230.2217 22355.8700
v 144.5611 230.1456 22355.8700
v 144.6200 230.1709 22355.8700
v 144.4428 230.0917 22355.8700
v 144.5014 230.1181 22355.8700
v 144.3255 230.0358 22355.8700
v 144.3836 230.0632 22355.8700
v 144.2093 229.9778 22355.8700
v 144.2669 230.0062 22355.8700
v 144.0940 229.9178 22355.8700
v 144.1511 229.9472 22355.8700
v 143.9798 229.8558 22355.8700
v 144.0364 229.8862 22355.8700
v 143.8667 229.7918 22355.8700
v 143.9228 229.8232 22355.8700
v 143.7548 229.7259 22355.8700
v 143.8103 229.7582 22355.8700
v 143.6440 229.6580 22355.8700
v 143.6989 229.6913 22355.8700
v 143.5344 229.5882 22355.8700
v 143.5887 229.6224 22355.8700
v 143.4261 229.5165 22355.8700
v 143.4798 229.5517 22355.8700
v 143.3190 229.4429 22355.8700
v 143.3721 229.4790 22355.8700
v 143.2132 229.3674 22355.8700
v 143.2657 229.4045 22355.8700
v 143.1088 229.2901 22355.8700
v 143.1606 229.3281 22355.8700
v 143.0057 229.2110 22355.8700
v 143.0568 229.2499 22355.8700
v 142.9040 229.1302 22355.8700
v 142.9544 229.1699 22355.8700
v 142.8038 229.0475 22355.8700
v 142.8535 229.0881 22355.8700
v 142.7050 228.9631 22355.8700
v 142.7540 229.0046 22355.8700
v 142.6076 228.8770 22355.8700
v 142.6559 228.9194 22355.8700
v 142.5118 228.7892 22355.8700
v 142.5594 228.8324 22355.8700
v 142.4176 228.6998 22355.8700
v 142.4644 228.7438 22355.8700
v 142.3249 228.6087 22355.8700
v 142.3709 228.6535 22355.8700
v 142.2339 228.5161 22355.8700
v 142.2791 228.5617 22355.8700
v 142.1444 228.4218 22355.8700
v 142.1888 228.4682 22355.8700
v 142.0566 228.3260 22355.8700
v 142.1002 228.3732 22355.8700
v 141.9705 228.2287 22355.8700
v 142.0133 228.2766 22355.8700
v 141.8862 228.1299 22355.8700
v 141.9281 228.1786 22355.8700
v 141.8035 228.0296 22355.8700
v 141.8446 228.0790 22355.8700
v 141.7226 227.9280 22355.8700
v 141.7628 227.9780 22355.8700
v 141.6435 227.8249 22355.8700
v 141.6828 227.8757 22355.8700
v 141.5663 227.7204 22355.8700
v 141.6047 227.7719 22355.8700
v 141.4908 227.6147 22355.8700
v 141.5283 227.6668 22355.8700
v 141.4172 227.5076 22355.8700
v 141.4538 227.5603 22355.8700
v 141.3455 227.3992 22355.8700
v 141.3812 227.4526 22355.8700
v 141.2757 227.2897 22355.8700
v 141.3104 227.3437 22355.8700
v 141.2078 227.1789 22355.8700
v 141.2416 227.2335 22355.8700
v 141.1418 227.0669 22355.8700
v 141.1747 227.1221 22355.8700
v 141.0779 226.9538 22355.8700
v 141.1097 227.0096 22355.8700
v 141.0159 226.8396 22355.8700
v 141.0468 226.8960 22355.8700
v 140.9559 226.7244 22355.8700
v 140.9858 226.7812 22355.8700
v 140.8979 226.6081 22355.8700
v 140.9268 226.6655 22355.8700
v 140.8420 226.4908 22355.8700
v 140.8699 226.5487 22355.8700
v 140.7881 226.3726 22355.8700
v 140.8150 226.4309 22355.8700
v 140.7363 226.2535 22355.8700
v 140.7621 226.3122 22355.8700
v 140.6866 226.1334 22355.8700
v 140.7114 226.1926 22355.8700
v 140.6389 226.0125 22355.8700
v 140.6627 226.0722 22355.8700
v 140.5934 225.8908 22355.8700
v 140.6162 225.9509 22355.8700
v 140.5500 225.7684 22355.8700
v 140.5718 225.8288 22355.8700
v 140.5088 225.6451 22355.8700
v 140.5295 225.7059 22355.8700
v 140.4698 225.5212 22355.8700
v 140.4893 225.5824 22355.8700
v 140.4329 225.3966 22355.8700
v 140.4514 225.4581 22355.8700
v 140.3981 225.2714 22355.8700
v 140.4156 225.3332 22355.8700
v 140.3656 225.1456 22355.8700
v 140.3820 225.2077 22355.8700
v 140.3353 225.0193 22355.8700
v 140.3505 225.0817 22355.8700
v 140.3071 224.8925 22355.8700
v 140.3213 224.9551 22355.8700
v 140.2812 224.7651 22355.8700
v 140.2943 224.8280 22355.8700
v 140.2576 224.6374 22355.8700
v 140.2695 224.7005 22355.8700
v 140.2361 224.5092 22355.8700
v 140.2470 224.5725 22355.8700
v 140.2169 224.3807 22355.8700
v 140.2267 224.4442 22355.8700
v 140.2000 224.2519 22355.8700
v 140.2086 224.3155 22355.8700
v 140.1852 224.1228 22355.8700
v 140.1928 224.1866 22355.8700
v 140.1728 223.9935 22355.8700
v 140.1792 224.0574 22355.8700
v 140.1626 223.8640 22355.8700
v 140.1679 223.9279 22355.8700
v 140.1547 223.7343 22355.8700
v 140.1589 223.7983 22355.8700
v 140.1490 223.6045 22355.8700
v 140.1521 223.6686 22355.8700
v 140.1456 223.4746 22355.8700
v 140.1476 223.5388 22355.8700
v 140.1445 223.3447 22355.8700
v 140.1453 223.4089 22355.8700
v 140.1456 223.2147 22355.8700
v 140.1453 223.2789 22355.8700
v 140.1490 223.0848 22355.8700
v 140.1476 223.1490 22355.8700
v 140.1547 222.9550 22355.8700
v 140.1521 223.0192 22355.8700
v 140.1626 222.8253 22355.8700
v 140.1590 222.8895 22355.8700
v 140.1728 222.6958 22355.8700
v 140.1680 222.7599 22355.8700
v 140.1852 222.5665 22355.8700
v 140.1794 222.6304 22355.8700
v 140.2000 222.4374 22355.8700
v 140.1930 222.5012 22355.8700
v 140.2169 222.3086 22355.8700
v 140.2088 222.3723 22355.8700
v 140.2361 222.1801 22355.8700
v 140.2269 222.2436 22355.8700
v 140.2576 222.0519 22355.8700
v 140.2472 222.1153 22355.8700
v 140.2812 221.9242 22355.8700
v 140.2698 221.9874 22355.8700
v 140.3071 221.7968 22355.8700
v 140.2946 221.8598 22355.8700
v 140.3353 221.6700 22355.8700
v 140.3216 221.7327 22355.8700
v 140.3656 221.5437 22355.8700
v 140.3509 221.6062 22355.8700
v 140.3981 221.4179 22355.8700
v 140.3823 221.4801 22355.8700
v 140.4329 221.2926 22355.8700
v 140.4160 221.3546 22355.8700
v 140.4698 221.1681 22355.8700
v 140.4518 221.2297 22355.8700
v 140.5088 221.0442 22355.8700
v 140.4898 221.1055 22355.8700
v 140.5500 220.9209 22355.8700
v 140.5300 220.9819 22355.8700
v 140.5934 220.7985 22355.8700
v 140.5723 220.8591 22355.8700
v 140.6389 220.6768 22355.8700
v 140.6167 220.7370 22355.8700
v 140.6866 220.5559 22355.8700
v 140.6633 220.6157 22355.8700
v 140.7363 220.4358 22355.8700
v 140.7120 220.4953 22355.8700
v 140.7881 220.3167 22355.8700
v 140.7627 220.3757 22355.8700
v 140.8420 220.1984 22355.8700
v 140.8156 220.2570 22355.8700
v 140.8979 220.0812 22355.8700
v 140.8705 220.1393 22355.8700
v 140.9559 219.9649 22355.8700
v 140.9275 220.0225 22355.8700
v 141.0159 219.8496 22355.8700
v 140.9865 219.9067 22355.8700
v 141.0779 219.7355 22355.8700
v 141.0475 219.7920 22355.8700
v 141.1418 219.6224 22355.8700
v 141.1105 219.6784 22355.8700
v 141.2078 219.5104 22355.8700
v 141.1754 219.5659 22355.8700
v 141.2757 219.3996 22355.8700
v 141.2424 219.4545 22355.8700
v 141.3455 219.2901 22355.8700
v 141.3112 219.3444 22355.8700
v 141.4172 219.1817 22355.8700
v 141.3820 219.2354 22355.8700
v 141.4908 219.0746 22355.8700
v 141.4547 219.1277 22355.8700
v 141.5663 218.9689 22355.8700
v 141.5292 219.0213 22355.8700
v 141.6435 218.8644 22355.8700
v 141.6056 218.9162 22355.8700
v 141.7226 218.7613 22355.8700
v 141.6838 218.8124 22355.8700
v 141.8035 218.6596 22355.8700
v 141.7638 218.7101 22355.8700
v 141.8862 218.5594 22355.8700
v 141.8455 218.6091 22355.8700
v 141.9705 218.4606 22355.8700
v 141.9290 218.5096 22355.8700
v 142.0566 218.3633 22355.8700
v 142.0143 218.4116 22355.8700
v 142.1444 218.2675 22355.8700
v 142.1012 218.3150 22355.8700
v 142.2339 218.1732 22355.8700
v 142.1898 218.2200 22355.8700
v 142.3249 218.0806 22355.8700
v 142.2801 218.1266 22355.8700
v 142.4176 217.9895 22355.8700
v 142.3720 218.0347 22355.8700
v 142.5118 217.9001 22355.8700
v 142.4655 217.9445 22355.8700
v 142.6076 217.8123 22355.8700
v 142.5605 217.8559 22355.8700
v 142.7050 217.7262 22355.8700
v 142.6570 217.7689 22355.8700
v 142.8038 217.6418 22355.8700
v 142.7551 217.6837 22355.8700
v 142.9040 217.5591 22355.8700
v 142.8546 217.6002 22355.8700
v 143.0057 217.4783 22355.8700
v 142.9556 217.5185 22355.8700
v 143.1088 217.3992 22355.8700
v 143.0580 217.4385 22355.8700
v 143.2132 217.3219 22355.8700
v 143.1618 217.3603 22355.8700
v 143.3190 217.2464 22355.8700
v 143.2669 217.2840 22355.8700
v 143.4261 217.1728 22355.8700
v 143.3733 217.2094 22355.8700
v 143.5344 217.1011 22355.8700
v 143.4810 217.1368 22355.8700
v 143.6440 217.0313 22355.8700
v 143.5900 217.0661 22355.8700
v 143.7548 216.9634 22355.8700
v 143.7002 216.9972 22355.8700
v 143.8667 216.8975 22355.8700
v 143.8116 216.9303 22355.8700
v 143.9798 216.8335 22355.8700
v 143.9241 216.8654 22355.8700
v 144.0940 216.7715 22355.8700
v 144.0377 216.8024 22355.8700
v 144.2093 216.7115 22355.8700
v 144.1524 216.7414 22355.8700
v 144.3255 216.6535 22355.8700
v 144.2682 216.6824 22355.8700
v 144.4428 216.5976 22355.8700
v 144.3850 216.6255 22355.8700
v 144.5611 216.5437 22355.8700
v 144.5027 216.5706 22355.8700
v 144.6802 216.4919 22355.8700
v 144.6214 216.5178 22355.8700
v 144.8002 216.4422 22355.8700
v 144.7410 216.4670 22355.8700
v 144.9211 216.3946 22355.8700
v 144.8615 216.4184 22355.8700
v 145.0428 216.3491 22355.8700
v 144.9828 216.3718 22355.8700
v 145.1653 216.3057 22355.8700
v 145.1049 216.3274 22355.8700
v 145.2885 216.2645 22355.8700
v 145.2277 216.2851 22355.8700
v 145.4124 216.2254 22355.8700
v 145.3513 216.2450 22355.8700
v 145.5370 216.1885 22355.8700
v 145.4755 216.2070 22355.8700
v 145.6622 216.1538 22355.8700
v 145.6004 216.1712 22355.8700
v 145.7880 216.1212 22355.8700
v 145.7259 216.1376 22355.8700
v 145.9144 216.0909 22355.8700
v 145.8520 216.1062 22355.8700
v 146.0412 216.0628 22355.8700
v 145.9786 216.0770 22355.8700
v 146.1685 216.0369 22355.8700
v 146.1057 216.0500 22355.8700
v 146.2963 216.0132 22355.8700
v 146.2332 216.0252 22355.8700
v 146.4244 215.9917 22355.8700
v 146.3611 216.0026 22355.8700
v 146.5529 215.9725 22355.8700
v 146.4895 215.9823 22355.8700
v 146.6817 215.9556 22355.8700
v 146.6181 215.9642 22355.8700
v 146.8109 215.9409 22355.8700
v 146.7471 215.9484 22355.8700
v 146.9402 215.9284 22355.8700
v 146.8763 215.9349 22355.8700
v 147.0697 215.9182 22355.8700
v 147.0057 215.9236 22355.8700
v 147.1994 215.9103 22355.8700
v 147.1353 215.9145 22355.8700
v 147.3292 215.9046 22355.8700
v 147.2651 215.9077 22355.8700
v 147.4591 215.9012 22355.8700
v 147.3949 215.9032 22355.8700
v 147.5890 215.9001 22355.8700
v 147.5248 215.9009 22355.8700
v 147.7189 215.9012 22355.8700
v 147.6547 215.9010 22355.8700
v 147.8488 215.9046 22355.8700
v 147.7846 215.9032 22355.8700
v 147.9786 215.9103 22355.8700
v 147.9145 215.9078 22355.8700
v 148.1083 215.9182 22355.8700
v 148.0442 215.9146 22355.8700
v 148.2379 215.9284 22355.8700
v 148.1738 215.9237 22355.8700
v 148.3672 215.9409 22355.8700
v 148.3032 215.9350 22355.8700
v 148.4963 215.9556 22355.8700
v 148.4324 215.9486 22355.8700
v 148.6251 215.9725 22355.8700
v 148.5614 215.9644 22355.8700
v 148.7536 215.9917 22355.8700
v 148.6900 215.9825 22355.8700
v 148.8817 216.0132 22355.8700
v 148.8184 216.0029 22355.8700
v 149.0095 216.0369 22355.8700
v 148.9463 216.0255 22355.8700
v 149.1368 216.0628 22355.8700
v 149.0738 216.0502 22355.8700
v 149.2637 216.0909 22355.8700
v 149.2009 216.0773 22355.8700
v 149.3900 216.1212 22355.8700
v 149.3275 216.1065 22355.8700
v 149.5158 216.1538 22355.8700
v 149.4536 216.1380 22355.8700
v 149.6410 216.1885 22355.8700
v 149.5791 216.1716 22355.8700
v 149.7656 216.2254 22355.8700
v 149.7039 216.2074 22355.8700
v 149.8895 216.2645 22355.8700
v 149.8282 216.2454 22355.8700
v 150.0127 216.3057 22355.8700
v 149.9517 216.2856 22355.8700
v 150.1352 216.3491 22355.8700
v 150.0746 216.3279 22355.8700
v 150.2569 216.3946 22355.8700
v 150.1967 216.3723 22355.8700
v 150.3778 216.4422 22355.8700
v 150.3179 216.4189 22355.8700
v 150.4978 216.4919 22355.8700
v 150.4384 216.4676 22355.8700
v 150.6170 216.5437 22355.8700
v 150.5580 216.5184 22355.8700
v 150.7352 216.5976 22355.8700
v 150.6767 216.5712 22355.8700
v 150.8525 216.6535 22355.8700
v 150.7944 216.6261 22355.8700
v 150.9688 216.7115 22355.8700
v 150.9112 216.6831 22355.8700
v 151.0840 216.7715 22355.8700
v 151.0269 216.7421 22355.8700
v 151.1982 216.8335 22355.8700
v 151.1416 216.8031 22355.8700
v 151.3113 216.8975 22355.8700
v 151.2553 216.8661 22355.8700
v 151.4232 216.9634 22355.8700
v 151.3678 216.9311 22355.8700
v 151.5340 217.0313 22355.8700
v 151.4791 216.9980 22355.8700
v 151.6436 217.1011 22355.8700
v 151.5893 217.0669 22355.8700
v 151.7520 217.1728 22355.8700
v 151.6983 217.1376 22355.8700
v 151.8590 217.2464 22355.8700
v 151.8060 217.2103 22355.8700
v 151.9648 217.3219 22355.8700
v 151.9124 217.2848 22355.8700
v 152.0693 217.3992 22355.8700
v 152.0175 217.3612 22355.8700
v 152.1723 217.4783 22355.8700
v 152.1212 217.4394 22355.8700
v 152.2740 217.5591 22355.8700
v 152.2236 217.5194 22355.8700
v 152.3743 217.6418 22355.8700
v 152.3246 217.6012 22355.8700
v 152.4731 217.7262 22355.8700
v 152.4241 217.6847 22355.8700
v 152.5704 217.8123 22355.8700
v 152.5221 217.7699 22355.8700
v 152.6662 217.9001 22355.8700
v 152.6187 217.8569 22355.8700
v 152.7604 217.9895 22355.8700
v 152.7137 217.9455 22355.8700
v 152.8531 218.0806 22355.8700
v 152.8071 218.0358 22355.8700
v 152.9442 218.1732 22355.8700
v 152.8990 218.1276 22355.8700
v 153.0336 218.2675 22355.8700
v 152.9892 218.2211 22355.8700
v 153.1214 218.3633 22355.8700
v 153.0778 218.3161 22355.8700
v 153.2075 218.4606 22355.8700
v 153.1647 218.4127 22355.8700
v 153.2919 218.5594 22355.8700
v 153.2500 218.5107 22355.8700
v 153.3745 218.6596 22355.8700
v 153.3335 218.6103 22355.8700
v 153.4554 218.7613 22355.8700
v 153.4152 218.7112 22355.8700
v 153.5345 218.8644 22355.8700
v 153.4952 218.8136 22355.8700
v 153.6118 218.9689 22355.8700
v 153.5734 218.9174 22355.8700
v 153.6872 219.0746 22355.8700
v 153.6497 219.0225 22355.8700
v 153.7608 219.1817 22355.8700
v 153.7242 219.1290 22355.8700
v 153.8325 219.2901 22355.8700
v 153.7969 219.2367 22355.8700
v 153.9024 219.3996 22355.8700
v 153.8676 219.3456 22355.8700
v 153.9702 219.5104 22355.8700
v 153.9364 219.4558 22355.8700
v 154.0362 219.6224 22355.8700
v 154.0033 219.5672 22355.8700
v 154.1002 219.7355 22355.8700
v 154.0683 219.6797 22355.8700
v 154.1622 219.8496 22355.8700
v 154.1313 219.7934 22355.8700
v 154.2222 219.9649 22355.8700
v 154.1923 219.9081 22355.8700
v 154.2801 220.0812 22355.8700
v 154.2512 220.0238 22355.8700
v 154.3361 220.1984 22355.8700
v 154.3082 220.1406 22355.8700
v 154.3900 220.3167 22355.8700
v 154.3631 220.2584 22355.8700
v 154.4418 220.4358 22355.8700
v 154.4159 220.3771 22355.8700
v 154.4915 220.5559 22355.8700
v 154.4666 220.4967 22355.8700
v 154.5391 220.6768 22355.8700
v 154.5153 220.6171 22355.8700
v 154.5846 220.7985 22355.8700
v 154.5618 220.7384 22355.8700
v 154.6280 220.9209 22355.8700
v 154.6063 220.8605 22355.8700
v 154.6692 221.0442 22355.8700
v 154.6486 220.9834 22355.8700
v 154.7083 221.1681 22355.8700
v 154.6887 221.1069 22355.8700
v 154.7452 221.2926 22355.8700
v 154.7267 221.2312 22355.8700
v 154.7799 221.4179 22355.8700
v 154.7625 221.3560 22355.8700
v 154.8124 221.5437 22355.8700
v 154.7961 221.4816 22355.8700
v 154.8428 221.6700 22355.8700
v 154.8275 221.6076 22355.8700
v 154.8709 221.7968 22355.8700
v 154.8567 221.7342 22355.8700
v 154.8968 221.9242 22355.8700
v 154.8837 221.8613 22355.8700
v 154.9205 222.0519 22355.8700
v 154.9085 221.9888 22355.8700
v 154.9419 222.1801 22355.8700
v 154.9310 222.1168 22355.8700
v 154.9611 222.3086 22355.8700
v 154.9513 222.2451 22355.8700
v 154.9781 222.4374 22355.8700
v 154.9694 222.3738 22355.8700
v 154.9928 222.5665 22355.8700
v 154.9852 222.5027 22355.8700
v 155.0052 222.6958 22355.8700
v 154.9988 222.6319 22355.8700
v 155.0154 222.8253 22355.8700
v 155.0101 222.7614 22355.8700
v 155.0234 222.9550 22355.8700
v 155.0192 222.8909 22355.8700
v 155.0290 223.0848 22355.8700
v 155.0259 223.0207 22355.8700
v 155.0324 223.2147 22355.8700
v 155.0305 223.1505 22355.8700
v 155.0327 223.2804 22355.8700
v 155.0336 223.3447 22460.0500
v 155.0324 223.2147 22460.0500
v 155.0333 223.2789 22460.0500
v 155.0290 223.0848 22460.0500
v 155.0310 223.1490 22460.0500
v 155.0234 222.9550 22460.0500
v 155.0264 223.0192 22460.0500
v 155.0154 222.8253 22460.0500
v 155.0196 222.8894 22460.0500
v 155.0052 222.6958 22460.0500
v 155.0106 222.7598 22460.0500
v 154.9928 222.5665 22460.0500
v 154.9992 222.6304 22460.0500
v 154.9781 222.4374 22460.0500
v 154.9856 222.5012 22460.0500
v 154.9611 222.3086 22460.0500
v 154.9698 222.3722 22460.0500
v 154.9419 222.1801 22460.0500
v 154.9517 222.2435 22460.0500
v 154.9205 222.0519 22460.0500
v 154.9314 222.1152 22460.0500
v 154.8968 221.9242 22460.0500
v 154.9088 221.9872 22460.0500
v 154.8709 221.7968 22460.0500
v 154.8840 221.8597 22460.0500
v 154.8428 221.6700 22460.0500
v 154.8569 221.7326 22460.0500
v 154.8124 221.5437 22460.0500
v 154.8277 221.6060 22460.0500
v 154.7799 221.4179 22460.0500
v 154.7962 221.4799 22460.0500
v 154.7452 221.2926 22460.0500
v 154.7626 221.3545 22460.0500
v 154.7083 221.1681 22460.0500
v 154.7268 221.2296 22460.0500
v 154.6692 221.0442 22460.0500
v 154.6888 221.1053 22460.0500
v 154.6280 220.9209 22460.0500
v 154.6486 220.9818 22460.0500
v 154.5846 220.7985 22460.0500
v 154.6063 220.8589 22460.0500
v 154.5391 220.6768 22460.0500
v 154.5619 220.7368 22460.0500
v 154.4915 220.5559 22460.0500
v 154.5153 220.6155 22460.0500
v 154.4418 220.4358 22460.0500
v 154.4666 220.4950 22460.0500
v 154.3900 220.3167 22460.0500
v 154.4158 220.3755 22460.0500
v 154.3361 220.1984 22460.0500
v 154.3630 220.2568 22460.0500
v 154.2801 220.0812 22460.0500
v 154.3080 220.1390 22460.0500
v 154.2222 219.9649 22460.0500
v 154.2511 220.0222 22460.0500
v 154.1622 219.8496 22460.0500
v 154.1921 219.9065 22460.0500
v 154.1002 219.7355 22460.0500
v 154.1311 219.7918 22460.0500
v 154.0362 219.6224 22460.0500
v 154.0681 219.6781 22460.0500
v 153.9702 219.5104 22460.0500
v 154.0031 219.5656 22460.0500
v 153.9024 219.3996 22460.0500
v 153.9361 219.4542 22460.0500
v 153.8325 219.2901 22460.0500
v 153.8673 219.3441 22460.0500
v 153.7608 219.1817 22460.0500
v 153.7965 219.2351 22460.0500
v 153.6872 219.0746 22460.0500
v 153.7238 219.1274 22460.0500
v 153.6118 218.9689 22460.0500
v 153.6493 219.0210 22460.0500
v 153.5345 218.8644 22460.0500
v 153.5729 218.9159 22460.0500
v 153.4554 218.7613 22460.0500
v 153.4947 218.8121 22460.0500
v 153.3745 218.6596 22460.0500
v 153.4147 218.7097 22460.0500
v 153.2919 218.5594 22460.0500
v 153.3329 218.6087 22460.0500
v 153.2075 218.4606 22460.0500
v 153.2494 218.5092 22460.0500
v 153.1214 218.3633 22460.0500
v 153.1642 218.4112 22460.0500
v 153.0336 218.2675 22460.0500
v 153.0772 218.3146 22460.0500
v 152.9442 218.1732 22460.0500
v 152.9886 218.2196 22460.0500
v 152.8531 218.0806 22460.0500
v 152.8983 218.1262 22460.0500
v 152.7604 217.9895 22460.0500
v 152.8064 218.0343 22460.0500
v 152.6662 217.9001 22460.0500
v 152.7130 217.9440 22460.0500
v 152.5704 217.8123 22460.0500
v 152.6179 217.8554 22460.0500
v 152.4731 217.7262 22460.0500
v 152.5214 217.7685 22460.0500
v 152.3743 217.6418 22460.0500
v 152.4233 217.6833 22460.0500
v 152.2740 217.5591 22460.0500
v 152.3237 217.5998 22460.0500
v 152.1723 217.4783 22460.0500
v 152.2228 217.5180 22460.0500
v 152.0693 217.3992 22460.0500
v 152.1204 217.4380 22460.0500
v 151.9648 217.3219 22460.0500
v 152.0166 217.3598 22460.0500
v 151.8590 217.2464 22460.0500
v 151.9115 217.2835 22460.0500
v 151.7520 217.1728 22460.0500
v 151.8050 217.2090 22460.0500
v 151.6436 217.1011 22460.0500
v 151.6973 217.1363 22460.0500
v 151.5340 217.0313 22460.0500
v 151.5883 217.0656 22460.0500
v 151.4232 216.9634 22460.0500
v 151.4781 216.9967 22460.0500
v 151.3113 216.8975 22460.0500
v 151.3668 216.9298 22460.0500
v 151.1982 216.8335 22460.0500
v 151.2542 216.8649 22460.0500
v 151.0840 216.7715 22460.0500
v 151.1406 216.8019 22460.0500
v 150.9688 216.7115 22460.0500
v 151.0259 216.7409 22460.0500
v 150.8525 216.6535 22460.0500
v 150.9101 216.6819 22460.0500
v 150.7352 216.5976 22460.0500
v 150.7933 216.6250 22460.0500
v 150.6170 216.5437 22460.0500
v 150.6755 216.5701 22460.0500
v 150.4978 216.4919 22460.0500
v 150.5568 216.5172 22460.0500
v 150.3778 216.4422 22460.0500
v 150.4372 216.4665 22460.0500
v 150.2569 216.3946 22460.0500
v 150.3168 216.4178 22460.0500
v 150.1352 216.3491 22460.0500
v 150.1954 216.3713 22460.0500
v 150.0127 216.3057 22460.0500
v 150.0733 216.3269 22460.0500
v 149.8895 216.2645 22460.0500
v 149.9505 216.2846 22460.0500
v 149.7656 216.2254 22460.0500
v 149.8269 216.2444 22460.0500
v 149.6410 216.1885 22460.0500
v 149.7027 216.2065 22460.0500
v 149.5158 216.1538 22460.0500
v 149.5778 216.1707 22460.0500
v 149.3900 216.1212 22460.0500
v 149.4523 216.1370 22460.0500
v 149.2637 216.0909 22460.0500
v 149.3262 216.1056 22460.0500
v 149.1368 216.0628 22460.0500
v 149.1996 216.0764 22460.0500
v 149.0095 216.0369 22460.0500
v 149.0725 216.0494 22460.0500
v 148.8817 216.0132 22460.0500
v 148.9449 216.0246 22460.0500
v 148.7536 215.9917 22460.0500
v 148.8170 216.0021 22460.0500
v 148.6251 215.9725 22460.0500
v 148.6886 215.9818 22460.0500
v 148.4963 215.9556 22460.0500
v 148.5600 215.9637 22460.0500
v 148.3672 215.9409 22460.0500
v 148.4310 215.9479 22460.0500
v 148.2379 215.9284 22460.0500
v 148.3018 215.9343 22460.0500
v 148.1083 215.9182 22460.0500
v 148.1724 215.9230 22460.0500
v 147.9786 215.9103 22460.0500
v 148.0427 215.9139 22460.0500
v 147.8488 215.9046 22460.0500
v 147.9130 215.9072 22460.0500
v 147.7189 215.9012 22460.0500
v 147.7831 215.9026 22460.0500
v 147.5890 215.9001 22460.0500
v 147.6532 215.9004 22460.0500
v 147.4591 215.9012 22460.0500
v 147.5233 215.9004 22460.0500
v 147.3292 215.9046 22460.0500
v 147.3934 215.9027 22460.0500
v 147.1994 215.9103 22460.0500
v 147.2635 215.9072 22460.0500
v 147.0697 215.9182 22460.0500
v 147.1338 215.9140 22460.0500
v 146.9402 215.9284 22460.0500
v 147.0042 215.9231 22460.0500
v 146.8109 215.9409 22460.0500
v 146.8747 215.9344 22460.0500
v 146.6817 215.9556 22460.0500
v 146.7455 215.9480 22460.0500
v 146.5529 215.9725 22460.0500
v 146.6166 215.9639 22460.0500
v 146.4244 215.9917 22460.0500
v 146.4879 215.9820 22460.0500
v 146.2963 216.0132 22460.0500
v 146.3596 216.0023 22460.0500
v 146.1685 216.0369 22460.0500
v 146.2316 216.0249 22460.0500
v 146.0412 216.0628 22460.0500
v 146.1041 216.0497 22460.0500
v 145.9144 216.0909 22460.0500
v 145.9770 216.0767 22460.0500
v 145.7880 216.1212 22460.0500
v 145.8504 216.1060 22460.0500
v 145.6622 216.1538 22460.0500
v 145.7243 216.1374 22460.0500
v 145.5370 216.1885 22460.0500
v 145.5988 216.1711 22460.0500
v 145.4124 216.2254 22460.0500
v 145.4739 216.2069 22460.0500
v 145.2885 216.2645 22460.0500
v 145.3497 216.2449 22460.0500
v 145.1653 216.3057 22460.0500
v 145.2261 216.2850 22460.0500
v 145.0428 216.3491 22460.0500
v 145.1033 216.3274 22460.0500
v 144.9211 216.3946 22460.0500
v 144.9812 216.3718 22460.0500
v 144.8002 216.4422 22460.0500
v 144.8599 216.4184 22460.0500
v 144.6802 216.4919 22460.0500
v 144.7394 216.4671 22460.0500
v 144.5611 216.5437 22460.0500
v 144.6198 216.5179 22460.0500
v 144.4428 216.5976 22460.0500
v 144.5011 216.5707 22460.0500
v 144.3255 216.6535 22460.0500
v 144.3834 216.6256 22460.0500
v 144.2093 216.7115 22460.0500
v 144.2666 216.6826 22460.0500
v 144.0940 216.7715 22460.0500
v 144.1508 216.7416 22460.0500
v 143.9798 216.8335 22460.0500
v 144.0361 216.8026 22460.0500
v 143.8667 216.8975 22460.0500
v 143.9225 216.8656 22460.0500
v 143.7548 216.9634 22460.0500
v 143.8100 216.9306 22460.0500
v 143.6440 217.0313 22460.0500
v 143.6986 216.9975 22460.0500
v 143.5344 217.1011 22460.0500
v 143.5884 217.0664 22460.0500
v 143.4261 217.1728 22460.0500
v 143.4795 217.1372 22460.0500
v 143.3190 217.2464 22460.0500
v 143.3717 217.2098 22460.0500
v 143.2132 217.3219 22460.0500
v 143.2653 217.2844 22460.0500
v 143.1088 217.3992 22460.0500
v 143.1602 217.3607 22460.0500
v 143.0057 217.4783 22460.0500
v 143.0565 217.4389 22460.0500
v 142.9040 217.5591 22460.0500
v 142.9541 217.5190 22460.0500
v 142.8038 217.6418 22460.0500
v 142.8531 217.6007 22460.0500
v 142.7050 217.7262 22460.0500
v 142.7536 217.6842 22460.0500
v 142.6076 217.8123 22460.0500
v 142.6555 217.7695 22460.0500
v 142.5118 217.9001 22460.0500
v 142.5590 217.8565 22460.0500
v 142.4176 217.9895 22460.0500
v 142.4640 217.9451 22460.0500
v 142.3249 218.0806 22460.0500
v 142.3705 218.0353 22460.0500
v 142.2339 218.1732 22460.0500
v 142.2787 218.1272 22460.0500
v 142.1444 218.2675 22460.0500
v 142.1884 218.2207 22460.0500
v 142.0566 218.3633 22460.0500
v 142.0998 218.3157 22460.0500
v 141.9705 218.4606 22460.0500
v 142.0129 218.4123 22460.0500
v 141.8862 218.5594 22460.0500
v 141.9276 218.5104 22460.0500
v 141.8035 218.6596 22460.0500
v 141.8441 218.6099 22460.0500
v 141.7226 218.7613 22460.0500
v 141.7624 218.7109 22460.0500
v 141.6435 218.8644 22460.0500
v 141.6824 218.8133 22460.0500
v 141.5663 218.9689 22460.0500
v 141.6042 218.9171 22460.0500
v 141.4908 219.0746 22460.0500
v 141.5278 219.0222 22460.0500
v 141.4172 219.1817 22460.0500
v 141.4533 219.1286 22460.0500
v 141.3455 219.2901 22460.0500
v 141.3807 219.2364 22460.0500
v 141.2757 219.3996 22460.0500
v 141.3099 219.3453 22460.0500
v 141.2078 219.5104 22460.0500
v 141.2411 219.4555 22460.0500
v 141.1418 219.6224 22460.0500
v 141.1742 219.5669 22460.0500
v 141.0779 219.7355 22460.0500
v 141.1092 219.6794 22460.0500
v 141.0159 219.8496 22460.0500
v 141.0463 219.7931 22460.0500
v 140.9559 219.9649 22460.0500
v 140.9853 219.9078 22460.0500
v 140.8979 220.0812 22460.0500
v 140.9263 220.0236 22460.0500
v 140.8420 220.1984 22460.0500
v 140.8694 220.1404 22460.0500
v 140.7881 220.3167 22460.0500
v 140.8145 220.2581 22460.0500
v 140.7363 220.4358 22460.0500
v 140.7616 220.3768 22460.0500
v 140.6866 220.5559 22460.0500
v 140.7109 220.4964 22460.0500
v 140.6389 220.6768 22460.0500
v 140.6622 220.6169 22460.0500
v 140.5934 220.7985 22460.0500
v 140.6156 220.7382 22460.0500
v 140.5500 220.9209 22460.0500
v 140.5712 220.8603 22460.0500
v 140.5088 221.0442 22460.0500
v 140.5289 220.9832 22460.0500
v 140.4698 221.1681 22460.0500
v 140.4888 221.1068 22460.0500
v 140.4329 221.2926 22460.0500
v 140.4508 221.2310 22460.0500
v 140.3981 221.4179 22460.0500
v 140.4150 221.3559 22460.0500
v 140.3656 221.5437 22460.0500
v 140.3814 221.4814 22460.0500
v 140.3353 221.6700 22460.0500
v 140.3500 221.6075 22460.0500
v 140.3071 221.7968 22460.0500
v 140.3208 221.7341 22460.0500
v 140.2812 221.9242 22460.0500
v 140.2938 221.8612 22460.0500
v 140.2576 222.0519 22460.0500
v 140.2690 221.9887 22460.0500
v 140.2361 222.1801 22460.0500
v 140.2464 222.1167 22460.0500
v 140.2169 222.3086 22460.0500
v 140.2261 222.2450 22460.0500
v 140.2000 222.4374 22460.0500
v 140.2081 222.3737 22460.0500
v 140.1852 222.5665 22460.0500
v 140.1922 222.5026 22460.0500
v 140.1728 222.6958 22460.0500
v 140.1787 222.6319 22460.0500
v 140.1626 222.8253 22460.0500
v 140.1674 222.7613 22460.0500
v 140.1547 222.9550 22460.0500
v 140.1583 222.8909 22460.0500
v 140.1490 223.0848 22460.0500
v 140.1515 223.0207 22460.0500
v 140.1456 223.2147 22460.0500
v 140.1470 223.1505 22460.0500
v 140.1445 223.3447 22460.0500
v 140.1447 223.2804 22460.0500
v 140.1456 223.4746 22460.0500
v 140.1448 223.4104 22460.0500
v 140.1490 223.6045 22460.0500
v 140.1470 223.5403 22460.0500
v 140.1547 223.7343 22460.0500
v 140.1516 223.6701 22460.0500
v 140.1626 223.8640 22460.0500
v 140.1584 223.7999 22460.0500
v 140.1728 223.9935 22460.0500
v 140.1675 223.9295 22460.0500
v 140.1852 224.1228 22460.0500
v 140.1788 224.0589 22460.0500
v 140.2000 224.2519 22460.0500
v 140.1924 224.1881 22460.0500
v 140.2169 224.3807 22460.0500
v 140.2083 224.3171 22460.0500
v 140.2361 224.5092 22460.0500
v 140.2263 224.4458 22460.0500
v 140.2576 224.6374 22460.0500
v 140.2467 224.5741 22460.0500
v 140.2812 224.7651 22460.0500
v 140.2693 224.7020 22460.0500
v 140.3071 224.8925 22460.0500
v 140.2941 224.8296 22460.0500
v 140.3353 225.0193 22460.0500
v 140.3211 224.9567 22460.0500
v 140.3656 225.1456 22460.0500
v 140.3503 225.0833 22460.0500
v 140.3981 225.2714 22460.0500
v 140.3818 225.2093 22460.0500
v 140.4329 225.3966 22460.0500
v 140.4154 225.3348 22460.0500
v 140.4698 225.5212 22460.0500
v 140.4512 225.4597 22460.0500
v 140.5088 225.6451 22460.0500
v 140.4892 225.5840 22460.0500
v 140.5500 225.7684 22460.0500
v 140.5294 225.7076 22460.0500
v 140.5934 225.8908 22460.0500
v 140.5717 225.8304 22460.0500
v 140.6389 226.0125 22460.0500
v 140.6162 225.9525 22460.0500
v 140.6866 226.1334 22460.0500
v 140.6628 226.0738 22460.0500
v 140.7363 226.2535 22460.0500
v 140.7114 226.1942 22460.0500
v 140.7881 226.3726 22460.0500
v 140.7622 226.3138 22460.0500
v 140.8420 226.4908 22460.0500
v 140.8151 226.4325 22460.0500
v 140.8979 226.6081 22460.0500
v 140.8700 226.5503 22460.0500
v 140.9559 226.7244 22460.0500
v 140.9270 226.6671 22460.0500
v 141.0159 226.8396 22460.0500
v 140.9860 226.7828 22460.0500
v 141.0779 226.9538 22460.0500
v 141.0470 226.8975 22460.0500
v 141.1418 227.0669 22460.0500
v 141.1100 227.0112 22460.0500
v 141.2078 227.1789 22460.0500
v 141.1750 227.1237 22460.0500
v 141.2757 227.2897 22460.0500
v 141.2419 227.2351 22460.0500
v 141.3455 227.3992 22460.0500
v 141.3107 227.3452 22460.0500
v 141.4172 227.5076 22460.0500
v 141.3815 227.4542 22460.0500
v 141.4908 227.6147 22460.0500
v 141.4542 227.5619 22460.0500
v 141.5663 227.7204 22460.0500
v 141.5287 227.6683 22460.0500
v 141.6435 227.8249 22460.0500
v 141.6051 227.7734 22460.0500
v 141.7226 227.9280 22460.0500
v 141.6833 227.8772 22460.0500
v 141.8035 228.0296 22460.0500
v 141.7633 227.9796 22460.0500
v 141.8862 228.1299 22460.0500
v 141.8451 228.0805 22460.0500
v 141.9705 228.2287 22460.0500
v 141.9286 228.1801 22460.0500
v 142.0566 228.3260 22460.0500
v 142.0139 228.2781 22460.0500
v 142.1444 228.4218 22460.0500
v 142.1008 228.3747 22460.0500
v 142.2339 228.5161 22460.0500
v 142.1895 228.4697 22460.0500
v 142.3249 228.6087 22460.0500
v 142.2797 228.5631 22460.0500
v 142.4176 228.6998 22460.0500
v 142.3716 228.6550 22460.0500
v 142.5118 228.7892 22460.0500
v 142.4651 228.7453 22460.0500
v 142.6076 228.8770 22460.0500
v 142.5601 228.8338 22460.0500
v 142.7050 228.9631 22460.0500
v 142.6567 228.9208 22460.0500
v 142.8038 229.0475 22460.0500
v 142.7547 229.0060 22460.0500
v 142.9040 229.1302 22460.0500
v 142.8543 229.0895 22460.0500
v 143.0057 229.2110 22460.0500
v 142.9553 229.1713 22460.0500
v 143.1088 229.2901 22460.0500
v 143.0577 229.2513 22460.0500
v 143.2132 229.3674 22460.0500
v 143.1614 229.3295 22460.0500
v 143.3190 229.4429 22460.0500
v 143.2666 229.4058 22460.0500
v 143.4261 229.5165 22460.0500
v 143.3730 229.4803 22460.0500
v 143.5344 229.5882 22460.0500
v 143.4807 229.5530 22460.0500
v 143.6440 229.6580 22460.0500
v 143.5897 229.6237 22460.0500
v 143.7548 229.7259 22460.0500
v 143.6999 229.6926 22460.0500
v 143.8667 229.7918 22460.0500
v 143.8113 229.7595 22460.0500
v 143.9798 229.8558 22460.0500
v 143.9238 229.8244 22460.0500
v 144.0940 229.9178 22460.0500
v 144.0374 229.8874 22460.0500
v 144.2093 229.9778 22460.0500
v 144.1522 229.9484 22460.0500
v 144.3255 230.0358 22460.0500
v 144.2679 230.0074 22460.0500
v 144.4428 230.0917 22460.0500
v 144.3847 230.0643 22460.0500
v 144.5611 230.1456 22460.0500
v 144.5025 230.1192 22460.0500
v 144.6802 230.1974 22460.0500
v 144.6212 230.1720 22460.0500
v 144.8002 230.2471 22460.0500
v 144.7408 230.2228 22460.0500
v 144.9211 230.2947 22460.0500
v 144.8613 230.2715 22460.0500
v 145.0428 230.3402 22460.0500
v 144.9826 230.3180 22460.0500
v 145.1653 230.3836 22460.0500
v 145.1047 230.3624 22460.0500
v 145.2885 230.4248 22460.0500
v 145.2275 230.4047 22460.0500
v 145.4124 230.4639 22460.0500
v 145.3511 230.4449 22460.0500
v 145.5370 230.5008 22460.0500
v 145.4754 230.4828 22460.0500
v 145.6622 230.5355 22460.0500
v 145.6003 230.5186 22460.0500
v 145.7880 230.5681 22460.0500
v 145.7258 230.5523 22460.0500
v 145.9144 230.5984 22460.0500
v 145.8519 230.5837 22460.0500
v 146.0412 230.6265 22460.0500
v 145.9785 230.6129 22460.0500
v 146.1685 230.6524 22460.0500
v 146.1055 230.6399 22460.0500
v 146.2963 230.6761 22460.0500
v 146.2331 230.6647 22460.0500
v 146.4244 230.6975 22460.0500
v 146.3611 230.6872 22460.0500
v 146.5529 230.7168 22460.0500
v 146.4894 230.7075 22460.0500
v 146.6817 230.7337 22460.0500
v 146.6181 230.7256 22460.0500
v 146.8109 230.7484 22460.0500
v 146.7470 230.7414 22460.0500
v 146.9402 230.7609 22460.0500
v 146.8762 230.7550 22460.0500
v 147.0697 230.7711 22460.0500
v 147.0057 230.7663 22460.0500
v 147.1994 230.7790 22460.0500
v 147.1353 230.7754 22460.0500
v 147.3292 230.7847 22460.0500
v 147.2650 230.7822 22460.0500
v 147.4591 230.7881 22460.0500
v 147.3949 230.7867 22460.0500
v 147.5890 230.7892 22460.0500
v 147.5248 230.7889 22460.0500
v 147.7189 230.7881 22460.0500
v 147.6547 230.7889 22460.0500
v 147.8488 230.7847 22460.0500
v 147.7846 230.7866 22460.0500
v 147.9786 230.7790 22460.0500
v 147.9145 230.7821 22460.0500
v 148.1083 230.7711 22460.0500
v 148.0443 230.7753 22460.0500
v 148.2379 230.7609 22460.0500
v 148.1739 230.7662 22460.0500
v 148.3672 230.7484 22460.0500
v 148.3033 230.7549 22460.0500
v 148.4963 230.7337 22460.0500
v 148.4325 230.7413 22460.0500
v 148.6251 230.7168 22460.0500
v 148.5615 230.7254 22460.0500
v 148.7536 230.6975 22460.0500
v 148.6901 230.7073 22460.0500
v 148.8817 230.6761 22460.0500
v 148.8185 230.6870 22460.0500
v 149.0095 230.6524 22460.0500
v 148.9464 230.6644 22460.0500
v 149.1368 230.6265 22460.0500
v 149.0740 230.6396 22460.0500
v 149.2637 230.5984 22460.0500
v 149.2010 230.6126 22460.0500
v 149.3900 230.5681 22460.0500
v 149.3276 230.5833 22460.0500
v 149.5158 230.5355 22460.0500
v 149.4537 230.5519 22460.0500
v 149.6410 230.5008 22460.0500
v 149.5792 230.5182 22460.0500
v 149.7656 230.4639 22460.0500
v 149.7041 230.4824 22460.0500
v 149.8895 230.4248 22460.0500
v 149.8284 230.4444 22460.0500
v 150.0127 230.3836 22460.0500
v 149.9519 230.4043 22460.0500
v 150.1352 230.3402 22460.0500
v 150.0748 230.3619 22460.0500
v 150.2569 230.2947 22460.0500
v 150.1969 230.3175 22460.0500
v 150.3778 230.2471 22460.0500
v 150.3181 230.2709 22460.0500
v 150.4978 230.1974 22460.0500
v 150.4386 230.2222 22460.0500
v 150.6170 230.1456 22460.0500
v 150.5582 230.1714 22460.0500
v 150.7352 230.0917 22460.0500
v 150.6769 230.1186 22460.0500
v 150.8525 230.0358 22460.0500
v 150.7946 230.0637 22460.0500
v 150.9688 229.9778 22460.0500
v 150.9114 230.0067 22460.0500
v 151.0840 229.9178 22460.0500
v 151.0272 229.9477 22460.0500
v 151.1982 229.8558 22460.0500
v 151.1419 229.8867 22460.0500
v 151.3113 229.7918 22460.0500
v 151.2555 229.8237 22460.0500
v 151.4232 229.7259 22460.0500
v 151.3681 229.7587 22460.0500
v 151.5340 229.6580 22460.0500
v 151.4794 229.6918 22460.0500
v 151.6436 229.5882 22460.0500
v 151.5896 229.6229 22460.0500
v 151.7520 229.5165 22460.0500
v 151.6986 229.5521 22460.0500
v 151.8590 229.4429 22460.0500
v 151.8063 229.4795 22460.0500
v 151.9648 229.3674 22460.0500
v 151.9127 229.4049 22460.0500
v 152.0693 229.2901 22460.0500
v 152.0178 229.3286 22460.0500
v 152.1723 229.2110 22460.0500
v 152.1216 229.2504 22460.0500
v 152.2740 229.1302 22460.0500
v 152.2239 229.1703 22460.0500
v 152.3743 229.0475 22460.0500
v 152.3249 229.0886 22460.0500
v 152.4731 228.9631 22460.0500
v 152.4244 229.0050 22460.0500
v 152.5704 228.8770 22460.0500
v 152.5225 228.9198 22460.0500
v 152.6662 228.7892 22460.0500
v 152.6190 228.8328 22460.0500
v 152.7604 228.6998 22460.0500
v 152.7141 228.7442 22460.0500
v 152.8531 228.6087 22460.0500
v 152.8075 228.6539 22460.0500
v 152.9442 228.5161 22460.0500
v 152.8994 228.5621 22460.0500
v 153.0336 228.4218 22460.0500
v 152.9896 228.4686 22460.0500
v 153.1214 228.3260 22460.0500
v 153.0782 228.3736 22460.0500
v 153.2075 228.2287 22460.0500
v 153.1651 228.2770 22460.0500
v 153.2919 228.1299 22460.0500
v 153.2504 228.1789 22460.0500
v 153.3745 228.0296 22460.0500
v 153.3339 228.0794 22460.0500
v 153.4554 227.9280 22460.0500
v 153.4156 227.9784 22460.0500
v 153.5345 227.8249 22460.0500
v 153.4956 227.8760 22460.0500
v 153.6118 227.7204 22460.0500
v 153.5738 227.7722 22460.0500
v 153.6872 227.6147 22460.0500
v 153.6502 227.6671 22460.0500
v 153.7608 227.5076 22460.0500
v 153.7247 227.5607 22460.0500
v 153.8325 227.3992 22460.0500
v 153.7973 227.4529 22460.0500
v 153.9024 227.2897 22460.0500
v 153.8681 227.3440 22460.0500
v 153.9702 227.1789 22460.0500
v 153.9369 227.2338 22460.0500
v 154.0362 227.0669 22460.0500
v 154.0038 227.1224 22460.0500
v 154.1002 226.9538 22460.0500
v 154.0688 227.0099 22460.0500
v 154.1622 226.8396 22460.0500
v 154.1318 226.8962 22460.0500
v 154.2222 226.7244 22460.0500
v 154.1928 226.7815 22460.0500
v 154.2801 226.6081 22460.0500
v 154.2517 226.6657 22460.0500
v 154.3361 226.4908 22460.0500
v 154.3087 226.5489 22460.0500
v 154.3900 226.3726 22460.0500
v 154.3636 226.4312 22460.0500
v 154.4418 226.2535 22460.0500
v 154.4164 226.3125 22460.0500
v 154.4915 226.1334 22460.0500
v 154.4672 226.1929 22460.0500
v 154.5391 226.0125 22460.0500
v 154.5158 226.0724 22460.0500
v 154.5846 225.8908 22460.0500
v 154.5624 225.9511 22460.0500
v 154.6280 225.7684 22460.0500
v 154.6068 225.8290 22460.0500
v 154.6692 225.6451 22460.0500
v 154.6491 225.7061 22460.0500
v 154.7083 225.5212 22460.0500
v 154.6892 225.5826 22460.0500
v 154.7452 225.3966 22460.0500
v 154.7272 225.4583 22460.0500
v 154.7799 225.2714 22460.0500
v 154.7630 225.3334 22460.0500
v 154.8124 225.1456 22460.0500
v 154.7966 225.2079 22460.0500
v 154.8428 225.0193 22460.0500
v 154.8280 225.0818 22460.0500
v 154.8709 224.8925 22460.0500
v 154.8573 224.9552 22460.0500
v 154.8968 224.7651 22460.0500
v 154.8843 224.8281 22460.0500
v 154.9205 224.6374 22460.0500
v 154.9090 224.7006 22460.0500
v 154.9419 224.5092 22460.0500
v 154.9316 224.5726 22460.0500
v 154.9611 224.3807 22460.0500
v 154.9519 224.4443 22460.0500
v 154.9781 224.2519 22460.0500
v 154.9700 224.3156 22460.0500
v 154.9928 224.1228 22460.0500
v 154.9858 224.1866 22460.0500
v 155.0052 223.9935 22460.0500
v 154.9994 224.0574 22460.0500
v 155.0154 223.8640 22460.0500
v 155.0107 223.9280 22460.0500
v 155.0234 223.7343 22460.0500
v 155.0197 223.7984 22460.0500
v 155.0290 223.6045 22460.0500
v 155.0265 223.6686 22460.0500
v 155.0324 223.4746 22460.0500
v 155.0310 223.5388 22460.0500
v 155.0333 223.4089 22460.0500
v 155.0336 223.3447 22408.7900
v 152.8531 218.0806 22408.7900
v 147.5890 215.9001 22408.7900
v 142.3249 218.0806 22408.7900
v 140.1445 223.3447 22408.7900
v 142.3249 228.6087 22408.7900
v 147.5890 230.7892 22408.7900
v 152.8531 228.6087 22408.7900
v 162.4781 223.3447 22460.0500
v 162.4758 223.6045 22460.0500
v 162.4764 223.4761 22460.0500
v 162.4690 223.8643 22460.0500
v 162.4718 223.7359 22460.0500
v 162.4577 224.1239 22460.0500
v 162.4627 223.9955 22460.0500
v 162.4418 224.3833 22460.0500
v 162.4491 224.2550 22460.0500
v 162.4215 224.6423 22460.0500
v 162.4310 224.5142 22460.0500
v 162.3965 224.9010 22460.0500
v 162.4083 224.7731 22460.0500
v 162.3671 225.1592 22460.0500
v 162.3811 225.0315 22460.0500
v 162.3332 225.4168 22460.0500
v 162.3494 225.2894 22460.0500
v 162.2948 225.6738 22460.0500
v 162.3132 225.5467 22460.0500
v 162.2519 225.9301 22460.0500
v 162.2726 225.8033 22460.0500
v 162.2046 226.1856 22460.0500
v 162.2274 226.0592 22460.0500
v 162.1528 226.4403 22460.0500
v 162.1778 226.3143 22460.0500
v 162.0965 226.6940 22460.0500
v 162.1237 226.5685 22460.0500
v 162.0358 226.9466 22460.0500
v 162.0653 226.8216 22460.0500
v 161.9708 227.1982 22460.0500
v 162.0024 227.0737 22460.0500
v 161.9013 227.4486 22460.0500
v 161.9351 227.3247 22460.0500
v 161.8275 227.6978 22460.0500
v 161.8635 227.5745 22460.0500
v 161.7494 227.9456 22460.0500
v 161.7875 227.8230 22460.0500
v 161.6669 228.1921 22460.0500
v 161.7072 228.0701 22460.0500
v 161.5802 228.4370 22460.0500
v 161.6225 228.3158 22460.0500
v 161.4892 228.6804 22460.0500
v 161.5336 228.5599 22460.0500
v 161.3940 228.9222 22460.0500
v 161.4405 228.8025 22460.0500
v 161.2945 229.1623 22460.0500
v 161.3431 229.0434 22460.0500
v 161.1909 229.4006 22460.0500
v 161.2416 229.2826 22460.0500
v 161.0831 229.6371 22460.0500
v 161.1359 229.5200 22460.0500
v 160.9713 229.8716 22460.0500
v 161.0260 229.7554 22460.0500
v 160.8553 230.1042 22460.0500
v 160.9121 229.9890 22460.0500
v 160.7353 230.3347 22460.0500
v 160.7941 230.2205 22460.0500
v 160.6113 230.5630 22460.0500
v 160.6721 230.4499 22460.0500
v 160.4834 230.7892 22460.0500
v 160.5461 230.6771 22460.0500
v 160.3515 231.0131 22460.0500
v 160.4162 230.9022 22460.0500
v 160.2157 231.2347 22460.0500
v 160.2823 231.1249 22460.0500
v 160.0761 231.4538 22460.0500
v 160.1446 231.3452 22460.0500
v 159.9326 231.6705 22460.0500
v 160.0031 231.5631 22460.0500
v 159.7854 231.8847 22460.0500
v 159.8577 231.7785 22460.0500
v 159.6346 232.0962 22460.0500
v 159.7087 231.9914 22460.0500
v 159.4800 232.3051 22460.0500
v 159.5559 232.2016 22460.0500
v 159.3218 232.5113 22460.0500
v 159.3995 232.4091 22460.0500
v 159.1600 232.7147 22460.0500
v 159.2395 232.6138 22460.0500
v 158.9947 232.9152 22460.0500
v 159.0760 232.8157 22460.0500
v 158.8260 233.1128 22460.0500
v 158.9089 233.0148 22460.0500
v 158.6538 233.3074 22460.0500
v 158.7384 233.2108 22460.0500
v 158.4782 233.4990 22460.0500
v 158.5646 233.4039 22460.0500
v 158.2993 233.6875 22460.0500
v 158.3873 233.5939 22460.0500
v 158.1172 233.8728 22460.0500
v 158.2068 233.7808 22460.0500
v 157.9319 234.0550 22460.0500
v 158.0231 233.9646 22460.0500
v 157.7434 234.2338 22460.0500
v 157.8361 234.1450 22460.0500
v 157.5518 234.4094 22460.0500
v 157.6461 234.3222 22460.0500
v 157.3571 234.5816 22460.0500
v 157.4530 234.4961 22460.0500
v 157.1595 234.7504 22460.0500
v 157.2568 234.6665 22460.0500
v 156.9590 234.9156 22460.0500
v 157.0578 234.8335 22460.0500
v 156.7557 235.0774 22460.0500
v 156.8558 234.9970 22460.0500
v 156.5495 235.2356 22460.0500
v 156.6510 235.1570 22460.0500
v 156.3406 235.3902 22460.0500
v 156.4435 235.3133 22460.0500
v 156.1291 235.5411 22460.0500
v 156.2333 235.4660 22460.0500
v 155.9149 235.6883 22460.0500
v 156.0204 235.6151 22460.0500
v 155.6982 235.8317 22460.0500
v 155.8050 235.7603 22460.0500
v 155.4790 235.9713 22460.0500
v 155.5871 235.9018 22460.0500
v 155.2575 236.1071 22460.0500
v 155.3667 236.0395 22460.0500
v 155.0336 236.2390 22460.0500
v 155.1439 236.1733 22460.0500
v 154.8074 236.3669 22460.0500
v 154.9189 236.3032 22460.0500
v 154.5790 236.4909 22460.0500
v 154.6916 236.4292 22460.0500
v 154.3485 236.6109 22460.0500
v 154.4622 236.5511 22460.0500
v 154.1160 236.7269 22460.0500
v 154.2307 236.6691 22460.0500
v 153.8814 236.8388 22460.0500
v 153.9971 236.7830 22460.0500
v 153.6450 236.9465 22460.0500
v 153.7616 236.8927 22460.0500
v 153.4066 237.0501 22460.0500
v 153.5242 236.9984 22460.0500
v 153.1666 237.1496 22460.0500
v 153.2850 237.0999 22460.0500
v 152.9248 237.2448 22460.0500
v 153.0441 237.1972 22460.0500
v 152.6814 237.3358 22460.0500
v 152.8015 237.2903 22460.0500
v 152.4364 237.4226 22460.0500
v 152.5573 237.3792 22460.0500
v 152.1900 237.5050 22460.0500
v 152.3116 237.4637 22460.0500
v 151.9422 237.5832 22460.0500
v 152.0645 237.5440 22460.0500
v 151.6930 237.6570 22460.0500
v 151.8160 237.6199 22460.0500
v 151.4426 237.7264 22460.0500
v 151.5662 237.6915 22460.0500
v 151.1910 237.7915 22460.0500
v 151.3152 237.7588 22460.0500
v 150.9383 237.8521 22460.0500
v 151.0631 237.8216 22460.0500
v 150.6846 237.9084 22460.0500
v 150.8099 237.8800 22460.0500
v 150.4300 237.9602 22460.0500
v 150.5557 237.9340 22460.0500
v 150.1745 238.0076 22460.0500
v 150.3007 237.9836 22460.0500
v 149.9182 238.0504 22460.0500
v 150.0448 238.0287 22460.0500
v 149.6612 238.0889 22460.0500
v 149.7881 238.0693 22460.0500
v 149.4035 238.1228 22460.0500
v 149.5308 238.1054 22460.0500
v 149.1454 238.1522 22460.0500
v 149.2729 238.1371 22460.0500
v 148.8867 238.1771 22460.0500
v 149.0145 238.1642 22460.0500
v 148.6276 238.1975 22460.0500
v 148.7556 238.1868 22460.0500
v 148.3683 238.2133 22460.0500
v 148.4964 238.2049 22460.0500
v 148.1086 238.2247 22460.0500
v 148.2369 238.2185 22460.0500
v 147.8489 238.2315 22460.0500
v 147.9772 238.2276 22460.0500
v 147.5890 238.2337 22460.0500
v 147.7174 238.2321 22460.0500
v 147.3292 238.2315 22460.0500
v 147.4576 238.2320 22460.0500
v 147.0694 238.2247 22460.0500
v 147.1978 238.2275 22460.0500
v 146.8098 238.2133 22460.0500
v 146.9381 238.2184 22460.0500
v 146.5504 238.1975 22460.0500
v 146.6786 238.2048 22460.0500
v 146.2914 238.1771 22460.0500
v 146.4194 238.1866 22460.0500
v 146.0327 238.1522 22460.0500
v 146.1606 238.1639 22460.0500
v 145.7745 238.1228 22460.0500
v 145.9022 238.1367 22460.0500
v 145.5168 238.0889 22460.0500
v 145.6443 238.1051 22460.0500
v 145.2598 238.0504 22460.0500
v 145.3869 238.0689 22460.0500
v 145.0036 238.0076 22460.0500
v 145.1303 238.0282 22460.0500
v 144.7480 237.9602 22460.0500
v 144.8744 237.9830 22460.0500
v 144.4934 237.9084 22460.0500
v 144.6194 237.9334 22460.0500
v 144.2397 237.8521 22460.0500
v 144.3652 237.8794 22460.0500
v 143.9870 237.7915 22460.0500
v 144.1120 237.8209 22460.0500
v 143.7354 237.7264 22460.0500
v 143.8599 237.7580 22460.0500
v 143.4850 237.6570 22460.0500
v 143.6089 237.6908 22460.0500
v 143.2359 237.5832 22460.0500
v 143.3592 237.6191 22460.0500
v 142.9880 237.5050 22460.0500
v 143.1107 237.5431 22460.0500
v 142.7416 237.4226 22460.0500
v 142.8636 237.4628 22460.0500
v 142.4966 237.3358 22460.0500
v 142.6179 237.3782 22460.0500
v 142.2532 237.2448 22460.0500
v 142.3737 237.2893 22460.0500
v 142.0115 237.1496 22460.0500
v 142.1312 237.1961 22460.0500
v 141.7714 237.0501 22460.0500
v 141.8902 237.0988 22460.0500
v 141.5331 236.9465 22460.0500
v 141.6511 236.9972 22460.0500
v 141.2966 236.8388 22460.0500
v 141.4137 236.8915 22460.0500
v 141.0621 236.7269 22460.0500
v 141.1782 236.7817 22460.0500
v 140.8295 236.6109 22460.0500
v 140.9447 236.6677 22460.0500
v 140.5990 236.4909 22460.0500
v 140.7132 236.5497 22460.0500
v 140.3706 236.3669 22460.0500
v 140.4838 236.4277 22460.0500
v 140.1445 236.2390 22460.0500
v 140.2565 236.3017 22460.0500
v 139.9206 236.1071 22460.0500
v 140.0315 236.1718 22460.0500
v 139.6990 235.9713 22460.0500
v 139.8088 236.0379 22460.0500
v 139.4798 235.8317 22460.0500
v 139.5885 235.9002 22460.0500
v 139.2631 235.6883 22460.0500
v 139.3705 235.7587 22460.0500
v 139.0490 235.5411 22460.0500
v 139.1551 235.6134 22460.0500
v 138.8374 235.3902 22460.0500
v 138.9423 235.4643 22460.0500
v 138.6285 235.2356 22460.0500
v 138.7321 235.3116 22460.0500
v 138.4224 235.0774 22460.0500
v 138.5246 235.1552 22460.0500
v 138.2190 234.9156 22460.0500
v 138.3199 234.9952 22460.0500
v 138.0185 234.7504 22460.0500
v 138.1180 234.8316 22460.0500
v 137.8209 234.5816 22460.0500
v 137.9189 234.6646 22460.0500
v 137.6263 234.4094 22460.0500
v 137.7228 234.4941 22460.0500
v 137.4347 234.2338 22460.0500
v 137.5297 234.3202 22460.0500
v 137.2462 234.0550 22460.0500
v 137.3397 234.1430 22460.0500
v 137.0608 233.8728 22460.0500
v 137.1528 233.9624 22460.0500
v 136.8787 233.6875 22460.0500
v 136.9691 233.7787 22460.0500
v 136.6998 233.4990 22460.0500
v 136.7886 233.5918 22460.0500
v 136.5243 233.3074 22460.0500
v 136.6114 233.4017 22460.0500
v 136.3521 233.1128 22460.0500
v 136.4376 233.2086 22460.0500
v 136.1833 232.9152 22460.0500
v 136.2671 233.0125 22460.0500
v 136.0180 232.7147 22460.0500
v 136.1001 232.8134 22460.0500
v 135.8562 232.5113 22460.0500
v 135.9366 232.6115 22460.0500
v 135.6980 232.3051 22460.0500
v 135.7767 232.4067 22460.0500
v 135.5435 232.0962 22460.0500
v 135.6203 232.1991 22460.0500
v 135.3926 231.8847 22460.0500
v 135.4676 231.9889 22460.0500
v 135.2454 231.6705 22460.0500
v 135.3186 231.7760 22460.0500
v 135.1020 231.4538 22460.0500
v 135.1733 231.5606 22460.0500
v 134.9623 231.2347 22460.0500
v 135.0318 231.3427 22460.0500
v 134.8266 231.0131 22460.0500
v 134.8941 231.1223 22460.0500
v 134.6947 230.7892 22460.0500
v 134.7603 230.8996 22460.0500
v 134.5667 230.5630 22460.0500
v 134.6304 230.6745 22460.0500
v 134.4427 230.3347 22460.0500
v 134.5045 230.4473 22460.0500
v 134.3227 230.1042 22460.0500
v 134.3825 230.2178 22460.0500
v 134.2068 229.8716 22460.0500
v 134.2646 229.9863 22460.0500
v 134.0949 229.6371 22460.0500
v 134.1507 229.7527 22460.0500
v 133.9872 229.4006 22460.0500
v 134.0409 229.5172 22460.0500
v 133.8835 229.1623 22460.0500
v 133.9353 229.2798 22460.0500
v 133.7841 228.9222 22460.0500
v 133.8338 229.0406 22460.0500
v 133.6888 228.6804 22460.0500
v 133.7364 228.7997 22460.0500
v 133.5978 228.4370 22460.0500
v 133.6433 228.5571 22460.0500
v 133.5111 228.1921 22460.0500
v 133.5545 228.3129 22460.0500
v 133.4286 227.9456 22460.0500
v 133.4699 228.0672 22460.0500
v 133.3505 227.6978 22460.0500
v 133.3897 227.8201 22460.0500
v 133.2767 227.4486 22460.0500
v 133.3137 227.5716 22460.0500
v 133.2072 227.1982 22460.0500
v 133.2421 227.3218 22460.0500
v 133.1422 226.9466 22460.0500
v 133.1749 227.0708 22460.0500
v 133.0815 226.6940 22460.0500
v 133.1121 226.8187 22460.0500
v 133.0253 226.4403 22460.0500
v 133.0536 226.5655 22460.0500
v 132.9735 226.1856 22460.0500
v 132.9996 226.3114 22460.0500
v 132.9261 225.9301 22460.0500
v 132.9501 226.0563 22460.0500
v 132.8832 225.6738 22460.0500
v 132.9050 225.8004 22460.0500
v 132.8448 225.4168 22460.0500
v 132.8644 225.5437 22460.0500
v 132.8109 225.1592 22460.0500
v 132.8282 225.2864 22460.0500
v 132.7815 224.9010 22460.0500
v 132.7966 225.0285 22460.0500
v 132.7566 224.6423 22460.0500
v 132.7694 224.7701 22460.0500
v 132.7362 224.3833 22460.0500
v 132.7468 224.5112 22460.0500
v 132.7203 224.1239 22460.0500
v 132.7287 224.2520 22460.0500
v 132.7090 223.8643 22460.0500
v 132.7151 223.9926 22460.0500
v 132.7022 223.6045 22460.0500
v 132.7061 223.7329 22460.0500
v 132.6999 223.3447 22460.0500
v 132.7016 223.4731 22460.0500
v 132.7022 223.0848 22460.0500
v 132.7016 223.2132 22460.0500
v 132.7090 222.8250 22460.0500
v 132.7062 222.9534 22460.0500
v 132.7203 222.5654 22460.0500
v 132.7153 222.6937 22460.0500
v 132.7362 222.3060 22460.0500
v 132.7289 222.4343 22460.0500
v 132.7566 222.0470 22460.0500
v 132.7471 222.1750 22460.0500
v 132.7815 221.7883 22460.0500
v 132.7697 221.9162 22460.0500
v 132.8109 221.5301 22460.0500
v 132.7969 221.6578 22460.0500
v 132.8448 221.2725 22460.0500
v 132.8286 221.3999 22460.0500
v 132.8832 221.0155 22460.0500
v 132.8648 221.1426 22460.0500
v 132.9261 220.7592 22460.0500
v 132.9055 220.8859 22460.0500
v 132.9735 220.5037 22460.0500
v 132.9506 220.6301 22460.0500
v 133.0253 220.2490 22460.0500
v 133.0002 220.3750 22460.0500
v 133.0815 219.9953 22460.0500
v 133.0543 220.1208 22460.0500
v 133.1422 219.7426 22460.0500
v 133.1127 219.8677 22460.0500
v 133.2072 219.4911 22460.0500
v 133.1756 219.6155 22460.0500
v 133.2767 219.2407 22460.0500
v 133.2429 219.3646 22460.0500
v 133.3505 218.9915 22460.0500
v 133.3146 219.1148 22460.0500
v 133.4286 218.7437 22460.0500
v 133.3906 218.8663 22460.0500
v 133.5111 218.4972 22460.0500
v 133.4709 218.6192 22460.0500
v 133.5978 218.2523 22460.0500
v 133.5555 218.3735 22460.0500
v 133.6888 218.0089 22460.0500
v 133.6444 218.1294 22460.0500
v 133.7841 217.7671 22460.0500
v 133.7375 217.8868 22460.0500
v 133.8835 217.5270 22460.0500
v 133.8349 217.6459 22460.0500
v 133.9872 217.2887 22460.0500
v 133.9364 217.4067 22460.0500
v 134.0949 217.0522 22460.0500
v 134.0422 217.1693 22460.0500
v 134.2068 216.8177 22460.0500
v 134.1520 216.9339 22460.0500
v 134.3227 216.5851 22460.0500
v 134.2659 216.7003 22460.0500
v 134.4427 216.3546 22460.0500
v 134.3839 216.4688 22460.0500
v 134.5667 216.1263 22460.0500
v 134.5059 216.2394 22460.0500
v 134.6947 215.9001 22460.0500
v 134.6319 216.0122 22460.0500
v 134.8266 215.6762 22460.0500
v 134.7619 215.7871 22460.0500
v 134.9623 215.4546 22460.0500
v 134.8957 215.5644 22460.0500
v 135.1020 215.2355 22460.0500
v 135.0334 215.3441 22460.0500
v 135.2454 215.0188 22460.0500
v 135.1750 215.1262 22460.0500
v 135.3926 214.8046 22460.0500
v 135.3203 214.9108 22460.0500
v 135.5435 214.5930 22460.0500
v 135.4694 214.6979 22460.0500
v 135.6980 214.3842 22460.0500
v 135.6221 214.4877 22460.0500
v 135.8562 214.1780 22460.0500
v 135.7785 214.2802 22460.0500
v 136.0180 213.9746 22460.0500
v 135.9385 214.0755 22460.0500
v 136.1833 213.7741 22460.0500
v 136.1021 213.8736 22460.0500
v 136.3521 213.5765 22460.0500
v 136.2691 213.6745 22460.0500
v 136.5243 213.3819 22460.0500
v 136.4396 213.4785 22460.0500
v 136.6998 213.1903 22460.0500
v 136.6135 213.2854 22460.0500
v 136.8787 213.0018 22460.0500
v 136.7907 213.0954 22460.0500
v 137.0608 212.8165 22460.0500
v 136.9712 212.9085 22460.0500
v 137.2462 212.6343 22460.0500
v 137.1550 212.7247 22460.0500
v 137.4347 212.4554 22460.0500
v 137.3419 212.5443 22460.0500
v 137.6263 212.2799 22460.0500
v 137.5320 212.3671 22460.0500
v 137.8209 212.1077 22460.0500
v 137.7251 212.1932 22460.0500
v 138.0185 211.9389 22460.0500
v 137.9212 212.0228 22460.0500
v 138.2190 211.7737 22460.0500
v 138.1203 211.8558 22460.0500
v 138.4224 211.6119 22460.0500
v 138.3222 211.6923 22460.0500
v 138.6285 211.4537 22460.0500
v 138.5270 211.5323 22460.0500
v 138.8374 211.2991 22460.0500
v 138.7345 211.3760 22460.0500
v 139.0490 211.1482 22460.0500
v 138.9447 211.2233 22460.0500
v 139.2631 211.0010 22460.0500
v 139.1576 211.0742 22460.0500
v 139.4798 210.8576 22460.0500
v 139.3730 210.9290 22460.0500
v 139.6990 210.7180 22460.0500
v 139.5910 210.7875 22460.0500
v 139.9206 210.5822 22460.0500
v 139.8114 210.6498 22460.0500
v 140.1445 210.4503 22460.0500
v 140.0341 210.5160 22460.0500
v 140.3706 210.3223 22460.0500
v 140.2591 210.3861 22460.0500
v 140.5990 210.1983 22460.0500
v 140.4864 210.2601 22460.0500
v 140.8295 210.0784 22460.0500
v 140.7159 210.1382 22460.0500
v 141.0621 209.9624 22460.0500
v 140.9474 210.0202 22460.0500
v 141.2966 209.8505 22460.0500
v 141.1809 209.9063 22460.0500
v 141.5331 209.7428 22460.0500
v 141.4164 209.7966 22460.0500
v 141.7714 209.6392 22460.0500
v 141.6538 209.6909 22460.0500
v 142.0115 209.5397 22460.0500
v 141.8930 209.5894 22460.0500
v 142.2532 209.4445 22460.0500
v 142.1340 209.4921 22460.0500
v 142.4966 209.3535 22460.0500
v 142.3765 209.3990 22460.0500
v 142.7416 209.2667 22460.0500
v 142.6207 209.3101 22460.0500
v 142.9880 209.1843 22460.0500
v 142.8664 209.2256 22460.0500
v 143.2359 209.1061 22460.0500
v 143.1136 209.1453 22460.0500
v 143.4850 209.0323 22460.0500
v 143.3620 209.0694 22460.0500
v 143.7354 208.9629 22460.0500
v 143.6118 208.9978 22460.0500
v 143.9870 208.8978 22460.0500
v 143.8628 208.9305 22460.0500
v 144.2397 208.8372 22460.0500
v 144.1149 208.8677 22460.0500
v 144.4934 208.7809 22460.0500
v 144.3681 208.8093 22460.0500
v 144.7480 208.7291 22460.0500
v 144.6223 208.7553 22460.0500
v 145.0036 208.6817 22460.0500
v 144.8774 208.7057 22460.0500
v 145.2598 208.6389 22460.0500
v 145.1333 208.6606 22460.0500
v 145.5168 208.6004 22460.0500
v 145.3899 208.6200 22460.0500
v 145.7745 208.5665 22460.0500
v 145.6472 208.5838 22460.0500
v 146.0327 208.5371 22460.0500
v 145.9051 208.5522 22460.0500
v 146.2914 208.5122 22460.0500
v 146.1636 208.5251 22460.0500
v 146.5504 208.4918 22460.0500
v 146.4224 208.5025 22460.0500
v 146.8098 208.4760 22460.0500
v 146.6816 208.4844 22460.0500
v 147.0694 208.4646 22460.0500
v 146.9411 208.4708 22460.0500
v 147.3292 208.4578 22460.0500
v 147.2008 208.4617 22460.0500
v 147.5890 208.4556 22460.0500
v 147.4606 208.4572 22460.0500
v 147.8489 208.4578 22460.0500
v 147.7204 208.4573 22460.0500
v 148.1086 208.4646 22460.0500
v 147.9802 208.4618 22460.0500
v 148.3683 208.4760 22460.0500
v 148.2399 208.4709 22460.0500
v 148.6276 208.4918 22460.0500
v 148.4994 208.4845 22460.0500
v 148.8867 208.5122 22460.0500
v 148.7586 208.5027 22460.0500
v 149.1454 208.5371 22460.0500
v 149.0175 208.5254 22460.0500
v 149.4035 208.5665 22460.0500
v 149.2759 208.5526 22460.0500
v 149.6612 208.6004 22460.0500
v 149.5338 208.5842 22460.0500
v 149.9182 208.6389 22460.0500
v 149.7911 208.6204 22460.0500
v 150.1745 208.6817 22460.0500
v 150.0477 208.6611 22460.0500
v 150.4300 208.7291 22460.0500
v 150.3036 208.7063 22460.0500
v 150.6846 208.7809 22460.0500
v 150.5587 208.7559 22460.0500
v 150.9383 208.8372 22460.0500
v 150.8128 208.8099 22460.0500
v 151.1910 208.8978 22460.0500
v 151.0660 208.8684 22460.0500
v 151.4426 208.9629 22460.0500
v 151.3181 208.9313 22460.0500
v 151.6930 209.0323 22460.0500
v 151.5691 208.9986 22460.0500
v 151.9422 209.1061 22460.0500
v 151.8189 209.0702 22460.0500
v 152.1900 209.1843 22460.0500
v 152.0674 209.1462 22460.0500
v 152.4364 209.2667 22460.0500
v 152.3145 209.2265 22460.0500
v 152.6814 209.3535 22460.0500
v 152.5601 209.3111 22460.0500
v 152.9248 209.4445 22460.0500
v 152.8043 209.4000 22460.0500
v 153.1666 209.5397 22460.0500
v 153.0469 209.4932 22460.0500
v 153.4066 209.6392 22460.0500
v 153.2878 209.5905 22460.0500
v 153.6450 209.7428 22460.0500
v 153.5270 209.6921 22460.0500
v 153.8814 209.8505 22460.0500
v 153.7643 209.7978 22460.0500
v 154.1160 209.9624 22460.0500
v 153.9998 209.9076 22460.0500
v 154.3485 210.0784 22460.0500
v 154.2333 210.0216 22460.0500
v 154.5790 210.1983 22460.0500
v 154.4648 210.1396 22460.0500
v 154.8074 210.3223 22460.0500
v 154.6943 210.2616 22460.0500
v 155.0336 210.4503 22460.0500
v 154.9215 210.3876 22460.0500
v 155.2575 210.5822 22460.0500
v 155.1465 210.5175 22460.0500
v 155.4790 210.7180 22460.0500
v 155.3692 210.6514 22460.0500
v 155.6982 210.8576 22460.0500
v 155.5896 210.7891 22460.0500
v 155.9149 211.0010 22460.0500
v 155.8075 210.9306 22460.0500
v 156.1291 211.1482 22460.0500
v 156.0229 211.0759 22460.0500
v 156.3406 211.2991 22460.0500
v 156.2357 211.2250 22460.0500
v 156.5495 211.4537 22460.0500
v 156.4459 211.3777 22460.0500
v 156.7557 211.6119 22460.0500
v 156.6534 211.5341 22460.0500
v 156.9590 211.7737 22460.0500
v 156.8582 211.6941 22460.0500
v 157.1595 211.9389 22460.0500
v 157.0601 211.8577 22460.0500
v 157.3571 212.1077 22460.0500
v 157.2591 212.0247 22460.0500
v 157.5518 212.2799 22460.0500
v 157.4552 212.1952 22460.0500
v 157.7434 212.4554 22460.0500
v 157.6483 212.3691 22460.0500
v 157.9319 212.6343 22460.0500
v 157.8383 212.5463 22460.0500
v 158.1172 212.8165 22460.0500
v 158.0252 212.7269 22460.0500
v 158.2993 213.0018 22460.0500
v 158.2089 212.9106 22460.0500
v 158.4782 213.1903 22460.0500
v 158.3894 213.0975 22460.0500
v 158.6538 213.3819 22460.0500
v 158.5666 213.2876 22460.0500
v 158.8260 213.5765 22460.0500
v 158.7404 213.4807 22460.0500
v 158.9947 213.7741 22460.0500
v 158.9109 213.6768 22460.0500
v 159.1600 213.9746 22460.0500
v 159.0779 213.8759 22460.0500
v 159.3218 214.1780 22460.0500
v 159.2414 214.0779 22460.0500
v 159.4800 214.3842 22460.0500
v 159.4014 214.2826 22460.0500
v 159.6346 214.5930 22460.0500
v 159.5577 214.4902 22460.0500
v 159.7854 214.8046 22460.0500
v 159.7104 214.7004 22460.0500
v 159.9326 215.0188 22460.0500
v 159.8594 214.9133 22460.0500
v 160.0761 215.2355 22460.0500
v 160.0047 215.1287 22460.0500
v 160.2157 215.4546 22460.0500
v 160.1462 215.3466 22460.0500
v 160.3515 215.6762 22460.0500
v 160.2839 215.5670 22460.0500
v 160.4834 215.9001 22460.0500
v 160.4177 215.7897 22460.0500
v 160.6113 216.1263 22460.0500
v 160.5476 216.0148 22460.0500
v 160.7353 216.3546 22460.0500
v 160.6735 216.2421 22460.0500
v 160.8553 216.5851 22460.0500
v 160.7955 216.4715 22460.0500
v 160.9713 216.8177 22460.0500
v 160.9134 216.7030 22460.0500
v 161.0831 217.0522 22460.0500
v 161.0273 216.9366 22460.0500
v 161.1909 217.2887 22460.0500
v 161.1371 217.1721 22460.0500
v 161.2945 217.5270 22460.0500
v 161.2428 217.4095 22460.0500
v 161.3940 217.7671 22460.0500
v 161.3443 217.6487 22460.0500
v 161.4892 218.0089 22460.0500
v 161.4416 217.8896 22460.0500
v 161.5802 218.2523 22460.0500
v 161.5347 218.1322 22460.0500
v 161.6669 218.4972 22460.0500
v 161.6235 218.3764 22460.0500
v 161.7494 218.7437 22460.0500
v 161.7081 218.6221 22460.0500
v 161.8275 218.9915 22460.0500
v 161.7884 218.8692 22460.0500
v 161.9013 219.2407 22460.0500
v 161.8643 219.1177 22460.0500
v 161.9708 219.4911 22460.0500
v 161.9359 219.3675 22460.0500
v 162.0358 219.7426 22460.0500
v 162.0031 219.6185 22460.0500
v 162.0965 219.9953 22460.0500
v 162.0660 219.8706 22460.0500
v 162.1528 220.2490 22460.0500
v 162.1244 220.1238 22460.0500
v 162.2046 220.5037 22460.0500
v 162.1784 220.3779 22460.0500
v 162.2519 220.7592 22460.0500
v 162.2280 220.6330 22460.0500
v 162.2948 221.0155 22460.0500
v 162.2731 220.8889 22460.0500
v 162.3332 221.2725 22460.0500
v 162.3137 221.1456 22460.0500
v 162.3671 221.5301 22460.0500
v 162.3498 221.4029 22460.0500
v 162.3965 221.7883 22460.0500
v 162.3815 221.6608 22460.0500
v 162.4215 222.0470 22460.0500
v 162.4086 221.9192 22460.0500
v 162.4418 222.3060 22460.0500
v 162.4312 222.1781 22460.0500
v 162.4577 222.5654 22460.0500
v 162.4493 222.4373 22460.0500
v 162.4690 222.8250 22460.0500
v 162.4629 222.6967 22460.0500
v 162.4758 223.0848 22460.0500
v 162.4719 222.9564 22460.0500
v 162.4764 223.2162 22460.0500
v 162.4781 223.3447 22489.8700
v 162.4758 223.0848 22489.8700
v 162.4775 223.2132 22489.8700
v 162.4690 222.8250 22489.8700
v 162.4730 222.9534 22489.8700
v 162.4577 222.5654 22489.8700
v 162.4639 222.6937 22489.8700
v 162.4418 222.3060 22489.8700
v 162.4503 222.4342 22489.8700
v 162.4215 222.0470 22489.8700
v 162.4321 222.1750 22489.8700
v 162.3965 221.7883 22489.8700
v 162.4094 221.9161 22489.8700
v 162.3671 221.5301 22489.8700
v 162.3822 221.6577 22489.8700
v 162.3332 221.2725 22489.8700
v 162.3505 221.3997 22489.8700
v 162.2948 221.0155 22489.8700
v 162.3143 221.1424 22489.8700
v 162.2519 220.7592 22489.8700
v 162.2737 220.8858 22489.8700
v 162.2046 220.5037 22489.8700
v 162.2285 220.6299 22489.8700
v 162.1528 220.2490 22489.8700
v 162.1789 220.3748 22489.8700
v 162.0965 219.9953 22489.8700
v 162.1249 220.1206 22489.8700
v 162.0358 219.7426 22489.8700
v 162.0664 219.8674 22489.8700
v 161.9708 219.4911 22489.8700
v 162.0035 219.6153 22489.8700
v 161.9013 219.2407 22489.8700
v 161.9362 219.3643 22489.8700
v 161.8275 218.9915 22489.8700
v 161.8645 219.1145 22489.8700
v 161.7494 218.7437 22489.8700
v 161.7885 218.8660 22489.8700
v 161.6669 218.4972 22489.8700
v 161.7082 218.6188 22489.8700
v 161.5802 218.2523 22489.8700
v 161.6236 218.3732 22489.8700
v 161.4892 218.0089 22489.8700
v 161.5347 218.1290 22489.8700
v 161.3940 217.7671 22489.8700
v 161.4415 217.8864 22489.8700
v 161.2945 217.5270 22489.8700
v 161.3442 217.6454 22489.8700
v 161.1909 217.2887 22489.8700
v 161.2426 217.4062 22489.8700
v 161.0831 217.0522 22489.8700
v 161.1369 217.1689 22489.8700
v 160.9713 216.8177 22489.8700
v 161.0271 216.9334 22489.8700
v 160.8553 216.5851 22489.8700
v 160.9131 216.6998 22489.8700
v 160.7353 216.3546 22489.8700
v 160.7951 216.4683 22489.8700
v 160.6113 216.1263 22489.8700
v 160.6731 216.2389 22489.8700
v 160.4834 215.9001 22489.8700
v 160.5471 216.0116 22489.8700
v 160.3515 215.6762 22489.8700
v 160.4171 215.7866 22489.8700
v 160.2157 215.4546 22489.8700
v 160.2833 215.5638 22489.8700
v 160.0761 215.2355 22489.8700
v 160.1456 215.3435 22489.8700
v 159.9326 215.0188 22489.8700
v 160.0040 215.1255 22489.8700
v 159.7854 214.8046 22489.8700
v 159.8587 214.9101 22489.8700
v 159.6346 214.5930 22489.8700
v 159.7096 214.6973 22489.8700
v 159.4800 214.3842 22489.8700
v 159.5568 214.4871 22489.8700
v 159.3218 214.1780 22489.8700
v 159.4004 214.2795 22489.8700
v 159.1600 213.9746 22489.8700
v 159.2404 214.0748 22489.8700
v 158.9947 213.7741 22489.8700
v 159.0769 213.8729 22489.8700
v 158.8260 213.5765 22489.8700
v 158.9098 213.6738 22489.8700
v 158.6538 213.3819 22489.8700
v 158.7393 213.4777 22489.8700
v 158.4782 213.1903 22489.8700
v 158.5654 213.2846 22489.8700
v 158.2993 213.0018 22489.8700
v 158.3882 213.0946 22489.8700
v 158.1172 212.8165 22489.8700
v 158.2076 212.9077 22489.8700
v 157.9319 212.6343 22489.8700
v 158.0238 212.7239 22489.8700
v 157.7434 212.4554 22489.8700
v 157.8369 212.5434 22489.8700
v 157.5518 212.2799 22489.8700
v 157.6468 212.3662 22489.8700
v 157.3571 212.1077 22489.8700
v 157.4537 212.1924 22489.8700
v 157.1595 211.9389 22489.8700
v 157.2576 212.0219 22489.8700
v 156.9590 211.7737 22489.8700
v 157.0585 211.8549 22489.8700
v 156.7557 211.6119 22489.8700
v 156.8565 211.6914 22489.8700
v 156.5495 211.4537 22489.8700
v 156.6517 211.5314 22489.8700
v 156.3406 211.2991 22489.8700
v 156.4442 211.3750 22489.8700
v 156.1291 211.1482 22489.8700
v 156.2339 211.2223 22489.8700
v 155.9149 211.0010 22489.8700
v 156.0211 211.0733 22489.8700
v 155.6982 210.8576 22489.8700
v 155.8056 210.9280 22489.8700
v 155.4790 210.7180 22489.8700
v 155.5877 210.7865 22489.8700
v 155.2575 210.5822 22489.8700
v 155.3673 210.6488 22489.8700
v 155.0336 210.4503 22489.8700
v 155.1445 210.5150 22489.8700
v 154.8074 210.3223 22489.8700
v 154.9194 210.3851 22489.8700
v 154.5790 210.1983 22489.8700
v 154.6922 210.2591 22489.8700
v 154.3485 210.0784 22489.8700
v 154.4627 210.1372 22489.8700
v 154.1160 209.9624 22489.8700
v 154.2312 210.0192 22489.8700
v 153.8814 209.8505 22489.8700
v 153.9976 209.9053 22489.8700
v 153.6450 209.7428 22489.8700
v 153.7621 209.7955 22489.8700
v 153.4066 209.6392 22489.8700
v 153.5247 209.6898 22489.8700
v 153.1666 209.5397 22489.8700
v 153.2854 209.5883 22489.8700
v 152.9248 209.4445 22489.8700
v 153.0445 209.4910 22489.8700
v 152.6814 209.3535 22489.8700
v 152.8019 209.3979 22489.8700
v 152.4364 209.2667 22489.8700
v 152.5577 209.3091 22489.8700
v 152.1900 209.1843 22489.8700
v 152.3120 209.2245 22489.8700
v 151.9422 209.1061 22489.8700
v 152.0648 209.1442 22489.8700
v 151.6930 209.0323 22489.8700
v 151.8163 209.0683 22489.8700
v 151.4426 208.9629 22489.8700
v 151.5665 208.9967 22489.8700
v 151.1910 208.8978 22489.8700
v 151.3155 208.9294 22489.8700
v 150.9383 208.8372 22489.8700
v 151.0633 208.8666 22489.8700
v 150.6846 208.7809 22489.8700
v 150.8101 208.8082 22489.8700
v 150.4300 208.7291 22489.8700
v 150.5560 208.7542 22489.8700
v 150.1745 208.6817 22489.8700
v 150.3009 208.7046 22489.8700
v 149.9182 208.6389 22489.8700
v 150.0449 208.6595 22489.8700
v 149.6612 208.6004 22489.8700
v 149.7883 208.6189 22489.8700
v 149.4035 208.5665 22489.8700
v 149.5309 208.5827 22489.8700
v 149.1454 208.5371 22489.8700
v 149.2730 208.5511 22489.8700
v 148.8867 208.5122 22489.8700
v 149.0146 208.5240 22489.8700
v 148.6276 208.4918 22489.8700
v 148.7557 208.5013 22489.8700
v 148.3683 208.4760 22489.8700
v 148.4965 208.4832 22489.8700
v 148.1086 208.4646 22489.8700
v 148.2370 208.4697 22489.8700
v 147.8489 208.4578 22489.8700
v 147.9773 208.4606 22489.8700
v 147.5890 208.4556 22489.8700
v 147.7174 208.4561 22489.8700
v 147.3292 208.4578 22489.8700
v 147.4576 208.4561 22489.8700
v 147.0694 208.4646 22489.8700
v 147.1978 208.4607 22489.8700
v 146.8098 208.4760 22489.8700
v 146.9381 208.4698 22489.8700
v 146.5504 208.4918 22489.8700
v 146.6786 208.4834 22489.8700
v 146.2914 208.5122 22489.8700
v 146.4193 208.5016 22489.8700
v 146.0327 208.5371 22489.8700
v 146.1605 208.5242 22489.8700
v 145.7745 208.5665 22489.8700
v 145.9020 208.5514 22489.8700
v 145.5168 208.6004 22489.8700
v 145.6441 208.5831 22489.8700
v 145.2598 208.6389 22489.8700
v 145.3868 208.6193 22489.8700
v 145.0036 208.6817 22489.8700
v 145.1301 208.6600 22489.8700
v 144.7480 208.7291 22489.8700
v 144.8742 208.7051 22489.8700
v 144.4934 208.7809 22489.8700
v 144.6191 208.7547 22489.8700
v 144.2397 208.8372 22489.8700
v 144.3650 208.8088 22489.8700
v 143.9870 208.8978 22489.8700
v 144.1118 208.8673 22489.8700
v 143.7354 208.9629 22489.8700
v 143.8596 208.9302 22489.8700
v 143.4850 209.0323 22489.8700
v 143.6086 208.9975 22489.8700
v 143.2359 209.1061 22489.8700
v 143.3588 209.0691 22489.8700
v 142.9880 209.1843 22489.8700
v 143.1103 209.1451 22489.8700
v 142.7416 209.2667 22489.8700
v 142.8632 209.2254 22489.8700
v 142.4966 209.3535 22489.8700
v 142.6175 209.3101 22489.8700
v 142.2532 209.4445 22489.8700
v 142.3733 209.3990 22489.8700
v 142.0115 209.5397 22489.8700
v 142.1307 209.4921 22489.8700
v 141.7714 209.6392 22489.8700
v 141.8898 209.5895 22489.8700
v 141.5331 209.7428 22489.8700
v 141.6506 209.6910 22489.8700
v 141.2966 209.8505 22489.8700
v 141.4132 209.7968 22489.8700
v 141.0621 209.9624 22489.8700
v 141.1777 209.9066 22489.8700
v 140.8295 210.0784 22489.8700
v 140.9442 210.0206 22489.8700
v 140.5990 210.1983 22489.8700
v 140.7127 210.1385 22489.8700
v 140.3706 210.3223 22489.8700
v 140.4832 210.2606 22489.8700
v 140.1445 210.4503 22489.8700
v 140.2560 210.3866 22489.8700
v 139.9206 210.5822 22489.8700
v 140.0309 210.5165 22489.8700
v 139.6990 210.7180 22489.8700
v 139.8082 210.6504 22489.8700
v 139.4798 210.8576 22489.8700
v 139.5878 210.7881 22489.8700
v 139.2631 211.0010 22489.8700
v 139.3699 210.9297 22489.8700
v 139.0490 211.1482 22489.8700
v 139.1545 211.0750 22489.8700
v 138.8374 211.2991 22489.8700
v 138.9417 211.2241 22489.8700
v 138.6285 211.4537 22489.8700
v 138.7314 211.3768 22489.8700
v 138.4224 211.6119 22489.8700
v 138.5239 211.5332 22489.8700
v 138.2190 211.7737 22489.8700
v 138.3192 211.6933 22489.8700
v 138.0185 211.9389 22489.8700
v 138.1172 211.8568 22489.8700
v 137.8209 212.1077 22489.8700
v 137.9182 212.0239 22489.8700
v 137.6263 212.2799 22489.8700
v 137.7221 212.1944 22489.8700
v 137.4347 212.4554 22489.8700
v 137.5290 212.3683 22489.8700
v 137.2462 212.6343 22489.8700
v 137.3389 212.5455 22489.8700
v 137.0608 212.8165 22489.8700
v 137.1520 212.7260 22489.8700
v 136.8787 213.0018 22489.8700
v 136.9683 212.9098 22489.8700
v 136.6998 213.1903 22489.8700
v 136.7878 213.0968 22489.8700
v 136.5243 213.3819 22489.8700
v 136.6106 213.2868 22489.8700
v 136.3521 213.5765 22489.8700
v 136.4367 213.4799 22489.8700
v 136.1833 213.7741 22489.8700
v 136.2663 213.6761 22489.8700
v 136.0180 213.9746 22489.8700
v 136.0993 213.8752 22489.8700
v 135.8562 214.1780 22489.8700
v 135.9357 214.0771 22489.8700
v 135.6980 214.3842 22489.8700
v 135.7758 214.2819 22489.8700
v 135.5435 214.5930 22489.8700
v 135.6194 214.4895 22489.8700
v 135.3926 214.8046 22489.8700
v 135.4667 214.6997 22489.8700
v 135.2454 215.0188 22489.8700
v 135.3177 214.9126 22489.8700
v 135.1020 215.2355 22489.8700
v 135.1724 215.1281 22489.8700
v 134.9623 215.4546 22489.8700
v 135.0309 215.3460 22489.8700
v 134.8266 215.6762 22489.8700
v 134.8932 215.5664 22489.8700
v 134.6947 215.9001 22489.8700
v 134.7594 215.7892 22489.8700
v 134.5667 216.1263 22489.8700
v 134.6295 216.0142 22489.8700
v 134.4427 216.3546 22489.8700
v 134.5035 216.2415 22489.8700
v 134.3227 216.5851 22489.8700
v 134.3815 216.4710 22489.8700
v 134.2068 216.8177 22489.8700
v 134.2636 216.7025 22489.8700
v 134.0949 217.0522 22489.8700
v 134.1497 216.9361 22489.8700
v 133.9872 217.2887 22489.8700
v 134.0399 217.1716 22489.8700
v 133.8835 217.5270 22489.8700
v 133.9342 217.4090 22489.8700
v 133.7841 217.7671 22489.8700
v 133.8327 217.6482 22489.8700
v 133.6888 218.0089 22489.8700
v 133.7354 217.8892 22489.8700
v 133.5978 218.2523 22489.8700
v 133.6423 218.1318 22489.8700
v 133.5111 218.4972 22489.8700
v 133.5534 218.3760 22489.8700
v 133.4286 218.7437 22489.8700
v 133.4689 218.6217 22489.8700
v 133.3505 218.9915 22489.8700
v 133.3886 218.8688 22489.8700
v 133.2767 219.2407 22489.8700
v 133.3126 219.1174 22489.8700
v 133.2072 219.4911 22489.8700
v 133.2410 219.3672 22489.8700
v 133.1422 219.7426 22489.8700
v 133.1738 219.6182 22489.8700
v 133.0815 219.9953 22489.8700
v 133.1109 219.8703 22489.8700
v 133.0253 220.2490 22489.8700
v 133.0525 220.1235 22489.8700
v 132.9735 220.5037 22489.8700
v 132.9985 220.3777 22489.8700
v 132.9261 220.7592 22489.8700
v 132.9490 220.6328 22489.8700
v 132.8832 221.0155 22489.8700
v 132.9039 220.8887 22489.8700
v 132.8448 221.2725 22489.8700
v 132.8632 221.1454 22489.8700
v 132.8109 221.5301 22489.8700
v 132.8271 221.4027 22489.8700
v 132.7815 221.7883 22489.8700
v 132.7955 221.6606 22489.8700
v 132.7566 222.0470 22489.8700
v 132.7683 221.9191 22489.8700
v 132.7362 222.3060 22489.8700
v 132.7457 222.1780 22489.8700
v 132.7203 222.5654 22489.8700
v 132.7276 222.4372 22489.8700
v 132.7090 222.8250 22489.8700
v 132.7140 222.6967 22489.8700
v 132.7022 223.0848 22489.8700
v 132.7050 222.9564 22489.8700
v 132.6999 223.3447 22489.8700
v 132.7005 223.2162 22489.8700
v 132.7022 223.6045 22489.8700
v 132.7005 223.4761 22489.8700
v 132.7090 223.8643 22489.8700
v 132.7051 223.7359 22489.8700
v 132.7203 224.1239 22489.8700
v 132.7142 223.9956 22489.8700
v 132.7362 224.3833 22489.8700
v 132.7278 224.2551 22489.8700
v 132.7566 224.6423 22489.8700
v 132.7459 224.5143 22489.8700
v 132.7815 224.9010 22489.8700
v 132.7686 224.7732 22489.8700
v 132.8109 225.1592 22489.8700
v 132.7958 225.0316 22489.8700
v 132.8448 225.4168 22489.8700
v 132.8275 225.2896 22489.8700
v 132.8832 225.6738 22489.8700
v 132.8637 225.5469 22489.8700
v 132.9261 225.9301 22489.8700
v 132.9044 225.8035 22489.8700
v 132.9735 226.1856 22489.8700
v 132.9495 226.0594 22489.8700
v 133.0253 226.4403 22489.8700
v 132.9991 226.3145 22489.8700
v 133.0815 226.6940 22489.8700
v 133.0532 226.5687 22489.8700
v 133.1422 226.9466 22489.8700
v 133.1116 226.8219 22489.8700
v 133.2072 227.1982 22489.8700
v 133.1745 227.0740 22489.8700
v 133.2767 227.4486 22489.8700
v 133.2418 227.3250 22489.8700
v 133.3505 227.6978 22489.8700
v 133.3135 227.5748 22489.8700
v 133.4286 227.9456 22489.8700
v 133.3895 227.8233 22489.8700
v 133.5111 228.1921 22489.8700
v 133.4698 228.0704 22489.8700
v 133.5978 228.4370 22489.8700
v 133.5544 228.3161 22489.8700
v 133.6888 228.6804 22489.8700
v 133.6433 228.5603 22489.8700
v 133.7841 228.9222 22489.8700
v 133.7365 228.8029 22489.8700
v 133.8835 229.1623 22489.8700
v 133.8339 229.0439 22489.8700
v 133.9872 229.4006 22489.8700
v 133.9354 229.2830 22489.8700
v 134.0949 229.6371 22489.8700
v 134.0411 229.5204 22489.8700
v 134.2068 229.8716 22489.8700
v 134.1510 229.7559 22489.8700
v 134.3227 230.1042 22489.8700
v 134.2649 229.9895 22489.8700
v 134.4427 230.3347 22489.8700
v 134.3829 230.2210 22489.8700
v 134.5667 230.5630 22489.8700
v 134.5049 230.4504 22489.8700
v 134.6947 230.7892 22489.8700
v 134.6309 230.6777 22489.8700
v 134.8266 231.0131 22489.8700
v 134.7609 230.9027 22489.8700
v 134.9623 231.2347 22489.8700
v 134.8948 231.1255 22489.8700
v 135.1020 231.4538 22489.8700
v 135.0325 231.3458 22489.8700
v 135.2454 231.6705 22489.8700
v 135.1740 231.5638 22489.8700
v 135.3926 231.8847 22489.8700
v 135.3194 231.7792 22489.8700
v 135.5435 232.0962 22489.8700
v 135.4684 231.9920 22489.8700
v 135.6980 232.3051 22489.8700
v 135.6212 232.2022 22489.8700
v 135.8562 232.5113 22489.8700
v 135.7776 232.4097 22489.8700
v 136.0180 232.7147 22489.8700
v 135.9376 232.6145 22489.8700
v 136.1833 232.9152 22489.8700
v 136.1012 232.8164 22489.8700
v 136.3521 233.1128 22489.8700
v 136.2682 233.0155 22489.8700
v 136.5243 233.3074 22489.8700
v 136.4387 233.2116 22489.8700
v 136.6998 233.4990 22489.8700
v 136.6126 233.4047 22489.8700
v 136.8787 233.6875 22489.8700
v 136.7899 233.5947 22489.8700
v 137.0608 233.8728 22489.8700
v 136.9704 233.7816 22489.8700
v 137.2462 234.0550 22489.8700
v 137.1542 233.9654 22489.8700
v 137.4347 234.2338 22489.8700
v 137.3411 234.1459 22489.8700
v 137.6263 234.4094 22489.8700
v 137.5312 234.3231 22489.8700
v 137.8209 234.5816 22489.8700
v 137.7243 234.4969 22489.8700
v 138.0185 234.7504 22489.8700
v 137.9205 234.6674 22489.8700
v 138.2190 234.9156 22489.8700
v 138.1195 234.8344 22489.8700
v 138.4224 235.0774 22489.8700
v 138.3215 234.9979 22489.8700
v 138.6285 235.2356 22489.8700
v 138.5263 235.1579 22489.8700
v 138.8374 235.3902 22489.8700
v 138.7338 235.3142 22489.8700
v 139.0490 235.5411 22489.8700
v 138.9441 235.4670 22489.8700
v 139.2631 235.6883 22489.8700
v 139.1570 235.6160 22489.8700
v 139.4798 235.8317 22489.8700
v 139.3724 235.7613 22489.8700
v 139.6990 235.9713 22489.8700
v 139.5904 235.9028 22489.8700
v 139.9206 236.1071 22489.8700
v 139.8108 236.0405 22489.8700
v 140.1445 236.2390 22489.8700
v 140.0335 236.1743 22489.8700
v 140.3706 236.3669 22489.8700
v 140.2586 236.3042 22489.8700
v 140.5990 236.4909 22489.8700
v 140.4859 236.4302 22489.8700
v 140.8295 236.6109 22489.8700
v 140.7153 236.5521 22489.8700
v 141.0621 236.7269 22489.8700
v 140.9469 236.6701 22489.8700
v 141.2966 236.8388 22489.8700
v 141.1805 236.7840 22489.8700
v 141.5331 236.9465 22489.8700
v 141.4160 236.8938 22489.8700
v 141.7714 237.0501 22489.8700
v 141.6534 236.9995 22489.8700
v 142.0115 237.1496 22489.8700
v 141.8926 237.1010 22489.8700
v 142.2532 237.2448 22489.8700
v 142.1335 237.1983 22489.8700
v 142.4966 237.3358 22489.8700
v 142.3761 237.2914 22489.8700
v 142.7416 237.4226 22489.8700
v 142.6203 237.3802 22489.8700
v 142.9880 237.5050 22489.8700
v 142.8661 237.4648 22489.8700
v 143.2359 237.5832 22489.8700
v 143.1132 237.5451 22489.8700
v 143.4850 237.6570 22489.8700
v 143.3617 237.6210 22489.8700
v 143.7354 237.7264 22489.8700
v 143.6115 237.6926 22489.8700
v 143.9870 237.7915 22489.8700
v 143.8625 237.7599 22489.8700
v 144.2397 237.8521 22489.8700
v 144.1147 237.8227 22489.8700
v 144.4934 237.9084 22489.8700
v 144.3679 237.8811 22489.8700
v 144.7480 237.9602 22489.8700
v 144.6221 237.9352 22489.8700
v 145.0036 238.0076 22489.8700
v 144.8772 237.9847 22489.8700
v 145.2598 238.0504 22489.8700
v 145.1331 238.0298 22489.8700
v 145.5168 238.0889 22489.8700
v 145.3898 238.0704 22489.8700
v 145.7745 238.1228 22489.8700
v 145.6471 238.1066 22489.8700
v 146.0327 238.1522 22489.8700
v 145.9050 238.1382 22489.8700
v 146.2914 238.1771 22489.8700
v 146.1635 238.1653 22489.8700
v 146.5504 238.1975 22489.8700
v 146.4223 238.1880 22489.8700
v 146.8098 238.2133 22489.8700
v 146.6815 238.2061 22489.8700
v 147.0694 238.2247 22489.8700
v 146.9411 238.2196 22489.8700
v 147.3292 238.2315 22489.8700
v 147.2008 238.2287 22489.8700
v 147.5890 238.2337 22489.8700
v 147.4606 238.2332 22489.8700
v 147.8489 238.2315 22489.8700
v 147.7204 238.2332 22489.8700
v 148.1086 238.2247 22489.8700
v 147.9803 238.2286 22489.8700
v 148.3683 238.2133 22489.8700
v 148.2400 238.2195 22489.8700
v 148.6276 238.1975 22489.8700
v 148.4995 238.2059 22489.8700
v 148.8867 238.1771 22489.8700
v 148.7587 238.1877 22489.8700
v 149.1454 238.1522 22489.8700
v 149.0176 238.1651 22489.8700
v 149.4035 238.1228 22489.8700
v 149.2760 238.1379 22489.8700
v 149.6612 238.0889 22489.8700
v 149.5339 238.1062 22489.8700
v 149.9182 238.0504 22489.8700
v 149.7912 238.0700 22489.8700
v 150.1745 238.0076 22489.8700
v 150.0479 238.0293 22489.8700
v 150.4300 237.9602 22489.8700
v 150.3038 237.9842 22489.8700
v 150.6846 237.9084 22489.8700
v 150.5589 237.9345 22489.8700
v 150.9383 237.8521 22489.8700
v 150.8131 237.8805 22489.8700
v 151.1910 237.7915 22489.8700
v 151.0663 237.8220 22489.8700
v 151.4426 237.7264 22489.8700
v 151.3184 237.7591 22489.8700
v 151.6930 237.6570 22489.8700
v 151.5694 237.6918 22489.8700
v 151.9422 237.5832 22489.8700
v 151.8192 237.6202 22489.8700
v 152.1900 237.5050 22489.8700
v 152.0677 237.5442 22489.8700
v 152.4364 237.4226 22489.8700
v 152.3148 237.4639 22489.8700
v 152.6814 237.3358 22489.8700
v 152.5605 237.3792 22489.8700
v 152.9248 237.2448 22489.8700
v 152.8047 237.2903 22489.8700
v 153.1666 237.1496 22489.8700
v 153.0473 237.1972 22489.8700
v 153.4066 237.0501 22489.8700
v 153.2882 237.0998 22489.8700
v 153.6450 236.9465 22489.8700
v 153.5274 236.9982 22489.8700
v 153.8814 236.8388 22489.8700
v 153.7648 236.8925 22489.8700
v 154.1160 236.7269 22489.8700
v 154.0003 236.7827 22489.8700
v 154.3485 236.6109 22489.8700
v 154.2338 236.6687 22489.8700
v 154.5790 236.4909 22489.8700
v 154.4654 236.5508 22489.8700
v 154.8074 236.3669 22489.8700
v 154.6948 236.4287 22489.8700
v 155.0336 236.2390 22489.8700
v 154.9221 236.3027 22489.8700
v 155.2575 236.1071 22489.8700
v 155.1471 236.1728 22489.8700
v 155.4790 235.9713 22489.8700
v 155.3698 236.0389 22489.8700
v 155.6982 235.8317 22489.8700
v 155.5902 235.9012 22489.8700
v 155.9149 235.6883 22489.8700
v 155.8081 235.7596 22489.8700
v 156.1291 235.5411 22489.8700
v 156.0235 235.6143 22489.8700
v 156.3406 235.3902 22489.8700
v 156.2364 235.4652 22489.8700
v 156.5495 235.2356 22489.8700
v 156.4466 235.3125 22489.8700
v 156.7557 235.0774 22489.8700
v 156.6541 235.1561 22489.8700
v 156.9590 234.9156 22489.8700
v 156.8589 234.9960 22489.8700
v 157.1595 234.7504 22489.8700
v 157.0608 234.8325 22489.8700
v 157.3571 234.5816 22489.8700
v 157.2599 234.6654 22489.8700
v 157.5518 234.4094 22489.8700
v 157.4560 234.4949 22489.8700
v 157.7434 234.2338 22489.8700
v 157.6490 234.3210 22489.8700
v 157.9319 234.0550 22489.8700
v 157.8391 234.1438 22489.8700
v 158.1172 233.8728 22489.8700
v 158.0260 233.9633 22489.8700
v 158.2993 233.6875 22489.8700
v 158.2097 233.7795 22489.8700
v 158.4782 233.4990 22489.8700
v 158.3902 233.5925 22489.8700
v 158.6538 233.3074 22489.8700
v 158.5674 233.4025 22489.8700
v 158.8260 233.1128 22489.8700
v 158.7413 233.2093 22489.8700
v 158.9947 232.9152 22489.8700
v 158.9117 233.0132 22489.8700
v 159.1600 232.7147 22489.8700
v 159.0788 232.8141 22489.8700
v 159.3218 232.5113 22489.8700
v 159.2423 232.6122 22489.8700
v 159.4800 232.3051 22489.8700
v 159.4023 232.4074 22489.8700
v 159.6346 232.0962 22489.8700
v 159.5586 232.1998 22489.8700
v 159.7854 231.8847 22489.8700
v 159.7113 231.9896 22489.8700
v 159.9326 231.6705 22489.8700
v 159.8604 231.7767 22489.8700
v 160.0761 231.4538 22489.8700
v 160.0056 231.5612 22489.8700
v 160.2157 231.2347 22489.8700
v 160.1472 231.3433 22489.8700
v 160.3515 231.0131 22489.8700
v 160.2849 231.1229 22489.8700
v 160.4834 230.7892 22489.8700
v 160.4187 230.9001 22489.8700
v 160.6113 230.5630 22489.8700
v 160.5486 230.6751 22489.8700
v 160.7353 230.3347 22489.8700
v 160.6745 230.4478 22489.8700
v 160.8553 230.1042 22489.8700
v 160.7965 230.2183 22489.8700
v 160.9713 229.8716 22489.8700
v 160.9145 229.9868 22489.8700
v 161.0831 229.6371 22489.8700
v 161.0284 229.7532 22489.8700
v 161.1909 229.4006 22489.8700
v 161.1381 229.5177 22489.8700
v 161.2945 229.1623 22489.8700
v 161.2438 229.2803 22489.8700
v 161.3940 228.9222 22489.8700
v 161.3453 229.0411 22489.8700
v 161.4892 228.6804 22489.8700
v 161.4426 228.8001 22489.8700
v 161.5802 228.4370 22489.8700
v 161.5358 228.5575 22489.8700
v 161.6669 228.1921 22489.8700
v 161.6246 228.3133 22489.8700
v 161.7494 227.9456 22489.8700
v 161.7092 228.0676 22489.8700
v 161.8275 227.6978 22489.8700
v 161.7895 227.8204 22489.8700
v 161.9013 227.4486 22489.8700
v 161.8654 227.5719 22489.8700
v 161.9708 227.1982 22489.8700
v 161.9370 227.3221 22489.8700
v 162.0358 226.9466 22489.8700
v 162.0042 227.0711 22489.8700
v 162.0965 226.6940 22489.8700
v 162.0671 226.8190 22489.8700
v 162.1528 226.4403 22489.8700
v 162.1255 226.5658 22489.8700
v 162.2046 226.1856 22489.8700
v 162.1795 226.3116 22489.8700
v 162.2519 225.9301 22489.8700
v 162.2291 226.0565 22489.8700
v 162.2948 225.6738 22489.8700
v 162.2742 225.8006 22489.8700
v 162.3332 225.4168 22489.8700
v 162.3148 225.5439 22489.8700
v 162.3671 225.1592 22489.8700
v 162.3509 225.2866 22489.8700
v 162.3965 224.9010 22489.8700
v 162.3826 225.0287 22489.8700
v 162.4215 224.6423 22489.8700
v 162.4097 224.7702 22489.8700
v 162.4418 224.3833 22489.8700
v 162.4323 224.5113 22489.8700
v 162.4577 224.1239 22489.8700
v 162.4504 224.2521 22489.8700
v 162.4690 223.8643 22489.8700
v 162.4640 223.9926 22489.8700
v 162.4758 223.6045 22489.8700
v 162.4731 223.7329 22489.8700
v 162.4776 223.4731 22489.8700
v 162.4781 223.3447 22475.1900
v 158.1172 212.8165 22475.1900
v 147.5890 208.4556 22475.1900
v 137.0608 212.8165 22475.1900
v 132.6999 223.3447 22475.1900
v 137.0608 233.8728 22475.1900
v 147.5890 238.2337 22475.1900
v 158.1172 233.8728 22475.1900
v 609.1511 223.3447 22460.0500
v 609.1489 223.6045 22460.0500
v 609.1494 223.4761 22460.0500
v 609.1420 223.8643 22460.0500
v 609.1448 223.7359 22460.0500
v 609.1307 224.1239 22460.0500
v 609.1357 223.9955 22460.0500
v 609.1149 224.3833 22460.0500
v 609.1221 224.2550 22460.0500
v 609.0945 224.6423 22460.0500
v 609.1040 224.5142 22460.0500
v 609.0696 224.9010 22460.0500
v 609.0813 224.7731 22460.0500
v 609.0402 225.1592 22460.0500
v 609.0541 225.0315 22460.0500
v 609.0062 225.4168 22460.0500
v 609.0224 225.2894 22460.0500
v 608.9678 225.6738 22460.0500
v 608.9862 225.5467 22460.0500
v 608.9249 225.9301 22460.0500
v 608.9456 225.8033 22460.0500
v 608.8776 226.1856 22460.0500
v 608.9004 226.0592 22460.0500
v 608.8257 226.4403 22460.0500
v 608.8508 226.3143 22460.0500
v 608.7695 226.6940 22460.0500
v 608.7968 226.5685 22460.0500
v 608.7089 226.9466 22460.0500
v 608.7383 226.8216 22460.0500
v 608.6438 227.1982 22460.0500
v 608.6754 227.0737 22460.0500
v 608.5743 227.4486 22460.0500
v 608.6081 227.3247 22460.0500
v 608.5005 227.6978 22460.0500
v 608.5365 227.5745 22460.0500
v 608.4224 227.9456 22460.0500
v 608.4604 227.8230 22460.0500
v 608.3400 228.1921 22460.0500
v 608.3801 228.0701 22460.0500
v 608.2532 228.4370 22460.0500
v 608.2955 228.3158 22460.0500
v 608.1622 228.6804 22460.0500
v 608.2067 228.5599 22460.0500
v 608.0670 228.9222 22460.0500
v 608.1135 228.8025 22460.0500
v 607.9675 229.1623 22460.0500
v 608.0161 229.0434 22460.0500
v 607.8639 229.4006 22460.0500
v 607.9146 229.2826 22460.0500
v 607.7561 229.6371 22460.0500
v 607.8089 229.5200 22460.0500
v 607.6443 229.8716 22460.0500
v 607.6990 229.7554 22460.0500
v 607.5283 230.1042 22460.0500
v 607.5851 229.9890 22460.0500
v 607.4083 230.3347 22460.0500
v 607.4671 230.2205 22460.0500
v 607.2843 230.5630 22460.0500
v 607.3451 230.4499 22460.0500
v 607.1564 230.7892 22460.0500
v 607.2191 230.6771 22460.0500
v 607.0245 231.0131 22460.0500
v 607.0892 230.9022 22460.0500
v 606.8887 231.2347 22460.0500
v 606.9553 231.1249 22460.0500
v 606.7491 231.4538 22460.0500
v 606.8176 231.3452 22460.0500
v 606.6057 231.6705 22460.0500
v 606.6761 231.5631 22460.0500
v 606.4584 231.8847 22460.0500
v 606.5308 231.7785 22460.0500
v 606.3076 232.0962 22460.0500
v 606.3817 231.9914 22460.0500
v 606.1530 232.3051 22460.0500
v 606.2289 232.2016 22460.0500
v 605.9948 232.5113 22460.0500
v 606.0725 232.4091 22460.0500
v 605.8330 232.7147 22460.0500
v 605.9125 232.6138 22460.0500
v 605.6677 232.9152 22460.0500
v 605.7490 232.8157 22460.0500
v 605.4990 233.1128 22460.0500
v 605.5820 233.0148 22460.0500
v 605.3268 233.3074 22460.0500
v 605.4114 233.2108 22460.0500
v 605.1512 233.4990 22460.0500
v 605.2375 233.4039 22460.0500
v 604.9724 233.6875 22460.0500
v 605.0604 233.5939 22460.0500
v 604.7902 233.8728 22460.0500
v 604.8798 233.7808 22460.0500
v 604.6049 234.0550 22460.0500
v 604.6960 233.9646 22460.0500
v 604.4164 234.2338 22460.0500
v 604.5092 234.1450 22460.0500
v 604.2248 234.4094 22460.0500
v 604.3191 234.3222 22460.0500
v 604.0302 234.5816 22460.0500
v 604.1260 234.4961 22460.0500
v 603.8326 234.7504 22460.0500
v 603.9299 234.6665 22460.0500
v 603.6320 234.9156 22460.0500
v 603.7308 234.8335 22460.0500
v 603.4286 235.0774 22460.0500
v 603.5288 234.9970 22460.0500
v 603.2225 235.2356 22460.0500
v 603.3240 235.1570 22460.0500
v 603.0136 235.3902 22460.0500
v 603.1165 235.3133 22460.0500
v 602.8021 235.5411 22460.0500
v 602.9063 235.4660 22460.0500
v 602.5879 235.6883 22460.0500
v 602.6934 235.6151 22460.0500
v 602.3712 235.8317 22460.0500
v 602.4780 235.7603 22460.0500
v 602.1520 235.9713 22460.0500
v 602.2601 235.9018 22460.0500
v 601.9305 236.1071 22460.0500
v 602.0397 236.0395 22460.0500
v 601.7065 236.2390 22460.0500
v 601.8170 236.1733 22460.0500
v 601.4804 236.3669 22460.0500
v 601.5919 236.3032 22460.0500
v 601.2520 236.4909 22460.0500
v 601.3646 236.4292 22460.0500
v 601.0215 236.6109 22460.0500
v 601.1352 236.5511 22460.0500
v 600.7890 236.7269 22460.0500
v 600.9037 236.6691 22460.0500
v 600.5544 236.8388 22460.0500
v 600.6701 236.7830 22460.0500
v 600.3180 236.9465 22460.0500
v 600.4346 236.8927 22460.0500
v 600.0797 237.0501 22460.0500
v 600.1972 236.9984 22460.0500
v 599.8396 237.1496 22460.0500
v 599.9580 237.0999 22460.0500
v 599.5978 237.2448 22460.0500
v 599.7171 237.1972 22460.0500
v 599.3544 237.3358 22460.0500
v 599.4745 237.2903 22460.0500
v 599.1094 237.4226 22460.0500
v 599.2303 237.3792 22460.0500
v 598.8630 237.5050 22460.0500
v 598.9846 237.4637 22460.0500
v 598.6152 237.5832 22460.0500
v 598.7375 237.5440 22460.0500
v 598.3660 237.6570 22460.0500
v 598.4890 237.6199 22460.0500
v 598.1156 237.7264 22460.0500
v 598.2392 237.6915 22460.0500
v 597.8640 237.7915 22460.0500
v 597.9882 237.7588 22460.0500
v 597.6113 237.8521 22460.0500
v 597.7361 237.8216 22460.0500
v 597.3577 237.9084 22460.0500
v 597.4829 237.8800 22460.0500
v 597.1030 237.9602 22460.0500
v 597.2288 237.9340 22460.0500
v 596.8475 238.0076 22460.0500
v 596.9736 237.9836 22460.0500
v 596.5912 238.0504 22460.0500
v 596.7178 238.0287 22460.0500
v 596.3342 238.0889 22460.0500
v 596.4611 238.0693 22460.0500
v 596.0765 238.1228 22460.0500
v 596.2038 238.1054 22460.0500
v 595.8184 238.1522 22460.0500
v 595.9459 238.1371 22460.0500
v 595.5597 238.1771 22460.0500
v 595.6875 238.1642 22460.0500
v 595.3007 238.1975 22460.0500
v 595.4286 238.1868 22460.0500
v 595.0413 238.2133 22460.0500
v 595.1694 238.2049 22460.0500
v 594.7816 238.2247 22460.0500
v 594.9099 238.2185 22460.0500
v 594.5219 238.2315 22460.0500
v 594.6503 238.2276 22460.0500
v 594.2620 238.2337 22460.0500
v 594.3904 238.2321 22460.0500
v 594.0022 238.2315 22460.0500
v 594.1306 238.2320 22460.0500
v 593.7424 238.2247 22460.0500
v 593.8708 238.2275 22460.0500
v 593.4828 238.2133 22460.0500
v 593.6111 238.2184 22460.0500
v 593.2234 238.1975 22460.0500
v 593.3516 238.2048 22460.0500
v 592.9644 238.1771 22460.0500
v 593.0924 238.1866 22460.0500
v 592.7057 238.1522 22460.0500
v 592.8336 238.1639 22460.0500
v 592.4475 238.1228 22460.0500
v 592.5752 238.1367 22460.0500
v 592.1899 238.0889 22460.0500
v 592.3173 238.1051 22460.0500
v 591.9329 238.0504 22460.0500
v 592.0599 238.0689 22460.0500
v 591.6766 238.0076 22460.0500
v 591.8033 238.0282 22460.0500
v 591.4210 237.9602 22460.0500
v 591.5474 237.9830 22460.0500
v 591.1664 237.9084 22460.0500
v 591.2924 237.9334 22460.0500
v 590.9127 237.8521 22460.0500
v 591.0382 237.8794 22460.0500
v 590.6600 237.7915 22460.0500
v 590.7850 237.8209 22460.0500
v 590.4084 237.7264 22460.0500
v 590.5329 237.7580 22460.0500
v 590.1580 237.6570 22460.0500
v 590.2819 237.6908 22460.0500
v 589.9089 237.5832 22460.0500
v 590.0322 237.6191 22460.0500
v 589.6610 237.5050 22460.0500
v 589.7837 237.5431 22460.0500
v 589.4146 237.4226 22460.0500
v 589.5366 237.4628 22460.0500
v 589.1697 237.3358 22460.0500
v 589.2909 237.3782 22460.0500
v 588.9263 237.2448 22460.0500
v 589.0468 237.2893 22460.0500
v 588.6844 237.1496 22460.0500
v 588.8041 237.1961 22460.0500
v 588.4444 237.0501 22460.0500
v 588.5632 237.0988 22460.0500
v 588.2061 236.9465 22460.0500
v 588.3241 236.9972 22460.0500
v 587.9696 236.8388 22460.0500
v 588.0867 236.8915 22460.0500
v 587.7350 236.7269 22460.0500
v 587.8513 236.7817 22460.0500
v 587.5025 236.6109 22460.0500
v 587.6177 236.6677 22460.0500
v 587.2720 236.4909 22460.0500
v 587.3862 236.5497 22460.0500
v 587.0436 236.3669 22460.0500
v 587.1568 236.4277 22460.0500
v 586.8174 236.2390 22460.0500
v 586.9295 236.3017 22460.0500
v 586.5936 236.1071 22460.0500
v 586.7045 236.1718 22460.0500
v 586.3720 235.9713 22460.0500
v 586.4818 236.0379 22460.0500
v 586.1528 235.8317 22460.0500
v 586.2615 235.9002 22460.0500
v 585.9362 235.6883 22460.0500
v 586.0436 235.7587 22460.0500
v 585.7220 235.5411 22460.0500
v 585.8281 235.6134 22460.0500
v 585.5104 235.3902 22460.0500
v 585.6153 235.4643 22460.0500
v 585.3015 235.2356 22460.0500
v 585.4051 235.3116 22460.0500
v 585.0954 235.0774 22460.0500
v 585.1976 235.1552 22460.0500
v 584.8920 234.9156 22460.0500
v 584.9929 234.9952 22460.0500
v 584.6915 234.7504 22460.0500
v 584.7910 234.8316 22460.0500
v 584.4939 234.5816 22460.0500
v 584.5919 234.6646 22460.0500
v 584.2993 234.4094 22460.0500
v 584.3958 234.4941 22460.0500
v 584.1077 234.2338 22460.0500
v 584.2028 234.3202 22460.0500
v 583.9192 234.0550 22460.0500
v 584.0128 234.1430 22460.0500
v 583.7338 233.8728 22460.0500
v 583.8259 233.9624 22460.0500
v 583.5517 233.6875 22460.0500
v 583.6422 233.7787 22460.0500
v 583.3728 233.4990 22460.0500
v 583.4617 233.5918 22460.0500
v 583.1973 233.3074 22460.0500
v 583.2844 233.4017 22460.0500
v 583.0251 233.1128 22460.0500
v 583.1106 233.2086 22460.0500
v 582.8563 232.9152 22460.0500
v 582.9401 233.0125 22460.0500
v 582.6910 232.7147 22460.0500
v 582.7731 232.8134 22460.0500
v 582.5292 232.5113 22460.0500
v 582.6096 232.6115 22460.0500
v 582.3710 232.3051 22460.0500
v 582.4497 232.4067 22460.0500
v 582.2165 232.0962 22460.0500
v 582.2933 232.1991 22460.0500
v 582.0656 231.8847 22460.0500
v 582.1406 231.9889 22460.0500
v 581.9184 231.6705 22460.0500
v 581.9916 231.7760 22460.0500
v 581.7750 231.4538 22460.0500
v 581.8463 231.5606 22460.0500
v 581.6354 231.2347 22460.0500
v 581.7048 231.3427 22460.0500
v 581.4996 231.0131 22460.0500
v 581.5671 231.1223 22460.0500
v 581.3677 230.7892 22460.0500
v 581.4333 230.8996 22460.0500
v 581.2397 230.5630 22460.0500
v 581.3035 230.6745 22460.0500
v 581.1157 230.3347 22460.0500
v 581.1775 230.4473 22460.0500
v 580.9957 230.1042 22460.0500
v 581.0555 230.2178 22460.0500
v 580.8798 229.8716 22460.0500
v 580.9376 229.9863 22460.0500
v 580.7679 229.6371 22460.0500
v 580.8237 229.7527 22460.0500
v 580.6602 229.4006 22460.0500
v 580.7139 229.5172 22460.0500
v 580.5565 229.1623 22460.0500
v 580.6083 229.2798 22460.0500
v 580.4571 228.9222 22460.0500
v 580.5068 229.0406 22460.0500
v 580.3619 228.6804 22460.0500
v 580.4094 228.7997 22460.0500
v 580.2709 228.4370 22460.0500
v 580.3163 228.5571 22460.0500
v 580.1841 228.1921 22460.0500
v 580.2275 228.3129 22460.0500
v 580.1016 227.9456 22460.0500
v 580.1429 228.0672 22460.0500
v 580.0235 227.6978 22460.0500
v 580.0627 227.8201 22460.0500
v 579.9497 227.4486 22460.0500
v 579.9867 227.5716 22460.0500
v 579.8802 227.1982 22460.0500
v 579.9151 227.3218 22460.0500
v 579.8152 226.9466 22460.0500
v 579.8479 227.0708 22460.0500
v 579.7545 226.6940 22460.0500
v 579.7850 226.8187 22460.0500
v 579.6983 226.4403 22460.0500
v 579.7266 226.5655 22460.0500
v 579.6465 226.1856 22460.0500
v 579.6726 226.3114 22460.0500
v 579.5991 225.9301 22460.0500
v 579.6231 226.0563 22460.0500
v 579.5562 225.6738 22460.0500
v 579.5780 225.8004 22460.0500
v 579.5178 225.4168 22460.0500
v 579.5374 225.5437 22460.0500
v 579.4839 225.1592 22460.0500
v 579.5012 225.2864 22460.0500
v 579.4545 224.9010 22460.0500
v 579.4696 225.0285 22460.0500
v 579.4296 224.6423 22460.0500
v 579.4424 224.7701 22460.0500
v 579.4092 224.3833 22460.0500
v 579.4199 224.5112 22460.0500
v 579.3933 224.1239 22460.0500
v 579.4017 224.2520 22460.0500
v 579.3820 223.8643 22460.0500
v 579.3882 223.9926 22460.0500
v 579.3752 223.6045 22460.0500
v 579.3791 223.7329 22460.0500
v 579.3729 223.3447 22460.0500
v 579.3746 223.4731 22460.0500
v 579.3752 223.0848 22460.0500
v 579.3746 223.2132 22460.0500
v 579.3820 222.8250 22460.0500
v 579.3792 222.9534 22460.0500
v 579.3933 222.5654 22460.0500
v 579.3883 222.6937 22460.0500
v 579.4092 222.3060 22460.0500
v 579.4019 222.4343 22460.0500
v 579.4296 222.0470 22460.0500
v 579.4200 222.1750 22460.0500
v 579.4545 221.7883 22460.0500
v 579.4427 221.9162 22460.0500
v 579.4839 221.5301 22460.0500
v 579.4699 221.6578 22460.0500
v 579.5178 221.2725 22460.0500
v 579.5016 221.3999 22460.0500
v 579.5562 221.0155 22460.0500
v 579.5378 221.1426 22460.0500
v 579.5991 220.7592 22460.0500
v 579.5785 220.8859 22460.0500
v 579.6465 220.5037 22460.0500
v 579.6237 220.6301 22460.0500
v 579.6983 220.2490 22460.0500
v 579.6732 220.3750 22460.0500
v 579.7545 219.9953 22460.0500
v 579.7273 220.1208 22460.0500
v 579.8152 219.7426 22460.0500
v 579.7858 219.8677 22460.0500
v 579.8802 219.4911 22460.0500
v 579.8486 219.6155 22460.0500
v 579.9497 219.2407 22460.0500
v 579.9160 219.3646 22460.0500
v 580.0235 218.9915 22460.0500
v 579.9875 219.1148 22460.0500
v 580.1016 218.7437 22460.0500
v 580.0636 218.8663 22460.0500
v 580.1841 218.4972 22460.0500
v 580.1439 218.6192 22460.0500
v 580.2709 218.2523 22460.0500
v 580.2285 218.3735 22460.0500
v 580.3619 218.0089 22460.0500
v 580.3174 218.1294 22460.0500
v 580.4571 217.7671 22460.0500
v 580.4105 217.8868 22460.0500
v 580.5565 217.5270 22460.0500
v 580.5079 217.6459 22460.0500
v 580.6602 217.2887 22460.0500
v 580.6094 217.4067 22460.0500
v 580.7679 217.0522 22460.0500
v 580.7151 217.1693 22460.0500
v 580.8798 216.8177 22460.0500
v 580.8250 216.9339 22460.0500
v 580.9957 216.5851 22460.0500
v 580.9390 216.7003 22460.0500
v 581.1157 216.3546 22460.0500
v 581.0569 216.4688 22460.0500
v 581.2397 216.1263 22460.0500
v 581.1790 216.2394 22460.0500
v 581.3677 215.9001 22460.0500
v 581.3049 216.0122 22460.0500
v 581.4996 215.6762 22460.0500
v 581.4349 215.7871 22460.0500
v 581.6354 215.4546 22460.0500
v 581.5687 215.5644 22460.0500
v 581.7750 215.2355 22460.0500
v 581.7064 215.3441 22460.0500
v 581.9184 215.0188 22460.0500
v 581.8480 215.1262 22460.0500
v 582.0656 214.8046 22460.0500
v 581.9933 214.9108 22460.0500
v 582.2165 214.5930 22460.0500
v 582.1424 214.6979 22460.0500
v 582.3710 214.3842 22460.0500
v 582.2951 214.4877 22460.0500
v 582.5292 214.1780 22460.0500
v 582.4515 214.2802 22460.0500
v 582.6910 213.9746 22460.0500
v 582.6115 214.0755 22460.0500
v 582.8563 213.7741 22460.0500
v 582.7751 213.8736 22460.0500
v 583.0251 213.5765 22460.0500
v 582.9421 213.6745 22460.0500
v 583.1973 213.3819 22460.0500
v 583.1126 213.4785 22460.0500
v 583.3728 213.1903 22460.0500
v 583.2865 213.2854 22460.0500
v 583.5517 213.0018 22460.0500
v 583.4637 213.0954 22460.0500
v 583.7338 212.8165 22460.0500
v 583.6442 212.9085 22460.0500
v 583.9192 212.6343 22460.0500
v 583.8280 212.7247 22460.0500
v 584.1077 212.4554 22460.0500
v 584.0149 212.5443 22460.0500
v 584.2993 212.2799 22460.0500
v 584.2050 212.3671 22460.0500
v 584.4939 212.1077 22460.0500
v 584.3981 212.1932 22460.0500
v 584.6915 211.9389 22460.0500
v 584.5942 212.0228 22460.0500
v 584.8920 211.7737 22460.0500
v 584.7933 211.8558 22460.0500
v 585.0954 211.6119 22460.0500
v 584.9952 211.6923 22460.0500
v 585.3015 211.4537 22460.0500
v 585.2000 211.5323 22460.0500
v 585.5104 211.2991 22460.0500
v 585.4075 211.3760 22460.0500
v 585.7220 211.1482 22460.0500
v 585.6177 211.2233 22460.0500
v 585.9362 211.0010 22460.0500
v 585.8306 211.0742 22460.0500
v 586.1528 210.8576 22460.0500
v 586.0461 210.9290 22460.0500
v 586.3720 210.7180 22460.0500
v 586.2640 210.7875 22460.0500
v 586.5936 210.5822 22460.0500
v 586.4844 210.6498 22460.0500
v 586.8174 210.4503 22460.0500
v 586.7071 210.5160 22460.0500
v 587.0436 210.3223 22460.0500
v 586.9321 210.3861 22460.0500
v 587.2720 210.1983 22460.0500
v 587.1594 210.2601 22460.0500
v 587.5025 210.0784 22460.0500
v 587.3889 210.1382 22460.0500
v 587.7350 209.9624 22460.0500
v 587.6204 210.0202 22460.0500
v 587.9696 209.8505 22460.0500
v 587.8539 209.9063 22460.0500
v 588.2061 209.7428 22460.0500
v 588.0895 209.7966 22460.0500
v 588.4444 209.6392 22460.0500
v 588.3268 209.6909 22460.0500
v 588.6844 209.5397 22460.0500
v 588.5660 209.5894 22460.0500
v 588.9263 209.4445 22460.0500
v 588.8069 209.4921 22460.0500
v 589.1697 209.3535 22460.0500
v 589.0496 209.3990 22460.0500
v 589.4146 209.2667 22460.0500
v 589.2938 209.3101 22460.0500
v 589.6610 209.1843 22460.0500
v 589.5394 209.2256 22460.0500
v 589.9089 209.1061 22460.0500
v 589.7866 209.1453 22460.0500
v 590.1580 209.0323 22460.0500
v 590.0350 209.0694 22460.0500
v 590.4084 208.9629 22460.0500
v 590.2849 208.9978 22460.0500
v 590.6600 208.8978 22460.0500
v 590.5358 208.9305 22460.0500
v 590.9127 208.8372 22460.0500
v 590.7880 208.8677 22460.0500
v 591.1664 208.7809 22460.0500
v 591.0411 208.8093 22460.0500
v 591.4210 208.7291 22460.0500
v 591.2953 208.7553 22460.0500
v 591.6766 208.6817 22460.0500
v 591.5504 208.7057 22460.0500
v 591.9329 208.6389 22460.0500
v 591.8063 208.6606 22460.0500
v 592.1899 208.6004 22460.0500
v 592.0629 208.6200 22460.0500
v 592.4475 208.5665 22460.0500
v 592.3203 208.5838 22460.0500
v 592.7057 208.5371 22460.0500
v 592.5781 208.5522 22460.0500
v 592.9644 208.5122 22460.0500
v 592.8365 208.5251 22460.0500
v 593.2234 208.4918 22460.0500
v 593.0954 208.5025 22460.0500
v 593.4828 208.4760 22460.0500
v 593.3546 208.4844 22460.0500
v 593.7424 208.4646 22460.0500
v 593.6141 208.4708 22460.0500
v 594.0022 208.4578 22460.0500
v 593.8738 208.4617 22460.0500
v 594.2620 208.4556 22460.0500
v 594.1336 208.4572 22460.0500
v 594.5219 208.4578 22460.0500
v 594.3934 208.4573 22460.0500
v 594.7816 208.4646 22460.0500
v 594.6533 208.4618 22460.0500
v 595.0413 208.4760 22460.0500
v 594.9129 208.4709 22460.0500
v 595.3007 208.4918 22460.0500
v 595.1724 208.4845 22460.0500
v 595.5597 208.5122 22460.0500
v 595.4316 208.5027 22460.0500
v 595.8184 208.5371 22460.0500
v 595.6905 208.5254 22460.0500
v 596.0765 208.5665 22460.0500
v 595.9489 208.5526 22460.0500
v 596.3342 208.6004 22460.0500
v 596.2068 208.5842 22460.0500
v 596.5912 208.6389 22460.0500
v 596.4641 208.6204 22460.0500
v 596.8475 208.6817 22460.0500
v 596.7207 208.6611 22460.0500
v 597.1030 208.7291 22460.0500
v 596.9766 208.7063 22460.0500
v 597.3577 208.7809 22460.0500
v 597.2317 208.7559 22460.0500
v 597.6113 208.8372 22460.0500
v 597.4858 208.8099 22460.0500
v 597.8640 208.8978 22460.0500
v 597.7390 208.8684 22460.0500
v 598.1156 208.9629 22460.0500
v 597.9911 208.9313 22460.0500
v 598.3660 209.0323 22460.0500
v 598.2421 208.9986 22460.0500
v 598.6152 209.1061 22460.0500
v 598.4919 209.0702 22460.0500
v 598.8630 209.1843 22460.0500
v 598.7404 209.1462 22460.0500
v 599.1094 209.2667 22460.0500
v 598.9875 209.2265 22460.0500
v 599.3544 209.3535 22460.0500
v 599.2332 209.3111 22460.0500
v 599.5978 209.4445 22460.0500
v 599.4773 209.4000 22460.0500
v 599.8396 209.5397 22460.0500
v 599.7198 209.4932 22460.0500
v 600.0797 209.6392 22460.0500
v 599.9608 209.5905 22460.0500
v 600.3180 209.7428 22460.0500
v 600.2000 209.6921 22460.0500
v 600.5544 209.8505 22460.0500
v 600.4373 209.7978 22460.0500
v 600.7890 209.9624 22460.0500
v 600.6728 209.9076 22460.0500
v 601.0215 210.0784 22460.0500
v 600.9064 210.0216 22460.0500
v 601.2520 210.1983 22460.0500
v 601.1379 210.1396 22460.0500
v 601.4804 210.3223 22460.0500
v 601.3672 210.2616 22460.0500
v 601.7065 210.4503 22460.0500
v 601.5945 210.3876 22460.0500
v 601.9305 210.5822 22460.0500
v 601.8195 210.5175 22460.0500
v 602.1520 210.7180 22460.0500
v 602.0422 210.6514 22460.0500
v 602.3712 210.8576 22460.0500
v 602.2626 210.7891 22460.0500
v 602.5879 211.0010 22460.0500
v 602.4805 210.9306 22460.0500
v 602.8021 211.1482 22460.0500
v 602.6959 211.0759 22460.0500
v 603.0136 211.2991 22460.0500
v 602.9088 211.2250 22460.0500
v 603.2225 211.4537 22460.0500
v 603.1190 211.3777 22460.0500
v 603.4286 211.6119 22460.0500
v 603.3264 211.5341 22460.0500
v 603.6320 211.7737 22460.0500
v 603.5312 211.6941 22460.0500
v 603.8326 211.9389 22460.0500
v 603.7331 211.8577 22460.0500
v 604.0302 212.1077 22460.0500
v 603.9321 212.0247 22460.0500
v 604.2248 212.2799 22460.0500
v 604.1282 212.1952 22460.0500
v 604.4164 212.4554 22460.0500
v 604.3213 212.3691 22460.0500
v 604.6049 212.6343 22460.0500
v 604.5113 212.5463 22460.0500
v 604.7902 212.8165 22460.0500
v 604.6982 212.7269 22460.0500
v 604.9724 213.0018 22460.0500
v 604.8819 212.9106 22460.0500
v 605.1512 213.1903 22460.0500
v 605.0624 213.0975 22460.0500
v 605.3268 213.3819 22460.0500
v 605.2396 213.2876 22460.0500
v 605.4990 213.5765 22460.0500
v 605.4135 213.4807 22460.0500
v 605.6677 213.7741 22460.0500
v 605.5839 213.6768 22460.0500
v 605.8330 213.9746 22460.0500
v 605.7509 213.8759 22460.0500
v 605.9948 214.1780 22460.0500
v 605.9144 214.0779 22460.0500
v 606.1530 214.3842 22460.0500
v 606.0743 214.2826 22460.0500
v 606.3076 214.5930 22460.0500
v 606.2307 214.4902 22460.0500
v 606.4584 214.8046 22460.0500
v 606.3834 214.7004 22460.0500
v 606.6057 215.0188 22460.0500
v 606.5324 214.9133 22460.0500
v 606.7491 215.2355 22460.0500
v 606.6777 215.1287 22460.0500
v 606.8887 215.4546 22460.0500
v 606.8192 215.3466 22460.0500
v 607.0245 215.6762 22460.0500
v 606.9569 215.5670 22460.0500
v 607.1564 215.9001 22460.0500
v 607.0907 215.7897 22460.0500
v 607.2843 216.1263 22460.0500
v 607.2206 216.0148 22460.0500
v 607.4083 216.3546 22460.0500
v 607.3466 216.2421 22460.0500
v 607.5283 216.5851 22460.0500
v 607.4685 216.4715 22460.0500
v 607.6443 216.8177 22460.0500
v 607.5864 216.7030 22460.0500
v 607.7561 217.0522 22460.0500
v 607.7003 216.9366 22460.0500
v 607.8639 217.2887 22460.0500
v 607.8101 217.1721 22460.0500
v 607.9675 217.5270 22460.0500
v 607.9158 217.4095 22460.0500
v 608.0670 217.7671 22460.0500
v 608.0173 217.6487 22460.0500
v 608.1622 218.0089 22460.0500
v 608.1146 217.8896 22460.0500
v 608.2532 218.2523 22460.0500
v 608.2077 218.1322 22460.0500
v 608.3400 218.4972 22460.0500
v 608.2965 218.3764 22460.0500
v 608.4224 218.7437 22460.0500
v 608.3811 218.6221 22460.0500
v 608.5005 218.9915 22460.0500
v 608.4614 218.8692 22460.0500
v 608.5743 219.2407 22460.0500
v 608.5374 219.1177 22460.0500
v 608.6438 219.4911 22460.0500
v 608.6089 219.3675 22460.0500
v 608.7089 219.7426 22460.0500
v 608.6761 219.6185 22460.0500
v 608.7695 219.9953 22460.0500
v 608.7390 219.8706 22460.0500
v 608.8257 220.2490 22460.0500
v 608.7974 220.1238 22460.0500
v 608.8776 220.5037 22460.0500
v 608.8514 220.3779 22460.0500
v 608.9249 220.7592 22460.0500
v 608.9009 220.6330 22460.0500
v 608.9678 221.0155 22460.0500
v 608.9460 220.8889 22460.0500
v 609.0062 221.2725 22460.0500
v 608.9867 221.1456 22460.0500
v 609.0402 221.5301 22460.0500
v 609.0228 221.4029 22460.0500
v 609.0696 221.7883 22460.0500
v 609.0544 221.6608 22460.0500
v 609.0945 222.0470 22460.0500
v 609.0816 221.9192 22460.0500
v 609.1149 222.3060 22460.0500
v 609.1042 222.1781 22460.0500
v 609.1307 222.5654 22460.0500
v 609.1223 222.4373 22460.0500
v 609.1420 222.8250 22460.0500
v 609.1359 222.6967 22460.0500
v 609.1489 223.0848 22460.0500
v 609.1449 222.9564 22460.0500
v 609.1494 223.2162 22460.0500
v 609.1511 223.3447 22489.8700
v 609.1489 223.0848 22489.8700
v 609.1505 223.2132 22489.8700
v 609.1420 222.8250 22489.8700
v 609.1460 222.9534 22489.8700
v 609.1307 222.5654 22489.8700
v 609.1369 222.6937 22489.8700
v 609.1149 222.3060 22489.8700
v 609.1232 222.4342 22489.8700
v 609.0945 222.0470 22489.8700
v 609.1051 222.1750 22489.8700
v 609.0696 221.7883 22489.8700
v 609.0825 221.9161 22489.8700
v 609.0402 221.5301 22489.8700
v 609.0552 221.6577 22489.8700
v 609.0062 221.2725 22489.8700
v 609.0236 221.3997 22489.8700
v 608.9678 221.0155 22489.8700
v 608.9874 221.1424 22489.8700
v 608.9249 220.7592 22489.8700
v 608.9467 220.8858 22489.8700
v 608.8776 220.5037 22489.8700
v 608.9016 220.6299 22489.8700
v 608.8257 220.2490 22489.8700
v 608.8519 220.3748 22489.8700
v 608.7695 219.9953 22489.8700
v 608.7979 220.1206 22489.8700
v 608.7089 219.7426 22489.8700
v 608.7394 219.8674 22489.8700
v 608.6438 219.4911 22489.8700
v 608.6765 219.6153 22489.8700
v 608.5743 219.2407 22489.8700
v 608.6092 219.3643 22489.8700
v 608.5005 218.9915 22489.8700
v 608.5375 219.1145 22489.8700
v 608.4224 218.7437 22489.8700
v 608.4615 218.8660 22489.8700
v 608.3400 218.4972 22489.8700
v 608.3812 218.6188 22489.8700
v 608.2532 218.2523 22489.8700
v 608.2966 218.3732 22489.8700
v 608.1622 218.0089 22489.8700
v 608.2077 218.1290 22489.8700
v 608.0670 217.7671 22489.8700
v 608.1146 217.8864 22489.8700
v 607.9675 217.5270 22489.8700
v 608.0172 217.6454 22489.8700
v 607.8639 217.2887 22489.8700
v 607.9156 217.4062 22489.8700
v 607.7561 217.0522 22489.8700
v 607.8099 217.1689 22489.8700
v 607.6443 216.8177 22489.8700
v 607.7001 216.9334 22489.8700
v 607.5283 216.5851 22489.8700
v 607.5861 216.6998 22489.8700
v 607.4083 216.3546 22489.8700
v 607.4681 216.4683 22489.8700
v 607.2843 216.1263 22489.8700
v 607.3461 216.2389 22489.8700
v 607.1564 215.9001 22489.8700
v 607.2201 216.0116 22489.8700
v 607.0245 215.6762 22489.8700
v 607.0901 215.7866 22489.8700
v 606.8887 215.4546 22489.8700
v 606.9563 215.5638 22489.8700
v 606.7491 215.2355 22489.8700
v 606.8185 215.3435 22489.8700
v 606.6057 215.0188 22489.8700
v 606.6770 215.1255 22489.8700
v 606.4584 214.8046 22489.8700
v 606.5317 214.9101 22489.8700
v 606.3076 214.5930 22489.8700
v 606.3826 214.6973 22489.8700
v 606.1530 214.3842 22489.8700
v 606.2299 214.4871 22489.8700
v 605.9948 214.1780 22489.8700
v 606.0734 214.2795 22489.8700
v 605.8330 213.9746 22489.8700
v 605.9134 214.0748 22489.8700
v 605.6677 213.7741 22489.8700
v 605.7499 213.8729 22489.8700
v 605.4990 213.5765 22489.8700
v 605.5828 213.6738 22489.8700
v 605.3268 213.3819 22489.8700
v 605.4123 213.4777 22489.8700
v 605.1512 213.1903 22489.8700
v 605.2384 213.2846 22489.8700
v 604.9724 213.0018 22489.8700
v 605.0612 213.0946 22489.8700
v 604.7902 212.8165 22489.8700
v 604.8806 212.9077 22489.8700
v 604.6049 212.6343 22489.8700
v 604.6968 212.7239 22489.8700
v 604.4164 212.4554 22489.8700
v 604.5099 212.5434 22489.8700
v 604.2248 212.2799 22489.8700
v 604.3198 212.3662 22489.8700
v 604.0302 212.1077 22489.8700
v 604.1267 212.1924 22489.8700
v 603.8326 211.9389 22489.8700
v 603.9306 212.0219 22489.8700
v 603.6320 211.7737 22489.8700
v 603.7315 211.8549 22489.8700
v 603.4286 211.6119 22489.8700
v 603.5295 211.6914 22489.8700
v 603.2225 211.4537 22489.8700
v 603.3248 211.5314 22489.8700
v 603.0136 211.2991 22489.8700
v 603.1172 211.3750 22489.8700
v 602.8021 211.1482 22489.8700
v 602.9069 211.2223 22489.8700
v 602.5879 211.0010 22489.8700
v 602.6941 211.0733 22489.8700
v 602.3712 210.8576 22489.8700
v 602.4786 210.9280 22489.8700
v 602.1520 210.7180 22489.8700
v 602.2607 210.7865 22489.8700
v 601.9305 210.5822 22489.8700
v 602.0403 210.6488 22489.8700
v 601.7065 210.4503 22489.8700
v 601.8175 210.5150 22489.8700
v 601.4804 210.3223 22489.8700
v 601.5925 210.3851 22489.8700
v 601.2520 210.1983 22489.8700
v 601.3652 210.2591 22489.8700
v 601.0215 210.0784 22489.8700
v 601.1357 210.1372 22489.8700
v 600.7890 209.9624 22489.8700
v 600.9042 210.0192 22489.8700
v 600.5544 209.8505 22489.8700
v 600.6706 209.9053 22489.8700
v 600.3180 209.7428 22489.8700
v 600.4351 209.7955 22489.8700
v 600.0797 209.6392 22489.8700
v 600.1976 209.6898 22489.8700
v 599.8396 209.5397 22489.8700
v 599.9584 209.5883 22489.8700
v 599.5978 209.4445 22489.8700
v 599.7175 209.4910 22489.8700
v 599.3544 209.3535 22489.8700
v 599.4749 209.3979 22489.8700
v 599.1094 209.2667 22489.8700
v 599.2307 209.3091 22489.8700
v 598.8630 209.1843 22489.8700
v 598.9850 209.2245 22489.8700
v 598.6152 209.1061 22489.8700
v 598.7379 209.1442 22489.8700
v 598.3660 209.0323 22489.8700
v 598.4893 209.0683 22489.8700
v 598.1156 208.9629 22489.8700
v 598.2395 208.9967 22489.8700
v 597.8640 208.8978 22489.8700
v 597.9885 208.9294 22489.8700
v 597.6113 208.8372 22489.8700
v 597.7363 208.8666 22489.8700
v 597.3577 208.7809 22489.8700
v 597.4832 208.8082 22489.8700
v 597.1030 208.7291 22489.8700
v 597.2289 208.7542 22489.8700
v 596.8475 208.6817 22489.8700
v 596.9739 208.7046 22489.8700
v 596.5912 208.6389 22489.8700
v 596.7180 208.6595 22489.8700
v 596.3342 208.6004 22489.8700
v 596.4613 208.6189 22489.8700
v 596.0765 208.5665 22489.8700
v 596.2040 208.5827 22489.8700
v 595.8184 208.5371 22489.8700
v 595.9460 208.5511 22489.8700
v 595.5597 208.5122 22489.8700
v 595.6876 208.5240 22489.8700
v 595.3007 208.4918 22489.8700
v 595.4287 208.5013 22489.8700
v 595.0413 208.4760 22489.8700
v 595.1695 208.4832 22489.8700
v 594.7816 208.4646 22489.8700
v 594.9100 208.4697 22489.8700
v 594.5219 208.4578 22489.8700
v 594.6503 208.4606 22489.8700
v 594.2620 208.4556 22489.8700
v 594.3904 208.4561 22489.8700
v 594.0022 208.4578 22489.8700
v 594.1306 208.4561 22489.8700
v 593.7424 208.4646 22489.8700
v 593.8708 208.4607 22489.8700
v 593.4828 208.4760 22489.8700
v 593.6111 208.4698 22489.8700
v 593.2234 208.4918 22489.8700
v 593.3516 208.4834 22489.8700
v 592.9644 208.5122 22489.8700
v 593.0923 208.5016 22489.8700
v 592.7057 208.5371 22489.8700
v 592.8335 208.5242 22489.8700
v 592.4475 208.5665 22489.8700
v 592.5750 208.5514 22489.8700
v 592.1899 208.6004 22489.8700
v 592.3171 208.5831 22489.8700
v 591.9329 208.6389 22489.8700
v 592.0598 208.6193 22489.8700
v 591.6766 208.6817 22489.8700
v 591.8031 208.6600 22489.8700
v 591.4210 208.7291 22489.8700
v 591.5472 208.7051 22489.8700
v 591.1664 208.7809 22489.8700
v 591.2921 208.7547 22489.8700
v 590.9127 208.8372 22489.8700
v 591.0380 208.8088 22489.8700
v 590.6600 208.8978 22489.8700
v 590.7848 208.8673 22489.8700
v 590.4084 208.9629 22489.8700
v 590.5327 208.9302 22489.8700
v 590.1580 209.0323 22489.8700
v 590.2816 208.9975 22489.8700
v 589.9089 209.1061 22489.8700
v 590.0319 209.0691 22489.8700
v 589.6610 209.1843 22489.8700
v 589.7833 209.1451 22489.8700
v 589.4146 209.2667 22489.8700
v 589.5362 209.2254 22489.8700
v 589.1697 209.3535 22489.8700
v 589.2905 209.3101 22489.8700
v 588.9263 209.4445 22489.8700
v 589.0463 209.3990 22489.8700
v 588.6844 209.5397 22489.8700
v 588.8038 209.4921 22489.8700
v 588.4444 209.6392 22489.8700
v 588.5628 209.5895 22489.8700
v 588.2061 209.7428 22489.8700
v 588.3236 209.6910 22489.8700
v 587.9696 209.8505 22489.8700
v 588.0862 209.7968 22489.8700
v 587.7350 209.9624 22489.8700
v 587.8508 209.9066 22489.8700
v 587.5025 210.0784 22489.8700
v 587.6172 210.0206 22489.8700
v 587.2720 210.1983 22489.8700
v 587.3857 210.1385 22489.8700
v 587.0436 210.3223 22489.8700
v 587.1562 210.2606 22489.8700
v 586.8174 210.4503 22489.8700
v 586.9290 210.3866 22489.8700
v 586.5936 210.5822 22489.8700
v 586.7039 210.5165 22489.8700
v 586.3720 210.7180 22489.8700
v 586.4812 210.6504 22489.8700
v 586.1528 210.8576 22489.8700
v 586.2609 210.7881 22489.8700
v 585.9362 211.0010 22489.8700
v 586.0429 210.9297 22489.8700
v 585.7220 211.1482 22489.8700
v 585.8275 211.0750 22489.8700
v 585.5104 211.2991 22489.8700
v 585.6147 211.2241 22489.8700
v 585.3015 211.4537 22489.8700
v 585.4044 211.3768 22489.8700
v 585.0954 211.6119 22489.8700
v 585.1969 211.5332 22489.8700
v 584.8920 211.7737 22489.8700
v 584.9922 211.6933 22489.8700
v 584.6915 211.9389 22489.8700
v 584.7902 211.8568 22489.8700
v 584.4939 212.1077 22489.8700
v 584.5912 212.0239 22489.8700
v 584.2993 212.2799 22489.8700
v 584.3951 212.1944 22489.8700
v 584.1077 212.4554 22489.8700
v 584.2020 212.3683 22489.8700
v 583.9192 212.6343 22489.8700
v 584.0120 212.5455 22489.8700
v 583.7338 212.8165 22489.8700
v 583.8251 212.7260 22489.8700
v 583.5517 213.0018 22489.8700
v 583.6413 212.9098 22489.8700
v 583.3728 213.1903 22489.8700
v 583.4608 213.0968 22489.8700
v 583.1973 213.3819 22489.8700
v 583.2836 213.2868 22489.8700
v 583.0251 213.5765 22489.8700
v 583.1097 213.4799 22489.8700
v 582.8563 213.7741 22489.8700
v 582.9393 213.6761 22489.8700
v 582.6910 213.9746 22489.8700
v 582.7723 213.8752 22489.8700
v 582.5292 214.1780 22489.8700
v 582.6088 214.0771 22489.8700
v 582.3710 214.3842 22489.8700
v 582.4488 214.2819 22489.8700
v 582.2165 214.5930 22489.8700
v 582.2924 214.4895 22489.8700
v 582.0656 214.8046 22489.8700
v 582.1397 214.6997 22489.8700
v 581.9184 215.0188 22489.8700
v 581.9907 214.9126 22489.8700
v 581.7750 215.2355 22489.8700
v 581.8454 215.1281 22489.8700
v 581.6354 215.4546 22489.8700
v 581.7039 215.3460 22489.8700
v 581.4996 215.6762 22489.8700
v 581.5662 215.5664 22489.8700
v 581.3677 215.9001 22489.8700
v 581.4324 215.7892 22489.8700
v 581.2397 216.1263 22489.8700
v 581.3025 216.0142 22489.8700
v 581.1157 216.3546 22489.8700
v 581.1765 216.2415 22489.8700
v 580.9957 216.5851 22489.8700
v 581.0546 216.4710 22489.8700
v 580.8798 216.8177 22489.8700
v 580.9366 216.7025 22489.8700
v 580.7679 217.0522 22489.8700
v 580.8227 216.9361 22489.8700
v 580.6602 217.2887 22489.8700
v 580.7129 217.1716 22489.8700
v 580.5565 217.5270 22489.8700
v 580.6072 217.4090 22489.8700
v 580.4571 217.7671 22489.8700
v 580.5057 217.6482 22489.8700
v 580.3619 218.0089 22489.8700
v 580.4084 217.8892 22489.8700
v 580.2709 218.2523 22489.8700
v 580.3153 218.1318 22489.8700
v 580.1841 218.4972 22489.8700
v 580.2264 218.3760 22489.8700
v 580.1016 218.7437 22489.8700
v 580.1418 218.6217 22489.8700
v 580.0235 218.9915 22489.8700
v 580.0616 218.8688 22489.8700
v 579.9497 219.2407 22489.8700
v 579.9857 219.1174 22489.8700
v 579.8802 219.4911 22489.8700
v 579.9140 219.3672 22489.8700
v 579.8152 219.7426 22489.8700
v 579.8468 219.6182 22489.8700
v 579.7545 219.9953 22489.8700
v 579.7839 219.8703 22489.8700
v 579.6983 220.2490 22489.8700
v 579.7255 220.1235 22489.8700
v 579.6465 220.5037 22489.8700
v 579.6715 220.3777 22489.8700
v 579.5991 220.7592 22489.8700
v 579.6219 220.6328 22489.8700
v 579.5562 221.0155 22489.8700
v 579.5768 220.8887 22489.8700
v 579.5178 221.2725 22489.8700
v 579.5363 221.1454 22489.8700
v 579.4839 221.5301 22489.8700
v 579.5001 221.4027 22489.8700
v 579.4545 221.7883 22489.8700
v 579.4684 221.6606 22489.8700
v 579.4296 222.0470 22489.8700
v 579.4413 221.9191 22489.8700
v 579.4092 222.3060 22489.8700
v 579.4187 222.1780 22489.8700
v 579.3933 222.5654 22489.8700
v 579.4006 222.4372 22489.8700
v 579.3820 222.8250 22489.8700
v 579.3870 222.6967 22489.8700
v 579.3752 223.0848 22489.8700
v 579.3780 222.9564 22489.8700
v 579.3729 223.3447 22489.8700
v 579.3735 223.2162 22489.8700
v 579.3752 223.6045 22489.8700
v 579.3735 223.4761 22489.8700
v 579.3820 223.8643 22489.8700
v 579.3781 223.7359 22489.8700
v 579.3933 224.1239 22489.8700
v 579.3871 223.9956 22489.8700
v 579.4092 224.3833 22489.8700
v 579.4008 224.2551 22489.8700
v 579.4296 224.6423 22489.8700
v 579.4189 224.5143 22489.8700
v 579.4545 224.9010 22489.8700
v 579.4416 224.7732 22489.8700
v 579.4839 225.1592 22489.8700
v 579.4688 225.0316 22489.8700
v 579.5178 225.4168 22489.8700
v 579.5005 225.2896 22489.8700
v 579.5562 225.6738 22489.8700
v 579.5367 225.5469 22489.8700
v 579.5991 225.9301 22489.8700
v 579.5774 225.8035 22489.8700
v 579.6465 226.1856 22489.8700
v 579.6225 226.0594 22489.8700
v 579.6983 226.4403 22489.8700
v 579.6721 226.3145 22489.8700
v 579.7545 226.6940 22489.8700
v 579.7262 226.5687 22489.8700
v 579.8152 226.9466 22489.8700
v 579.7847 226.8219 22489.8700
v 579.8802 227.1982 22489.8700
v 579.8475 227.0740 22489.8700
v 579.9497 227.4486 22489.8700
v 579.9149 227.3250 22489.8700
v 580.0235 227.6978 22489.8700
v 579.9865 227.5748 22489.8700
v 580.1016 227.9456 22489.8700
v 580.0625 227.8233 22489.8700
v 580.1841 228.1921 22489.8700
v 580.1428 228.0704 22489.8700
v 580.2709 228.4370 22489.8700
v 580.2274 228.3161 22489.8700
v 580.3619 228.6804 22489.8700
v 580.3163 228.5603 22489.8700
v 580.4571 228.9222 22489.8700
v 580.4095 228.8029 22489.8700
v 580.5565 229.1623 22489.8700
v 580.5068 229.0439 22489.8700
v 580.6602 229.4006 22489.8700
v 580.6084 229.2830 22489.8700
v 580.7679 229.6371 22489.8700
v 580.7141 229.5204 22489.8700
v 580.8798 229.8716 22489.8700
v 580.8240 229.7559 22489.8700
v 580.9957 230.1042 22489.8700
v 580.9379 229.9895 22489.8700
v 581.1157 230.3347 22489.8700
v 581.0559 230.2210 22489.8700
v 581.2397 230.5630 22489.8700
v 581.1779 230.4504 22489.8700
v 581.3677 230.7892 22489.8700
v 581.3040 230.6777 22489.8700
v 581.4996 231.0131 22489.8700
v 581.4339 230.9027 22489.8700
v 581.6354 231.2347 22489.8700
v 581.5677 231.1255 22489.8700
v 581.7750 231.4538 22489.8700
v 581.7055 231.3458 22489.8700
v 581.9184 231.6705 22489.8700
v 581.8470 231.5638 22489.8700
v 582.0656 231.8847 22489.8700
v 581.9924 231.7792 22489.8700
v 582.2165 232.0962 22489.8700
v 582.1414 231.9920 22489.8700
v 582.3710 232.3051 22489.8700
v 582.2942 232.2022 22489.8700
v 582.5292 232.5113 22489.8700
v 582.4506 232.4097 22489.8700
v 582.6910 232.7147 22489.8700
v 582.6106 232.6145 22489.8700
v 582.8563 232.9152 22489.8700
v 582.7742 232.8164 22489.8700
v 583.0251 233.1128 22489.8700
v 582.9412 233.0155 22489.8700
v 583.1973 233.3074 22489.8700
v 583.1118 233.2116 22489.8700
v 583.3728 233.4990 22489.8700
v 583.2856 233.4047 22489.8700
v 583.5517 233.6875 22489.8700
v 583.4629 233.5947 22489.8700
v 583.7338 233.8728 22489.8700
v 583.6434 233.7816 22489.8700
v 583.9192 234.0550 22489.8700
v 583.8272 233.9654 22489.8700
v 584.1077 234.2338 22489.8700
v 584.0142 234.1459 22489.8700
v 584.2993 234.4094 22489.8700
v 584.2042 234.3231 22489.8700
v 584.4939 234.5816 22489.8700
v 584.3973 234.4969 22489.8700
v 584.6915 234.7504 22489.8700
v 584.5934 234.6674 22489.8700
v 584.8920 234.9156 22489.8700
v 584.7925 234.8344 22489.8700
v 585.0954 235.0774 22489.8700
v 584.9945 234.9979 22489.8700
v 585.3015 235.2356 22489.8700
v 585.1993 235.1579 22489.8700
v 585.5104 235.3902 22489.8700
v 585.4069 235.3142 22489.8700
v 585.7220 235.5411 22489.8700
v 585.6171 235.4670 22489.8700
v 585.9362 235.6883 22489.8700
v 585.8300 235.6160 22489.8700
v 586.1528 235.8317 22489.8700
v 586.0454 235.7613 22489.8700
v 586.3720 235.9713 22489.8700
v 586.2634 235.9028 22489.8700
v 586.5936 236.1071 22489.8700
v 586.4838 236.0405 22489.8700
v 586.8174 236.2390 22489.8700
v 586.7065 236.1743 22489.8700
v 587.0436 236.3669 22489.8700
v 586.9316 236.3042 22489.8700
v 587.2720 236.4909 22489.8700
v 587.1589 236.4302 22489.8700
v 587.5025 236.6109 22489.8700
v 587.3883 236.5521 22489.8700
v 587.7350 236.7269 22489.8700
v 587.6199 236.6701 22489.8700
v 587.9696 236.8388 22489.8700
v 587.8535 236.7840 22489.8700
v 588.2061 236.9465 22489.8700
v 588.0890 236.8938 22489.8700
v 588.4444 237.0501 22489.8700
v 588.3264 236.9995 22489.8700
v 588.6844 237.1496 22489.8700
v 588.5656 237.1010 22489.8700
v 588.9263 237.2448 22489.8700
v 588.8065 237.1983 22489.8700
v 589.1697 237.3358 22489.8700
v 589.0491 237.2914 22489.8700
v 589.4146 237.4226 22489.8700
v 589.2933 237.3802 22489.8700
v 589.6610 237.5050 22489.8700
v 589.5391 237.4648 22489.8700
v 589.9089 237.5832 22489.8700
v 589.7862 237.5451 22489.8700
v 590.1580 237.6570 22489.8700
v 590.0347 237.6210 22489.8700
v 590.4084 237.7264 22489.8700
v 590.2845 237.6926 22489.8700
v 590.6600 237.7915 22489.8700
v 590.5355 237.7599 22489.8700
v 590.9127 237.8521 22489.8700
v 590.7877 237.8227 22489.8700
v 591.1664 237.9084 22489.8700
v 591.0409 237.8811 22489.8700
v 591.4210 237.9602 22489.8700
v 591.2951 237.9352 22489.8700
v 591.6766 238.0076 22489.8700
v 591.5502 237.9847 22489.8700
v 591.9329 238.0504 22489.8700
v 591.8061 238.0298 22489.8700
v 592.1899 238.0889 22489.8700
v 592.0627 238.0704 22489.8700
v 592.4475 238.1228 22489.8700
v 592.3201 238.1066 22489.8700
v 592.7057 238.1522 22489.8700
v 592.5780 238.1382 22489.8700
v 592.9644 238.1771 22489.8700
v 592.8365 238.1653 22489.8700
v 593.2234 238.1975 22489.8700
v 593.0953 238.1880 22489.8700
v 593.4828 238.2133 22489.8700
v 593.3546 238.2061 22489.8700
v 593.7424 238.2247 22489.8700
v 593.6141 238.2196 22489.8700
v 594.0022 238.2315 22489.8700
v 593.8738 238.2287 22489.8700
v 594.2620 238.2337 22489.8700
v 594.1336 238.2332 22489.8700
v 594.5219 238.2315 22489.8700
v 594.3934 238.2332 22489.8700
v 594.7816 238.2247 22489.8700
v 594.6533 238.2286 22489.8700
v 595.0413 238.2133 22489.8700
v 594.9130 238.2195 22489.8700
v 595.3007 238.1975 22489.8700
v 595.1725 238.2059 22489.8700
v 595.5597 238.1771 22489.8700
v 595.4317 238.1877 22489.8700
v 595.8184 238.1522 22489.8700
v 595.6906 238.1651 22489.8700
v 596.0765 238.1228 22489.8700
v 595.9490 238.1379 22489.8700
v 596.3342 238.0889 22489.8700
v 596.2069 238.1062 22489.8700
v 596.5912 238.0504 22489.8700
v 596.4642 238.0700 22489.8700
v 596.8475 238.0076 22489.8700
v 596.7209 238.0293 22489.8700
v 597.1030 237.9602 22489.8700
v 596.9768 237.9842 22489.8700
v 597.3577 237.9084 22489.8700
v 597.2319 237.9345 22489.8700
v 597.6113 237.8521 22489.8700
v 597.4861 237.8805 22489.8700
v 597.8640 237.7915 22489.8700
v 597.7393 237.8220 22489.8700
v 598.1156 237.7264 22489.8700
v 597.9914 237.7591 22489.8700
v 598.3660 237.6570 22489.8700
v 598.2424 237.6918 22489.8700
v 598.6152 237.5832 22489.8700
v 598.4922 237.6202 22489.8700
v 598.8630 237.5050 22489.8700
v 598.7407 237.5442 22489.8700
v 599.1094 237.4226 22489.8700
v 598.9879 237.4639 22489.8700
v 599.3544 237.3358 22489.8700
v 599.2335 237.3792 22489.8700
v 599.5978 237.2448 22489.8700
v 599.4777 237.2903 22489.8700
v 599.8396 237.1496 22489.8700
v 599.7203 237.1972 22489.8700
v 600.0797 237.0501 22489.8700
v 599.9612 237.0998 22489.8700
v 600.3180 236.9465 22489.8700
v 600.2004 236.9982 22489.8700
v 600.5544 236.8388 22489.8700
v 600.4378 236.8925 22489.8700
v 600.7890 236.7269 22489.8700
v 600.6733 236.7827 22489.8700
v 601.0215 236.6109 22489.8700
v 600.9069 236.6687 22489.8700
v 601.2520 236.4909 22489.8700
v 601.1384 236.5508 22489.8700
v 601.4804 236.3669 22489.8700
v 601.3678 236.4287 22489.8700
v 601.7065 236.2390 22489.8700
v 601.5951 236.3027 22489.8700
v 601.9305 236.1071 22489.8700
v 601.8201 236.1728 22489.8700
v 602.1520 235.9713 22489.8700
v 602.0428 236.0389 22489.8700
v 602.3712 235.8317 22489.8700
v 602.2632 235.9012 22489.8700
v 602.5879 235.6883 22489.8700
v 602.4811 235.7596 22489.8700
v 602.8021 235.5411 22489.8700
v 602.6965 235.6143 22489.8700
v 603.0136 235.3902 22489.8700
v 602.9094 235.4652 22489.8700
v 603.2225 235.2356 22489.8700
v 603.1196 235.3125 22489.8700
v 603.4286 235.0774 22489.8700
v 603.3271 235.1561 22489.8700
v 603.6320 234.9156 22489.8700
v 603.5319 234.9960 22489.8700
v 603.8326 234.7504 22489.8700
v 603.7338 234.8325 22489.8700
v 604.0302 234.5816 22489.8700
v 603.9329 234.6654 22489.8700
v 604.2248 234.4094 22489.8700
v 604.1290 234.4949 22489.8700
v 604.4164 234.2338 22489.8700
v 604.3221 234.3210 22489.8700
v 604.6049 234.0550 22489.8700
v 604.5121 234.1438 22489.8700
v 604.7902 233.8728 22489.8700
v 604.6990 233.9633 22489.8700
v 604.9724 233.6875 22489.8700
v 604.8828 233.7795 22489.8700
v 605.1512 233.4990 22489.8700
v 605.0632 233.5925 22489.8700
v 605.3268 233.3074 22489.8700
v 605.2404 233.4025 22489.8700
v 605.4990 233.1128 22489.8700
v 605.4143 233.2093 22489.8700
v 605.6677 232.9152 22489.8700
v 605.5848 233.0132 22489.8700
v 605.8330 232.7147 22489.8700
v 605.7518 232.8141 22489.8700
v 605.9948 232.5113 22489.8700
v 605.9153 232.6122 22489.8700
v 606.1530 232.3051 22489.8700
v 606.0753 232.4074 22489.8700
v 606.3076 232.0962 22489.8700
v 606.2316 232.1998 22489.8700
v 606.4584 231.8847 22489.8700
v 606.3843 231.9896 22489.8700
v 606.6057 231.6705 22489.8700
v 606.5334 231.7767 22489.8700
v 606.7491 231.4538 22489.8700
v 606.6786 231.5612 22489.8700
v 606.8887 231.2347 22489.8700
v 606.8202 231.3433 22489.8700
v 607.0245 231.0131 22489.8700
v 606.9578 231.1229 22489.8700
v 607.1564 230.7892 22489.8700
v 607.0917 230.9001 22489.8700
v 607.2843 230.5630 22489.8700
v 607.2216 230.6751 22489.8700
v 607.4083 230.3347 22489.8700
v 607.3475 230.4478 22489.8700
v 607.5283 230.1042 22489.8700
v 607.4695 230.2183 22489.8700
v 607.6443 229.8716 22489.8700
v 607.5875 229.9868 22489.8700
v 607.7561 229.6371 22489.8700
v 607.7014 229.7532 22489.8700
v 607.8639 229.4006 22489.8700
v 607.8112 229.5177 22489.8700
v 607.9675 229.1623 22489.8700
v 607.9168 229.2803 22489.8700
v 608.0670 228.9222 22489.8700
v 608.0183 229.0411 22489.8700
v 608.1622 228.6804 22489.8700
v 608.1157 228.8001 22489.8700
v 608.2532 228.4370 22489.8700
v 608.2087 228.5575 22489.8700
v 608.3400 228.1921 22489.8700
v 608.2976 228.3133 22489.8700
v 608.4224 227.9456 22489.8700
v 608.3822 228.0676 22489.8700
v 608.5005 227.6978 22489.8700
v 608.4625 227.8204 22489.8700
v 608.5743 227.4486 22489.8700
v 608.5384 227.5719 22489.8700
v 608.6438 227.1982 22489.8700
v 608.6100 227.3221 22489.8700
v 608.7089 226.9466 22489.8700
v 608.6772 227.0711 22489.8700
v 608.7695 226.6940 22489.8700
v 608.7401 226.8190 22489.8700
v 608.8257 226.4403 22489.8700
v 608.7985 226.5658 22489.8700
v 608.8776 226.1856 22489.8700
v 608.8525 226.3116 22489.8700
v 608.9249 225.9301 22489.8700
v 608.9021 226.0565 22489.8700
v 608.9678 225.6738 22489.8700
v 608.9472 225.8006 22489.8700
v 609.0062 225.4168 22489.8700
v 608.9878 225.5439 22489.8700
v 609.0402 225.1592 22489.8700
v 609.0239 225.2866 22489.8700
v 609.0696 224.9010 22489.8700
v 609.0556 225.0287 22489.8700
v 609.0945 224.6423 22489.8700
v 609.0827 224.7702 22489.8700
v 609.1149 224.3833 22489.8700
v 609.1053 224.5113 22489.8700
v 609.1307 224.1239 22489.8700
v 609.1234 224.2521 22489.8700
v 609.1420 223.8643 22489.8700
v 609.1370 223.9926 22489.8700
v 609.1489 223.6045 22489.8700
v 609.1461 223.7329 22489.8700
v 609.1506 223.4731 22489.8700
v 609.1511 223.3447 22475.1900
v 604.7902 212.8165 22475.1900
v 594.2620 208.4556 22475.1900
v 583.7338 212.8165 22475.1900
v 579.3729 223.3447 22475.1900
v 583.7338 233.8728 22475.1900
v 594.2620 238.2337 22475.1900
v 604.7902 233.8728 22475.1900
v 609.1511 893.3542 22460.0500
v 609.1489 893.6140 22460.0500
v 609.1494 893.4856 22460.0500
v 609.1420 893.8738 22460.0500
v 609.1448 893.7454 22460.0500
v 609.1307 894.1334 22460.0500
v 609.1357 894.0051 22460.0500
v 609.1149 894.3928 22460.0500
v 609.1221 894.2645 22460.0500
v 609.0945 894.6519 22460.0500
v 609.1040 894.5237 22460.0500
v 609.0696 894.9105 22460.0500
v 609.0813 894.7826 22460.0500
v 609.0402 895.1687 22460.0500
v 609.0541 895.0410 22460.0500
v 609.0062 895.4263 22460.0500
v 609.0224 895.2989 22460.0500
v 608.9678 895.6833 22460.0500
v 608.9862 895.5562 22460.0500
v 608.9249 895.9396 22460.0500
v 608.9456 895.8129 22460.0500
v 608.8776 896.1951 22460.0500
v 608.9004 896.0687 22460.0500
v 608.8257 896.4498 22460.0500
v 608.8508 896.3238 22460.0500
v 608.7695 896.7035 22460.0500
v 608.7968 896.5779 22460.0500
v 608.7089 896.9562 22460.0500
v 608.7383 896.8312 22460.0500
v 608.6438 897.2078 22460.0500
v 608.6754 897.0833 22460.0500
v 608.5743 897.4581 22460.0500
v 608.6081 897.3342 22460.0500
v 608.5005 897.7073 22460.0500
v 608.5365 897.5840 22460.0500
v 608.4224 897.9551 22460.0500
v 608.4604 897.8325 22460.0500
v 608.3400 898.2016 22460.0500
v 608.3801 898.0796 22460.0500
v 608.2532 898.4465 22460.0500
v 608.2955 898.3253 22460.0500
v 608.1622 898.6899 22460.0500
v 608.2067 898.5695 22460.0500
v 608.0670 898.9317 22460.0500
v 608.1135 898.8120 22460.0500
v 607.9675 899.1718 22460.0500
v 608.0161 899.0529 22460.0500
v 607.8639 899.4101 22460.0500
v 607.9146 899.2921 22460.0500
v 607.7561 899.6465 22460.0500
v 607.8089 899.5295 22460.0500
v 607.6443 899.8811 22460.0500
v 607.6990 899.7650 22460.0500
v 607.5283 900.1136 22460.0500
v 607.5851 899.9985 22460.0500
v 607.4083 900.3442 22460.0500
v 607.4671 900.2300 22460.0500
v 607.2843 900.5725 22460.0500
v 607.3451 900.4594 22460.0500
v 607.1564 900.7987 22460.0500
v 607.2191 900.6866 22460.0500
v 607.0245 901.0226 22460.0500
v 607.0892 900.9117 22460.0500
v 606.8887 901.2442 22460.0500
v 606.9553 901.1344 22460.0500
v 606.7491 901.4633 22460.0500
v 606.8176 901.3547 22460.0500
v 606.6057 901.6801 22460.0500
v 606.6761 901.5726 22460.0500
v 606.4584 901.8942 22460.0500
v 606.5308 901.7880 22460.0500
v 606.3076 902.1058 22460.0500
v 606.3817 902.0009 22460.0500
v 606.1530 902.3146 22460.0500
v 606.2289 902.2111 22460.0500
v 605.9948 902.5208 22460.0500
v 606.0725 902.4186 22460.0500
v 605.8330 902.7242 22460.0500
v 605.9125 902.6233 22460.0500
v 605.6677 902.9247 22460.0500
v 605.7490 902.8253 22460.0500
v 605.4990 903.1223 22460.0500
v 605.5820 903.0243 22460.0500
v 605.3268 903.3169 22460.0500
v 605.4114 903.2203 22460.0500
v 605.1512 903.5085 22460.0500
v 605.2375 903.4135 22460.0500
v 604.9724 903.6970 22460.0500
v 605.0604 903.6035 22460.0500
v 604.7902 903.8823 22460.0500
v 604.8798 903.7903 22460.0500
v 604.6049 904.0645 22460.0500
v 604.6960 903.9741 22460.0500
v 604.4164 904.2433 22460.0500
v 604.5092 904.1545 22460.0500
v 604.2248 904.4189 22460.0500
v 604.3191 904.3317 22460.0500
v 604.0302 904.5911 22460.0500
v 604.1260 904.5056 22460.0500
v 603.8326 904.7599 22460.0500
v 603.9299 904.6760 22460.0500
v 603.6320 904.9252 22460.0500
v 603.7308 904.8430 22460.0500
v 603.4286 905.0869 22460.0500
v 603.5288 905.0065 22460.0500
v 603.2225 905.2451 22460.0500
v 603.3240 905.1665 22460.0500
v 603.0136 905.3997 22460.0500
v 603.1165 905.3229 22460.0500
v 602.8021 905.5506 22460.0500
v 602.9063 905.4756 22460.0500
v 602.5879 905.6978 22460.0500
v 602.6934 905.6246 22460.0500
v 602.3712 905.8412 22460.0500
v 602.4780 905.7698 22460.0500
v 602.1520 905.9808 22460.0500
v 602.2601 905.9114 22460.0500
v 601.9305 906.1166 22460.0500
v 602.0397 906.0490 22460.0500
v 601.7065 906.2485 22460.0500
v 601.8170 906.1828 22460.0500
v 601.4804 906.3765 22460.0500
v 601.5919 906.3127 22460.0500
v 601.2520 906.5004 22460.0500
v 601.3646 906.4387 22460.0500
v 601.0215 906.6204 22460.0500
v 601.1352 906.5607 22460.0500
v 600.7890 906.7364 22460.0500
v 600.9037 906.6786 22460.0500
v 600.5544 906.8483 22460.0500
v 600.6701 906.7925 22460.0500
v 600.3180 906.9561 22460.0500
v 600.4346 906.9023 22460.0500
v 600.0797 907.0596 22460.0500
v 600.1972 907.0079 22460.0500
v 599.8396 907.1591 22460.0500
v 599.9580 907.1094 22460.0500
v 599.5978 907.2543 22460.0500
v 599.7171 907.2067 22460.0500
v 599.3544 907.3453 22460.0500
v 599.4745 907.2998 22460.0500
v 599.1094 907.4321 22460.0500
v 599.2303 907.3887 22460.0500
v 598.8630 907.5145 22460.0500
v 598.9846 907.4733 22460.0500
v 598.6152 907.5927 22460.0500
v 598.7375 907.5535 22460.0500
v 598.3660 907.6665 22460.0500
v 598.4890 907.6295 22460.0500
v 598.1156 907.7359 22460.0500
v 598.2392 907.7010 22460.0500
v 597.8640 907.8010 22460.0500
v 597.9882 907.7683 22460.0500
v 597.6113 907.8616 22460.0500
v 597.7361 907.8311 22460.0500
v 597.3577 907.9179 22460.0500
v 597.4829 907.8895 22460.0500
v 597.1030 907.9697 22460.0500
v 597.2288 907.9435 22460.0500
v 596.8475 908.0171 22460.0500
v 596.9736 907.9931 22460.0500
v 596.5912 908.0599 22460.0500
v 596.7178 908.0382 22460.0500
v 596.3342 908.0984 22460.0500
v 596.4611 908.0788 22460.0500
v 596.0765 908.1323 22460.0500
v 596.2038 908.1149 22460.0500
v 595.8184 908.1617 22460.0500
v 595.9459 908.1466 22460.0500
v 595.5597 908.1866 22460.0500
v 595.6875 908.1737 22460.0500
v 595.3007 908.2070 22460.0500
v 595.4286 908.1964 22460.0500
v 595.0413 908.2228 22460.0500
v 595.1694 908.2145 22460.0500
v 594.7816 908.2342 22460.0500
v 594.9099 908.2280 22460.0500
v 594.5219 908.2410 22460.0500
v 594.6503 908.2371 22460.0500
v 594.2620 908.2433 22460.0500
v 594.3904 908.2416 22460.0500
v 594.0022 908.2410 22460.0500
v 594.1306 908.2415 22460.0500
v 593.7424 908.2342 22460.0500
v 593.8708 908.2370 22460.0500
v 593.4828 908.2228 22460.0500
v 593.6111 908.2279 22460.0500
v 593.2234 908.2070 22460.0500
v 593.3516 908.2143 22460.0500
v 592.9644 908.1866 22460.0500
v 593.0924 908.1961 22460.0500
v 592.7057 908.1617 22460.0500
v 592.8336 908.1735 22460.0500
v 592.4475 908.1323 22460.0500
v 592.5752 908.1462 22460.0500
v 592.1899 908.0984 22460.0500
v 592.3173 908.1146 22460.0500
v 591.9329 908.0599 22460.0500
v 592.0599 908.0784 22460.0500
v 591.6766 908.0171 22460.0500
v 591.8033 908.0377 22460.0500
v 591.4210 907.9697 22460.0500
v 591.5474 907.9926 22460.0500
v 591.1664 907.9179 22460.0500
v 591.2924 907.9429 22460.0500
v 590.9127 907.8616 22460.0500
v 591.0382 907.8889 22460.0500
v 590.6600 907.8010 22460.0500
v 590.7850 907.8304 22460.0500
v 590.4084 907.7359 22460.0500
v 590.5329 907.7675 22460.0500
v 590.1580 907.6665 22460.0500
v 590.2819 907.7003 22460.0500
v 589.9089 907.5927 22460.0500
v 590.0322 907.6286 22460.0500
v 589.6610 907.5145 22460.0500
v 589.7837 907.5526 22460.0500
v 589.4146 907.4321 22460.0500
v 589.5366 907.4723 22460.0500
v 589.1697 907.3453 22460.0500
v 589.2909 907.3877 22460.0500
v 588.9263 907.2543 22460.0500
v 589.0468 907.2988 22460.0500
v 588.6844 907.1591 22460.0500
v 588.8041 907.2056 22460.0500
v 588.4444 907.0596 22460.0500
v 588.5632 907.1083 22460.0500
v 588.2061 906.9561 22460.0500
v 588.3241 907.0067 22460.0500
v 587.9696 906.8483 22460.0500
v 588.0867 906.9010 22460.0500
v 587.7350 906.7364 22460.0500
v 587.8513 906.7912 22460.0500
v 587.5025 906.6204 22460.0500
v 587.6177 906.6772 22460.0500
v 587.2720 906.5004 22460.0500
v 587.3862 906.5593 22460.0500
v 587.0436 906.3765 22460.0500
v 587.1568 906.4373 22460.0500
v 586.8174 906.2485 22460.0500
v 586.9295 906.3112 22460.0500
v 586.5936 906.1166 22460.0500
v 586.7045 906.1813 22460.0500
v 586.3720 905.9808 22460.0500
v 586.4818 906.0474 22460.0500
v 586.1528 905.8412 22460.0500
v 586.2615 905.9097 22460.0500
v 585.9362 905.6978 22460.0500
v 586.0436 905.7682 22460.0500
v 585.7220 905.5506 22460.0500
v 585.8281 905.6229 22460.0500
v 585.5104 905.3997 22460.0500
v 585.6153 905.4738 22460.0500
v 585.3015 905.2451 22460.0500
v 585.4051 905.3210 22460.0500
v 585.0954 905.0869 22460.0500
v 585.1976 905.1647 22460.0500
v 584.8920 904.9252 22460.0500
v 584.9929 905.0046 22460.0500
v 584.6915 904.7599 22460.0500
v 584.7910 904.8411 22460.0500
v 584.4939 904.5911 22460.0500
v 584.5919 904.6741 22460.0500
v 584.2993 904.4189 22460.0500
v 584.3958 904.5036 22460.0500
v 584.1077 904.2433 22460.0500
v 584.2028 904.3297 22460.0500
v 583.9192 904.0645 22460.0500
v 584.0128 904.1525 22460.0500
v 583.7338 903.8823 22460.0500
v 583.8259 903.9720 22460.0500
v 583.5517 903.6970 22460.0500
v 583.6422 903.7882 22460.0500
v 583.3728 903.5085 22460.0500
v 583.4617 903.6013 22460.0500
v 583.1973 903.3169 22460.0500
v 583.2844 903.4112 22460.0500
v 583.0251 903.1223 22460.0500
v 583.1106 903.2181 22460.0500
v 582.8563 902.9247 22460.0500
v 582.9401 903.0220 22460.0500
v 582.6910 902.7242 22460.0500
v 582.7731 902.8229 22460.0500
v 582.5292 902.5208 22460.0500
v 582.6096 902.6210 22460.0500
v 582.3710 902.3146 22460.0500
v 582.4497 902.4162 22460.0500
v 582.2165 902.1058 22460.0500
v 582.2933 902.2087 22460.0500
v 582.0656 901.8942 22460.0500
v 582.1406 901.9984 22460.0500
v 581.9184 901.6801 22460.0500
v 581.9916 901.7856 22460.0500
v 581.7750 901.4633 22460.0500
v 581.8463 901.5701 22460.0500
v 581.6354 901.2442 22460.0500
v 581.7048 901.3522 22460.0500
v 581.4996 901.0226 22460.0500
v 581.5671 901.1318 22460.0500
v 581.3677 900.7987 22460.0500
v 581.4333 900.9091 22460.0500
v 581.2397 900.5725 22460.0500
v 581.3035 900.6840 22460.0500
v 581.1157 900.3442 22460.0500
v 581.1775 900.4568 22460.0500
v 580.9957 900.1136 22460.0500
v 581.0555 900.2273 22460.0500
v 580.8798 899.8811 22460.0500
v 580.9376 899.9958 22460.0500
v 580.7679 899.6465 22460.0500
v 580.8237 899.7623 22460.0500
v 580.6602 899.4101 22460.0500
v 580.7139 899.5267 22460.0500
v 580.5565 899.1718 22460.0500
v 580.6083 899.2894 22460.0500
v 580.4571 898.9317 22460.0500
v 580.5068 899.0502 22460.0500
v 580.3619 898.6899 22460.0500
v 580.4094 898.8092 22460.0500
v 580.2709 898.4465 22460.0500
v 580.3163 898.5667 22460.0500
v 580.1841 898.2016 22460.0500
v 580.2275 898.3224 22460.0500
v 580.1016 897.9551 22460.0500
v 580.1429 898.0768 22460.0500
v 580.0235 897.7073 22460.0500
v 580.0627 897.8297 22460.0500
v 579.9497 897.4581 22460.0500
v 579.9867 897.5811 22460.0500
v 579.8802 897.2078 22460.0500
v 579.9151 897.3314 22460.0500
v 579.8152 896.9562 22460.0500
v 579.8479 897.0804 22460.0500
v 579.7545 896.7035 22460.0500
v 579.7850 896.8282 22460.0500
v 579.6983 896.4498 22460.0500
v 579.7266 896.5750 22460.0500
v 579.6465 896.1951 22460.0500
v 579.6726 896.3209 22460.0500
v 579.5991 895.9396 22460.0500
v 579.6231 896.0658 22460.0500
v 579.5562 895.6833 22460.0500
v 579.5780 895.8099 22460.0500
v 579.5178 895.4263 22460.0500
v 579.5374 895.5533 22460.0500
v 579.4839 895.1687 22460.0500
v 579.5012 895.2960 22460.0500
v 579.4545 894.9105 22460.0500
v 579.4696 895.0380 22460.0500
v 579.4296 894.6519 22460.0500
v 579.4424 894.7796 22460.0500
v 579.4092 894.3928 22460.0500
v 579.4199 894.5208 22460.0500
v 579.3933 894.1334 22460.0500
v 579.4017 894.2615 22460.0500
v 579.3820 893.8738 22460.0500
v 579.3882 894.0021 22460.0500
v 579.3752 893.6140 22460.0500
v 579.3791 893.7424 22460.0500
v 579.3729 893.3542 22460.0500
v 579.3746 893.4826 22460.0500
v 579.3752 893.0943 22460.0500
v 579.3746 893.2227 22460.0500
v 579.3820 892.8345 22460.0500
v 579.3792 892.9630 22460.0500
v 579.3933 892.5750 22460.0500
v 579.3883 892.7032 22460.0500
v 579.4092 892.3156 22460.0500
v 579.4019 892.4438 22460.0500
v 579.4296 892.0565 22460.0500
v 579.4200 892.1846 22460.0500
v 579.4545 891.7979 22460.0500
v 579.4427 891.9257 22460.0500
v 579.4839 891.5396 22460.0500
v 579.4699 891.6673 22460.0500
v 579.5178 891.2820 22460.0500
v 579.5016 891.4094 22460.0500
v 579.5562 891.0250 22460.0500
v 579.5378 891.1521 22460.0500
v 579.5991 890.7687 22460.0500
v 579.5785 890.8954 22460.0500
v 579.6465 890.5132 22460.0500
v 579.6237 890.6396 22460.0500
v 579.6983 890.2585 22460.0500
v 579.6732 890.3845 22460.0500
v 579.7545 890.0048 22460.0500
v 579.7273 890.1304 22460.0500
v 579.8152 889.7521 22460.0500
v 579.7858 889.8772 22460.0500
v 579.8802 889.5005 22460.0500
v 579.8486 889.6251 22460.0500
v 579.9497 889.2502 22460.0500
v 579.9160 889.3741 22460.0500
v 580.0235 889.0010 22460.0500
v 579.9875 889.1243 22460.0500
v 580.1016 888.7532 22460.0500
v 580.0636 888.8759 22460.0500
v 580.1841 888.5067 22460.0500
v 580.1439 888.6287 22460.0500
v 580.2709 888.2618 22460.0500
v 580.2285 888.3831 22460.0500
v 580.3619 888.0184 22460.0500
v 580.3174 888.1389 22460.0500
v 580.4571 887.7766 22460.0500
v 580.4105 887.8963 22460.0500
v 580.5565 887.5365 22460.0500
v 580.5079 887.6554 22460.0500
v 580.6602 887.2982 22460.0500
v 580.6094 887.4162 22460.0500
v 580.7679 887.0618 22460.0500
v 580.7151 887.1788 22460.0500
v 580.8798 886.8272 22460.0500
v 580.8250 886.9434 22460.0500
v 580.9957 886.5947 22460.0500
v 580.9390 886.7098 22460.0500
v 581.1157 886.3641 22460.0500
v 581.0569 886.4783 22460.0500
v 581.2397 886.1358 22460.0500
v 581.1790 886.2489 22460.0500
v 581.3677 885.9096 22460.0500
v 581.3049 886.0217 22460.0500
v 581.4996 885.6857 22460.0500
v 581.4349 885.7966 22460.0500
v 581.6354 885.4641 22460.0500
v 581.5687 885.5739 22460.0500
v 581.7750 885.2450 22460.0500
v 581.7064 885.3536 22460.0500
v 581.9184 885.0283 22460.0500
v 581.8480 885.1357 22460.0500
v 582.0656 884.8141 22460.0500
v 581.9933 884.9203 22460.0500
v 582.2165 884.6025 22460.0500
v 582.1424 884.7075 22460.0500
v 582.3710 884.3937 22460.0500
v 582.2951 884.4973 22460.0500
v 582.5292 884.1875 22460.0500
v 582.4515 884.2897 22460.0500
v 582.6910 883.9841 22460.0500
v 582.6115 884.0850 22460.0500
v 582.8563 883.7836 22460.0500
v 582.7751 883.8831 22460.0500
v 583.0251 883.5861 22460.0500
v 582.9421 883.6841 22460.0500
v 583.1973 883.3914 22460.0500
v 583.1126 883.4880 22460.0500
v 583.3728 883.1998 22460.0500
v 583.2865 883.2949 22460.0500
v 583.5517 883.0113 22460.0500
v 583.4637 883.1049 22460.0500
v 583.7338 882.8260 22460.0500
v 583.6442 882.9180 22460.0500
v 583.9192 882.6439 22460.0500
v 583.8280 882.7343 22460.0500
v 584.1077 882.4650 22460.0500
v 584.0149 882.5538 22460.0500
v 584.2993 882.2894 22460.0500
v 584.2050 882.3766 22460.0500
v 584.4939 882.1172 22460.0500
v 584.3981 882.2028 22460.0500
v 584.6915 881.9484 22460.0500
v 584.5942 882.0323 22460.0500
v 584.8920 881.7831 22460.0500
v 584.7933 881.8653 22460.0500
v 585.0954 881.6214 22460.0500
v 584.9952 881.7018 22460.0500
v 585.3015 881.4632 22460.0500
v 585.2000 881.5418 22460.0500
v 585.5104 881.3087 22460.0500
v 585.4075 881.3855 22460.0500
v 585.7220 881.1577 22460.0500
v 585.6177 881.2328 22460.0500
v 585.9362 881.0106 22460.0500
v 585.8306 881.0837 22460.0500
v 586.1528 880.8671 22460.0500
v 586.0461 880.9385 22460.0500
v 586.3720 880.7275 22460.0500
v 586.2640 880.7970 22460.0500
v 586.5936 880.5917 22460.0500
v 586.4844 880.6593 22460.0500
v 586.8174 880.4598 22460.0500
v 586.7071 880.5255 22460.0500
v 587.0436 880.3318 22460.0500
v 586.9321 880.3956 22460.0500
v 587.2720 880.2079 22460.0500
v 587.1594 880.2697 22460.0500
v 587.5025 880.0879 22460.0500
v 587.3889 880.1477 22460.0500
v 587.7350 879.9719 22460.0500
v 587.6204 880.0297 22460.0500
v 587.9696 879.8600 22460.0500
v 587.8539 879.9158 22460.0500
v 588.2061 879.7523 22460.0500
v 588.0895 879.8061 22460.0500
v 588.4444 879.6487 22460.0500
v 588.3268 879.7004 22460.0500
v 588.6844 879.5493 22460.0500
v 588.5660 879.5989 22460.0500
v 588.9263 879.4540 22460.0500
v 588.8069 879.5016 22460.0500
v 589.1697 879.3630 22460.0500
v 589.0496 879.4085 22460.0500
v 589.4146 879.2762 22460.0500
v 589.2938 879.3196 22460.0500
v 589.6610 879.1938 22460.0500
v 589.5394 879.2350 22460.0500
v 589.9089 879.1157 22460.0500
v 589.7866 879.1548 22460.0500
v 590.1580 879.0418 22460.0500
v 590.0350 879.0789 22460.0500
v 590.4084 878.9724 22460.0500
v 590.2849 879.0073 22460.0500
v 590.6600 878.9073 22460.0500
v 590.5358 878.9401 22460.0500
v 590.9127 878.8467 22460.0500
v 590.7880 878.8772 22460.0500
v 591.1664 878.7904 22460.0500
v 591.0411 878.8188 22460.0500
v 591.4210 878.7386 22460.0500
v 591.2953 878.7648 22460.0500
v 591.6766 878.6913 22460.0500
v 591.5504 878.7152 22460.0500
v 591.9329 878.6484 22460.0500
v 591.8063 878.6701 22460.0500
v 592.1899 878.6100 22460.0500
v 592.0629 878.6295 22460.0500
v 592.4475 878.5760 22460.0500
v 592.3203 878.5934 22460.0500
v 592.7057 878.5466 22460.0500
v 592.5781 878.5617 22460.0500
v 592.9644 878.5217 22460.0500
v 592.8365 878.5346 22460.0500
v 593.2234 878.5013 22460.0500
v 593.0954 878.5120 22460.0500
v 593.4828 878.4855 22460.0500
v 593.3546 878.4939 22460.0500
v 593.7424 878.4741 22460.0500
v 593.6141 878.4803 22460.0500
v 594.0022 878.4673 22460.0500
v 593.8738 878.4713 22460.0500
v 594.2620 878.4651 22460.0500
v 594.1336 878.4667 22460.0500
v 594.5219 878.4673 22460.0500
v 594.3934 878.4668 22460.0500
v 594.7816 878.4741 22460.0500
v 594.6533 878.4713 22460.0500
v 595.0413 878.4855 22460.0500
v 594.9129 878.4804 22460.0500
v 595.3007 878.5013 22460.0500
v 595.1724 878.4941 22460.0500
v 595.5597 878.5217 22460.0500
v 595.4316 878.5122 22460.0500
v 595.8184 878.5466 22460.0500
v 595.6905 878.5349 22460.0500
v 596.0765 878.5760 22460.0500
v 595.9489 878.5621 22460.0500
v 596.3342 878.6100 22460.0500
v 596.2068 878.5938 22460.0500
v 596.5912 878.6484 22460.0500
v 596.4641 878.6299 22460.0500
v 596.8475 878.6913 22460.0500
v 596.7207 878.6706 22460.0500
v 597.1030 878.7386 22460.0500
v 596.9766 878.7158 22460.0500
v 597.3577 878.7904 22460.0500
v 597.2317 878.7654 22460.0500
v 597.6113 878.8467 22460.0500
v 597.4858 878.8194 22460.0500
v 597.8640 878.9073 22460.0500
v 597.7390 878.8779 22460.0500
v 598.1156 878.9724 22460.0500
v 597.9911 878.9408 22460.0500
v 598.3660 879.0418 22460.0500
v 598.2421 879.0081 22460.0500
v 598.6152 879.1157 22460.0500
v 598.4919 879.0797 22460.0500
v 598.8630 879.1938 22460.0500
v 598.7404 879.1557 22460.0500
v 599.1094 879.2762 22460.0500
v 598.9875 879.2360 22460.0500
v 599.3544 879.3630 22460.0500
v 599.2332 879.3206 22460.0500
v 599.5978 879.4540 22460.0500
v 599.4773 879.4095 22460.0500
v 599.8396 879.5493 22460.0500
v 599.7198 879.5027 22460.0500
v 600.0797 879.6487 22460.0500
v 599.9608 879.6000 22460.0500
v 600.3180 879.7523 22460.0500
v 600.2000 879.7016 22460.0500
v 600.5544 879.8600 22460.0500
v 600.4373 879.8073 22460.0500
v 600.7890 879.9719 22460.0500
v 600.6728 879.9172 22460.0500
v 601.0215 880.0879 22460.0500
v 600.9064 880.0311 22460.0500
v 601.2520 880.2079 22460.0500
v 601.1379 880.1490 22460.0500
v 601.4804 880.3318 22460.0500
v 601.3672 880.2711 22460.0500
v 601.7065 880.4598 22460.0500
v 601.5945 880.3971 22460.0500
v 601.9305 880.5917 22460.0500
v 601.8195 880.5270 22460.0500
v 602.1520 880.7275 22460.0500
v 602.0422 880.6609 22460.0500
v 602.3712 880.8671 22460.0500
v 602.2626 880.7986 22460.0500
v 602.5879 881.0106 22460.0500
v 602.4805 880.9401 22460.0500
v 602.8021 881.1577 22460.0500
v 602.6959 881.0854 22460.0500
v 603.0136 881.3087 22460.0500
v 602.9088 881.2345 22460.0500
v 603.2225 881.4632 22460.0500
v 603.1190 881.3873 22460.0500
v 603.4286 881.6214 22460.0500
v 603.3264 881.5436 22460.0500
v 603.6320 881.7831 22460.0500
v 603.5312 881.7037 22460.0500
v 603.8326 881.9484 22460.0500
v 603.7331 881.8672 22460.0500
v 604.0302 882.1172 22460.0500
v 603.9321 882.0342 22460.0500
v 604.2248 882.2894 22460.0500
v 604.1282 882.2047 22460.0500
v 604.4164 882.4650 22460.0500
v 604.3213 882.3786 22460.0500
v 604.6049 882.6439 22460.0500
v 604.5113 882.5558 22460.0500
v 604.7902 882.8260 22460.0500
v 604.6982 882.7364 22460.0500
v 604.9724 883.0113 22460.0500
v 604.8819 882.9201 22460.0500
v 605.1512 883.1998 22460.0500
v 605.0624 883.1071 22460.0500
v 605.3268 883.3914 22460.0500
v 605.2396 883.2971 22460.0500
v 605.4990 883.5861 22460.0500
v 605.4135 883.4902 22460.0500
v 605.6677 883.7836 22460.0500
v 605.5839 883.6863 22460.0500
v 605.8330 883.9841 22460.0500
v 605.7509 883.8854 22460.0500
v 605.9948 884.1875 22460.0500
v 605.9144 884.0873 22460.0500
v 606.1530 884.3937 22460.0500
v 606.0743 884.2921 22460.0500
v 606.3076 884.6025 22460.0500
v 606.2307 884.4997 22460.0500
v 606.4584 884.8141 22460.0500
v 606.3834 884.7099 22460.0500
v 606.6057 885.0283 22460.0500
v 606.5324 884.9227 22460.0500
v 606.7491 885.2450 22460.0500
v 606.6777 885.1382 22460.0500
v 606.8887 885.4641 22460.0500
v 606.8192 885.3561 22460.0500
v 607.0245 885.6857 22460.0500
v 606.9569 885.5765 22460.0500
v 607.1564 885.9096 22460.0500
v 607.0907 885.7993 22460.0500
v 607.2843 886.1358 22460.0500
v 607.2206 886.0243 22460.0500
v 607.4083 886.3641 22460.0500
v 607.3466 886.2515 22460.0500
v 607.5283 886.5947 22460.0500
v 607.4685 886.4810 22460.0500
v 607.6443 886.8272 22460.0500
v 607.5864 886.7125 22460.0500
v 607.7561 887.0618 22460.0500
v 607.7003 886.9461 22460.0500
v 607.8639 887.2982 22460.0500
v 607.8101 887.1816 22460.0500
v 607.9675 887.5365 22460.0500
v 607.9158 887.4189 22460.0500
v 608.0670 887.7766 22460.0500
v 608.0173 887.6581 22460.0500
v 608.1622 888.0184 22460.0500
v 608.1146 887.8991 22460.0500
v 608.2532 888.2618 22460.0500
v 608.2077 888.1417 22460.0500
v 608.3400 888.5067 22460.0500
v 608.2965 888.3859 22460.0500
v 608.4224 888.7532 22460.0500
v 608.3811 888.6316 22460.0500
v 608.5005 889.0010 22460.0500
v 608.4614 888.8787 22460.0500
v 608.5743 889.2502 22460.0500
v 608.5374 889.1272 22460.0500
v 608.6438 889.5005 22460.0500
v 608.6089 889.3770 22460.0500
v 608.7089 889.7521 22460.0500
v 608.6761 889.6280 22460.0500
v 608.7695 890.0048 22460.0500
v 608.7390 889.8801 22460.0500
v 608.8257 890.2585 22460.0500
v 608.7974 890.1333 22460.0500
v 608.8776 890.5132 22460.0500
v 608.8514 890.3875 22460.0500
v 608.9249 890.7687 22460.0500
v 608.9009 890.6425 22460.0500
v 608.9678 891.0250 22460.0500
v 608.9460 890.8984 22460.0500
v 609.0062 891.2820 22460.0500
v 608.9867 891.1551 22460.0500
v 609.0402 891.5396 22460.0500
v 609.0228 891.4124 22460.0500
v 609.0696 891.7979 22460.0500
v 609.0544 891.6703 22460.0500
v 609.0945 892.0565 22460.0500
v 609.0816 891.9287 22460.0500
v 609.1149 892.3156 22460.0500
v 609.1042 892.1876 22460.0500
v 609.1307 892.5750 22460.0500
v 609.1223 892.4468 22460.0500
v 609.1420 892.8345 22460.0500
v 609.1359 892.7062 22460.0500
v 609.1489 893.0943 22460.0500
v 609.1449 892.9659 22460.0500
v 609.1494 893.2258 22460.0500
v 609.1511 893.3542 22489.8700
v 609.1489 893.0943 22489.8700
v 609.1505 893.2227 22489.8700
v 609.1420 892.8345 22489.8700
v 609.1460 892.9629 22489.8700
v 609.1307 892.5750 22489.8700
v 609.1369 892.7032 22489.8700
v 609.1149 892.3156 22489.8700
v 609.1232 892.4437 22489.8700
v 609.0945 892.0565 22489.8700
v 609.1051 892.1844 22489.8700
v 609.0696 891.7979 22489.8700
v 609.0825 891.9256 22489.8700
v 609.0402 891.5396 22489.8700
v 609.0552 891.6672 22489.8700
v 609.0062 891.2820 22489.8700
v 609.0236 891.4092 22489.8700
v 608.9678 891.0250 22489.8700
v 608.9874 891.1519 22489.8700
v 608.9249 890.7687 22489.8700
v 608.9467 890.8953 22489.8700
v 608.8776 890.5132 22489.8700
v 608.9016 890.6393 22489.8700
v 608.8257 890.2585 22489.8700
v 608.8519 890.3843 22489.8700
v 608.7695 890.0048 22489.8700
v 608.7979 890.1301 22489.8700
v 608.7089 889.7521 22489.8700
v 608.7394 889.8769 22489.8700
v 608.6438 889.5005 22489.8700
v 608.6765 889.6248 22489.8700
v 608.5743 889.2502 22489.8700
v 608.6092 889.3738 22489.8700
v 608.5005 889.0010 22489.8700
v 608.5375 889.1240 22489.8700
v 608.4224 888.7532 22489.8700
v 608.4615 888.8755 22489.8700
v 608.3400 888.5067 22489.8700
v 608.3812 888.6284 22489.8700
v 608.2532 888.2618 22489.8700
v 608.2966 888.3827 22489.8700
v 608.1622 888.0184 22489.8700
v 608.2077 888.1385 22489.8700
v 608.0670 887.7766 22489.8700
v 608.1146 887.8959 22489.8700
v 607.9675 887.5365 22489.8700
v 608.0172 887.6550 22489.8700
v 607.8639 887.2982 22489.8700
v 607.9156 887.4158 22489.8700
v 607.7561 887.0618 22489.8700
v 607.8099 887.1784 22489.8700
v 607.6443 886.8272 22489.8700
v 607.7001 886.9429 22489.8700
v 607.5283 886.5947 22489.8700
v 607.5861 886.7094 22489.8700
v 607.4083 886.3641 22489.8700
v 607.4681 886.4778 22489.8700
v 607.2843 886.1358 22489.8700
v 607.3461 886.2484 22489.8700
v 607.1564 885.9096 22489.8700
v 607.2201 886.0211 22489.8700
v 607.0245 885.6857 22489.8700
v 607.0901 885.7961 22489.8700
v 606.8887 885.4641 22489.8700
v 606.9563 885.5734 22489.8700
v 606.7491 885.2450 22489.8700
v 606.8185 885.3530 22489.8700
v 606.6057 885.0283 22489.8700
v 606.6770 885.1351 22489.8700
v 606.4584 884.8141 22489.8700
v 606.5317 884.9196 22489.8700
v 606.3076 884.6025 22489.8700
v 606.3826 884.7068 22489.8700
v 606.1530 884.3937 22489.8700
v 606.2299 884.4966 22489.8700
v 605.9948 884.1875 22489.8700
v 606.0734 884.2891 22489.8700
v 605.8330 883.9841 22489.8700
v 605.9134 884.0843 22489.8700
v 605.6677 883.7836 22489.8700
v 605.7499 883.8824 22489.8700
v 605.4990 883.5861 22489.8700
v 605.5828 883.6833 22489.8700
v 605.3268 883.3914 22489.8700
v 605.4123 883.4872 22489.8700
v 605.1512 883.1998 22489.8700
v 605.2384 883.2941 22489.8700
v 604.9724 883.0113 22489.8700
v 605.0612 883.1041 22489.8700
v 604.7902 882.8260 22489.8700
v 604.8806 882.9172 22489.8700
v 604.6049 882.6439 22489.8700
v 604.6968 882.7335 22489.8700
v 604.4164 882.4650 22489.8700
v 604.5099 882.5530 22489.8700
v 604.2248 882.2894 22489.8700
v 604.3198 882.3757 22489.8700
v 604.0302 882.1172 22489.8700
v 604.1267 882.2019 22489.8700
v 603.8326 881.9484 22489.8700
v 603.9306 882.0314 22489.8700
v 603.6320 881.7831 22489.8700
v 603.7315 881.8644 22489.8700
v 603.4286 881.6214 22489.8700
v 603.5295 881.7009 22489.8700
v 603.2225 881.4632 22489.8700
v 603.3248 881.5410 22489.8700
v 603.0136 881.3087 22489.8700
v 603.1172 881.3846 22489.8700
v 602.8021 881.1577 22489.8700
v 602.9069 881.2318 22489.8700
v 602.5879 881.0106 22489.8700
v 602.6941 881.0828 22489.8700
v 602.3712 880.8671 22489.8700
v 602.4786 880.9375 22489.8700
v 602.1520 880.7275 22489.8700
v 602.2607 880.7960 22489.8700
v 601.9305 880.5917 22489.8700
v 602.0403 880.6583 22489.8700
v 601.7065 880.4598 22489.8700
v 601.8175 880.5245 22489.8700
v 601.4804 880.3318 22489.8700
v 601.5925 880.3946 22489.8700
v 601.2520 880.2079 22489.8700
v 601.3652 880.2687 22489.8700
v 601.0215 880.0879 22489.8700
v 601.1357 880.1467 22489.8700
v 600.7890 879.9719 22489.8700
v 600.9042 880.0287 22489.8700
v 600.5544 879.8600 22489.8700
v 600.6706 879.9149 22489.8700
v 600.3180 879.7523 22489.8700
v 600.4351 879.8051 22489.8700
v 600.0797 879.6487 22489.8700
v 600.1976 879.6993 22489.8700
v 599.8396 879.5493 22489.8700
v 599.9584 879.5978 22489.8700
v 599.5978 879.4540 22489.8700
v 599.7175 879.5005 22489.8700
v 599.3544 879.3630 22489.8700
v 599.4749 879.4074 22489.8700
v 599.1094 879.2762 22489.8700
v 599.2307 879.3186 22489.8700
v 598.8630 879.1938 22489.8700
v 598.9850 879.2340 22489.8700
v 598.6152 879.1157 22489.8700
v 598.7379 879.1537 22489.8700
v 598.3660 879.0418 22489.8700
v 598.4893 879.0778 22489.8700
v 598.1156 878.9724 22489.8700
v 598.2395 879.0062 22489.8700
v 597.8640 878.9073 22489.8700
v 597.9885 878.9390 22489.8700
v 597.6113 878.8467 22489.8700
v 597.7363 878.8761 22489.8700
v 597.3577 878.7904 22489.8700
v 597.4832 878.8177 22489.8700
v 597.1030 878.7386 22489.8700
v 597.2289 878.7637 22489.8700
v 596.8475 878.6913 22489.8700
v 596.9739 878.7141 22489.8700
v 596.5912 878.6484 22489.8700
v 596.7180 878.6690 22489.8700
v 596.3342 878.6100 22489.8700
v 596.4613 878.6284 22489.8700
v 596.0765 878.5760 22489.8700
v 596.2040 878.5922 22489.8700
v 595.8184 878.5466 22489.8700
v 595.9460 878.5606 22489.8700
v 595.5597 878.5217 22489.8700
v 595.6876 878.5334 22489.8700
v 595.3007 878.5013 22489.8700
v 595.4287 878.5109 22489.8700
v 595.0413 878.4855 22489.8700
v 595.1695 878.4927 22489.8700
v 594.7816 878.4741 22489.8700
v 594.9100 878.4792 22489.8700
v 594.5219 878.4673 22489.8700
v 594.6503 878.4701 22489.8700
v 594.2620 878.4651 22489.8700
v 594.3904 878.4656 22489.8700
v 594.0022 878.4673 22489.8700
v 594.1306 878.4656 22489.8700
v 593.7424 878.4741 22489.8700
v 593.8708 878.4702 22489.8700
v 593.4828 878.4855 22489.8700
v 593.6111 878.4793 22489.8700
v 593.2234 878.5013 22489.8700
v 593.3516 878.4929 22489.8700
v 592.9644 878.5217 22489.8700
v 593.0923 878.5110 22489.8700
v 592.7057 878.5466 22489.8700
v 592.8335 878.5338 22489.8700
v 592.4475 878.5760 22489.8700
v 592.5750 878.5609 22489.8700
v 592.1899 878.6100 22489.8700
v 592.3171 878.5927 22489.8700
v 591.9329 878.6484 22489.8700
v 592.0598 878.6288 22489.8700
v 591.6766 878.6913 22489.8700
v 591.8031 878.6695 22489.8700
v 591.4210 878.7386 22489.8700
v 591.5472 878.7147 22489.8700
v 591.1664 878.7904 22489.8700
v 591.2921 878.7643 22489.8700
v 590.9127 878.8467 22489.8700
v 591.0380 878.8183 22489.8700
v 590.6600 878.9073 22489.8700
v 590.7848 878.8768 22489.8700
v 590.4084 878.9724 22489.8700
v 590.5327 878.9397 22489.8700
v 590.1580 879.0418 22489.8700
v 590.2816 879.0070 22489.8700
v 589.9089 879.1157 22489.8700
v 590.0319 879.0786 22489.8700
v 589.6610 879.1938 22489.8700
v 589.7833 879.1546 22489.8700
v 589.4146 879.2762 22489.8700
v 589.5362 879.2349 22489.8700
v 589.1697 879.3630 22489.8700
v 589.2905 879.3196 22489.8700
v 588.9263 879.4540 22489.8700
v 589.0463 879.4085 22489.8700
v 588.6844 879.5493 22489.8700
v 588.8038 879.5016 22489.8700
v 588.4444 879.6487 22489.8700
v 588.5628 879.5990 22489.8700
v 588.2061 879.7523 22489.8700
v 588.3236 879.7006 22489.8700
v 587.9696 879.8600 22489.8700
v 588.0862 879.8063 22489.8700
v 587.7350 879.9719 22489.8700
v 587.8508 879.9161 22489.8700
v 587.5025 880.0879 22489.8700
v 587.6172 880.0301 22489.8700
v 587.2720 880.2079 22489.8700
v 587.3857 880.1481 22489.8700
v 587.0436 880.3318 22489.8700
v 587.1562 880.2701 22489.8700
v 586.8174 880.4598 22489.8700
v 586.9290 880.3961 22489.8700
v 586.5936 880.5917 22489.8700
v 586.7039 880.5261 22489.8700
v 586.3720 880.7275 22489.8700
v 586.4812 880.6599 22489.8700
v 586.1528 880.8671 22489.8700
v 586.2609 880.7976 22489.8700
v 585.9362 881.0106 22489.8700
v 586.0429 880.9392 22489.8700
v 585.7220 881.1577 22489.8700
v 585.8275 881.0845 22489.8700
v 585.5104 881.3087 22489.8700
v 585.6147 881.2336 22489.8700
v 585.3015 881.4632 22489.8700
v 585.4044 881.3864 22489.8700
v 585.0954 881.6214 22489.8700
v 585.1969 881.5428 22489.8700
v 584.8920 881.7831 22489.8700
v 584.9922 881.7028 22489.8700
v 584.6915 881.9484 22489.8700
v 584.7902 881.8663 22489.8700
v 584.4939 882.1172 22489.8700
v 584.5912 882.0334 22489.8700
v 584.2993 882.2894 22489.8700
v 584.3951 882.2039 22489.8700
v 584.1077 882.4650 22489.8700
v 584.2020 882.3778 22489.8700
v 583.9192 882.6439 22489.8700
v 584.0120 882.5550 22489.8700
v 583.7338 882.8260 22489.8700
v 583.8251 882.7355 22489.8700
v 583.5517 883.0113 22489.8700
v 583.6413 882.9193 22489.8700
v 583.3728 883.1998 22489.8700
v 583.4608 883.1063 22489.8700
v 583.1973 883.3914 22489.8700
v 583.2836 883.2963 22489.8700
v 583.0251 883.5861 22489.8700
v 583.1097 883.4894 22489.8700
v 582.8563 883.7836 22489.8700
v 582.9393 883.6856 22489.8700
v 582.6910 883.9841 22489.8700
v 582.7723 883.8847 22489.8700
v 582.5292 884.1875 22489.8700
v 582.6088 884.0867 22489.8700
v 582.3710 884.3937 22489.8700
v 582.4488 884.2914 22489.8700
v 582.2165 884.6025 22489.8700
v 582.2924 884.4990 22489.8700
v 582.0656 884.8141 22489.8700
v 582.1397 884.7092 22489.8700
v 581.9184 885.0283 22489.8700
v 581.9907 884.9221 22489.8700
v 581.7750 885.2450 22489.8700
v 581.8454 885.1376 22489.8700
v 581.6354 885.4641 22489.8700
v 581.7039 885.3555 22489.8700
v 581.4996 885.6857 22489.8700
v 581.5662 885.5759 22489.8700
v 581.3677 885.9096 22489.8700
v 581.4324 885.7986 22489.8700
v 581.2397 886.1358 22489.8700
v 581.3025 886.0237 22489.8700
v 581.1157 886.3641 22489.8700
v 581.1765 886.2510 22489.8700
v 580.9957 886.5947 22489.8700
v 581.0546 886.4805 22489.8700
v 580.8798 886.8272 22489.8700
v 580.9366 886.7120 22489.8700
v 580.7679 887.0618 22489.8700
v 580.8227 886.9456 22489.8700
v 580.6602 887.2982 22489.8700
v 580.7129 887.1811 22489.8700
v 580.5565 887.5365 22489.8700
v 580.6072 887.4185 22489.8700
v 580.4571 887.7766 22489.8700
v 580.5057 887.6577 22489.8700
v 580.3619 888.0184 22489.8700
v 580.4084 887.8987 22489.8700
v 580.2709 888.2618 22489.8700
v 580.3153 888.1413 22489.8700
v 580.1841 888.5067 22489.8700
v 580.2264 888.3855 22489.8700
v 580.1016 888.7532 22489.8700
v 580.1418 888.6312 22489.8700
v 580.0235 889.0010 22489.8700
v 580.0616 888.8784 22489.8700
v 579.9497 889.2502 22489.8700
v 579.9857 889.1269 22489.8700
v 579.8802 889.5005 22489.8700
v 579.9140 889.3766 22489.8700
v 579.8152 889.7521 22489.8700
v 579.8468 889.6277 22489.8700
v 579.7545 890.0048 22489.8700
v 579.7839 889.8798 22489.8700
v 579.6983 890.2585 22489.8700
v 579.7255 890.1331 22489.8700
v 579.6465 890.5132 22489.8700
v 579.6715 890.3872 22489.8700
v 579.5991 890.7687 22489.8700
v 579.6219 890.6423 22489.8700
v 579.5562 891.0250 22489.8700
v 579.5768 890.8983 22489.8700
v 579.5178 891.2820 22489.8700
v 579.5363 891.1549 22489.8700
v 579.4839 891.5396 22489.8700
v 579.5001 891.4122 22489.8700
v 579.4545 891.7979 22489.8700
v 579.4684 891.6702 22489.8700
v 579.4296 892.0565 22489.8700
v 579.4413 891.9286 22489.8700
v 579.4092 892.3156 22489.8700
v 579.4187 892.1875 22489.8700
v 579.3933 892.5750 22489.8700
v 579.4006 892.4467 22489.8700
v 579.3820 892.8345 22489.8700
v 579.3870 892.7062 22489.8700
v 579.3752 893.0943 22489.8700
v 579.3780 892.9659 22489.8700
v 579.3729 893.3542 22489.8700
v 579.3735 893.2257 22489.8700
v 579.3752 893.6140 22489.8700
v 579.3735 893.4856 22489.8700
v 579.3820 893.8738 22489.8700
v 579.3781 893.7454 22489.8700
v 579.3933 894.1334 22489.8700
v 579.3871 894.0051 22489.8700
v 579.4092 894.3928 22489.8700
v 579.4008 894.2646 22489.8700
v 579.4296 894.6519 22489.8700
v 579.4189 894.5239 22489.8700
v 579.4545 894.9105 22489.8700
v 579.4416 894.7827 22489.8700
v 579.4839 895.1687 22489.8700
v 579.4688 895.0411 22489.8700
v 579.5178 895.4263 22489.8700
v 579.5005 895.2991 22489.8700
v 579.5562 895.6833 22489.8700
v 579.5367 895.5564 22489.8700
v 579.5991 895.9396 22489.8700
v 579.5774 895.8130 22489.8700
v 579.6465 896.1951 22489.8700
v 579.6225 896.0690 22489.8700
v 579.6983 896.4498 22489.8700
v 579.6721 896.3240 22489.8700
v 579.7545 896.7035 22489.8700
v 579.7262 896.5782 22489.8700
v 579.8152 896.9562 22489.8700
v 579.7847 896.8314 22489.8700
v 579.8802 897.2078 22489.8700
v 579.8475 897.0836 22489.8700
v 579.9497 897.4581 22489.8700
v 579.9149 897.3345 22489.8700
v 580.0235 897.7073 22489.8700
v 579.9865 897.5844 22489.8700
v 580.1016 897.9551 22489.8700
v 580.0625 897.8328 22489.8700
v 580.1841 898.2016 22489.8700
v 580.1428 898.0800 22489.8700
v 580.2709 898.4465 22489.8700
v 580.2274 898.3257 22489.8700
v 580.3619 898.6899 22489.8700
v 580.3163 898.5698 22489.8700
v 580.4571 898.9317 22489.8700
v 580.4095 898.8124 22489.8700
v 580.5565 899.1718 22489.8700
v 580.5068 899.0533 22489.8700
v 580.6602 899.4101 22489.8700
v 580.6084 899.2925 22489.8700
v 580.7679 899.6465 22489.8700
v 580.7141 899.5299 22489.8700
v 580.8798 899.8811 22489.8700
v 580.8240 899.7654 22489.8700
v 580.9957 900.1136 22489.8700
v 580.9379 899.9990 22489.8700
v 581.1157 900.3442 22489.8700
v 581.0559 900.2305 22489.8700
v 581.2397 900.5725 22489.8700
v 581.1779 900.4600 22489.8700
v 581.3677 900.7987 22489.8700
v 581.3040 900.6872 22489.8700
v 581.4996 901.0226 22489.8700
v 581.4339 900.9122 22489.8700
v 581.6354 901.2442 22489.8700
v 581.5677 901.1349 22489.8700
v 581.7750 901.4633 22489.8700
v 581.7055 901.3553 22489.8700
v 581.9184 901.6801 22489.8700
v 581.8470 901.5732 22489.8700
v 582.0656 901.8942 22489.8700
v 581.9924 901.7887 22489.8700
v 582.2165 902.1058 22489.8700
v 582.1414 902.0015 22489.8700
v 582.3710 902.3146 22489.8700
v 582.2942 902.2117 22489.8700
v 582.5292 902.5208 22489.8700
v 582.4506 902.4193 22489.8700
v 582.6910 902.7242 22489.8700
v 582.6106 902.6240 22489.8700
v 582.8563 902.9247 22489.8700
v 582.7742 902.8259 22489.8700
v 583.0251 903.1223 22489.8700
v 582.9412 903.0250 22489.8700
v 583.1973 903.3169 22489.8700
v 583.1118 903.2211 22489.8700
v 583.3728 903.5085 22489.8700
v 583.2856 903.4142 22489.8700
v 583.5517 903.6970 22489.8700
v 583.4629 903.6042 22489.8700
v 583.7338 903.8823 22489.8700
v 583.6434 903.7911 22489.8700
v 583.9192 904.0645 22489.8700
v 583.8272 903.9749 22489.8700
v 584.1077 904.2433 22489.8700
v 584.0142 904.1553 22489.8700
v 584.2993 904.4189 22489.8700
v 584.2042 904.3326 22489.8700
v 584.4939 904.5911 22489.8700
v 584.3973 904.5064 22489.8700
v 584.6915 904.7599 22489.8700
v 584.5934 904.6769 22489.8700
v 584.8920 904.9252 22489.8700
v 584.7925 904.8439 22489.8700
v 585.0954 905.0869 22489.8700
v 584.9945 905.0074 22489.8700
v 585.3015 905.2451 22489.8700
v 585.1993 905.1674 22489.8700
v 585.5104 905.3997 22489.8700
v 585.4069 905.3237 22489.8700
v 585.7220 905.5506 22489.8700
v 585.6171 905.4765 22489.8700
v 585.9362 905.6978 22489.8700
v 585.8300 905.6255 22489.8700
v 586.1528 905.8412 22489.8700
v 586.0454 905.7708 22489.8700
v 586.3720 905.9808 22489.8700
v 586.2634 905.9123 22489.8700
v 586.5936 906.1166 22489.8700
v 586.4838 906.0500 22489.8700
v 586.8174 906.2485 22489.8700
v 586.7065 906.1838 22489.8700
v 587.0436 906.3765 22489.8700
v 586.9316 906.3137 22489.8700
v 587.2720 906.5004 22489.8700
v 587.1589 906.4397 22489.8700
v 587.5025 906.6204 22489.8700
v 587.3883 906.5616 22489.8700
v 587.7350 906.7364 22489.8700
v 587.6199 906.6796 22489.8700
v 587.9696 906.8483 22489.8700
v 587.8535 906.7935 22489.8700
v 588.2061 906.9561 22489.8700
v 588.0890 906.9033 22489.8700
v 588.4444 907.0596 22489.8700
v 588.3264 907.0090 22489.8700
v 588.6844 907.1591 22489.8700
v 588.5656 907.1105 22489.8700
v 588.9263 907.2543 22489.8700
v 588.8065 907.2078 22489.8700
v 589.1697 907.3453 22489.8700
v 589.0491 907.3009 22489.8700
v 589.4146 907.4321 22489.8700
v 589.2933 907.3898 22489.8700
v 589.6610 907.5145 22489.8700
v 589.5391 907.4743 22489.8700
v 589.9089 907.5927 22489.8700
v 589.7862 907.5546 22489.8700
v 590.1580 907.6665 22489.8700
v 590.0347 907.6306 22489.8700
v 590.4084 907.7359 22489.8700
v 590.2845 907.7021 22489.8700
v 590.6600 907.8010 22489.8700
v 590.5355 907.7694 22489.8700
v 590.9127 907.8616 22489.8700
v 590.7877 907.8322 22489.8700
v 591.1664 907.9179 22489.8700
v 591.0409 907.8906 22489.8700
v 591.4210 907.9697 22489.8700
v 591.2951 907.9446 22489.8700
v 591.6766 908.0171 22489.8700
v 591.5502 907.9942 22489.8700
v 591.9329 908.0599 22489.8700
v 591.8061 908.0393 22489.8700
v 592.1899 908.0984 22489.8700
v 592.0627 908.0800 22489.8700
v 592.4475 908.1323 22489.8700
v 592.3201 908.1161 22489.8700
v 592.7057 908.1617 22489.8700
v 592.5780 908.1477 22489.8700
v 592.9644 908.1866 22489.8700
v 592.8365 908.1749 22489.8700
v 593.2234 908.2070 22489.8700
v 593.0953 908.1975 22489.8700
v 593.4828 908.2228 22489.8700
v 593.3546 908.2156 22489.8700
v 593.7424 908.2342 22489.8700
v 593.6141 908.2291 22489.8700
v 594.0022 908.2410 22489.8700
v 593.8738 908.2382 22489.8700
v 594.2620 908.2433 22489.8700
v 594.1336 908.2427 22489.8700
v 594.5219 908.2410 22489.8700
v 594.3934 908.2427 22489.8700
v 594.7816 908.2342 22489.8700
v 594.6533 908.2381 22489.8700
v 595.0413 908.2228 22489.8700
v 594.9130 908.2290 22489.8700
v 595.3007 908.2070 22489.8700
v 595.1725 908.2154 22489.8700
v 595.5597 908.1866 22489.8700
v 595.4317 908.1973 22489.8700
v 595.8184 908.1617 22489.8700
v 595.6906 908.1746 22489.8700
v 596.0765 908.1323 22489.8700
v 595.9490 908.1474 22489.8700
v 596.3342 908.0984 22489.8700
v 596.2069 908.1157 22489.8700
v 596.5912 908.0599 22489.8700
v 596.4642 908.0795 22489.8700
v 596.8475 908.0171 22489.8700
v 596.7209 908.0388 22489.8700
v 597.1030 907.9697 22489.8700
v 596.9768 907.9937 22489.8700
v 597.3577 907.9179 22489.8700
v 597.2319 907.9440 22489.8700
v 597.6113 907.8616 22489.8700
v 597.4861 907.8900 22489.8700
v 597.8640 907.8010 22489.8700
v 597.7393 907.8315 22489.8700
v 598.1156 907.7359 22489.8700
v 597.9914 907.7686 22489.8700
v 598.3660 907.6665 22489.8700
v 598.2424 907.7014 22489.8700
v 598.6152 907.5927 22489.8700
v 598.4922 907.6297 22489.8700
v 598.8630 907.5145 22489.8700
v 598.7407 907.5537 22489.8700
v 599.1094 907.4321 22489.8700
v 598.9879 907.4734 22489.8700
v 599.3544 907.3453 22489.8700
v 599.2335 907.3887 22489.8700
v 599.5978 907.2543 22489.8700
v 599.4777 907.2999 22489.8700
v 599.8396 907.1591 22489.8700
v 599.7203 907.2067 22489.8700
v 600.0797 907.0596 22489.8700
v 599.9612 907.1093 22489.8700
v 600.3180 906.9561 22489.8700
v 600.2004 907.0078 22489.8700
v 600.5544 906.8483 22489.8700
v 600.4378 906.9020 22489.8700
v 600.7890 906.7364 22489.8700
v 600.6733 906.7922 22489.8700
v 601.0215 906.6204 22489.8700
v 600.9069 906.6783 22489.8700
v 601.2520 906.5004 22489.8700
v 601.1384 906.5602 22489.8700
v 601.4804 906.3765 22489.8700
v 601.3678 906.4382 22489.8700
v 601.7065 906.2485 22489.8700
v 601.5951 906.3123 22489.8700
v 601.9305 906.1166 22489.8700
v 601.8201 906.1823 22489.8700
v 602.1520 905.9808 22489.8700
v 602.0428 906.0484 22489.8700
v 602.3712 905.8412 22489.8700
v 602.2632 905.9107 22489.8700
v 602.5879 905.6978 22489.8700
v 602.4811 905.7692 22489.8700
v 602.8021 905.5506 22489.8700
v 602.6965 905.6238 22489.8700
v 603.0136 905.3997 22489.8700
v 602.9094 905.4747 22489.8700
v 603.2225 905.2451 22489.8700
v 603.1196 905.3220 22489.8700
v 603.4286 905.0869 22489.8700
v 603.3271 905.1656 22489.8700
v 603.6320 904.9252 22489.8700
v 603.5319 905.0056 22489.8700
v 603.8326 904.7599 22489.8700
v 603.7338 904.8420 22489.8700
v 604.0302 904.5911 22489.8700
v 603.9329 904.6749 22489.8700
v 604.2248 904.4189 22489.8700
v 604.1290 904.5045 22489.8700
v 604.4164 904.2433 22489.8700
v 604.3221 904.3306 22489.8700
v 604.6049 904.0645 22489.8700
v 604.5121 904.1533 22489.8700
v 604.7902 903.8823 22489.8700
v 604.6990 903.9728 22489.8700
v 604.9724 903.6970 22489.8700
v 604.8828 903.7890 22489.8700
v 605.1512 903.5085 22489.8700
v 605.0632 903.6021 22489.8700
v 605.3268 903.3169 22489.8700
v 605.2404 903.4120 22489.8700
v 605.4990 903.1223 22489.8700
v 605.4143 903.2189 22489.8700
v 605.6677 902.9247 22489.8700
v 605.5848 903.0227 22489.8700
v 605.8330 902.7242 22489.8700
v 605.7518 902.8236 22489.8700
v 605.9948 902.5208 22489.8700
v 605.9153 902.6216 22489.8700
v 606.1530 902.3146 22489.8700
v 606.0753 902.4169 22489.8700
v 606.3076 902.1058 22489.8700
v 606.2316 902.2094 22489.8700
v 606.4584 901.8942 22489.8700
v 606.3843 901.9991 22489.8700
v 606.6057 901.6801 22489.8700
v 606.5334 901.7862 22489.8700
v 606.7491 901.4633 22489.8700
v 606.6786 901.5707 22489.8700
v 606.8887 901.2442 22489.8700
v 606.8202 901.3528 22489.8700
v 607.0245 901.0226 22489.8700
v 606.9578 901.1324 22489.8700
v 607.1564 900.7987 22489.8700
v 607.0917 900.9097 22489.8700
v 607.2843 900.5725 22489.8700
v 607.2216 900.6846 22489.8700
v 607.4083 900.3442 22489.8700
v 607.3475 900.4573 22489.8700
v 607.5283 900.1136 22489.8700
v 607.4695 900.2278 22489.8700
v 607.6443 899.8811 22489.8700
v 607.5875 899.9963 22489.8700
v 607.7561 899.6465 22489.8700
v 607.7014 899.7628 22489.8700
v 607.8639 899.4101 22489.8700
v 607.8112 899.5272 22489.8700
v 607.9675 899.1718 22489.8700
v 607.9168 899.2898 22489.8700
v 608.0670 898.9317 22489.8700
v 608.0183 899.0506 22489.8700
v 608.1622 898.6899 22489.8700
v 608.1157 898.8096 22489.8700
v 608.2532 898.4465 22489.8700
v 608.2087 898.5670 22489.8700
v 608.3400 898.2016 22489.8700
v 608.2976 898.3228 22489.8700
v 608.4224 897.9551 22489.8700
v 608.3822 898.0771 22489.8700
v 608.5005 897.7073 22489.8700
v 608.4625 897.8300 22489.8700
v 608.5743 897.4581 22489.8700
v 608.5384 897.5815 22489.8700
v 608.6438 897.2078 22489.8700
v 608.6100 897.3317 22489.8700
v 608.7089 896.9562 22489.8700
v 608.6772 897.0806 22489.8700
v 608.7695 896.7035 22489.8700
v 608.7401 896.8285 22489.8700
v 608.8257 896.4498 22489.8700
v 608.7985 896.5753 22489.8700
v 608.8776 896.1951 22489.8700
v 608.8525 896.3211 22489.8700
v 608.9249 895.9396 22489.8700
v 608.9021 896.0660 22489.8700
v 608.9678 895.6833 22489.8700
v 608.9472 895.8101 22489.8700
v 609.0062 895.4263 22489.8700
v 608.9878 895.5534 22489.8700
v 609.0402 895.1687 22489.8700
v 609.0239 895.2961 22489.8700
v 609.0696 894.9105 22489.8700
v 609.0556 895.0381 22489.8700
v 609.0945 894.6519 22489.8700
v 609.0827 894.7797 22489.8700
v 609.1149 894.3928 22489.8700
v 609.1053 894.5209 22489.8700
v 609.1307 894.1334 22489.8700
v 609.1234 894.2616 22489.8700
v 609.1420 893.8738 22489.8700
v 609.1370 894.0021 22489.8700
v 609.1489 893.6140 22489.8700
v 609.1461 893.7424 22489.8700
v 609.1506 893.4826 22489.8700
v 609.1511 893.3542 22475.1900
v 604.7902 882.8260 22475.1900
v 594.2620 878.4651 22475.1900
v 583.7338 882.8260 22475.1900
v 579.3729 893.3542 22475.1900
v 583.7338 903.8823 22475.1900
v 594.2620 908.2433 22475.1900
v 604.7902 903.8823 22475.1900
v 162.4781 893.3542 22460.0500
v 162.4758 893.6140 22460.0500
v 162.4764 893.4856 22460.0500
v 162.4690 893.8738 22460.0500
v 162.4718 893.7454 22460.0500
v 162.4577 894.1334 22460.0500
v 162.4627 894.0051 22460.0500
v 162.4418 894.3928 22460.0500
v 162.4491 894.2645 22460.0500
v 162.4215 894.6519 22460.0500
v 162.4310 894.5237 22460.0500
v 162.3965 894.9105 22460.0500
v 162.4083 894.7826 22460.0500
v 162.3671 895.1687 22460.0500
v 162.3811 895.0410 22460.0500
v 162.3332 895.4263 22460.0500
v 162.3494 895.2989 22460.0500
v 162.2948 895.6833 22460.0500
v 162.3132 895.5562 22460.0500
v 162.2519 895.9396 22460.0500
v 162.2726 895.8129 22460.0500
v 162.2046 896.1951 22460.0500
v 162.2274 896.0687 22460.0500
v 162.1528 896.4498 22460.0500
v 162.1778 896.3238 22460.0500
v 162.0965 896.7035 22460.0500
v 162.1237 896.5779 22460.0500
v 162.0358 896.9562 22460.0500
v 162.0653 896.8312 22460.0500
v 161.9708 897.2078 22460.0500
v 162.0024 897.0833 22460.0500
v 161.9013 897.4581 22460.0500
v 161.9351 897.3342 22460.0500
v 161.8275 897.7073 22460.0500
v 161.8635 897.5840 22460.0500
v 161.7494 897.9551 22460.0500
v 161.7875 897.8325 22460.0500
v 161.6669 898.2016 22460.0500
v 161.7072 898.0796 22460.0500
v 161.5802 898.4465 22460.0500
v 161.6225 898.3253 22460.0500
v 161.4892 898.6899 22460.0500
v 161.5336 898.5695 22460.0500
v 161.3940 898.9317 22460.0500
v 161.4405 898.8120 22460.0500
v 161.2945 899.1718 22460.0500
v 161.3431 899.0529 22460.0500
v 161.1909 899.4101 22460.0500
v 161.2416 899.2921 22460.0500
v 161.0831 899.6465 22460.0500
v 161.1359 899.5295 22460.0500
v 160.9713 899.8811 22460.0500
v 161.0260 899.7650 22460.0500
v 160.8553 900.1136 22460.0500
v 160.9121 899.9985 22460.0500
v 160.7353 900.3442 22460.0500
v 160.7941 900.2300 22460.0500
v 160.6113 900.5725 22460.0500
v 160.6721 900.4594 22460.0500
v 160.4834 900.7987 22460.0500
v 160.5461 900.6866 22460.0500
v 160.3515 901.0226 22460.0500
v 160.4162 900.9117 22460.0500
v 160.2157 901.2442 22460.0500
v 160.2823 901.1344 22460.0500
v 160.0761 901.4633 22460.0500
v 160.1446 901.3547 22460.0500
v 159.9326 901.6801 22460.0500
v 160.0031 901.5726 22460.0500
v 159.7854 901.8942 22460.0500
v 159.8577 901.7880 22460.0500
v 159.6346 902.1058 22460.0500
v 159.7087 902.0009 22460.0500
v 159.4800 902.3146 22460.0500
v 159.5559 902.2111 22460.0500
v 159.3218 902.5208 22460.0500
v 159.3995 902.4186 22460.0500
v 159.1600 902.7242 22460.0500
v 159.2395 902.6233 22460.0500
v 158.9947 902.9247 22460.0500
v 159.0760 902.8253 22460.0500
v 158.8260 903.1223 22460.0500
v 158.9089 903.0243 22460.0500
v 158.6538 903.3169 22460.0500
v 158.7384 903.2203 22460.0500
v 158.4782 903.5085 22460.0500
v 158.5646 903.4135 22460.0500
v 158.2993 903.6970 22460.0500
v 158.3873 903.6035 22460.0500
v 158.1172 903.8823 22460.0500
v 158.2068 903.7903 22460.0500
v 157.9319 904.0645 22460.0500
v 158.0231 903.9741 22460.0500
v 157.7434 904.2433 22460.0500
v 157.8361 904.1545 22460.0500
v 157.5518 904.4189 22460.0500
v 157.6461 904.3317 22460.0500
v 157.3571 904.5911 22460.0500
v 157.4530 904.5056 22460.0500
v 157.1595 904.7599 22460.0500
v 157.2568 904.6760 22460.0500
v 156.9590 904.9252 22460.0500
v 157.0578 904.8430 22460.0500
v 156.7557 905.0869 22460.0500
v 156.8558 905.0065 22460.0500
v 156.5495 905.2451 22460.0500
v 156.6510 905.1665 22460.0500
v 156.3406 905.3997 22460.0500
v 156.4435 905.3229 22460.0500
v 156.1291 905.5506 22460.0500
v 156.2333 905.4756 22460.0500
v 155.9149 905.6978 22460.0500
v 156.0204 905.6246 22460.0500
v 155.6982 905.8412 22460.0500
v 155.8050 905.7698 22460.0500
v 155.4790 905.9808 22460.0500
v 155.5871 905.9114 22460.0500
v 155.2575 906.1166 22460.0500
v 155.3667 906.0490 22460.0500
v 155.0336 906.2485 22460.0500
v 155.1439 906.1828 22460.0500
v 154.8074 906.3765 22460.0500
v 154.9189 906.3127 22460.0500
v 154.5790 906.5004 22460.0500
v 154.6916 906.4387 22460.0500
v 154.3485 906.6204 22460.0500
v 154.4622 906.5607 22460.0500
v 154.1160 906.7364 22460.0500
v 154.2307 906.6786 22460.0500
v 153.8814 906.8483 22460.0500
v 153.9971 906.7925 22460.0500
v 153.6450 906.9561 22460.0500
v 153.7616 906.9023 22460.0500
v 153.4066 907.0596 22460.0500
v 153.5242 907.0079 22460.0500
v 153.1666 907.1591 22460.0500
v 153.2850 907.1094 22460.0500
v 152.9248 907.2543 22460.0500
v 153.0441 907.2067 22460.0500
v 152.6814 907.3453 22460.0500
v 152.8015 907.2998 22460.0500
v 152.4364 907.4321 22460.0500
v 152.5573 907.3887 22460.0500
v 152.1900 907.5145 22460.0500
v 152.3116 907.4733 22460.0500
v 151.9422 907.5927 22460.0500
v 152.0645 907.5535 22460.0500
v 151.6930 907.6665 22460.0500
v 151.8160 907.6295 22460.0500
v 151.4426 907.7359 22460.0500
v 151.5662 907.7010 22460.0500
v 151.1910 907.8010 22460.0500
v 151.3152 907.7683 22460.0500
v 150.9383 907.8616 22460.0500
v 151.0631 907.8311 22460.0500
v 150.6846 907.9179 22460.0500
v 150.8099 907.8895 22460.0500
v 150.4300 907.9697 22460.0500
v 150.5557 907.9435 22460.0500
v 150.1745 908.0171 22460.0500
v 150.3007 907.9931 22460.0500
v 149.9182 908.0599 22460.0500
v 150.0448 908.0382 22460.0500
v 149.6612 908.0984 22460.0500
v 149.7881 908.0788 22460.0500
v 149.4035 908.1323 22460.0500
v 149.5308 908.1149 22460.0500
v 149.1454 908.1617 22460.0500
v 149.2729 908.1466 22460.0500
v 148.8867 908.1866 22460.0500
v 149.0145 908.1737 22460.0500
v 148.6276 908.2070 22460.0500
v 148.7556 908.1964 22460.0500
v 148.3683 908.2228 22460.0500
v 148.4964 908.2145 22460.0500
v 148.1086 908.2342 22460.0500
v 148.2369 908.2280 22460.0500
v 147.8489 908.2410 22460.0500
v 147.9772 908.2371 22460.0500
v 147.5890 908.2433 22460.0500
v 147.7174 908.2416 22460.0500
v 147.3292 908.2410 22460.0500
v 147.4576 908.2415 22460.0500
v 147.0694 908.2342 22460.0500
v 147.1978 908.2370 22460.0500
v 146.8098 908.2228 22460.0500
v 146.9381 908.2279 22460.0500
v 146.5504 908.2070 22460.0500
v 146.6786 908.2143 22460.0500
v 146.2914 908.1866 22460.0500
v 146.4194 908.1961 22460.0500
v 146.0327 908.1617 22460.0500
v 146.1606 908.1735 22460.0500
v 145.7745 908.1323 22460.0500
v 145.9022 908.1462 22460.0500
v 145.5168 908.0984 22460.0500
v 145.6443 908.1146 22460.0500
v 145.2598 908.0599 22460.0500
v 145.3869 908.0784 22460.0500
v 145.0036 908.0171 22460.0500
v 145.1303 908.0377 22460.0500
v 144.7480 907.9697 22460.0500
v 144.8744 907.9926 22460.0500
v 144.4934 907.9179 22460.0500
v 144.6194 907.9429 22460.0500
v 144.2397 907.8616 22460.0500
v 144.3652 907.8889 22460.0500
v 143.9870 907.8010 22460.0500
v 144.1120 907.8304 22460.0500
v 143.7354 907.7359 22460.0500
v 143.8599 907.7675 22460.0500
v 143.4850 907.6665 22460.0500
v 143.6089 907.7003 22460.0500
v 143.2359 907.5927 22460.0500
v 143.3592 907.6286 22460.0500
v 142.9880 907.5145 22460.0500
v 143.1107 907.5526 22460.0500
v 142.7416 907.4321 22460.0500
v 142.8636 907.4723 22460.0500
v 142.4966 907.3453 22460.0500
v 142.6179 907.3877 22460.0500
v 142.2532 907.2543 22460.0500
v 142.3737 907.2988 22460.0500
v 142.0115 907.1591 22460.0500
v 142.1312 907.2056 22460.0500
v 141.7714 907.0596 22460.0500
v 141.8902 907.1083 22460.0500
v 141.5331 906.9561 22460.0500
v 141.6511 907.0067 22460.0500
v 141.2966 906.8483 22460.0500
v 141.4137 906.9010 22460.0500
v 141.0621 906.7364 22460.0500
v 141.1782 906.7912 22460.0500
v 140.8295 906.6204 22460.0500
v 140.9447 906.6772 22460.0500
v 140.5990 906.5004 22460.0500
v 140.7132 906.5593 22460.0500
v 140.3706 906.3765 22460.0500
v 140.4838 906.4373 22460.0500
v 140.1445 906.2485 22460.0500
v 140.2565 906.3112 22460.0500
v 139.9206 906.1166 22460.0500
v 140.0315 906.1813 22460.0500
v 139.6990 905.9808 22460.0500
v 139.8088 906.0474 22460.0500
v 139.4798 905.8412 22460.0500
v 139.5885 905.9097 22460.0500
v 139.2631 905.6978 22460.0500
v 139.3705 905.7682 22460.0500
v 139.0490 905.5506 22460.0500
v 139.1551 905.6229 22460.0500
v 138.8374 905.3997 22460.0500
v 138.9423 905.4738 22460.0500
v 138.6285 905.2451 22460.0500
v 138.7321 905.3210 22460.0500
v 138.4224 905.0869 22460.0500
v 138.5246 905.1647 22460.0500
v 138.2190 904.9252 22460.0500
v 138.3199 905.0046 22460.0500
v 138.0185 904.7599 22460.0500
v 138.1180 904.8411 22460.0500
v 137.8209 904.5911 22460.0500
v 137.9189 904.6741 22460.0500
v 137.6263 904.4189 22460.0500
v 137.7228 904.5036 22460.0500
v 137.4347 904.2433 22460.0500
v 137.5297 904.3297 22460.0500
v 137.2462 904.0645 22460.0500
v 137.3397 904.1525 22460.0500
v 137.0608 903.8823 22460.0500
v 137.1528 903.9720 22460.0500
v 136.8787 903.6970 22460.0500
v 136.9691 903.7882 22460.0500
v 136.6998 903.5085 22460.0500
v 136.7886 903.6013 22460.0500
v 136.5243 903.3169 22460.0500
v 136.6114 903.4112 22460.0500
v 136.3521 903.1223 22460.0500
v 136.4376 903.2181 22460.0500
v 136.1833 902.9247 22460.0500
v 136.2671 903.0220 22460.0500
v 136.0180 902.7242 22460.0500
v 136.1001 902.8229 22460.0500
v 135.8562 902.5208 22460.0500
v 135.9366 902.6210 22460.0500
v 135.6980 902.3146 22460.0500
v 135.7767 902.4162 22460.0500
v 135.5435 902.1058 22460.0500
v 135.6203 902.2087 22460.0500
v 135.3926 901.8942 22460.0500
v 135.4676 901.9984 22460.0500
v 135.2454 901.6801 22460.0500
v 135.3186 901.7856 22460.0500
v 135.1020 901.4633 22460.0500
v 135.1733 901.5701 22460.0500
v 134.9623 901.2442 22460.0500
v 135.0318 901.3522 22460.0500
v 134.8266 901.0226 22460.0500
v 134.8941 901.1318 22460.0500
v 134.6947 900.7987 22460.0500
v 134.7603 900.9091 22460.0500
v 134.5667 900.5725 22460.0500
v 134.6304 900.6840 22460.0500
v 134.4427 900.3442 22460.0500
v 134.5045 900.4568 22460.0500
v 134.3227 900.1136 22460.0500
v 134.3825 900.2273 22460.0500
v 134.2068 899.8811 22460.0500
v 134.2646 899.9958 22460.0500
v 134.0949 899.6465 22460.0500
v 134.1507 899.7623 22460.0500
v 133.9872 899.4101 22460.0500
v 134.0409 899.5267 22460.0500
v 133.8835 899.1718 22460.0500
v 133.9353 899.2894 22460.0500
v 133.7841 898.9317 22460.0500
v 133.8338 899.0502 22460.0500
v 133.6888 898.6899 22460.0500
v 133.7364 898.8092 22460.0500
v 133.5978 898.4465 22460.0500
v 133.6433 898.5667 22460.0500
v 133.5111 898.2016 22460.0500
v 133.5545 898.3224 22460.0500
v 133.4286 897.9551 22460.0500
v 133.4699 898.0768 22460.0500
v 133.3505 897.7073 22460.0500
v 133.3897 897.8297 22460.0500
v 133.2767 897.4581 22460.0500
v 133.3137 897.5811 22460.0500
v 133.2072 897.2078 22460.0500
v 133.2421 897.3314 22460.0500
v 133.1422 896.9562 22460.0500
v 133.1749 897.0804 22460.0500
v 133.0815 896.7035 22460.0500
v 133.1121 896.8282 22460.0500
v 133.0253 896.4498 22460.0500
v 133.0536 896.5750 22460.0500
v 132.9735 896.1951 22460.0500
v 132.9996 896.3209 22460.0500
v 132.9261 895.9396 22460.0500
v 132.9501 896.0658 22460.0500
v 132.8832 895.6833 22460.0500
v 132.9050 895.8099 22460.0500
v 132.8448 895.4263 22460.0500
v 132.8644 895.5533 22460.0500
v 132.8109 895.1687 22460.0500
v 132.8282 895.2960 22460.0500
v 132.7815 894.9105 22460.0500
v 132.7966 895.0380 22460.0500
v 132.7566 894.6519 22460.0500
v 132.7694 894.7796 22460.0500
v 132.7362 894.3928 22460.0500
v 132.7468 894.5208 22460.0500
v 132.7203 894.1334 22460.0500
v 132.7287 894.2615 22460.0500
v 132.7090 893.8738 22460.0500
v 132.7151 894.0021 22460.0500
v 132.7022 893.6140 22460.0500
v 132.7061 893.7424 22460.0500
v 132.6999 893.3542 22460.0500
v 132.7016 893.4826 22460.0500
v 132.7022 893.0943 22460.0500
v 132.7016 893.2227 22460.0500
v 132.7090 892.8345 22460.0500
v 132.7062 892.9630 22460.0500
v 132.7203 892.5750 22460.0500
v 132.7153 892.7032 22460.0500
v 132.7362 892.3156 22460.0500
v 132.7289 892.4438 22460.0500
v 132.7566 892.0565 22460.0500
v 132.7471 892.1846 22460.0500
v 132.7815 891.7979 22460.0500
v 132.7697 891.9257 22460.0500
v 132.8109 891.5396 22460.0500
v 132.7969 891.6673 22460.0500
v 132.8448 891.2820 22460.0500
v 132.8286 891.4094 22460.0500
v 132.8832 891.0250 22460.0500
v 132.8648 891.1521 22460.0500
v 132.9261 890.7687 22460.0500
v 132.9055 890.8954 22460.0500
v 132.9735 890.5132 22460.0500
v 132.9506 890.6396 22460.0500
v 133.0253 890.2585 22460.0500
v 133.0002 890.3845 22460.0500
v 133.0815 890.0048 22460.0500
v 133.0543 890.1304 22460.0500
v 133.1422 889.7521 22460.0500
v 133.1127 889.8772 22460.0500
v 133.2072 889.5005 22460.0500
v 133.1756 889.6251 22460.0500
v 133.2767 889.2502 22460.0500
v 133.2429 889.3741 22460.0500
v 133.3505 889.0010 22460.0500
v 133.3146 889.1243 22460.0500
v 133.4286 888.7532 22460.0500
v 133.3906 888.8759 22460.0500
v 133.5111 888.5067 22460.0500
v 133.4709 888.6287 22460.0500
v 133.5978 888.2618 22460.0500
v 133.5555 888.3831 22460.0500
v 133.6888 888.0184 22460.0500
v 133.6444 888.1389 22460.0500
v 133.7841 887.7766 22460.0500
v 133.7375 887.8963 22460.0500
v 133.8835 887.5365 22460.0500
v 133.8349 887.6554 22460.0500
v 133.9872 887.2982 22460.0500
v 133.9364 887.4162 22460.0500
v 134.0949 887.0618 22460.0500
v 134.0422 887.1788 22460.0500
v 134.2068 886.8272 22460.0500
v 134.1520 886.9434 22460.0500
v 134.3227 886.5947 22460.0500
v 134.2659 886.7098 22460.0500
v 134.4427 886.3641 22460.0500
v 134.3839 886.4783 22460.0500
v 134.5667 886.1358 22460.0500
v 134.5059 886.2489 22460.0500
v 134.6947 885.9096 22460.0500
v 134.6319 886.0217 22460.0500
v 134.8266 885.6857 22460.0500
v 134.7619 885.7966 22460.0500
v 134.9623 885.4641 22460.0500
v 134.8957 885.5739 22460.0500
v 135.1020 885.2450 22460.0500
v 135.0334 885.3536 22460.0500
v 135.2454 885.0283 22460.0500
v 135.1750 885.1357 22460.0500
v 135.3926 884.8141 22460.0500
v 135.3203 884.9203 22460.0500
v 135.5435 884.6025 22460.0500
v 135.4694 884.7075 22460.0500
v 135.6980 884.3937 22460.0500
v 135.6221 884.4973 22460.0500
v 135.8562 884.1875 22460.0500
v 135.7785 884.2897 22460.0500
v 136.0180 883.9841 22460.0500
v 135.9385 884.0850 22460.0500
v 136.1833 883.7836 22460.0500
v 136.1021 883.8831 22460.0500
v 136.3521 883.5861 22460.0500
v 136.2691 883.6841 22460.0500
v 136.5243 883.3914 22460.0500
v 136.4396 883.4880 22460.0500
v 136.6998 883.1998 22460.0500
v 136.6135 883.2949 22460.0500
v 136.8787 883.0113 22460.0500
v 136.7907 883.1049 22460.0500
v 137.0608 882.8260 22460.0500
v 136.9712 882.9180 22460.0500
v 137.2462 882.6439 22460.0500
v 137.1550 882.7343 22460.0500
v 137.4347 882.4650 22460.0500
v 137.3419 882.5538 22460.0500
v 137.6263 882.2894 22460.0500
v 137.5320 882.3766 22460.0500
v 137.8209 882.1172 22460.0500
v 137.7251 882.2028 22460.0500
v 138.0185 881.9484 22460.0500
v 137.9212 882.0323 22460.0500
v 138.2190 881.7831 22460.0500
v 138.1203 881.8653 22460.0500
v 138.4224 881.6214 22460.0500
v 138.3222 881.7018 22460.0500
v 138.6285 881.4632 22460.0500
v 138.5270 881.5418 22460.0500
v 138.8374 881.3087 22460.0500
v 138.7345 881.3855 22460.0500
v 139.0490 881.1577 22460.0500
v 138.9447 881.2328 22460.0500
v 139.2631 881.0106 22460.0500
v 139.1576 881.0837 22460.0500
v 139.4798 880.8671 22460.0500
v 139.3730 880.9385 22460.0500
v 139.6990 880.7275 22460.0500
v 139.5910 880.7970 22460.0500
v 139.9206 880.5917 22460.0500
v 139.8114 880.6593 22460.0500
v 140.1445 880.4598 22460.0500
v 140.0341 880.5255 22460.0500
v 140.3706 880.3318 22460.0500
v 140.2591 880.3956 22460.0500
v 140.5990 880.2079 22460.0500
v 140.4864 880.2697 22460.0500
v 140.8295 880.0879 22460.0500
v 140.7159 880.1477 22460.0500
v 141.0621 879.9719 22460.0500
v 140.9474 880.0297 22460.0500
v 141.2966 879.8600 22460.0500
v 141.1809 879.9158 22460.0500
v 141.5331 879.7523 22460.0500
v 141.4164 879.8061 22460.0500
v 141.7714 879.6487 22460.0500
v 141.6538 879.7004 22460.0500
v 142.0115 879.5493 22460.0500
v 141.8930 879.5989 22460.0500
v 142.2532 879.4540 22460.0500
v 142.1340 879.5016 22460.0500
v 142.4966 879.3630 22460.0500
v 142.3765 879.4085 22460.0500
v 142.7416 879.2762 22460.0500
v 142.6207 879.3196 22460.0500
v 142.9880 879.1938 22460.0500
v 142.8664 879.2350 22460.0500
v 143.2359 879.1157 22460.0500
v 143.1136 879.1548 22460.0500
v 143.4850 879.0418 22460.0500
v 143.3620 879.0789 22460.0500
v 143.7354 878.9724 22460.0500
v 143.6118 879.0073 22460.0500
v 143.9870 878.9073 22460.0500
v 143.8628 878.9401 22460.0500
v 144.2397 878.8467 22460.0500
v 144.1149 878.8772 22460.0500
v 144.4934 878.7904 22460.0500
v 144.3681 878.8188 22460.0500
v 144.7480 878.7386 22460.0500
v 144.6223 878.7648 22460.0500
v 145.0036 878.6913 22460.0500
v 144.8774 878.7152 22460.0500
v 145.2598 878.6484 22460.0500
v 145.1333 878.6701 22460.0500
v 145.5168 878.6100 22460.0500
v 145.3899 878.6295 22460.0500
v 145.7745 878.5760 22460.0500
v 145.6472 878.5934 22460.0500
v 146.0327 878.5466 22460.0500
v 145.9051 878.5617 22460.0500
v 146.2914 878.5217 22460.0500
v 146.1636 878.5346 22460.0500
v 146.5504 878.5013 22460.0500
v 146.4224 878.5120 22460.0500
v 146.8098 878.4855 22460.0500
v 146.6816 878.4939 22460.0500
v 147.0694 878.4741 22460.0500
v 146.9411 878.4803 22460.0500
v 147.3292 878.4673 22460.0500
v 147.2008 878.4713 22460.0500
v 147.5890 878.4651 22460.0500
v 147.4606 878.4667 22460.0500
v 147.8489 878.4673 22460.0500
v 147.7204 878.4668 22460.0500
v 148.1086 878.4741 22460.0500
v 147.9802 878.4713 22460.0500
v 148.3683 878.4855 22460.0500
v 148.2399 878.4804 22460.0500
v 148.6276 878.5013 22460.0500
v 148.4994 878.4941 22460.0500
v 148.8867 878.5217 22460.0500
v 148.7586 878.5122 22460.0500
v 149.1454 878.5466 22460.0500
v 149.0175 878.5349 22460.0500
v 149.4035 878.5760 22460.0500
v 149.2759 878.5621 22460.0500
v 149.6612 878.6100 22460.0500
v 149.5338 878.5938 22460.0500
v 149.9182 878.6484 22460.0500
v 149.7911 878.6299 22460.0500
v 150.1745 878.6913 22460.0500
v 150.0477 878.6706 22460.0500
v 150.4300 878.7386 22460.0500
v 150.3036 878.7158 22460.0500
v 150.6846 878.7904 22460.0500
v 150.5587 878.7654 22460.0500
v 150.9383 878.8467 22460.0500
v 150.8128 878.8194 22460.0500
v 151.1910 878.9073 22460.0500
v 151.0660 878.8779 22460.0500
v 151.4426 878.9724 22460.0500
v 151.3181 878.9408 22460.0500
v 151.6930 879.0418 22460.0500
v 151.5691 879.0081 22460.0500
v 151.9422 879.1157 22460.0500
v 151.8189 879.0797 22460.0500
v 152.1900 879.1938 22460.0500
v 152.0674 879.1557 22460.0500
v 152.4364 879.2762 22460.0500
v 152.3145 879.2360 22460.0500
v 152.6814 879.3630 22460.0500
v 152.5601 879.3206 22460.0500
v 152.9248 879.4540 22460.0500
v 152.8043 879.4095 22460.0500
v 153.1666 879.5493 22460.0500
v 153.0469 879.5027 22460.0500
v 153.4066 879.6487 22460.0500
v 153.2878 879.6000 22460.0500
v 153.6450 879.7523 22460.0500
v 153.5270 879.7016 22460.0500
v 153.8814 879.8600 22460.0500
v 153.7643 879.8073 22460.0500
v 154.1160 879.9719 22460.0500
v 153.9998 879.9172 22460.0500
v 154.3485 880.0879 22460.0500
v 154.2333 880.0311 22460.0500
v 154.5790 880.2079 22460.0500
v 154.4648 880.1490 22460.0500
v 154.8074 880.3318 22460.0500
v 154.6943 880.2711 22460.0500
v 155.0336 880.4598 22460.0500
v 154.9215 880.3971 22460.0500
v 155.2575 880.5917 22460.0500
v 155.1465 880.5270 22460.0500
v 155.4790 880.7275 22460.0500
v 155.3692 880.6609 22460.0500
v 155.6982 880.8671 22460.0500
v 155.5896 880.7986 22460.0500
v 155.9149 881.0106 22460.0500
v 155.8075 880.9401 22460.0500
v 156.1291 881.1577 22460.0500
v 156.0229 881.0854 22460.0500
v 156.3406 881.3087 22460.0500
v 156.2357 881.2345 22460.0500
v 156.5495 881.4632 22460.0500
v 156.4459 881.3873 22460.0500
v 156.7557 881.6214 22460.0500
v 156.6534 881.5436 22460.0500
v 156.9590 881.7831 22460.0500
v 156.8582 881.7037 22460.0500
v 157.1595 881.9484 22460.0500
v 157.0601 881.8672 22460.0500
v 157.3571 882.1172 22460.0500
v 157.2591 882.0342 22460.0500
v 157.5518 882.2894 22460.0500
v 157.4552 882.2047 22460.0500
v 157.7434 882.4650 22460.0500
v 157.6483 882.3786 22460.0500
v 157.9319 882.6439 22460.0500
v 157.8383 882.5558 22460.0500
v 158.1172 882.8260 22460.0500
v 158.0252 882.7364 22460.0500
v 158.2993 883.0113 22460.0500
v 158.2089 882.9201 22460.0500
v 158.4782 883.1998 22460.0500
v 158.3894 883.1071 22460.0500
v 158.6538 883.3914 22460.0500
v 158.5666 883.2971 22460.0500
v 158.8260 883.5861 22460.0500
v 158.7404 883.4902 22460.0500
v 158.9947 883.7836 22460.0500
v 158.9109 883.6863 22460.0500
v 159.1600 883.9841 22460.0500
v 159.0779 883.8854 22460.0500
v 159.3218 884.1875 22460.0500
v 159.2414 884.0873 22460.0500
v 159.4800 884.3937 22460.0500
v 159.4014 884.2921 22460.0500
v 159.6346 884.6025 22460.0500
v 159.5577 884.4997 22460.0500
v 159.7854 884.8141 22460.0500
v 159.7104 884.7099 22460.0500
v 159.9326 885.0283 22460.0500
v 159.8594 884.9227 22460.0500
v 160.0761 885.2450 22460.0500
v 160.0047 885.1382 22460.0500
v 160.2157 885.4641 22460.0500
v 160.1462 885.3561 22460.0500
v 160.3515 885.6857 22460.0500
v 160.2839 885.5765 22460.0500
v 160.4834 885.9096 22460.0500
v 160.4177 885.7993 22460.0500
v 160.6113 886.1358 22460.0500
v 160.5476 886.0243 22460.0500
v 160.7353 886.3641 22460.0500
v 160.6735 886.2515 22460.0500
v 160.8553 886.5947 22460.0500
v 160.7955 886.4810 22460.0500
v 160.9713 886.8272 22460.0500
v 160.9134 886.7125 22460.0500
v 161.0831 887.0618 22460.0500
v 161.0273 886.9461 22460.0500
v 161.1909 887.2982 22460.0500
v 161.1371 887.1816 22460.0500
v 161.2945 887.5365 22460.0500
v 161.2428 887.4189 22460.0500
v 161.3940 887.7766 22460.0500
v 161.3443 887.6581 22460.0500
v 161.4892 888.0184 22460.0500
v 161.4416 887.8991 22460.0500
v 161.5802 888.2618 22460.0500
v 161.5347 888.1417 22460.0500
v 161.6669 888.5067 22460.0500
v 161.6235 888.3859 22460.0500
v 161.7494 888.7532 22460.0500
v 161.7081 888.6316 22460.0500
v 161.8275 889.0010 22460.0500
v 161.7884 888.8787 22460.0500
v 161.9013 889.2502 22460.0500
v 161.8643 889.1272 22460.0500
v 161.9708 889.5005 22460.0500
v 161.9359 889.3770 22460.0500
v 162.0358 889.7521 22460.0500
v 162.0031 889.6280 22460.0500
v 162.0965 890.0048 22460.0500
v 162.0660 889.8801 22460.0500
v 162.1528 890.2585 22460.0500
v 162.1244 890.1333 22460.0500
v 162.2046 890.5132 22460.0500
v 162.1784 890.3875 22460.0500
v 162.2519 890.7687 22460.0500
v 162.2280 890.6425 22460.0500
v 162.2948 891.0250 22460.0500
v 162.2731 890.8984 22460.0500
v 162.3332 891.2820 22460.0500
v 162.3137 891.1551 22460.0500
v 162.3671 891.5396 22460.0500
v 162.3498 891.4124 22460.0500
v 162.3965 891.7979 22460.0500
v 162.3815 891.6703 22460.0500
v 162.4215 892.0565 22460.0500
v 162.4086 891.9287 22460.0500
v 162.4418 892.3156 22460.0500
v 162.4312 892.1876 22460.0500
v 162.4577 892.5750 22460.0500
v 162.4493 892.4468 22460.0500
v 162.4690 892.8345 22460.0500
v 162.4629 892.7062 22460.0500
v 162.4758 893.0943 22460.0500
v 162.4719 892.9659 22460.0500
v 162.4764 893.2258 22460.0500
v 162.4781 893.3542 22489.8700
v 162.4758 893.0943 22489.8700
v 162.4775 893.2227 22489.8700
v 162.4690 892.8345 22489.8700
v 162.4730 892.9629 22489.8700
v 162.4577 892.5750 22489.8700
v 162.4639 892.7032 22489.8700
v 162.4418 892.3156 22489.8700
v 162.4503 892.4437 22489.8700
v 162.4215 892.0565 22489.8700
v 162.4321 892.1844 22489.8700
v 162.3965 891.7979 22489.8700
v 162.4094 891.9256 22489.8700
v 162.3671 891.5396 22489.8700
v 162.3822 891.6672 22489.8700
v 162.3332 891.2820 22489.8700
v 162.3505 891.4092 22489.8700
v 162.2948 891.0250 22489.8700
v 162.3143 891.1519 22489.8700
v 162.2519 890.7687 22489.8700
v 162.2737 890.8953 22489.8700
v 162.2046 890.5132 22489.8700
v 162.2285 890.6393 22489.8700
v 162.1528 890.2585 22489.8700
v 162.1789 890.3843 22489.8700
v 162.0965 890.0048 22489.8700
v 162.1249 890.1301 22489.8700
v 162.0358 889.7521 22489.8700
v 162.0664 889.8769 22489.8700
v 161.9708 889.5005 22489.8700
v 162.0035 889.6248 22489.8700
v 161.9013 889.2502 22489.8700
v 161.9362 889.3738 22489.8700
v 161.8275 889.0010 22489.8700
v 161.8645 889.1240 22489.8700
v 161.7494 888.7532 22489.8700
v 161.7885 888.8755 22489.8700
v 161.6669 888.5067 22489.8700
v 161.7082 888.6284 22489.8700
v 161.5802 888.2618 22489.8700
v 161.6236 888.3827 22489.8700
v 161.4892 888.0184 22489.8700
v 161.5347 888.1385 22489.8700
v 161.3940 887.7766 22489.8700
v 161.4415 887.8959 22489.8700
v 161.2945 887.5365 22489.8700
v 161.3442 887.6550 22489.8700
v 161.1909 887.2982 22489.8700
v 161.2426 887.4158 22489.8700
v 161.0831 887.0618 22489.8700
v 161.1369 887.1784 22489.8700
v 160.9713 886.8272 22489.8700
v 161.0271 886.9429 22489.8700
v 160.8553 886.5947 22489.8700
v 160.9131 886.7094 22489.8700
v 160.7353 886.3641 22489.8700
v 160.7951 886.4778 22489.8700
v 160.6113 886.1358 22489.8700
v 160.6731 886.2484 22489.8700
v 160.4834 885.9096 22489.8700
v 160.5471 886.0211 22489.8700
v 160.3515 885.6857 22489.8700
v 160.4171 885.7961 22489.8700
v 160.2157 885.4641 22489.8700
v 160.2833 885.5734 22489.8700
v 160.0761 885.2450 22489.8700
v 160.1456 885.3530 22489.8700
v 159.9326 885.0283 22489.8700
v 160.0040 885.1351 22489.8700
v 159.7854 884.8141 22489.8700
v 159.8587 884.9196 22489.8700
v 159.6346 884.6025 22489.8700
v 159.7096 884.7068 22489.8700
v 159.4800 884.3937 22489.8700
v 159.5568 884.4966 22489.8700
v 159.3218 884.1875 22489.8700
v 159.4004 884.2891 22489.8700
v 159.1600 883.9841 22489.8700
v 159.2404 884.0843 22489.8700
v 158.9947 883.7836 22489.8700
v 159.0769 883.8824 22489.8700
v 158.8260 883.5861 22489.8700
v 158.9098 883.6833 22489.8700
v 158.6538 883.3914 22489.8700
v 158.7393 883.4872 22489.8700
v 158.4782 883.1998 22489.8700
v 158.5654 883.2941 22489.8700
v 158.2993 883.0113 22489.8700
v 158.3882 883.1041 22489.8700
v 158.1172 882.8260 22489.8700
v 158.2076 882.9172 22489.8700
v 157.9319 882.6439 22489.8700
v 158.0238 882.7335 22489.8700
v 157.7434 882.4650 22489.8700
v 157.8369 882.5530 22489.8700
v 157.5518 882.2894 22489.8700
v 157.6468 882.3757 22489.8700
v 157.3571 882.1172 22489.8700
v 157.4537 882.2019 22489.8700
v 157.1595 881.9484 22489.8700
v 157.2576 882.0314 22489.8700
v 156.9590 881.7831 22489.8700
v 157.0585 881.8644 22489.8700
v 156.7557 881.6214 22489.8700
v 156.8565 881.7009 22489.8700
v 156.5495 881.4632 22489.8700
v 156.6517 881.5410 22489.8700
v 156.3406 881.3087 22489.8700
v 156.4442 881.3846 22489.8700
v 156.1291 881.1577 22489.8700
v 156.2339 881.2318 22489.8700
v 155.9149 881.0106 22489.8700
v 156.0211 881.0828 22489.8700
v 155.6982 880.8671 22489.8700
v 155.8056 880.9375 22489.8700
v 155.4790 880.7275 22489.8700
v 155.5877 880.7960 22489.8700
v 155.2575 880.5917 22489.8700
v 155.3673 880.6583 22489.8700
v 155.0336 880.4598 22489.8700
v 155.1445 880.5245 22489.8700
v 154.8074 880.3318 22489.8700
v 154.9194 880.3946 22489.8700
v 154.5790 880.2079 22489.8700
v 154.6922 880.2687 22489.8700
v 154.3485 880.0879 22489.8700
v 154.4627 880.1467 22489.8700
v 154.1160 879.9719 22489.8700
v 154.2312 880.0287 22489.8700
v 153.8814 879.8600 22489.8700
v 153.9976 879.9149 22489.8700
v 153.6450 879.7523 22489.8700
v 153.7621 879.8051 22489.8700
v 153.4066 879.6487 22489.8700
v 153.5247 879.6993 22489.8700
v 153.1666 879.5493 22489.8700
v 153.2854 879.5978 22489.8700
v 152.9248 879.4540 22489.8700
v 153.0445 879.5005 22489.8700
v 152.6814 879.3630 22489.8700
v 152.8019 879.4074 22489.8700
v 152.4364 879.2762 22489.8700
v 152.5577 879.3186 22489.8700
v 152.1900 879.1938 22489.8700
v 152.3120 879.2340 22489.8700
v 151.9422 879.1157 22489.8700
v 152.0648 879.1537 22489.8700
v 151.6930 879.0418 22489.8700
v 151.8163 879.0778 22489.8700
v 151.4426 878.9724 22489.8700
v 151.5665 879.0062 22489.8700
v 151.1910 878.9073 22489.8700
v 151.3155 878.9390 22489.8700
v 150.9383 878.8467 22489.8700
v 151.0633 878.8761 22489.8700
v 150.6846 878.7904 22489.8700
v 150.8101 878.8177 22489.8700
v 150.4300 878.7386 22489.8700
v 150.5560 878.7637 22489.8700
v 150.1745 878.6913 22489.8700
v 150.3009 878.7141 22489.8700
v 149.9182 878.6484 22489.8700
v 150.0449 878.6690 22489.8700
v 149.6612 878.6100 22489.8700
v 149.7883 878.6284 22489.8700
v 149.4035 878.5760 22489.8700
v 149.5309 878.5922 22489.8700
v 149.1454 878.5466 22489.8700
v 149.2730 878.5606 22489.8700
v 148.8867 878.5217 22489.8700
v 149.0146 878.5334 22489.8700
v 148.6276 878.5013 22489.8700
v 148.7557 878.5109 22489.8700
v 148.3683 878.4855 22489.8700
v 148.4965 878.4927 22489.8700
v 148.1086 878.4741 22489.8700
v 148.2370 878.4792 22489.8700
v 147.8489 878.4673 22489.8700
v 147.9773 878.4701 22489.8700
v 147.5890 878.4651 22489.8700
v 147.7174 878.4656 22489.8700
v 147.3292 878.4673 22489.8700
v 147.4576 878.4656 22489.8700
v 147.0694 878.4741 22489.8700
v 147.1978 878.4702 22489.8700
v 146.8098 878.4855 22489.8700
v 146.9381 878.4793 22489.8700
v 146.5504 878.5013 22489.8700
v 146.6786 878.4929 22489.8700
v 146.2914 878.5217 22489.8700
v 146.4193 878.5110 22489.8700
v 146.0327 878.5466 22489.8700
v 146.1605 878.5338 22489.8700
v 145.7745 878.5760 22489.8700
v 145.9020 878.5609 22489.8700
v 145.5168 878.6100 22489.8700
v 145.6441 878.5927 22489.8700
v 145.2598 878.6484 22489.8700
v 145.3868 878.6288 22489.8700
v 145.0036 878.6913 22489.8700
v 145.1301 878.6695 22489.8700
v 144.7480 878.7386 22489.8700
v 144.8742 878.7147 22489.8700
v 144.4934 878.7904 22489.8700
v 144.6191 878.7643 22489.8700
v 144.2397 878.8467 22489.8700
v 144.3650 878.8183 22489.8700
v 143.9870 878.9073 22489.8700
v 144.1118 878.8768 22489.8700
v 143.7354 878.9724 22489.8700
v 143.8596 878.9397 22489.8700
v 143.4850 879.0418 22489.8700
v 143.6086 879.0070 22489.8700
v 143.2359 879.1157 22489.8700
v 143.3588 879.0786 22489.8700
v 142.9880 879.1938 22489.8700
v 143.1103 879.1546 22489.8700
v 142.7416 879.2762 22489.8700
v 142.8632 879.2349 22489.8700
v 142.4966 879.3630 22489.8700
v 142.6175 879.3196 22489.8700
v 142.2532 879.4540 22489.8700
v 142.3733 879.4085 22489.8700
v 142.0115 879.5493 22489.8700
v 142.1307 879.5016 22489.8700
v 141.7714 879.6487 22489.8700
v 141.8898 879.5990 22489.8700
v 141.5331 879.7523 22489.8700
v 141.6506 879.7006 22489.8700
v 141.2966 879.8600 22489.8700
v 141.4132 879.8063 22489.8700
v 141.0621 879.9719 22489.8700
v 141.1777 879.9161 22489.8700
v 140.8295 880.0879 22489.8700
v 140.9442 880.0301 22489.8700
v 140.5990 880.2079 22489.8700
v 140.7127 880.1481 22489.8700
v 140.3706 880.3318 22489.8700
v 140.4832 880.2701 22489.8700
v 140.1445 880.4598 22489.8700
v 140.2560 880.3961 22489.8700
v 139.9206 880.5917 22489.8700
v 140.0309 880.5261 22489.8700
v 139.6990 880.7275 22489.8700
v 139.8082 880.6599 22489.8700
v 139.4798 880.8671 22489.8700
v 139.5878 880.7976 22489.8700
v 139.2631 881.0106 22489.8700
v 139.3699 880.9392 22489.8700
v 139.0490 881.1577 22489.8700
v 139.1545 881.0845 22489.8700
v 138.8374 881.3087 22489.8700
v 138.9417 881.2336 22489.8700
v 138.6285 881.4632 22489.8700
v 138.7314 881.3864 22489.8700
v 138.4224 881.6214 22489.8700
v 138.5239 881.5428 22489.8700
v 138.2190 881.7831 22489.8700
v 138.3192 881.7028 22489.8700
v 138.0185 881.9484 22489.8700
v 138.1172 881.8663 22489.8700
v 137.8209 882.1172 22489.8700
v 137.9182 882.0334 22489.8700
v 137.6263 882.2894 22489.8700
v 137.7221 882.2039 22489.8700
v 137.4347 882.4650 22489.8700
v 137.5290 882.3778 22489.8700
v 137.2462 882.6439 22489.8700
v 137.3389 882.5550 22489.8700
v 137.0608 882.8260 22489.8700
v 137.1520 882.7355 22489.8700
v 136.8787 883.0113 22489.8700
v 136.9683 882.9193 22489.8700
v 136.6998 883.1998 22489.8700
v 136.7878 883.1063 22489.8700
v 136.5243 883.3914 22489.8700
v 136.6106 883.2963 22489.8700
v 136.3521 883.5861 22489.8700
v 136.4367 883.4894 22489.8700
v 136.1833 883.7836 22489.8700
v 136.2663 883.6856 22489.8700
v 136.0180 883.9841 22489.8700
v 136.0993 883.8847 22489.8700
v 135.8562 884.1875 22489.8700
v 135.9357 884.0867 22489.8700
v 135.6980 884.3937 22489.8700
v 135.7758 884.2914 22489.8700
v 135.5435 884.6025 22489.8700
v 135.6194 884.4990 22489.8700
v 135.3926 884.8141 22489.8700
v 135.4667 884.7092 22489.8700
v 135.2454 885.0283 22489.8700
v 135.3177 884.9221 22489.8700
v 135.1020 885.2450 22489.8700
v 135.1724 885.1376 22489.8700
v 134.9623 885.4641 22489.8700
v 135.0309 885.3555 22489.8700
v 134.8266 885.6857 22489.8700
v 134.8932 885.5759 22489.8700
v 134.6947 885.9096 22489.8700
v 134.7594 885.7986 22489.8700
v 134.5667 886.1358 22489.8700
v 134.6295 886.0237 22489.8700
v 134.4427 886.3641 22489.8700
v 134.5035 886.2510 22489.8700
v 134.3227 886.5947 22489.8700
v 134.3815 886.4805 22489.8700
v 134.2068 886.8272 22489.8700
v 134.2636 886.7120 22489.8700
v 134.0949 887.0618 22489.8700
v 134.1497 886.9456 22489.8700
v 133.9872 887.2982 22489.8700
v 134.0399 887.1811 22489.8700
v 133.8835 887.5365 22489.8700
v 133.9342 887.4185 22489.8700
v 133.7841 887.7766 22489.8700
v 133.8327 887.6577 22489.8700
v 133.6888 888.0184 22489.8700
v 133.7354 887.8987 22489.8700
v 133.5978 888.2618 22489.8700
v 133.6423 888.1413 22489.8700
v 133.5111 888.5067 22489.8700
v 133.5534 888.3855 22489.8700
v 133.4286 888.7532 22489.8700
v 133.4689 888.6312 22489.8700
v 133.3505 889.0010 22489.8700
v 133.3886 888.8784 22489.8700
v 133.2767 889.2502 22489.8700
v 133.3126 889.1269 22489.8700
v 133.2072 889.5005 22489.8700
v 133.2410 889.3766 22489.8700
v 133.1422 889.7521 22489.8700
v 133.1738 889.6277 22489.8700
v 133.0815 890.0048 22489.8700
v 133.1109 889.8798 22489.8700
v 133.0253 890.2585 22489.8700
v 133.0525 890.1331 22489.8700
v 132.9735 890.5132 22489.8700
v 132.9985 890.3872 22489.8700
v 132.9261 890.7687 22489.8700
v 132.9490 890.6423 22489.8700
v 132.8832 891.0250 22489.8700
v 132.9039 890.8983 22489.8700
v 132.8448 891.2820 22489.8700
v 132.8632 891.1549 22489.8700
v 132.8109 891.5396 22489.8700
v 132.8271 891.4122 22489.8700
v 132.7815 891.7979 22489.8700
v 132.7955 891.6702 22489.8700
v 132.7566 892.0565 22489.8700
v 132.7683 891.9286 22489.8700
v 132.7362 892.3156 22489.8700
v 132.7457 892.1875 22489.8700
v 132.7203 892.5750 22489.8700
v 132.7276 892.4467 22489.8700
v 132.7090 892.8345 22489.8700
v 132.7140 892.7062 22489.8700
v 132.7022 893.0943 22489.8700
v 132.7050 892.9659 22489.8700
v 132.6999 893.3542 22489.8700
v 132.7005 893.2257 22489.8700
v 132.7022 893.6140 22489.8700
v 132.7005 893.4856 22489.8700
v 132.7090 893.8738 22489.8700
v 132.7051 893.7454 22489.8700
v 132.7203 894.1334 22489.8700
v 132.7142 894.0051 22489.8700
v 132.7362 894.3928 22489.8700
v 132.7278 894.2646 22489.8700
v 132.7566 894.6519 22489.8700
v 132.7459 894.5239 22489.8700
v 132.7815 894.9105 22489.8700
v 132.7686 894.7827 22489.8700
v 132.8109 895.1687 22489.8700
v 132.7958 895.0411 22489.8700
v 132.8448 895.4263 22489.8700
v 132.8275 895.2991 22489.8700
v 132.8832 895.6833 22489.8700
v 132.8637 895.5564 22489.8700
v 132.9261 895.9396 22489.8700
v 132.9044 895.8130 22489.8700
v 132.9735 896.1951 22489.8700
v 132.9495 896.0690 22489.8700
v 133.0253 896.4498 22489.8700
v 132.9991 896.3240 22489.8700
v 133.0815 896.7035 22489.8700
v 133.0532 896.5782 22489.8700
v 133.1422 896.9562 22489.8700
v 133.1116 896.8314 22489.8700
v 133.2072 897.2078 22489.8700
v 133.1745 897.0836 22489.8700
v 133.2767 897.4581 22489.8700
v 133.2418 897.3345 22489.8700
v 133.3505 897.7073 22489.8700
v 133.3135 897.5844 22489.8700
v 133.4286 897.9551 22489.8700
v 133.3895 897.8328 22489.8700
v 133.5111 898.2016 22489.8700
v 133.4698 898.0800 22489.8700
v 133.5978 898.4465 22489.8700
v 133.5544 898.3257 22489.8700
v 133.6888 898.6899 22489.8700
v 133.6433 898.5698 22489.8700
v 133.7841 898.9317 22489.8700
v 133.7365 898.8124 22489.8700
v 133.8835 899.1718 22489.8700
v 133.8339 899.0533 22489.8700
v 133.9872 899.4101 22489.8700
v 133.9354 899.2925 22489.8700
v 134.0949 899.6465 22489.8700
v 134.0411 899.5299 22489.8700
v 134.2068 899.8811 22489.8700
v 134.1510 899.7654 22489.8700
v 134.3227 900.1136 22489.8700
v 134.2649 899.9990 22489.8700
v 134.4427 900.3442 22489.8700
v 134.3829 900.2305 22489.8700
v 134.5667 900.5725 22489.8700
v 134.5049 900.4600 22489.8700
v 134.6947 900.7987 22489.8700
v 134.6309 900.6872 22489.8700
v 134.8266 901.0226 22489.8700
v 134.7609 900.9122 22489.8700
v 134.9623 901.2442 22489.8700
v 134.8948 901.1349 22489.8700
v 135.1020 901.4633 22489.8700
v 135.0325 901.3553 22489.8700
v 135.2454 901.6801 22489.8700
v 135.1740 901.5732 22489.8700
v 135.3926 901.8942 22489.8700
v 135.3194 901.7887 22489.8700
v 135.5435 902.1058 22489.8700
v 135.4684 902.0015 22489.8700
v 135.6980 902.3146 22489.8700
v 135.6212 902.2117 22489.8700
v 135.8562 902.5208 22489.8700
v 135.7776 902.4193 22489.8700
v 136.0180 902.7242 22489.8700
v 135.9376 902.6240 22489.8700
v 136.1833 902.9247 22489.8700
v 136.1012 902.8259 22489.8700
v 136.3521 903.1223 22489.8700
v 136.2682 903.0250 22489.8700
v 136.5243 903.3169 22489.8700
v 136.4387 903.2211 22489.8700
v 136.6998 903.5085 22489.8700
v 136.6126 903.4142 22489.8700
v 136.8787 903.6970 22489.8700
v 136.7899 903.6042 22489.8700
v 137.0608 903.8823 22489.8700
v 136.9704 903.7911 22489.8700
v 137.2462 904.0645 22489.8700
v 137.1542 903.9749 22489.8700
v 137.4347 904.2433 22489.8700
v 137.3411 904.1553 22489.8700
v 137.6263 904.4189 22489.8700
v 137.5312 904.3326 22489.8700
v 137.8209 904.5911 22489.8700
v 137.7243 904.5064 22489.8700
v 138.0185 904.7599 22489.8700
v 137.9205 904.6769 22489.8700
v 138.2190 904.9252 22489.8700
v 138.1195 904.8439 22489.8700
v 138.4224 905.0869 22489.8700
v 138.3215 905.0074 22489.8700
v 138.6285 905.2451 22489.8700
v 138.5263 905.1674 22489.8700
v 138.8374 905.3997 22489.8700
v 138.7338 905.3237 22489.8700
v 139.0490 905.5506 22489.8700
v 138.9441 905.4765 22489.8700
v 139.2631 905.6978 22489.8700
v 139.1570 905.6255 22489.8700
v 139.4798 905.8412 22489.8700
v 139.3724 905.7708 22489.8700
v 139.6990 905.9808 22489.8700
v 139.5904 905.9123 22489.8700
v 139.9206 906.1166 22489.8700
v 139.8108 906.0500 22489.8700
v 140.1445 906.2485 22489.8700
v 140.0335 906.1838 22489.8700
v 140.3706 906.3765 22489.8700
v 140.2586 906.3137 22489.8700
v 140.5990 906.5004 22489.8700
v 140.4859 906.4397 22489.8700
v 140.8295 906.6204 22489.8700
v 140.7153 906.5616 22489.8700
v 141.0621 906.7364 22489.8700
v 140.9469 906.6796 22489.8700
v 141.2966 906.8483 22489.8700
v 141.1805 906.7935 22489.8700
v 141.5331 906.9561 22489.8700
v 141.4160 906.9033 22489.8700
v 141.7714 907.0596 22489.8700
v 141.6534 907.0090 22489.8700
v 142.0115 907.1591 22489.8700
v 141.8926 907.1105 22489.8700
v 142.2532 907.2543 22489.8700
v 142.1335 907.2078 22489.8700
v 142.4966 907.3453 22489.8700
v 142.3761 907.3009 22489.8700
v 142.7416 907.4321 22489.8700
v 142.6203 907.3898 22489.8700
v 142.9880 907.5145 22489.8700
v 142.8661 907.4743 22489.8700
v 143.2359 907.5927 22489.8700
v 143.1132 907.5546 22489.8700
v 143.4850 907.6665 22489.8700
v 143.3617 907.6306 22489.8700
v 143.7354 907.7359 22489.8700
v 143.6115 907.7021 22489.8700
v 143.9870 907.8010 22489.8700
v 143.8625 907.7694 22489.8700
v 144.2397 907.8616 22489.8700
v 144.1147 907.8322 22489.8700
v 144.4934 907.9179 22489.8700
v 144.3679 907.8906 22489.8700
v 144.7480 907.9697 22489.8700
v 144.6221 907.9446 22489.8700
v 145.0036 908.0171 22489.8700
v 144.8772 907.9942 22489.8700
v 145.2598 908.0599 22489.8700
v 145.1331 908.0393 22489.8700
v 145.5168 908.0984 22489.8700
v 145.3898 908.0800 22489.8700
v 145.7745 908.1323 22489.8700
v 145.6471 908.1161 22489.8700
v 146.0327 908.1617 22489.8700
v 145.9050 908.1477 22489.8700
v 146.2914 908.1866 22489.8700
v 146.1635 908.1749 22489.8700
v 146.5504 908.2070 22489.8700
v 146.4223 908.1975 22489.8700
v 146.8098 908.2228 22489.8700
v 146.6815 908.2156 22489.8700
v 147.0694 908.2342 22489.8700
v 146.9411 908.2291 22489.8700
v 147.3292 908.2410 22489.8700
v 147.2008 908.2382 22489.8700
v 147.5890 908.2433 22489.8700
v 147.4606 908.2427 22489.8700
v 147.8489 908.2410 22489.8700
v 147.7204 908.2427 22489.8700
v 148.1086 908.2342 22489.8700
v 147.9803 908.2381 22489.8700
v 148.3683 908.2228 22489.8700
v 148.2400 908.2290 22489.8700
v 148.6276 908.2070 22489.8700
v 148.4995 908.2154 22489.8700
v 148.8867 908.1866 22489.8700
v 148.7587 908.1973 22489.8700
v 149.1454 908.1617 22489.8700
v 149.0176 908.1746 22489.8700
v 149.4035 908.1323 22489.8700
v 149.2760 908.1474 22489.8700
v 149.6612 908.0984 22489.8700
v 149.5339 908.1157 22489.8700
v 149.9182 908.0599 22489.8700
v 149.7912 908.0795 22489.8700
v 150.1745 908.0171 22489.8700
v 150.0479 908.0388 22489.8700
v 150.4300 907.9697 22489.8700
v 150.3038 907.9937 22489.8700
v 150.6846 907.9179 22489.8700
v 150.5589 907.9440 22489.8700
v 150.9383 907.8616 22489.8700
v 150.8131 907.8900 22489.8700
v 151.1910 907.8010 22489.8700
v 151.0663 907.8315 22489.8700
v 151.4426 907.7359 22489.8700
v 151.3184 907.7686 22489.8700
v 151.6930 907.6665 22489.8700
v 151.5694 907.7014 22489.8700
v 151.9422 907.5927 22489.8700
v 151.8192 907.6297 22489.8700
v 152.1900 907.5145 22489.8700
v 152.0677 907.5537 22489.8700
v 152.4364 907.4321 22489.8700
v 152.3148 907.4734 22489.8700
v 152.6814 907.3453 22489.8700
v 152.5605 907.3887 22489.8700
v 152.9248 907.2543 22489.8700
v 152.8047 907.2999 22489.8700
v 153.1666 907.1591 22489.8700
v 153.0473 907.2067 22489.8700
v 153.4066 907.0596 22489.8700
v 153.2882 907.1093 22489.8700
v 153.6450 906.9561 22489.8700
v 153.5274 907.0078 22489.8700
v 153.8814 906.8483 22489.8700
v 153.7648 906.9020 22489.8700
v 154.1160 906.7364 22489.8700
v 154.0003 906.7922 22489.8700
v 154.3485 906.6204 22489.8700
v 154.2338 906.6783 22489.8700
v 154.5790 906.5004 22489.8700
v 154.4654 906.5602 22489.8700
v 154.8074 906.3765 22489.8700
v 154.6948 906.4382 22489.8700
v 155.0336 906.2485 22489.8700
v 154.9221 906.3123 22489.8700
v 155.2575 906.1166 22489.8700
v 155.1471 906.1823 22489.8700
v 155.4790 905.9808 22489.8700
v 155.3698 906.0484 22489.8700
v 155.6982 905.8412 22489.8700
v 155.5902 905.9107 22489.8700
v 155.9149 905.6978 22489.8700
v 155.8081 905.7692 22489.8700
v 156.1291 905.5506 22489.8700
v 156.0235 905.6238 22489.8700
v 156.3406 905.3997 22489.8700
v 156.2364 905.4747 22489.8700
v 156.5495 905.2451 22489.8700
v 156.4466 905.3220 22489.8700
v 156.7557 905.0869 22489.8700
v 156.6541 905.1656 22489.8700
v 156.9590 904.9252 22489.8700
v 156.8589 905.0056 22489.8700
v 157.1595 904.7599 22489.8700
v 157.0608 904.8420 22489.8700
v 157.3571 904.5911 22489.8700
v 157.2599 904.6749 22489.8700
v 157.5518 904.4189 22489.8700
v 157.4560 904.5045 22489.8700
v 157.7434 904.2433 22489.8700
v 157.6490 904.3306 22489.8700
v 157.9319 904.0645 22489.8700
v 157.8391 904.1533 22489.8700
v 158.1172 903.8823 22489.8700
v 158.0260 903.9728 22489.8700
v 158.2993 903.6970 22489.8700
v 158.2097 903.7890 22489.8700
v 158.4782 903.5085 22489.8700
v 158.3902 903.6021 22489.8700
v 158.6538 903.3169 22489.8700
v 158.5674 903.4120 22489.8700
v 158.8260 903.1223 22489.8700
v 158.7413 903.2189 22489.8700
v 158.9947 902.9247 22489.8700
v 158.9117 903.0227 22489.8700
v 159.1600 902.7242 22489.8700
v 159.0788 902.8236 22489.8700
v 159.3218 902.5208 22489.8700
v 159.2423 902.6216 22489.8700
v 159.4800 902.3146 22489.8700
v 159.4023 902.4169 22489.8700
v 159.6346 902.1058 22489.8700
v 159.5586 902.2094 22489.8700
v 159.7854 901.8942 22489.8700
v 159.7113 901.9991 22489.8700
v 159.9326 901.6801 22489.8700
v 159.8604 901.7862 22489.8700
v 160.0761 901.4633 22489.8700
v 160.0056 901.5707 22489.8700
v 160.2157 901.2442 22489.8700
v 160.1472 901.3528 22489.8700
v 160.3515 901.0226 22489.8700
v 160.2849 901.1324 22489.8700
v 160.4834 900.7987 22489.8700
v 160.4187 900.9097 22489.8700
v 160.6113 900.5725 22489.8700
v 160.5486 900.6846 22489.8700
v 160.7353 900.3442 22489.8700
v 160.6745 900.4573 22489.8700
v 160.8553 900.1136 22489.8700
v 160.7965 900.2278 22489.8700
v 160.9713 899.8811 22489.8700
v 160.9145 899.9963 22489.8700
v 161.0831 899.6465 22489.8700
v 161.0284 899.7628 22489.8700
v 161.1909 899.4101 22489.8700
v 161.1381 899.5272 22489.8700
v 161.2945 899.1718 22489.8700
v 161.2438 899.2898 22489.8700
v 161.3940 898.9317 22489.8700
v 161.3453 899.0506 22489.8700
v 161.4892 898.6899 22489.8700
v 161.4426 898.8096 22489.8700
v 161.5802 898.4465 22489.8700
v 161.5358 898.5670 22489.8700
v 161.6669 898.2016 22489.8700
v 161.6246 898.3228 22489.8700
v 161.7494 897.9551 22489.8700
v 161.7092 898.0771 22489.8700
v 161.8275 897.7073 22489.8700
v 161.7895 897.8300 22489.8700
v 161.9013 897.4581 22489.8700
v 161.8654 897.5815 22489.8700
v 161.9708 897.2078 22489.8700
v 161.9370 897.3317 22489.8700
v 162.0358 896.9562 22489.8700
v 162.0042 897.0806 22489.8700
v 162.0965 896.7035 22489.8700
v 162.0671 896.8285 22489.8700
v 162.1528 896.4498 22489.8700
v 162.1255 896.5753 22489.8700
v 162.2046 896.1951 22489.8700
v 162.1795 896.3211 22489.8700
v 162.2519 895.9396 22489.8700
v 162.2291 896.0660 22489.8700
v 162.2948 895.6833 22489.8700
v 162.2742 895.8101 22489.8700
v 162.3332 895.4263 22489.8700
v 162.3148 895.5534 22489.8700
v 162.3671 895.1687 22489.8700
v 162.3509 895.2961 22489.8700
v 162.3965 894.9105 22489.8700
v 162.3826 895.0381 22489.8700
v 162.4215 894.6519 22489.8700
v 162.4097 894.7797 22489.8700
v 162.4418 894.3928 22489.8700
v 162.4323 894.5209 22489.8700
v 162.4577 894.1334 22489.8700
v 162.4504 894.2616 22489.8700
v 162.4690 893.8738 22489.8700
v 162.4640 894.0021 22489.8700
v 162.4758 893.6140 22489.8700
v 162.4731 893.7424 22489.8700
v 162.4776 893.4826 22489.8700
v 162.4781 893.3542 22475.1900
v 158.1172 882.8260 22475.1900
v 147.5890 878.4651 22475.1900
v 137.0608 882.8260 22475.1900
v 132.6999 893.3542 22475.1900
v 137.0608 903.8823 22475.1900
v 147.5890 908.2433 22475.1900
v 158.1172 903.8823 22475.1900
v 519.8165 818.8970 22355.8700
v 519.8165 818.8970 22370.9900
v 519.8165 967.7880 22355.8700
v 519.8165 967.7880 22370.9900
v 520.1414 892.4821 22355.8700
v 668.7075 967.7880 22355.8700
v 668.7075 967.7880 22370.9900
v 593.4016 967.4632 22355.8700
v 668.7075 818.8970 22355.8700
v 668.7075 818.8970 22370.9900
v 668.3827 894.2029 22355.8700
v 595.1224 819.2219 22355.8700
v 519.8165 148.8875 22355.8700
v 519.8165 148.8875 22385.6400
v 519.8165 148.8875 22370.9900
v 519.8165 297.7785 22385.6400
v 520.1414 222.4726 22385.6400
v 519.8165 297.7785 22355.8700
v 519.8165 297.7785 22370.9900
v 520.1414 222.4726 22355.8700
v 668.7075 297.7785 22385.6400
v 593.4016 297.4537 22385.6400
v 668.7075 297.7785 22355.8700
v 668.7075 297.7785 22370.9900
v 593.4016 297.4537 22355.8700
v 668.7075 148.8875 22385.6400
v 668.3827 224.1934 22385.6400
v 668.7075 148.8875 22355.8700
v 668.7075 148.8875 22370.9900
v 668.3827 224.1934 22355.8700
v 595.1224 149.2123 22385.6400
v 595.1224 149.2123 22355.8700
v 73.1435 148.8875 22355.8700
v 73.1435 148.8875 22385.6400
v 73.1435 148.8875 22370.9900
v 73.1435 297.7785 22385.6400
v 73.4684 222.4726 22385.6400
v 73.1435 297.7785 22355.8700
v 73.1435 297.7785 22370.9900
v 73.4684 222.4726 22355.8700
v 222.0345 297.7785 22385.6400
v 146.7286 297.4537 22385.6400
v 222.0345 297.7785 22355.8700
v 222.0345 297.7785 22370.9900
v 146.7286 297.4537 22355.8700
v 222.0345 148.8875 22385.6400
v 221.7097 224.1934 22385.6400
v 222.0345 148.8875 22355.8700
v 222.0345 148.8875 22370.9900
v 221.7097 224.1934 22355.8700
v 148.4494 149.2123 22385.6400
v 148.4494 149.2123 22355.8700
v 126.0465 564.7906 22489.8700
v 127.9077 564.7906 22486.1500
v 88.8063 564.7906 22489.8700
v 86.9452 564.7906 22486.1500
v 85.0841 564.7906 22489.8700
v 18.4582 564.7906 22489.8700
v 742.6152 564.7906 22489.8700
v 742.6152 564.7906 22385.6400
v 129.7688 564.7906 22489.8700
v 73.1435 818.8970 22355.8700
v 73.1435 818.8970 22385.6400
v 73.1435 818.8970 22370.9900
v 73.1435 967.7880 22385.6400
v 73.4684 892.4821 22385.6400
v 73.1435 967.7880 22355.8700
v 73.1435 967.7880 22370.9900
v 73.4684 892.4821 22355.8700
v 222.0345 967.7880 22385.6400
v 146.7286 967.4632 22385.6400
v 222.0345 967.7880 22355.8700
v 222.0345 967.7880 22370.9900
v 146.7286 967.4632 22355.8700
v 222.0345 818.8970 22385.6400
v 221.7097 894.2029 22385.6400
v 222.0345 818.8970 22355.8700
v 222.0345 818.8970 22370.9900
v 221.7097 894.2029 22355.8700
v 148.4494 819.2219 22385.6400
v 148.4494 819.2219 22355.8700
v 601.7064 223.3460 22355.8700 0.0000 0.0000 0.0000
v 601.6882 223.8653 22355.8700 0.0000 0.0000 0.0000
v 601.6960 223.6086 22355.8700 0.0000 0.0000 0.0000
v 601.6339 224.3820 22355.8700 0.0000 0.0000 0.0000
v 601.6596 224.1265 22355.8700 0.0000 0.0000 0.0000
v 601.5437 224.8938 22355.8700 0.0000 0.0000 0.0000
v 601.5872 224.6407 22355.8700 0.0000 0.0000 0.0000
v 601.4180 225.3980 22355.8700 0.0000 0.0000 0.0000
v 601.4790 225.1485 22355.8700 0.0000 0.0000 0.0000
v 601.2574 225.8922 22355.8700 0.0000 0.0000 0.0000
v 601.3357 225.6476 22355.8700 0.0000 0.0000 0.0000
v 601.0627 226.3739 22355.8700 0.0000 0.0000 0.0000
v 601.1579 226.1354 22355.8700 0.0000 0.0000 0.0000
v 600.8350 226.8410 22355.8700 0.0000 0.0000 0.0000
v 600.9465 226.6096 22355.8700 0.0000 0.0000 0.0000
v 600.5751 227.2910 22355.8700 0.0000 0.0000 0.0000
v 600.7026 227.0680 22355.8700 0.0000 0.0000 0.0000
v 600.2846 227.7218 22355.8700 0.0000 0.0000 0.0000
v 600.4272 227.5082 22355.8700 0.0000 0.0000 0.0000
v 599.9647 228.1312 22355.8700 0.0000 0.0000 0.0000
v 600.1219 227.9282 22355.8700 0.0000 0.0000 0.0000
v 599.6170 228.5174 22355.8700 0.0000 0.0000 0.0000
v 599.7880 228.3258 22355.8700 0.0000 0.0000 0.0000
v 599.2432 228.8783 22355.8700 0.0000 0.0000 0.0000
v 599.4271 228.6991 22355.8700 0.0000 0.0000 0.0000
v 598.8452 229.2123 22355.8700 0.0000 0.0000 0.0000
v 599.0411 229.0464 22355.8700 0.0000 0.0000 0.0000
v 598.4247 229.5178 22355.8700 0.0000 0.0000 0.0000
v 598.6318 229.3659 22355.8700 0.0000 0.0000 0.0000
v 597.9841 229.7931 22355.8700 0.0000 0.0000 0.0000
v 598.2013 229.6561 22355.8700 0.0000 0.0000 0.0000
v 597.5253 230.0371 22355.8700 0.0000 0.0000 0.0000
v 597.7515 229.9155 22355.8700 0.0000 0.0000 0.0000
v 597.0506 230.2484 22355.8700 0.0000 0.0000 0.0000
v 597.2847 230.1429 22355.8700 0.0000 0.0000 0.0000
v 596.5623 230.4261 22355.8700 0.0000 0.0000 0.0000
v 596.8032 230.3372 22355.8700 0.0000 0.0000 0.0000
v 596.0628 230.5694 22355.8700 0.0000 0.0000 0.0000
v 596.3094 230.4975 22355.8700 0.0000 0.0000 0.0000
v 595.5546 230.6774 22355.8700 0.0000 0.0000 0.0000
v 595.8055 230.6229 22355.8700 0.0000 0.0000 0.0000
v 595.0400 230.7497 22355.8700 0.0000 0.0000 0.0000
v 595.2941 230.7129 22355.8700 0.0000 0.0000 0.0000
v 594.5216 230.7860 22355.8700 0.0000 0.0000 0.0000
v 594.7777 230.7669 22355.8700 0.0000 0.0000 0.0000
v 594.0020 230.7860 22355.8700 0.0000 0.0000 0.0000
v 594.2588 230.7848 22355.8700 0.0000 0.0000 0.0000
v 593.4836 230.7497 22355.8700 0.0000 0.0000 0.0000
v 593.7399 230.7665 22355.8700 0.0000 0.0000 0.0000
v 592.9691 230.6774 22355.8700 0.0000 0.0000 0.0000
v 593.2236 230.7120 22355.8700 0.0000 0.0000 0.0000
v 592.4608 230.5694 22355.8700 0.0000 0.0000 0.0000
v 592.7123 230.6217 22355.8700 0.0000 0.0000 0.0000
v 591.9613 230.4261 22355.8700 0.0000 0.0000 0.0000
v 592.2085 230.4958 22355.8700 0.0000 0.0000 0.0000
v 591.4730 230.2484 22355.8700 0.0000 0.0000 0.0000
v 591.7147 230.3352 22355.8700 0.0000 0.0000 0.0000
v 590.9984 230.0371 22355.8700 0.0000 0.0000 0.0000
v 591.2334 230.1405 22355.8700 0.0000 0.0000 0.0000
v 590.5396 229.7931 22355.8700 0.0000 0.0000 0.0000
v 590.7668 229.9127 22355.8700 0.0000 0.0000 0.0000
v 590.0989 229.5178 22355.8700 0.0000 0.0000 0.0000
v 590.3173 229.6529 22355.8700 0.0000 0.0000 0.0000
v 589.6785 229.2123 22355.8700 0.0000 0.0000 0.0000
v 589.8869 229.3624 22355.8700 0.0000 0.0000 0.0000
v 589.2805 228.8783 22355.8700 0.0000 0.0000 0.0000
v 589.4779 229.0425 22355.8700 0.0000 0.0000 0.0000
v 588.9067 228.5174 22355.8700 0.0000 0.0000 0.0000
v 589.0922 228.6950 22355.8700 0.0000 0.0000 0.0000
v 588.5590 228.1312 22355.8700 0.0000 0.0000 0.0000
v 588.7316 228.3213 22355.8700 0.0000 0.0000 0.0000
v 588.2391 227.7218 22355.8700 0.0000 0.0000 0.0000
v 588.3981 227.9234 22355.8700 0.0000 0.0000 0.0000
v 587.9485 227.2910 22355.8700 0.0000 0.0000 0.0000
v 588.0930 227.5032 22355.8700 0.0000 0.0000 0.0000
v 587.6887 226.8410 22355.8700 0.0000 0.0000 0.0000
v 587.8181 227.0628 22355.8700 0.0000 0.0000 0.0000
v 587.4609 226.3739 22355.8700 0.0000 0.0000 0.0000
v 587.5745 226.6042 22355.8700 0.0000 0.0000 0.0000
v 587.2662 225.8922 22355.8700 0.0000 0.0000 0.0000
v 587.3635 226.1298 22355.8700 0.0000 0.0000 0.0000
v 587.1057 225.3980 22355.8700 0.0000 0.0000 0.0000
v 587.1861 225.6418 22355.8700 0.0000 0.0000 0.0000
v 586.9800 224.8938 22355.8700 0.0000 0.0000 0.0000
v 587.0432 225.1427 22355.8700 0.0000 0.0000 0.0000
v 586.8897 224.3820 22355.8700 0.0000 0.0000 0.0000
v 586.9354 224.6348 22355.8700 0.0000 0.0000 0.0000
v 586.8354 223.8653 22355.8700 0.0000 0.0000 0.0000
v 586.8634 224.1205 22355.8700 0.0000 0.0000 0.0000
v 586.8173 223.3460 22355.8700 0.0000 0.0000 0.0000
v 586.8274 223.6026 22355.8700 0.0000 0.0000 0.0000
v 586.8354 222.8267 22355.8700 0.0000 0.0000 0.0000
v 586.8276 223.0833 22355.8700 0.0000 0.0000 0.0000
v 586.8897 222.3099 22355.8700 0.0000 0.0000 0.0000
v 586.8640 222.5654 22355.8700 0.0000 0.0000 0.0000
v 586.9800 221.7982 22355.8700 0.0000 0.0000 0.0000
v 586.9365 222.0513 22355.8700 0.0000 0.0000 0.0000
v 587.1057 221.2940 22355.8700 0.0000 0.0000 0.0000
v 587.0446 221.5434 22355.8700 0.0000 0.0000 0.0000
v 587.2662 220.7998 22355.8700 0.0000 0.0000 0.0000
v 587.1879 221.0444 22355.8700 0.0000 0.0000 0.0000
v 587.4609 220.3180 22355.8700 0.0000 0.0000 0.0000
v 587.3657 220.5565 22355.8700 0.0000 0.0000 0.0000
v 587.6887 219.8510 22355.8700 0.0000 0.0000 0.0000
v 587.5771 220.0823 22355.8700 0.0000 0.0000 0.0000
v 587.9485 219.4010 22355.8700 0.0000 0.0000 0.0000
v 587.8210 219.6239 22355.8700 0.0000 0.0000 0.0000
v 588.2391 218.9702 22355.8700 0.0000 0.0000 0.0000
v 588.0964 219.1837 22355.8700 0.0000 0.0000 0.0000
v 588.5590 218.5607 22355.8700 0.0000 0.0000 0.0000
v 588.4017 218.7638 22355.8700 0.0000 0.0000 0.0000
v 588.9067 218.1745 22355.8700 0.0000 0.0000 0.0000
v 588.7357 218.3661 22355.8700 0.0000 0.0000 0.0000
v 589.2805 217.8136 22355.8700 0.0000 0.0000 0.0000
v 589.0965 217.9928 22355.8700 0.0000 0.0000 0.0000
v 589.6785 217.4796 22355.8700 0.0000 0.0000 0.0000
v 589.4825 217.6455 22355.8700 0.0000 0.0000 0.0000
v 590.0989 217.1741 22355.8700 0.0000 0.0000 0.0000
v 589.8918 217.3260 22355.8700 0.0000 0.0000 0.0000
v 590.5396 216.8988 22355.8700 0.0000 0.0000 0.0000
v 590.3224 217.0358 22355.8700 0.0000 0.0000 0.0000
v 590.9984 216.6548 22355.8700 0.0000 0.0000 0.0000
v 590.7722 216.7764 22355.8700 0.0000 0.0000 0.0000
v 591.4730 216.4435 22355.8700 0.0000 0.0000 0.0000
v 591.2389 216.5490 22355.8700 0.0000 0.0000 0.0000
v 591.9613 216.2658 22355.8700 0.0000 0.0000 0.0000
v 591.7204 216.3547 22355.8700 0.0000 0.0000 0.0000
v 592.4608 216.1225 22355.8700 0.0000 0.0000 0.0000
v 592.2143 216.1944 22355.8700 0.0000 0.0000 0.0000
v 592.9691 216.0145 22355.8700 0.0000 0.0000 0.0000
v 592.7181 216.0690 22355.8700 0.0000 0.0000 0.0000
v 593.4836 215.9422 22355.8700 0.0000 0.0000 0.0000
v 593.2295 215.9790 22355.8700 0.0000 0.0000 0.0000
v 594.0020 215.9059 22355.8700 0.0000 0.0000 0.0000
v 593.7459 215.9250 22355.8700 0.0000 0.0000 0.0000
v 594.5216 215.9059 22355.8700 0.0000 0.0000 0.0000
v 594.2648 215.9071 22355.8700 0.0000 0.0000 0.0000
v 595.0400 215.9422 22355.8700 0.0000 0.0000 0.0000
v 594.7838 215.9254 22355.8700 0.0000 0.0000 0.0000
v 595.5546 216.0145 22355.8700 0.0000 0.0000 0.0000
v 595.3001 215.9799 22355.8700 0.0000 0.0000 0.0000
v 596.0628 216.1225 22355.8700 0.0000 0.0000 0.0000
v 595.8114 216.0703 22355.8700 0.0000 0.0000 0.0000
v 596.5623 216.2658 22355.8700 0.0000 0.0000 0.0000
v 596.3151 216.1961 22355.8700 0.0000 0.0000 0.0000
v 597.0506 216.4435 22355.8700 0.0000 0.0000 0.0000
v 596.8089 216.3567 22355.8700 0.0000 0.0000 0.0000
v 597.5253 216.6548 22355.8700 0.0000 0.0000 0.0000
v 597.2902 216.5514 22355.8700 0.0000 0.0000 0.0000
v 597.9841 216.8988 22355.8700 0.0000 0.0000 0.0000
v 597.7568 216.7792 22355.8700 0.0000 0.0000 0.0000
v 598.4247 217.1741 22355.8700 0.0000 0.0000 0.0000
v 598.2064 217.0390 22355.8700 0.0000 0.0000 0.0000
v 598.8452 217.4796 22355.8700 0.0000 0.0000 0.0000
v 598.6367 217.3295 22355.8700 0.0000 0.0000 0.0000
v 599.2432 217.8136 22355.8700 0.0000 0.0000 0.0000
v 599.0457 217.6494 22355.8700 0.0000 0.0000 0.0000
v 599.6170 218.1745 22355.8700 0.0000 0.0000 0.0000
v 599.4315 217.9970 22355.8700 0.0000 0.0000 0.0000
v 599.9647 218.5607 22355.8700 0.0000 0.0000 0.0000
v 599.7920 218.3706 22355.8700 0.0000 0.0000 0.0000
v 600.2846 218.9702 22355.8700 0.0000 0.0000 0.0000
v 600.1256 218.7685 22355.8700 0.0000 0.0000 0.0000
v 600.5751 219.4010 22355.8700 0.0000 0.0000 0.0000
v 600.4306 219.1887 22355.8700 0.0000 0.0000 0.0000
v 600.8350 219.8510 22355.8700 0.0000 0.0000 0.0000
v 600.7056 219.6291 22355.8700 0.0000 0.0000 0.0000
v 601.0627 220.3180 22355.8700 0.0000 0.0000 0.0000
v 600.9492 220.0877 22355.8700 0.0000 0.0000 0.0000
v 601.2574 220.7998 22355.8700 0.0000 0.0000 0.0000
v 601.1602 220.5621 22355.8700 0.0000 0.0000 0.0000
v 601.4180 221.2940 22355.8700 0.0000 0.0000 0.0000
v 601.3375 221.0501 22355.8700 0.0000 0.0000 0.0000
v 601.5437 221.7982 22355.8700 0.0000 0.0000 0.0000
v 601.4805 221.5492 22355.8700 0.0000 0.0000 0.0000
v 601.6339 222.3099 22355.8700 0.0000 0.0000 0.0000
v 601.5882 222.0572 22355.8700 0.0000 0.0000 0.0000
v 601.6683 222.8341 22355.8700 0.0000 0.0000 0.0000
v 609.1509 223.3460 22355.8700 0.0000 0.0000 0.0000
v 609.1146 224.3846 22355.8700 0.0000 0.0000 0.0000
v 609.1303 223.8712 22355.8700 0.0000 0.0000 0.0000
v 609.0060 225.4181 22355.8700 0.0000 0.0000 0.0000
v 609.0574 224.9071 22355.8700 0.0000 0.0000 0.0000
v 608.8256 226.4416 22355.8700 0.0000 0.0000 0.0000
v 608.9125 225.9354 22355.8700 0.0000 0.0000 0.0000
v 608.5742 227.4500 22355.8700 0.0000 0.0000 0.0000
v 608.6962 226.9510 22355.8700 0.0000 0.0000 0.0000
v 608.2530 228.4383 22355.8700 0.0000 0.0000 0.0000
v 608.4095 227.9492 22355.8700 0.0000 0.0000 0.0000
v 607.8637 229.4019 22355.8700 0.0000 0.0000 0.0000
v 608.0540 228.9248 22355.8700 0.0000 0.0000 0.0000
v 607.4081 230.3360 22355.8700 0.0000 0.0000 0.0000
v 607.6312 229.8733 22355.8700 0.0000 0.0000 0.0000
v 606.8885 231.2360 22355.8700 0.0000 0.0000 0.0000
v 607.1433 230.7900 22355.8700 0.0000 0.0000 0.0000
v 606.3074 232.0975 22355.8700 0.0000 0.0000 0.0000
v 606.5927 231.6705 22355.8700 0.0000 0.0000 0.0000
v 605.6675 232.9165 22355.8700 0.0000 0.0000 0.0000
v 605.9819 232.5104 22355.8700 0.0000 0.0000 0.0000
v 604.9722 233.6888 22355.8700 0.0000 0.0000 0.0000
v 605.3141 233.3056 22355.8700 0.0000 0.0000 0.0000
v 604.2245 234.4107 22355.8700 0.0000 0.0000 0.0000
v 604.5925 234.0523 22355.8700 0.0000 0.0000 0.0000
v 603.4285 235.0787 22355.8700 0.0000 0.0000 0.0000
v 603.8204 234.7468 22355.8700 0.0000 0.0000 0.0000
v 602.5877 235.6896 22355.8700 0.0000 0.0000 0.0000
v 603.0019 235.3858 22355.8700 0.0000 0.0000 0.0000
v 601.7064 236.2403 22355.8700 0.0000 0.0000 0.0000
v 602.1407 235.9662 22355.8700 0.0000 0.0000 0.0000
v 600.7888 236.7282 22355.8700 0.0000 0.0000 0.0000
v 601.2412 236.4851 22355.8700 0.0000 0.0000 0.0000
v 599.8394 237.1509 22355.8700 0.0000 0.0000 0.0000
v 600.3077 236.9399 22355.8700 0.0000 0.0000 0.0000
v 598.8628 237.5063 22355.8700 0.0000 0.0000 0.0000
v 599.3447 237.3285 22355.8700 0.0000 0.0000 0.0000
v 597.8638 237.7928 22355.8700 0.0000 0.0000 0.0000
v 598.3569 237.6490 22355.8700 0.0000 0.0000 0.0000
v 596.8473 238.0089 22355.8700 0.0000 0.0000 0.0000
v 597.3492 237.8999 22355.8700 0.0000 0.0000 0.0000
v 595.8182 238.1535 22355.8700 0.0000 0.0000 0.0000
v 596.3265 238.0798 22355.8700 0.0000 0.0000 0.0000
v 594.7814 238.2260 22355.8700 0.0000 0.0000 0.0000
v 595.2936 238.1879 22355.8700 0.0000 0.0000 0.0000
v 593.7422 238.2260 22355.8700 0.0000 0.0000 0.0000
v 594.2558 238.2237 22355.8700 0.0000 0.0000 0.0000
v 592.7055 238.1535 22355.8700 0.0000 0.0000 0.0000
v 593.2180 238.1871 22355.8700 0.0000 0.0000 0.0000
v 591.6763 238.0089 22355.8700 0.0000 0.0000 0.0000
v 592.1853 238.0781 22355.8700 0.0000 0.0000 0.0000
v 590.6599 237.7928 22355.8700 0.0000 0.0000 0.0000
v 591.1627 237.8974 22355.8700 0.0000 0.0000 0.0000
v 589.6608 237.5063 22355.8700 0.0000 0.0000 0.0000
v 590.1552 237.6457 22355.8700 0.0000 0.0000 0.0000
v 588.6843 237.1509 22355.8700 0.0000 0.0000 0.0000
v 589.1677 237.3244 22355.8700 0.0000 0.0000 0.0000
v 587.7349 236.7282 22355.8700 0.0000 0.0000 0.0000
v 588.2050 236.9350 22355.8700 0.0000 0.0000 0.0000
v 586.8173 236.2403 22355.8700 0.0000 0.0000 0.0000
v 587.2719 236.4794 22355.8700 0.0000 0.0000 0.0000
v 585.9359 235.6896 22355.8700 0.0000 0.0000 0.0000
v 586.3727 235.9598 22355.8700 0.0000 0.0000 0.0000
v 585.0952 235.0787 22355.8700 0.0000 0.0000 0.0000
v 585.5120 235.3788 22355.8700 0.0000 0.0000 0.0000
v 584.2991 234.4107 22355.8700 0.0000 0.0000 0.0000
v 584.6940 234.7391 22355.8700 0.0000 0.0000 0.0000
v 583.5515 233.6888 22355.8700 0.0000 0.0000 0.0000
v 583.9225 234.0440 22355.8700 0.0000 0.0000 0.0000
v 582.8561 232.9165 22355.8700 0.0000 0.0000 0.0000
v 583.2015 233.2967 22355.8700 0.0000 0.0000 0.0000
v 582.2163 232.0975 22355.8700 0.0000 0.0000 0.0000
v 582.5343 232.5009 22355.8700 0.0000 0.0000 0.0000
v 581.6351 231.2360 22355.8700 0.0000 0.0000 0.0000
v 581.9243 231.6605 22355.8700 0.0000 0.0000 0.0000
v 581.1155 230.3360 22355.8700 0.0000 0.0000 0.0000
v 581.3743 230.7796 22355.8700 0.0000 0.0000 0.0000
v 580.6600 229.4019 22355.8700 0.0000 0.0000 0.0000
v 580.8871 229.8625 22355.8700 0.0000 0.0000 0.0000
v 580.2706 228.4383 22355.8700 0.0000 0.0000 0.0000
v 580.4651 228.9137 22355.8700 0.0000 0.0000 0.0000
v 579.9495 227.4500 22355.8700 0.0000 0.0000 0.0000
v 580.1104 227.9377 22355.8700 0.0000 0.0000 0.0000
v 579.6981 226.4416 22355.8700 0.0000 0.0000 0.0000
v 579.8245 226.9394 22355.8700 0.0000 0.0000 0.0000
v 579.5176 225.4181 22355.8700 0.0000 0.0000 0.0000
v 579.6091 225.9235 22355.8700 0.0000 0.0000 0.0000
v 579.4090 224.3846 22355.8700 0.0000 0.0000 0.0000
v 579.4649 224.8951 22355.8700 0.0000 0.0000 0.0000
v 579.3727 223.3460 22355.8700 0.0000 0.0000 0.0000
v 579.3929 223.8592 22355.8700 0.0000 0.0000 0.0000
v 579.4090 222.3073 22355.8700 0.0000 0.0000 0.0000
v 579.3933 222.8207 22355.8700 0.0000 0.0000 0.0000
v 579.5176 221.2738 22355.8700 0.0000 0.0000 0.0000
v 579.4662 221.7848 22355.8700 0.0000 0.0000 0.0000
v 579.6981 220.2503 22355.8700 0.0000 0.0000 0.0000
v 579.6111 220.7565 22355.8700 0.0000 0.0000 0.0000
v 579.9495 219.2420 22355.8700 0.0000 0.0000 0.0000
v 579.8275 219.7409 22355.8700 0.0000 0.0000 0.0000
v 580.2706 218.2536 22355.8700 0.0000 0.0000 0.0000
v 580.1141 218.7428 22355.8700 0.0000 0.0000 0.0000
v 580.6600 217.2900 22355.8700 0.0000 0.0000 0.0000
v 580.4697 217.7671 22355.8700 0.0000 0.0000 0.0000
v 581.1155 216.3560 22355.8700 0.0000 0.0000 0.0000
v 580.8924 216.8186 22355.8700 0.0000 0.0000 0.0000
v 581.6351 215.4559 22355.8700 0.0000 0.0000 0.0000
v 581.3803 215.9019 22355.8700 0.0000 0.0000 0.0000
v 582.2163 214.5944 22355.8700 0.0000 0.0000 0.0000
v 581.9310 215.0214 22355.8700 0.0000 0.0000 0.0000
v 582.8561 213.7754 22355.8700 0.0000 0.0000 0.0000
v 582.5417 214.1816 22355.8700 0.0000 0.0000 0.0000
v 583.5515 213.0031 22355.8700 0.0000 0.0000 0.0000
v 583.2095 213.3863 22355.8700 0.0000 0.0000 0.0000
v 584.2991 212.2812 22355.8700 0.0000 0.0000 0.0000
v 583.9312 212.6396 22355.8700 0.0000 0.0000 0.0000
v 585.0952 211.6132 22355.8700 0.0000 0.0000 0.0000
v 584.7032 211.9451 22355.8700 0.0000 0.0000 0.0000
v 585.9359 211.0023 22355.8700 0.0000 0.0000 0.0000
v 585.5217 211.3061 22355.8700 0.0000 0.0000 0.0000
v 586.8173 210.4516 22355.8700 0.0000 0.0000 0.0000
v 586.3829 210.7257 22355.8700 0.0000 0.0000 0.0000
v 587.7349 209.9637 22355.8700 0.0000 0.0000 0.0000
v 587.2824 210.2069 22355.8700 0.0000 0.0000 0.0000
v 588.6843 209.5410 22355.8700 0.0000 0.0000 0.0000
v 588.2160 209.7520 22355.8700 0.0000 0.0000 0.0000
v 589.6608 209.1856 22355.8700 0.0000 0.0000 0.0000
v 589.1790 209.3634 22355.8700 0.0000 0.0000 0.0000
v 590.6599 208.8991 22355.8700 0.0000 0.0000 0.0000
v 590.1667 209.0429 22355.8700 0.0000 0.0000 0.0000
v 591.6763 208.6831 22355.8700 0.0000 0.0000 0.0000
v 591.1744 208.7921 22355.8700 0.0000 0.0000 0.0000
v 592.7055 208.5384 22355.8700 0.0000 0.0000 0.0000
v 592.1972 208.6122 22355.8700 0.0000 0.0000 0.0000
v 593.7422 208.4659 22355.8700 0.0000 0.0000 0.0000
v 593.2300 208.5040 22355.8700 0.0000 0.0000 0.0000
v 594.7814 208.4659 22355.8700 0.0000 0.0000 0.0000
v 594.2678 208.4682 22355.8700 0.0000 0.0000 0.0000
v 595.8182 208.5384 22355.8700 0.0000 0.0000 0.0000
v 595.3056 208.5049 22355.8700 0.0000 0.0000 0.0000
v 596.8473 208.6831 22355.8700 0.0000 0.0000 0.0000
v 596.3384 208.6138 22355.8700 0.0000 0.0000 0.0000
v 597.8638 208.8991 22355.8700 0.0000 0.0000 0.0000
v 597.3610 208.7946 22355.8700 0.0000 0.0000 0.0000
v 598.8628 209.1856 22355.8700 0.0000 0.0000 0.0000
v 598.3685 209.0462 22355.8700 0.0000 0.0000 0.0000
v 599.8394 209.5410 22355.8700 0.0000 0.0000 0.0000
v 599.3560 209.3675 22355.8700 0.0000 0.0000 0.0000
v 600.7888 209.9637 22355.8700 0.0000 0.0000 0.0000
v 600.3187 209.7569 22355.8700 0.0000 0.0000 0.0000
v 601.7064 210.4516 22355.8700 0.0000 0.0000 0.0000
v 601.2518 210.2125 22355.8700 0.0000 0.0000 0.0000
v 602.5877 211.0023 22355.8700 0.0000 0.0000 0.0000
v 602.1509 210.7321 22355.8700 0.0000 0.0000 0.0000
v 603.4285 211.6132 22355.8700 0.0000 0.0000 0.0000
v 603.0116 211.3131 22355.8700 0.0000 0.0000 0.0000
v 604.2245 212.2812 22355.8700 0.0000 0.0000 0.0000
v 603.8297 211.9528 22355.8700 0.0000 0.0000 0.0000
v 604.9722 213.0031 22355.8700 0.0000 0.0000 0.0000
v 604.6011 212.6480 22355.8700 0.0000 0.0000 0.0000
v 605.6675 213.7754 22355.8700 0.0000 0.0000 0.0000
v 605.3221 213.3953 22355.8700 0.0000 0.0000 0.0000
v 606.3074 214.5944 22355.8700 0.0000 0.0000 0.0000
v 605.9894 214.1910 22355.8700 0.0000 0.0000 0.0000
v 606.8885 215.4559 22355.8700 0.0000 0.0000 0.0000
v 606.5994 215.0314 22355.8700 0.0000 0.0000 0.0000
v 607.4081 216.3560 22355.8700 0.0000 0.0000 0.0000
v 607.1494 215.9123 22355.8700 0.0000 0.0000 0.0000
v 607.8637 217.2900 22355.8700 0.0000 0.0000 0.0000
v 607.6365 216.8294 22355.8700 0.0000 0.0000 0.0000
v 608.2530 218.2536 22355.8700 0.0000 0.0000 0.0000
v 608.0585 217.7782 22355.8700 0.0000 0.0000 0.0000
v 608.5742 219.2420 22355.8700 0.0000 0.0000 0.0000
v 608.4133 218.7542 22355.8700 0.0000 0.0000 0.0000
v 608.8256 220.2503 22355.8700 0.0000 0.0000 0.0000
v 608.6991 219.7525 22355.8700 0.0000 0.0000 0.0000
v 609.0060 221.2738 22355.8700 0.0000 0.0000 0.0000
v 608.9146 220.7684 22355.8700 0.0000 0.0000 0.0000
v 609.0748 222.3222 22355.8700 0.0000 0.0000 0.0000

o Shape_0
usemtl material_1
f 1 2 3
f 2 4 5
f 4 6 7
f 6 8 9
f 8 10 11
f 10 12 13
f 12 14 15
f 14 16 17
f 16 18 19
f 18 20 21
f 20 22 23
f 22 24 25
f 24 26 27
f 26 28 29
f 28 30 31
f 30 32 33
f 32 34 35
f 34 36 37
f 36 38 39
f 38 40 41
f 40 42 43
f 42 44 45
f 44 46 47
f 46 48 49
f 48 50 51
f 50 52 53
f 52 54 55
f 54 56 57
f 56 58 59
f 58 60 61
f 60 62 63
f 62 64 65
f 64 66 67
f 66 68 69
f 68 70 71
f 70 72 73
f 72 74 75
f 74 76 77
f 76 78 79
f 78 80 81
f 80 82 83
f 82 84 85
f 84 86 87
f 86 88 89
f 88 90 91
f 90 92 93
f 92 94 95
f 94 96 97
f 96 98 99
f 98 100 101
f 100 102 103
f 102 104 105
f 104 106 107
f 106 108 109
f 108 110 111
f 110 112 113
f 112 114 115
f 114 116 117
f 116 118 119
f 118 120 121
f 120 122 123
f 122 124 125
f 124 126 127
f 126 128 129
f 128 130 131
f 130 132 133
f 132 134 135
f 134 136 137
f 136 138 139
f 138 140 141
f 140 142 143
f 142 144 145
f 144 146 147
f 146 148 149
f 148 150 151
f 150 152 153
f 152 154 155
f 154 156 157
f 156 158 159
f 158 160 161

o Shape_1
usemtl material_1
f 162 163 164
f 163 165 166
f 165 167 168
f 167 169 170
f 169 171 172
f 171 173 174
f 173 175 176
f 175 177 178
f 177 179 180
f 179 181 182
f 181 183 184
f 183 185 186
f 185 187 188
f 187 189 190
f 189 191 192
f 191 193 194
f 193 195 196
f 195 197 198
f 197 199 200
f 199 201 202
f 201 203 204
f 203 205 206
f 205 207 208
f 207 209 210
f 209 211 212
f 211 213 214
f 213 215 216
f 215 217 218
f 217 219 220
f 219 221 222
f 221 223 224
f 223 225 226
f 225 227 228
f 227 229 230
f 229 231 232
f 231 233 234
f 233 235 236
f 235 237 238
f 237 239 240
f 239 241 242
f 241 243 244
f 243 245 246
f 245 247 248
f 247 249 250
f 249 251 252
f 251 253 254
f 253 255 256
f 255 257 258
f 257 259 260
f 259 261 262
f 261 263 264
f 263 265 266
f 265 267 268
f 267 269 270
f 269 271 272
f 271 273 274
f 273 275 276
f 275 277 278
f 277 279 280
f 279 281 282
f 281 283 284
f 283 285 286
f 285 287 288
f 287 289 290
f 289 291 292
f 291 293 294
f 293 295 296
f 295 297 298
f 297 299 300
f 299 301 302
f 301 303 304
f 303 305 306
f 305 307 308
f 307 309 310
f 309 311 312
f 311 313 314
f 313 315 316
f 315 317 318
f 317 319 320
f 319 321 322

o Shape_2
usemtl material_1
f 323 162 324
f 323 162 324

o Shape_3
usemtl material_1
f 325 160 326
f 325 160 326

o Shape_4
usemtl material_1
f 323 327 328
f 323 327 328

o Shape_5
usemtl material_1
f 329 327 330
f 329 327 330

o Shape_6
usemtl material_1
f 329 325 331
f 329 325 331

o Shape_7
usemtl material_1
f 323 325 332
f 323 325 332

o Shape_8
usemtl material_1
f 333 162 334
f 333 162 334

o Shape_9
usemtl material_1
f 335 333 336
f 335 333 336

o Shape_10
usemtl material_1
f 337 335 338
f 337 335 338

o Shape_11
usemtl material_1
f 339 337 340
f 339 337 340

o Shape_12
usemtl material_1
f 341 339 342
f 341 339 342

o Shape_13
usemtl material_1
f 343 341 344
f 343 341 344

o Shape_14
usemtl material_1
f 345 343 346
f 345 343 346

o Shape_15
usemtl material_1
f 347 345 348
f 347 345 348

o Shape_16
usemtl material_1
f 349 347 350
f 349 347 350

o Shape_17
usemtl material_1
f 327 349 351
f 327 349 351

o Shape_18
usemtl material_1
f 323 327 328
f 323 327 328

o Shape_19
usemtl material_1
f 162 323 352
f 162 323 352

o Shape_20
usemtl material_1
f 349 353 354
f 349 353 354

o Shape_21
usemtl material_1
f 353 329 355
f 353 329 355

o Shape_22
usemtl material_1
f 329 327 330
f 329 327 330

o Shape_23
usemtl material_1
f 327 349 351
f 327 349 351

o Shape_24
usemtl material_1
f 329 325 331
f 329 325 331

o Shape_25
usemtl material_1
f 353 329 355
f 353 329 355

o Shape_26
usemtl material_1
f 356 353 357
f 356 353 357

o Shape_27
usemtl material_1
f 358 356 359
f 358 356 359

o Shape_28
usemtl material_1
f 360 358 361
f 360 358 361

o Shape_29
usemtl material_1
f 362 360 363
f 362 360 363

o Shape_30
usemtl material_1
f 364 362 365
f 364 362 365

o Shape_31
usemtl material_1
f 366 364 367
f 366 364 367

o Shape_32
usemtl material_1
f 368 366 369
f 368 366 369

o Shape_33
usemtl material_1
f 370 368 371
f 370 368 371

o Shape_34
usemtl material_1
f 160 370 372
f 160 370 372

o Shape_35
usemtl material_1
f 325 160 326
f 325 160 326

o Shape_36
usemtl material_1
f 373 374 375
f 373 374 375

o Shape_37
usemtl material_1
f 374 376 377
f 374 376 377

o Shape_38
usemtl material_1
f 376 378 379
f 376 378 379

o Shape_39
usemtl material_1
f 378 373 380
f 378 373 380

o Shape_40
usemtl material_1
f 381 382 383
f 382 384 385
f 384 386 387
f 386 388 389
f 388 390 391
f 390 392 393
f 392 394 395
f 394 396 397
f 396 398 399
f 398 400 401
f 400 402 403
f 402 404 405
f 404 406 407
f 406 408 409
f 408 410 411
f 410 412 413
f 412 414 415
f 414 416 417
f 416 418 419
f 418 420 421
f 420 422 423
f 422 424 425
f 424 426 427
f 426 428 429
f 428 430 431
f 430 432 433
f 432 434 435
f 434 436 437
f 436 438 439
f 438 440 441
f 440 442 443
f 442 444 445
f 444 446 447
f 446 448 449
f 448 450 451
f 450 452 453
f 452 454 455
f 454 456 457
f 456 458 459
f 458 460 461
f 460 462 463
f 462 464 465
f 464 466 467
f 466 468 469
f 468 470 471
f 470 472 473
f 472 474 475
f 474 476 477
f 476 478 479
f 478 480 481
f 480 482 483
f 482 484 485
f 484 486 487
f 486 488 489
f 488 490 491
f 490 492 493
f 492 494 495
f 494 496 497
f 496 498 499
f 498 500 501
f 500 502 503
f 502 504 505
f 504 506 507
f 506 508 509
f 508 510 511
f 510 512 513
f 512 514 515
f 514 516 517
f 516 518 519
f 518 520 521
f 520 522 523
f 522 524 525
f 524 526 527
f 526 528 529
f 528 530 531
f 530 532 533
f 532 534 535
f 534 536 537
f 536 538 539
f 538 540 541
f 540 542 543
f 542 544 545
f 544 546 547
f 546 548 549
f 548 550 551
f 550 552 553
f 552 554 555
f 554 556 557
f 556 558 559
f 558 560 561
f 560 562 563
f 562 564 565
f 564 566 567
f 566 568 569
f 568 570 571
f 570 572 573
f 572 574 575
f 574 576 577
f 576 578 579
f 578 580 581
f 580 582 583
f 582 584 585
f 584 586 587
f 586 588 589
f 588 590 591
f 590 592 593
f 592 594 595
f 594 596 597
f 596 598 599
f 598 600 601
f 600 602 603
f 602 604 605
f 604 606 607
f 606 608 609
f 608 610 611
f 610 612 613
f 612 614 615
f 614 616 617
f 616 618 619
f 618 620 621
f 620 622 623
f 622 624 625
f 624 626 627
f 626 628 629
f 628 630 631
f 630 632 633
f 632 634 635
f 634 636 637
f 636 638 639
f 638 640 641
f 640 642 643
f 642 644 645
f 644 646 647
f 646 648 649
f 648 650 651
f 650 652 653
f 652 654 655
f 654 656 657
f 656 658 659
f 658 660 661
f 660 662 663
f 662 664 665
f 664 666 667
f 666 668 669
f 668 670 671
f 670 672 673
f 672 674 675
f 674 676 677
f 676 678 679
f 678 680 681
f 680 682 683
f 682 684 685
f 684 686 687
f 686 688 689
f 688 690 691
f 690 692 693
f 692 694 695
f 694 696 697
f 696 698 699
f 698 700 701
f 700 702 703
f 702 704 705
f 704 706 707
f 706 708 709
f 708 710 711
f 710 712 713
f 712 714 715
f 714 716 717
f 716 718 719
f 718 720 721
f 720 722 723
f 722 724 725
f 724 726 727
f 726 728 729
f 728 730 731
f 730 732 733
f 732 734 735
f 734 736 737
f 736 738 739
f 738 740 741
f 740 742 743
f 742 744 745
f 744 746 747
f 746 748 749
f 748 750 751
f 750 752 753
f 752 754 755
f 754 756 757
f 756 758 759
f 758 760 761
f 760 762 763
f 762 764 765
f 764 766 767
f 766 768 769
f 768 770 771
f 770 772 773
f 772 774 775
f 774 776 777
f 776 778 779
f 778 780 781
f 780 782 783
f 782 784 785
f 784 786 787
f 786 788 789
f 788 790 791
f 790 792 793
f 792 794 795
f 794 796 797
f 796 798 799
f 798 800 801
f 800 802 803
f 802 804 805
f 804 806 807
f 806 808 809
f 808 810 811
f 810 812 813
f 812 814 815
f 814 816 817
f 816 818 819
f 818 820 821
f 820 822 823
f 822 824 825
f 824 826 827
f 826 828 829
f 828 830 831
f 830 832 833
f 832 834 835
f 834 836 837
f 836 838 839
f 838 840 841
f 840 842 843
f 842 844 845
f 844 846 847
f 846 848 849
f 848 850 851
f 850 852 853
f 852 854 855
f 854 856 857
f 856 858 859
f 858 860 861
f 860 862 863
f 862 864 865
f 864 866 867
f 866 868 869
f 868 870 871
f 870 872 873
f 872 874 875
f 874 876 877
f 876 878 879
f 878 880 881
f 880 882 883
f 882 884 885
f 884 886 887
f 886 888 889
f 888 890 891
f 890 892 893
f 892 894 895
f 894 896 897
f 896 898 899
f 898 900 901
f 900 902 903
f 902 904 905
f 904 906 907
f 906 908 909
f 908 910 911
f 910 912 913
f 912 914 915
f 914 916 917
f 916 918 919
f 918 920 921
f 920 922 923
f 922 924 925
f 924 926 927
f 926 928 929
f 928 930 931
f 930 932 933
f 932 934 935
f 934 936 937
f 936 938 939
f 938 940 941
f 940 942 943
f 942 944 945
f 944 946 947
f 946 948 949
f 948 950 951
f 950 952 953
f 952 954 955
f 954 956 957
f 956 958 959
f 958 960 961
f 960 962 963
f 962 964 965
f 964 966 967
f 966 968 969
f 968 970 971
f 970 972 973
f 972 974 975
f 974 976 977
f 976 978 979
f 978 980 981
f 980 982 983
f 982 984 985
f 984 986 987
f 986 988 989
f 988 990 991
f 990 992 993
f 992 994 995
f 994 996 997
f 996 998 999
f 998 1000 1001
f 1000 1002 1003
f 1002 1004 1005
f 1004 1006 1007
f 1006 1008 1009
f 1008 1010 1011
f 1010 1012 1013
f 1012 1014 1015
f 1014 1016 1017
f 1016 1018 1019
f 1018 1020 1021
f 1020 1022 1023
f 1022 1024 1025
f 1024 1026 1027
f 1026 1028 1029
f 1028 1030 1031
f 1030 1032 1033
f 1032 1034 1035
f 1034 1036 1037
f 1036 1038 1039
f 1038 1040 1041
f 1040 1042 1043
f 1042 1044 1045
f 1044 1046 1047
f 1046 1048 1049
f 1048 1050 1051
f 1050 1052 1053
f 1052 1054 1055
f 1054 1056 1057
f 1056 1058 1059
f 1058 1060 1061
f 1060 1062 1063
f 1062 1064 1065
f 1064 1066 1067
f 1066 1068 1069
f 1068 1070 1071
f 1070 1072 1073
f 1072 1074 1075
f 1074 1076 1077
f 1076 1078 1079
f 1078 1080 1081
f 1080 1082 1083
f 1082 1084 1085
f 1084 1086 1087
f 1086 1088 1089
f 1088 1090 1091
f 1090 1092 1093
f 1092 1094 1095
f 1094 1096 1097
f 1096 1098 1099
f 1098 381 1100

o Shape_41
usemtl material_1
f 1101 1102 1103
f 1102 1104 1105
f 1104 1106 1107
f 1106 1108 1109
f 1108 1110 1111
f 1110 1112 1113
f 1112 1114 1115
f 1114 1116 1117
f 1116 1118 1119
f 1118 1120 1121
f 1120 1122 1123
f 1122 1124 1125
f 1124 1126 1127
f 1126 1128 1129
f 1128 1130 1131
f 1130 1132 1133
f 1132 1134 1135
f 1134 1136 1137
f 1136 1138 1139
f 1138 1140 1141
f 1140 1142 1143
f 1142 1144 1145
f 1144 1146 1147
f 1146 1148 1149
f 1148 1150 1151
f 1150 1152 1153
f 1152 1154 1155
f 1154 1156 1157
f 1156 1158 1159
f 1158 1160 1161
f 1160 1162 1163
f 1162 1164 1165
f 1164 1166 1167
f 1166 1168 1169
f 1168 1170 1171
f 1170 1172 1173
f 1172 1174 1175
f 1174 1176 1177
f 1176 1178 1179
f 1178 1180 1181
f 1180 1182 1183
f 1182 1184 1185
f 1184 1186 1187
f 1186 1188 1189
f 1188 1190 1191
f 1190 1192 1193
f 1192 1194 1195
f 1194 1196 1197
f 1196 1198 1199
f 1198 1200 1201
f 1200 1202 1203
f 1202 1204 1205
f 1204 1206 1207
f 1206 1208 1209
f 1208 1210 1211
f 1210 1212 1213
f 1212 1214 1215
f 1214 1216 1217
f 1216 1218 1219
f 1218 1220 1221
f 1220 1222 1223
f 1222 1224 1225
f 1224 1226 1227
f 1226 1228 1229
f 1228 1230 1231
f 1230 1232 1233
f 1232 1234 1235
f 1234 1236 1237
f 1236 1238 1239
f 1238 1240 1241
f 1240 1242 1243
f 1242 1244 1245
f 1244 1246 1247
f 1246 1248 1249
f 1248 1250 1251
f 1250 1252 1253
f 1252 1254 1255
f 1254 1256 1257
f 1256 1258 1259
f 1258 1260 1261
f 1260 1262 1263
f 1262 1264 1265
f 1264 1266 1267
f 1266 1268 1269
f 1268 1270 1271
f 1270 1272 1273
f 1272 1274 1275
f 1274 1276 1277
f 1276 1278 1279
f 1278 1280 1281
f 1280 1282 1283
f 1282 1284 1285
f 1284 1286 1287
f 1286 1288 1289
f 1288 1290 1291
f 1290 1292 1293
f 1292 1294 1295
f 1294 1296 1297
f 1296 1298 1299
f 1298 1300 1301
f 1300 1302 1303
f 1302 1304 1305
f 1304 1306 1307
f 1306 1308 1309
f 1308 1310 1311
f 1310 1312 1313
f 1312 1314 1315
f 1314 1316 1317
f 1316 1318 1319
f 1318 1320 1321
f 1320 1322 1323
f 1322 1324 1325
f 1324 1326 1327
f 1326 1328 1329
f 1328 1330 1331
f 1330 1332 1333
f 1332 1334 1335
f 1334 1336 1337
f 1336 1338 1339
f 1338 1340 1341
f 1340 1342 1343
f 1342 1344 1345
f 1344 1346 1347
f 1346 1348 1349
f 1348 1350 1351
f 1350 1352 1353
f 1352 1354 1355
f 1354 1356 1357
f 1356 1358 1359
f 1358 1360 1361
f 1360 1362 1363
f 1362 1364 1365
f 1364 1366 1367
f 1366 1368 1369
f 1368 1370 1371
f 1370 1372 1373
f 1372 1374 1375
f 1374 1376 1377
f 1376 1378 1379
f 1378 1380 1381
f 1380 1382 1383
f 1382 1384 1385
f 1384 1386 1387
f 1386 1388 1389
f 1388 1390 1391
f 1390 1392 1393
f 1392 1394 1395
f 1394 1396 1397
f 1396 1398 1399
f 1398 1400 1401
f 1400 1402 1403
f 1402 1404 1405
f 1404 1406 1407
f 1406 1408 1409
f 1408 1410 1411
f 1410 1412 1413
f 1412 1414 1415
f 1414 1416 1417
f 1416 1418 1419
f 1418 1420 1421
f 1420 1422 1423
f 1422 1424 1425
f 1424 1426 1427
f 1426 1428 1429
f 1428 1430 1431
f 1430 1432 1433
f 1432 1434 1435
f 1434 1436 1437
f 1436 1438 1439
f 1438 1440 1441
f 1440 1442 1443
f 1442 1444 1445
f 1444 1446 1447
f 1446 1448 1449
f 1448 1450 1451
f 1450 1452 1453
f 1452 1454 1455
f 1454 1456 1457
f 1456 1458 1459
f 1458 1460 1461
f 1460 1462 1463
f 1462 1464 1465
f 1464 1466 1467
f 1466 1468 1469
f 1468 1470 1471
f 1470 1472 1473
f 1472 1474 1475
f 1474 1476 1477
f 1476 1478 1479
f 1478 1480 1481
f 1480 1482 1483
f 1482 1484 1485
f 1484 1486 1487
f 1486 1488 1489
f 1488 1490 1491
f 1490 1492 1493
f 1492 1494 1495
f 1494 1496 1497
f 1496 1498 1499
f 1498 1500 1501
f 1500 1502 1503
f 1502 1504 1505
f 1504 1506 1507
f 1506 1508 1509
f 1508 1510 1511
f 1510 1512 1513
f 1512 1514 1515
f 1514 1516 1517
f 1516 1518 1519
f 1518 1520 1521
f 1520 1522 1523
f 1522 1524 1525
f 1524 1526 1527
f 1526 1528 1529
f 1528 1530 1531
f 1530 1532 1533
f 1532 1534 1535
f 1534 1536 1537
f 1536 1538 1539
f 1538 1540 1541
f 1540 1542 1543
f 1542 1544 1545
f 1544 1546 1547
f 1546 1548 1549
f 1548 1550 1551
f 1550 1552 1553
f 1552 1554 1555
f 1554 1556 1557
f 1556 1558 1559
f 1558 1560 1561
f 1560 1562 1563
f 1562 1564 1565
f 1564 1566 1567
f 1566 1568 1569
f 1568 1570 1571
f 1570 1572 1573
f 1572 1574 1575
f 1574 1576 1577
f 1576 1578 1579
f 1578 1580 1581
f 1580 1582 1583
f 1582 1584 1585
f 1584 1586 1587
f 1586 1588 1589
f 1588 1590 1591
f 1590 1592 1593
f 1592 1594 1595
f 1594 1596 1597
f 1596 1598 1599
f 1598 1600 1601
f 1600 1602 1603
f 1602 1604 1605
f 1604 1606 1607
f 1606 1608 1609
f 1608 1610 1611
f 1610 1612 1613
f 1612 1614 1615
f 1614 1616 1617
f 1616 1618 1619
f 1618 1620 1621
f 1620 1622 1623
f 1622 1624 1625
f 1624 1626 1627
f 1626 1628 1629
f 1628 1630 1631
f 1630 1632 1633
f 1632 1634 1635
f 1634 1636 1637
f 1636 1638 1639
f 1638 1640 1641
f 1640 1642 1643
f 1642 1644 1645
f 1644 1646 1647
f 1646 1648 1649
f 1648 1650 1651
f 1650 1652 1653
f 1652 1654 1655
f 1654 1656 1657
f 1656 1658 1659
f 1658 1660 1661
f 1660 1662 1663
f 1662 1664 1665
f 1664 1666 1667
f 1666 1668 1669
f 1668 1670 1671
f 1670 1672 1673
f 1672 1674 1675
f 1674 1676 1677
f 1676 1678 1679
f 1678 1680 1681
f 1680 1682 1683
f 1682 1684 1685
f 1684 1686 1687
f 1686 1688 1689
f 1688 1690 1691
f 1690 1692 1693
f 1692 1694 1695
f 1694 1696 1697
f 1696 1698 1699
f 1698 1700 1701
f 1700 1702 1703
f 1702 1704 1705
f 1704 1706 1707
f 1706 1708 1709
f 1708 1710 1711
f 1710 1712 1713
f 1712 1714 1715
f 1714 1716 1717
f 1716 1718 1719
f 1718 1720 1721
f 1720 1722 1723
f 1722 1724 1725
f 1724 1726 1727
f 1726 1728 1729
f 1728 1730 1731
f 1730 1732 1733
f 1732 1734 1735
f 1734 1736 1737
f 1736 1738 1739
f 1738 1740 1741
f 1740 1742 1743
f 1742 1744 1745
f 1744 1746 1747
f 1746 1748 1749
f 1748 1750 1751
f 1750 1752 1753
f 1752 1754 1755
f 1754 1756 1757
f 1756 1758 1759
f 1758 1760 1761
f 1760 1762 1763
f 1762 1764 1765
f 1764 1766 1767
f 1766 1768 1769
f 1768 1770 1771
f 1770 1772 1773
f 1772 1774 1775
f 1774 1776 1777
f 1776 1778 1779
f 1778 1780 1781
f 1780 1782 1783
f 1782 1784 1785
f 1784 1786 1787
f 1786 1788 1789
f 1788 1790 1791
f 1790 1792 1793
f 1792 1794 1795
f 1794 1796 1797
f 1796 1798 1799
f 1798 1800 1801
f 1800 1802 1803
f 1802 1804 1805
f 1804 1806 1807
f 1806 1808 1809
f 1808 1810 1811
f 1810 1812 1813
f 1812 1814 1815
f 1814 1816 1817
f 1816 1818 1819
f 1818 1101 1820

o Shape_42
usemtl material_1
f 381 1101 1821
f 381 1101 1821

o Shape_43
usemtl material_1
f 1010 1190 1822
f 1010 1190 1822

o Shape_44
usemtl material_1
f 920 1280 1823
f 920 1280 1823

o Shape_45
usemtl material_1
f 830 1370 1824
f 830 1370 1824

o Shape_46
usemtl material_1
f 740 1460 1825
f 740 1460 1825

o Shape_47
usemtl material_1
f 650 1550 1826
f 650 1550 1826

o Shape_48
usemtl material_1
f 560 1640 1827
f 560 1640 1827

o Shape_49
usemtl material_1
f 470 1730 1828
f 470 1730 1828

o Shape_50
usemtl material_1
f 381 1101 1821
f 381 1101 1821

o Shape_51
usemtl material_1
f 1829 1830 1831
f 1830 1832 1833
f 1832 1834 1835
f 1834 1836 1837
f 1836 1838 1839
f 1838 1840 1841
f 1840 1842 1843
f 1842 1844 1845
f 1844 1846 1847
f 1846 1848 1849
f 1848 1850 1851
f 1850 1852 1853
f 1852 1854 1855
f 1854 1856 1857
f 1856 1858 1859
f 1858 1860 1861
f 1860 1862 1863
f 1862 1864 1865
f 1864 1866 1867
f 1866 1868 1869
f 1868 1870 1871
f 1870 1872 1873
f 1872 1874 1875
f 1874 1876 1877
f 1876 1878 1879
f 1878 1880 1881
f 1880 1882 1883
f 1882 1884 1885
f 1884 1886 1887
f 1886 1888 1889
f 1888 1890 1891
f 1890 1892 1893
f 1892 1894 1895
f 1894 1896 1897
f 1896 1898 1899
f 1898 1900 1901
f 1900 1902 1903
f 1902 1904 1905
f 1904 1906 1907
f 1906 1908 1909
f 1908 1910 1911
f 1910 1912 1913
f 1912 1914 1915
f 1914 1916 1917
f 1916 1918 1919
f 1918 1920 1921
f 1920 1922 1923
f 1922 1924 1925
f 1924 1926 1927
f 1926 1928 1929
f 1928 1930 1931
f 1930 1932 1933
f 1932 1934 1935
f 1934 1936 1937
f 1936 1938 1939
f 1938 1940 1941
f 1940 1942 1943
f 1942 1944 1945
f 1944 1946 1947
f 1946 1948 1949
f 1948 1950 1951
f 1950 1952 1953
f 1952 1954 1955
f 1954 1956 1957
f 1956 1958 1959
f 1958 1960 1961
f 1960 1962 1963
f 1962 1964 1965
f 1964 1966 1967
f 1966 1968 1969
f 1968 1970 1971
f 1970 1972 1973
f 1972 1974 1975
f 1974 1976 1977
f 1976 1978 1979
f 1978 1980 1981
f 1980 1982 1983
f 1982 1984 1985
f 1984 1986 1987
f 1986 1988 1989
f 1988 1990 1991
f 1990 1992 1993
f 1992 1994 1995
f 1994 1996 1997
f 1996 1998 1999
f 1998 2000 2001
f 2000 2002 2003
f 2002 2004 2005
f 2004 2006 2007
f 2006 2008 2009
f 2008 2010 2011
f 2010 2012 2013
f 2012 2014 2015
f 2014 2016 2017
f 2016 2018 2019
f 2018 2020 2021
f 2020 2022 2023
f 2022 2024 2025
f 2024 2026 2027
f 2026 2028 2029
f 2028 2030 2031
f 2030 2032 2033
f 2032 2034 2035
f 2034 2036 2037
f 2036 2038 2039
f 2038 2040 2041
f 2040 2042 2043
f 2042 2044 2045
f 2044 2046 2047
f 2046 2048 2049
f 2048 2050 2051
f 2050 2052 2053
f 2052 2054 2055
f 2054 2056 2057
f 2056 2058 2059
f 2058 2060 2061
f 2060 2062 2063
f 2062 2064 2065
f 2064 2066 2067
f 2066 2068 2069
f 2068 2070 2071
f 2070 2072 2073
f 2072 2074 2075
f 2074 2076 2077
f 2076 2078 2079
f 2078 2080 2081
f 2080 2082 2083
f 2082 2084 2085
f 2084 2086 2087
f 2086 2088 2089
f 2088 2090 2091
f 2090 2092 2093
f 2092 2094 2095
f 2094 2096 2097
f 2096 2098 2099
f 2098 2100 2101
f 2100 2102 2103
f 2102 2104 2105
f 2104 2106 2107
f 2106 2108 2109
f 2108 2110 2111
f 2110 2112 2113
f 2112 2114 2115
f 2114 2116 2117
f 2116 2118 2119
f 2118 2120 2121
f 2120 2122 2123
f 2122 2124 2125
f 2124 2126 2127
f 2126 2128 2129
f 2128 2130 2131
f 2130 2132 2133
f 2132 2134 2135
f 2134 2136 2137
f 2136 2138 2139
f 2138 2140 2141
f 2140 2142 2143
f 2142 2144 2145
f 2144 2146 2147
f 2146 2148 2149
f 2148 2150 2151
f 2150 2152 2153
f 2152 2154 2155
f 2154 2156 2157
f 2156 2158 2159
f 2158 2160 2161
f 2160 2162 2163
f 2162 2164 2165
f 2164 2166 2167
f 2166 2168 2169
f 2168 2170 2171
f 2170 2172 2173
f 2172 2174 2175
f 2174 2176 2177
f 2176 2178 2179
f 2178 2180 2181
f 2180 2182 2183
f 2182 2184 2185
f 2184 2186 2187
f 2186 2188 2189
f 2188 2190 2191
f 2190 2192 2193
f 2192 2194 2195
f 2194 2196 2197
f 2196 2198 2199
f 2198 2200 2201
f 2200 2202 2203
f 2202 2204 2205
f 2204 2206 2207
f 2206 2208 2209
f 2208 2210 2211
f 2210 2212 2213
f 2212 2214 2215
f 2214 2216 2217
f 2216 2218 2219
f 2218 2220 2221
f 2220 2222 2223
f 2222 2224 2225
f 2224 2226 2227
f 2226 2228 2229
f 2228 2230 2231
f 2230 2232 2233
f 2232 2234 2235
f 2234 2236 2237
f 2236 2238 2239
f 2238 2240 2241
f 2240 2242 2243
f 2242 2244 2245
f 2244 2246 2247
f 2246 2248 2249
f 2248 2250 2251
f 2250 2252 2253
f 2252 2254 2255
f 2254 2256 2257
f 2256 2258 2259
f 2258 2260 2261
f 2260 2262 2263
f 2262 2264 2265
f 2264 2266 2267
f 2266 2268 2269
f 2268 2270 2271
f 2270 2272 2273
f 2272 2274 2275
f 2274 2276 2277
f 2276 2278 2279
f 2278 2280 2281
f 2280 2282 2283
f 2282 2284 2285
f 2284 2286 2287
f 2286 2288 2289
f 2288 2290 2291
f 2290 2292 2293
f 2292 2294 2295
f 2294 2296 2297
f 2296 2298 2299
f 2298 2300 2301
f 2300 2302 2303
f 2302 2304 2305
f 2304 2306 2307
f 2306 2308 2309
f 2308 2310 2311
f 2310 2312 2313
f 2312 2314 2315
f 2314 2316 2317
f 2316 2318 2319
f 2318 2320 2321
f 2320 2322 2323
f 2322 2324 2325
f 2324 2326 2327
f 2326 2328 2329
f 2328 2330 2331
f 2330 2332 2333
f 2332 2334 2335
f 2334 2336 2337
f 2336 2338 2339
f 2338 2340 2341
f 2340 2342 2343
f 2342 2344 2345
f 2344 2346 2347
f 2346 2348 2349
f 2348 2350 2351
f 2350 2352 2353
f 2352 2354 2355
f 2354 2356 2357
f 2356 2358 2359
f 2358 2360 2361
f 2360 2362 2363
f 2362 2364 2365
f 2364 2366 2367
f 2366 2368 2369
f 2368 2370 2371
f 2370 2372 2373
f 2372 2374 2375
f 2374 2376 2377
f 2376 2378 2379
f 2378 2380 2381
f 2380 2382 2383
f 2382 2384 2385
f 2384 2386 2387
f 2386 2388 2389
f 2388 2390 2391
f 2390 2392 2393
f 2392 2394 2395
f 2394 2396 2397
f 2396 2398 2399
f 2398 2400 2401
f 2400 2402 2403
f 2402 2404 2405
f 2404 2406 2407
f 2406 2408 2409
f 2408 2410 2411
f 2410 2412 2413
f 2412 2414 2415
f 2414 2416 2417
f 2416 2418 2419
f 2418 2420 2421
f 2420 2422 2423
f 2422 2424 2425
f 2424 2426 2427
f 2426 2428 2429
f 2428 2430 2431
f 2430 2432 2433
f 2432 2434 2435
f 2434 2436 2437
f 2436 2438 2439
f 2438 2440 2441
f 2440 2442 2443
f 2442 2444 2445
f 2444 2446 2447
f 2446 2448 2449
f 2448 2450 2451
f 2450 2452 2453
f 2452 2454 2455
f 2454 2456 2457
f 2456 2458 2459
f 2458 2460 2461
f 2460 2462 2463
f 2462 2464 2465
f 2464 2466 2467
f 2466 2468 2469
f 2468 2470 2471
f 2470 2472 2473
f 2472 2474 2475
f 2474 2476 2477
f 2476 2478 2479
f 2478 2480 2481
f 2480 2482 2483
f 2482 2484 2485
f 2484 2486 2487
f 2486 2488 2489
f 2488 2490 2491
f 2490 2492 2493
f 2492 2494 2495
f 2494 2496 2497
f 2496 2498 2499
f 2498 2500 2501
f 2500 2502 2503
f 2502 2504 2505
f 2504 2506 2507
f 2506 2508 2509
f 2508 2510 2511
f 2510 2512 2513
f 2512 2514 2515
f 2514 2516 2517
f 2516 2518 2519
f 2518 2520 2521
f 2520 2522 2523
f 2522 2524 2525
f 2524 2526 2527
f 2526 2528 2529
f 2528 2530 2531
f 2530 2532 2533
f 2532 2534 2535
f 2534 2536 2537
f 2536 2538 2539
f 2538 2540 2541
f 2540 2542 2543
f 2542 2544 2545
f 2544 2546 2547
f 2546 1829 2548

o Shape_52
usemtl material_1
f 2549 2550 2551
f 2550 2552 2553
f 2552 2554 2555
f 2554 2556 2557
f 2556 2558 2559
f 2558 2560 2561
f 2560 2562 2563
f 2562 2564 2565
f 2564 2566 2567
f 2566 2568 2569
f 2568 2570 2571
f 2570 2572 2573
f 2572 2574 2575
f 2574 2576 2577
f 2576 2578 2579
f 2578 2580 2581
f 2580 2582 2583
f 2582 2584 2585
f 2584 2586 2587
f 2586 2588 2589
f 2588 2590 2591
f 2590 2592 2593
f 2592 2594 2595
f 2594 2596 2597
f 2596 2598 2599
f 2598 2600 2601
f 2600 2602 2603
f 2602 2604 2605
f 2604 2606 2607
f 2606 2608 2609
f 2608 2610 2611
f 2610 2612 2613
f 2612 2614 2615
f 2614 2616 2617
f 2616 2618 2619
f 2618 2620 2621
f 2620 2622 2623
f 2622 2624 2625
f 2624 2626 2627
f 2626 2628 2629
f 2628 2630 2631
f 2630 2632 2633
f 2632 2634 2635
f 2634 2636 2637
f 2636 2638 2639
f 2638 2640 2641
f 2640 2642 2643
f 2642 2644 2645
f 2644 2646 2647
f 2646 2648 2649
f 2648 2650 2651
f 2650 2652 2653
f 2652 2654 2655
f 2654 2656 2657
f 2656 2658 2659
f 2658 2660 2661
f 2660 2662 2663
f 2662 2664 2665
f 2664 2666 2667
f 2666 2668 2669
f 2668 2670 2671
f 2670 2672 2673
f 2672 2674 2675
f 2674 2676 2677
f 2676 2678 2679
f 2678 2680 2681
f 2680 2682 2683
f 2682 2684 2685
f 2684 2686 2687
f 2686 2688 2689
f 2688 2690 2691
f 2690 2692 2693
f 2692 2694 2695
f 2694 2696 2697
f 2696 2698 2699
f 2698 2700 2701
f 2700 2702 2703
f 2702 2704 2705
f 2704 2706 2707
f 2706 2708 2709
f 2708 2710 2711
f 2710 2712 2713
f 2712 2714 2715
f 2714 2716 2717
f 2716 2718 2719
f 2718 2720 2721
f 2720 2722 2723
f 2722 2724 2725
f 2724 2726 2727
f 2726 2728 2729
f 2728 2730 2731
f 2730 2732 2733
f 2732 2734 2735
f 2734 2736 2737
f 2736 2738 2739
f 2738 2740 2741
f 2740 2742 2743
f 2742 2744 2745
f 2744 2746 2747
f 2746 2748 2749
f 2748 2750 2751
f 2750 2752 2753
f 2752 2754 2755
f 2754 2756 2757
f 2756 2758 2759
f 2758 2760 2761
f 2760 2762 2763
f 2762 2764 2765
f 2764 2766 2767
f 2766 2768 2769
f 2768 2770 2771
f 2770 2772 2773
f 2772 2774 2775
f 2774 2776 2777
f 2776 2778 2779
f 2778 2780 2781
f 2780 2782 2783
f 2782 2784 2785
f 2784 2786 2787
f 2786 2788 2789
f 2788 2790 2791
f 2790 2792 2793
f 2792 2794 2795
f 2794 2796 2797
f 2796 2798 2799
f 2798 2800 2801
f 2800 2802 2803
f 2802 2804 2805
f 2804 2806 2807
f 2806 2808 2809
f 2808 2810 2811
f 2810 2812 2813
f 2812 2814 2815
f 2814 2816 2817
f 2816 2818 2819
f 2818 2820 2821
f 2820 2822 2823
f 2822 2824 2825
f 2824 2826 2827
f 2826 2828 2829
f 2828 2830 2831
f 2830 2832 2833
f 2832 2834 2835
f 2834 2836 2837
f 2836 2838 2839
f 2838 2840 2841
f 2840 2842 2843
f 2842 2844 2845
f 2844 2846 2847
f 2846 2848 2849
f 2848 2850 2851
f 2850 2852 2853
f 2852 2854 2855
f 2854 2856 2857
f 2856 2858 2859
f 2858 2860 2861
f 2860 2862 2863
f 2862 2864 2865
f 2864 2866 2867
f 2866 2868 2869
f 2868 2870 2871
f 2870 2872 2873
f 2872 2874 2875
f 2874 2876 2877
f 2876 2878 2879
f 2878 2880 2881
f 2880 2882 2883
f 2882 2884 2885
f 2884 2886 2887
f 2886 2888 2889
f 2888 2890 2891
f 2890 2892 2893
f 2892 2894 2895
f 2894 2896 2897
f 2896 2898 2899
f 2898 2900 2901
f 2900 2902 2903
f 2902 2904 2905
f 2904 2906 2907
f 2906 2908 2909
f 2908 2910 2911
f 2910 2912 2913
f 2912 2914 2915
f 2914 2916 2917
f 2916 2918 2919
f 2918 2920 2921
f 2920 2922 2923
f 2922 2924 2925
f 2924 2926 2927
f 2926 2928 2929
f 2928 2930 2931
f 2930 2932 2933
f 2932 2934 2935
f 2934 2936 2937
f 2936 2938 2939
f 2938 2940 2941
f 2940 2942 2943
f 2942 2944 2945
f 2944 2946 2947
f 2946 2948 2949
f 2948 2950 2951
f 2950 2952 2953
f 2952 2954 2955
f 2954 2956 2957
f 2956 2958 2959
f 2958 2960 2961
f 2960 2962 2963
f 2962 2964 2965
f 2964 2966 2967
f 2966 2968 2969
f 2968 2970 2971
f 2970 2972 2973
f 2972 2974 2975
f 2974 2976 2977
f 2976 2978 2979
f 2978 2980 2981
f 2980 2982 2983
f 2982 2984 2985
f 2984 2986 2987
f 2986 2988 2989
f 2988 2990 2991
f 2990 2992 2993
f 2992 2994 2995
f 2994 2996 2997
f 2996 2998 2999
f 2998 3000 3001
f 3000 3002 3003
f 3002 3004 3005
f 3004 3006 3007
f 3006 3008 3009
f 3008 3010 3011
f 3010 3012 3013
f 3012 3014 3015
f 3014 3016 3017
f 3016 3018 3019
f 3018 3020 3021
f 3020 3022 3023
f 3022 3024 3025
f 3024 3026 3027
f 3026 3028 3029
f 3028 3030 3031
f 3030 3032 3033
f 3032 3034 3035
f 3034 3036 3037
f 3036 3038 3039
f 3038 3040 3041
f 3040 3042 3043
f 3042 3044 3045
f 3044 3046 3047
f 3046 3048 3049
f 3048 3050 3051
f 3050 3052 3053
f 3052 3054 3055
f 3054 3056 3057
f 3056 3058 3059
f 3058 3060 3061
f 3060 3062 3063
f 3062 3064 3065
f 3064 3066 3067
f 3066 3068 3069
f 3068 3070 3071
f 3070 3072 3073
f 3072 3074 3075
f 3074 3076 3077
f 3076 3078 3079
f 3078 3080 3081
f 3080 3082 3083
f 3082 3084 3085
f 3084 3086 3087
f 3086 3088 3089
f 3088 3090 3091
f 3090 3092 3093
f 3092 3094 3095
f 3094 3096 3097
f 3096 3098 3099
f 3098 3100 3101
f 3100 3102 3103
f 3102 3104 3105
f 3104 3106 3107
f 3106 3108 3109
f 3108 3110 3111
f 3110 3112 3113
f 3112 3114 3115
f 3114 3116 3117
f 3116 3118 3119
f 3118 3120 3121
f 3120 3122 3123
f 3122 3124 3125
f 3124 3126 3127
f 3126 3128 3129
f 3128 3130 3131
f 3130 3132 3133
f 3132 3134 3135
f 3134 3136 3137
f 3136 3138 3139
f 3138 3140 3141
f 3140 3142 3143
f 3142 3144 3145
f 3144 3146 3147
f 3146 3148 3149
f 3148 3150 3151
f 3150 3152 3153
f 3152 3154 3155
f 3154 3156 3157
f 3156 3158 3159
f 3158 3160 3161
f 3160 3162 3163
f 3162 3164 3165
f 3164 3166 3167
f 3166 3168 3169
f 3168 3170 3171
f 3170 3172 3173
f 3172 3174 3175
f 3174 3176 3177
f 3176 3178 3179
f 3178 3180 3181
f 3180 3182 3183
f 3182 3184 3185
f 3184 3186 3187
f 3186 3188 3189
f 3188 3190 3191
f 3190 3192 3193
f 3192 3194 3195
f 3194 3196 3197
f 3196 3198 3199
f 3198 3200 3201
f 3200 3202 3203
f 3202 3204 3205
f 3204 3206 3207
f 3206 3208 3209
f 3208 3210 3211
f 3210 3212 3213
f 3212 3214 3215
f 3214 3216 3217
f 3216 3218 3219
f 3218 3220 3221
f 3220 3222 3223
f 3222 3224 3225
f 3224 3226 3227
f 3226 3228 3229
f 3228 3230 3231
f 3230 3232 3233
f 3232 3234 3235
f 3234 3236 3237
f 3236 3238 3239
f 3238 3240 3241
f 3240 3242 3243
f 3242 3244 3245
f 3244 3246 3247
f 3246 3248 3249
f 3248 3250 3251
f 3250 3252 3253
f 3252 3254 3255
f 3254 3256 3257
f 3256 3258 3259
f 3258 3260 3261
f 3260 3262 3263
f 3262 3264 3265
f 3264 3266 3267
f 3266 2549 3268

o Shape_53
usemtl material_1
f 1829 2549 3269
f 1829 2549 3269

o Shape_54
usemtl material_1
f 2458 2638 3270
f 2458 2638 3270

o Shape_55
usemtl material_1
f 2368 2728 3271
f 2368 2728 3271

o Shape_56
usemtl material_1
f 2278 2818 3272
f 2278 2818 3272

o Shape_57
usemtl material_1
f 2188 2908 3273
f 2188 2908 3273

o Shape_58
usemtl material_1
f 2098 2998 3274
f 2098 2998 3274

o Shape_59
usemtl material_1
f 2008 3088 3275
f 2008 3088 3275

o Shape_60
usemtl material_1
f 1918 3178 3276
f 1918 3178 3276

o Shape_61
usemtl material_1
f 1829 2549 3269
f 1829 2549 3269

o Shape_62
usemtl material_1
f 3277 3278 3279
f 3278 3280 3281
f 3280 3282 3283
f 3282 3284 3285
f 3284 3286 3287
f 3286 3288 3289
f 3288 3290 3291
f 3290 3292 3293
f 3292 3294 3295
f 3294 3296 3297
f 3296 3298 3299
f 3298 3300 3301
f 3300 3302 3303
f 3302 3304 3305
f 3304 3306 3307
f 3306 3308 3309
f 3308 3310 3311
f 3310 3312 3313
f 3312 3314 3315
f 3314 3316 3317
f 3316 3318 3319
f 3318 3320 3321
f 3320 3322 3323
f 3322 3324 3325
f 3324 3326 3327
f 3326 3328 3329
f 3328 3330 3331
f 3330 3332 3333
f 3332 3334 3335
f 3334 3336 3337
f 3336 3338 3339
f 3338 3340 3341
f 3340 3342 3343
f 3342 3344 3345
f 3344 3346 3347
f 3346 3348 3349
f 3348 3350 3351
f 3350 3352 3353
f 3352 3354 3355
f 3354 3356 3357
f 3356 3358 3359
f 3358 3360 3361
f 3360 3362 3363
f 3362 3364 3365
f 3364 3366 3367
f 3366 3368 3369
f 3368 3370 3371
f 3370 3372 3373
f 3372 3374 3375
f 3374 3376 3377
f 3376 3378 3379
f 3378 3380 3381
f 3380 3382 3383
f 3382 3384 3385
f 3384 3386 3387
f 3386 3388 3389
f 3388 3390 3391
f 3390 3392 3393
f 3392 3394 3395
f 3394 3396 3397
f 3396 3398 3399
f 3398 3400 3401
f 3400 3402 3403
f 3402 3404 3405
f 3404 3406 3407
f 3406 3408 3409
f 3408 3410 3411
f 3410 3412 3413
f 3412 3414 3415
f 3414 3416 3417
f 3416 3418 3419
f 3418 3420 3421
f 3420 3422 3423
f 3422 3424 3425
f 3424 3426 3427
f 3426 3428 3429
f 3428 3430 3431
f 3430 3432 3433
f 3432 3434 3435
f 3434 3436 3437
f 3436 3438 3439
f 3438 3440 3441
f 3440 3442 3443
f 3442 3444 3445
f 3444 3446 3447
f 3446 3448 3449
f 3448 3450 3451
f 3450 3452 3453
f 3452 3454 3455
f 3454 3456 3457
f 3456 3458 3459
f 3458 3460 3461
f 3460 3462 3463
f 3462 3464 3465
f 3464 3466 3467
f 3466 3468 3469
f 3468 3470 3471
f 3470 3472 3473
f 3472 3474 3475
f 3474 3476 3477
f 3476 3478 3479
f 3478 3480 3481
f 3480 3482 3483
f 3482 3484 3485
f 3484 3486 3487
f 3486 3488 3489
f 3488 3490 3491
f 3490 3492 3493
f 3492 3494 3495
f 3494 3496 3497
f 3496 3498 3499
f 3498 3500 3501
f 3500 3502 3503
f 3502 3504 3505
f 3504 3506 3507
f 3506 3508 3509
f 3508 3510 3511
f 3510 3512 3513
f 3512 3514 3515
f 3514 3516 3517
f 3516 3518 3519
f 3518 3520 3521
f 3520 3522 3523
f 3522 3524 3525
f 3524 3526 3527
f 3526 3528 3529
f 3528 3530 3531
f 3530 3532 3533
f 3532 3534 3535
f 3534 3536 3537
f 3536 3538 3539
f 3538 3540 3541
f 3540 3542 3543
f 3542 3544 3545
f 3544 3546 3547
f 3546 3548 3549
f 3548 3550 3551
f 3550 3552 3553
f 3552 3554 3555
f 3554 3556 3557
f 3556 3558 3559
f 3558 3560 3561
f 3560 3562 3563
f 3562 3564 3565
f 3564 3566 3567
f 3566 3568 3569
f 3568 3570 3571
f 3570 3572 3573
f 3572 3574 3575
f 3574 3576 3577
f 3576 3578 3579
f 3578 3580 3581
f 3580 3582 3583
f 3582 3584 3585
f 3584 3586 3587
f 3586 3588 3589
f 3588 3590 3591
f 3590 3592 3593
f 3592 3594 3595
f 3594 3596 3597
f 3596 3598 3599
f 3598 3600 3601
f 3600 3602 3603
f 3602 3604 3605
f 3604 3606 3607
f 3606 3608 3609
f 3608 3610 3611
f 3610 3612 3613
f 3612 3614 3615
f 3614 3616 3617
f 3616 3618 3619
f 3618 3620 3621
f 3620 3622 3623
f 3622 3624 3625
f 3624 3626 3627
f 3626 3628 3629
f 3628 3630 3631
f 3630 3632 3633
f 3632 3634 3635
f 3634 3636 3637
f 3636 3638 3639
f 3638 3640 3641
f 3640 3642 3643
f 3642 3644 3645
f 3644 3646 3647
f 3646 3648 3649
f 3648 3650 3651
f 3650 3652 3653
f 3652 3654 3655
f 3654 3656 3657
f 3656 3658 3659
f 3658 3660 3661
f 3660 3662 3663
f 3662 3664 3665
f 3664 3666 3667
f 3666 3668 3669
f 3668 3670 3671
f 3670 3672 3673
f 3672 3674 3675
f 3674 3676 3677
f 3676 3678 3679
f 3678 3680 3681
f 3680 3682 3683
f 3682 3684 3685
f 3684 3686 3687
f 3686 3688 3689
f 3688 3690 3691
f 3690 3692 3693
f 3692 3694 3695
f 3694 3696 3697
f 3696 3698 3699
f 3698 3700 3701
f 3700 3702 3703
f 3702 3704 3705
f 3704 3706 3707
f 3706 3708 3709
f 3708 3710 3711
f 3710 3712 3713
f 3712 3714 3715
f 3714 3716 3717
f 3716 3718 3719
f 3718 3720 3721
f 3720 3722 3723
f 3722 3724 3725
f 3724 3726 3727
f 3726 3728 3729
f 3728 3730 3731
f 3730 3732 3733
f 3732 3734 3735
f 3734 3736 3737
f 3736 3738 3739
f 3738 3740 3741
f 3740 3742 3743
f 3742 3744 3745
f 3744 3746 3747
f 3746 3748 3749
f 3748 3750 3751
f 3750 3752 3753
f 3752 3754 3755
f 3754 3756 3757
f 3756 3758 3759
f 3758 3760 3761
f 3760 3762 3763
f 3762 3764 3765
f 3764 3766 3767
f 3766 3768 3769
f 3768 3770 3771
f 3770 3772 3773
f 3772 3774 3775
f 3774 3776 3777
f 3776 3778 3779
f 3778 3780 3781
f 3780 3782 3783
f 3782 3784 3785
f 3784 3786 3787
f 3786 3788 3789
f 3788 3790 3791
f 3790 3792 3793
f 3792 3794 3795
f 3794 3796 3797
f 3796 3798 3799
f 3798 3800 3801
f 3800 3802 3803
f 3802 3804 3805
f 3804 3806 3807
f 3806 3808 3809
f 3808 3810 3811
f 3810 3812 3813
f 3812 3814 3815
f 3814 3816 3817
f 3816 3818 3819
f 3818 3820 3821
f 3820 3822 3823
f 3822 3824 3825
f 3824 3826 3827
f 3826 3828 3829
f 3828 3830 3831
f 3830 3832 3833
f 3832 3834 3835
f 3834 3836 3837
f 3836 3838 3839
f 3838 3840 3841
f 3840 3842 3843
f 3842 3844 3845
f 3844 3846 3847
f 3846 3848 3849
f 3848 3850 3851
f 3850 3852 3853
f 3852 3854 3855
f 3854 3856 3857
f 3856 3858 3859
f 3858 3860 3861
f 3860 3862 3863
f 3862 3864 3865
f 3864 3866 3867
f 3866 3868 3869
f 3868 3870 3871
f 3870 3872 3873
f 3872 3874 3875
f 3874 3876 3877
f 3876 3878 3879
f 3878 3880 3881
f 3880 3882 3883
f 3882 3884 3885
f 3884 3886 3887
f 3886 3888 3889
f 3888 3890 3891
f 3890 3892 3893
f 3892 3894 3895
f 3894 3896 3897
f 3896 3898 3899
f 3898 3900 3901
f 3900 3902 3903
f 3902 3904 3905
f 3904 3906 3907
f 3906 3908 3909
f 3908 3910 3911
f 3910 3912 3913
f 3912 3914 3915
f 3914 3916 3917
f 3916 3918 3919
f 3918 3920 3921
f 3920 3922 3923
f 3922 3924 3925
f 3924 3926 3927
f 3926 3928 3929
f 3928 3930 3931
f 3930 3932 3933
f 3932 3934 3935
f 3934 3936 3937
f 3936 3938 3939
f 3938 3940 3941
f 3940 3942 3943
f 3942 3944 3945
f 3944 3946 3947
f 3946 3948 3949
f 3948 3950 3951
f 3950 3952 3953
f 3952 3954 3955
f 3954 3956 3957
f 3956 3958 3959
f 3958 3960 3961
f 3960 3962 3963
f 3962 3964 3965
f 3964 3966 3967
f 3966 3968 3969
f 3968 3970 3971
f 3970 3972 3973
f 3972 3974 3975
f 3974 3976 3977
f 3976 3978 3979
f 3978 3980 3981
f 3980 3982 3983
f 3982 3984 3985
f 3984 3986 3987
f 3986 3988 3989
f 3988 3990 3991
f 3990 3992 3993
f 3992 3994 3995
f 3994 3277 3996

o Shape_63
usemtl material_1
f 3997 3998 3999
f 3998 4000 4001
f 4000 4002 4003
f 4002 4004 4005
f 4004 4006 4007
f 4006 4008 4009
f 4008 4010 4011
f 4010 4012 4013
f 4012 4014 4015
f 4014 4016 4017
f 4016 4018 4019
f 4018 4020 4021
f 4020 4022 4023
f 4022 4024 4025
f 4024 4026 4027
f 4026 4028 4029
f 4028 4030 4031
f 4030 4032 4033
f 4032 4034 4035
f 4034 4036 4037
f 4036 4038 4039
f 4038 4040 4041
f 4040 4042 4043
f 4042 4044 4045
f 4044 4046 4047
f 4046 4048 4049
f 4048 4050 4051
f 4050 4052 4053
f 4052 4054 4055
f 4054 4056 4057
f 4056 4058 4059
f 4058 4060 4061
f 4060 4062 4063
f 4062 4064 4065
f 4064 4066 4067
f 4066 4068 4069
f 4068 4070 4071
f 4070 4072 4073
f 4072 4074 4075
f 4074 4076 4077
f 4076 4078 4079
f 4078 4080 4081
f 4080 4082 4083
f 4082 4084 4085
f 4084 4086 4087
f 4086 4088 4089
f 4088 4090 4091
f 4090 4092 4093
f 4092 4094 4095
f 4094 4096 4097
f 4096 4098 4099
f 4098 4100 4101
f 4100 4102 4103
f 4102 4104 4105
f 4104 4106 4107
f 4106 4108 4109
f 4108 4110 4111
f 4110 4112 4113
f 4112 4114 4115
f 4114 4116 4117
f 4116 4118 4119
f 4118 4120 4121
f 4120 4122 4123
f 4122 4124 4125
f 4124 4126 4127
f 4126 4128 4129
f 4128 4130 4131
f 4130 4132 4133
f 4132 4134 4135
f 4134 4136 4137
f 4136 4138 4139
f 4138 4140 4141
f 4140 4142 4143
f 4142 4144 4145
f 4144 4146 4147
f 4146 4148 4149
f 4148 4150 4151
f 4150 4152 4153
f 4152 4154 4155
f 4154 4156 4157
f 4156 4158 4159
f 4158 4160 4161
f 4160 4162 4163
f 4162 4164 4165
f 4164 4166 4167
f 4166 4168 4169
f 4168 4170 4171
f 4170 4172 4173
f 4172 4174 4175
f 4174 4176 4177
f 4176 4178 4179
f 4178 4180 4181
f 4180 4182 4183
f 4182 4184 4185
f 4184 4186 4187
f 4186 4188 4189
f 4188 4190 4191
f 4190 4192 4193
f 4192 4194 4195
f 4194 4196 4197
f 4196 4198 4199
f 4198 4200 4201
f 4200 4202 4203
f 4202 4204 4205
f 4204 4206 4207
f 4206 4208 4209
f 4208 4210 4211
f 4210 4212 4213
f 4212 4214 4215
f 4214 4216 4217
f 4216 4218 4219
f 4218 4220 4221
f 4220 4222 4223
f 4222 4224 4225
f 4224 4226 4227
f 4226 4228 4229
f 4228 4230 4231
f 4230 4232 4233
f 4232 4234 4235
f 4234 4236 4237
f 4236 4238 4239
f 4238 4240 4241
f 4240 4242 4243
f 4242 4244 4245
f 4244 4246 4247
f 4246 4248 4249
f 4248 4250 4251
f 4250 4252 4253
f 4252 4254 4255
f 4254 4256 4257
f 4256 4258 4259
f 4258 4260 4261
f 4260 4262 4263
f 4262 4264 4265
f 4264 4266 4267
f 4266 4268 4269
f 4268 4270 4271
f 4270 4272 4273
f 4272 4274 4275
f 4274 4276 4277
f 4276 4278 4279
f 4278 4280 4281
f 4280 4282 4283
f 4282 4284 4285
f 4284 4286 4287
f 4286 4288 4289
f 4288 4290 4291
f 4290 4292 4293
f 4292 4294 4295
f 4294 4296 4297
f 4296 4298 4299
f 4298 4300 4301
f 4300 4302 4303
f 4302 4304 4305
f 4304 4306 4307
f 4306 4308 4309
f 4308 4310 4311
f 4310 4312 4313
f 4312 4314 4315
f 4314 4316 4317
f 4316 4318 4319
f 4318 4320 4321
f 4320 4322 4323
f 4322 4324 4325
f 4324 4326 4327
f 4326 4328 4329
f 4328 4330 4331
f 4330 4332 4333
f 4332 4334 4335
f 4334 4336 4337
f 4336 4338 4339
f 4338 4340 4341
f 4340 4342 4343
f 4342 4344 4345
f 4344 4346 4347
f 4346 4348 4349
f 4348 4350 4351
f 4350 4352 4353
f 4352 4354 4355
f 4354 4356 4357
f 4356 4358 4359
f 4358 4360 4361
f 4360 4362 4363
f 4362 4364 4365
f 4364 4366 4367
f 4366 4368 4369
f 4368 4370 4371
f 4370 4372 4373
f 4372 4374 4375
f 4374 4376 4377
f 4376 4378 4379
f 4378 4380 4381
f 4380 4382 4383
f 4382 4384 4385
f 4384 4386 4387
f 4386 4388 4389
f 4388 4390 4391
f 4390 4392 4393
f 4392 4394 4395
f 4394 4396 4397
f 4396 4398 4399
f 4398 4400 4401
f 4400 4402 4403
f 4402 4404 4405
f 4404 4406 4407
f 4406 4408 4409
f 4408 4410 4411
f 4410 4412 4413
f 4412 4414 4415
f 4414 4416 4417
f 4416 4418 4419
f 4418 4420 4421
f 4420 4422 4423
f 4422 4424 4425
f 4424 4426 4427
f 4426 4428 4429
f 4428 4430 4431
f 4430 4432 4433
f 4432 4434 4435
f 4434 4436 4437
f 4436 4438 4439
f 4438 4440 4441
f 4440 4442 4443
f 4442 4444 4445
f 4444 4446 4447
f 4446 4448 4449
f 4448 4450 4451
f 4450 4452 4453
f 4452 4454 4455
f 4454 4456 4457
f 4456 4458 4459
f 4458 4460 4461
f 4460 4462 4463
f 4462 4464 4465
f 4464 4466 4467
f 4466 4468 4469
f 4468 4470 4471
f 4470 4472 4473
f 4472 4474 4475
f 4474 4476 4477
f 4476 4478 4479
f 4478 4480 4481
f 4480 4482 4483
f 4482 4484 4485
f 4484 4486 4487
f 4486 4488 4489
f 4488 4490 4491
f 4490 4492 4493
f 4492 4494 4495
f 4494 4496 4497
f 4496 4498 4499
f 4498 4500 4501
f 4500 4502 4503
f 4502 4504 4505
f 4504 4506 4507
f 4506 4508 4509
f 4508 4510 4511
f 4510 4512 4513
f 4512 4514 4515
f 4514 4516 4517
f 4516 4518 4519
f 4518 4520 4521
f 4520 4522 4523
f 4522 4524 4525
f 4524 4526 4527
f 4526 4528 4529
f 4528 4530 4531
f 4530 4532 4533
f 4532 4534 4535
f 4534 4536 4537
f 4536 4538 4539
f 4538 4540 4541
f 4540 4542 4543
f 4542 4544 4545
f 4544 4546 4547
f 4546 4548 4549
f 4548 4550 4551
f 4550 4552 4553
f 4552 4554 4555
f 4554 4556 4557
f 4556 4558 4559
f 4558 4560 4561
f 4560 4562 4563
f 4562 4564 4565
f 4564 4566 4567
f 4566 4568 4569
f 4568 4570 4571
f 4570 4572 4573
f 4572 4574 4575
f 4574 4576 4577
f 4576 4578 4579
f 4578 4580 4581
f 4580 4582 4583
f 4582 4584 4585
f 4584 4586 4587
f 4586 4588 4589
f 4588 4590 4591
f 4590 4592 4593
f 4592 4594 4595
f 4594 4596 4597
f 4596 4598 4599
f 4598 4600 4601
f 4600 4602 4603
f 4602 4604 4605
f 4604 4606 4607
f 4606 4608 4609
f 4608 4610 4611
f 4610 4612 4613
f 4612 4614 4615
f 4614 4616 4617
f 4616 4618 4619
f 4618 4620 4621
f 4620 4622 4623
f 4622 4624 4625
f 4624 4626 4627
f 4626 4628 4629
f 4628 4630 4631
f 4630 4632 4633
f 4632 4634 4635
f 4634 4636 4637
f 4636 4638 4639
f 4638 4640 4641
f 4640 4642 4643
f 4642 4644 4645
f 4644 4646 4647
f 4646 4648 4649
f 4648 4650 4651
f 4650 4652 4653
f 4652 4654 4655
f 4654 4656 4657
f 4656 4658 4659
f 4658 4660 4661
f 4660 4662 4663
f 4662 4664 4665
f 4664 4666 4667
f 4666 4668 4669
f 4668 4670 4671
f 4670 4672 4673
f 4672 4674 4675
f 4674 4676 4677
f 4676 4678 4679
f 4678 4680 4681
f 4680 4682 4683
f 4682 4684 4685
f 4684 4686 4687
f 4686 4688 4689
f 4688 4690 4691
f 4690 4692 4693
f 4692 4694 4695
f 4694 4696 4697
f 4696 4698 4699
f 4698 4700 4701
f 4700 4702 4703
f 4702 4704 4705
f 4704 4706 4707
f 4706 4708 4709
f 4708 4710 4711
f 4710 4712 4713
f 4712 4714 4715
f 4714 3997 4716

o Shape_64
usemtl material_1
f 3277 3997 4717
f 3277 3997 4717

o Shape_65
usemtl material_1
f 3906 4086 4718
f 3906 4086 4718

o Shape_66
usemtl material_1
f 3816 4176 4719
f 3816 4176 4719

o Shape_67
usemtl material_1
f 3726 4266 4720
f 3726 4266 4720

o Shape_68
usemtl material_1
f 3636 4356 4721
f 3636 4356 4721

o Shape_69
usemtl material_1
f 3546 4446 4722
f 3546 4446 4722

o Shape_70
usemtl material_1
f 3456 4536 4723
f 3456 4536 4723

o Shape_71
usemtl material_1
f 3366 4626 4724
f 3366 4626 4724

o Shape_72
usemtl material_1
f 3277 3997 4717
f 3277 3997 4717

o Shape_73
usemtl material_1
f 4725 4726 4727
f 4726 4728 4729
f 4728 4730 4731
f 4730 4732 4733
f 4732 4734 4735
f 4734 4736 4737
f 4736 4738 4739
f 4738 4740 4741
f 4740 4742 4743
f 4742 4744 4745
f 4744 4746 4747
f 4746 4748 4749
f 4748 4750 4751
f 4750 4752 4753
f 4752 4754 4755
f 4754 4756 4757
f 4756 4758 4759
f 4758 4760 4761
f 4760 4762 4763
f 4762 4764 4765
f 4764 4766 4767
f 4766 4768 4769
f 4768 4770 4771
f 4770 4772 4773
f 4772 4774 4775
f 4774 4776 4777
f 4776 4778 4779
f 4778 4780 4781
f 4780 4782 4783
f 4782 4784 4785
f 4784 4786 4787
f 4786 4788 4789
f 4788 4790 4791
f 4790 4792 4793
f 4792 4794 4795
f 4794 4796 4797
f 4796 4798 4799
f 4798 4800 4801
f 4800 4802 4803
f 4802 4804 4805
f 4804 4806 4807
f 4806 4808 4809
f 4808 4810 4811
f 4810 4812 4813
f 4812 4814 4815
f 4814 4816 4817
f 4816 4818 4819
f 4818 4820 4821
f 4820 4822 4823
f 4822 4824 4825
f 4824 4826 4827
f 4826 4828 4829
f 4828 4830 4831
f 4830 4832 4833
f 4832 4834 4835
f 4834 4836 4837
f 4836 4838 4839
f 4838 4840 4841
f 4840 4842 4843
f 4842 4844 4845
f 4844 4846 4847
f 4846 4848 4849
f 4848 4850 4851
f 4850 4852 4853
f 4852 4854 4855
f 4854 4856 4857
f 4856 4858 4859
f 4858 4860 4861
f 4860 4862 4863
f 4862 4864 4865
f 4864 4866 4867
f 4866 4868 4869
f 4868 4870 4871
f 4870 4872 4873
f 4872 4874 4875
f 4874 4876 4877
f 4876 4878 4879
f 4878 4880 4881
f 4880 4882 4883
f 4882 4884 4885
f 4884 4886 4887
f 4886 4888 4889
f 4888 4890 4891
f 4890 4892 4893
f 4892 4894 4895
f 4894 4896 4897
f 4896 4898 4899
f 4898 4900 4901
f 4900 4902 4903
f 4902 4904 4905
f 4904 4906 4907
f 4906 4908 4909
f 4908 4910 4911
f 4910 4912 4913
f 4912 4914 4915
f 4914 4916 4917
f 4916 4918 4919
f 4918 4920 4921
f 4920 4922 4923
f 4922 4924 4925
f 4924 4926 4927
f 4926 4928 4929
f 4928 4930 4931
f 4930 4932 4933
f 4932 4934 4935
f 4934 4936 4937
f 4936 4938 4939
f 4938 4940 4941
f 4940 4942 4943
f 4942 4944 4945
f 4944 4946 4947
f 4946 4948 4949
f 4948 4950 4951
f 4950 4952 4953
f 4952 4954 4955
f 4954 4956 4957
f 4956 4958 4959
f 4958 4960 4961
f 4960 4962 4963
f 4962 4964 4965
f 4964 4966 4967
f 4966 4968 4969
f 4968 4970 4971
f 4970 4972 4973
f 4972 4974 4975
f 4974 4976 4977
f 4976 4978 4979
f 4978 4980 4981
f 4980 4982 4983
f 4982 4984 4985
f 4984 4986 4987
f 4986 4988 4989
f 4988 4990 4991
f 4990 4992 4993
f 4992 4994 4995
f 4994 4996 4997
f 4996 4998 4999
f 4998 5000 5001
f 5000 5002 5003
f 5002 5004 5005
f 5004 5006 5007
f 5006 5008 5009
f 5008 5010 5011
f 5010 5012 5013
f 5012 5014 5015
f 5014 5016 5017
f 5016 5018 5019
f 5018 5020 5021
f 5020 5022 5023
f 5022 5024 5025
f 5024 5026 5027
f 5026 5028 5029
f 5028 5030 5031
f 5030 5032 5033
f 5032 5034 5035
f 5034 5036 5037
f 5036 5038 5039
f 5038 5040 5041
f 5040 5042 5043
f 5042 5044 5045
f 5044 5046 5047
f 5046 5048 5049
f 5048 5050 5051
f 5050 5052 5053
f 5052 5054 5055
f 5054 5056 5057
f 5056 5058 5059
f 5058 5060 5061
f 5060 5062 5063
f 5062 5064 5065
f 5064 5066 5067
f 5066 5068 5069
f 5068 5070 5071
f 5070 5072 5073
f 5072 5074 5075
f 5074 5076 5077
f 5076 5078 5079
f 5078 5080 5081
f 5080 5082 5083
f 5082 5084 5085
f 5084 5086 5087
f 5086 5088 5089
f 5088 5090 5091
f 5090 5092 5093
f 5092 5094 5095
f 5094 5096 5097
f 5096 5098 5099
f 5098 5100 5101
f 5100 5102 5103
f 5102 5104 5105
f 5104 5106 5107
f 5106 5108 5109
f 5108 5110 5111
f 5110 5112 5113
f 5112 5114 5115
f 5114 5116 5117
f 5116 5118 5119
f 5118 5120 5121
f 5120 5122 5123
f 5122 5124 5125
f 5124 5126 5127
f 5126 5128 5129
f 5128 5130 5131
f 5130 5132 5133
f 5132 5134 5135
f 5134 5136 5137
f 5136 5138 5139
f 5138 5140 5141
f 5140 5142 5143
f 5142 5144 5145
f 5144 5146 5147
f 5146 5148 5149
f 5148 5150 5151
f 5150 5152 5153
f 5152 5154 5155
f 5154 5156 5157
f 5156 5158 5159
f 5158 5160 5161
f 5160 5162 5163
f 5162 5164 5165
f 5164 5166 5167
f 5166 5168 5169
f 5168 5170 5171
f 5170 5172 5173
f 5172 5174 5175
f 5174 5176 5177
f 5176 5178 5179
f 5178 5180 5181
f 5180 5182 5183
f 5182 5184 5185
f 5184 5186 5187
f 5186 5188 5189
f 5188 5190 5191
f 5190 5192 5193
f 5192 5194 5195
f 5194 5196 5197
f 5196 5198 5199
f 5198 5200 5201
f 5200 5202 5203
f 5202 5204 5205
f 5204 5206 5207
f 5206 5208 5209
f 5208 5210 5211
f 5210 5212 5213
f 5212 5214 5215
f 5214 5216 5217
f 5216 5218 5219
f 5218 5220 5221
f 5220 5222 5223
f 5222 5224 5225
f 5224 5226 5227
f 5226 5228 5229
f 5228 5230 5231
f 5230 5232 5233
f 5232 5234 5235
f 5234 5236 5237
f 5236 5238 5239
f 5238 5240 5241
f 5240 5242 5243
f 5242 5244 5245
f 5244 5246 5247
f 5246 5248 5249
f 5248 5250 5251
f 5250 5252 5253
f 5252 5254 5255
f 5254 5256 5257
f 5256 5258 5259
f 5258 5260 5261
f 5260 5262 5263
f 5262 5264 5265
f 5264 5266 5267
f 5266 5268 5269
f 5268 5270 5271
f 5270 5272 5273
f 5272 5274 5275
f 5274 5276 5277
f 5276 5278 5279
f 5278 5280 5281
f 5280 5282 5283
f 5282 5284 5285
f 5284 5286 5287
f 5286 5288 5289
f 5288 5290 5291
f 5290 5292 5293
f 5292 5294 5295
f 5294 5296 5297
f 5296 5298 5299
f 5298 5300 5301
f 5300 5302 5303
f 5302 5304 5305
f 5304 5306 5307
f 5306 5308 5309
f 5308 5310 5311
f 5310 5312 5313
f 5312 5314 5315
f 5314 5316 5317
f 5316 5318 5319
f 5318 5320 5321
f 5320 5322 5323
f 5322 5324 5325
f 5324 5326 5327
f 5326 5328 5329
f 5328 5330 5331
f 5330 5332 5333
f 5332 5334 5335
f 5334 5336 5337
f 5336 5338 5339
f 5338 5340 5341
f 5340 5342 5343
f 5342 5344 5345
f 5344 5346 5347
f 5346 5348 5349
f 5348 5350 5351
f 5350 5352 5353
f 5352 5354 5355
f 5354 5356 5357
f 5356 5358 5359
f 5358 5360 5361
f 5360 5362 5363
f 5362 5364 5365
f 5364 5366 5367
f 5366 5368 5369
f 5368 5370 5371
f 5370 5372 5373
f 5372 5374 5375
f 5374 5376 5377
f 5376 5378 5379
f 5378 5380 5381
f 5380 5382 5383
f 5382 5384 5385
f 5384 5386 5387
f 5386 5388 5389
f 5388 5390 5391
f 5390 5392 5393
f 5392 5394 5395
f 5394 5396 5397
f 5396 5398 5399
f 5398 5400 5401
f 5400 5402 5403
f 5402 5404 5405
f 5404 5406 5407
f 5406 5408 5409
f 5408 5410 5411
f 5410 5412 5413
f 5412 5414 5415
f 5414 5416 5417
f 5416 5418 5419
f 5418 5420 5421
f 5420 5422 5423
f 5422 5424 5425
f 5424 5426 5427
f 5426 5428 5429
f 5428 5430 5431
f 5430 5432 5433
f 5432 5434 5435
f 5434 5436 5437
f 5436 5438 5439
f 5438 5440 5441
f 5440 5442 5443
f 5442 4725 5444

o Shape_74
usemtl material_1
f 5445 5446 5447
f 5446 5448 5449
f 5448 5450 5451
f 5450 5452 5453
f 5452 5454 5455
f 5454 5456 5457
f 5456 5458 5459
f 5458 5460 5461
f 5460 5462 5463
f 5462 5464 5465
f 5464 5466 5467
f 5466 5468 5469
f 5468 5470 5471
f 5470 5472 5473
f 5472 5474 5475
f 5474 5476 5477
f 5476 5478 5479
f 5478 5480 5481
f 5480 5482 5483
f 5482 5484 5485
f 5484 5486 5487
f 5486 5488 5489
f 5488 5490 5491
f 5490 5492 5493
f 5492 5494 5495
f 5494 5496 5497
f 5496 5498 5499
f 5498 5500 5501
f 5500 5502 5503
f 5502 5504 5505
f 5504 5506 5507
f 5506 5508 5509
f 5508 5510 5511
f 5510 5512 5513
f 5512 5514 5515
f 5514 5516 5517
f 5516 5518 5519
f 5518 5520 5521
f 5520 5522 5523
f 5522 5524 5525
f 5524 5526 5527
f 5526 5528 5529
f 5528 5530 5531
f 5530 5532 5533
f 5532 5534 5535
f 5534 5536 5537
f 5536 5538 5539
f 5538 5540 5541
f 5540 5542 5543
f 5542 5544 5545
f 5544 5546 5547
f 5546 5548 5549
f 5548 5550 5551
f 5550 5552 5553
f 5552 5554 5555
f 5554 5556 5557
f 5556 5558 5559
f 5558 5560 5561
f 5560 5562 5563
f 5562 5564 5565
f 5564 5566 5567
f 5566 5568 5569
f 5568 5570 5571
f 5570 5572 5573
f 5572 5574 5575
f 5574 5576 5577
f 5576 5578 5579
f 5578 5580 5581
f 5580 5582 5583
f 5582 5584 5585
f 5584 5586 5587
f 5586 5588 5589
f 5588 5590 5591
f 5590 5592 5593
f 5592 5594 5595
f 5594 5596 5597
f 5596 5598 5599
f 5598 5600 5601
f 5600 5602 5603
f 5602 5604 5605
f 5604 5606 5607
f 5606 5608 5609
f 5608 5610 5611
f 5610 5612 5613
f 5612 5614 5615
f 5614 5616 5617
f 5616 5618 5619
f 5618 5620 5621
f 5620 5622 5623
f 5622 5624 5625
f 5624 5626 5627
f 5626 5628 5629
f 5628 5630 5631
f 5630 5632 5633
f 5632 5634 5635
f 5634 5636 5637
f 5636 5638 5639
f 5638 5640 5641
f 5640 5642 5643
f 5642 5644 5645
f 5644 5646 5647
f 5646 5648 5649
f 5648 5650 5651
f 5650 5652 5653
f 5652 5654 5655
f 5654 5656 5657
f 5656 5658 5659
f 5658 5660 5661
f 5660 5662 5663
f 5662 5664 5665
f 5664 5666 5667
f 5666 5668 5669
f 5668 5670 5671
f 5670 5672 5673
f 5672 5674 5675
f 5674 5676 5677
f 5676 5678 5679
f 5678 5680 5681
f 5680 5682 5683
f 5682 5684 5685
f 5684 5686 5687
f 5686 5688 5689
f 5688 5690 5691
f 5690 5692 5693
f 5692 5694 5695
f 5694 5696 5697
f 5696 5698 5699
f 5698 5700 5701
f 5700 5702 5703
f 5702 5704 5705
f 5704 5706 5707
f 5706 5708 5709
f 5708 5710 5711
f 5710 5712 5713
f 5712 5714 5715
f 5714 5716 5717
f 5716 5718 5719
f 5718 5720 5721
f 5720 5722 5723
f 5722 5724 5725
f 5724 5726 5727
f 5726 5728 5729
f 5728 5730 5731
f 5730 5732 5733
f 5732 5734 5735
f 5734 5736 5737
f 5736 5738 5739
f 5738 5740 5741
f 5740 5742 5743
f 5742 5744 5745
f 5744 5746 5747
f 5746 5748 5749
f 5748 5750 5751
f 5750 5752 5753
f 5752 5754 5755
f 5754 5756 5757
f 5756 5758 5759
f 5758 5760 5761
f 5760 5762 5763
f 5762 5764 5765
f 5764 5766 5767
f 5766 5768 5769
f 5768 5770 5771
f 5770 5772 5773
f 5772 5774 5775
f 5774 5776 5777
f 5776 5778 5779
f 5778 5780 5781
f 5780 5782 5783
f 5782 5784 5785
f 5784 5786 5787
f 5786 5788 5789
f 5788 5790 5791
f 5790 5792 5793
f 5792 5794 5795
f 5794 5796 5797
f 5796 5798 5799
f 5798 5800 5801
f 5800 5802 5803
f 5802 5804 5805
f 5804 5806 5807
f 5806 5808 5809
f 5808 5810 5811
f 5810 5812 5813
f 5812 5814 5815
f 5814 5816 5817
f 5816 5818 5819
f 5818 5820 5821
f 5820 5822 5823
f 5822 5824 5825
f 5824 5826 5827
f 5826 5828 5829
f 5828 5830 5831
f 5830 5832 5833
f 5832 5834 5835
f 5834 5836 5837
f 5836 5838 5839
f 5838 5840 5841
f 5840 5842 5843
f 5842 5844 5845
f 5844 5846 5847
f 5846 5848 5849
f 5848 5850 5851
f 5850 5852 5853
f 5852 5854 5855
f 5854 5856 5857
f 5856 5858 5859
f 5858 5860 5861
f 5860 5862 5863
f 5862 5864 5865
f 5864 5866 5867
f 5866 5868 5869
f 5868 5870 5871
f 5870 5872 5873
f 5872 5874 5875
f 5874 5876 5877
f 5876 5878 5879
f 5878 5880 5881
f 5880 5882 5883
f 5882 5884 5885
f 5884 5886 5887
f 5886 5888 5889
f 5888 5890 5891
f 5890 5892 5893
f 5892 5894 5895
f 5894 5896 5897
f 5896 5898 5899
f 5898 5900 5901
f 5900 5902 5903
f 5902 5904 5905
f 5904 5906 5907
f 5906 5908 5909
f 5908 5910 5911
f 5910 5912 5913
f 5912 5914 5915
f 5914 5916 5917
f 5916 5918 5919
f 5918 5920 5921
f 5920 5922 5923
f 5922 5924 5925
f 5924 5926 5927
f 5926 5928 5929
f 5928 5930 5931
f 5930 5932 5933
f 5932 5934 5935
f 5934 5936 5937
f 5936 5938 5939
f 5938 5940 5941
f 5940 5942 5943
f 5942 5944 5945
f 5944 5946 5947
f 5946 5948 5949
f 5948 5950 5951
f 5950 5952 5953
f 5952 5954 5955
f 5954 5956 5957
f 5956 5958 5959
f 5958 5960 5961
f 5960 5962 5963
f 5962 5964 5965
f 5964 5966 5967
f 5966 5968 5969
f 5968 5970 5971
f 5970 5972 5973
f 5972 5974 5975
f 5974 5976 5977
f 5976 5978 5979
f 5978 5980 5981
f 5980 5982 5983
f 5982 5984 5985
f 5984 5986 5987
f 5986 5988 5989
f 5988 5990 5991
f 5990 5992 5993
f 5992 5994 5995
f 5994 5996 5997
f 5996 5998 5999
f 5998 6000 6001
f 6000 6002 6003
f 6002 6004 6005
f 6004 6006 6007
f 6006 6008 6009
f 6008 6010 6011
f 6010 6012 6013
f 6012 6014 6015
f 6014 6016 6017
f 6016 6018 6019
f 6018 6020 6021
f 6020 6022 6023
f 6022 6024 6025
f 6024 6026 6027
f 6026 6028 6029
f 6028 6030 6031
f 6030 6032 6033
f 6032 6034 6035
f 6034 6036 6037
f 6036 6038 6039
f 6038 6040 6041
f 6040 6042 6043
f 6042 6044 6045
f 6044 6046 6047
f 6046 6048 6049
f 6048 6050 6051
f 6050 6052 6053
f 6052 6054 6055
f 6054 6056 6057
f 6056 6058 6059
f 6058 6060 6061
f 6060 6062 6063
f 6062 6064 6065
f 6064 6066 6067
f 6066 6068 6069
f 6068 6070 6071
f 6070 6072 6073
f 6072 6074 6075
f 6074 6076 6077
f 6076 6078 6079
f 6078 6080 6081
f 6080 6082 6083
f 6082 6084 6085
f 6084 6086 6087
f 6086 6088 6089
f 6088 6090 6091
f 6090 6092 6093
f 6092 6094 6095
f 6094 6096 6097
f 6096 6098 6099
f 6098 6100 6101
f 6100 6102 6103
f 6102 6104 6105
f 6104 6106 6107
f 6106 6108 6109
f 6108 6110 6111
f 6110 6112 6113
f 6112 6114 6115
f 6114 6116 6117
f 6116 6118 6119
f 6118 6120 6121
f 6120 6122 6123
f 6122 6124 6125
f 6124 6126 6127
f 6126 6128 6129
f 6128 6130 6131
f 6130 6132 6133
f 6132 6134 6135
f 6134 6136 6137
f 6136 6138 6139
f 6138 6140 6141
f 6140 6142 6143
f 6142 6144 6145
f 6144 6146 6147
f 6146 6148 6149
f 6148 6150 6151
f 6150 6152 6153
f 6152 6154 6155
f 6154 6156 6157
f 6156 6158 6159
f 6158 6160 6161
f 6160 6162 6163
f 6162 5445 6164

o Shape_75
usemtl material_1
f 4725 5445 6165
f 4725 5445 6165

o Shape_76
usemtl material_1
f 5354 5534 6166
f 5354 5534 6166

o Shape_77
usemtl material_1
f 5264 5624 6167
f 5264 5624 6167

o Shape_78
usemtl material_1
f 5174 5714 6168
f 5174 5714 6168

o Shape_79
usemtl material_1
f 5084 5804 6169
f 5084 5804 6169

o Shape_80
usemtl material_1
f 4994 5894 6170
f 4994 5894 6170

o Shape_81
usemtl material_1
f 4904 5984 6171
f 4904 5984 6171

o Shape_82
usemtl material_1
f 4814 6074 6172
f 4814 6074 6172

o Shape_83
usemtl material_1
f 4725 5445 6165
f 4725 5445 6165

o Shape_84
usemtl material_1
f 6173 6174 6175
f 6174 6176 6177
f 6176 6178 6179
f 6178 6180 6181
f 6180 6182 6183
f 6182 6184 6185
f 6184 6186 6187
f 6186 6188 6189
f 6188 6190 6191
f 6190 6192 6193
f 6192 6194 6195
f 6194 6196 6197
f 6196 6198 6199
f 6198 6200 6201
f 6200 6202 6203
f 6202 6204 6205
f 6204 6206 6207
f 6206 6208 6209
f 6208 6210 6211
f 6210 6212 6213
f 6212 6214 6215
f 6214 6216 6217
f 6216 6218 6219
f 6218 6220 6221
f 6220 6222 6223
f 6222 6224 6225
f 6224 6226 6227
f 6226 6228 6229
f 6228 6230 6231
f 6230 6232 6233
f 6232 6234 6235
f 6234 6236 6237
f 6236 6238 6239
f 6238 6240 6241
f 6240 6242 6243
f 6242 6244 6245
f 6244 6246 6247
f 6246 6248 6249
f 6248 6250 6251
f 6250 6252 6253
f 6252 6254 6255
f 6254 6256 6257
f 6256 6258 6259
f 6258 6260 6261
f 6260 6262 6263
f 6262 6264 6265
f 6264 6266 6267
f 6266 6268 6269
f 6268 6270 6271
f 6270 6272 6273
f 6272 6274 6275
f 6274 6276 6277
f 6276 6278 6279
f 6278 6280 6281
f 6280 6282 6283
f 6282 6284 6285
f 6284 6286 6287
f 6286 6288 6289
f 6288 6290 6291
f 6290 6292 6293
f 6292 6294 6295
f 6294 6296 6297
f 6296 6298 6299
f 6298 6300 6301
f 6300 6302 6303
f 6302 6304 6305
f 6304 6306 6307
f 6306 6308 6309
f 6308 6310 6311
f 6310 6312 6313
f 6312 6314 6315
f 6314 6316 6317
f 6316 6318 6319
f 6318 6320 6321
f 6320 6322 6323
f 6322 6324 6325
f 6324 6326 6327
f 6326 6328 6329
f 6328 6330 6331
f 6330 6332 6333
f 6332 6334 6335
f 6334 6336 6337
f 6336 6338 6339
f 6338 6340 6341
f 6340 6342 6343
f 6342 6344 6345
f 6344 6346 6347
f 6346 6348 6349
f 6348 6350 6351
f 6350 6352 6353
f 6352 6354 6355
f 6354 6356 6357
f 6356 6358 6359
f 6358 6360 6361
f 6360 6362 6363
f 6362 6364 6365
f 6364 6366 6367
f 6366 6368 6369
f 6368 6370 6371
f 6370 6372 6373
f 6372 6374 6375
f 6374 6376 6377
f 6376 6378 6379
f 6378 6380 6381
f 6380 6382 6383
f 6382 6384 6385
f 6384 6386 6387
f 6386 6388 6389
f 6388 6390 6391
f 6390 6392 6393
f 6392 6394 6395
f 6394 6396 6397
f 6396 6398 6399
f 6398 6400 6401
f 6400 6402 6403
f 6402 6404 6405
f 6404 6406 6407
f 6406 6408 6409
f 6408 6410 6411
f 6410 6412 6413
f 6412 6414 6415
f 6414 6416 6417
f 6416 6418 6419
f 6418 6420 6421
f 6420 6422 6423
f 6422 6424 6425
f 6424 6426 6427
f 6426 6428 6429
f 6428 6430 6431
f 6430 6432 6433
f 6432 6434 6435
f 6434 6436 6437
f 6436 6438 6439
f 6438 6440 6441
f 6440 6442 6443
f 6442 6444 6445
f 6444 6446 6447
f 6446 6448 6449
f 6448 6450 6451
f 6450 6452 6453
f 6452 6454 6455
f 6454 6456 6457
f 6456 6458 6459
f 6458 6460 6461
f 6460 6462 6463
f 6462 6464 6465
f 6464 6466 6467
f 6466 6468 6469
f 6468 6470 6471
f 6470 6472 6473
f 6472 6474 6475
f 6474 6476 6477
f 6476 6478 6479
f 6478 6480 6481
f 6480 6482 6483
f 6482 6484 6485
f 6484 6486 6487
f 6486 6488 6489
f 6488 6490 6491
f 6490 6492 6493
f 6492 6494 6495
f 6494 6496 6497
f 6496 6498 6499
f 6498 6500 6501
f 6500 6502 6503
f 6502 6504 6505
f 6504 6506 6507
f 6506 6508 6509
f 6508 6510 6511
f 6510 6512 6513
f 6512 6514 6515
f 6514 6516 6517
f 6516 6518 6519
f 6518 6520 6521
f 6520 6522 6523
f 6522 6524 6525
f 6524 6526 6527
f 6526 6528 6529
f 6528 6530 6531
f 6530 6532 6533
f 6532 6534 6535
f 6534 6536 6537
f 6536 6538 6539
f 6538 6540 6541
f 6540 6542 6543
f 6542 6544 6545
f 6544 6546 6547
f 6546 6548 6549
f 6548 6550 6551
f 6550 6552 6553
f 6552 6554 6555
f 6554 6556 6557
f 6556 6558 6559
f 6558 6560 6561
f 6560 6562 6563
f 6562 6564 6565
f 6564 6566 6567
f 6566 6568 6569
f 6568 6570 6571
f 6570 6572 6573
f 6572 6574 6575
f 6574 6576 6577
f 6576 6578 6579
f 6578 6580 6581
f 6580 6582 6583
f 6582 6584 6585
f 6584 6586 6587
f 6586 6588 6589
f 6588 6590 6591
f 6590 6592 6593
f 6592 6594 6595
f 6594 6596 6597
f 6596 6598 6599
f 6598 6600 6601
f 6600 6602 6603
f 6602 6604 6605
f 6604 6606 6607
f 6606 6608 6609
f 6608 6610 6611
f 6610 6612 6613
f 6612 6614 6615
f 6614 6616 6617
f 6616 6618 6619
f 6618 6620 6621
f 6620 6622 6623
f 6622 6624 6625
f 6624 6626 6627
f 6626 6628 6629
f 6628 6630 6631
f 6630 6632 6633
f 6632 6634 6635
f 6634 6636 6637
f 6636 6638 6639
f 6638 6640 6641
f 6640 6642 6643
f 6642 6644 6645
f 6644 6646 6647
f 6646 6648 6649
f 6648 6650 6651
f 6650 6652 6653
f 6652 6654 6655
f 6654 6656 6657
f 6656 6658 6659
f 6658 6660 6661
f 6660 6662 6663
f 6662 6664 6665
f 6664 6666 6667
f 6666 6668 6669
f 6668 6670 6671
f 6670 6672 6673
f 6672 6674 6675
f 6674 6676 6677
f 6676 6678 6679
f 6678 6680 6681
f 6680 6682 6683
f 6682 6684 6685
f 6684 6686 6687
f 6686 6688 6689
f 6688 6690 6691
f 6690 6692 6693
f 6692 6694 6695
f 6694 6696 6697
f 6696 6698 6699
f 6698 6700 6701
f 6700 6702 6703
f 6702 6704 6705
f 6704 6706 6707
f 6706 6708 6709
f 6708 6710 6711
f 6710 6712 6713
f 6712 6714 6715
f 6714 6716 6717
f 6716 6718 6719
f 6718 6720 6721
f 6720 6722 6723
f 6722 6724 6725
f 6724 6726 6727
f 6726 6728 6729
f 6728 6730 6731
f 6730 6732 6733
f 6732 6734 6735
f 6734 6736 6737
f 6736 6738 6739
f 6738 6740 6741
f 6740 6742 6743
f 6742 6744 6745
f 6744 6746 6747
f 6746 6748 6749
f 6748 6750 6751
f 6750 6752 6753
f 6752 6754 6755
f 6754 6756 6757
f 6756 6758 6759
f 6758 6760 6761
f 6760 6762 6763
f 6762 6764 6765
f 6764 6766 6767
f 6766 6768 6769
f 6768 6770 6771
f 6770 6772 6773
f 6772 6774 6775
f 6774 6776 6777
f 6776 6778 6779
f 6778 6780 6781
f 6780 6782 6783
f 6782 6784 6785
f 6784 6786 6787
f 6786 6788 6789
f 6788 6790 6791
f 6790 6792 6793
f 6792 6794 6795
f 6794 6796 6797
f 6796 6798 6799
f 6798 6800 6801
f 6800 6802 6803
f 6802 6804 6805
f 6804 6806 6807
f 6806 6808 6809
f 6808 6810 6811
f 6810 6812 6813
f 6812 6814 6815
f 6814 6816 6817
f 6816 6818 6819
f 6818 6820 6821
f 6820 6822 6823
f 6822 6824 6825
f 6824 6826 6827
f 6826 6828 6829
f 6828 6830 6831
f 6830 6832 6833
f 6832 6834 6835
f 6834 6836 6837
f 6836 6838 6839
f 6838 6840 6841
f 6840 6842 6843
f 6842 6844 6845
f 6844 6846 6847
f 6846 6848 6849
f 6848 6850 6851
f 6850 6852 6853
f 6852 6854 6855
f 6854 6856 6857
f 6856 6858 6859
f 6858 6860 6861
f 6860 6862 6863
f 6862 6864 6865
f 6864 6866 6867
f 6866 6868 6869
f 6868 6870 6871
f 6870 6872 6873
f 6872 6874 6875
f 6874 6876 6877
f 6876 6878 6879
f 6878 6880 6881
f 6880 6882 6883
f 6882 6884 6885
f 6884 6886 6887
f 6886 6888 6889
f 6888 6890 6891
f 6890 6173 6892

o Shape_85
usemtl material_1
f 6893 6894 6895
f 6894 6896 6897
f 6896 6898 6899
f 6898 6900 6901
f 6900 6902 6903
f 6902 6904 6905
f 6904 6906 6907
f 6906 6908 6909
f 6908 6910 6911
f 6910 6912 6913
f 6912 6914 6915
f 6914 6916 6917
f 6916 6918 6919
f 6918 6920 6921
f 6920 6922 6923
f 6922 6924 6925
f 6924 6926 6927
f 6926 6928 6929
f 6928 6930 6931
f 6930 6932 6933
f 6932 6934 6935
f 6934 6936 6937
f 6936 6938 6939
f 6938 6940 6941
f 6940 6942 6943
f 6942 6944 6945
f 6944 6946 6947
f 6946 6948 6949
f 6948 6950 6951
f 6950 6952 6953
f 6952 6954 6955
f 6954 6956 6957
f 6956 6958 6959
f 6958 6960 6961
f 6960 6962 6963
f 6962 6964 6965
f 6964 6966 6967
f 6966 6968 6969
f 6968 6970 6971
f 6970 6972 6973
f 6972 6974 6975
f 6974 6976 6977
f 6976 6978 6979
f 6978 6980 6981
f 6980 6982 6983
f 6982 6984 6985
f 6984 6986 6987
f 6986 6988 6989
f 6988 6990 6991
f 6990 6992 6993
f 6992 6994 6995
f 6994 6996 6997
f 6996 6998 6999
f 6998 7000 7001
f 7000 7002 7003
f 7002 7004 7005
f 7004 7006 7007
f 7006 7008 7009
f 7008 7010 7011
f 7010 7012 7013
f 7012 7014 7015
f 7014 7016 7017
f 7016 7018 7019
f 7018 7020 7021
f 7020 7022 7023
f 7022 7024 7025
f 7024 7026 7027
f 7026 7028 7029
f 7028 7030 7031
f 7030 7032 7033
f 7032 7034 7035
f 7034 7036 7037
f 7036 7038 7039
f 7038 7040 7041
f 7040 7042 7043
f 7042 7044 7045
f 7044 7046 7047
f 7046 7048 7049
f 7048 7050 7051
f 7050 7052 7053
f 7052 7054 7055
f 7054 7056 7057
f 7056 7058 7059
f 7058 7060 7061
f 7060 7062 7063
f 7062 7064 7065
f 7064 7066 7067
f 7066 7068 7069
f 7068 7070 7071
f 7070 7072 7073
f 7072 7074 7075
f 7074 7076 7077
f 7076 7078 7079
f 7078 7080 7081
f 7080 7082 7083
f 7082 7084 7085
f 7084 7086 7087
f 7086 7088 7089
f 7088 7090 7091
f 7090 7092 7093
f 7092 7094 7095
f 7094 7096 7097
f 7096 7098 7099
f 7098 7100 7101
f 7100 7102 7103
f 7102 7104 7105
f 7104 7106 7107
f 7106 7108 7109
f 7108 7110 7111
f 7110 7112 7113
f 7112 7114 7115
f 7114 7116 7117
f 7116 7118 7119
f 7118 7120 7121
f 7120 7122 7123
f 7122 7124 7125
f 7124 7126 7127
f 7126 7128 7129
f 7128 7130 7131
f 7130 7132 7133
f 7132 7134 7135
f 7134 7136 7137
f 7136 7138 7139
f 7138 7140 7141
f 7140 7142 7143
f 7142 7144 7145
f 7144 7146 7147
f 7146 7148 7149
f 7148 7150 7151
f 7150 7152 7153
f 7152 7154 7155
f 7154 7156 7157
f 7156 7158 7159
f 7158 7160 7161
f 7160 7162 7163
f 7162 7164 7165
f 7164 7166 7167
f 7166 7168 7169
f 7168 7170 7171
f 7170 7172 7173
f 7172 7174 7175
f 7174 7176 7177
f 7176 7178 7179
f 7178 7180 7181
f 7180 7182 7183
f 7182 7184 7185
f 7184 7186 7187
f 7186 7188 7189
f 7188 7190 7191
f 7190 7192 7193
f 7192 7194 7195
f 7194 7196 7197
f 7196 7198 7199
f 7198 7200 7201
f 7200 7202 7203
f 7202 7204 7205
f 7204 7206 7207
f 7206 7208 7209
f 7208 7210 7211
f 7210 7212 7213
f 7212 7214 7215
f 7214 7216 7217
f 7216 7218 7219
f 7218 7220 7221
f 7220 7222 7223
f 7222 7224 7225
f 7224 7226 7227
f 7226 7228 7229
f 7228 7230 7231
f 7230 7232 7233
f 7232 7234 7235
f 7234 7236 7237
f 7236 7238 7239
f 7238 7240 7241
f 7240 7242 7243
f 7242 7244 7245
f 7244 7246 7247
f 7246 7248 7249
f 7248 7250 7251
f 7250 7252 7253
f 7252 7254 7255
f 7254 7256 7257
f 7256 7258 7259
f 7258 7260 7261
f 7260 7262 7263
f 7262 7264 7265
f 7264 7266 7267
f 7266 7268 7269
f 7268 7270 7271
f 7270 7272 7273
f 7272 7274 7275
f 7274 7276 7277
f 7276 7278 7279
f 7278 7280 7281
f 7280 7282 7283
f 7282 7284 7285
f 7284 7286 7287
f 7286 7288 7289
f 7288 7290 7291
f 7290 7292 7293
f 7292 7294 7295
f 7294 7296 7297
f 7296 7298 7299
f 7298 7300 7301
f 7300 7302 7303
f 7302 7304 7305
f 7304 7306 7307
f 7306 7308 7309
f 7308 7310 7311
f 7310 7312 7313
f 7312 7314 7315
f 7314 7316 7317
f 7316 7318 7319
f 7318 7320 7321
f 7320 7322 7323
f 7322 7324 7325
f 7324 7326 7327
f 7326 7328 7329
f 7328 7330 7331
f 7330 7332 7333
f 7332 7334 7335
f 7334 7336 7337
f 7336 7338 7339
f 7338 7340 7341
f 7340 7342 7343
f 7342 7344 7345
f 7344 7346 7347
f 7346 7348 7349
f 7348 7350 7351
f 7350 7352 7353
f 7352 7354 7355
f 7354 7356 7357
f 7356 7358 7359
f 7358 7360 7361
f 7360 7362 7363
f 7362 7364 7365
f 7364 7366 7367
f 7366 7368 7369
f 7368 7370 7371
f 7370 7372 7373
f 7372 7374 7375
f 7374 7376 7377
f 7376 7378 7379
f 7378 7380 7381
f 7380 7382 7383
f 7382 7384 7385
f 7384 7386 7387
f 7386 7388 7389
f 7388 7390 7391
f 7390 7392 7393
f 7392 7394 7395
f 7394 7396 7397
f 7396 7398 7399
f 7398 7400 7401
f 7400 7402 7403
f 7402 7404 7405
f 7404 7406 7407
f 7406 7408 7409
f 7408 7410 7411
f 7410 7412 7413
f 7412 7414 7415
f 7414 7416 7417
f 7416 7418 7419
f 7418 7420 7421
f 7420 7422 7423
f 7422 7424 7425
f 7424 7426 7427
f 7426 7428 7429
f 7428 7430 7431
f 7430 7432 7433
f 7432 7434 7435
f 7434 7436 7437
f 7436 7438 7439
f 7438 7440 7441
f 7440 7442 7443
f 7442 7444 7445
f 7444 7446 7447
f 7446 7448 7449
f 7448 7450 7451
f 7450 7452 7453
f 7452 7454 7455
f 7454 7456 7457
f 7456 7458 7459
f 7458 7460 7461
f 7460 7462 7463
f 7462 7464 7465
f 7464 7466 7467
f 7466 7468 7469
f 7468 7470 7471
f 7470 7472 7473
f 7472 7474 7475
f 7474 7476 7477
f 7476 7478 7479
f 7478 7480 7481
f 7480 7482 7483
f 7482 7484 7485
f 7484 7486 7487
f 7486 7488 7489
f 7488 7490 7491
f 7490 7492 7493
f 7492 7494 7495
f 7494 7496 7497
f 7496 7498 7499
f 7498 7500 7501
f 7500 7502 7503
f 7502 7504 7505
f 7504 7506 7507
f 7506 7508 7509
f 7508 7510 7511
f 7510 7512 7513
f 7512 7514 7515
f 7514 7516 7517
f 7516 7518 7519
f 7518 7520 7521
f 7520 7522 7523
f 7522 7524 7525
f 7524 7526 7527
f 7526 7528 7529
f 7528 7530 7531
f 7530 7532 7533
f 7532 7534 7535
f 7534 7536 7537
f 7536 7538 7539
f 7538 7540 7541
f 7540 7542 7543
f 7542 7544 7545
f 7544 7546 7547
f 7546 7548 7549
f 7548 7550 7551
f 7550 7552 7553
f 7552 7554 7555
f 7554 7556 7557
f 7556 7558 7559
f 7558 7560 7561
f 7560 7562 7563
f 7562 7564 7565
f 7564 7566 7567
f 7566 7568 7569
f 7568 7570 7571
f 7570 7572 7573
f 7572 7574 7575
f 7574 7576 7577
f 7576 7578 7579
f 7578 7580 7581
f 7580 7582 7583
f 7582 7584 7585
f 7584 7586 7587
f 7586 7588 7589
f 7588 7590 7591
f 7590 7592 7593
f 7592 7594 7595
f 7594 7596 7597
f 7596 7598 7599
f 7598 7600 7601
f 7600 7602 7603
f 7602 7604 7605
f 7604 7606 7607
f 7606 7608 7609
f 7608 7610 7611
f 7610 6893 7612

o Shape_86
usemtl material_1
f 6173 6893 7613
f 6173 6893 7613

o Shape_87
usemtl material_1
f 6802 6982 7614
f 6802 6982 7614

o Shape_88
usemtl material_1
f 6712 7072 7615
f 6712 7072 7615

o Shape_89
usemtl material_1
f 6622 7162 7616
f 6622 7162 7616

o Shape_90
usemtl material_1
f 6532 7252 7617
f 6532 7252 7617

o Shape_91
usemtl material_1
f 6442 7342 7618
f 6442 7342 7618

o Shape_92
usemtl material_1
f 6352 7432 7619
f 6352 7432 7619

o Shape_93
usemtl material_1
f 6262 7522 7620
f 6262 7522 7620

o Shape_94
usemtl material_1
f 6173 6893 7613
f 6173 6893 7613

o Shape_95
usemtl material_1
f 7621 7622 7623
f 7622 7624 7625
f 7624 7626 7627
f 7626 7628 7629
f 7628 7630 7631
f 7630 7632 7633
f 7632 7634 7635
f 7634 7636 7637
f 7636 7638 7639
f 7638 7640 7641
f 7640 7642 7643
f 7642 7644 7645
f 7644 7646 7647
f 7646 7648 7649
f 7648 7650 7651
f 7650 7652 7653
f 7652 7654 7655
f 7654 7656 7657
f 7656 7658 7659
f 7658 7660 7661
f 7660 7662 7663
f 7662 7664 7665
f 7664 7666 7667
f 7666 7668 7669
f 7668 7670 7671
f 7670 7672 7673
f 7672 7674 7675
f 7674 7676 7677
f 7676 7678 7679
f 7678 7680 7681
f 7680 7682 7683
f 7682 7684 7685
f 7684 7686 7687
f 7686 7688 7689
f 7688 7690 7691
f 7690 7692 7693
f 7692 7694 7695
f 7694 7696 7697
f 7696 7698 7699
f 7698 7700 7701
f 7700 7702 7703
f 7702 7704 7705
f 7704 7706 7707
f 7706 7708 7709
f 7708 7710 7711
f 7710 7712 7713
f 7712 7714 7715
f 7714 7716 7717
f 7716 7718 7719
f 7718 7720 7721
f 7720 7722 7723
f 7722 7724 7725
f 7724 7726 7727
f 7726 7728 7729
f 7728 7730 7731
f 7730 7732 7733
f 7732 7734 7735
f 7734 7736 7737
f 7736 7738 7739
f 7738 7740 7741
f 7740 7742 7743
f 7742 7744 7745
f 7744 7746 7747
f 7746 7748 7749
f 7748 7750 7751
f 7750 7752 7753
f 7752 7754 7755
f 7754 7756 7757
f 7756 7758 7759
f 7758 7760 7761
f 7760 7762 7763
f 7762 7764 7765
f 7764 7766 7767
f 7766 7768 7769
f 7768 7770 7771
f 7770 7772 7773
f 7772 7774 7775
f 7774 7776 7777
f 7776 7778 7779
f 7778 7780 7781
f 7780 7782 7783
f 7782 7784 7785
f 7784 7786 7787
f 7786 7788 7789
f 7788 7790 7791
f 7790 7792 7793
f 7792 7794 7795
f 7794 7796 7797
f 7796 7798 7799
f 7798 7800 7801
f 7800 7802 7803
f 7802 7804 7805
f 7804 7806 7807
f 7806 7808 7809
f 7808 7810 7811
f 7810 7812 7813
f 7812 7814 7815
f 7814 7816 7817
f 7816 7818 7819
f 7818 7820 7821
f 7820 7822 7823
f 7822 7824 7825
f 7824 7826 7827
f 7826 7828 7829
f 7828 7830 7831
f 7830 7832 7833
f 7832 7834 7835
f 7834 7836 7837
f 7836 7838 7839
f 7838 7840 7841
f 7840 7842 7843
f 7842 7844 7845
f 7844 7846 7847
f 7846 7848 7849
f 7848 7850 7851
f 7850 7852 7853
f 7852 7854 7855
f 7854 7856 7857
f 7856 7858 7859
f 7858 7860 7861
f 7860 7862 7863
f 7862 7864 7865
f 7864 7866 7867
f 7866 7868 7869
f 7868 7870 7871
f 7870 7872 7873
f 7872 7874 7875
f 7874 7876 7877
f 7876 7878 7879
f 7878 7880 7881
f 7880 7882 7883
f 7882 7884 7885
f 7884 7886 7887
f 7886 7888 7889
f 7888 7890 7891
f 7890 7892 7893
f 7892 7894 7895
f 7894 7896 7897
f 7896 7898 7899
f 7898 7900 7901
f 7900 7902 7903
f 7902 7904 7905
f 7904 7906 7907
f 7906 7908 7909
f 7908 7910 7911
f 7910 7912 7913
f 7912 7914 7915
f 7914 7916 7917
f 7916 7918 7919
f 7918 7920 7921
f 7920 7922 7923
f 7922 7924 7925
f 7924 7926 7927
f 7926 7928 7929
f 7928 7930 7931
f 7930 7932 7933
f 7932 7934 7935
f 7934 7936 7937
f 7936 7938 7939
f 7938 7940 7941
f 7940 7942 7943
f 7942 7944 7945
f 7944 7946 7947
f 7946 7948 7949
f 7948 7950 7951
f 7950 7952 7953
f 7952 7954 7955
f 7954 7956 7957
f 7956 7958 7959
f 7958 7960 7961
f 7960 7962 7963
f 7962 7964 7965
f 7964 7966 7967
f 7966 7968 7969
f 7968 7970 7971
f 7970 7972 7973
f 7972 7974 7975
f 7974 7976 7977
f 7976 7978 7979
f 7978 7980 7981
f 7980 7982 7983
f 7982 7984 7985
f 7984 7986 7987
f 7986 7988 7989
f 7988 7990 7991
f 7990 7992 7993
f 7992 7994 7995
f 7994 7996 7997
f 7996 7998 7999
f 7998 8000 8001
f 8000 8002 8003
f 8002 8004 8005
f 8004 8006 8007
f 8006 8008 8009
f 8008 8010 8011
f 8010 8012 8013
f 8012 8014 8015
f 8014 8016 8017
f 8016 8018 8019
f 8018 8020 8021
f 8020 8022 8023
f 8022 8024 8025
f 8024 8026 8027
f 8026 8028 8029
f 8028 8030 8031
f 8030 8032 8033
f 8032 8034 8035
f 8034 8036 8037
f 8036 8038 8039
f 8038 8040 8041
f 8040 8042 8043
f 8042 8044 8045
f 8044 8046 8047
f 8046 8048 8049
f 8048 8050 8051
f 8050 8052 8053
f 8052 8054 8055
f 8054 8056 8057
f 8056 8058 8059
f 8058 8060 8061
f 8060 8062 8063
f 8062 8064 8065
f 8064 8066 8067
f 8066 8068 8069
f 8068 8070 8071
f 8070 8072 8073
f 8072 8074 8075
f 8074 8076 8077
f 8076 8078 8079
f 8078 8080 8081
f 8080 8082 8083
f 8082 8084 8085
f 8084 8086 8087
f 8086 8088 8089
f 8088 8090 8091
f 8090 8092 8093
f 8092 8094 8095
f 8094 8096 8097
f 8096 8098 8099
f 8098 8100 8101
f 8100 8102 8103
f 8102 8104 8105
f 8104 8106 8107
f 8106 8108 8109
f 8108 8110 8111
f 8110 8112 8113
f 8112 8114 8115
f 8114 8116 8117
f 8116 8118 8119
f 8118 8120 8121
f 8120 8122 8123
f 8122 8124 8125
f 8124 8126 8127
f 8126 8128 8129
f 8128 8130 8131
f 8130 8132 8133
f 8132 8134 8135
f 8134 8136 8137
f 8136 8138 8139
f 8138 8140 8141
f 8140 8142 8143
f 8142 8144 8145
f 8144 8146 8147
f 8146 8148 8149
f 8148 8150 8151
f 8150 8152 8153
f 8152 8154 8155
f 8154 8156 8157
f 8156 8158 8159
f 8158 8160 8161
f 8160 8162 8163
f 8162 8164 8165
f 8164 8166 8167
f 8166 8168 8169
f 8168 8170 8171
f 8170 8172 8173
f 8172 8174 8175
f 8174 8176 8177
f 8176 8178 8179
f 8178 8180 8181
f 8180 8182 8183
f 8182 8184 8185
f 8184 8186 8187
f 8186 8188 8189
f 8188 8190 8191
f 8190 8192 8193
f 8192 8194 8195
f 8194 8196 8197
f 8196 8198 8199
f 8198 8200 8201
f 8200 8202 8203
f 8202 8204 8205
f 8204 8206 8207
f 8206 8208 8209
f 8208 8210 8211
f 8210 8212 8213
f 8212 8214 8215
f 8214 8216 8217
f 8216 8218 8219
f 8218 8220 8221
f 8220 8222 8223
f 8222 8224 8225
f 8224 8226 8227
f 8226 8228 8229
f 8228 8230 8231
f 8230 8232 8233
f 8232 8234 8235
f 8234 8236 8237
f 8236 8238 8239
f 8238 8240 8241
f 8240 8242 8243
f 8242 8244 8245
f 8244 8246 8247
f 8246 8248 8249
f 8248 8250 8251
f 8250 8252 8253
f 8252 8254 8255
f 8254 8256 8257
f 8256 8258 8259
f 8258 8260 8261
f 8260 8262 8263
f 8262 8264 8265
f 8264 8266 8267
f 8266 8268 8269
f 8268 8270 8271
f 8270 8272 8273
f 8272 8274 8275
f 8274 8276 8277
f 8276 8278 8279
f 8278 8280 8281
f 8280 8282 8283
f 8282 8284 8285
f 8284 8286 8287
f 8286 8288 8289
f 8288 8290 8291
f 8290 8292 8293
f 8292 8294 8295
f 8294 8296 8297
f 8296 8298 8299
f 8298 8300 8301
f 8300 8302 8303
f 8302 8304 8305
f 8304 8306 8307
f 8306 8308 8309
f 8308 8310 8311
f 8310 8312 8313
f 8312 8314 8315
f 8314 8316 8317
f 8316 8318 8319
f 8318 8320 8321
f 8320 8322 8323
f 8322 8324 8325
f 8324 8326 8327
f 8326 8328 8329
f 8328 8330 8331
f 8330 8332 8333
f 8332 8334 8335
f 8334 8336 8337
f 8336 8338 8339
f 8338 7621 8340

o Shape_96
usemtl material_1
f 8341 8342 8343
f 8342 8344 8345
f 8344 8346 8347
f 8346 8348 8349
f 8348 8350 8351
f 8350 8352 8353
f 8352 8354 8355
f 8354 8356 8357
f 8356 8358 8359
f 8358 8360 8361
f 8360 8362 8363
f 8362 8364 8365
f 8364 8366 8367
f 8366 8368 8369
f 8368 8370 8371
f 8370 8372 8373
f 8372 8374 8375
f 8374 8376 8377
f 8376 8378 8379
f 8378 8380 8381
f 8380 8382 8383
f 8382 8384 8385
f 8384 8386 8387
f 8386 8388 8389
f 8388 8390 8391
f 8390 8392 8393
f 8392 8394 8395
f 8394 8396 8397
f 8396 8398 8399
f 8398 8400 8401
f 8400 8402 8403
f 8402 8404 8405
f 8404 8406 8407
f 8406 8408 8409
f 8408 8410 8411
f 8410 8412 8413
f 8412 8414 8415
f 8414 8416 8417
f 8416 8418 8419
f 8418 8420 8421
f 8420 8422 8423
f 8422 8424 8425
f 8424 8426 8427
f 8426 8428 8429
f 8428 8430 8431
f 8430 8432 8433
f 8432 8434 8435
f 8434 8436 8437
f 8436 8438 8439
f 8438 8440 8441
f 8440 8442 8443
f 8442 8444 8445
f 8444 8446 8447
f 8446 8448 8449
f 8448 8450 8451
f 8450 8452 8453
f 8452 8454 8455
f 8454 8456 8457
f 8456 8458 8459
f 8458 8460 8461
f 8460 8462 8463
f 8462 8464 8465
f 8464 8466 8467
f 8466 8468 8469
f 8468 8470 8471
f 8470 8472 8473
f 8472 8474 8475
f 8474 8476 8477
f 8476 8478 8479
f 8478 8480 8481
f 8480 8482 8483
f 8482 8484 8485
f 8484 8486 8487
f 8486 8488 8489
f 8488 8490 8491
f 8490 8492 8493
f 8492 8494 8495
f 8494 8496 8497
f 8496 8498 8499
f 8498 8500 8501
f 8500 8502 8503
f 8502 8504 8505
f 8504 8506 8507
f 8506 8508 8509
f 8508 8510 8511
f 8510 8512 8513
f 8512 8514 8515
f 8514 8516 8517
f 8516 8518 8519
f 8518 8520 8521
f 8520 8522 8523
f 8522 8524 8525
f 8524 8526 8527
f 8526 8528 8529
f 8528 8530 8531
f 8530 8532 8533
f 8532 8534 8535
f 8534 8536 8537
f 8536 8538 8539
f 8538 8540 8541
f 8540 8542 8543
f 8542 8544 8545
f 8544 8546 8547
f 8546 8548 8549
f 8548 8550 8551
f 8550 8552 8553
f 8552 8554 8555
f 8554 8556 8557
f 8556 8558 8559
f 8558 8560 8561
f 8560 8562 8563
f 8562 8564 8565
f 8564 8566 8567
f 8566 8568 8569
f 8568 8570 8571
f 8570 8572 8573
f 8572 8574 8575
f 8574 8576 8577
f 8576 8578 8579
f 8578 8580 8581
f 8580 8582 8583
f 8582 8584 8585
f 8584 8586 8587
f 8586 8588 8589
f 8588 8590 8591
f 8590 8592 8593
f 8592 8594 8595
f 8594 8596 8597
f 8596 8598 8599
f 8598 8600 8601
f 8600 8602 8603
f 8602 8604 8605
f 8604 8606 8607
f 8606 8608 8609
f 8608 8610 8611
f 8610 8612 8613
f 8612 8614 8615
f 8614 8616 8617
f 8616 8618 8619
f 8618 8620 8621
f 8620 8622 8623
f 8622 8624 8625
f 8624 8626 8627
f 8626 8628 8629
f 8628 8630 8631
f 8630 8632 8633
f 8632 8634 8635
f 8634 8636 8637
f 8636 8638 8639
f 8638 8640 8641
f 8640 8642 8643
f 8642 8644 8645
f 8644 8646 8647
f 8646 8648 8649
f 8648 8650 8651
f 8650 8652 8653
f 8652 8654 8655
f 8654 8656 8657
f 8656 8658 8659
f 8658 8660 8661
f 8660 8662 8663
f 8662 8664 8665
f 8664 8666 8667
f 8666 8668 8669
f 8668 8670 8671
f 8670 8672 8673
f 8672 8674 8675
f 8674 8676 8677
f 8676 8678 8679
f 8678 8680 8681
f 8680 8682 8683
f 8682 8684 8685
f 8684 8686 8687
f 8686 8688 8689
f 8688 8690 8691
f 8690 8692 8693
f 8692 8694 8695
f 8694 8696 8697
f 8696 8698 8699
f 8698 8700 8701
f 8700 8702 8703
f 8702 8704 8705
f 8704 8706 8707
f 8706 8708 8709
f 8708 8710 8711
f 8710 8712 8713
f 8712 8714 8715
f 8714 8716 8717
f 8716 8718 8719
f 8718 8720 8721
f 8720 8722 8723
f 8722 8724 8725
f 8724 8726 8727
f 8726 8728 8729
f 8728 8730 8731
f 8730 8732 8733
f 8732 8734 8735
f 8734 8736 8737
f 8736 8738 8739
f 8738 8740 8741
f 8740 8742 8743
f 8742 8744 8745
f 8744 8746 8747
f 8746 8748 8749
f 8748 8750 8751
f 8750 8752 8753
f 8752 8754 8755
f 8754 8756 8757
f 8756 8758 8759
f 8758 8760 8761
f 8760 8762 8763
f 8762 8764 8765
f 8764 8766 8767
f 8766 8768 8769
f 8768 8770 8771
f 8770 8772 8773
f 8772 8774 8775
f 8774 8776 8777
f 8776 8778 8779
f 8778 8780 8781
f 8780 8782 8783
f 8782 8784 8785
f 8784 8786 8787
f 8786 8788 8789
f 8788 8790 8791
f 8790 8792 8793
f 8792 8794 8795
f 8794 8796 8797
f 8796 8798 8799
f 8798 8800 8801
f 8800 8802 8803
f 8802 8804 8805
f 8804 8806 8807
f 8806 8808 8809
f 8808 8810 8811
f 8810 8812 8813
f 8812 8814 8815
f 8814 8816 8817
f 8816 8818 8819
f 8818 8820 8821
f 8820 8822 8823
f 8822 8824 8825
f 8824 8826 8827
f 8826 8828 8829
f 8828 8830 8831
f 8830 8832 8833
f 8832 8834 8835
f 8834 8836 8837
f 8836 8838 8839
f 8838 8840 8841
f 8840 8842 8843
f 8842 8844 8845
f 8844 8846 8847
f 8846 8848 8849
f 8848 8850 8851
f 8850 8852 8853
f 8852 8854 8855
f 8854 8856 8857
f 8856 8858 8859
f 8858 8860 8861
f 8860 8862 8863
f 8862 8864 8865
f 8864 8866 8867
f 8866 8868 8869
f 8868 8870 8871
f 8870 8872 8873
f 8872 8874 8875
f 8874 8876 8877
f 8876 8878 8879
f 8878 8880 8881
f 8880 8882 8883
f 8882 8884 8885
f 8884 8886 8887
f 8886 8888 8889
f 8888 8890 8891
f 8890 8892 8893
f 8892 8894 8895
f 8894 8896 8897
f 8896 8898 8899
f 8898 8900 8901
f 8900 8902 8903
f 8902 8904 8905
f 8904 8906 8907
f 8906 8908 8909
f 8908 8910 8911
f 8910 8912 8913
f 8912 8914 8915
f 8914 8916 8917
f 8916 8918 8919
f 8918 8920 8921
f 8920 8922 8923
f 8922 8924 8925
f 8924 8926 8927
f 8926 8928 8929
f 8928 8930 8931
f 8930 8932 8933
f 8932 8934 8935
f 8934 8936 8937
f 8936 8938 8939
f 8938 8940 8941
f 8940 8942 8943
f 8942 8944 8945
f 8944 8946 8947
f 8946 8948 8949
f 8948 8950 8951
f 8950 8952 8953
f 8952 8954 8955
f 8954 8956 8957
f 8956 8958 8959
f 8958 8960 8961
f 8960 8962 8963
f 8962 8964 8965
f 8964 8966 8967
f 8966 8968 8969
f 8968 8970 8971
f 8970 8972 8973
f 8972 8974 8975
f 8974 8976 8977
f 8976 8978 8979
f 8978 8980 8981
f 8980 8982 8983
f 8982 8984 8985
f 8984 8986 8987
f 8986 8988 8989
f 8988 8990 8991
f 8990 8992 8993
f 8992 8994 8995
f 8994 8996 8997
f 8996 8998 8999
f 8998 9000 9001
f 9000 9002 9003
f 9002 9004 9005
f 9004 9006 9007
f 9006 9008 9009
f 9008 9010 9011
f 9010 9012 9013
f 9012 9014 9015
f 9014 9016 9017
f 9016 9018 9019
f 9018 9020 9021
f 9020 9022 9023
f 9022 9024 9025
f 9024 9026 9027
f 9026 9028 9029
f 9028 9030 9031
f 9030 9032 9033
f 9032 9034 9035
f 9034 9036 9037
f 9036 9038 9039
f 9038 9040 9041
f 9040 9042 9043
f 9042 9044 9045
f 9044 9046 9047
f 9046 9048 9049
f 9048 9050 9051
f 9050 9052 9053
f 9052 9054 9055
f 9054 9056 9057
f 9056 9058 9059
f 9058 8341 9060

o Shape_97
usemtl material_1
f 7621 8341 9061
f 7621 8341 9061

o Shape_98
usemtl material_1
f 8250 8430 9062
f 8250 8430 9062

o Shape_99
usemtl material_1
f 8160 8520 9063
f 8160 8520 9063

o Shape_100
usemtl material_1
f 8070 8610 9064
f 8070 8610 9064

o Shape_101
usemtl material_1
f 7980 8700 9065
f 7980 8700 9065

o Shape_102
usemtl material_1
f 7890 8790 9066
f 7890 8790 9066

o Shape_103
usemtl material_1
f 7800 8880 9067
f 7800 8880 9067

o Shape_104
usemtl material_1
f 7710 8970 9068
f 7710 8970 9068

o Shape_105
usemtl material_1
f 7621 8341 9061
f 7621 8341 9061

o Shape_106
usemtl material_1
f 9069 9070 9071
f 9070 9072 9073
f 9072 9074 9075
f 9074 9076 9077
f 9076 9078 9079
f 9078 9080 9081
f 9080 9082 9083
f 9082 9084 9085
f 9084 9086 9087
f 9086 9088 9089
f 9088 9090 9091
f 9090 9092 9093
f 9092 9094 9095
f 9094 9096 9097
f 9096 9098 9099
f 9098 9100 9101
f 9100 9102 9103
f 9102 9104 9105
f 9104 9106 9107
f 9106 9108 9109
f 9108 9110 9111
f 9110 9112 9113
f 9112 9114 9115
f 9114 9116 9117
f 9116 9118 9119
f 9118 9120 9121
f 9120 9122 9123
f 9122 9124 9125
f 9124 9126 9127
f 9126 9128 9129
f 9128 9130 9131
f 9130 9132 9133
f 9132 9134 9135
f 9134 9136 9137
f 9136 9138 9139
f 9138 9140 9141
f 9140 9142 9143
f 9142 9144 9145
f 9144 9146 9147
f 9146 9148 9149
f 9148 9150 9151
f 9150 9152 9153
f 9152 9154 9155
f 9154 9156 9157
f 9156 9158 9159
f 9158 9160 9161
f 9160 9162 9163
f 9162 9164 9165
f 9164 9166 9167
f 9166 9168 9169
f 9168 9170 9171
f 9170 9172 9173
f 9172 9174 9175
f 9174 9176 9177
f 9176 9178 9179
f 9178 9180 9181
f 9180 9182 9183
f 9182 9184 9185
f 9184 9186 9187
f 9186 9188 9189
f 9188 9190 9191
f 9190 9192 9193
f 9192 9194 9195
f 9194 9196 9197
f 9196 9198 9199
f 9198 9200 9201
f 9200 9202 9203
f 9202 9204 9205
f 9204 9206 9207
f 9206 9208 9209
f 9208 9210 9211
f 9210 9212 9213
f 9212 9214 9215
f 9214 9216 9217
f 9216 9218 9219
f 9218 9220 9221
f 9220 9222 9223
f 9222 9224 9225
f 9224 9226 9227
f 9226 9228 9229
f 9228 9230 9231
f 9230 9232 9233
f 9232 9234 9235
f 9234 9236 9237
f 9236 9238 9239
f 9238 9240 9241
f 9240 9242 9243
f 9242 9244 9245
f 9244 9246 9247
f 9246 9248 9249
f 9248 9250 9251
f 9250 9252 9253
f 9252 9254 9255
f 9254 9256 9257
f 9256 9258 9259
f 9258 9260 9261
f 9260 9262 9263
f 9262 9264 9265
f 9264 9266 9267
f 9266 9268 9269
f 9268 9270 9271
f 9270 9272 9273
f 9272 9274 9275
f 9274 9276 9277
f 9276 9278 9279
f 9278 9280 9281
f 9280 9282 9283
f 9282 9284 9285
f 9284 9286 9287
f 9286 9288 9289
f 9288 9290 9291
f 9290 9292 9293
f 9292 9294 9295
f 9294 9296 9297
f 9296 9298 9299
f 9298 9300 9301
f 9300 9302 9303
f 9302 9304 9305
f 9304 9306 9307
f 9306 9308 9309
f 9308 9310 9311
f 9310 9312 9313
f 9312 9314 9315
f 9314 9316 9317
f 9316 9318 9319
f 9318 9320 9321
f 9320 9322 9323
f 9322 9324 9325
f 9324 9326 9327
f 9326 9328 9329
f 9328 9330 9331
f 9330 9332 9333
f 9332 9334 9335
f 9334 9336 9337
f 9336 9338 9339
f 9338 9340 9341
f 9340 9342 9343
f 9342 9344 9345
f 9344 9346 9347
f 9346 9348 9349
f 9348 9350 9351
f 9350 9352 9353
f 9352 9354 9355
f 9354 9356 9357
f 9356 9358 9359
f 9358 9360 9361
f 9360 9362 9363
f 9362 9364 9365
f 9364 9366 9367
f 9366 9368 9369
f 9368 9370 9371
f 9370 9372 9373
f 9372 9374 9375
f 9374 9376 9377
f 9376 9378 9379
f 9378 9380 9381
f 9380 9382 9383
f 9382 9384 9385
f 9384 9386 9387
f 9386 9388 9389
f 9388 9390 9391
f 9390 9392 9393
f 9392 9394 9395
f 9394 9396 9397
f 9396 9398 9399
f 9398 9400 9401
f 9400 9402 9403
f 9402 9404 9405
f 9404 9406 9407
f 9406 9408 9409
f 9408 9410 9411
f 9410 9412 9413
f 9412 9414 9415
f 9414 9416 9417
f 9416 9418 9419
f 9418 9420 9421
f 9420 9422 9423
f 9422 9424 9425
f 9424 9426 9427
f 9426 9428 9429
f 9428 9430 9431
f 9430 9432 9433
f 9432 9434 9435
f 9434 9436 9437
f 9436 9438 9439
f 9438 9440 9441
f 9440 9442 9443
f 9442 9444 9445
f 9444 9446 9447
f 9446 9448 9449
f 9448 9450 9451
f 9450 9452 9453
f 9452 9454 9455
f 9454 9456 9457
f 9456 9458 9459
f 9458 9460 9461
f 9460 9462 9463
f 9462 9464 9465
f 9464 9466 9467
f 9466 9468 9469
f 9468 9470 9471
f 9470 9472 9473
f 9472 9474 9475
f 9474 9476 9477
f 9476 9478 9479
f 9478 9480 9481
f 9480 9482 9483
f 9482 9484 9485
f 9484 9486 9487
f 9486 9488 9489
f 9488 9490 9491
f 9490 9492 9493
f 9492 9494 9495
f 9494 9496 9497
f 9496 9498 9499
f 9498 9500 9501
f 9500 9502 9503
f 9502 9504 9505
f 9504 9506 9507
f 9506 9508 9509
f 9508 9510 9511
f 9510 9512 9513
f 9512 9514 9515
f 9514 9516 9517
f 9516 9518 9519
f 9518 9520 9521
f 9520 9522 9523
f 9522 9524 9525
f 9524 9526 9527
f 9526 9528 9529
f 9528 9530 9531
f 9530 9532 9533
f 9532 9534 9535
f 9534 9536 9537
f 9536 9538 9539
f 9538 9540 9541
f 9540 9542 9543
f 9542 9544 9545
f 9544 9546 9547
f 9546 9548 9549
f 9548 9550 9551
f 9550 9552 9553
f 9552 9554 9555
f 9554 9556 9557
f 9556 9558 9559
f 9558 9560 9561
f 9560 9562 9563
f 9562 9564 9565
f 9564 9566 9567
f 9566 9568 9569
f 9568 9570 9571
f 9570 9572 9573
f 9572 9574 9575
f 9574 9576 9577
f 9576 9578 9579
f 9578 9580 9581
f 9580 9582 9583
f 9582 9584 9585
f 9584 9586 9587
f 9586 9588 9589
f 9588 9590 9591
f 9590 9592 9593
f 9592 9594 9595
f 9594 9596 9597
f 9596 9598 9599
f 9598 9600 9601
f 9600 9602 9603
f 9602 9604 9605
f 9604 9606 9607
f 9606 9608 9609
f 9608 9610 9611
f 9610 9612 9613
f 9612 9614 9615
f 9614 9616 9617
f 9616 9618 9619
f 9618 9620 9621
f 9620 9622 9623
f 9622 9624 9625
f 9624 9626 9627
f 9626 9628 9629
f 9628 9630 9631
f 9630 9632 9633
f 9632 9634 9635
f 9634 9636 9637
f 9636 9638 9639
f 9638 9640 9641
f 9640 9642 9643
f 9642 9644 9645
f 9644 9646 9647
f 9646 9648 9649
f 9648 9650 9651
f 9650 9652 9653
f 9652 9654 9655
f 9654 9656 9657
f 9656 9658 9659
f 9658 9660 9661
f 9660 9662 9663
f 9662 9664 9665
f 9664 9666 9667
f 9666 9668 9669
f 9668 9670 9671
f 9670 9672 9673
f 9672 9674 9675
f 9674 9676 9677
f 9676 9678 9679
f 9678 9680 9681
f 9680 9682 9683
f 9682 9684 9685
f 9684 9686 9687
f 9686 9688 9689
f 9688 9690 9691
f 9690 9692 9693
f 9692 9694 9695
f 9694 9696 9697
f 9696 9698 9699
f 9698 9700 9701
f 9700 9702 9703
f 9702 9704 9705
f 9704 9706 9707
f 9706 9708 9709
f 9708 9710 9711
f 9710 9712 9713
f 9712 9714 9715
f 9714 9716 9717
f 9716 9718 9719
f 9718 9720 9721
f 9720 9722 9723
f 9722 9724 9725
f 9724 9726 9727
f 9726 9728 9729
f 9728 9730 9731
f 9730 9732 9733
f 9732 9734 9735
f 9734 9736 9737
f 9736 9738 9739
f 9738 9740 9741
f 9740 9742 9743
f 9742 9744 9745
f 9744 9746 9747
f 9746 9748 9749
f 9748 9750 9751
f 9750 9752 9753
f 9752 9754 9755
f 9754 9756 9757
f 9756 9758 9759
f 9758 9760 9761
f 9760 9762 9763
f 9762 9764 9765
f 9764 9766 9767
f 9766 9768 9769
f 9768 9770 9771
f 9770 9772 9773
f 9772 9774 9775
f 9774 9776 9777
f 9776 9778 9779
f 9778 9780 9781
f 9780 9782 9783
f 9782 9784 9785
f 9784 9786 9787
f 9786 9069 9788

o Shape_107
usemtl material_1
f 9789 9790 9791
f 9790 9792 9793
f 9792 9794 9795
f 9794 9796 9797
f 9796 9798 9799
f 9798 9800 9801
f 9800 9802 9803
f 9802 9804 9805
f 9804 9806 9807
f 9806 9808 9809
f 9808 9810 9811
f 9810 9812 9813
f 9812 9814 9815
f 9814 9816 9817
f 9816 9818 9819
f 9818 9820 9821
f 9820 9822 9823
f 9822 9824 9825
f 9824 9826 9827
f 9826 9828 9829
f 9828 9830 9831
f 9830 9832 9833
f 9832 9834 9835
f 9834 9836 9837
f 9836 9838 9839
f 9838 9840 9841
f 9840 9842 9843
f 9842 9844 9845
f 9844 9846 9847
f 9846 9848 9849
f 9848 9850 9851
f 9850 9852 9853
f 9852 9854 9855
f 9854 9856 9857
f 9856 9858 9859
f 9858 9860 9861
f 9860 9862 9863
f 9862 9864 9865
f 9864 9866 9867
f 9866 9868 9869
f 9868 9870 9871
f 9870 9872 9873
f 9872 9874 9875
f 9874 9876 9877
f 9876 9878 9879
f 9878 9880 9881
f 9880 9882 9883
f 9882 9884 9885
f 9884 9886 9887
f 9886 9888 9889
f 9888 9890 9891
f 9890 9892 9893
f 9892 9894 9895
f 9894 9896 9897
f 9896 9898 9899
f 9898 9900 9901
f 9900 9902 9903
f 9902 9904 9905
f 9904 9906 9907
f 9906 9908 9909
f 9908 9910 9911
f 9910 9912 9913
f 9912 9914 9915
f 9914 9916 9917
f 9916 9918 9919
f 9918 9920 9921
f 9920 9922 9923
f 9922 9924 9925
f 9924 9926 9927
f 9926 9928 9929
f 9928 9930 9931
f 9930 9932 9933
f 9932 9934 9935
f 9934 9936 9937
f 9936 9938 9939
f 9938 9940 9941
f 9940 9942 9943
f 9942 9944 9945
f 9944 9946 9947
f 9946 9948 9949
f 9948 9950 9951
f 9950 9952 9953
f 9952 9954 9955
f 9954 9956 9957
f 9956 9958 9959
f 9958 9960 9961
f 9960 9962 9963
f 9962 9964 9965
f 9964 9966 9967
f 9966 9968 9969
f 9968 9970 9971
f 9970 9972 9973
f 9972 9974 9975
f 9974 9976 9977
f 9976 9978 9979
f 9978 9980 9981
f 9980 9982 9983
f 9982 9984 9985
f 9984 9986 9987
f 9986 9988 9989
f 9988 9990 9991
f 9990 9992 9993
f 9992 9994 9995
f 9994 9996 9997
f 9996 9998 9999
f 9998 10000 10001
f 10000 10002 10003
f 10002 10004 10005
f 10004 10006 10007
f 10006 10008 10009
f 10008 10010 10011
f 10010 10012 10013
f 10012 10014 10015
f 10014 10016 10017
f 10016 10018 10019
f 10018 10020 10021
f 10020 10022 10023
f 10022 10024 10025
f 10024 10026 10027
f 10026 10028 10029
f 10028 10030 10031
f 10030 10032 10033
f 10032 10034 10035
f 10034 10036 10037
f 10036 10038 10039
f 10038 10040 10041
f 10040 10042 10043
f 10042 10044 10045
f 10044 10046 10047
f 10046 10048 10049
f 10048 10050 10051
f 10050 10052 10053
f 10052 10054 10055
f 10054 10056 10057
f 10056 10058 10059
f 10058 10060 10061
f 10060 10062 10063
f 10062 10064 10065
f 10064 10066 10067
f 10066 10068 10069
f 10068 10070 10071
f 10070 10072 10073
f 10072 10074 10075
f 10074 10076 10077
f 10076 10078 10079
f 10078 10080 10081
f 10080 10082 10083
f 10082 10084 10085
f 10084 10086 10087
f 10086 10088 10089
f 10088 10090 10091
f 10090 10092 10093
f 10092 10094 10095
f 10094 10096 10097
f 10096 10098 10099
f 10098 10100 10101
f 10100 10102 10103
f 10102 10104 10105
f 10104 10106 10107
f 10106 10108 10109
f 10108 10110 10111
f 10110 10112 10113
f 10112 10114 10115
f 10114 10116 10117
f 10116 10118 10119
f 10118 10120 10121
f 10120 10122 10123
f 10122 10124 10125
f 10124 10126 10127
f 10126 10128 10129
f 10128 10130 10131
f 10130 10132 10133
f 10132 10134 10135
f 10134 10136 10137
f 10136 10138 10139
f 10138 10140 10141
f 10140 10142 10143
f 10142 10144 10145
f 10144 10146 10147
f 10146 10148 10149
f 10148 10150 10151
f 10150 10152 10153
f 10152 10154 10155
f 10154 10156 10157
f 10156 10158 10159
f 10158 10160 10161
f 10160 10162 10163
f 10162 10164 10165
f 10164 10166 10167
f 10166 10168 10169
f 10168 10170 10171
f 10170 10172 10173
f 10172 10174 10175
f 10174 10176 10177
f 10176 10178 10179
f 10178 10180 10181
f 10180 10182 10183
f 10182 10184 10185
f 10184 10186 10187
f 10186 10188 10189
f 10188 10190 10191
f 10190 10192 10193
f 10192 10194 10195
f 10194 10196 10197
f 10196 10198 10199
f 10198 10200 10201
f 10200 10202 10203
f 10202 10204 10205
f 10204 10206 10207
f 10206 10208 10209
f 10208 10210 10211
f 10210 10212 10213
f 10212 10214 10215
f 10214 10216 10217
f 10216 10218 10219
f 10218 10220 10221
f 10220 10222 10223
f 10222 10224 10225
f 10224 10226 10227
f 10226 10228 10229
f 10228 10230 10231
f 10230 10232 10233
f 10232 10234 10235
f 10234 10236 10237
f 10236 10238 10239
f 10238 10240 10241
f 10240 10242 10243
f 10242 10244 10245
f 10244 10246 10247
f 10246 10248 10249
f 10248 10250 10251
f 10250 10252 10253
f 10252 10254 10255
f 10254 10256 10257
f 10256 10258 10259
f 10258 10260 10261
f 10260 10262 10263
f 10262 10264 10265
f 10264 10266 10267
f 10266 10268 10269
f 10268 10270 10271
f 10270 10272 10273
f 10272 10274 10275
f 10274 10276 10277
f 10276 10278 10279
f 10278 10280 10281
f 10280 10282 10283
f 10282 10284 10285
f 10284 10286 10287
f 10286 10288 10289
f 10288 10290 10291
f 10290 10292 10293
f 10292 10294 10295
f 10294 10296 10297
f 10296 10298 10299
f 10298 10300 10301
f 10300 10302 10303
f 10302 10304 10305
f 10304 10306 10307
f 10306 10308 10309
f 10308 10310 10311
f 10310 10312 10313
f 10312 10314 10315
f 10314 10316 10317
f 10316 10318 10319
f 10318 10320 10321
f 10320 10322 10323
f 10322 10324 10325
f 10324 10326 10327
f 10326 10328 10329
f 10328 10330 10331
f 10330 10332 10333
f 10332 10334 10335
f 10334 10336 10337
f 10336 10338 10339
f 10338 10340 10341
f 10340 10342 10343
f 10342 10344 10345
f 10344 10346 10347
f 10346 10348 10349
f 10348 10350 10351
f 10350 10352 10353
f 10352 10354 10355
f 10354 10356 10357
f 10356 10358 10359
f 10358 10360 10361
f 10360 10362 10363
f 10362 10364 10365
f 10364 10366 10367
f 10366 10368 10369
f 10368 10370 10371
f 10370 10372 10373
f 10372 10374 10375
f 10374 10376 10377
f 10376 10378 10379
f 10378 10380 10381
f 10380 10382 10383
f 10382 10384 10385
f 10384 10386 10387
f 10386 10388 10389
f 10388 10390 10391
f 10390 10392 10393
f 10392 10394 10395
f 10394 10396 10397
f 10396 10398 10399
f 10398 10400 10401
f 10400 10402 10403
f 10402 10404 10405
f 10404 10406 10407
f 10406 10408 10409
f 10408 10410 10411
f 10410 10412 10413
f 10412 10414 10415
f 10414 10416 10417
f 10416 10418 10419
f 10418 10420 10421
f 10420 10422 10423
f 10422 10424 10425
f 10424 10426 10427
f 10426 10428 10429
f 10428 10430 10431
f 10430 10432 10433
f 10432 10434 10435
f 10434 10436 10437
f 10436 10438 10439
f 10438 10440 10441
f 10440 10442 10443
f 10442 10444 10445
f 10444 10446 10447
f 10446 10448 10449
f 10448 10450 10451
f 10450 10452 10453
f 10452 10454 10455
f 10454 10456 10457
f 10456 10458 10459
f 10458 10460 10461
f 10460 10462 10463
f 10462 10464 10465
f 10464 10466 10467
f 10466 10468 10469
f 10468 10470 10471
f 10470 10472 10473
f 10472 10474 10475
f 10474 10476 10477
f 10476 10478 10479
f 10478 10480 10481
f 10480 10482 10483
f 10482 10484 10485
f 10484 10486 10487
f 10486 10488 10489
f 10488 10490 10491
f 10490 10492 10493
f 10492 10494 10495
f 10494 10496 10497
f 10496 10498 10499
f 10498 10500 10501
f 10500 10502 10503
f 10502 10504 10505
f 10504 10506 10507
f 10506 9789 10508

o Shape_108
usemtl material_1
f 9069 9789 10509
f 9069 9789 10509

o Shape_109
usemtl material_1
f 9698 9878 10510
f 9698 9878 10510

o Shape_110
usemtl material_1
f 9608 9968 10511
f 9608 9968 10511

o Shape_111
usemtl material_1
f 9518 10058 10512
f 9518 10058 10512

o Shape_112
usemtl material_1
f 9428 10148 10513
f 9428 10148 10513

o Shape_113
usemtl material_1
f 9338 10238 10514
f 9338 10238 10514

o Shape_114
usemtl material_1
f 9248 10328 10515
f 9248 10328 10515

o Shape_115
usemtl material_1
f 9158 10418 10516
f 9158 10418 10516

o Shape_116
usemtl material_1
f 9069 9789 10509
f 9069 9789 10509

o Shape_117
usemtl material_1
f 10517 10518 10519
f 10518 10520 10521
f 10520 10522 10523
f 10522 10524 10525
f 10524 10526 10527
f 10526 10528 10529
f 10528 10530 10531
f 10530 10532 10533
f 10532 10534 10535
f 10534 10536 10537
f 10536 10538 10539
f 10538 10540 10541
f 10540 10542 10543
f 10542 10544 10545
f 10544 10546 10547
f 10546 10548 10549
f 10548 10550 10551
f 10550 10552 10553
f 10552 10554 10555
f 10554 10556 10557
f 10556 10558 10559
f 10558 10560 10561
f 10560 10562 10563
f 10562 10564 10565
f 10564 10566 10567
f 10566 10568 10569
f 10568 10570 10571
f 10570 10572 10573
f 10572 10574 10575
f 10574 10576 10577
f 10576 10578 10579
f 10578 10580 10581
f 10580 10582 10583
f 10582 10584 10585
f 10584 10586 10587
f 10586 10588 10589
f 10588 10590 10591
f 10590 10592 10593
f 10592 10594 10595
f 10594 10596 10597
f 10596 10598 10599
f 10598 10600 10601
f 10600 10602 10603
f 10602 10604 10605
f 10604 10606 10607
f 10606 10608 10609
f 10608 10610 10611
f 10610 10612 10613
f 10612 10614 10615
f 10614 10616 10617
f 10616 10618 10619
f 10618 10620 10621
f 10620 10622 10623
f 10622 10624 10625
f 10624 10626 10627
f 10626 10628 10629
f 10628 10630 10631
f 10630 10632 10633
f 10632 10634 10635
f 10634 10636 10637
f 10636 10638 10639
f 10638 10640 10641
f 10640 10642 10643
f 10642 10644 10645
f 10644 10646 10647
f 10646 10648 10649
f 10648 10650 10651
f 10650 10652 10653
f 10652 10654 10655
f 10654 10656 10657
f 10656 10658 10659
f 10658 10660 10661
f 10660 10662 10663
f 10662 10664 10665
f 10664 10666 10667
f 10666 10668 10669
f 10668 10670 10671
f 10670 10672 10673
f 10672 10674 10675
f 10674 10676 10677
f 10676 10678 10679
f 10678 10680 10681
f 10680 10682 10683
f 10682 10684 10685
f 10684 10686 10687
f 10686 10688 10689
f 10688 10690 10691
f 10690 10692 10693
f 10692 10694 10695
f 10694 10696 10697
f 10696 10698 10699
f 10698 10700 10701
f 10700 10702 10703
f 10702 10704 10705
f 10704 10706 10707
f 10706 10708 10709
f 10708 10710 10711
f 10710 10712 10713
f 10712 10714 10715
f 10714 10716 10717
f 10716 10718 10719
f 10718 10720 10721
f 10720 10722 10723
f 10722 10724 10725
f 10724 10726 10727
f 10726 10728 10729
f 10728 10730 10731
f 10730 10732 10733
f 10732 10734 10735
f 10734 10736 10737
f 10736 10738 10739
f 10738 10740 10741
f 10740 10742 10743
f 10742 10744 10745
f 10744 10746 10747
f 10746 10748 10749
f 10748 10750 10751
f 10750 10752 10753
f 10752 10754 10755
f 10754 10756 10757
f 10756 10758 10759
f 10758 10760 10761
f 10760 10762 10763
f 10762 10764 10765
f 10764 10766 10767
f 10766 10768 10769
f 10768 10770 10771
f 10770 10772 10773
f 10772 10774 10775
f 10774 10776 10777
f 10776 10778 10779
f 10778 10780 10781
f 10780 10782 10783
f 10782 10784 10785
f 10784 10786 10787
f 10786 10788 10789
f 10788 10790 10791
f 10790 10792 10793
f 10792 10794 10795
f 10794 10796 10797
f 10796 10798 10799
f 10798 10800 10801
f 10800 10802 10803
f 10802 10804 10805
f 10804 10806 10807
f 10806 10808 10809
f 10808 10810 10811
f 10810 10812 10813
f 10812 10814 10815
f 10814 10816 10817
f 10816 10818 10819
f 10818 10820 10821
f 10820 10822 10823
f 10822 10824 10825
f 10824 10826 10827
f 10826 10828 10829
f 10828 10830 10831
f 10830 10832 10833
f 10832 10834 10835
f 10834 10836 10837
f 10836 10838 10839
f 10838 10840 10841
f 10840 10842 10843
f 10842 10844 10845
f 10844 10846 10847
f 10846 10848 10849
f 10848 10850 10851
f 10850 10852 10853
f 10852 10854 10855
f 10854 10856 10857
f 10856 10858 10859
f 10858 10860 10861
f 10860 10862 10863
f 10862 10864 10865
f 10864 10866 10867
f 10866 10868 10869
f 10868 10870 10871
f 10870 10872 10873
f 10872 10874 10875
f 10874 10876 10877
f 10876 10878 10879
f 10878 10880 10881
f 10880 10882 10883
f 10882 10884 10885
f 10884 10886 10887
f 10886 10888 10889
f 10888 10890 10891
f 10890 10892 10893
f 10892 10894 10895
f 10894 10896 10897
f 10896 10898 10899
f 10898 10900 10901
f 10900 10902 10903
f 10902 10904 10905
f 10904 10906 10907
f 10906 10908 10909
f 10908 10910 10911
f 10910 10912 10913
f 10912 10914 10915
f 10914 10916 10917
f 10916 10918 10919
f 10918 10920 10921
f 10920 10922 10923
f 10922 10924 10925
f 10924 10926 10927
f 10926 10928 10929
f 10928 10930 10931
f 10930 10932 10933
f 10932 10934 10935
f 10934 10936 10937
f 10936 10938 10939
f 10938 10940 10941
f 10940 10942 10943
f 10942 10944 10945
f 10944 10946 10947
f 10946 10948 10949
f 10948 10950 10951
f 10950 10952 10953
f 10952 10954 10955
f 10954 10956 10957
f 10956 10958 10959
f 10958 10960 10961
f 10960 10962 10963
f 10962 10964 10965
f 10964 10966 10967
f 10966 10968 10969
f 10968 10970 10971
f 10970 10972 10973
f 10972 10974 10975
f 10974 10976 10977
f 10976 10978 10979
f 10978 10980 10981
f 10980 10982 10983
f 10982 10984 10985
f 10984 10986 10987
f 10986 10988 10989
f 10988 10990 10991
f 10990 10992 10993
f 10992 10994 10995
f 10994 10996 10997
f 10996 10998 10999
f 10998 11000 11001
f 11000 11002 11003
f 11002 11004 11005
f 11004 11006 11007
f 11006 11008 11009
f 11008 11010 11011
f 11010 11012 11013
f 11012 11014 11015
f 11014 11016 11017
f 11016 11018 11019
f 11018 11020 11021
f 11020 11022 11023
f 11022 11024 11025
f 11024 11026 11027
f 11026 11028 11029
f 11028 11030 11031
f 11030 11032 11033
f 11032 11034 11035
f 11034 11036 11037
f 11036 11038 11039
f 11038 11040 11041
f 11040 11042 11043
f 11042 11044 11045
f 11044 11046 11047
f 11046 11048 11049
f 11048 11050 11051
f 11050 11052 11053
f 11052 11054 11055
f 11054 11056 11057
f 11056 11058 11059
f 11058 11060 11061
f 11060 11062 11063
f 11062 11064 11065
f 11064 11066 11067
f 11066 11068 11069
f 11068 11070 11071
f 11070 11072 11073
f 11072 11074 11075
f 11074 11076 11077
f 11076 11078 11079
f 11078 11080 11081
f 11080 11082 11083
f 11082 11084 11085
f 11084 11086 11087
f 11086 11088 11089
f 11088 11090 11091
f 11090 11092 11093
f 11092 11094 11095
f 11094 11096 11097
f 11096 11098 11099
f 11098 11100 11101
f 11100 11102 11103
f 11102 11104 11105
f 11104 11106 11107
f 11106 11108 11109
f 11108 11110 11111
f 11110 11112 11113
f 11112 11114 11115
f 11114 11116 11117
f 11116 11118 11119
f 11118 11120 11121
f 11120 11122 11123
f 11122 11124 11125
f 11124 11126 11127
f 11126 11128 11129
f 11128 11130 11131
f 11130 11132 11133
f 11132 11134 11135
f 11134 11136 11137
f 11136 11138 11139
f 11138 11140 11141
f 11140 11142 11143
f 11142 11144 11145
f 11144 11146 11147
f 11146 11148 11149
f 11148 11150 11151
f 11150 11152 11153
f 11152 11154 11155
f 11154 11156 11157
f 11156 11158 11159
f 11158 11160 11161
f 11160 11162 11163
f 11162 11164 11165
f 11164 11166 11167
f 11166 11168 11169
f 11168 11170 11171
f 11170 11172 11173
f 11172 11174 11175
f 11174 11176 11177
f 11176 11178 11179
f 11178 11180 11181
f 11180 11182 11183
f 11182 11184 11185
f 11184 11186 11187
f 11186 11188 11189
f 11188 11190 11191
f 11190 11192 11193
f 11192 11194 11195
f 11194 11196 11197
f 11196 11198 11199
f 11198 11200 11201
f 11200 11202 11203
f 11202 11204 11205
f 11204 11206 11207
f 11206 11208 11209
f 11208 11210 11211
f 11210 11212 11213
f 11212 11214 11215
f 11214 11216 11217
f 11216 11218 11219
f 11218 11220 11221
f 11220 11222 11223
f 11222 11224 11225
f 11224 11226 11227
f 11226 11228 11229
f 11228 11230 11231
f 11230 11232 11233
f 11232 11234 11235
f 11234 10517 11236

o Shape_118
usemtl material_1
f 11237 11238 11239
f 11238 11240 11241
f 11240 11242 11243
f 11242 11244 11245
f 11244 11246 11247
f 11246 11248 11249
f 11248 11250 11251
f 11250 11252 11253
f 11252 11254 11255
f 11254 11256 11257
f 11256 11258 11259
f 11258 11260 11261
f 11260 11262 11263
f 11262 11264 11265
f 11264 11266 11267
f 11266 11268 11269
f 11268 11270 11271
f 11270 11272 11273
f 11272 11274 11275
f 11274 11276 11277
f 11276 11278 11279
f 11278 11280 11281
f 11280 11282 11283
f 11282 11284 11285
f 11284 11286 11287
f 11286 11288 11289
f 11288 11290 11291
f 11290 11292 11293
f 11292 11294 11295
f 11294 11296 11297
f 11296 11298 11299
f 11298 11300 11301
f 11300 11302 11303
f 11302 11304 11305
f 11304 11306 11307
f 11306 11308 11309
f 11308 11310 11311
f 11310 11312 11313
f 11312 11314 11315
f 11314 11316 11317
f 11316 11318 11319
f 11318 11320 11321
f 11320 11322 11323
f 11322 11324 11325
f 11324 11326 11327
f 11326 11328 11329
f 11328 11330 11331
f 11330 11332 11333
f 11332 11334 11335
f 11334 11336 11337
f 11336 11338 11339
f 11338 11340 11341
f 11340 11342 11343
f 11342 11344 11345
f 11344 11346 11347
f 11346 11348 11349
f 11348 11350 11351
f 11350 11352 11353
f 11352 11354 11355
f 11354 11356 11357
f 11356 11358 11359
f 11358 11360 11361
f 11360 11362 11363
f 11362 11364 11365
f 11364 11366 11367
f 11366 11368 11369
f 11368 11370 11371
f 11370 11372 11373
f 11372 11374 11375
f 11374 11376 11377
f 11376 11378 11379
f 11378 11380 11381
f 11380 11382 11383
f 11382 11384 11385
f 11384 11386 11387
f 11386 11388 11389
f 11388 11390 11391
f 11390 11392 11393
f 11392 11394 11395
f 11394 11396 11397
f 11396 11398 11399
f 11398 11400 11401
f 11400 11402 11403
f 11402 11404 11405
f 11404 11406 11407
f 11406 11408 11409
f 11408 11410 11411
f 11410 11412 11413
f 11412 11414 11415
f 11414 11416 11417
f 11416 11418 11419
f 11418 11420 11421
f 11420 11422 11423
f 11422 11424 11425
f 11424 11426 11427
f 11426 11428 11429
f 11428 11430 11431
f 11430 11432 11433
f 11432 11434 11435
f 11434 11436 11437
f 11436 11438 11439
f 11438 11440 11441
f 11440 11442 11443
f 11442 11444 11445
f 11444 11446 11447
f 11446 11448 11449
f 11448 11450 11451
f 11450 11452 11453
f 11452 11454 11455
f 11454 11456 11457
f 11456 11458 11459
f 11458 11460 11461
f 11460 11462 11463
f 11462 11464 11465
f 11464 11466 11467
f 11466 11468 11469
f 11468 11470 11471
f 11470 11472 11473
f 11472 11474 11475
f 11474 11476 11477
f 11476 11478 11479
f 11478 11480 11481
f 11480 11482 11483
f 11482 11484 11485
f 11484 11486 11487
f 11486 11488 11489
f 11488 11490 11491
f 11490 11492 11493
f 11492 11494 11495
f 11494 11496 11497
f 11496 11498 11499
f 11498 11500 11501
f 11500 11502 11503
f 11502 11504 11505
f 11504 11506 11507
f 11506 11508 11509
f 11508 11510 11511
f 11510 11512 11513
f 11512 11514 11515
f 11514 11516 11517
f 11516 11518 11519
f 11518 11520 11521
f 11520 11522 11523
f 11522 11524 11525
f 11524 11526 11527
f 11526 11528 11529
f 11528 11530 11531
f 11530 11532 11533
f 11532 11534 11535
f 11534 11536 11537
f 11536 11538 11539
f 11538 11540 11541
f 11540 11542 11543
f 11542 11544 11545
f 11544 11546 11547
f 11546 11548 11549
f 11548 11550 11551
f 11550 11552 11553
f 11552 11554 11555
f 11554 11556 11557
f 11556 11558 11559
f 11558 11560 11561
f 11560 11562 11563
f 11562 11564 11565
f 11564 11566 11567
f 11566 11568 11569
f 11568 11570 11571
f 11570 11572 11573
f 11572 11574 11575
f 11574 11576 11577
f 11576 11578 11579
f 11578 11580 11581
f 11580 11582 11583
f 11582 11584 11585
f 11584 11586 11587
f 11586 11588 11589
f 11588 11590 11591
f 11590 11592 11593
f 11592 11594 11595
f 11594 11596 11597
f 11596 11598 11599
f 11598 11600 11601
f 11600 11602 11603
f 11602 11604 11605
f 11604 11606 11607
f 11606 11608 11609
f 11608 11610 11611
f 11610 11612 11613
f 11612 11614 11615
f 11614 11616 11617
f 11616 11618 11619
f 11618 11620 11621
f 11620 11622 11623
f 11622 11624 11625
f 11624 11626 11627
f 11626 11628 11629
f 11628 11630 11631
f 11630 11632 11633
f 11632 11634 11635
f 11634 11636 11637
f 11636 11638 11639
f 11638 11640 11641
f 11640 11642 11643
f 11642 11644 11645
f 11644 11646 11647
f 11646 11648 11649
f 11648 11650 11651
f 11650 11652 11653
f 11652 11654 11655
f 11654 11656 11657
f 11656 11658 11659
f 11658 11660 11661
f 11660 11662 11663
f 11662 11664 11665
f 11664 11666 11667
f 11666 11668 11669
f 11668 11670 11671
f 11670 11672 11673
f 11672 11674 11675
f 11674 11676 11677
f 11676 11678 11679
f 11678 11680 11681
f 11680 11682 11683
f 11682 11684 11685
f 11684 11686 11687
f 11686 11688 11689
f 11688 11690 11691
f 11690 11692 11693
f 11692 11694 11695
f 11694 11696 11697
f 11696 11698 11699
f 11698 11700 11701
f 11700 11702 11703
f 11702 11704 11705
f 11704 11706 11707
f 11706 11708 11709
f 11708 11710 11711
f 11710 11712 11713
f 11712 11714 11715
f 11714 11716 11717
f 11716 11718 11719
f 11718 11720 11721
f 11720 11722 11723
f 11722 11724 11725
f 11724 11726 11727
f 11726 11728 11729
f 11728 11730 11731
f 11730 11732 11733
f 11732 11734 11735
f 11734 11736 11737
f 11736 11738 11739
f 11738 11740 11741
f 11740 11742 11743
f 11742 11744 11745
f 11744 11746 11747
f 11746 11748 11749
f 11748 11750 11751
f 11750 11752 11753
f 11752 11754 11755
f 11754 11756 11757
f 11756 11758 11759
f 11758 11760 11761
f 11760 11762 11763
f 11762 11764 11765
f 11764 11766 11767
f 11766 11768 11769
f 11768 11770 11771
f 11770 11772 11773
f 11772 11774 11775
f 11774 11776 11777
f 11776 11778 11779
f 11778 11780 11781
f 11780 11782 11783
f 11782 11784 11785
f 11784 11786 11787
f 11786 11788 11789
f 11788 11790 11791
f 11790 11792 11793
f 11792 11794 11795
f 11794 11796 11797
f 11796 11798 11799
f 11798 11800 11801
f 11800 11802 11803
f 11802 11804 11805
f 11804 11806 11807
f 11806 11808 11809
f 11808 11810 11811
f 11810 11812 11813
f 11812 11814 11815
f 11814 11816 11817
f 11816 11818 11819
f 11818 11820 11821
f 11820 11822 11823
f 11822 11824 11825
f 11824 11826 11827
f 11826 11828 11829
f 11828 11830 11831
f 11830 11832 11833
f 11832 11834 11835
f 11834 11836 11837
f 11836 11838 11839
f 11838 11840 11841
f 11840 11842 11843
f 11842 11844 11845
f 11844 11846 11847
f 11846 11848 11849
f 11848 11850 11851
f 11850 11852 11853
f 11852 11854 11855
f 11854 11856 11857
f 11856 11858 11859
f 11858 11860 11861
f 11860 11862 11863
f 11862 11864 11865
f 11864 11866 11867
f 11866 11868 11869
f 11868 11870 11871
f 11870 11872 11873
f 11872 11874 11875
f 11874 11876 11877
f 11876 11878 11879
f 11878 11880 11881
f 11880 11882 11883
f 11882 11884 11885
f 11884 11886 11887
f 11886 11888 11889
f 11888 11890 11891
f 11890 11892 11893
f 11892 11894 11895
f 11894 11896 11897
f 11896 11898 11899
f 11898 11900 11901
f 11900 11902 11903
f 11902 11904 11905
f 11904 11906 11907
f 11906 11908 11909
f 11908 11910 11911
f 11910 11912 11913
f 11912 11914 11915
f 11914 11916 11917
f 11916 11918 11919
f 11918 11920 11921
f 11920 11922 11923
f 11922 11924 11925
f 11924 11926 11927
f 11926 11928 11929
f 11928 11930 11931
f 11930 11932 11933
f 11932 11934 11935
f 11934 11936 11937
f 11936 11938 11939
f 11938 11940 11941
f 11940 11942 11943
f 11942 11944 11945
f 11944 11946 11947
f 11946 11948 11949
f 11948 11950 11951
f 11950 11952 11953
f 11952 11954 11955
f 11954 11237 11956

o Shape_119
usemtl material_1
f 10517 11237 11957
f 10517 11237 11957

o Shape_120
usemtl material_1
f 11146 11326 11958
f 11146 11326 11958

o Shape_121
usemtl material_1
f 11056 11416 11959
f 11056 11416 11959

o Shape_122
usemtl material_1
f 10966 11506 11960
f 10966 11506 11960

o Shape_123
usemtl material_1
f 10876 11596 11961
f 10876 11596 11961

o Shape_124
usemtl material_1
f 10786 11686 11962
f 10786 11686 11962

o Shape_125
usemtl material_1
f 10696 11776 11963
f 10696 11776 11963

o Shape_126
usemtl material_1
f 10606 11866 11964
f 10606 11866 11964

o Shape_127
usemtl material_1
f 10517 11237 11957
f 10517 11237 11957

o Shape_128
usemtl material_1
f 11965 373 11966
f 11965 373 11966

o Shape_129
usemtl material_1
f 378 373 380
f 378 373 380

o Shape_130
usemtl material_1
f 11967 378 11968
f 11967 378 11968

o Shape_131
usemtl material_1
f 11967 11965 11969
f 11967 11965 11969

o Shape_132
usemtl material_1
f 11967 378 11968
f 11967 378 11968

o Shape_133
usemtl material_1
f 376 378 379
f 376 378 379

o Shape_134
usemtl material_1
f 11970 376 11971
f 11970 376 11971

o Shape_135
usemtl material_1
f 11970 11967 11972
f 11970 11967 11972

o Shape_136
usemtl material_1
f 11970 376 11971
f 11970 376 11971

o Shape_137
usemtl material_1
f 374 376 377
f 374 376 377

o Shape_138
usemtl material_1
f 11973 374 11974
f 11973 374 11974

o Shape_139
usemtl material_1
f 11973 11970 11975
f 11973 11970 11975

o Shape_140
usemtl material_1
f 11973 374 11974
f 11973 374 11974

o Shape_141
usemtl material_1
f 373 374 375
f 373 374 375

o Shape_142
usemtl material_1
f 11965 373 11966
f 11965 373 11966

o Shape_143
usemtl material_1
f 11965 11973 11976
f 11965 11973 11976

o Shape_144
usemtl material_1
f 11967 11965 11969
f 11967 11965 11969

o Shape_145
usemtl material_1
f 11970 11967 11972
f 11970 11967 11972

o Shape_146
usemtl material_1
f 11973 11970 11975
f 11973 11970 11975

o Shape_147
usemtl material_1
f 11965 11973 11976
f 11965 11973 11976

o Shape_148
usemtl material_1
f 11977 11978 11979
f 11977 11978 11979

o Shape_149
usemtl material_1
f 11980 11978 11981
f 11980 11978 11981

o Shape_150
usemtl material_1
f 11982 11980 11983
f 11982 11980 11983

o Shape_151
usemtl material_1
f 11982 11977 11984
f 11982 11977 11984

o Shape_152
usemtl material_1
f 11982 11980 11983
f 11982 11980 11983

o Shape_153
usemtl material_1
f 11985 11980 11986
f 11985 11980 11986

o Shape_154
usemtl material_1
f 11987 11985 11988
f 11987 11985 11988

o Shape_155
usemtl material_1
f 11987 11982 11989
f 11987 11982 11989

o Shape_156
usemtl material_1
f 11987 11985 11988
f 11987 11985 11988

o Shape_157
usemtl material_1
f 11990 11985 11991
f 11990 11985 11991

o Shape_158
usemtl material_1
f 11992 11990 11993
f 11992 11990 11993

o Shape_159
usemtl material_1
f 11992 11987 11994
f 11992 11987 11994

o Shape_160
usemtl material_1
f 11992 11990 11993
f 11992 11990 11993

o Shape_161
usemtl material_1
f 11978 11990 11995
f 11978 11990 11995

o Shape_162
usemtl material_1
f 11977 11978 11979
f 11977 11978 11979

o Shape_163
usemtl material_1
f 11977 11992 11996
f 11977 11992 11996

o Shape_164
usemtl material_1
f 11982 11977 11984
f 11982 11977 11984

o Shape_165
usemtl material_1
f 11987 11982 11989
f 11987 11982 11989

o Shape_166
usemtl material_1
f 11992 11987 11994
f 11992 11987 11994

o Shape_167
usemtl material_1
f 11977 11992 11996
f 11977 11992 11996

o Shape_168
usemtl material_1
f 11997 11998 11999
f 11997 11998 11999

o Shape_169
usemtl material_1
f 12000 11998 12001
f 12000 11998 12001

o Shape_170
usemtl material_1
f 12002 12000 12003
f 12002 12000 12003

o Shape_171
usemtl material_1
f 12002 11997 12004
f 12002 11997 12004

o Shape_172
usemtl material_1
f 12002 12000 12003
f 12002 12000 12003

o Shape_173
usemtl material_1
f 12005 12000 12006
f 12005 12000 12006

o Shape_174
usemtl material_1
f 12007 12005 12008
f 12007 12005 12008

o Shape_175
usemtl material_1
f 12007 12002 12009
f 12007 12002 12009

o Shape_176
usemtl material_1
f 12007 12005 12008
f 12007 12005 12008

o Shape_177
usemtl material_1
f 12010 12005 12011
f 12010 12005 12011

o Shape_178
usemtl material_1
f 12012 12010 12013
f 12012 12010 12013

o Shape_179
usemtl material_1
f 12012 12007 12014
f 12012 12007 12014

o Shape_180
usemtl material_1
f 12012 12010 12013
f 12012 12010 12013

o Shape_181
usemtl material_1
f 11998 12010 12015
f 11998 12010 12015

o Shape_182
usemtl material_1
f 11997 11998 11999
f 11997 11998 11999

o Shape_183
usemtl material_1
f 11997 12012 12016
f 11997 12012 12016

o Shape_184
usemtl material_1
f 12002 11997 12004
f 12002 11997 12004

o Shape_185
usemtl material_1
f 12007 12002 12009
f 12007 12002 12009

o Shape_186
usemtl material_1
f 12012 12007 12014
f 12012 12007 12014

o Shape_187
usemtl material_1
f 11997 12012 12016
f 11997 12012 12016

o Shape_188
usemtl material_1
f 364 339 12017
f 364 339 12017

o Shape_189
usemtl material_1
f 364 362 365
f 364 362 365

o Shape_190
usemtl material_1
f 362 341 12018
f 362 341 12018

o Shape_191
usemtl material_1
f 341 339 342
f 341 339 342

o Shape_192
usemtl material_1
f 366 337 12019
f 366 337 12019

o Shape_193
usemtl material_1
f 366 364 367
f 366 364 367

o Shape_194
usemtl material_1
f 364 339 12017
f 364 339 12017

o Shape_195
usemtl material_1
f 339 337 340
f 339 337 340

o Shape_196
usemtl material_1
f 368 335 12020
f 368 335 12020

o Shape_197
usemtl material_1
f 368 366 369
f 368 366 369

o Shape_198
usemtl material_1
f 366 337 12019
f 366 337 12019

o Shape_199
usemtl material_1
f 337 335 338
f 337 335 338

o Shape_200
usemtl material_1
f 370 333 12021
f 370 333 12021

o Shape_201
usemtl material_1
f 370 368 371
f 370 368 371

o Shape_202
usemtl material_1
f 368 335 12020
f 368 335 12020

o Shape_203
usemtl material_1
f 335 333 336
f 335 333 336

o Shape_204
usemtl material_1
f 160 370 372
f 160 370 372

o Shape_205
usemtl material_1
f 370 333 12021
f 370 333 12021

o Shape_206
usemtl material_1
f 333 162 334
f 333 162 334

o Shape_207
usemtl material_1
f 160 162 12022
f 160 162 12022

o Shape_208
usemtl material_1
f 358 345 12023
f 358 345 12023

o Shape_209
usemtl material_1
f 358 356 359
f 358 356 359

o Shape_210
usemtl material_1
f 356 347 12024
f 356 347 12024

o Shape_211
usemtl material_1
f 347 345 348
f 347 345 348

o Shape_212
usemtl material_1
f 360 343 12025
f 360 343 12025

o Shape_213
usemtl material_1
f 360 358 361
f 360 358 361

o Shape_214
usemtl material_1
f 358 345 12023
f 358 345 12023

o Shape_215
usemtl material_1
f 345 343 346
f 345 343 346

o Shape_216
usemtl material_1
f 362 341 12018
f 362 341 12018

o Shape_217
usemtl material_1
f 362 360 363
f 362 360 363

o Shape_218
usemtl material_1
f 360 343 12025
f 360 343 12025

o Shape_219
usemtl material_1
f 343 341 344
f 343 341 344

o Shape_220
usemtl material_1
f 12026 12027 12028
f 12026 12027 12028

o Shape_221
usemtl material_1
f 12029 12027 12030
f 12029 12027 12030

o Shape_222
usemtl material_1
f 12031 12029 12032
f 12031 12029 12032

o Shape_223
usemtl material_1
f 12031 12026 12033
f 12031 12026 12033

o Shape_224
usemtl material_1
f 12031 12029 12032
f 12031 12029 12032

o Shape_225
usemtl material_1
f 12034 12029 12035
f 12034 12029 12035

o Shape_226
usemtl material_1
f 12036 12034 12037
f 12036 12034 12037

o Shape_227
usemtl material_1
f 12036 12031 12038
f 12036 12031 12038

o Shape_228
usemtl material_1
f 12036 12034 12037
f 12036 12034 12037

o Shape_229
usemtl material_1
f 12039 12034 12040
f 12039 12034 12040

o Shape_230
usemtl material_1
f 12041 12039 12042
f 12041 12039 12042

o Shape_231
usemtl material_1
f 12041 12036 12043
f 12041 12036 12043

o Shape_232
usemtl material_1
f 12041 12039 12042
f 12041 12039 12042

o Shape_233
usemtl material_1
f 12027 12039 12044
f 12027 12039 12044

o Shape_234
usemtl material_1
f 12026 12027 12028
f 12026 12027 12028

o Shape_235
usemtl material_1
f 12026 12041 12045
f 12026 12041 12045

o Shape_236
usemtl material_1
f 12031 12026 12033
f 12031 12026 12033

o Shape_237
usemtl material_1
f 12036 12031 12038
f 12036 12031 12038

o Shape_238
usemtl material_1
f 12041 12036 12043
f 12041 12036 12043

o Shape_239
usemtl material_1
f 12026 12041 12045
f 12026 12041 12045

o Shape_240
usemtl material_1
f 12046 12047 12048
f 12047 12049 12050
f 12049 12051 12052
f 12051 12053 12054
f 12053 12055 12056
f 12055 12057 12058
f 12057 12059 12060
f 12059 12061 12062
f 12061 12063 12064
f 12063 12065 12066
f 12065 12067 12068
f 12067 12069 12070
f 12069 12071 12072
f 12071 12073 12074
f 12073 12075 12076
f 12075 12077 12078
f 12077 12079 12080
f 12079 12081 12082
f 12081 12083 12084
f 12083 12085 12086
f 12085 12087 12088
f 12087 12089 12090
f 12089 12091 12092
f 12091 12093 12094
f 12093 12095 12096
f 12095 12097 12098
f 12097 12099 12100
f 12099 12101 12102
f 12101 12103 12104
f 12103 12105 12106
f 12105 12107 12108
f 12107 12109 12110
f 12109 12111 12112
f 12111 12113 12114
f 12113 12115 12116
f 12115 12117 12118
f 12117 12119 12120
f 12119 12121 12122
f 12121 12123 12124
f 12123 12125 12126
f 12125 12127 12128
f 12127 12129 12130
f 12129 12131 12132
f 12131 12133 12134
f 12133 12135 12136
f 12135 12137 12138
f 12137 12139 12140
f 12139 12141 12142
f 12141 12143 12144
f 12143 12145 12146
f 12145 12147 12148
f 12147 12149 12150
f 12149 12151 12152
f 12151 12153 12154
f 12153 12155 12156
f 12155 12157 12158
f 12157 12159 12160
f 12159 12161 12162
f 12161 12163 12164
f 12163 12165 12166
f 12165 12167 12168
f 12167 12169 12170
f 12169 12171 12172
f 12171 12173 12174
f 12173 12175 12176
f 12175 12177 12178
f 12177 12179 12180
f 12179 12181 12182
f 12181 12183 12184
f 12183 12185 12186
f 12185 12187 12188
f 12187 12189 12190
f 12189 12191 12192
f 12191 12193 12194
f 12193 12195 12196
f 12195 12197 12198
f 12197 12199 12200
f 12199 12201 12202
f 12201 12203 12204
f 12203 12205 12206
f 12205 12207 12208
f 12207 12209 12210
f 12209 12211 12212
f 12211 12213 12214
f 12213 12215 12216
f 12215 12217 12218
f 12217 12219 12220
f 12219 12221 12222
f 12221 12046 12223

o Shape_241
usemtl material_1
f 12224 12225 12226
f 12225 12227 12228
f 12227 12229 12230
f 12229 12231 12232
f 12231 12233 12234
f 12233 12235 12236
f 12235 12237 12238
f 12237 12239 12240
f 12239 12241 12242
f 12241 12243 12244
f 12243 12245 12246
f 12245 12247 12248
f 12247 12249 12250
f 12249 12251 12252
f 12251 12253 12254
f 12253 12255 12256
f 12255 12257 12258
f 12257 12259 12260
f 12259 12261 12262
f 12261 12263 12264
f 12263 12265 12266
f 12265 12267 12268
f 12267 12269 12270
f 12269 12271 12272
f 12271 12273 12274
f 12273 12275 12276
f 12275 12277 12278
f 12277 12279 12280
f 12279 12281 12282
f 12281 12283 12284
f 12283 12285 12286
f 12285 12287 12288
f 12287 12289 12290
f 12289 12291 12292
f 12291 12293 12294
f 12293 12295 12296
f 12295 12297 12298
f 12297 12299 12300
f 12299 12301 12302
f 12301 12303 12304
f 12303 12305 12306
f 12305 12307 12308
f 12307 12309 12310
f 12309 12311 12312
f 12311 12313 12314
f 12313 12315 12316
f 12315 12317 12318
f 12317 12319 12320
f 12319 12321 12322
f 12321 12323 12324
f 12323 12325 12326
f 12325 12327 12328
f 12327 12329 12330
f 12329 12331 12332
f 12331 12333 12334
f 12333 12335 12336
f 12335 12337 12338
f 12337 12339 12340
f 12339 12341 12342
f 12341 12343 12344
f 12343 12345 12346
f 12345 12347 12348
f 12347 12349 12350
f 12349 12351 12352
f 12351 12353 12354
f 12353 12355 12356
f 12355 12357 12358
f 12357 12359 12360
f 12359 12361 12362
f 12361 12363 12364
f 12363 12365 12366
f 12365 12367 12368
f 12367 12369 12370
f 12369 12371 12372
f 12371 12373 12374
f 12373 12375 12376
f 12375 12377 12378
f 12377 12379 12380
f 12379 12381 12382
f 12381 12383 12384
f 12383 12385 12386
f 12385 12387 12388
f 12387 12389 12390
f 12389 12391 12392
f 12391 12393 12394
f 12393 12395 12396
f 12395 12397 12398
f 12397 12399 12400
f 12399 12224 12401

