mtllib 15190_D-006.mtl

v -0.0004 13.4056 15907.1400
v -0.0004 13.3780 15907.1400
v -0.0003 13.3916 15907.1400
v -0.0004 13.3505 15907.1400
v -0.0003 13.3641 15907.1400
v -0.0004 13.3229 15907.1400
v -0.0003 13.3365 15907.1400
v -0.0004 13.2954 15907.1300
v -0.0003 13.3090 15907.1300
v -0.0004 13.2679 15907.1300
v -0.0003 13.2815 15907.1300
v -0.0004 13.2405 15907.1300
v -0.0003 13.2541 15907.1300
v -0.0004 13.2131 15907.1300
v -0.0003 13.2267 15907.1300
v -0.0004 13.1858 15907.1200
v -0.0003 13.1993 15907.1200
v -0.0004 13.1585 15907.1200
v -0.0003 13.1720 15907.1200
v -0.0004 13.1314 15907.1100
v -0.0003 13.1448 15907.1200
v -0.0004 13.1043 15907.1100
v -0.0003 13.1176 15907.1100
v -0.0004 13.0772 15907.1000
v -0.0003 13.0906 15907.1100
v -0.0004 13.0503 15907.1000
v -0.0004 13.0636 15907.1000
v -0.0004 13.0235 15907.0900
v -0.0004 13.0368 15907.0900
v -0.0004 12.9969 15907.0800
v -0.0004 13.0100 15907.0900
v -0.0004 12.9703 15907.0800
v -0.0004 12.9834 15907.0800
v -0.0004 12.9439 15907.0700
v -0.0004 12.9569 15907.0700
v -0.0004 12.9176 15907.0600
v -0.0004 12.9306 15907.0700
v -0.0004 12.8915 15907.0500
v -0.0004 12.9044 15907.0600
v -0.0004 12.8655 15907.0400
v -0.0004 12.8783 15907.0500
v -0.0004 12.8397 15907.0300
v -0.0004 12.8524 15907.0400
v -0.0004 12.8140 15907.0200
v -0.0004 12.8267 15907.0300
v -0.0004 12.7885 15907.0100
v -0.0004 12.8011 15907.0200
v -0.0004 12.7633 15907.0000
v -0.0004 12.7758 15907.0100
v -0.0004 12.7382 15906.9900
v -0.0004 12.7506 15907.0000
v -0.0004 12.7133 15906.9800
v -0.0004 12.7256 15906.9800
v -0.0004 12.6887 15906.9700
v -0.0004 12.7008 15906.9700
v -0.0004 12.6642 15906.9500
v -0.0004 12.6763 15906.9600
v -0.0004 12.6400 15906.9400
v -0.0004 12.6520 15906.9500
v -0.0004 12.6160 15906.9300
v -0.0004 12.6279 15906.9300
v -0.0004 12.5922 15906.9100
v -0.0004 12.6040 15906.9200
v -0.0004 12.5687 15906.9000
v -0.0004 12.5804 15906.9100
v -0.0004 12.5455 15906.8800
v -0.0004 12.5570 15906.8900
v -0.0004 12.5225 15906.8700
v -0.0004 12.5339 15906.8800
v -0.0004 12.4998 15906.8500
v -0.0004 12.5110 15906.8600
v -0.0004 12.4774 15906.8400
v -0.0004 12.4885 15906.8400
v -0.0004 12.4552 15906.8200
v -0.0004 12.4662 15906.8300
v -0.0004 12.4334 15906.8000
v -0.0004 12.4442 15906.8100
v -0.0004 12.4118 15906.7900
v -0.0004 12.4224 15906.7900
v -0.0004 12.3905 15906.7700
v -0.0004 12.4010 15906.7800
v -0.0004 12.3696 15906.7500
v -0.0004 12.3799 15906.7600
v -0.0004 12.3489 15906.7300
v -0.0004 12.3591 15906.7400
v -0.0004 12.3286 15906.7100
v -0.0004 12.3386 15906.7200
v -0.0004 12.3086 15906.7000
v -0.0004 12.3185 15906.7000
v -0.0004 12.2889 15906.6800
v -0.0004 12.2987 15906.6900
v -0.0004 12.2696 15906.6600
v -0.0004 12.2792 15906.6700
v -0.0004 12.2507 15906.6400
v -0.0004 12.2600 15906.6500
v -0.0004 12.2320 15906.6200
v -0.0004 12.2412 15906.6300
v -0.0004 12.2138 15906.5900
v -0.0004 12.2228 15906.6100
v -0.0004 12.1959 15906.5700
v -0.0004 12.2047 15906.5800
v -0.0004 12.1783 15906.5500
v -0.0004 12.1870 15906.5600
v -0.0004 12.1612 15906.5300
v -0.0004 12.1697 15906.5400
v -0.0004 12.1444 15906.5100
v -0.0004 12.1527 15906.5200
v -0.0004 12.1280 15906.4900
v -0.0004 12.1361 15906.5000
v -0.0004 12.1120 15906.4600
v -0.0004 12.1199 15906.4800
v -0.0004 12.0964 15906.4400
v -0.0004 12.1041 15906.4500
v -0.0004 12.0812 15906.4200
v -0.0004 12.0887 15906.4300
v -0.0004 12.0664 15906.4000
v -0.0004 12.0737 15906.4100
v -0.0004 12.0520 15906.3700
v -0.0004 12.0591 15906.3800
v -0.0004 12.0380 15906.3500
v -0.0004 12.0449 15906.3600
v -0.0004 12.0244 15906.3200
v -0.0004 12.0311 15906.3400
v -0.0004 12.0113 15906.3000
v -0.0004 12.0178 15906.3100
v -0.0004 11.9985 15906.2800
v -0.0004 12.0048 15906.2900
v -0.0004 11.9862 15906.2500
v -0.0004 11.9923 15906.2600
v -0.0004 11.9744 15906.2300
v -0.0004 11.9802 15906.2400
v -0.0004 11.9629 15906.2000
v -0.0004 11.9686 15906.2100
v -0.0004 11.9520 15906.1800
v -0.0004 11.9574 15906.1900
v -0.0004 11.9414 15906.1500
v -0.0004 11.9466 15906.1600
v -0.0004 11.9313 15906.1200
v -0.0004 11.9363 15906.1400
v -0.0004 11.9217 15906.1000
v -0.0004 11.9264 15906.1100
v -0.0004 11.9125 15906.0700
v -0.0004 11.9170 15906.0900
v -0.0004 11.9037 15906.0500
v -0.0004 11.9080 15906.0600
v -0.0004 11.8954 15906.0200
v -0.0004 11.8995 15906.0300
v -0.0004 11.8876 15905.9900
v -0.0004 11.8915 15906.0100
v -0.0004 11.8802 15905.9700
v -0.0004 11.8839 15905.9800
v -0.0004 11.8733 15905.9400
v -0.0004 11.8767 15905.9500
v -0.0004 11.8669 15905.9100
v -0.0004 11.8701 15905.9300
v -0.0004 11.8609 15905.8900
v -0.0004 11.8639 15905.9000
v -0.0004 11.8554 15905.8600
v -0.0004 11.8582 15905.8700
v -0.0004 11.8504 15905.8300
v -0.0004 11.8529 15905.8500
v 789.5731 11.8504 15905.8300
v 789.5731 11.8554 15905.8600
v 789.5731 11.8530 15905.8500
v 789.5731 11.8609 15905.8900
v 789.5731 11.8582 15905.8700
v 789.5731 11.8669 15905.9100
v 789.5731 11.8639 15905.9000
v 789.5731 11.8733 15905.9400
v 789.5731 11.8702 15905.9300
v 789.5731 11.8802 15905.9700
v 789.5731 11.8768 15905.9600
v 789.5731 11.8876 15905.9900
v 789.5731 11.8840 15905.9800
v 789.5731 11.8954 15906.0200
v 789.5731 11.8916 15906.0100
v 789.5731 11.9037 15906.0500
v 789.5731 11.8996 15906.0300
v 789.5731 11.9125 15906.0700
v 789.5731 11.9081 15906.0600
v 789.5731 11.9217 15906.1000
v 789.5731 11.9171 15906.0900
v 789.5731 11.9313 15906.1200
v 789.5731 11.9265 15906.1100
v 789.5731 11.9414 15906.1500
v 789.5731 11.9364 15906.1400
v 789.5731 11.9520 15906.1800
v 789.5731 11.9467 15906.1600
v 789.5731 11.9629 15906.2000
v 789.5731 11.9575 15906.1900
v 789.5731 11.9744 15906.2300
v 789.5731 11.9687 15906.2100
v 789.5731 11.9862 15906.2500
v 789.5731 11.9804 15906.2400
v 789.5731 11.9985 15906.2800
v 789.5731 11.9925 15906.2600
v 789.5731 12.0113 15906.3000
v 789.5731 12.0050 15906.2900
v 789.5731 12.0244 15906.3200
v 789.5731 12.0179 15906.3100
v 789.5731 12.0380 15906.3500
v 789.5731 12.0313 15906.3400
v 789.5731 12.0520 15906.3700
v 789.5731 12.0451 15906.3600
v 789.5731 12.0664 15906.4000
v 789.5731 12.0593 15906.3800
v 789.5731 12.0812 15906.4200
v 789.5731 12.0739 15906.4100
v 789.5731 12.0964 15906.4400
v 789.5731 12.0889 15906.4300
v 789.5731 12.1120 15906.4600
v 789.5731 12.1043 15906.4500
v 789.5731 12.1280 15906.4900
v 789.5731 12.1201 15906.4800
v 789.5731 12.1444 15906.5100
v 789.5731 12.1363 15906.5000
v 789.5731 12.1612 15906.5300
v 789.5731 12.1529 15906.5200
v 789.5731 12.1783 15906.5500
v 789.5731 12.1699 15906.5400
v 789.5731 12.1959 15906.5700
v 789.5731 12.1872 15906.5600
v 789.5731 12.2138 15906.5900
v 789.5731 12.2049 15906.5800
v 789.5731 12.2320 15906.6200
v 789.5731 12.2230 15906.6100
v 789.5731 12.2507 15906.6400
v 789.5731 12.2415 15906.6300
v 789.5731 12.2696 15906.6600
v 789.5731 12.2603 15906.6500
v 789.5731 12.2889 15906.6800
v 789.5731 12.2794 15906.6700
v 789.5731 12.3086 15906.7000
v 789.5731 12.2989 15906.6900
v 789.5731 12.3286 15906.7100
v 789.5731 12.3187 15906.7100
v 789.5731 12.3489 15906.7300
v 789.5731 12.3389 15906.7200
v 789.5731 12.3696 15906.7500
v 789.5731 12.3594 15906.7400
v 789.5731 12.3905 15906.7700
v 789.5731 12.3802 15906.7600
v 789.5731 12.4118 15906.7900
v 789.5731 12.4013 15906.7800
v 789.5731 12.4334 15906.8000
v 789.5731 12.4227 15906.7900
v 789.5731 12.4552 15906.8200
v 789.5731 12.4444 15906.8100
v 789.5731 12.4774 15906.8400
v 789.5731 12.4664 15906.8300
v 789.5731 12.4998 15906.8500
v 789.5731 12.4887 15906.8400
v 789.5731 12.5225 15906.8700
v 789.5731 12.5113 15906.8600
v 789.5731 12.5455 15906.8800
v 789.5731 12.5341 15906.8800
v 789.5731 12.5687 15906.9000
v 789.5731 12.5573 15906.8900
v 789.5731 12.5922 15906.9100
v 789.5731 12.5806 15906.9100
v 789.5731 12.6160 15906.9300
v 789.5731 12.6043 15906.9200
v 789.5731 12.6400 15906.9400
v 789.5731 12.6281 15906.9300
v 789.5731 12.6642 15906.9500
v 789.5731 12.6522 15906.9500
v 789.5731 12.6887 15906.9700
v 789.5731 12.6766 15906.9600
v 789.5731 12.7133 15906.9800
v 789.5731 12.7011 15906.9700
v 789.5731 12.7382 15906.9900
v 789.5731 12.7259 15906.9800
v 789.5731 12.7633 15907.0000
v 789.5731 12.7509 15907.0000
v 789.5731 12.7885 15907.0100
v 789.5731 12.7761 15907.0100
v 789.5731 12.8140 15907.0200
v 789.5731 12.8014 15907.0200
v 789.5731 12.8397 15907.0300
v 789.5731 12.8270 15907.0300
v 789.5731 12.8655 15907.0400
v 789.5731 12.8527 15907.0400
v 789.5731 12.8915 15907.0500
v 789.5731 12.8786 15907.0500
v 789.5731 12.9176 15907.0600
v 789.5731 12.9047 15907.0600
v 789.5731 12.9439 15907.0700
v 789.5731 12.9309 15907.0700
v 789.5731 12.9703 15907.0800
v 789.5731 12.9572 15907.0700
v 789.5731 12.9969 15907.0800
v 789.5731 12.9837 15907.0800
v 789.5731 13.0235 15907.0900
v 789.5731 13.0104 15907.0900
v 789.5731 13.0503 15907.1000
v 789.5731 13.0371 15907.0900
v 789.5731 13.0772 15907.1000
v 789.5731 13.0639 15907.1000
v 789.5731 13.1043 15907.1100
v 789.5731 13.0909 15907.1100
v 789.5731 13.1314 15907.1100
v 789.5731 13.1180 15907.1100
v 789.5731 13.1585 15907.1200
v 789.5731 13.1451 15907.1200
v 789.5731 13.1858 15907.1200
v 789.5731 13.1723 15907.1200
v 789.5731 13.2131 15907.1300
v 789.5731 13.1996 15907.1200
v 789.5731 13.2405 15907.1300
v 789.5731 13.2270 15907.1300
v 789.5731 13.2679 15907.1300
v 789.5731 13.2544 15907.1300
v 789.5731 13.2954 15907.1300
v 789.5731 13.2818 15907.1300
v 789.5731 13.3229 15907.1400
v 789.5731 13.3093 15907.1300
v 789.5731 13.3505 15907.1400
v 789.5731 13.3369 15907.1400
v 789.5731 13.3780 15907.1400
v 789.5731 13.3644 15907.1400
v 789.5731 13.4056 15907.1400
v 789.5731 13.3919 15907.1400
v 789.5731 11.8470 15905.8300
v 789.5765 12.6173 15906.4800
v -0.0004 11.8470 15905.8300
v 0.0030 12.6173 15906.4800
v 789.5731 60.5127 15907.1400
v 789.6759 36.6869 15907.1400
v -0.0004 60.5127 15907.1400
v 399.3490 61.0127 15907.1400
v -0.1032 37.2313 15907.1400
v 390.2237 12.9056 15907.1400
v 789.5731 -0.0007 15838.6300
v 789.5990 5.8547 15871.7000
v 789.5731 4.3501 15833.4400
v 789.5826 2.1496 15836.0800
v 789.5731 61.8286 15904.5100
v 789.5760 61.1631 15905.8400
v 789.5697 12.6353 15906.5000
v -0.0004 -0.0007 15838.6300
v 390.2237 -0.5007 15838.6300
v -0.0004 4.3501 15833.4400
v -0.0099 2.1998 15836.0000
v 399.3490 4.8501 15833.4400
v 631.6666 636.0007 15812.3900
v 631.5748 635.9999 15812.3900
v 631.6202 636.0001 15812.3900
v 631.4830 635.9976 15812.3900
v 631.5283 635.9985 15812.3900
v 631.3912 635.9935 15812.3900
v 631.4365 635.9953 15812.3900
v 631.2994 635.9879 15812.3900
v 631.3448 635.9905 15812.3900
v 631.2079 635.9807 15812.3900
v 631.2532 635.9841 15812.3900
v 631.1165 635.9719 15812.3900
v 631.1616 635.9761 15812.3900
v 631.0251 635.9615 15812.3900
v 631.0703 635.9664 15812.3900
v 630.9341 635.9495 15812.3900
v 630.9791 635.9553 15812.3900
v 630.8432 635.9360 15812.3900
v 630.8881 635.9424 15812.3900
v 630.7526 635.9208 15812.3900
v 630.7974 635.9281 15812.3900
v 630.6623 635.9041 15812.3900
v 630.7070 635.9121 15812.3900
v 630.5723 635.8857 15812.3900
v 630.6168 635.8946 15812.3900
v 630.4825 635.8658 15812.3900
v 630.5269 635.8755 15812.3900
v 630.3932 635.8444 15812.3900
v 630.4374 635.8548 15812.3900
v 630.3043 635.8214 15812.3900
v 630.3483 635.8326 15812.3900
v 630.2158 635.7968 15812.3900
v 630.2595 635.8088 15812.3900
v 630.1276 635.7708 15812.3900
v 630.1713 635.7834 15812.3900
v 630.0400 635.7431 15812.3900
v 630.0834 635.7566 15812.3900
v 629.9529 635.7140 15812.3900
v 629.9960 635.7282 15812.3900
v 629.8663 635.6833 15812.3900
v 629.9092 635.6982 15812.3900
v 629.7803 635.6511 15812.3900
v 629.8229 635.6669 15812.3900
v 629.6948 635.6174 15812.3900
v 629.7371 635.6339 15812.3900
v 629.6099 635.5823 15812.3900
v 629.6519 635.5995 15812.3900
v 629.5256 635.5457 15812.3900
v 629.5674 635.5636 15812.3900
v 629.4421 635.5076 15812.3900
v 629.4835 635.5262 15812.3900
v 629.3591 635.4680 15812.3900
v 629.4002 635.4874 15812.3900
v 629.2769 635.4270 15812.3900
v 629.3176 635.4471 15812.3900
v 629.1954 635.3846 15812.3900
v 629.2358 635.4054 15812.3900
v 629.1147 635.3408 15812.3900
v 629.1547 635.3622 15812.3900
v 629.0347 635.2955 15812.3900
v 629.0743 635.3177 15812.3900
v 628.9556 635.2489 15812.3900
v 628.9948 635.2718 15812.3900
v 628.8773 635.2009 15812.3900
v 628.9161 635.2244 15812.3900
v 628.7997 635.1516 15812.3900
v 628.8381 635.1758 15812.3900
v 628.7231 635.1008 15812.3900
v 628.7611 635.1257 15812.3900
v 628.6475 635.0488 15812.3900
v 628.6850 635.0743 15812.3900
v 628.5726 634.9954 15812.3900
v 628.6097 635.0217 15812.3900
v 628.4988 634.9408 15812.3900
v 628.5354 634.9677 15812.3900
v 628.4259 634.8849 15812.3900
v 628.4620 634.9124 15812.3900
v 628.3540 634.8277 15812.3900
v 628.3896 634.8558 15812.3900
v 628.2831 634.7692 15812.3900
v 628.3183 634.7980 15812.3900
v 628.2133 634.7096 15812.3900
v 628.2479 634.7389 15812.3900
v 628.1445 634.6487 15812.3900
v 628.1786 634.6786 15812.3900
v 628.0767 634.5867 15812.3900
v 628.1104 634.6172 15812.3900
v 628.0101 634.5234 15812.3900
v 628.0432 634.5545 15812.3900
v 627.9446 634.4590 15812.3900
v 627.9771 634.4907 15812.3900
v 627.8802 634.3935 15812.3900
v 627.9121 634.4257 15812.3900
v 627.8170 634.3268 15812.3900
v 627.8483 634.3596 15812.3900
v 627.7549 634.2591 15812.3900
v 627.7857 634.2925 15812.3900
v 627.6940 634.1903 15812.3900
v 627.7242 634.2242 15812.3900
v 627.6343 634.1204 15812.3900
v 627.6639 634.1548 15812.3900
v 627.5759 634.0496 15812.3900
v 627.6049 634.0845 15812.3900
v 627.5187 633.9777 15812.3900
v 627.5471 634.0131 15812.3900
v 627.4628 633.9048 15812.3900
v 627.4905 633.9407 15812.3900
v 627.4081 633.8309 15812.3900
v 627.4353 633.8673 15812.3900
v 627.3548 633.7561 15812.3900
v 627.3813 633.7930 15812.3900
v 627.3027 633.6804 15812.3900
v 627.3286 633.7177 15812.3900
v 627.2520 633.6038 15812.3900
v 627.2773 633.6415 15812.3900
v 627.2027 633.5263 15812.3900
v 627.2272 633.5645 15812.3900
v 627.1547 633.4480 15812.3900
v 627.1786 633.4866 15812.3900
v 627.1080 633.3688 15812.3900
v 627.1313 633.4078 15812.3900
v 627.0628 633.2889 15812.3900
v 627.0853 633.3283 15812.3900
v 627.0190 633.2081 15812.3900
v 627.0408 633.2479 15812.3900
v 626.9766 633.1266 15812.3900
v 626.9977 633.1668 15812.3900
v 626.9355 633.0444 15812.3900
v 626.9560 633.0850 15812.3900
v 626.8960 632.9615 15812.3900
v 626.9157 633.0024 15812.3900
v 626.8579 632.8779 15812.3900
v 626.8769 632.9191 15812.3900
v 626.8213 632.7936 15812.3900
v 626.8395 632.8352 15812.3900
v 626.7861 632.7088 15812.3900
v 626.8036 632.7507 15812.3900
v 626.7524 632.6233 15812.3900
v 626.7693 632.6655 15812.3900
v 626.7203 632.5372 15812.3900
v 626.7364 632.5797 15812.3900
v 626.6896 632.4507 15812.3900
v 626.7050 632.4934 15812.3900
v 626.6605 632.3635 15812.3900
v 626.6750 632.4066 15812.3900
v 626.6328 632.2759 15812.3900
v 626.6467 632.3192 15812.3900
v 626.6068 632.1878 15812.3900
v 626.6198 632.2313 15812.3900
v 626.5822 632.0993 15812.3900
v 626.5945 632.1430 15812.3900
v 626.5592 632.0104 15812.3900
v 626.5707 632.0543 15812.3900
v 626.5377 631.9210 15812.3900
v 626.5485 631.9651 15812.3900
v 626.5178 631.8314 15812.3900
v 626.5279 631.8756 15812.3900
v 626.4995 631.7413 15812.3900
v 626.5088 631.7858 15812.3900
v 626.4828 631.6510 15812.3900
v 626.4913 631.6956 15812.3900
v 626.4677 631.5604 15812.3900
v 626.4753 631.6051 15812.3900
v 626.4540 631.4695 15812.3900
v 626.4609 631.5144 15812.3900
v 626.4421 631.3784 15812.3900
v 626.4482 631.4234 15812.3900
v 626.4316 631.2872 15812.3900
v 626.4370 631.3322 15812.3900
v 626.4229 631.1957 15812.3900
v 626.4274 631.2408 15812.3900
v 626.4156 631.1041 15812.3900
v 626.4194 631.1494 15812.3900
v 626.4100 631.0124 15812.3900
v 626.4130 631.0577 15812.3900
v 626.4060 630.9207 15812.3900
v 626.4082 630.9660 15812.3900
v 626.4036 630.8288 15812.3900
v 626.4050 630.8742 15812.3900
v 626.4028 630.7369 15812.3900
v 626.4034 630.7823 15812.3900
v 626.4036 630.6451 15812.3900
v 626.4034 630.6905 15812.3900
v 626.4060 630.5532 15812.3900
v 626.4050 630.5986 15812.3900
v 626.4100 630.4614 15812.3900
v 626.4083 630.5068 15812.3900
v 626.4156 630.3698 15812.3900
v 626.4131 630.4151 15812.3900
v 626.4229 630.2781 15812.3900
v 626.4195 630.3234 15812.3900
v 626.4316 630.1867 15812.3900
v 626.4275 630.2319 15812.3900
v 626.4421 630.0954 15812.3900
v 626.4371 630.1406 15812.3900
v 626.4540 630.0043 15812.3900
v 626.4483 630.0494 15812.3900
v 626.4677 629.9135 15812.3900
v 626.4611 629.9584 15812.3900
v 626.4828 629.8229 15812.3900
v 626.4755 629.8677 15812.3900
v 626.4995 629.7325 15812.3900
v 626.4915 629.7772 15812.3900
v 626.5178 629.6425 15812.3900
v 626.5090 629.6871 15812.3900
v 626.5377 629.5528 15812.3900
v 626.5281 629.5972 15812.3900
v 626.5592 629.4635 15812.3900
v 626.5488 629.5077 15812.3900
v 626.5822 629.3746 15812.3900
v 626.5710 629.4186 15812.3900
v 626.6068 629.2860 15812.3900
v 626.5948 629.3298 15812.3900
v 626.6328 629.1979 15812.3900
v 626.6201 629.2415 15812.3900
v 626.6605 629.1103 15812.3900
v 626.6470 629.1537 15812.3900
v 626.6896 629.0232 15812.3900
v 626.6754 629.0663 15812.3900
v 626.7203 628.9366 15812.3900
v 626.7053 628.9794 15812.3900
v 626.7524 628.8505 15812.3900
v 626.7368 628.8931 15812.3900
v 626.7861 628.7651 15812.3900
v 626.7697 628.8074 15812.3900
v 626.8213 628.6802 15812.3900
v 626.8041 628.7222 15812.3900
v 626.8579 628.5959 15812.3900
v 626.8400 628.6376 15812.3900
v 626.8960 628.5123 15812.3900
v 626.8774 628.5537 15812.3900
v 626.9355 628.4294 15812.3900
v 626.9162 628.4705 15812.3900
v 626.9766 628.3472 15812.3900
v 626.9565 628.3879 15812.3900
v 627.0190 628.2657 15812.3900
v 626.9982 628.3061 15812.3900
v 627.0628 628.1850 15812.3900
v 627.0413 628.2250 15812.3900
v 627.1080 628.1050 15812.3900
v 627.0859 628.1447 15812.3900
v 627.1547 628.0259 15812.3900
v 627.1318 628.0651 15812.3900
v 627.2027 627.9475 15812.3900
v 627.1791 627.9863 15812.3900
v 627.2520 627.8701 15812.3900
v 627.2278 627.9084 15812.3900
v 627.3027 627.7935 15812.3900
v 627.2778 627.8314 15812.3900
v 627.3548 627.7177 15812.3900
v 627.3292 627.7552 15812.3900
v 627.4081 627.6429 15812.3900
v 627.3819 627.6800 15812.3900
v 627.4628 627.5691 15812.3900
v 627.4359 627.6057 15812.3900
v 627.5187 627.4962 15812.3900
v 627.4912 627.5323 15812.3900
v 627.5759 627.4243 15812.3900
v 627.5478 627.4600 15812.3900
v 627.6343 627.3534 15812.3900
v 627.6056 627.3885 15812.3900
v 627.6940 627.2836 15812.3900
v 627.6647 627.3182 15812.3900
v 627.7549 627.2147 15812.3900
v 627.7249 627.2489 15812.3900
v 627.8170 627.1470 15812.3900
v 627.7864 627.1806 15812.3900
v 627.8802 627.0804 15812.3900
v 627.8491 627.1135 15812.3900
v 627.9446 627.0148 15812.3900
v 627.9129 627.0474 15812.3900
v 628.0101 626.9504 15812.3900
v 627.9778 626.9824 15812.3900
v 628.0767 626.8872 15812.3900
v 628.0439 626.9186 15812.3900
v 628.1445 626.8251 15812.3900
v 628.1111 626.8560 15812.3900
v 628.2133 626.7643 15812.3900
v 628.1794 626.7945 15812.3900
v 628.2831 626.7046 15812.3900
v 628.2487 626.7343 15812.3900
v 628.3540 626.6462 15812.3900
v 628.3191 626.6752 15812.3900
v 628.4259 626.5890 15812.3900
v 628.3905 626.6174 15812.3900
v 628.4988 626.5330 15812.3900
v 628.4629 626.5609 15812.3900
v 628.5726 626.4784 15812.3900
v 628.5363 626.5056 15812.3900
v 628.6475 626.4250 15812.3900
v 628.6106 626.4516 15812.3900
v 628.7231 626.3730 15812.3900
v 628.6859 626.3989 15812.3900
v 628.7997 626.3223 15812.3900
v 628.7620 626.3475 15812.3900
v 628.8773 626.2729 15812.3900
v 628.8391 626.2975 15812.3900
v 628.9556 626.2250 15812.3900
v 628.9170 626.2488 15812.3900
v 629.0347 626.1783 15812.3900
v 628.9957 626.2015 15812.3900
v 629.1147 626.1331 15812.3900
v 629.0753 626.1556 15812.3900
v 629.1954 626.0892 15812.3900
v 629.1556 626.1111 15812.3900
v 629.2769 626.0468 15812.3900
v 629.2368 626.0680 15812.3900
v 629.3591 626.0059 15812.3900
v 629.3186 626.0262 15812.3900
v 629.4421 625.9663 15812.3900
v 629.4012 625.9860 15812.3900
v 629.5256 625.9282 15812.3900
v 629.4844 625.9472 15812.3900
v 629.6099 625.8915 15812.3900
v 629.5684 625.9099 15812.3900
v 629.6948 625.8564 15812.3900
v 629.6529 625.8740 15812.3900
v 629.7803 625.8228 15812.3900
v 629.7381 625.8395 15812.3900
v 629.8663 625.7905 15812.3900
v 629.8239 625.8066 15812.3900
v 629.9529 625.7599 15812.3900
v 629.9102 625.7752 15812.3900
v 630.0400 625.7307 15812.3900
v 629.9971 625.7453 15812.3900
v 630.1276 625.7031 15812.3900
v 630.0844 625.7170 15812.3900
v 630.2158 625.6770 15812.3900
v 630.1722 625.6901 15812.3900
v 630.3043 625.6525 15812.3900
v 630.2606 625.6648 15812.3900
v 630.3932 625.6295 15812.3900
v 630.3493 625.6411 15812.3900
v 630.4825 625.6080 15812.3900
v 630.4384 625.6188 15812.3900
v 630.5723 625.5881 15812.3900
v 630.5280 625.5981 15812.3900
v 630.6623 625.5698 15812.3900
v 630.6178 625.5790 15812.3900
v 630.7526 625.5531 15812.3900
v 630.7080 625.5615 15812.3900
v 630.8432 625.5379 15812.3900
v 630.7985 625.5456 15812.3900
v 630.9341 625.5244 15812.3900
v 630.8892 625.5312 15812.3900
v 631.0251 625.5123 15812.3900
v 630.9802 625.5185 15812.3900
v 631.1165 625.5020 15812.3900
v 631.0714 625.5073 15812.3900
v 631.2079 625.4931 15812.3900
v 631.1627 625.4977 15812.3900
v 631.2994 625.4859 15812.3900
v 631.2542 625.4897 15812.3900
v 631.3912 625.4803 15812.3900
v 631.3458 625.4833 15812.3900
v 631.4830 625.4763 15812.3900
v 631.4376 625.4785 15812.3900
v 631.5748 625.4739 15812.3900
v 631.5294 625.4753 15812.3900
v 631.6666 625.4731 15812.3900
v 631.6213 625.4737 15812.3900
v 631.7585 625.4739 15812.3900
v 631.7131 625.4737 15812.3900
v 631.8503 625.4763 15812.3900
v 631.8049 625.4753 15812.3900
v 631.9421 625.4803 15812.3900
v 631.8968 625.4785 15812.3900
v 632.0338 625.4859 15812.3900
v 631.9885 625.4833 15812.3900
v 632.1254 625.4931 15812.3900
v 632.0801 625.4897 15812.3900
v 632.2169 625.5020 15812.3900
v 632.1716 625.4978 15812.3900
v 632.3082 625.5123 15812.3900
v 632.2630 625.5074 15812.3900
v 632.3992 625.5244 15812.3900
v 632.3542 625.5186 15812.3900
v 632.4901 625.5379 15812.3900
v 632.4451 625.5314 15812.3900
v 632.5807 625.5531 15812.3900
v 632.5359 625.5458 15812.3900
v 632.6710 625.5698 15812.3900
v 632.6263 625.5618 15812.3900
v 632.7610 625.5881 15812.3900
v 632.7166 625.5793 15812.3900
v 632.8508 625.6080 15812.3900
v 632.8064 625.5984 15812.3900
v 632.9401 625.6295 15812.3900
v 632.8959 625.6191 15812.3900
v 633.0291 625.6525 15812.3900
v 632.9850 625.6413 15812.3900
v 633.1176 625.6770 15812.3900
v 633.0737 625.6651 15812.3900
v 633.2056 625.7031 15812.3900
v 633.1620 625.6904 15812.3900
v 633.2933 625.7307 15812.3900
v 633.2499 625.7173 15812.3900
v 633.3804 625.7599 15812.3900
v 633.3373 625.7457 15812.3900
v 633.4670 625.7905 15812.3900
v 633.4241 625.7756 15812.3900
v 633.5530 625.8228 15812.3900
v 633.5104 625.8070 15812.3900
v 633.6385 625.8564 15812.3900
v 633.5962 625.8400 15812.3900
v 633.7234 625.8915 15812.3900
v 633.6813 625.8744 15812.3900
v 633.8076 625.9282 15812.3900
v 633.7659 625.9103 15812.3900
v 633.8912 625.9663 15812.3900
v 633.8499 625.9476 15812.3900
v 633.9742 626.0059 15812.3900
v 633.9331 625.9865 15812.3900
v 634.0564 626.0468 15812.3900
v 634.0156 626.0267 15812.3900
v 634.1379 626.0892 15812.3900
v 634.0975 626.0685 15812.3900
v 634.2186 626.1331 15812.3900
v 634.1786 626.1116 15812.3900
v 634.2986 626.1783 15812.3900
v 634.2590 626.1561 15812.3900
v 634.3777 626.2250 15812.3900
v 634.3385 626.2021 15812.3900
v 634.4561 626.2729 15812.3900
v 634.4172 626.2494 15812.3900
v 634.5335 626.3223 15812.3900
v 634.4951 626.2981 15812.3900
v 634.6102 626.3730 15812.3900
v 634.5721 626.3481 15812.3900
v 634.6859 626.4250 15812.3900
v 634.6483 626.3995 15812.3900
v 634.7606 626.4784 15812.3900
v 634.7236 626.4522 15812.3900
v 634.8345 626.5330 15812.3900
v 634.7979 626.5062 15812.3900
v 634.9074 626.5890 15812.3900
v 634.8712 626.5615 15812.3900
v 634.9793 626.6462 15812.3900
v 634.9436 626.6180 15812.3900
v 635.0502 626.7046 15812.3900
v 635.0150 626.6759 15812.3900
v 635.1201 626.7643 15812.3900
v 635.0854 626.7349 15812.3900
v 635.1888 626.8251 15812.3900
v 635.1547 626.7952 15812.3900
v 635.2566 626.8872 15812.3900
v 635.2230 626.8567 15812.3900
v 635.3232 626.9504 15812.3900
v 635.2902 626.9193 15812.3900
v 635.3887 627.0148 15812.3900
v 635.3562 626.9832 15812.3900
v 635.4531 627.0804 15812.3900
v 635.4211 627.0481 15812.3900
v 635.5164 627.1470 15812.3900
v 635.4850 627.1142 15812.3900
v 635.5784 627.2147 15812.3900
v 635.5476 627.1814 15812.3900
v 635.6393 627.2836 15812.3900
v 635.6091 627.2497 15812.3900
v 635.6990 627.3534 15812.3900
v 635.6693 627.3190 15812.3900
v 635.7574 627.4243 15812.3900
v 635.7284 627.3894 15812.3900
v 635.8146 627.4962 15812.3900
v 635.7862 627.4608 15812.3900
v 635.8705 627.5691 15812.3900
v 635.8427 627.5332 15812.3900
v 635.9252 627.6429 15812.3900
v 635.8980 627.6066 15812.3900
v 635.9785 627.7177 15812.3900
v 635.9520 627.6808 15812.3900
v 636.0306 627.7935 15812.3900
v 636.0047 627.7561 15812.3900
v 636.0812 627.8701 15812.3900
v 636.0560 627.8323 15812.3900
v 636.1306 627.9475 15812.3900
v 636.1061 627.9094 15812.3900
v 636.1786 628.0259 15812.3900
v 636.1547 627.9872 15812.3900
v 636.2253 628.1050 15812.3900
v 636.2020 628.0660 15812.3900
v 636.2705 628.1850 15812.3900
v 636.2480 628.1456 15812.3900
v 636.3143 628.2657 15812.3900
v 636.2925 628.2259 15812.3900
v 636.3568 628.3472 15812.3900
v 636.3356 628.3070 15812.3900
v 636.3978 628.4294 15812.3900
v 636.3773 628.3889 15812.3900
v 636.4373 628.5123 15812.3900
v 636.4175 628.4714 15812.3900
v 636.4754 628.5959 15812.3900
v 636.4564 628.5547 15812.3900
v 636.5120 628.6802 15812.3900
v 636.4937 628.6386 15812.3900
v 636.5472 628.7651 15812.3900
v 636.5296 628.7232 15812.3900
v 636.5809 628.8505 15812.3900
v 636.5640 628.8083 15812.3900
v 636.6130 628.9366 15812.3900
v 636.5969 628.8941 15812.3900
v 636.6437 629.0232 15812.3900
v 636.6284 628.9805 15812.3900
v 636.6729 629.1103 15812.3900
v 636.6583 629.0673 15812.3900
v 636.7004 629.1979 15812.3900
v 636.6866 629.1547 15812.3900
v 636.7266 629.2860 15812.3900
v 636.7135 629.2426 15812.3900
v 636.7511 629.3746 15812.3900
v 636.7388 629.3309 15812.3900
v 636.7741 629.4635 15812.3900
v 636.7626 629.4196 15812.3900
v 636.7955 629.5528 15812.3900
v 636.7848 629.5087 15812.3900
v 636.8154 629.6425 15812.3900
v 636.8054 629.5982 15812.3900
v 636.8337 629.7325 15812.3900
v 636.8245 629.6881 15812.3900
v 636.8505 629.8229 15812.3900
v 636.8420 629.7783 15812.3900
v 636.8657 629.9135 15812.3900
v 636.8580 629.8687 15812.3900
v 636.8793 630.0043 15812.3900
v 636.8723 629.9595 15812.3900
v 636.8912 630.0954 15812.3900
v 636.8851 630.0504 15812.3900
v 636.9016 630.1867 15812.3900
v 636.8963 630.1416 15812.3900
v 636.9105 630.2781 15812.3900
v 636.9059 630.2330 15812.3900
v 636.9177 630.3698 15812.3900
v 636.9139 630.3245 15812.3900
v 636.9233 630.4614 15812.3900
v 636.9203 630.4161 15812.3900
v 636.9272 630.5532 15812.3900
v 636.9251 630.5079 15812.3900
v 636.9297 630.6451 15812.3900
v 636.9283 630.5997 15812.3900
v 636.9305 630.7369 15812.3900
v 636.9299 630.6915 15812.3900
v 636.9297 630.8288 15812.3900
v 636.9299 630.7834 15812.3900
v 636.9272 630.9207 15812.3900
v 636.9282 630.8752 15812.3900
v 636.9233 631.0124 15812.3900
v 636.9250 630.9670 15812.3900
v 636.9177 631.1041 15812.3900
v 636.9202 631.0588 15812.3900
v 636.9105 631.1957 15812.3900
v 636.9138 631.1504 15812.3900
v 636.9016 631.2872 15812.3900
v 636.9058 631.2419 15812.3900
v 636.8912 631.3784 15812.3900
v 636.8962 631.3333 15812.3900
v 636.8793 631.4695 15812.3900
v 636.8849 631.4244 15812.3900
v 636.8657 631.5604 15812.3900
v 636.8722 631.5154 15812.3900
v 636.8505 631.6510 15812.3900
v 636.8578 631.6061 15812.3900
v 636.8337 631.7413 15812.3900
v 636.8419 631.6967 15812.3900
v 636.8154 631.8314 15812.3900
v 636.8243 631.7868 15812.3900
v 636.7955 631.9210 15812.3900
v 636.8052 631.8766 15812.3900
v 636.7741 632.0104 15812.3900
v 636.7845 631.9662 15812.3900
v 636.7511 632.0993 15812.3900
v 636.7623 632.0553 15812.3900
v 636.7266 632.1878 15812.3900
v 636.7385 632.1440 15812.3900
v 636.7004 632.2759 15812.3900
v 636.7132 632.2323 15812.3900
v 636.6729 632.3635 15812.3900
v 636.6863 632.3202 15812.3900
v 636.6437 632.4507 15812.3900
v 636.6579 632.4075 15812.3900
v 636.6130 632.5372 15812.3900
v 636.6280 632.4944 15812.3900
v 636.5809 632.6233 15812.3900
v 636.5966 632.5807 15812.3900
v 636.5472 632.7088 15812.3900
v 636.5637 632.6664 15812.3900
v 636.5120 632.7936 15812.3900
v 636.5292 632.7516 15812.3900
v 636.4754 632.8779 15812.3900
v 636.4933 632.8362 15812.3900
v 636.4373 632.9615 15812.3900
v 636.4559 632.9201 15812.3900
v 636.3978 633.0444 15812.3900
v 636.4171 633.0034 15812.3900
v 636.3568 633.1266 15812.3900
v 636.3768 633.0859 15812.3900
v 636.3143 633.2081 15812.3900
v 636.3351 633.1678 15812.3900
v 636.2705 633.2889 15812.3900
v 636.2920 633.2489 15812.3900
v 636.2253 633.3688 15812.3900
v 636.2474 633.3292 15812.3900
v 636.1786 633.4480 15812.3900
v 636.2015 633.4088 15812.3900
v 636.1306 633.5263 15812.3900
v 636.1542 633.4875 15812.3900
v 636.0812 633.6038 15812.3900
v 636.1055 633.5654 15812.3900
v 636.0306 633.6804 15812.3900
v 636.0554 633.6425 15812.3900
v 635.9785 633.7561 15812.3900
v 636.0041 633.7186 15812.3900
v 635.9252 633.8309 15812.3900
v 635.9514 633.7938 15812.3900
v 635.8705 633.9048 15812.3900
v 635.8974 633.8682 15812.3900
v 635.8146 633.9777 15812.3900
v 635.8421 633.9415 15812.3900
v 635.7574 634.0496 15812.3900
v 635.7855 634.0139 15812.3900
v 635.6990 634.1204 15812.3900
v 635.7277 634.0853 15812.3900
v 635.6393 634.1903 15812.3900
v 635.6686 634.1556 15812.3900
v 635.5784 634.2591 15812.3900
v 635.6083 634.2250 15812.3900
v 635.5164 634.3268 15812.3900
v 635.5469 634.2932 15812.3900
v 635.4531 634.3935 15812.3900
v 635.4843 634.3604 15812.3900
v 635.3887 634.4590 15812.3900
v 635.4204 634.4265 15812.3900
v 635.3232 634.5234 15812.3900
v 635.3555 634.4915 15812.3900
v 635.2566 634.5867 15812.3900
v 635.2894 634.5552 15812.3900
v 635.1888 634.6487 15812.3900
v 635.2222 634.6179 15812.3900
v 635.1201 634.7096 15812.3900
v 635.1539 634.6793 15812.3900
v 635.0502 634.7692 15812.3900
v 635.0845 634.7396 15812.3900
v 634.9793 634.8277 15812.3900
v 635.0142 634.7986 15812.3900
v 634.9074 634.8849 15812.3900
v 634.9428 634.8564 15812.3900
v 634.8345 634.9408 15812.3900
v 634.8704 634.9130 15812.3900
v 634.7606 634.9954 15812.3900
v 634.7970 634.9683 15812.3900
v 634.6859 635.0488 15812.3900
v 634.7227 635.0223 15812.3900
v 634.6102 635.1008 15812.3900
v 634.6475 635.0750 15812.3900
v 634.5335 635.1516 15812.3900
v 634.5713 635.1263 15812.3900
v 634.4561 635.2009 15812.3900
v 634.4943 635.1763 15812.3900
v 634.3777 635.2489 15812.3900
v 634.4163 635.2250 15812.3900
v 634.2986 635.2955 15812.3900
v 634.3376 635.2723 15812.3900
v 634.2186 635.3408 15812.3900
v 634.2580 635.3182 15812.3900
v 634.1379 635.3846 15812.3900
v 634.1777 635.3628 15812.3900
v 634.0564 635.4270 15812.3900
v 634.0966 635.4059 15812.3900
v 633.9742 635.4680 15812.3900
v 634.0147 635.4476 15812.3900
v 633.8912 635.5076 15812.3900
v 633.9321 635.4879 15812.3900
v 633.8076 635.5457 15812.3900
v 633.8489 635.5267 15812.3900
v 633.7234 635.5823 15812.3900
v 633.7650 635.5640 15812.3900
v 633.6385 635.6174 15812.3900
v 633.6804 635.5999 15812.3900
v 633.5530 635.6511 15812.3900
v 633.5952 635.6343 15812.3900
v 633.4670 635.6833 15812.3900
v 633.5095 635.6672 15812.3900
v 633.3804 635.7140 15812.3900
v 633.4231 635.6986 15812.3900
v 633.2933 635.7431 15812.3900
v 633.3362 635.7285 15812.3900
v 633.2056 635.7708 15812.3900
v 633.2489 635.7569 15812.3900
v 633.1176 635.7968 15812.3900
v 633.1610 635.7838 15812.3900
v 633.0291 635.8214 15812.3900
v 633.0728 635.8091 15812.3900
v 632.9401 635.8444 15812.3900
v 632.9840 635.8328 15812.3900
v 632.8508 635.8658 15812.3900
v 632.8948 635.8550 15812.3900
v 632.7610 635.8857 15812.3900
v 632.8054 635.8757 15812.3900
v 632.6710 635.9041 15812.3900
v 632.7155 635.8948 15812.3900
v 632.5807 635.9208 15812.3900
v 632.6253 635.9123 15812.3900
v 632.4901 635.9360 15812.3900
v 632.5349 635.9282 15812.3900
v 632.3992 635.9495 15812.3900
v 632.4441 635.9426 15812.3900
v 632.3082 635.9615 15812.3900
v 632.3531 635.9554 15812.3900
v 632.2169 635.9719 15812.3900
v 632.2620 635.9666 15812.3900
v 632.1254 635.9807 15812.3900
v 632.1706 635.9762 15812.3900
v 632.0338 635.9879 15812.3900
v 632.0791 635.9842 15812.3900
v 631.9421 635.9935 15812.3900
v 631.9874 635.9905 15812.3900
v 631.8503 635.9976 15812.3900
v 631.8957 635.9954 15812.3900
v 631.7585 635.9999 15812.3900
v 631.8039 635.9985 15812.3900
v 631.7120 636.0002 15812.3900
v 631.6666 636.0007 15886.0500
v 631.7585 635.9999 15886.0500
v 631.7131 636.0005 15886.0500
v 631.8503 635.9976 15886.0500
v 631.8050 635.9990 15886.0500
v 631.9421 635.9935 15886.0500
v 631.8968 635.9957 15886.0500
v 632.0338 635.9879 15886.0500
v 631.9885 635.9909 15886.0500
v 632.1254 635.9807 15886.0500
v 632.0802 635.9845 15886.0500
v 632.2169 635.9719 15886.0500
v 632.1717 635.9764 15886.0500
v 632.3082 635.9615 15886.0500
v 632.2631 635.9669 15886.0500
v 632.3992 635.9495 15886.0500
v 632.3542 635.9556 15886.0500
v 632.4901 635.9360 15886.0500
v 632.4452 635.9429 15886.0500
v 632.5807 635.9208 15886.0500
v 632.5359 635.9285 15886.0500
v 632.6710 635.9041 15886.0500
v 632.6264 635.9125 15886.0500
v 632.7610 635.8857 15886.0500
v 632.7166 635.8950 15886.0500
v 632.8508 635.8658 15886.0500
v 632.8065 635.8759 15886.0500
v 632.9401 635.8444 15886.0500
v 632.8960 635.8552 15886.0500
v 633.0291 635.8214 15886.0500
v 632.9851 635.8329 15886.0500
v 633.1176 635.7968 15886.0500
v 633.0739 635.8091 15886.0500
v 633.2056 635.7708 15886.0500
v 633.1622 635.7838 15886.0500
v 633.2933 635.7431 15886.0500
v 633.2500 635.7570 15886.0500
v 633.3804 635.7140 15886.0500
v 633.3374 635.7286 15886.0500
v 633.4670 635.6833 15886.0500
v 633.4243 635.6987 15886.0500
v 633.5530 635.6511 15886.0500
v 633.5106 635.6672 15886.0500
v 633.6385 635.6174 15886.0500
v 633.5963 635.6343 15886.0500
v 633.7234 635.5823 15886.0500
v 633.6815 635.5999 15886.0500
v 633.8076 635.5457 15886.0500
v 633.7661 635.5640 15886.0500
v 633.8912 635.5076 15886.0500
v 633.8500 635.5266 15886.0500
v 633.9742 635.4680 15886.0500
v 633.9333 635.4877 15886.0500
v 634.0564 635.4270 15886.0500
v 634.0158 635.4474 15886.0500
v 634.1379 635.3846 15886.0500
v 634.0977 635.4058 15886.0500
v 634.2186 635.3408 15886.0500
v 634.1788 635.3626 15886.0500
v 634.2986 635.2955 15886.0500
v 634.2592 635.3181 15886.0500
v 634.3777 635.2489 15886.0500
v 634.3387 635.2721 15886.0500
v 634.4561 635.2009 15886.0500
v 634.4174 635.2248 15886.0500
v 634.5335 635.1516 15886.0500
v 634.4954 635.1761 15886.0500
v 634.6102 635.1008 15886.0500
v 634.5724 635.1260 15886.0500
v 634.6859 635.0488 15886.0500
v 634.6486 635.0747 15886.0500
v 634.7606 634.9954 15886.0500
v 634.7238 635.0220 15886.0500
v 634.8345 634.9408 15886.0500
v 634.7981 634.9680 15886.0500
v 634.9074 634.8849 15886.0500
v 634.8715 634.9127 15886.0500
v 634.9793 634.8277 15886.0500
v 634.9438 634.8561 15886.0500
v 635.0502 634.7692 15886.0500
v 635.0153 634.7983 15886.0500
v 635.1201 634.7096 15886.0500
v 635.0856 634.7392 15886.0500
v 635.1888 634.6487 15886.0500
v 635.1550 634.6790 15886.0500
v 635.2566 634.5867 15886.0500
v 635.2232 634.6175 15886.0500
v 635.3232 634.5234 15886.0500
v 635.2904 634.5548 15886.0500
v 635.3887 634.4590 15886.0500
v 635.3565 634.4910 15886.0500
v 635.4531 634.3935 15886.0500
v 635.4214 634.4260 15886.0500
v 635.5164 634.3268 15886.0500
v 635.4852 634.3599 15886.0500
v 635.5784 634.2591 15886.0500
v 635.5479 634.2927 15886.0500
v 635.6393 634.1903 15886.0500
v 635.6094 634.2244 15886.0500
v 635.6990 634.1204 15886.0500
v 635.6696 634.1551 15886.0500
v 635.7574 634.0496 15886.0500
v 635.7287 634.0847 15886.0500
v 635.8146 633.9777 15886.0500
v 635.7865 634.0133 15886.0500
v 635.8705 633.9048 15886.0500
v 635.8430 633.9409 15886.0500
v 635.9252 633.8309 15886.0500
v 635.8983 633.8676 15886.0500
v 635.9785 633.7561 15886.0500
v 635.9523 633.7932 15886.0500
v 636.0306 633.6804 15886.0500
v 636.0050 633.7180 15886.0500
v 636.0812 633.6038 15886.0500
v 636.0564 633.6418 15886.0500
v 636.1306 633.5263 15886.0500
v 636.1064 633.5648 15886.0500
v 636.1786 633.4480 15886.0500
v 636.1551 633.4868 15886.0500
v 636.2253 633.3688 15886.0500
v 636.2024 633.4081 15886.0500
v 636.2705 633.2889 15886.0500
v 636.2483 633.3285 15886.0500
v 636.3143 633.2081 15886.0500
v 636.2928 633.2482 15886.0500
v 636.3568 633.1266 15886.0500
v 636.3359 633.1670 15886.0500
v 636.3978 633.0444 15886.0500
v 636.3777 633.0851 15886.0500
v 636.4373 632.9615 15886.0500
v 636.4179 633.0026 15886.0500
v 636.4754 632.8779 15886.0500
v 636.4567 632.9193 15886.0500
v 636.5120 632.7936 15886.0500
v 636.4941 632.8354 15886.0500
v 636.5472 632.7088 15886.0500
v 636.5300 632.7508 15886.0500
v 636.5809 632.6233 15886.0500
v 636.5644 632.6656 15886.0500
v 636.6130 632.5372 15886.0500
v 636.5973 632.5798 15886.0500
v 636.6437 632.4507 15886.0500
v 636.6287 632.4935 15886.0500
v 636.6729 632.3635 15886.0500
v 636.6586 632.4067 15886.0500
v 636.7004 632.2759 15886.0500
v 636.6870 632.3193 15886.0500
v 636.7266 632.1878 15886.0500
v 636.7139 632.2314 15886.0500
v 636.7511 632.0993 15886.0500
v 636.7392 632.1431 15886.0500
v 636.7741 632.0104 15886.0500
v 636.7629 632.0544 15886.0500
v 636.7955 631.9210 15886.0500
v 636.7852 631.9652 15886.0500
v 636.8154 631.8314 15886.0500
v 636.8058 631.8757 15886.0500
v 636.8337 631.7413 15886.0500
v 636.8249 631.7858 15886.0500
v 636.8505 631.6510 15886.0500
v 636.8424 631.6957 15886.0500
v 636.8657 631.5604 15886.0500
v 636.8584 631.6052 15886.0500
v 636.8793 631.4695 15886.0500
v 636.8727 631.5145 15886.0500
v 636.8912 631.3784 15886.0500
v 636.8855 631.4235 15886.0500
v 636.9016 631.2872 15886.0500
v 636.8967 631.3323 15886.0500
v 636.9105 631.1957 15886.0500
v 636.9063 631.2409 15886.0500
v 636.9177 631.1041 15886.0500
v 636.9143 631.1494 15886.0500
v 636.9233 631.0124 15886.0500
v 636.9207 631.0577 15886.0500
v 636.9272 630.9207 15886.0500
v 636.9255 630.9660 15886.0500
v 636.9297 630.8288 15886.0500
v 636.9287 630.8742 15886.0500
v 636.9305 630.7369 15886.0500
v 636.9303 630.7823 15886.0500
v 636.9297 630.6451 15886.0500
v 636.9302 630.6905 15886.0500
v 636.9272 630.5532 15886.0500
v 636.9286 630.5986 15886.0500
v 636.9233 630.4614 15886.0500
v 636.9254 630.5068 15886.0500
v 636.9177 630.3698 15886.0500
v 636.9206 630.4150 15886.0500
v 636.9105 630.2781 15886.0500
v 636.9142 630.3234 15886.0500
v 636.9016 630.1867 15886.0500
v 636.9062 630.2319 15886.0500
v 636.8912 630.0954 15886.0500
v 636.8965 630.1405 15886.0500
v 636.8793 630.0043 15886.0500
v 636.8854 630.0493 15886.0500
v 636.8657 629.9135 15886.0500
v 636.8726 629.9584 15886.0500
v 636.8505 629.8229 15886.0500
v 636.8582 629.8676 15886.0500
v 636.8337 629.7325 15886.0500
v 636.8422 629.7772 15886.0500
v 636.8154 629.6425 15886.0500
v 636.8247 629.6870 15886.0500
v 636.7955 629.5528 15886.0500
v 636.8056 629.5971 15886.0500
v 636.7741 629.4635 15886.0500
v 636.7849 629.5076 15886.0500
v 636.7511 629.3746 15886.0500
v 636.7627 629.4185 15886.0500
v 636.7266 629.2860 15886.0500
v 636.7389 629.3297 15886.0500
v 636.7004 629.1979 15886.0500
v 636.7136 629.2414 15886.0500
v 636.6729 629.1103 15886.0500
v 636.6867 629.1536 15886.0500
v 636.6437 629.0232 15886.0500
v 636.6583 629.0662 15886.0500
v 636.6130 628.9366 15886.0500
v 636.6284 628.9793 15886.0500
v 636.5809 628.8505 15886.0500
v 636.5969 628.8930 15886.0500
v 636.5472 628.7651 15886.0500
v 636.5640 628.8073 15886.0500
v 636.5120 628.6802 15886.0500
v 636.5296 628.7220 15886.0500
v 636.4754 628.5959 15886.0500
v 636.4937 628.6375 15886.0500
v 636.4373 628.5123 15886.0500
v 636.4563 628.5536 15886.0500
v 636.3978 628.4294 15886.0500
v 636.4175 628.4703 15886.0500
v 636.3568 628.3472 15886.0500
v 636.3772 628.3878 15886.0500
v 636.3143 628.2657 15886.0500
v 636.3354 628.3059 15886.0500
v 636.2705 628.1850 15886.0500
v 636.2924 628.2248 15886.0500
v 636.2253 628.1050 15886.0500
v 636.2478 628.1444 15886.0500
v 636.1786 628.0259 15886.0500
v 636.2018 628.0649 15886.0500
v 636.1306 627.9475 15886.0500
v 636.1545 627.9861 15886.0500
v 636.0812 627.8701 15886.0500
v 636.1058 627.9082 15886.0500
v 636.0306 627.7935 15886.0500
v 636.0558 627.8312 15886.0500
v 635.9785 627.7177 15886.0500
v 636.0044 627.7550 15886.0500
v 635.9252 627.6429 15886.0500
v 635.9517 627.6797 15886.0500
v 635.8705 627.5691 15886.0500
v 635.8977 627.6055 15886.0500
v 635.8146 627.4962 15886.0500
v 635.8424 627.5321 15886.0500
v 635.7574 627.4243 15886.0500
v 635.7858 627.4597 15886.0500
v 635.6990 627.3534 15886.0500
v 635.7280 627.3883 15886.0500
v 635.6393 627.2836 15886.0500
v 635.6689 627.3179 15886.0500
v 635.5784 627.2147 15886.0500
v 635.6086 627.2486 15886.0500
v 635.5164 627.1470 15886.0500
v 635.5472 627.1804 15886.0500
v 635.4531 627.0804 15886.0500
v 635.4845 627.1132 15886.0500
v 635.3887 627.0148 15886.0500
v 635.4207 627.0471 15886.0500
v 635.3232 626.9504 15886.0500
v 635.3557 626.9821 15886.0500
v 635.2566 626.8872 15886.0500
v 635.2896 626.9183 15886.0500
v 635.1888 626.8251 15886.0500
v 635.2225 626.8557 15886.0500
v 635.1201 626.7643 15886.0500
v 635.1542 626.7942 15886.0500
v 635.0502 626.7046 15886.0500
v 635.0848 626.7339 15886.0500
v 634.9793 626.6462 15886.0500
v 635.0145 626.6749 15886.0500
v 634.9074 626.5890 15886.0500
v 634.9431 626.6171 15886.0500
v 634.8345 626.5330 15886.0500
v 634.8707 626.5605 15886.0500
v 634.7606 626.4784 15886.0500
v 634.7972 626.5052 15886.0500
v 634.6859 626.4250 15886.0500
v 634.7230 626.4512 15886.0500
v 634.6102 626.3730 15886.0500
v 634.6476 626.3986 15886.0500
v 634.5335 626.3223 15886.0500
v 634.5715 626.3472 15886.0500
v 634.4561 626.2729 15886.0500
v 634.4944 626.2972 15886.0500
v 634.3777 626.2250 15886.0500
v 634.4166 626.2485 15886.0500
v 634.2986 626.1783 15886.0500
v 634.3378 626.2012 15886.0500
v 634.2186 626.1331 15886.0500
v 634.2582 626.1553 15886.0500
v 634.1379 626.0892 15886.0500
v 634.1779 626.1107 15886.0500
v 634.0564 626.0468 15886.0500
v 634.0967 626.0676 15886.0500
v 633.9742 626.0059 15886.0500
v 634.0149 626.0259 15886.0500
v 633.8912 625.9663 15886.0500
v 633.9323 625.9857 15886.0500
v 633.8076 625.9282 15886.0500
v 633.8491 625.9468 15886.0500
v 633.7234 625.8915 15886.0500
v 633.7651 625.9095 15886.0500
v 633.6385 625.8564 15886.0500
v 633.6805 625.8736 15886.0500
v 633.5530 625.8228 15886.0500
v 633.5953 625.8392 15886.0500
v 633.4670 625.7905 15886.0500
v 633.5096 625.8063 15886.0500
v 633.3804 625.7599 15886.0500
v 633.4232 625.7748 15886.0500
v 633.2933 625.7307 15886.0500
v 633.3364 625.7449 15886.0500
v 633.2056 625.7031 15886.0500
v 633.2490 625.7166 15886.0500
v 633.1176 625.6770 15886.0500
v 633.1611 625.6897 15886.0500
v 633.0291 625.6525 15886.0500
v 633.0728 625.6644 15886.0500
v 632.9401 625.6295 15886.0500
v 632.9841 625.6406 15886.0500
v 632.8508 625.6080 15886.0500
v 632.8950 625.6184 15886.0500
v 632.7610 625.5881 15886.0500
v 632.8054 625.5978 15886.0500
v 632.6710 625.5698 15886.0500
v 632.7156 625.5787 15886.0500
v 632.5807 625.5531 15886.0500
v 632.6254 625.5612 15886.0500
v 632.4901 625.5379 15886.0500
v 632.5349 625.5452 15886.0500
v 632.3992 625.5244 15886.0500
v 632.4442 625.5308 15886.0500
v 632.3082 625.5123 15886.0500
v 632.3532 625.5181 15886.0500
v 632.2169 625.5020 15886.0500
v 632.2620 625.5069 15886.0500
v 632.1254 625.4931 15886.0500
v 632.1707 625.4973 15886.0500
v 632.0338 625.4859 15886.0500
v 632.0791 625.4893 15886.0500
v 631.9421 625.4803 15886.0500
v 631.9875 625.4829 15886.0500
v 631.8503 625.4763 15886.0500
v 631.8958 625.4781 15886.0500
v 631.7585 625.4739 15886.0500
v 631.8039 625.4749 15886.0500
v 631.6666 625.4731 15886.0500
v 631.7120 625.4733 15886.0500
v 631.5748 625.4739 15886.0500
v 631.6202 625.4733 15886.0500
v 631.4830 625.4763 15886.0500
v 631.5283 625.4749 15886.0500
v 631.3912 625.4803 15886.0500
v 631.4365 625.4781 15886.0500
v 631.2994 625.4859 15886.0500
v 631.3448 625.4830 15886.0500
v 631.2079 625.4931 15886.0500
v 631.2531 625.4894 15886.0500
v 631.1165 625.5020 15886.0500
v 631.1616 625.4974 15886.0500
v 631.0251 625.5123 15886.0500
v 631.0703 625.5070 15886.0500
v 630.9341 625.5244 15886.0500
v 630.9791 625.5182 15886.0500
v 630.8432 625.5379 15886.0500
v 630.8881 625.5310 15886.0500
v 630.7526 625.5531 15886.0500
v 630.7974 625.5454 15886.0500
v 630.6623 625.5698 15886.0500
v 630.7068 625.5613 15886.0500
v 630.5723 625.5881 15886.0500
v 630.6167 625.5789 15886.0500
v 630.4825 625.6080 15886.0500
v 630.5269 625.5980 15886.0500
v 630.3932 625.6295 15886.0500
v 630.4373 625.6187 15886.0500
v 630.3043 625.6525 15886.0500
v 630.3482 625.6409 15886.0500
v 630.2158 625.6770 15886.0500
v 630.2595 625.6647 15886.0500
v 630.1276 625.7031 15886.0500
v 630.1711 625.6900 15886.0500
v 630.0400 625.7307 15886.0500
v 630.0833 625.7169 15886.0500
v 629.9529 625.7599 15886.0500
v 629.9959 625.7453 15886.0500
v 629.8663 625.7905 15886.0500
v 629.9091 625.7752 15886.0500
v 629.7803 625.8228 15886.0500
v 629.8227 625.8066 15886.0500
v 629.6948 625.8564 15886.0500
v 629.7369 625.8395 15886.0500
v 629.6099 625.8915 15886.0500
v 629.6518 625.8740 15886.0500
v 629.5256 625.9282 15886.0500
v 629.5672 625.9099 15886.0500
v 629.4421 625.9663 15886.0500
v 629.4833 625.9473 15886.0500
v 629.3591 626.0059 15886.0500
v 629.4000 625.9861 15886.0500
v 629.2769 626.0468 15886.0500
v 629.3174 626.0264 15886.0500
v 629.1954 626.0892 15886.0500
v 629.2356 626.0681 15886.0500
v 629.1147 626.1331 15886.0500
v 629.1545 626.1113 15886.0500
v 629.0347 626.1783 15886.0500
v 629.0742 626.1558 15886.0500
v 628.9556 626.2250 15886.0500
v 628.9946 626.2017 15886.0500
v 628.8773 626.2729 15886.0500
v 628.9158 626.2491 15886.0500
v 628.7997 626.3223 15886.0500
v 628.8380 626.2977 15886.0500
v 628.7231 626.3730 15886.0500
v 628.7609 626.3478 15886.0500
v 628.6475 626.4250 15886.0500
v 628.6848 626.3992 15886.0500
v 628.5726 626.4784 15886.0500
v 628.6095 626.4519 15886.0500
v 628.4988 626.5330 15886.0500
v 628.5352 626.5059 15886.0500
v 628.4259 626.5890 15886.0500
v 628.4618 626.5612 15886.0500
v 628.3540 626.6462 15886.0500
v 628.3894 626.6177 15886.0500
v 628.2831 626.7046 15886.0500
v 628.3181 626.6756 15886.0500
v 628.2133 626.7643 15886.0500
v 628.2477 626.7346 15886.0500
v 628.1445 626.8251 15886.0500
v 628.1783 626.7949 15886.0500
v 628.0767 626.8872 15886.0500
v 628.1100 626.8564 15886.0500
v 628.0101 626.9504 15886.0500
v 628.0429 626.9191 15886.0500
v 627.9446 627.0148 15886.0500
v 627.9768 626.9828 15886.0500
v 627.8802 627.0804 15886.0500
v 627.9119 627.0479 15886.0500
v 627.8170 627.1470 15886.0500
v 627.8480 627.1140 15886.0500
v 627.7549 627.2147 15886.0500
v 627.7854 627.1812 15886.0500
v 627.6940 627.2836 15886.0500
v 627.7239 627.2494 15886.0500
v 627.6343 627.3534 15886.0500
v 627.6636 627.3187 15886.0500
v 627.5759 627.4243 15886.0500
v 627.6046 627.3892 15886.0500
v 627.5187 627.4962 15886.0500
v 627.5468 627.4605 15886.0500
v 627.4628 627.5691 15886.0500
v 627.4902 627.5330 15886.0500
v 627.4081 627.6429 15886.0500
v 627.4350 627.6063 15886.0500
v 627.3548 627.7177 15886.0500
v 627.3810 627.6807 15886.0500
v 627.3027 627.7935 15886.0500
v 627.3283 627.7559 15886.0500
v 627.2520 627.8701 15886.0500
v 627.2769 627.8321 15886.0500
v 627.2027 627.9475 15886.0500
v 627.2269 627.9091 15886.0500
v 627.1547 628.0259 15886.0500
v 627.1782 627.9871 15886.0500
v 627.1080 628.1050 15886.0500
v 627.1309 628.0658 15886.0500
v 627.0628 628.1850 15886.0500
v 627.0850 628.1454 15886.0500
v 627.0190 628.2657 15886.0500
v 627.0405 628.2257 15886.0500
v 626.9766 628.3472 15886.0500
v 626.9973 628.3068 15886.0500
v 626.9355 628.4294 15886.0500
v 626.9556 628.3887 15886.0500
v 626.8960 628.5123 15886.0500
v 626.9153 628.4713 15886.0500
v 626.8579 628.5959 15886.0500
v 626.8765 628.5546 15886.0500
v 626.8213 628.6802 15886.0500
v 626.8392 628.6385 15886.0500
v 626.7861 628.7651 15886.0500
v 626.8033 628.7230 15886.0500
v 626.7524 628.8505 15886.0500
v 626.7689 628.8082 15886.0500
v 626.7203 628.9366 15886.0500
v 626.7360 628.8940 15886.0500
v 626.6896 629.0232 15886.0500
v 626.7046 628.9803 15886.0500
v 626.6605 629.1103 15886.0500
v 626.6747 629.0672 15886.0500
v 626.6328 629.1979 15886.0500
v 626.6463 629.1545 15886.0500
v 626.6068 629.2860 15886.0500
v 626.6194 629.2424 15886.0500
v 626.5822 629.3746 15886.0500
v 626.5941 629.3307 15886.0500
v 626.5592 629.4635 15886.0500
v 626.5704 629.4195 15886.0500
v 626.5377 629.5528 15886.0500
v 626.5482 629.5086 15886.0500
v 626.5178 629.6425 15886.0500
v 626.5275 629.5981 15886.0500
v 626.4995 629.7325 15886.0500
v 626.5084 629.6880 15886.0500
v 626.4828 629.8229 15886.0500
v 626.4908 629.7782 15886.0500
v 626.4677 629.9135 15886.0500
v 626.4749 629.8687 15886.0500
v 626.4540 630.0043 15886.0500
v 626.4606 629.9594 15886.0500
v 626.4421 630.0954 15886.0500
v 626.4478 630.0504 15886.0500
v 626.4316 630.1867 15886.0500
v 626.4366 630.1416 15886.0500
v 626.4229 630.2781 15886.0500
v 626.4270 630.2329 15886.0500
v 626.4156 630.3698 15886.0500
v 626.4190 630.3245 15886.0500
v 626.4100 630.4614 15886.0500
v 626.4126 630.4161 15886.0500
v 626.4060 630.5532 15886.0500
v 626.4078 630.5079 15886.0500
v 626.4036 630.6451 15886.0500
v 626.4046 630.5997 15886.0500
v 626.4028 630.7369 15886.0500
v 626.4030 630.6915 15886.0500
v 626.4036 630.8288 15886.0500
v 626.4030 630.7834 15886.0500
v 626.4060 630.9207 15886.0500
v 626.4047 630.8752 15886.0500
v 626.4100 631.0124 15886.0500
v 626.4078 630.9670 15886.0500
v 626.4156 631.1041 15886.0500
v 626.4127 631.0588 15886.0500
v 626.4229 631.1957 15886.0500
v 626.4191 631.1505 15886.0500
v 626.4316 631.2872 15886.0500
v 626.4271 631.2419 15886.0500
v 626.4421 631.3784 15886.0500
v 626.4367 631.3333 15886.0500
v 626.4540 631.4695 15886.0500
v 626.4479 631.4245 15886.0500
v 626.4677 631.5604 15886.0500
v 626.4607 631.5155 15886.0500
v 626.4828 631.6510 15886.0500
v 626.4751 631.6063 15886.0500
v 626.4995 631.7413 15886.0500
v 626.4911 631.6967 15886.0500
v 626.5178 631.8314 15886.0500
v 626.5086 631.7869 15886.0500
v 626.5377 631.9210 15886.0500
v 626.5277 631.8768 15886.0500
v 626.5592 632.0104 15886.0500
v 626.5484 631.9662 15886.0500
v 626.5822 632.0993 15886.0500
v 626.5706 632.0554 15886.0500
v 626.6068 632.1878 15886.0500
v 626.5944 632.1441 15886.0500
v 626.6328 632.2759 15886.0500
v 626.6198 632.2324 15886.0500
v 626.6605 632.3635 15886.0500
v 626.6466 632.3203 15886.0500
v 626.6896 632.4507 15886.0500
v 626.6750 632.4077 15886.0500
v 626.7203 632.5372 15886.0500
v 626.7050 632.4945 15886.0500
v 626.7524 632.6233 15886.0500
v 626.7363 632.5809 15886.0500
v 626.7861 632.7088 15886.0500
v 626.7693 632.6666 15886.0500
v 626.8213 632.7936 15886.0500
v 626.8037 632.7518 15886.0500
v 626.8579 632.8779 15886.0500
v 626.8396 632.8364 15886.0500
v 626.8960 632.9615 15886.0500
v 626.8770 632.9203 15886.0500
v 626.9355 633.0444 15886.0500
v 626.9158 633.0035 15886.0500
v 626.9766 633.1266 15886.0500
v 626.9561 633.0861 15886.0500
v 627.0190 633.2081 15886.0500
v 626.9978 633.1680 15886.0500
v 627.0628 633.2889 15886.0500
v 627.0410 633.2491 15886.0500
v 627.1080 633.3688 15886.0500
v 627.0855 633.3294 15886.0500
v 627.1547 633.4480 15886.0500
v 627.1315 633.4090 15886.0500
v 627.2027 633.5263 15886.0500
v 627.1788 633.4877 15886.0500
v 627.2520 633.6038 15886.0500
v 627.2275 633.5656 15886.0500
v 627.3027 633.6804 15886.0500
v 627.2775 633.6426 15886.0500
v 627.3548 633.7561 15886.0500
v 627.3289 633.7188 15886.0500
v 627.4081 633.8309 15886.0500
v 627.3816 633.7941 15886.0500
v 627.4628 633.9048 15886.0500
v 627.4356 633.8684 15886.0500
v 627.5187 633.9777 15886.0500
v 627.4909 633.9418 15886.0500
v 627.5759 634.0496 15886.0500
v 627.5475 634.0142 15886.0500
v 627.6343 634.1204 15886.0500
v 627.6053 634.0855 15886.0500
v 627.6940 634.1903 15886.0500
v 627.6644 634.1559 15886.0500
v 627.7549 634.2591 15886.0500
v 627.7246 634.2252 15886.0500
v 627.8170 634.3268 15886.0500
v 627.7861 634.2935 15886.0500
v 627.8802 634.3935 15886.0500
v 627.8488 634.3607 15886.0500
v 627.9446 634.4590 15886.0500
v 627.9126 634.4268 15886.0500
v 628.0101 634.5234 15886.0500
v 627.9775 634.4917 15886.0500
v 628.0767 634.5867 15886.0500
v 628.0436 634.5555 15886.0500
v 628.1445 634.6487 15886.0500
v 628.1108 634.6182 15886.0500
v 628.2133 634.7096 15886.0500
v 628.1791 634.6796 15886.0500
v 628.2831 634.7692 15886.0500
v 628.2485 634.7399 15886.0500
v 628.3540 634.8277 15886.0500
v 628.3188 634.7990 15886.0500
v 628.4259 634.8849 15886.0500
v 628.3903 634.8568 15886.0500
v 628.4988 634.9408 15886.0500
v 628.4626 634.9133 15886.0500
v 628.5726 634.9954 15886.0500
v 628.5360 634.9686 15886.0500
v 628.6475 635.0488 15886.0500
v 628.6104 635.0226 15886.0500
v 628.7231 635.1008 15886.0500
v 628.6856 635.0753 15886.0500
v 628.7997 635.1516 15886.0500
v 628.7618 635.1266 15886.0500
v 628.8773 635.2009 15886.0500
v 628.8389 635.1767 15886.0500
v 628.9556 635.2489 15886.0500
v 628.9167 635.2253 15886.0500
v 629.0347 635.2955 15886.0500
v 628.9955 635.2726 15886.0500
v 629.1147 635.3408 15886.0500
v 629.0751 635.3186 15886.0500
v 629.1954 635.3846 15886.0500
v 629.1555 635.3631 15886.0500
v 629.2769 635.4270 15886.0500
v 629.2366 635.4062 15886.0500
v 629.3591 635.4680 15886.0500
v 629.3184 635.4479 15886.0500
v 629.4421 635.5076 15886.0500
v 629.4010 635.4882 15886.0500
v 629.5256 635.5457 15886.0500
v 629.4843 635.5270 15886.0500
v 629.6099 635.5823 15886.0500
v 629.5682 635.5644 15886.0500
v 629.6948 635.6174 15886.0500
v 629.6528 635.6003 15886.0500
v 629.7803 635.6511 15886.0500
v 629.7379 635.6347 15886.0500
v 629.8663 635.6833 15886.0500
v 629.8237 635.6676 15886.0500
v 629.9529 635.7140 15886.0500
v 629.9100 635.6990 15886.0500
v 630.0400 635.7431 15886.0500
v 629.9969 635.7289 15886.0500
v 630.1276 635.7708 15886.0500
v 630.0843 635.7573 15886.0500
v 630.2158 635.7968 15886.0500
v 630.1721 635.7841 15886.0500
v 630.3043 635.8214 15886.0500
v 630.2604 635.8094 15886.0500
v 630.3932 635.8444 15886.0500
v 630.3492 635.8332 15886.0500
v 630.4825 635.8658 15886.0500
v 630.4384 635.8554 15886.0500
v 630.5723 635.8857 15886.0500
v 630.5279 635.8761 15886.0500
v 630.6623 635.9041 15886.0500
v 630.6177 635.8952 15886.0500
v 630.7526 635.9208 15886.0500
v 630.7079 635.9127 15886.0500
v 630.8432 635.9360 15886.0500
v 630.7984 635.9286 15886.0500
v 630.9341 635.9495 15886.0500
v 630.8891 635.9430 15886.0500
v 631.0251 635.9615 15886.0500
v 630.9801 635.9558 15886.0500
v 631.1165 635.9719 15886.0500
v 631.0713 635.9670 15886.0500
v 631.2079 635.9807 15886.0500
v 631.1627 635.9766 15886.0500
v 631.2994 635.9879 15886.0500
v 631.2542 635.9846 15886.0500
v 631.3912 635.9935 15886.0500
v 631.3458 635.9910 15886.0500
v 631.4830 635.9976 15886.0500
v 631.4376 635.9958 15886.0500
v 631.5748 635.9999 15886.0500
v 631.5294 635.9990 15886.0500
v 631.6212 636.0005 15886.0500
v 631.6666 636.0007 15849.8100
v 635.3887 634.4590 15849.8100
v 636.9305 630.7369 15849.8100
v 635.3887 627.0148 15849.8100
v 631.6666 625.4731 15849.8100
v 627.9446 627.0148 15849.8100
v 626.4028 630.7369 15849.8100
v 627.9446 634.4590 15849.8100
v 631.6666 162.2566 15812.3900
v 631.5748 162.2558 15812.3900
v 631.6202 162.2560 15812.3900
v 631.4830 162.2534 15812.3900
v 631.5283 162.2544 15812.3900
v 631.3912 162.2494 15812.3900
v 631.4365 162.2512 15812.3900
v 631.2994 162.2438 15812.3900
v 631.3448 162.2464 15812.3900
v 631.2079 162.2366 15812.3900
v 631.2532 162.2400 15812.3900
v 631.1165 162.2278 15812.3900
v 631.1616 162.2319 15812.3900
v 631.0251 162.2174 15812.3900
v 631.0703 162.2223 15812.3900
v 630.9341 162.2054 15812.3900
v 630.9791 162.2111 15812.3900
v 630.8432 162.1918 15812.3900
v 630.8881 162.1983 15812.3900
v 630.7526 162.1767 15812.3900
v 630.7974 162.1840 15812.3900
v 630.6623 162.1599 15812.3900
v 630.7070 162.1680 15812.3900
v 630.5723 162.1416 15812.3900
v 630.6168 162.1505 15812.3900
v 630.4825 162.1217 15812.3900
v 630.5269 162.1313 15812.3900
v 630.3932 162.1003 15812.3900
v 630.4374 162.1107 15812.3900
v 630.3043 162.0773 15812.3900
v 630.3483 162.0884 15812.3900
v 630.2158 162.0527 15812.3900
v 630.2595 162.0647 15812.3900
v 630.1276 162.0266 15812.3900
v 630.1713 162.0393 15812.3900
v 630.0400 161.9990 15812.3900
v 630.0834 162.0125 15812.3900
v 629.9529 161.9698 15812.3900
v 629.9960 161.9841 15812.3900
v 629.8663 161.9392 15812.3900
v 629.9092 161.9541 15812.3900
v 629.7803 161.9070 15812.3900
v 629.8229 161.9227 15812.3900
v 629.6948 161.8733 15812.3900
v 629.7371 161.8898 15812.3900
v 629.6099 161.8382 15812.3900
v 629.6519 161.8554 15812.3900
v 629.5256 161.8015 15812.3900
v 629.5674 161.8195 15812.3900
v 629.4421 161.7634 15812.3900
v 629.4835 161.7821 15812.3900
v 629.3591 161.7239 15812.3900
v 629.4002 161.7433 15812.3900
v 629.2769 161.6829 15812.3900
v 629.3176 161.7030 15812.3900
v 629.1954 161.6405 15812.3900
v 629.2358 161.6613 15812.3900
v 629.1147 161.5966 15812.3900
v 629.1547 161.6181 15812.3900
v 629.0347 161.5514 15812.3900
v 629.0743 161.5736 15812.3900
v 628.9556 161.5048 15812.3900
v 628.9948 161.5276 15812.3900
v 628.8773 161.4568 15812.3900
v 628.9161 161.4803 15812.3900
v 628.7997 161.4074 15812.3900
v 628.8381 161.4316 15812.3900
v 628.7231 161.3567 15812.3900
v 628.7611 161.3816 15812.3900
v 628.6475 161.3047 15812.3900
v 628.6850 161.3302 15812.3900
v 628.5726 161.2513 15812.3900
v 628.6097 161.2775 15812.3900
v 628.4988 161.1967 15812.3900
v 628.5354 161.2235 15812.3900
v 628.4259 161.1407 15812.3900
v 628.4620 161.1682 15812.3900
v 628.3540 161.0836 15812.3900
v 628.3896 161.1117 15812.3900
v 628.2831 161.0251 15812.3900
v 628.3183 161.0538 15812.3900
v 628.2133 160.9655 15812.3900
v 628.2479 160.9948 15812.3900
v 628.1445 160.9046 15812.3900
v 628.1786 160.9345 15812.3900
v 628.0767 160.8425 15812.3900
v 628.1104 160.8730 15812.3900
v 628.0101 160.7793 15812.3900
v 628.0432 160.8104 15812.3900
v 627.9446 160.7149 15812.3900
v 627.9771 160.7466 15812.3900
v 627.8802 160.6494 15812.3900
v 627.9121 160.6816 15812.3900
v 627.8170 160.5827 15812.3900
v 627.8483 160.6155 15812.3900
v 627.7549 160.5150 15812.3900
v 627.7857 160.5483 15812.3900
v 627.6940 160.4462 15812.3900
v 627.7242 160.4801 15812.3900
v 627.6343 160.3763 15812.3900
v 627.6639 160.4107 15812.3900
v 627.5759 160.3054 15812.3900
v 627.6049 160.3403 15812.3900
v 627.5187 160.2335 15812.3900
v 627.5471 160.2690 15812.3900
v 627.4628 160.1606 15812.3900
v 627.4905 160.1965 15812.3900
v 627.4081 160.0868 15812.3900
v 627.4353 160.1232 15812.3900
v 627.3548 160.0120 15812.3900
v 627.3813 160.0489 15812.3900
v 627.3027 159.9363 15812.3900
v 627.3286 159.9736 15812.3900
v 627.2520 159.8597 15812.3900
v 627.2773 159.8974 15812.3900
v 627.2027 159.7822 15812.3900
v 627.2272 159.8204 15812.3900
v 627.1547 159.7039 15812.3900
v 627.1786 159.7425 15812.3900
v 627.1080 159.6247 15812.3900
v 627.1313 159.6637 15812.3900
v 627.0628 159.5448 15812.3900
v 627.0853 159.5842 15812.3900
v 627.0190 159.4640 15812.3900
v 627.0408 159.5038 15812.3900
v 626.9766 159.3825 15812.3900
v 626.9977 159.4227 15812.3900
v 626.9355 159.3003 15812.3900
v 626.9560 159.3409 15812.3900
v 626.8960 159.2174 15812.3900
v 626.9157 159.2583 15812.3900
v 626.8579 159.1338 15812.3900
v 626.8769 159.1750 15812.3900
v 626.8213 159.0495 15812.3900
v 626.8395 159.0911 15812.3900
v 626.7861 158.9647 15812.3900
v 626.8036 159.0065 15812.3900
v 626.7524 158.8792 15812.3900
v 626.7693 158.9214 15812.3900
v 626.7203 158.7931 15812.3900
v 626.7364 158.8356 15812.3900
v 626.6896 158.7065 15812.3900
v 626.7050 158.7493 15812.3900
v 626.6605 158.6194 15812.3900
v 626.6750 158.6624 15812.3900
v 626.6328 158.5318 15812.3900
v 626.6467 158.5750 15812.3900
v 626.6068 158.4437 15812.3900
v 626.6198 158.4872 15812.3900
v 626.5822 158.3552 15812.3900
v 626.5945 158.3989 15812.3900
v 626.5592 158.2662 15812.3900
v 626.5707 158.3102 15812.3900
v 626.5377 158.1769 15812.3900
v 626.5485 158.2210 15812.3900
v 626.5178 158.0872 15812.3900
v 626.5279 158.1315 15812.3900
v 626.4995 157.9972 15812.3900
v 626.5088 158.0416 15812.3900
v 626.4828 157.9069 15812.3900
v 626.4913 157.9515 15812.3900
v 626.4677 157.8163 15812.3900
v 626.4753 157.8610 15812.3900
v 626.4540 157.7254 15812.3900
v 626.4609 157.7703 15812.3900
v 626.4421 157.6343 15812.3900
v 626.4482 157.6793 15812.3900
v 626.4316 157.5430 15812.3900
v 626.4370 157.5881 15812.3900
v 626.4229 157.4516 15812.3900
v 626.4274 157.4967 15812.3900
v 626.4156 157.3600 15812.3900
v 626.4194 157.4052 15812.3900
v 626.4100 157.2683 15812.3900
v 626.4130 157.3136 15812.3900
v 626.4060 157.1765 15812.3900
v 626.4082 157.2219 15812.3900
v 626.4036 157.0847 15812.3900
v 626.4050 157.1301 15812.3900
v 626.4028 156.9928 15812.3900
v 626.4034 157.0382 15812.3900
v 626.4036 156.9009 15812.3900
v 626.4034 156.9463 15812.3900
v 626.4060 156.8091 15812.3900
v 626.4050 156.8545 15812.3900
v 626.4100 156.7173 15812.3900
v 626.4083 156.7627 15812.3900
v 626.4156 156.6256 15812.3900
v 626.4131 156.6709 15812.3900
v 626.4229 156.5340 15812.3900
v 626.4195 156.5793 15812.3900
v 626.4316 156.4426 15812.3900
v 626.4275 156.4878 15812.3900
v 626.4421 156.3513 15812.3900
v 626.4371 156.3964 15812.3900
v 626.4540 156.2602 15812.3900
v 626.4483 156.3053 15812.3900
v 626.4677 156.1694 15812.3900
v 626.4611 156.2143 15812.3900
v 626.4828 156.0788 15812.3900
v 626.4755 156.1236 15812.3900
v 626.4995 155.9884 15812.3900
v 626.4915 156.0331 15812.3900
v 626.5178 155.8984 15812.3900
v 626.5090 155.9429 15812.3900
v 626.5377 155.8087 15812.3900
v 626.5281 155.8531 15812.3900
v 626.5592 155.7194 15812.3900
v 626.5488 155.7636 15812.3900
v 626.5822 155.6304 15812.3900
v 626.5710 155.6744 15812.3900
v 626.6068 155.5419 15812.3900
v 626.5948 155.5857 15812.3900
v 626.6328 155.4538 15812.3900
v 626.6201 155.4974 15812.3900
v 626.6605 155.3662 15812.3900
v 626.6470 155.4096 15812.3900
v 626.6896 155.2791 15812.3900
v 626.6754 155.3222 15812.3900
v 626.7203 155.1925 15812.3900
v 626.7053 155.2353 15812.3900
v 626.7524 155.1064 15812.3900
v 626.7368 155.1490 15812.3900
v 626.7861 155.0209 15812.3900
v 626.7697 155.0633 15812.3900
v 626.8213 154.9361 15812.3900
v 626.8041 154.9781 15812.3900
v 626.8579 154.8518 15812.3900
v 626.8400 154.8935 15812.3900
v 626.8960 154.7682 15812.3900
v 626.8774 154.8096 15812.3900
v 626.9355 154.6853 15812.3900
v 626.9162 154.7264 15812.3900
v 626.9766 154.6031 15812.3900
v 626.9565 154.6438 15812.3900
v 627.0190 154.5216 15812.3900
v 626.9982 154.5620 15812.3900
v 627.0628 154.4409 15812.3900
v 627.0413 154.4809 15812.3900
v 627.1080 154.3609 15812.3900
v 627.0859 154.4005 15812.3900
v 627.1547 154.2817 15812.3900
v 627.1318 154.3210 15812.3900
v 627.2027 154.2034 15812.3900
v 627.1791 154.2422 15812.3900
v 627.2520 154.1259 15812.3900
v 627.2278 154.1643 15812.3900
v 627.3027 154.0493 15812.3900
v 627.2778 154.0873 15812.3900
v 627.3548 153.9736 15812.3900
v 627.3292 154.0111 15812.3900
v 627.4081 153.8988 15812.3900
v 627.3819 153.9359 15812.3900
v 627.4628 153.8250 15812.3900
v 627.4359 153.8616 15812.3900
v 627.5187 153.7521 15812.3900
v 627.4912 153.7882 15812.3900
v 627.5759 153.6802 15812.3900
v 627.5478 153.7158 15812.3900
v 627.6343 153.6093 15812.3900
v 627.6056 153.6444 15812.3900
v 627.6940 153.5394 15812.3900
v 627.6647 153.5741 15812.3900
v 627.7549 153.4706 15812.3900
v 627.7249 153.5048 15812.3900
v 627.8170 153.4029 15812.3900
v 627.7864 153.4365 15812.3900
v 627.8802 153.3362 15812.3900
v 627.8491 153.3693 15812.3900
v 627.9446 153.2707 15812.3900
v 627.9129 153.3032 15812.3900
v 628.0101 153.2063 15812.3900
v 627.9778 153.2383 15812.3900
v 628.0767 153.1431 15812.3900
v 628.0439 153.1745 15812.3900
v 628.1445 153.0810 15812.3900
v 628.1111 153.1118 15812.3900
v 628.2133 153.0201 15812.3900
v 628.1794 153.0504 15812.3900
v 628.2831 152.9605 15812.3900
v 628.2487 152.9901 15812.3900
v 628.3540 152.9020 15812.3900
v 628.3191 152.9311 15812.3900
v 628.4259 152.8448 15812.3900
v 628.3905 152.8733 15812.3900
v 628.4988 152.7889 15812.3900
v 628.4629 152.8167 15812.3900
v 628.5726 152.7343 15812.3900
v 628.5363 152.7614 15812.3900
v 628.6475 152.6809 15812.3900
v 628.6106 152.7075 15812.3900
v 628.7231 152.6289 15812.3900
v 628.6859 152.6548 15812.3900
v 628.7997 152.5782 15812.3900
v 628.7620 152.6034 15812.3900
v 628.8773 152.5288 15812.3900
v 628.8391 152.5534 15812.3900
v 628.9556 152.4808 15812.3900
v 628.9170 152.5047 15812.3900
v 629.0347 152.4342 15812.3900
v 628.9957 152.4574 15812.3900
v 629.1147 152.3890 15812.3900
v 629.0753 152.4115 15812.3900
v 629.1954 152.3451 15812.3900
v 629.1556 152.3670 15812.3900
v 629.2769 152.3027 15812.3900
v 629.2368 152.3239 15812.3900
v 629.3591 152.2617 15812.3900
v 629.3186 152.2822 15812.3900
v 629.4421 152.2222 15812.3900
v 629.4012 152.2419 15812.3900
v 629.5256 152.1841 15812.3900
v 629.4844 152.2031 15812.3900
v 629.6099 152.1474 15812.3900
v 629.5684 152.1657 15812.3900
v 629.6948 152.1123 15812.3900
v 629.6529 152.1298 15812.3900
v 629.7803 152.0786 15812.3900
v 629.7381 152.0954 15812.3900
v 629.8663 152.0464 15812.3900
v 629.8239 152.0625 15812.3900
v 629.9529 152.0158 15812.3900
v 629.9102 152.0311 15812.3900
v 630.0400 151.9866 15812.3900
v 629.9971 152.0012 15812.3900
v 630.1276 151.9590 15812.3900
v 630.0844 151.9728 15812.3900
v 630.2158 151.9329 15812.3900
v 630.1722 151.9460 15812.3900
v 630.3043 151.9083 15812.3900
v 630.2606 151.9207 15812.3900
v 630.3932 151.8853 15812.3900
v 630.3493 151.8969 15812.3900
v 630.4825 151.8639 15812.3900
v 630.4384 151.8747 15812.3900
v 630.5723 151.8440 15812.3900
v 630.5280 151.8540 15812.3900
v 630.6623 151.8257 15812.3900
v 630.6178 151.8349 15812.3900
v 630.7526 151.8089 15812.3900
v 630.7080 151.8174 15812.3900
v 630.8432 151.7938 15812.3900
v 630.7985 151.8015 15812.3900
v 630.9341 151.7802 15812.3900
v 630.8892 151.7871 15812.3900
v 631.0251 151.7682 15812.3900
v 630.9802 151.7743 15812.3900
v 631.1165 151.7578 15812.3900
v 631.0714 151.7632 15812.3900
v 631.2079 151.7490 15812.3900
v 631.1627 151.7536 15812.3900
v 631.2994 151.7418 15812.3900
v 631.2542 151.7456 15812.3900
v 631.3912 151.7362 15812.3900
v 631.3458 151.7392 15812.3900
v 631.4830 151.7322 15812.3900
v 631.4376 151.7344 15812.3900
v 631.5748 151.7298 15812.3900
v 631.5294 151.7312 15812.3900
v 631.6666 151.7290 15812.3900
v 631.6213 151.7296 15812.3900
v 631.7585 151.7298 15812.3900
v 631.7131 151.7296 15812.3900
v 631.8503 151.7322 15812.3900
v 631.8049 151.7312 15812.3900
v 631.9421 151.7362 15812.3900
v 631.8968 151.7344 15812.3900
v 632.0338 151.7418 15812.3900
v 631.9885 151.7392 15812.3900
v 632.1254 151.7490 15812.3900
v 632.0801 151.7457 15812.3900
v 632.2169 151.7578 15812.3900
v 632.1716 151.7537 15812.3900
v 632.3082 151.7682 15812.3900
v 632.2630 151.7633 15812.3900
v 632.3992 151.7802 15812.3900
v 632.3542 151.7745 15812.3900
v 632.4901 151.7938 15812.3900
v 632.4451 151.7873 15812.3900
v 632.5807 151.8089 15812.3900
v 632.5359 151.8017 15812.3900
v 632.6710 151.8257 15812.3900
v 632.6263 151.8176 15812.3900
v 632.7610 151.8440 15812.3900
v 632.7166 151.8351 15812.3900
v 632.8508 151.8639 15812.3900
v 632.8064 151.8543 15812.3900
v 632.9401 151.8853 15812.3900
v 632.8959 151.8749 15812.3900
v 633.0291 151.9083 15812.3900
v 632.9850 151.8972 15812.3900
v 633.1176 151.9329 15812.3900
v 633.0737 151.9209 15812.3900
v 633.2056 151.9590 15812.3900
v 633.1620 151.9463 15812.3900
v 633.2933 151.9866 15812.3900
v 633.2499 151.9731 15812.3900
v 633.3804 152.0158 15812.3900
v 633.3373 152.0015 15812.3900
v 633.4670 152.0464 15812.3900
v 633.4241 152.0315 15812.3900
v 633.5530 152.0786 15812.3900
v 633.5104 152.0629 15812.3900
v 633.6385 152.1123 15812.3900
v 633.5962 152.0958 15812.3900
v 633.7234 152.1474 15812.3900
v 633.6813 152.1302 15812.3900
v 633.8076 152.1841 15812.3900
v 633.7659 152.1661 15812.3900
v 633.8912 152.2222 15812.3900
v 633.8499 152.2035 15812.3900
v 633.9742 152.2617 15812.3900
v 633.9331 152.2423 15812.3900
v 634.0564 152.3027 15812.3900
v 634.0156 152.2826 15812.3900
v 634.1379 152.3451 15812.3900
v 634.0975 152.3243 15812.3900
v 634.2186 152.3890 15812.3900
v 634.1786 152.3675 15812.3900
v 634.2986 152.4342 15812.3900
v 634.2590 152.4120 15812.3900
v 634.3777 152.4808 15812.3900
v 634.3385 152.4579 15812.3900
v 634.4561 152.5288 15812.3900
v 634.4172 152.5053 15812.3900
v 634.5335 152.5782 15812.3900
v 634.4951 152.5540 15812.3900
v 634.6102 152.6289 15812.3900
v 634.5721 152.6040 15812.3900
v 634.6859 152.6809 15812.3900
v 634.6483 152.6554 15812.3900
v 634.7606 152.7343 15812.3900
v 634.7236 152.7081 15812.3900
v 634.8345 152.7889 15812.3900
v 634.7979 152.7621 15812.3900
v 634.9074 152.8448 15812.3900
v 634.8712 152.8174 15812.3900
v 634.9793 152.9020 15812.3900
v 634.9436 152.8739 15812.3900
v 635.0502 152.9605 15812.3900
v 635.0150 152.9317 15812.3900
v 635.1201 153.0201 15812.3900
v 635.0854 152.9908 15812.3900
v 635.1888 153.0810 15812.3900
v 635.1547 153.0511 15812.3900
v 635.2566 153.1431 15812.3900
v 635.2230 153.1126 15812.3900
v 635.3232 153.2063 15812.3900
v 635.2902 153.1752 15812.3900
v 635.3887 153.2707 15812.3900
v 635.3562 153.2390 15812.3900
v 635.4531 153.3362 15812.3900
v 635.4211 153.3040 15812.3900
v 635.5164 153.4029 15812.3900
v 635.4850 153.3701 15812.3900
v 635.5784 153.4706 15812.3900
v 635.5476 153.4373 15812.3900
v 635.6393 153.5394 15812.3900
v 635.6091 153.5056 15812.3900
v 635.6990 153.6093 15812.3900
v 635.6693 153.5749 15812.3900
v 635.7574 153.6802 15812.3900
v 635.7284 153.6453 15812.3900
v 635.8146 153.7521 15812.3900
v 635.7862 153.7167 15812.3900
v 635.8705 153.8250 15812.3900
v 635.8427 153.7891 15812.3900
v 635.9252 153.8988 15812.3900
v 635.8980 153.8624 15812.3900
v 635.9785 153.9736 15812.3900
v 635.9520 153.9368 15812.3900
v 636.0306 154.0493 15812.3900
v 636.0047 154.0120 15812.3900
v 636.0812 154.1259 15812.3900
v 636.0560 154.0882 15812.3900
v 636.1306 154.2034 15812.3900
v 636.1061 154.1652 15812.3900
v 636.1786 154.2817 15812.3900
v 636.1547 154.2431 15812.3900
v 636.2253 154.3609 15812.3900
v 636.2020 154.3219 15812.3900
v 636.2705 154.4409 15812.3900
v 636.2480 154.4014 15812.3900
v 636.3143 154.5216 15812.3900
v 636.2925 154.4818 15812.3900
v 636.3568 154.6031 15812.3900
v 636.3356 154.5629 15812.3900
v 636.3978 154.6853 15812.3900
v 636.3773 154.6447 15812.3900
v 636.4373 154.7682 15812.3900
v 636.4175 154.7273 15812.3900
v 636.4754 154.8518 15812.3900
v 636.4564 154.8106 15812.3900
v 636.5120 154.9361 15812.3900
v 636.4937 154.8945 15812.3900
v 636.5472 155.0209 15812.3900
v 636.5296 154.9791 15812.3900
v 636.5809 155.1064 15812.3900
v 636.5640 155.0642 15812.3900
v 636.6130 155.1925 15812.3900
v 636.5969 155.1500 15812.3900
v 636.6437 155.2791 15812.3900
v 636.6284 155.2363 15812.3900
v 636.6729 155.3662 15812.3900
v 636.6583 155.3232 15812.3900
v 636.7004 155.4538 15812.3900
v 636.6866 155.4106 15812.3900
v 636.7266 155.5419 15812.3900
v 636.7135 155.4984 15812.3900
v 636.7511 155.6304 15812.3900
v 636.7388 155.5867 15812.3900
v 636.7741 155.7194 15812.3900
v 636.7626 155.6755 15812.3900
v 636.7955 155.8087 15812.3900
v 636.7848 155.7646 15812.3900
v 636.8154 155.8984 15812.3900
v 636.8054 155.8541 15812.3900
v 636.8337 155.9884 15812.3900
v 636.8245 155.9440 15812.3900
v 636.8505 156.0788 15812.3900
v 636.8420 156.0341 15812.3900
v 636.8657 156.1694 15812.3900
v 636.8580 156.1246 15812.3900
v 636.8793 156.2602 15812.3900
v 636.8723 156.2153 15812.3900
v 636.8912 156.3513 15812.3900
v 636.8851 156.3063 15812.3900
v 636.9016 156.4426 15812.3900
v 636.8963 156.3975 15812.3900
v 636.9105 156.5340 15812.3900
v 636.9059 156.4889 15812.3900
v 636.9177 156.6256 15812.3900
v 636.9139 156.5804 15812.3900
v 636.9233 156.7173 15812.3900
v 636.9203 156.6720 15812.3900
v 636.9272 156.8091 15812.3900
v 636.9251 156.7637 15812.3900
v 636.9297 156.9009 15812.3900
v 636.9283 156.8556 15812.3900
v 636.9305 156.9928 15812.3900
v 636.9299 156.9474 15812.3900
v 636.9297 157.0847 15812.3900
v 636.9299 157.0393 15812.3900
v 636.9272 157.1765 15812.3900
v 636.9282 157.1311 15812.3900
v 636.9233 157.2683 15812.3900
v 636.9250 157.2229 15812.3900
v 636.9177 157.3600 15812.3900
v 636.9202 157.3147 15812.3900
v 636.9105 157.4516 15812.3900
v 636.9138 157.4063 15812.3900
v 636.9016 157.5430 15812.3900
v 636.9058 157.4978 15812.3900
v 636.8912 157.6343 15812.3900
v 636.8962 157.5892 15812.3900
v 636.8793 157.7254 15812.3900
v 636.8849 157.6803 15812.3900
v 636.8657 157.8163 15812.3900
v 636.8722 157.7713 15812.3900
v 636.8505 157.9069 15812.3900
v 636.8578 157.8620 15812.3900
v 636.8337 157.9972 15812.3900
v 636.8419 157.9525 15812.3900
v 636.8154 158.0872 15812.3900
v 636.8243 158.0427 15812.3900
v 636.7955 158.1769 15812.3900
v 636.8052 158.1325 15812.3900
v 636.7741 158.2662 15812.3900
v 636.7845 158.2220 15812.3900
v 636.7511 158.3552 15812.3900
v 636.7623 158.3112 15812.3900
v 636.7266 158.4437 15812.3900
v 636.7385 158.3999 15812.3900
v 636.7004 158.5318 15812.3900
v 636.7132 158.4882 15812.3900
v 636.6729 158.6194 15812.3900
v 636.6863 158.5760 15812.3900
v 636.6437 158.7065 15812.3900
v 636.6579 158.6634 15812.3900
v 636.6130 158.7931 15812.3900
v 636.6280 158.7503 15812.3900
v 636.5809 158.8792 15812.3900
v 636.5966 158.8366 15812.3900
v 636.5472 158.9647 15812.3900
v 636.5637 158.9223 15812.3900
v 636.5120 159.0495 15812.3900
v 636.5292 159.0075 15812.3900
v 636.4754 159.1338 15812.3900
v 636.4933 159.0921 15812.3900
v 636.4373 159.2174 15812.3900
v 636.4559 159.1760 15812.3900
v 636.3978 159.3003 15812.3900
v 636.4171 159.2592 15812.3900
v 636.3568 159.3825 15812.3900
v 636.3768 159.3418 15812.3900
v 636.3143 159.4640 15812.3900
v 636.3351 159.4236 15812.3900
v 636.2705 159.5448 15812.3900
v 636.2920 159.5048 15812.3900
v 636.2253 159.6247 15812.3900
v 636.2474 159.5851 15812.3900
v 636.1786 159.7039 15812.3900
v 636.2015 159.6646 15812.3900
v 636.1306 159.7822 15812.3900
v 636.1542 159.7434 15812.3900
v 636.0812 159.8597 15812.3900
v 636.1055 159.8213 15812.3900
v 636.0306 159.9363 15812.3900
v 636.0554 159.8983 15812.3900
v 635.9785 160.0120 15812.3900
v 636.0041 159.9745 15812.3900
v 635.9252 160.0868 15812.3900
v 635.9514 160.0497 15812.3900
v 635.8705 160.1606 15812.3900
v 635.8974 160.1240 15812.3900
v 635.8146 160.2335 15812.3900
v 635.8421 160.1974 15812.3900
v 635.7574 160.3054 15812.3900
v 635.7855 160.2698 15812.3900
v 635.6990 160.3763 15812.3900
v 635.7277 160.3412 15812.3900
v 635.6393 160.4462 15812.3900
v 635.6686 160.4115 15812.3900
v 635.5784 160.5150 15812.3900
v 635.6083 160.4809 15812.3900
v 635.5164 160.5827 15812.3900
v 635.5469 160.5491 15812.3900
v 635.4531 160.6494 15812.3900
v 635.4843 160.6163 15812.3900
v 635.3887 160.7149 15812.3900
v 635.4204 160.6824 15812.3900
v 635.3232 160.7793 15812.3900
v 635.3555 160.7473 15812.3900
v 635.2566 160.8425 15812.3900
v 635.2894 160.8111 15812.3900
v 635.1888 160.9046 15812.3900
v 635.2222 160.8738 15812.3900
v 635.1201 160.9655 15812.3900
v 635.1539 160.9352 15812.3900
v 635.0502 161.0251 15812.3900
v 635.0845 160.9955 15812.3900
v 634.9793 161.0836 15812.3900
v 635.0142 161.0545 15812.3900
v 634.9074 161.1407 15812.3900
v 634.9428 161.1123 15812.3900
v 634.8345 161.1967 15812.3900
v 634.8704 161.1689 15812.3900
v 634.7606 161.2513 15812.3900
v 634.7970 161.2242 15812.3900
v 634.6859 161.3047 15812.3900
v 634.7227 161.2782 15812.3900
v 634.6102 161.3567 15812.3900
v 634.6475 161.3308 15812.3900
v 634.5335 161.4074 15812.3900
v 634.5713 161.3822 15812.3900
v 634.4561 161.4568 15812.3900
v 634.4943 161.4322 15812.3900
v 634.3777 161.5048 15812.3900
v 634.4163 161.4809 15812.3900
v 634.2986 161.5514 15812.3900
v 634.3376 161.5282 15812.3900
v 634.2186 161.5966 15812.3900
v 634.2580 161.5741 15812.3900
v 634.1379 161.6405 15812.3900
v 634.1777 161.6186 15812.3900
v 634.0564 161.6829 15812.3900
v 634.0966 161.6618 15812.3900
v 633.9742 161.7239 15812.3900
v 634.0147 161.7035 15812.3900
v 633.8912 161.7634 15812.3900
v 633.9321 161.7437 15812.3900
v 633.8076 161.8015 15812.3900
v 633.8489 161.7825 15812.3900
v 633.7234 161.8382 15812.3900
v 633.7650 161.8199 15812.3900
v 633.6385 161.8733 15812.3900
v 633.6804 161.8558 15812.3900
v 633.5530 161.9070 15812.3900
v 633.5952 161.8902 15812.3900
v 633.4670 161.9392 15812.3900
v 633.5095 161.9231 15812.3900
v 633.3804 161.9698 15812.3900
v 633.4231 161.9545 15812.3900
v 633.2933 161.9990 15812.3900
v 633.3362 161.9844 15812.3900
v 633.2056 162.0266 15812.3900
v 633.2489 162.0128 15812.3900
v 633.1176 162.0527 15812.3900
v 633.1610 162.0396 15812.3900
v 633.0291 162.0773 15812.3900
v 633.0728 162.0649 15812.3900
v 632.9401 162.1003 15812.3900
v 632.9840 162.0887 15812.3900
v 632.8508 162.1217 15812.3900
v 632.8948 162.1109 15812.3900
v 632.7610 162.1416 15812.3900
v 632.8054 162.1316 15812.3900
v 632.6710 162.1599 15812.3900
v 632.7155 162.1507 15812.3900
v 632.5807 162.1767 15812.3900
v 632.6253 162.1682 15812.3900
v 632.4901 162.1918 15812.3900
v 632.5349 162.1841 15812.3900
v 632.3992 162.2054 15812.3900
v 632.4441 162.1985 15812.3900
v 632.3082 162.2174 15812.3900
v 632.3531 162.2113 15812.3900
v 632.2169 162.2278 15812.3900
v 632.2620 162.2225 15812.3900
v 632.1254 162.2366 15812.3900
v 632.1706 162.2320 15812.3900
v 632.0338 162.2438 15812.3900
v 632.0791 162.2400 15812.3900
v 631.9421 162.2494 15812.3900
v 631.9874 162.2464 15812.3900
v 631.8503 162.2534 15812.3900
v 631.8957 162.2512 15812.3900
v 631.7585 162.2558 15812.3900
v 631.8039 162.2544 15812.3900
v 631.7120 162.2560 15812.3900
v 631.6666 162.2566 15886.0500
v 631.7585 162.2558 15886.0500
v 631.7131 162.2564 15886.0500
v 631.8503 162.2534 15886.0500
v 631.8050 162.2548 15886.0500
v 631.9421 162.2494 15886.0500
v 631.8968 162.2516 15886.0500
v 632.0338 162.2438 15886.0500
v 631.9885 162.2468 15886.0500
v 632.1254 162.2366 15886.0500
v 632.0802 162.2404 15886.0500
v 632.2169 162.2278 15886.0500
v 632.1717 162.2323 15886.0500
v 632.3082 162.2174 15886.0500
v 632.2631 162.2227 15886.0500
v 632.3992 162.2054 15886.0500
v 632.3542 162.2115 15886.0500
v 632.4901 162.1918 15886.0500
v 632.4452 162.1987 15886.0500
v 632.5807 162.1767 15886.0500
v 632.5359 162.1844 15886.0500
v 632.6710 162.1599 15886.0500
v 632.6264 162.1684 15886.0500
v 632.7610 162.1416 15886.0500
v 632.7166 162.1508 15886.0500
v 632.8508 162.1217 15886.0500
v 632.8065 162.1317 15886.0500
v 632.9401 162.1003 15886.0500
v 632.8960 162.1111 15886.0500
v 633.0291 162.0773 15886.0500
v 632.9851 162.0888 15886.0500
v 633.1176 162.0527 15886.0500
v 633.0739 162.0650 15886.0500
v 633.2056 162.0266 15886.0500
v 633.1622 162.0397 15886.0500
v 633.2933 161.9990 15886.0500
v 633.2500 162.0128 15886.0500
v 633.3804 161.9698 15886.0500
v 633.3374 161.9844 15886.0500
v 633.4670 161.9392 15886.0500
v 633.4243 161.9545 15886.0500
v 633.5530 161.9070 15886.0500
v 633.5106 161.9231 15886.0500
v 633.6385 161.8733 15886.0500
v 633.5963 161.8902 15886.0500
v 633.7234 161.8382 15886.0500
v 633.6815 161.8557 15886.0500
v 633.8076 161.8015 15886.0500
v 633.7661 161.8198 15886.0500
v 633.8912 161.7634 15886.0500
v 633.8500 161.7825 15886.0500
v 633.9742 161.7239 15886.0500
v 633.9333 161.7436 15886.0500
v 634.0564 161.6829 15886.0500
v 634.0158 161.7033 15886.0500
v 634.1379 161.6405 15886.0500
v 634.0977 161.6616 15886.0500
v 634.2186 161.5966 15886.0500
v 634.1788 161.6185 15886.0500
v 634.2986 161.5514 15886.0500
v 634.2592 161.5739 15886.0500
v 634.3777 161.5048 15886.0500
v 634.3387 161.5280 15886.0500
v 634.4561 161.4568 15886.0500
v 634.4174 161.4807 15886.0500
v 634.5335 161.4074 15886.0500
v 634.4954 161.4320 15886.0500
v 634.6102 161.3567 15886.0500
v 634.5724 161.3819 15886.0500
v 634.6859 161.3047 15886.0500
v 634.6486 161.3306 15886.0500
v 634.7606 161.2513 15886.0500
v 634.7238 161.2779 15886.0500
v 634.8345 161.1967 15886.0500
v 634.7981 161.2238 15886.0500
v 634.9074 161.1407 15886.0500
v 634.8715 161.1685 15886.0500
v 634.9793 161.0836 15886.0500
v 634.9438 161.1120 15886.0500
v 635.0502 161.0251 15886.0500
v 635.0153 161.0542 15886.0500
v 635.1201 160.9655 15886.0500
v 635.0856 160.9951 15886.0500
v 635.1888 160.9046 15886.0500
v 635.1550 160.9348 15886.0500
v 635.2566 160.8425 15886.0500
v 635.2232 160.8733 15886.0500
v 635.3232 160.7793 15886.0500
v 635.2904 160.8107 15886.0500
v 635.3887 160.7149 15886.0500
v 635.3565 160.7469 15886.0500
v 635.4531 160.6494 15886.0500
v 635.4214 160.6819 15886.0500
v 635.5164 160.5827 15886.0500
v 635.4852 160.6158 15886.0500
v 635.5784 160.5150 15886.0500
v 635.5479 160.5486 15886.0500
v 635.6393 160.4462 15886.0500
v 635.6094 160.4803 15886.0500
v 635.6990 160.3763 15886.0500
v 635.6696 160.4110 15886.0500
v 635.7574 160.3054 15886.0500
v 635.7287 160.3406 15886.0500
v 635.8146 160.2335 15886.0500
v 635.7865 160.2692 15886.0500
v 635.8705 160.1606 15886.0500
v 635.8430 160.1968 15886.0500
v 635.9252 160.0868 15886.0500
v 635.8983 160.1234 15886.0500
v 635.9785 160.0120 15886.0500
v 635.9523 160.0491 15886.0500
v 636.0306 159.9363 15886.0500
v 636.0050 159.9738 15886.0500
v 636.0812 159.8597 15886.0500
v 636.0564 159.8977 15886.0500
v 636.1306 159.7822 15886.0500
v 636.1064 159.8206 15886.0500
v 636.1786 159.7039 15886.0500
v 636.1551 159.7427 15886.0500
v 636.2253 159.6247 15886.0500
v 636.2024 159.6639 15886.0500
v 636.2705 159.5448 15886.0500
v 636.2483 159.5844 15886.0500
v 636.3143 159.4640 15886.0500
v 636.2928 159.5040 15886.0500
v 636.3568 159.3825 15886.0500
v 636.3359 159.4229 15886.0500
v 636.3978 159.3003 15886.0500
v 636.3777 159.3410 15886.0500
v 636.4373 159.2174 15886.0500
v 636.4179 159.2585 15886.0500
v 636.4754 159.1338 15886.0500
v 636.4567 159.1752 15886.0500
v 636.5120 159.0495 15886.0500
v 636.4941 159.0913 15886.0500
v 636.5472 158.9647 15886.0500
v 636.5300 159.0067 15886.0500
v 636.5809 158.8792 15886.0500
v 636.5644 158.9215 15886.0500
v 636.6130 158.7931 15886.0500
v 636.5973 158.8357 15886.0500
v 636.6437 158.7065 15886.0500
v 636.6287 158.7494 15886.0500
v 636.6729 158.6194 15886.0500
v 636.6586 158.6625 15886.0500
v 636.7004 158.5318 15886.0500
v 636.6870 158.5752 15886.0500
v 636.7266 158.4437 15886.0500
v 636.7139 158.4873 15886.0500
v 636.7511 158.3552 15886.0500
v 636.7392 158.3990 15886.0500
v 636.7741 158.2662 15886.0500
v 636.7629 158.3102 15886.0500
v 636.7955 158.1769 15886.0500
v 636.7852 158.2211 15886.0500
v 636.8154 158.0872 15886.0500
v 636.8058 158.1316 15886.0500
v 636.8337 157.9972 15886.0500
v 636.8249 158.0417 15886.0500
v 636.8505 157.9069 15886.0500
v 636.8424 157.9515 15886.0500
v 636.8657 157.8163 15886.0500
v 636.8584 157.8611 15886.0500
v 636.8793 157.7254 15886.0500
v 636.8727 157.7703 15886.0500
v 636.8912 157.6343 15886.0500
v 636.8855 157.6793 15886.0500
v 636.9016 157.5430 15886.0500
v 636.8967 157.5882 15886.0500
v 636.9105 157.4516 15886.0500
v 636.9063 157.4968 15886.0500
v 636.9177 157.3600 15886.0500
v 636.9143 157.4053 15886.0500
v 636.9233 157.2683 15886.0500
v 636.9207 157.3136 15886.0500
v 636.9272 157.1765 15886.0500
v 636.9255 157.2219 15886.0500
v 636.9297 157.0847 15886.0500
v 636.9287 157.1301 15886.0500
v 636.9305 156.9928 15886.0500
v 636.9303 157.0382 15886.0500
v 636.9297 156.9009 15886.0500
v 636.9302 156.9463 15886.0500
v 636.9272 156.8091 15886.0500
v 636.9286 156.8545 15886.0500
v 636.9233 156.7173 15886.0500
v 636.9254 156.7627 15886.0500
v 636.9177 156.6256 15886.0500
v 636.9206 156.6709 15886.0500
v 636.9105 156.5340 15886.0500
v 636.9142 156.5793 15886.0500
v 636.9016 156.4426 15886.0500
v 636.9062 156.4878 15886.0500
v 636.8912 156.3513 15886.0500
v 636.8965 156.3964 15886.0500
v 636.8793 156.2602 15886.0500
v 636.8854 156.3052 15886.0500
v 636.8657 156.1694 15886.0500
v 636.8726 156.2142 15886.0500
v 636.8505 156.0788 15886.0500
v 636.8582 156.1235 15886.0500
v 636.8337 155.9884 15886.0500
v 636.8422 156.0330 15886.0500
v 636.8154 155.8984 15886.0500
v 636.8247 155.9428 15886.0500
v 636.7955 155.8087 15886.0500
v 636.8056 155.8530 15886.0500
v 636.7741 155.7194 15886.0500
v 636.7849 155.7635 15886.0500
v 636.7511 155.6304 15886.0500
v 636.7627 155.6743 15886.0500
v 636.7266 155.5419 15886.0500
v 636.7389 155.5856 15886.0500
v 636.7004 155.4538 15886.0500
v 636.7136 155.4973 15886.0500
v 636.6729 155.3662 15886.0500
v 636.6867 155.4094 15886.0500
v 636.6437 155.2791 15886.0500
v 636.6583 155.3221 15886.0500
v 636.6130 155.1925 15886.0500
v 636.6284 155.2352 15886.0500
v 636.5809 155.1064 15886.0500
v 636.5969 155.1489 15886.0500
v 636.5472 155.0209 15886.0500
v 636.5640 155.0631 15886.0500
v 636.5120 154.9361 15886.0500
v 636.5296 154.9779 15886.0500
v 636.4754 154.8518 15886.0500
v 636.4937 154.8934 15886.0500
v 636.4373 154.7682 15886.0500
v 636.4563 154.8094 15886.0500
v 636.3978 154.6853 15886.0500
v 636.4175 154.7262 15886.0500
v 636.3568 154.6031 15886.0500
v 636.3772 154.6436 15886.0500
v 636.3143 154.5216 15886.0500
v 636.3354 154.5618 15886.0500
v 636.2705 154.4409 15886.0500
v 636.2924 154.4807 15886.0500
v 636.2253 154.3609 15886.0500
v 636.2478 154.4003 15886.0500
v 636.1786 154.2817 15886.0500
v 636.2018 154.3208 15886.0500
v 636.1306 154.2034 15886.0500
v 636.1545 154.2420 15886.0500
v 636.0812 154.1259 15886.0500
v 636.1058 154.1641 15886.0500
v 636.0306 154.0493 15886.0500
v 636.0558 154.0871 15886.0500
v 635.9785 153.9736 15886.0500
v 636.0044 154.0109 15886.0500
v 635.9252 153.8988 15886.0500
v 635.9517 153.9357 15886.0500
v 635.8705 153.8250 15886.0500
v 635.8977 153.8613 15886.0500
v 635.8146 153.7521 15886.0500
v 635.8424 153.7880 15886.0500
v 635.7574 153.6802 15886.0500
v 635.7858 153.7156 15886.0500
v 635.6990 153.6093 15886.0500
v 635.7280 153.6442 15886.0500
v 635.6393 153.5394 15886.0500
v 635.6689 153.5738 15886.0500
v 635.5784 153.4706 15886.0500
v 635.6086 153.5045 15886.0500
v 635.5164 153.4029 15886.0500
v 635.5472 153.4362 15886.0500
v 635.4531 153.3362 15886.0500
v 635.4845 153.3690 15886.0500
v 635.3887 153.2707 15886.0500
v 635.4207 153.3030 15886.0500
v 635.3232 153.2063 15886.0500
v 635.3557 153.2380 15886.0500
v 635.2566 153.1431 15886.0500
v 635.2896 153.1742 15886.0500
v 635.1888 153.0810 15886.0500
v 635.2225 153.1115 15886.0500
v 635.1201 153.0201 15886.0500
v 635.1542 153.0501 15886.0500
v 635.0502 152.9605 15886.0500
v 635.0848 152.9898 15886.0500
v 634.9793 152.9020 15886.0500
v 635.0145 152.9308 15886.0500
v 634.9074 152.8448 15886.0500
v 634.9431 152.8730 15886.0500
v 634.8345 152.7889 15886.0500
v 634.8707 152.8164 15886.0500
v 634.7606 152.7343 15886.0500
v 634.7972 152.7611 15886.0500
v 634.6859 152.6809 15886.0500
v 634.7230 152.7071 15886.0500
v 634.6102 152.6289 15886.0500
v 634.6476 152.6544 15886.0500
v 634.5335 152.5782 15886.0500
v 634.5715 152.6031 15886.0500
v 634.4561 152.5288 15886.0500
v 634.4944 152.5531 15886.0500
v 634.3777 152.4808 15886.0500
v 634.4166 152.5044 15886.0500
v 634.2986 152.4342 15886.0500
v 634.3378 152.4571 15886.0500
v 634.2186 152.3890 15886.0500
v 634.2582 152.4111 15886.0500
v 634.1379 152.3451 15886.0500
v 634.1779 152.3666 15886.0500
v 634.0564 152.3027 15886.0500
v 634.0967 152.3235 15886.0500
v 633.9742 152.2617 15886.0500
v 634.0149 152.2818 15886.0500
v 633.8912 152.2222 15886.0500
v 633.9323 152.2415 15886.0500
v 633.8076 152.1841 15886.0500
v 633.8491 152.2027 15886.0500
v 633.7234 152.1474 15886.0500
v 633.7651 152.1653 15886.0500
v 633.6385 152.1123 15886.0500
v 633.6805 152.1295 15886.0500
v 633.5530 152.0786 15886.0500
v 633.5953 152.0951 15886.0500
v 633.4670 152.0464 15886.0500
v 633.5096 152.0621 15886.0500
v 633.3804 152.0158 15886.0500
v 633.4232 152.0307 15886.0500
v 633.2933 151.9866 15886.0500
v 633.3364 152.0008 15886.0500
v 633.2056 151.9590 15886.0500
v 633.2490 151.9724 15886.0500
v 633.1176 151.9329 15886.0500
v 633.1611 151.9456 15886.0500
v 633.0291 151.9083 15886.0500
v 633.0728 151.9203 15886.0500
v 632.9401 151.8853 15886.0500
v 632.9841 151.8965 15886.0500
v 632.8508 151.8639 15886.0500
v 632.8950 151.8743 15886.0500
v 632.7610 151.8440 15886.0500
v 632.8054 151.8536 15886.0500
v 632.6710 151.8257 15886.0500
v 632.7156 151.8345 15886.0500
v 632.5807 151.8089 15886.0500
v 632.6254 151.8170 15886.0500
v 632.4901 151.7938 15886.0500
v 632.5349 151.8011 15886.0500
v 632.3992 151.7802 15886.0500
v 632.4442 151.7867 15886.0500
v 632.3082 151.7682 15886.0500
v 632.3532 151.7739 15886.0500
v 632.2169 151.7578 15886.0500
v 632.2620 151.7628 15886.0500
v 632.1254 151.7490 15886.0500
v 632.1707 151.7532 15886.0500
v 632.0338 151.7418 15886.0500
v 632.0791 151.7452 15886.0500
v 631.9421 151.7362 15886.0500
v 631.9875 151.7388 15886.0500
v 631.8503 151.7322 15886.0500
v 631.8958 151.7340 15886.0500
v 631.7585 151.7298 15886.0500
v 631.8039 151.7308 15886.0500
v 631.6666 151.7290 15886.0500
v 631.7120 151.7292 15886.0500
v 631.5748 151.7298 15886.0500
v 631.6202 151.7292 15886.0500
v 631.4830 151.7322 15886.0500
v 631.5283 151.7308 15886.0500
v 631.3912 151.7362 15886.0500
v 631.4365 151.7340 15886.0500
v 631.2994 151.7418 15886.0500
v 631.3448 151.7388 15886.0500
v 631.2079 151.7490 15886.0500
v 631.2531 151.7453 15886.0500
v 631.1165 151.7578 15886.0500
v 631.1616 151.7533 15886.0500
v 631.0251 151.7682 15886.0500
v 631.0703 151.7629 15886.0500
v 630.9341 151.7802 15886.0500
v 630.9791 151.7741 15886.0500
v 630.8432 151.7938 15886.0500
v 630.8881 151.7869 15886.0500
v 630.7526 151.8089 15886.0500
v 630.7974 151.8013 15886.0500
v 630.6623 151.8257 15886.0500
v 630.7068 151.8172 15886.0500
v 630.5723 151.8440 15886.0500
v 630.6167 151.8348 15886.0500
v 630.4825 151.8639 15886.0500
v 630.5269 151.8539 15886.0500
v 630.3932 151.8853 15886.0500
v 630.4373 151.8745 15886.0500
v 630.3043 151.9083 15886.0500
v 630.3482 151.8968 15886.0500
v 630.2158 151.9329 15886.0500
v 630.2595 151.9206 15886.0500
v 630.1276 151.9590 15886.0500
v 630.1711 151.9459 15886.0500
v 630.0400 151.9866 15886.0500
v 630.0833 151.9728 15886.0500
v 629.9529 152.0158 15886.0500
v 629.9959 152.0012 15886.0500
v 629.8663 152.0464 15886.0500
v 629.9091 152.0311 15886.0500
v 629.7803 152.0786 15886.0500
v 629.8227 152.0625 15886.0500
v 629.6948 152.1123 15886.0500
v 629.7369 152.0954 15886.0500
v 629.6099 152.1474 15886.0500
v 629.6518 152.1299 15886.0500
v 629.5256 152.1841 15886.0500
v 629.5672 152.1658 15886.0500
v 629.4421 152.2222 15886.0500
v 629.4833 152.2032 15886.0500
v 629.3591 152.2617 15886.0500
v 629.4000 152.2420 15886.0500
v 629.2769 152.3027 15886.0500
v 629.3174 152.2823 15886.0500
v 629.1954 152.3451 15886.0500
v 629.2356 152.3240 15886.0500
v 629.1147 152.3890 15886.0500
v 629.1545 152.3671 15886.0500
v 629.0347 152.4342 15886.0500
v 629.0742 152.4117 15886.0500
v 628.9556 152.4808 15886.0500
v 628.9946 152.4576 15886.0500
v 628.8773 152.5288 15886.0500
v 628.9158 152.5049 15886.0500
v 628.7997 152.5782 15886.0500
v 628.8380 152.5536 15886.0500
v 628.7231 152.6289 15886.0500
v 628.7609 152.6037 15886.0500
v 628.6475 152.6809 15886.0500
v 628.6848 152.6550 15886.0500
v 628.5726 152.7343 15886.0500
v 628.6095 152.7077 15886.0500
v 628.4988 152.7889 15886.0500
v 628.5352 152.7618 15886.0500
v 628.4259 152.8448 15886.0500
v 628.4618 152.8170 15886.0500
v 628.3540 152.9020 15886.0500
v 628.3894 152.8736 15886.0500
v 628.2831 152.9605 15886.0500
v 628.3181 152.9314 15886.0500
v 628.2133 153.0201 15886.0500
v 628.2477 152.9905 15886.0500
v 628.1445 153.0810 15886.0500
v 628.1783 153.0508 15886.0500
v 628.0767 153.1431 15886.0500
v 628.1100 153.1123 15886.0500
v 628.0101 153.2063 15886.0500
v 628.0429 153.1749 15886.0500
v 627.9446 153.2707 15886.0500
v 627.9768 153.2388 15886.0500
v 627.8802 153.3362 15886.0500
v 627.9119 153.3037 15886.0500
v 627.8170 153.4029 15886.0500
v 627.8480 153.3698 15886.0500
v 627.7549 153.4706 15886.0500
v 627.7854 153.4370 15886.0500
v 627.6940 153.5394 15886.0500
v 627.7239 153.5053 15886.0500
v 627.6343 153.6093 15886.0500
v 627.6636 153.5746 15886.0500
v 627.5759 153.6802 15886.0500
v 627.6046 153.6450 15886.0500
v 627.5187 153.7521 15886.0500
v 627.5468 153.7164 15886.0500
v 627.4628 153.8250 15886.0500
v 627.4902 153.7888 15886.0500
v 627.4081 153.8988 15886.0500
v 627.4350 153.8622 15886.0500
v 627.3548 153.9736 15886.0500
v 627.3810 153.9365 15886.0500
v 627.3027 154.0493 15886.0500
v 627.3283 154.0118 15886.0500
v 627.2520 154.1259 15886.0500
v 627.2769 154.0880 15886.0500
v 627.2027 154.2034 15886.0500
v 627.2269 154.1650 15886.0500
v 627.1547 154.2817 15886.0500
v 627.1782 154.2429 15886.0500
v 627.1080 154.3609 15886.0500
v 627.1309 154.3217 15886.0500
v 627.0628 154.4409 15886.0500
v 627.0850 154.4012 15886.0500
v 627.0190 154.5216 15886.0500
v 627.0405 154.4816 15886.0500
v 626.9766 154.6031 15886.0500
v 626.9973 154.5627 15886.0500
v 626.9355 154.6853 15886.0500
v 626.9556 154.6446 15886.0500
v 626.8960 154.7682 15886.0500
v 626.9153 154.7271 15886.0500
v 626.8579 154.8518 15886.0500
v 626.8765 154.8104 15886.0500
v 626.8213 154.9361 15886.0500
v 626.8392 154.8943 15886.0500
v 626.7861 155.0209 15886.0500
v 626.8033 154.9789 15886.0500
v 626.7524 155.1064 15886.0500
v 626.7689 155.0641 15886.0500
v 626.7203 155.1925 15886.0500
v 626.7360 155.1499 15886.0500
v 626.6896 155.2791 15886.0500
v 626.7046 155.2362 15886.0500
v 626.6605 155.3662 15886.0500
v 626.6747 155.3231 15886.0500
v 626.6328 155.4538 15886.0500
v 626.6463 155.4104 15886.0500
v 626.6068 155.5419 15886.0500
v 626.6194 155.4983 15886.0500
v 626.5822 155.6304 15886.0500
v 626.5941 155.5866 15886.0500
v 626.5592 155.7194 15886.0500
v 626.5704 155.6754 15886.0500
v 626.5377 155.8087 15886.0500
v 626.5482 155.7645 15886.0500
v 626.5178 155.8984 15886.0500
v 626.5275 155.8540 15886.0500
v 626.4995 155.9884 15886.0500
v 626.5084 155.9439 15886.0500
v 626.4828 156.0788 15886.0500
v 626.4908 156.0341 15886.0500
v 626.4677 156.1694 15886.0500
v 626.4749 156.1245 15886.0500
v 626.4540 156.2602 15886.0500
v 626.4606 156.2153 15886.0500
v 626.4421 156.3513 15886.0500
v 626.4478 156.3063 15886.0500
v 626.4316 156.4426 15886.0500
v 626.4366 156.3974 15886.0500
v 626.4229 156.5340 15886.0500
v 626.4270 156.4888 15886.0500
v 626.4156 156.6256 15886.0500
v 626.4190 156.5803 15886.0500
v 626.4100 156.7173 15886.0500
v 626.4126 156.6720 15886.0500
v 626.4060 156.8091 15886.0500
v 626.4078 156.7637 15886.0500
v 626.4036 156.9009 15886.0500
v 626.4046 156.8555 15886.0500
v 626.4028 156.9928 15886.0500
v 626.4030 156.9474 15886.0500
v 626.4036 157.0847 15886.0500
v 626.4030 157.0393 15886.0500
v 626.4060 157.1765 15886.0500
v 626.4047 157.1311 15886.0500
v 626.4100 157.2683 15886.0500
v 626.4078 157.2229 15886.0500
v 626.4156 157.3600 15886.0500
v 626.4127 157.3147 15886.0500
v 626.4229 157.4516 15886.0500
v 626.4191 157.4063 15886.0500
v 626.4316 157.5430 15886.0500
v 626.4271 157.4978 15886.0500
v 626.4421 157.6343 15886.0500
v 626.4367 157.5892 15886.0500
v 626.4540 157.7254 15886.0500
v 626.4479 157.6804 15886.0500
v 626.4677 157.8163 15886.0500
v 626.4607 157.7714 15886.0500
v 626.4828 157.9069 15886.0500
v 626.4751 157.8621 15886.0500
v 626.4995 157.9972 15886.0500
v 626.4911 157.9526 15886.0500
v 626.5178 158.0872 15886.0500
v 626.5086 158.0428 15886.0500
v 626.5377 158.1769 15886.0500
v 626.5277 158.1326 15886.0500
v 626.5592 158.2662 15886.0500
v 626.5484 158.2221 15886.0500
v 626.5822 158.3552 15886.0500
v 626.5706 158.3113 15886.0500
v 626.6068 158.4437 15886.0500
v 626.5944 158.4000 15886.0500
v 626.6328 158.5318 15886.0500
v 626.6198 158.4883 15886.0500
v 626.6605 158.6194 15886.0500
v 626.6466 158.5762 15886.0500
v 626.6896 158.7065 15886.0500
v 626.6750 158.6635 15886.0500
v 626.7203 158.7931 15886.0500
v 626.7050 158.7504 15886.0500
v 626.7524 158.8792 15886.0500
v 626.7363 158.8367 15886.0500
v 626.7861 158.9647 15886.0500
v 626.7693 158.9225 15886.0500
v 626.8213 159.0495 15886.0500
v 626.8037 159.0077 15886.0500
v 626.8579 159.1338 15886.0500
v 626.8396 159.0922 15886.0500
v 626.8960 159.2174 15886.0500
v 626.8770 159.1762 15886.0500
v 626.9355 159.3003 15886.0500
v 626.9158 159.2594 15886.0500
v 626.9766 159.3825 15886.0500
v 626.9561 159.3420 15886.0500
v 627.0190 159.4640 15886.0500
v 626.9978 159.4238 15886.0500
v 627.0628 159.5448 15886.0500
v 627.0410 159.5049 15886.0500
v 627.1080 159.6247 15886.0500
v 627.0855 159.5853 15886.0500
v 627.1547 159.7039 15886.0500
v 627.1315 159.6649 15886.0500
v 627.2027 159.7822 15886.0500
v 627.1788 159.7436 15886.0500
v 627.2520 159.8597 15886.0500
v 627.2275 159.8215 15886.0500
v 627.3027 159.9363 15886.0500
v 627.2775 159.8985 15886.0500
v 627.3548 160.0120 15886.0500
v 627.3289 159.9747 15886.0500
v 627.4081 160.0868 15886.0500
v 627.3816 160.0500 15886.0500
v 627.4628 160.1606 15886.0500
v 627.4356 160.1243 15886.0500
v 627.5187 160.2335 15886.0500
v 627.4909 160.1976 15886.0500
v 627.5759 160.3054 15886.0500
v 627.5475 160.2700 15886.0500
v 627.6343 160.3763 15886.0500
v 627.6053 160.3414 15886.0500
v 627.6940 160.4462 15886.0500
v 627.6644 160.4118 15886.0500
v 627.7549 160.5150 15886.0500
v 627.7246 160.4811 15886.0500
v 627.8170 160.5827 15886.0500
v 627.7861 160.5494 15886.0500
v 627.8802 160.6494 15886.0500
v 627.8488 160.6166 15886.0500
v 627.9446 160.7149 15886.0500
v 627.9126 160.6826 15886.0500
v 628.0101 160.7793 15886.0500
v 627.9775 160.7476 15886.0500
v 628.0767 160.8425 15886.0500
v 628.0436 160.8114 15886.0500
v 628.1445 160.9046 15886.0500
v 628.1108 160.8741 15886.0500
v 628.2133 160.9655 15886.0500
v 628.1791 160.9355 15886.0500
v 628.2831 161.0251 15886.0500
v 628.2485 160.9958 15886.0500
v 628.3540 161.0836 15886.0500
v 628.3188 161.0548 15886.0500
v 628.4259 161.1407 15886.0500
v 628.3903 161.1126 15886.0500
v 628.4988 161.1967 15886.0500
v 628.4626 161.1692 15886.0500
v 628.5726 161.2513 15886.0500
v 628.5360 161.2245 15886.0500
v 628.6475 161.3047 15886.0500
v 628.6104 161.2785 15886.0500
v 628.7231 161.3567 15886.0500
v 628.6856 161.3312 15886.0500
v 628.7997 161.4074 15886.0500
v 628.7618 161.3825 15886.0500
v 628.8773 161.4568 15886.0500
v 628.8389 161.4326 15886.0500
v 628.9556 161.5048 15886.0500
v 628.9167 161.4812 15886.0500
v 629.0347 161.5514 15886.0500
v 628.9955 161.5285 15886.0500
v 629.1147 161.5966 15886.0500
v 629.0751 161.5745 15886.0500
v 629.1954 161.6405 15886.0500
v 629.1555 161.6190 15886.0500
v 629.2769 161.6829 15886.0500
v 629.2366 161.6621 15886.0500
v 629.3591 161.7239 15886.0500
v 629.3184 161.7038 15886.0500
v 629.4421 161.7634 15886.0500
v 629.4010 161.7441 15886.0500
v 629.5256 161.8015 15886.0500
v 629.4843 161.7829 15886.0500
v 629.6099 161.8382 15886.0500
v 629.5682 161.8203 15886.0500
v 629.6948 161.8733 15886.0500
v 629.6528 161.8561 15886.0500
v 629.7803 161.9070 15886.0500
v 629.7379 161.8905 15886.0500
v 629.8663 161.9392 15886.0500
v 629.8237 161.9235 15886.0500
v 629.9529 161.9698 15886.0500
v 629.9100 161.9549 15886.0500
v 630.0400 161.9990 15886.0500
v 629.9969 161.9848 15886.0500
v 630.1276 162.0266 15886.0500
v 630.0843 162.0132 15886.0500
v 630.2158 162.0527 15886.0500
v 630.1721 162.0400 15886.0500
v 630.3043 162.0773 15886.0500
v 630.2604 162.0653 15886.0500
v 630.3932 162.1003 15886.0500
v 630.3492 162.0891 15886.0500
v 630.4825 162.1217 15886.0500
v 630.4384 162.1113 15886.0500
v 630.5723 162.1416 15886.0500
v 630.5279 162.1320 15886.0500
v 630.6623 162.1599 15886.0500
v 630.6177 162.1511 15886.0500
v 630.7526 162.1767 15886.0500
v 630.7079 162.1686 15886.0500
v 630.8432 162.1918 15886.0500
v 630.7984 162.1845 15886.0500
v 630.9341 162.2054 15886.0500
v 630.8891 162.1989 15886.0500
v 631.0251 162.2174 15886.0500
v 630.9801 162.2117 15886.0500
v 631.1165 162.2278 15886.0500
v 631.0713 162.2229 15886.0500
v 631.2079 162.2366 15886.0500
v 631.1627 162.2324 15886.0500
v 631.2994 162.2438 15886.0500
v 631.2542 162.2404 15886.0500
v 631.3912 162.2494 15886.0500
v 631.3458 162.2468 15886.0500
v 631.4830 162.2534 15886.0500
v 631.4376 162.2516 15886.0500
v 631.5748 162.2558 15886.0500
v 631.5294 162.2548 15886.0500
v 631.6212 162.2564 15886.0500
v 631.6666 162.2566 15849.8100
v 635.3887 160.7149 15849.8100
v 636.9305 156.9928 15849.8100
v 635.3887 153.2707 15849.8100
v 631.6666 151.7290 15849.8100
v 627.9446 153.2707 15849.8100
v 626.4028 156.9928 15849.8100
v 627.9446 160.7149 15849.8100
v 157.9225 636.0007 15886.0500
v 158.0144 635.9999 15886.0500
v 157.9690 636.0005 15886.0500
v 158.1062 635.9976 15886.0500
v 158.0609 635.9990 15886.0500
v 158.1980 635.9935 15886.0500
v 158.1527 635.9957 15886.0500
v 158.2897 635.9879 15886.0500
v 158.2444 635.9909 15886.0500
v 158.3813 635.9807 15886.0500
v 158.3360 635.9845 15886.0500
v 158.4727 635.9719 15886.0500
v 158.4276 635.9764 15886.0500
v 158.5640 635.9615 15886.0500
v 158.5189 635.9669 15886.0500
v 158.6551 635.9495 15886.0500
v 158.6101 635.9556 15886.0500
v 158.7460 635.9360 15886.0500
v 158.7011 635.9429 15886.0500
v 158.8366 635.9208 15886.0500
v 158.7918 635.9285 15886.0500
v 158.9269 635.9041 15886.0500
v 158.8823 635.9125 15886.0500
v 159.0169 635.8857 15886.0500
v 158.9725 635.8950 15886.0500
v 159.1066 635.8658 15886.0500
v 159.0623 635.8759 15886.0500
v 159.1960 635.8444 15886.0500
v 159.1519 635.8552 15886.0500
v 159.2849 635.8214 15886.0500
v 159.2410 635.8329 15886.0500
v 159.3734 635.7968 15886.0500
v 159.3297 635.8091 15886.0500
v 159.4615 635.7708 15886.0500
v 159.4180 635.7838 15886.0500
v 159.5491 635.7431 15886.0500
v 159.5059 635.7570 15886.0500
v 159.6363 635.7140 15886.0500
v 159.5933 635.7286 15886.0500
v 159.7229 635.6833 15886.0500
v 159.6801 635.6987 15886.0500
v 159.8089 635.6511 15886.0500
v 159.7664 635.6672 15886.0500
v 159.8944 635.6174 15886.0500
v 159.8522 635.6343 15886.0500
v 159.9793 635.5823 15886.0500
v 159.9374 635.5999 15886.0500
v 160.0635 635.5457 15886.0500
v 160.0220 635.5640 15886.0500
v 160.1471 635.5076 15886.0500
v 160.1059 635.5266 15886.0500
v 160.2300 635.4680 15886.0500
v 160.1891 635.4877 15886.0500
v 160.3123 635.4270 15886.0500
v 160.2717 635.4474 15886.0500
v 160.3937 635.3846 15886.0500
v 160.3536 635.4058 15886.0500
v 160.4745 635.3408 15886.0500
v 160.4347 635.3626 15886.0500
v 160.5544 635.2955 15886.0500
v 160.5150 635.3181 15886.0500
v 160.6336 635.2489 15886.0500
v 160.5946 635.2721 15886.0500
v 160.7119 635.2009 15886.0500
v 160.6733 635.2248 15886.0500
v 160.7894 635.1516 15886.0500
v 160.7512 635.1761 15886.0500
v 160.8660 635.1008 15886.0500
v 160.8283 635.1260 15886.0500
v 160.9417 635.0488 15886.0500
v 160.9044 635.0747 15886.0500
v 161.0165 634.9954 15886.0500
v 160.9797 635.0220 15886.0500
v 161.0904 634.9408 15886.0500
v 161.0540 634.9680 15886.0500
v 161.1633 634.8849 15886.0500
v 161.1274 634.9127 15886.0500
v 161.2352 634.8277 15886.0500
v 161.1998 634.8561 15886.0500
v 161.3060 634.7692 15886.0500
v 161.2711 634.7983 15886.0500
v 161.3759 634.7096 15886.0500
v 161.3415 634.7392 15886.0500
v 161.4447 634.6487 15886.0500
v 161.4108 634.6790 15886.0500
v 161.5124 634.5867 15886.0500
v 161.4791 634.6175 15886.0500
v 161.5791 634.5234 15886.0500
v 161.5463 634.5548 15886.0500
v 161.6446 634.4590 15886.0500
v 161.6124 634.4910 15886.0500
v 161.7090 634.3935 15886.0500
v 161.6773 634.4260 15886.0500
v 161.7722 634.3268 15886.0500
v 161.7411 634.3599 15886.0500
v 161.8343 634.2591 15886.0500
v 161.8038 634.2927 15886.0500
v 161.8952 634.1903 15886.0500
v 161.8652 634.2244 15886.0500
v 161.9548 634.1204 15886.0500
v 161.9255 634.1551 15886.0500
v 162.0133 634.0496 15886.0500
v 161.9846 634.0847 15886.0500
v 162.0705 633.9777 15886.0500
v 162.0424 634.0133 15886.0500
v 162.1264 633.9048 15886.0500
v 162.0989 633.9409 15886.0500
v 162.1810 633.8309 15886.0500
v 162.1542 633.8676 15886.0500
v 162.2344 633.7561 15886.0500
v 162.2082 633.7932 15886.0500
v 162.2864 633.6804 15886.0500
v 162.2609 633.7180 15886.0500
v 162.3371 633.6038 15886.0500
v 162.3122 633.6418 15886.0500
v 162.3865 633.5263 15886.0500
v 162.3623 633.5648 15886.0500
v 162.4345 633.4480 15886.0500
v 162.4109 633.4868 15886.0500
v 162.4811 633.3688 15886.0500
v 162.4583 633.4081 15886.0500
v 162.5264 633.2889 15886.0500
v 162.5042 633.3285 15886.0500
v 162.5702 633.2081 15886.0500
v 162.5487 633.2482 15886.0500
v 162.6126 633.1266 15886.0500
v 162.5918 633.1670 15886.0500
v 162.6536 633.0444 15886.0500
v 162.6335 633.0851 15886.0500
v 162.6932 632.9615 15886.0500
v 162.6738 633.0026 15886.0500
v 162.7313 632.8779 15886.0500
v 162.7126 632.9193 15886.0500
v 162.7679 632.7936 15886.0500
v 162.7500 632.8354 15886.0500
v 162.8031 632.7088 15886.0500
v 162.7859 632.7508 15886.0500
v 162.8367 632.6233 15886.0500
v 162.8203 632.6656 15886.0500
v 162.8689 632.5372 15886.0500
v 162.8532 632.5798 15886.0500
v 162.8996 632.4507 15886.0500
v 162.8846 632.4935 15886.0500
v 162.9287 632.3635 15886.0500
v 162.9145 632.4067 15886.0500
v 162.9563 632.2759 15886.0500
v 162.9429 632.3193 15886.0500
v 162.9824 632.1878 15886.0500
v 162.9697 632.2314 15886.0500
v 163.0070 632.0993 15886.0500
v 162.9950 632.1431 15886.0500
v 163.0300 632.0104 15886.0500
v 163.0188 632.0544 15886.0500
v 163.0514 631.9210 15886.0500
v 163.0410 631.9652 15886.0500
v 163.0713 631.8314 15886.0500
v 163.0617 631.8757 15886.0500
v 163.0896 631.7413 15886.0500
v 163.0808 631.7858 15886.0500
v 163.1064 631.6510 15886.0500
v 163.0983 631.6957 15886.0500
v 163.1215 631.5604 15886.0500
v 163.1142 631.6052 15886.0500
v 163.1351 631.4695 15886.0500
v 163.1286 631.5145 15886.0500
v 163.1471 631.3784 15886.0500
v 163.1414 631.4235 15886.0500
v 163.1575 631.2872 15886.0500
v 163.1526 631.3323 15886.0500
v 163.1663 631.1957 15886.0500
v 163.1622 631.2409 15886.0500
v 163.1735 631.1041 15886.0500
v 163.1702 631.1494 15886.0500
v 163.1791 631.0124 15886.0500
v 163.1766 631.0577 15886.0500
v 163.1831 630.9207 15886.0500
v 163.1814 630.9660 15886.0500
v 163.1855 630.8288 15886.0500
v 163.1846 630.8742 15886.0500
v 163.1863 630.7369 15886.0500
v 163.1862 630.7823 15886.0500
v 163.1855 630.6451 15886.0500
v 163.1861 630.6905 15886.0500
v 163.1831 630.5532 15886.0500
v 163.1845 630.5986 15886.0500
v 163.1791 630.4614 15886.0500
v 163.1813 630.5068 15886.0500
v 163.1735 630.3698 15886.0500
v 163.1765 630.4150 15886.0500
v 163.1663 630.2781 15886.0500
v 163.1701 630.3234 15886.0500
v 163.1575 630.1867 15886.0500
v 163.1621 630.2319 15886.0500
v 163.1471 630.0954 15886.0500
v 163.1525 630.1405 15886.0500
v 163.1351 630.0043 15886.0500
v 163.1413 630.0493 15886.0500
v 163.1215 629.9135 15886.0500
v 163.1284 629.9584 15886.0500
v 163.1064 629.8229 15886.0500
v 163.1141 629.8676 15886.0500
v 163.0896 629.7325 15886.0500
v 163.0981 629.7772 15886.0500
v 163.0713 629.6425 15886.0500
v 163.0806 629.6870 15886.0500
v 163.0514 629.5528 15886.0500
v 163.0615 629.5971 15886.0500
v 163.0300 629.4635 15886.0500
v 163.0408 629.5076 15886.0500
v 163.0070 629.3746 15886.0500
v 163.0186 629.4185 15886.0500
v 162.9824 629.2860 15886.0500
v 162.9948 629.3297 15886.0500
v 162.9563 629.1979 15886.0500
v 162.9694 629.2414 15886.0500
v 162.9287 629.1103 15886.0500
v 162.9426 629.1536 15886.0500
v 162.8996 629.0232 15886.0500
v 162.9142 629.0662 15886.0500
v 162.8689 628.9366 15886.0500
v 162.8842 628.9793 15886.0500
v 162.8367 628.8505 15886.0500
v 162.8528 628.8930 15886.0500
v 162.8031 628.7651 15886.0500
v 162.8199 628.8073 15886.0500
v 162.7679 628.6802 15886.0500
v 162.7855 628.7220 15886.0500
v 162.7313 628.5959 15886.0500
v 162.7496 628.6375 15886.0500
v 162.6932 628.5123 15886.0500
v 162.7122 628.5536 15886.0500
v 162.6536 628.4294 15886.0500
v 162.6733 628.4703 15886.0500
v 162.6126 628.3472 15886.0500
v 162.6331 628.3878 15886.0500
v 162.5702 628.2657 15886.0500
v 162.5914 628.3059 15886.0500
v 162.5264 628.1850 15886.0500
v 162.5482 628.2248 15886.0500
v 162.4811 628.1050 15886.0500
v 162.5037 628.1444 15886.0500
v 162.4345 628.0259 15886.0500
v 162.4577 628.0649 15886.0500
v 162.3865 627.9475 15886.0500
v 162.4104 627.9861 15886.0500
v 162.3371 627.8701 15886.0500
v 162.3617 627.9082 15886.0500
v 162.2864 627.7935 15886.0500
v 162.3117 627.8312 15886.0500
v 162.2344 627.7177 15886.0500
v 162.2603 627.7550 15886.0500
v 162.1810 627.6429 15886.0500
v 162.2076 627.6797 15886.0500
v 162.1264 627.5691 15886.0500
v 162.1536 627.6055 15886.0500
v 162.0705 627.4962 15886.0500
v 162.0983 627.5321 15886.0500
v 162.0133 627.4243 15886.0500
v 162.0417 627.4597 15886.0500
v 161.9548 627.3534 15886.0500
v 161.9839 627.3883 15886.0500
v 161.8952 627.2836 15886.0500
v 161.9248 627.3179 15886.0500
v 161.8343 627.2147 15886.0500
v 161.8645 627.2486 15886.0500
v 161.7722 627.1470 15886.0500
v 161.8031 627.1804 15886.0500
v 161.7090 627.0804 15886.0500
v 161.7404 627.1132 15886.0500
v 161.6446 627.0148 15886.0500
v 161.6766 627.0471 15886.0500
v 161.5791 626.9504 15886.0500
v 161.6116 626.9821 15886.0500
v 161.5124 626.8872 15886.0500
v 161.5455 626.9183 15886.0500
v 161.4447 626.8251 15886.0500
v 161.4783 626.8557 15886.0500
v 161.3759 626.7643 15886.0500
v 161.4100 626.7942 15886.0500
v 161.3060 626.7046 15886.0500
v 161.3407 626.7339 15886.0500
v 161.2352 626.6462 15886.0500
v 161.2703 626.6749 15886.0500
v 161.1633 626.5890 15886.0500
v 161.1989 626.6171 15886.0500
v 161.0904 626.5330 15886.0500
v 161.1265 626.5605 15886.0500
v 161.0165 626.4784 15886.0500
v 161.0531 626.5052 15886.0500
v 160.9417 626.4250 15886.0500
v 160.9788 626.4512 15886.0500
v 160.8660 626.3730 15886.0500
v 160.9035 626.3986 15886.0500
v 160.7894 626.3223 15886.0500
v 160.8274 626.3472 15886.0500
v 160.7119 626.2729 15886.0500
v 160.7503 626.2972 15886.0500
v 160.6336 626.2250 15886.0500
v 160.6724 626.2485 15886.0500
v 160.5544 626.1783 15886.0500
v 160.5937 626.2012 15886.0500
v 160.4745 626.1331 15886.0500
v 160.5141 626.1553 15886.0500
v 160.3937 626.0892 15886.0500
v 160.4337 626.1107 15886.0500
v 160.3123 626.0468 15886.0500
v 160.3526 626.0676 15886.0500
v 160.2300 626.0059 15886.0500
v 160.2708 626.0259 15886.0500
v 160.1471 625.9663 15886.0500
v 160.1882 625.9857 15886.0500
v 160.0635 625.9282 15886.0500
v 160.1049 625.9468 15886.0500
v 159.9793 625.8915 15886.0500
v 160.0210 625.9095 15886.0500
v 159.8944 625.8564 15886.0500
v 159.9364 625.8736 15886.0500
v 159.8089 625.8228 15886.0500
v 159.8512 625.8392 15886.0500
v 159.7229 625.7905 15886.0500
v 159.7655 625.8063 15886.0500
v 159.6363 625.7599 15886.0500
v 159.6791 625.7748 15886.0500
v 159.5491 625.7307 15886.0500
v 159.5923 625.7449 15886.0500
v 159.4615 625.7031 15886.0500
v 159.5049 625.7166 15886.0500
v 159.3734 625.6770 15886.0500
v 159.4170 625.6897 15886.0500
v 159.2849 625.6525 15886.0500
v 159.3287 625.6644 15886.0500
v 159.1960 625.6295 15886.0500
v 159.2400 625.6406 15886.0500
v 159.1066 625.6080 15886.0500
v 159.1508 625.6184 15886.0500
v 159.0169 625.5881 15886.0500
v 159.0613 625.5978 15886.0500
v 158.9269 625.5698 15886.0500
v 158.9714 625.5787 15886.0500
v 158.8366 625.5531 15886.0500
v 158.8813 625.5612 15886.0500
v 158.7460 625.5379 15886.0500
v 158.7908 625.5452 15886.0500
v 158.6551 625.5244 15886.0500
v 158.7000 625.5308 15886.0500
v 158.5640 625.5123 15886.0500
v 158.6091 625.5181 15886.0500
v 158.4727 625.5020 15886.0500
v 158.5179 625.5069 15886.0500
v 158.3813 625.4931 15886.0500
v 158.4265 625.4973 15886.0500
v 158.2897 625.4859 15886.0500
v 158.3350 625.4893 15886.0500
v 158.1980 625.4803 15886.0500
v 158.2433 625.4829 15886.0500
v 158.1062 625.4763 15886.0500
v 158.1516 625.4781 15886.0500
v 158.0144 625.4739 15886.0500
v 158.0598 625.4749 15886.0500
v 157.9225 625.4731 15886.0500
v 157.9679 625.4733 15886.0500
v 157.8307 625.4739 15886.0500
v 157.8761 625.4733 15886.0500
v 157.7388 625.4763 15886.0500
v 157.7842 625.4749 15886.0500
v 157.6470 625.4803 15886.0500
v 157.6924 625.4781 15886.0500
v 157.5553 625.4859 15886.0500
v 157.6006 625.4830 15886.0500
v 157.4637 625.4931 15886.0500
v 157.5090 625.4894 15886.0500
v 157.3723 625.5020 15886.0500
v 157.4175 625.4974 15886.0500
v 157.2810 625.5123 15886.0500
v 157.3261 625.5070 15886.0500
v 157.1899 625.5244 15886.0500
v 157.2349 625.5182 15886.0500
v 157.0991 625.5379 15886.0500
v 157.1440 625.5310 15886.0500
v 157.0085 625.5531 15886.0500
v 157.0532 625.5454 15886.0500
v 156.9181 625.5698 15886.0500
v 156.9628 625.5613 15886.0500
v 156.8281 625.5881 15886.0500
v 156.8726 625.5789 15886.0500
v 156.7384 625.6080 15886.0500
v 156.7827 625.5980 15886.0500
v 156.6491 625.6295 15886.0500
v 156.6932 625.6187 15886.0500
v 156.5602 625.6525 15886.0500
v 156.6040 625.6409 15886.0500
v 156.4716 625.6770 15886.0500
v 156.5153 625.6647 15886.0500
v 156.3835 625.7031 15886.0500
v 156.4270 625.6900 15886.0500
v 156.2959 625.7307 15886.0500
v 156.3392 625.7169 15886.0500
v 156.2088 625.7599 15886.0500
v 156.2518 625.7453 15886.0500
v 156.1222 625.7905 15886.0500
v 156.1649 625.7752 15886.0500
v 156.0361 625.8228 15886.0500
v 156.0786 625.8066 15886.0500
v 155.9507 625.8564 15886.0500
v 155.9928 625.8395 15886.0500
v 155.8658 625.8915 15886.0500
v 155.9077 625.8740 15886.0500
v 155.7815 625.9282 15886.0500
v 155.8231 625.9099 15886.0500
v 155.6979 625.9663 15886.0500
v 155.7392 625.9473 15886.0500
v 155.6150 626.0059 15886.0500
v 155.6559 625.9861 15886.0500
v 155.5328 626.0468 15886.0500
v 155.5733 626.0264 15886.0500
v 155.4513 626.0892 15886.0500
v 155.4915 626.0681 15886.0500
v 155.3706 626.1331 15886.0500
v 155.4104 626.1113 15886.0500
v 155.2906 626.1783 15886.0500
v 155.3300 626.1558 15886.0500
v 155.2115 626.2250 15886.0500
v 155.2505 626.2017 15886.0500
v 155.1331 626.2729 15886.0500
v 155.1717 626.2491 15886.0500
v 155.0556 626.3223 15886.0500
v 155.0938 626.2977 15886.0500
v 154.9790 626.3730 15886.0500
v 155.0168 626.3478 15886.0500
v 154.9033 626.4250 15886.0500
v 154.9406 626.3992 15886.0500
v 154.8285 626.4784 15886.0500
v 154.8654 626.4519 15886.0500
v 154.7547 626.5330 15886.0500
v 154.7911 626.5059 15886.0500
v 154.6818 626.5890 15886.0500
v 154.7177 626.5612 15886.0500
v 154.6099 626.6462 15886.0500
v 154.6453 626.6177 15886.0500
v 154.5390 626.7046 15886.0500
v 154.5739 626.6756 15886.0500
v 154.4691 626.7643 15886.0500
v 154.5035 626.7346 15886.0500
v 154.4003 626.8251 15886.0500
v 154.4342 626.7949 15886.0500
v 154.3326 626.8872 15886.0500
v 154.3660 626.8564 15886.0500
v 154.2660 626.9504 15886.0500
v 154.2988 626.9191 15886.0500
v 154.2004 627.0148 15886.0500
v 154.2327 626.9828 15886.0500
v 154.1360 627.0804 15886.0500
v 154.1677 627.0479 15886.0500
v 154.0728 627.1470 15886.0500
v 154.1039 627.1140 15886.0500
v 154.0107 627.2147 15886.0500
v 154.0413 627.1812 15886.0500
v 153.9499 627.2836 15886.0500
v 153.9798 627.2494 15886.0500
v 153.8902 627.3534 15886.0500
v 153.9195 627.3187 15886.0500
v 153.8318 627.4243 15886.0500
v 153.8605 627.3892 15886.0500
v 153.7746 627.4962 15886.0500
v 153.8027 627.4605 15886.0500
v 153.7186 627.5691 15886.0500
v 153.7461 627.5330 15886.0500
v 153.6640 627.6429 15886.0500
v 153.6908 627.6063 15886.0500
v 153.6107 627.7177 15886.0500
v 153.6369 627.6807 15886.0500
v 153.5586 627.7935 15886.0500
v 153.5842 627.7559 15886.0500
v 153.5079 627.8701 15886.0500
v 153.5328 627.8321 15886.0500
v 153.4585 627.9475 15886.0500
v 153.4828 627.9091 15886.0500
v 153.4106 628.0259 15886.0500
v 153.4341 627.9871 15886.0500
v 153.3639 628.1050 15886.0500
v 153.3868 628.0658 15886.0500
v 153.3187 628.1850 15886.0500
v 153.3409 628.1454 15886.0500
v 153.2748 628.2657 15886.0500
v 153.2963 628.2257 15886.0500
v 153.2324 628.3472 15886.0500
v 153.2532 628.3068 15886.0500
v 153.1914 628.4294 15886.0500
v 153.2115 628.3887 15886.0500
v 153.1519 628.5123 15886.0500
v 153.1712 628.4713 15886.0500
v 153.1138 628.5959 15886.0500
v 153.1324 628.5546 15886.0500
v 153.0771 628.6802 15886.0500
v 153.0951 628.6385 15886.0500
v 153.0420 628.7651 15886.0500
v 153.0592 628.7230 15886.0500
v 153.0083 628.8505 15886.0500
v 153.0248 628.8082 15886.0500
v 152.9762 628.9366 15886.0500
v 152.9919 628.8940 15886.0500
v 152.9455 629.0232 15886.0500
v 152.9604 628.9803 15886.0500
v 152.9163 629.1103 15886.0500
v 152.9305 629.0672 15886.0500
v 152.8887 629.1979 15886.0500
v 152.9022 629.1545 15886.0500
v 152.8626 629.2860 15886.0500
v 152.8753 629.2424 15886.0500
v 152.8381 629.3746 15886.0500
v 152.8500 629.3307 15886.0500
v 152.8151 629.4635 15886.0500
v 152.8262 629.4195 15886.0500
v 152.7936 629.5528 15886.0500
v 152.8040 629.5086 15886.0500
v 152.7737 629.6425 15886.0500
v 152.7834 629.5981 15886.0500
v 152.7554 629.7325 15886.0500
v 152.7643 629.6880 15886.0500
v 152.7387 629.8229 15886.0500
v 152.7467 629.7782 15886.0500
v 152.7235 629.9135 15886.0500
v 152.7308 629.8687 15886.0500
v 152.7099 630.0043 15886.0500
v 152.7164 629.9594 15886.0500
v 152.6979 630.0954 15886.0500
v 152.7037 630.0504 15886.0500
v 152.6875 630.1867 15886.0500
v 152.6925 630.1416 15886.0500
v 152.6787 630.2781 15886.0500
v 152.6829 630.2329 15886.0500
v 152.6715 630.3698 15886.0500
v 152.6749 630.3245 15886.0500
v 152.6659 630.4614 15886.0500
v 152.6685 630.4161 15886.0500
v 152.6619 630.5532 15886.0500
v 152.6637 630.5079 15886.0500
v 152.6595 630.6451 15886.0500
v 152.6605 630.5997 15886.0500
v 152.6587 630.7369 15886.0500
v 152.6589 630.6915 15886.0500
v 152.6595 630.8288 15886.0500
v 152.6589 630.7834 15886.0500
v 152.6619 630.9207 15886.0500
v 152.6605 630.8752 15886.0500
v 152.6659 631.0124 15886.0500
v 152.6637 630.9670 15886.0500
v 152.6715 631.1041 15886.0500
v 152.6685 631.0588 15886.0500
v 152.6787 631.1957 15886.0500
v 152.6750 631.1505 15886.0500
v 152.6875 631.2872 15886.0500
v 152.6830 631.2419 15886.0500
v 152.6979 631.3784 15886.0500
v 152.6926 631.3333 15886.0500
v 152.7099 631.4695 15886.0500
v 152.7038 631.4245 15886.0500
v 152.7235 631.5604 15886.0500
v 152.7166 631.5155 15886.0500
v 152.7387 631.6510 15886.0500
v 152.7310 631.6063 15886.0500
v 152.7554 631.7413 15886.0500
v 152.7469 631.6967 15886.0500
v 152.7737 631.8314 15886.0500
v 152.7645 631.7869 15886.0500
v 152.7936 631.9210 15886.0500
v 152.7836 631.8768 15886.0500
v 152.8151 632.0104 15886.0500
v 152.8043 631.9662 15886.0500
v 152.8381 632.0993 15886.0500
v 152.8265 632.0554 15886.0500
v 152.8626 632.1878 15886.0500
v 152.8503 632.1441 15886.0500
v 152.8887 632.2759 15886.0500
v 152.8756 632.2324 15886.0500
v 152.9163 632.3635 15886.0500
v 152.9025 632.3203 15886.0500
v 152.9455 632.4507 15886.0500
v 152.9309 632.4077 15886.0500
v 152.9762 632.5372 15886.0500
v 152.9608 632.4945 15886.0500
v 153.0083 632.6233 15886.0500
v 152.9922 632.5809 15886.0500
v 153.0420 632.7088 15886.0500
v 153.0252 632.6666 15886.0500
v 153.0771 632.7936 15886.0500
v 153.0596 632.7518 15886.0500
v 153.1138 632.8779 15886.0500
v 153.0955 632.8364 15886.0500
v 153.1519 632.9615 15886.0500
v 153.1329 632.9203 15886.0500
v 153.1914 633.0444 15886.0500
v 153.1717 633.0035 15886.0500
v 153.2324 633.1266 15886.0500
v 153.2120 633.0861 15886.0500
v 153.2748 633.2081 15886.0500
v 153.2537 633.1680 15886.0500
v 153.3187 633.2889 15886.0500
v 153.2968 633.2491 15886.0500
v 153.3639 633.3688 15886.0500
v 153.3414 633.3294 15886.0500
v 153.4106 633.4480 15886.0500
v 153.3873 633.4090 15886.0500
v 153.4585 633.5263 15886.0500
v 153.4346 633.4877 15886.0500
v 153.5079 633.6038 15886.0500
v 153.4834 633.5656 15886.0500
v 153.5586 633.6804 15886.0500
v 153.5334 633.6426 15886.0500
v 153.6107 633.7561 15886.0500
v 153.5848 633.7188 15886.0500
v 153.6640 633.8309 15886.0500
v 153.6375 633.7941 15886.0500
v 153.7186 633.9048 15886.0500
v 153.6915 633.8684 15886.0500
v 153.7746 633.9777 15886.0500
v 153.7468 633.9418 15886.0500
v 153.8318 634.0496 15886.0500
v 153.8033 634.0142 15886.0500
v 153.8902 634.1204 15886.0500
v 153.8612 634.0855 15886.0500
v 153.9499 634.1903 15886.0500
v 153.9202 634.1559 15886.0500
v 154.0107 634.2591 15886.0500
v 153.9805 634.2252 15886.0500
v 154.0728 634.3268 15886.0500
v 154.0420 634.2935 15886.0500
v 154.1360 634.3935 15886.0500
v 154.1046 634.3607 15886.0500
v 154.2004 634.4590 15886.0500
v 154.1685 634.4268 15886.0500
v 154.2660 634.5234 15886.0500
v 154.2334 634.4917 15886.0500
v 154.3326 634.5867 15886.0500
v 154.2995 634.5555 15886.0500
v 154.4003 634.6487 15886.0500
v 154.3667 634.6182 15886.0500
v 154.4691 634.7096 15886.0500
v 154.4350 634.6796 15886.0500
v 154.5390 634.7692 15886.0500
v 154.5043 634.7399 15886.0500
v 154.6099 634.8277 15886.0500
v 154.5747 634.7990 15886.0500
v 154.6818 634.8849 15886.0500
v 154.6461 634.8568 15886.0500
v 154.7547 634.9408 15886.0500
v 154.7185 634.9133 15886.0500
v 154.8285 634.9954 15886.0500
v 154.7919 634.9686 15886.0500
v 154.9033 635.0488 15886.0500
v 154.8662 635.0226 15886.0500
v 154.9790 635.1008 15886.0500
v 154.9415 635.0753 15886.0500
v 155.0556 635.1516 15886.0500
v 155.0177 635.1266 15886.0500
v 155.1331 635.2009 15886.0500
v 155.0947 635.1767 15886.0500
v 155.2115 635.2489 15886.0500
v 155.1726 635.2253 15886.0500
v 155.2906 635.2955 15886.0500
v 155.2514 635.2726 15886.0500
v 155.3706 635.3408 15886.0500
v 155.3309 635.3186 15886.0500
v 155.4513 635.3846 15886.0500
v 155.4113 635.3631 15886.0500
v 155.5328 635.4270 15886.0500
v 155.4924 635.4062 15886.0500
v 155.6150 635.4680 15886.0500
v 155.5743 635.4479 15886.0500
v 155.6979 635.5076 15886.0500
v 155.6569 635.4882 15886.0500
v 155.7815 635.5457 15886.0500
v 155.7401 635.5270 15886.0500
v 155.8658 635.5823 15886.0500
v 155.8241 635.5644 15886.0500
v 155.9507 635.6174 15886.0500
v 155.9086 635.6003 15886.0500
v 156.0361 635.6511 15886.0500
v 155.9938 635.6347 15886.0500
v 156.1222 635.6833 15886.0500
v 156.0796 635.6676 15886.0500
v 156.2088 635.7140 15886.0500
v 156.1659 635.6990 15886.0500
v 156.2959 635.7431 15886.0500
v 156.2528 635.7289 15886.0500
v 156.3835 635.7708 15886.0500
v 156.3402 635.7573 15886.0500
v 156.4716 635.7968 15886.0500
v 156.4280 635.7841 15886.0500
v 156.5602 635.8214 15886.0500
v 156.5163 635.8094 15886.0500
v 156.6491 635.8444 15886.0500
v 156.6051 635.8332 15886.0500
v 156.7384 635.8658 15886.0500
v 156.6942 635.8554 15886.0500
v 156.8281 635.8857 15886.0500
v 156.7837 635.8761 15886.0500
v 156.9181 635.9041 15886.0500
v 156.8736 635.8952 15886.0500
v 157.0085 635.9208 15886.0500
v 156.9638 635.9127 15886.0500
v 157.0991 635.9360 15886.0500
v 157.0543 635.9286 15886.0500
v 157.1899 635.9495 15886.0500
v 157.1450 635.9430 15886.0500
v 157.2810 635.9615 15886.0500
v 157.2360 635.9558 15886.0500
v 157.3723 635.9719 15886.0500
v 157.3272 635.9670 15886.0500
v 157.4637 635.9807 15886.0500
v 157.4185 635.9766 15886.0500
v 157.5553 635.9879 15886.0500
v 157.5101 635.9846 15886.0500
v 157.6470 635.9935 15886.0500
v 157.6017 635.9910 15886.0500
v 157.7388 635.9976 15886.0500
v 157.6935 635.9958 15886.0500
v 157.8307 635.9999 15886.0500
v 157.7853 635.9990 15886.0500
v 157.8771 636.0005 15886.0500
v 157.9225 636.0007 15812.3900
v 157.8307 635.9999 15812.3900
v 157.8761 636.0001 15812.3900
v 157.7388 635.9976 15812.3900
v 157.7842 635.9985 15812.3900
v 157.6470 635.9935 15812.3900
v 157.6924 635.9953 15812.3900
v 157.5553 635.9879 15812.3900
v 157.6007 635.9905 15812.3900
v 157.4637 635.9807 15812.3900
v 157.5090 635.9841 15812.3900
v 157.3723 635.9719 15812.3900
v 157.4175 635.9761 15812.3900
v 157.2810 635.9615 15812.3900
v 157.3262 635.9664 15812.3900
v 157.1899 635.9495 15812.3900
v 157.2350 635.9553 15812.3900
v 157.0991 635.9360 15812.3900
v 157.1440 635.9424 15812.3900
v 157.0085 635.9208 15812.3900
v 157.0533 635.9281 15812.3900
v 156.9181 635.9041 15812.3900
v 156.9628 635.9121 15812.3900
v 156.8281 635.8857 15812.3900
v 156.8727 635.8946 15812.3900
v 156.7384 635.8658 15812.3900
v 156.7828 635.8755 15812.3900
v 156.6491 635.8444 15812.3900
v 156.6933 635.8548 15812.3900
v 156.5602 635.8214 15812.3900
v 156.6042 635.8326 15812.3900
v 156.4716 635.7968 15812.3900
v 156.5154 635.8088 15812.3900
v 156.3835 635.7708 15812.3900
v 156.4271 635.7834 15812.3900
v 156.2959 635.7431 15812.3900
v 156.3393 635.7566 15812.3900
v 156.2088 635.7140 15812.3900
v 156.2519 635.7282 15812.3900
v 156.1222 635.6833 15812.3900
v 156.1651 635.6982 15812.3900
v 156.0361 635.6511 15812.3900
v 156.0787 635.6669 15812.3900
v 155.9507 635.6174 15812.3900
v 155.9930 635.6339 15812.3900
v 155.8658 635.5823 15812.3900
v 155.9078 635.5995 15812.3900
v 155.7815 635.5457 15812.3900
v 155.8233 635.5636 15812.3900
v 155.6979 635.5076 15812.3900
v 155.7393 635.5262 15812.3900
v 155.6150 635.4680 15812.3900
v 155.6561 635.4874 15812.3900
v 155.5328 635.4270 15812.3900
v 155.5735 635.4471 15812.3900
v 155.4513 635.3846 15812.3900
v 155.4917 635.4054 15812.3900
v 155.3706 635.3408 15812.3900
v 155.4106 635.3622 15812.3900
v 155.2906 635.2955 15812.3900
v 155.3302 635.3177 15812.3900
v 155.2115 635.2489 15812.3900
v 155.2507 635.2718 15812.3900
v 155.1331 635.2009 15812.3900
v 155.1719 635.2244 15812.3900
v 155.0556 635.1516 15812.3900
v 155.0940 635.1758 15812.3900
v 154.9790 635.1008 15812.3900
v 155.0170 635.1257 15812.3900
v 154.9033 635.0488 15812.3900
v 154.9409 635.0743 15812.3900
v 154.8285 634.9954 15812.3900
v 154.8656 635.0217 15812.3900
v 154.7547 634.9408 15812.3900
v 154.7913 634.9677 15812.3900
v 154.6818 634.8849 15812.3900
v 154.7179 634.9124 15812.3900
v 154.6099 634.8277 15812.3900
v 154.6456 634.8558 15812.3900
v 154.5390 634.7692 15812.3900
v 154.5742 634.7980 15812.3900
v 154.4691 634.7096 15812.3900
v 154.5038 634.7389 15812.3900
v 154.4003 634.6487 15812.3900
v 154.4345 634.6786 15812.3900
v 154.3326 634.5867 15812.3900
v 154.3662 634.6172 15812.3900
v 154.2660 634.5234 15812.3900
v 154.2990 634.5545 15812.3900
v 154.2004 634.4590 15812.3900
v 154.2330 634.4907 15812.3900
v 154.1360 634.3935 15812.3900
v 154.1680 634.4257 15812.3900
v 154.0728 634.3268 15812.3900
v 154.1042 634.3596 15812.3900
v 154.0107 634.2591 15812.3900
v 154.0416 634.2925 15812.3900
v 153.9499 634.1903 15812.3900
v 153.9801 634.2242 15812.3900
v 153.8902 634.1204 15812.3900
v 153.9198 634.1548 15812.3900
v 153.8318 634.0496 15812.3900
v 153.8608 634.0845 15812.3900
v 153.7746 633.9777 15812.3900
v 153.8030 634.0131 15812.3900
v 153.7186 633.9048 15812.3900
v 153.7464 633.9407 15812.3900
v 153.6640 633.8309 15812.3900
v 153.6912 633.8673 15812.3900
v 153.6107 633.7561 15812.3900
v 153.6372 633.7930 15812.3900
v 153.5586 633.6804 15812.3900
v 153.5845 633.7177 15812.3900
v 153.5079 633.6038 15812.3900
v 153.5331 633.6415 15812.3900
v 153.4585 633.5263 15812.3900
v 153.4831 633.5645 15812.3900
v 153.4106 633.4480 15812.3900
v 153.4344 633.4866 15812.3900
v 153.3639 633.3688 15812.3900
v 153.3871 633.4078 15812.3900
v 153.3187 633.2889 15812.3900
v 153.3412 633.3283 15812.3900
v 153.2748 633.2081 15812.3900
v 153.2967 633.2479 15812.3900
v 153.2324 633.1266 15812.3900
v 153.2536 633.1668 15812.3900
v 153.1914 633.0444 15812.3900
v 153.2119 633.0850 15812.3900
v 153.1519 632.9615 15812.3900
v 153.1716 633.0024 15812.3900
v 153.1138 632.8779 15812.3900
v 153.1328 632.9191 15812.3900
v 153.0771 632.7936 15812.3900
v 153.0954 632.8352 15812.3900
v 153.0420 632.7088 15812.3900
v 153.0596 632.7507 15812.3900
v 153.0083 632.6233 15812.3900
v 153.0251 632.6655 15812.3900
v 152.9762 632.5372 15812.3900
v 152.9922 632.5797 15812.3900
v 152.9455 632.4507 15812.3900
v 152.9608 632.4934 15812.3900
v 152.9163 632.3635 15812.3900
v 152.9309 632.4066 15812.3900
v 152.8887 632.2759 15812.3900
v 152.9025 632.3192 15812.3900
v 152.8626 632.1878 15812.3900
v 152.8757 632.2313 15812.3900
v 152.8381 632.0993 15812.3900
v 152.8504 632.1430 15812.3900
v 152.8151 632.0104 15812.3900
v 152.8266 632.0543 15812.3900
v 152.7936 631.9210 15812.3900
v 152.8044 631.9651 15812.3900
v 152.7737 631.8314 15812.3900
v 152.7838 631.8756 15812.3900
v 152.7554 631.7413 15812.3900
v 152.7647 631.7858 15812.3900
v 152.7387 631.6510 15812.3900
v 152.7471 631.6956 15812.3900
v 152.7235 631.5604 15812.3900
v 152.7312 631.6051 15812.3900
v 152.7099 631.4695 15812.3900
v 152.7168 631.5144 15812.3900
v 152.6979 631.3784 15812.3900
v 152.7041 631.4234 15812.3900
v 152.6875 631.2872 15812.3900
v 152.6929 631.3322 15812.3900
v 152.6787 631.1957 15812.3900
v 152.6833 631.2408 15812.3900
v 152.6715 631.1041 15812.3900
v 152.6753 631.1494 15812.3900
v 152.6659 631.0124 15812.3900
v 152.6689 631.0577 15812.3900
v 152.6619 630.9207 15812.3900
v 152.6641 630.9660 15812.3900
v 152.6595 630.8288 15812.3900
v 152.6609 630.8742 15812.3900
v 152.6587 630.7369 15812.3900
v 152.6593 630.7823 15812.3900
v 152.6595 630.6451 15812.3900
v 152.6593 630.6905 15812.3900
v 152.6619 630.5532 15812.3900
v 152.6609 630.5986 15812.3900
v 152.6659 630.4614 15812.3900
v 152.6641 630.5068 15812.3900
v 152.6715 630.3698 15812.3900
v 152.6689 630.4151 15812.3900
v 152.6787 630.2781 15812.3900
v 152.6754 630.3234 15812.3900
v 152.6875 630.1867 15812.3900
v 152.6834 630.2319 15812.3900
v 152.6979 630.0954 15812.3900
v 152.6930 630.1406 15812.3900
v 152.7099 630.0043 15812.3900
v 152.7042 630.0494 15812.3900
v 152.7235 629.9135 15812.3900
v 152.7170 629.9584 15812.3900
v 152.7387 629.8229 15812.3900
v 152.7314 629.8677 15812.3900
v 152.7554 629.7325 15812.3900
v 152.7473 629.7772 15812.3900
v 152.7737 629.6425 15812.3900
v 152.7649 629.6871 15812.3900
v 152.7936 629.5528 15812.3900
v 152.7840 629.5972 15812.3900
v 152.8151 629.4635 15812.3900
v 152.8047 629.5077 15812.3900
v 152.8381 629.3746 15812.3900
v 152.8269 629.4186 15812.3900
v 152.8626 629.2860 15812.3900
v 152.8507 629.3298 15812.3900
v 152.8887 629.1979 15812.3900
v 152.8760 629.2415 15812.3900
v 152.9163 629.1103 15812.3900
v 152.9029 629.1537 15812.3900
v 152.9455 629.0232 15812.3900
v 152.9313 629.0663 15812.3900
v 152.9762 628.9366 15812.3900
v 152.9612 628.9794 15812.3900
v 153.0083 628.8505 15812.3900
v 152.9926 628.8931 15812.3900
v 153.0420 628.7651 15812.3900
v 153.0255 628.8074 15812.3900
v 153.0771 628.6802 15812.3900
v 153.0600 628.7222 15812.3900
v 153.1138 628.5959 15812.3900
v 153.0959 628.6376 15812.3900
v 153.1519 628.5123 15812.3900
v 153.1332 628.5537 15812.3900
v 153.1914 628.4294 15812.3900
v 153.1721 628.4705 15812.3900
v 153.2324 628.3472 15812.3900
v 153.2123 628.3879 15812.3900
v 153.2748 628.2657 15812.3900
v 153.2541 628.3061 15812.3900
v 153.3187 628.1850 15812.3900
v 153.2972 628.2250 15812.3900
v 153.3639 628.1050 15812.3900
v 153.3417 628.1447 15812.3900
v 153.4106 628.0259 15812.3900
v 153.3877 628.0651 15812.3900
v 153.4585 627.9475 15812.3900
v 153.4350 627.9863 15812.3900
v 153.5079 627.8701 15812.3900
v 153.4837 627.9084 15812.3900
v 153.5586 627.7935 15812.3900
v 153.5337 627.8314 15812.3900
v 153.6107 627.7177 15812.3900
v 153.5851 627.7552 15812.3900
v 153.6640 627.6429 15812.3900
v 153.6378 627.6800 15812.3900
v 153.7186 627.5691 15812.3900
v 153.6918 627.6057 15812.3900
v 153.7746 627.4962 15812.3900
v 153.7471 627.5323 15812.3900
v 153.8318 627.4243 15812.3900
v 153.8036 627.4600 15812.3900
v 153.8902 627.3534 15812.3900
v 153.8615 627.3885 15812.3900
v 153.9499 627.2836 15812.3900
v 153.9205 627.3182 15812.3900
v 154.0107 627.2147 15812.3900
v 153.9808 627.2489 15812.3900
v 154.0728 627.1470 15812.3900
v 154.0423 627.1806 15812.3900
v 154.1360 627.0804 15812.3900
v 154.1049 627.1135 15812.3900
v 154.2004 627.0148 15812.3900
v 154.1688 627.0474 15812.3900
v 154.2660 626.9504 15812.3900
v 154.2337 626.9824 15812.3900
v 154.3326 626.8872 15812.3900
v 154.2998 626.9186 15812.3900
v 154.4003 626.8251 15812.3900
v 154.3670 626.8560 15812.3900
v 154.4691 626.7643 15812.3900
v 154.4353 626.7945 15812.3900
v 154.5390 626.7046 15812.3900
v 154.5046 626.7343 15812.3900
v 154.6099 626.6462 15812.3900
v 154.5750 626.6752 15812.3900
v 154.6818 626.5890 15812.3900
v 154.6464 626.6174 15812.3900
v 154.7547 626.5330 15812.3900
v 154.7188 626.5609 15812.3900
v 154.8285 626.4784 15812.3900
v 154.7921 626.5056 15812.3900
v 154.9033 626.4250 15812.3900
v 154.8665 626.4516 15812.3900
v 154.9790 626.3730 15812.3900
v 154.9417 626.3989 15812.3900
v 155.0556 626.3223 15812.3900
v 155.0179 626.3475 15812.3900
v 155.1331 626.2729 15812.3900
v 155.0949 626.2975 15812.3900
v 155.2115 626.2250 15812.3900
v 155.1729 626.2488 15812.3900
v 155.2906 626.1783 15812.3900
v 155.2516 626.2015 15812.3900
v 155.3706 626.1331 15812.3900
v 155.3311 626.1556 15812.3900
v 155.4513 626.0892 15812.3900
v 155.4115 626.1111 15812.3900
v 155.5328 626.0468 15812.3900
v 155.4926 626.0680 15812.3900
v 155.6150 626.0059 15812.3900
v 155.5745 626.0262 15812.3900
v 155.6979 625.9663 15812.3900
v 155.6570 625.9860 15812.3900
v 155.7815 625.9282 15812.3900
v 155.7403 625.9472 15812.3900
v 155.8658 625.8915 15812.3900
v 155.8242 625.9099 15812.3900
v 155.9507 625.8564 15812.3900
v 155.9088 625.8740 15812.3900
v 156.0361 625.8228 15812.3900
v 155.9940 625.8395 15812.3900
v 156.1222 625.7905 15812.3900
v 156.0797 625.8066 15812.3900
v 156.2088 625.7599 15812.3900
v 156.1661 625.7752 15812.3900
v 156.2959 625.7307 15812.3900
v 156.2529 625.7453 15812.3900
v 156.3835 625.7031 15812.3900
v 156.3403 625.7170 15812.3900
v 156.4716 625.6770 15812.3900
v 156.4281 625.6901 15812.3900
v 156.5602 625.6525 15812.3900
v 156.5164 625.6648 15812.3900
v 156.6491 625.6295 15812.3900
v 156.6052 625.6411 15812.3900
v 156.7384 625.6080 15812.3900
v 156.6943 625.6188 15812.3900
v 156.8281 625.5881 15812.3900
v 156.7838 625.5981 15812.3900
v 156.9181 625.5698 15812.3900
v 156.8737 625.5790 15812.3900
v 157.0085 625.5531 15812.3900
v 156.9639 625.5615 15812.3900
v 157.0991 625.5379 15812.3900
v 157.0543 625.5456 15812.3900
v 157.1899 625.5244 15812.3900
v 157.1451 625.5312 15812.3900
v 157.2810 625.5123 15812.3900
v 157.2360 625.5185 15812.3900
v 157.3723 625.5020 15812.3900
v 157.3272 625.5073 15812.3900
v 157.4637 625.4931 15812.3900
v 157.4186 625.4977 15812.3900
v 157.5553 625.4859 15812.3900
v 157.5101 625.4897 15812.3900
v 157.6470 625.4803 15812.3900
v 157.6017 625.4833 15812.3900
v 157.7388 625.4763 15812.3900
v 157.6935 625.4785 15812.3900
v 157.8307 625.4739 15812.3900
v 157.7853 625.4753 15812.3900
v 157.9225 625.4731 15812.3900
v 157.8771 625.4737 15812.3900
v 158.0144 625.4739 15812.3900
v 157.9690 625.4737 15812.3900
v 158.1062 625.4763 15812.3900
v 158.0608 625.4753 15812.3900
v 158.1980 625.4803 15812.3900
v 158.1526 625.4785 15812.3900
v 158.2897 625.4859 15812.3900
v 158.2444 625.4833 15812.3900
v 158.3813 625.4931 15812.3900
v 158.3360 625.4897 15812.3900
v 158.4727 625.5020 15812.3900
v 158.4275 625.4978 15812.3900
v 158.5640 625.5123 15812.3900
v 158.5189 625.5074 15812.3900
v 158.6551 625.5244 15812.3900
v 158.6101 625.5186 15812.3900
v 158.7460 625.5379 15812.3900
v 158.7010 625.5314 15812.3900
v 158.8366 625.5531 15812.3900
v 158.7918 625.5458 15812.3900
v 158.9269 625.5698 15812.3900
v 158.8822 625.5618 15812.3900
v 159.0169 625.5881 15812.3900
v 158.9724 625.5793 15812.3900
v 159.1066 625.6080 15812.3900
v 159.0623 625.5984 15812.3900
v 159.1960 625.6295 15812.3900
v 159.1518 625.6191 15812.3900
v 159.2849 625.6525 15812.3900
v 159.2409 625.6413 15812.3900
v 159.3734 625.6770 15812.3900
v 159.3296 625.6651 15812.3900
v 159.4615 625.7031 15812.3900
v 159.4179 625.6904 15812.3900
v 159.5491 625.7307 15812.3900
v 159.5058 625.7173 15812.3900
v 159.6363 625.7599 15812.3900
v 159.5931 625.7457 15812.3900
v 159.7229 625.7905 15812.3900
v 159.6800 625.7756 15812.3900
v 159.8089 625.8228 15812.3900
v 159.7663 625.8070 15812.3900
v 159.8944 625.8564 15812.3900
v 159.8521 625.8400 15812.3900
v 159.9793 625.8915 15812.3900
v 159.9372 625.8744 15812.3900
v 160.0635 625.9282 15812.3900
v 160.0218 625.9103 15812.3900
v 160.1471 625.9663 15812.3900
v 160.1057 625.9476 15812.3900
v 160.2300 626.0059 15812.3900
v 160.1890 625.9865 15812.3900
v 160.3123 626.0468 15812.3900
v 160.2715 626.0267 15812.3900
v 160.3937 626.0892 15812.3900
v 160.3534 626.0685 15812.3900
v 160.4745 626.1331 15812.3900
v 160.4345 626.1116 15812.3900
v 160.5544 626.1783 15812.3900
v 160.5148 626.1561 15812.3900
v 160.6336 626.2250 15812.3900
v 160.5944 626.2021 15812.3900
v 160.7119 626.2729 15812.3900
v 160.6731 626.2494 15812.3900
v 160.7894 626.3223 15812.3900
v 160.7510 626.2981 15812.3900
v 160.8660 626.3730 15812.3900
v 160.8280 626.3481 15812.3900
v 160.9417 626.4250 15812.3900
v 160.9042 626.3995 15812.3900
v 161.0165 626.4784 15812.3900
v 160.9794 626.4522 15812.3900
v 161.0904 626.5330 15812.3900
v 161.0538 626.5062 15812.3900
v 161.1633 626.5890 15812.3900
v 161.1271 626.5615 15812.3900
v 161.2352 626.6462 15812.3900
v 161.1995 626.6180 15812.3900
v 161.3060 626.7046 15812.3900
v 161.2709 626.6759 15812.3900
v 161.3759 626.7643 15812.3900
v 161.3412 626.7349 15812.3900
v 161.4447 626.8251 15812.3900
v 161.4106 626.7952 15812.3900
v 161.5124 626.8872 15812.3900
v 161.4788 626.8567 15812.3900
v 161.5791 626.9504 15812.3900
v 161.5460 626.9193 15812.3900
v 161.6446 627.0148 15812.3900
v 161.6121 626.9832 15812.3900
v 161.7090 627.0804 15812.3900
v 161.6770 627.0481 15812.3900
v 161.7722 627.1470 15812.3900
v 161.7408 627.1142 15812.3900
v 161.8343 627.2147 15812.3900
v 161.8035 627.1814 15812.3900
v 161.8952 627.2836 15812.3900
v 161.8649 627.2497 15812.3900
v 161.9548 627.3534 15812.3900
v 161.9252 627.3190 15812.3900
v 162.0133 627.4243 15812.3900
v 161.9843 627.3894 15812.3900
v 162.0705 627.4962 15812.3900
v 162.0421 627.4608 15812.3900
v 162.1264 627.5691 15812.3900
v 162.0986 627.5332 15812.3900
v 162.1810 627.6429 15812.3900
v 162.1539 627.6066 15812.3900
v 162.2344 627.7177 15812.3900
v 162.2079 627.6808 15812.3900
v 162.2864 627.7935 15812.3900
v 162.2605 627.7561 15812.3900
v 162.3371 627.8701 15812.3900
v 162.3119 627.8323 15812.3900
v 162.3865 627.9475 15812.3900
v 162.3619 627.9094 15812.3900
v 162.4345 628.0259 15812.3900
v 162.4106 627.9872 15812.3900
v 162.4811 628.1050 15812.3900
v 162.4579 628.0660 15812.3900
v 162.5264 628.1850 15812.3900
v 162.5038 628.1456 15812.3900
v 162.5702 628.2657 15812.3900
v 162.5484 628.2259 15812.3900
v 162.6126 628.3472 15812.3900
v 162.5915 628.3070 15812.3900
v 162.6536 628.4294 15812.3900
v 162.6332 628.3889 15812.3900
v 162.6932 628.5123 15812.3900
v 162.6734 628.4714 15812.3900
v 162.7313 628.5959 15812.3900
v 162.7122 628.5547 15812.3900
v 162.7679 628.6802 15812.3900
v 162.7496 628.6386 15812.3900
v 162.8031 628.7651 15812.3900
v 162.7855 628.7232 15812.3900
v 162.8367 628.8505 15812.3900
v 162.8199 628.8083 15812.3900
v 162.8689 628.9366 15812.3900
v 162.8528 628.8941 15812.3900
v 162.8996 629.0232 15812.3900
v 162.8842 628.9805 15812.3900
v 162.9287 629.1103 15812.3900
v 162.9141 629.0673 15812.3900
v 162.9563 629.1979 15812.3900
v 162.9425 629.1547 15812.3900
v 162.9824 629.2860 15812.3900
v 162.9693 629.2426 15812.3900
v 163.0070 629.3746 15812.3900
v 162.9947 629.3309 15812.3900
v 163.0300 629.4635 15812.3900
v 163.0184 629.4196 15812.3900
v 163.0514 629.5528 15812.3900
v 163.0406 629.5087 15812.3900
v 163.0713 629.6425 15812.3900
v 163.0613 629.5982 15812.3900
v 163.0896 629.7325 15812.3900
v 163.0804 629.6881 15812.3900
v 163.1064 629.8229 15812.3900
v 163.0979 629.7783 15812.3900
v 163.1215 629.9135 15812.3900
v 163.1138 629.8687 15812.3900
v 163.1351 630.0043 15812.3900
v 163.1282 629.9595 15812.3900
v 163.1471 630.0954 15812.3900
v 163.1410 630.0504 15812.3900
v 163.1575 630.1867 15812.3900
v 163.1522 630.1416 15812.3900
v 163.1663 630.2781 15812.3900
v 163.1618 630.2330 15812.3900
v 163.1735 630.3698 15812.3900
v 163.1698 630.3245 15812.3900
v 163.1791 630.4614 15812.3900
v 163.1762 630.4161 15812.3900
v 163.1831 630.5532 15812.3900
v 163.1810 630.5079 15812.3900
v 163.1855 630.6451 15812.3900
v 163.1842 630.5997 15812.3900
v 163.1863 630.7369 15812.3900
v 163.1857 630.6915 15812.3900
v 163.1855 630.8288 15812.3900
v 163.1857 630.7834 15812.3900
v 163.1831 630.9207 15812.3900
v 163.1841 630.8752 15812.3900
v 163.1791 631.0124 15812.3900
v 163.1809 630.9670 15812.3900
v 163.1735 631.1041 15812.3900
v 163.1761 631.0588 15812.3900
v 163.1663 631.1957 15812.3900
v 163.1697 631.1504 15812.3900
v 163.1575 631.2872 15812.3900
v 163.1617 631.2419 15812.3900
v 163.1471 631.3784 15812.3900
v 163.1521 631.3333 15812.3900
v 163.1351 631.4695 15812.3900
v 163.1409 631.4244 15812.3900
v 163.1215 631.5604 15812.3900
v 163.1281 631.5154 15812.3900
v 163.1064 631.6510 15812.3900
v 163.1137 631.6061 15812.3900
v 163.0896 631.7413 15812.3900
v 163.0977 631.6967 15812.3900
v 163.0713 631.8314 15812.3900
v 163.0802 631.7868 15812.3900
v 163.0514 631.9210 15812.3900
v 163.0611 631.8766 15812.3900
v 163.0300 632.0104 15812.3900
v 163.0404 631.9662 15812.3900
v 163.0070 632.0993 15812.3900
v 163.0182 632.0553 15812.3900
v 162.9824 632.1878 15812.3900
v 162.9944 632.1440 15812.3900
v 162.9563 632.2759 15812.3900
v 162.9690 632.2323 15812.3900
v 162.9287 632.3635 15812.3900
v 162.9422 632.3202 15812.3900
v 162.8996 632.4507 15812.3900
v 162.9138 632.4075 15812.3900
v 162.8689 632.5372 15812.3900
v 162.8839 632.4944 15812.3900
v 162.8367 632.6233 15812.3900
v 162.8524 632.5807 15812.3900
v 162.8031 632.7088 15812.3900
v 162.8195 632.6664 15812.3900
v 162.7679 632.7936 15812.3900
v 162.7851 632.7516 15812.3900
v 162.7313 632.8779 15812.3900
v 162.7492 632.8362 15812.3900
v 162.6932 632.9615 15812.3900
v 162.7118 632.9201 15812.3900
v 162.6536 633.0444 15812.3900
v 162.6730 633.0034 15812.3900
v 162.6126 633.1266 15812.3900
v 162.6327 633.0859 15812.3900
v 162.5702 633.2081 15812.3900
v 162.5910 633.1678 15812.3900
v 162.5264 633.2889 15812.3900
v 162.5479 633.2489 15812.3900
v 162.4811 633.3688 15812.3900
v 162.5033 633.3292 15812.3900
v 162.4345 633.4480 15812.3900
v 162.4574 633.4088 15812.3900
v 162.3865 633.5263 15812.3900
v 162.4100 633.4875 15812.3900
v 162.3371 633.6038 15812.3900
v 162.3614 633.5654 15812.3900
v 162.2864 633.6804 15812.3900
v 162.3113 633.6425 15812.3900
v 162.2344 633.7561 15812.3900
v 162.2599 633.7186 15812.3900
v 162.1810 633.8309 15812.3900
v 162.2072 633.7938 15812.3900
v 162.1264 633.9048 15812.3900
v 162.1532 633.8682 15812.3900
v 162.0705 633.9777 15812.3900
v 162.0980 633.9415 15812.3900
v 162.0133 634.0496 15812.3900
v 162.0414 634.0139 15812.3900
v 161.9548 634.1204 15812.3900
v 161.9836 634.0853 15812.3900
v 161.8952 634.1903 15812.3900
v 161.9245 634.1556 15812.3900
v 161.8343 634.2591 15812.3900
v 161.8642 634.2250 15812.3900
v 161.7722 634.3268 15812.3900
v 161.8028 634.2932 15812.3900
v 161.7090 634.3935 15812.3900
v 161.7401 634.3604 15812.3900
v 161.6446 634.4590 15812.3900
v 161.6763 634.4265 15812.3900
v 161.5791 634.5234 15812.3900
v 161.6113 634.4915 15812.3900
v 161.5124 634.5867 15812.3900
v 161.5452 634.5552 15812.3900
v 161.4447 634.6487 15812.3900
v 161.4780 634.6179 15812.3900
v 161.3759 634.7096 15812.3900
v 161.4098 634.6793 15812.3900
v 161.3060 634.7692 15812.3900
v 161.3404 634.7396 15812.3900
v 161.2352 634.8277 15812.3900
v 161.2701 634.7986 15812.3900
v 161.1633 634.8849 15812.3900
v 161.1987 634.8564 15812.3900
v 161.0904 634.9408 15812.3900
v 161.1263 634.9130 15812.3900
v 161.0165 634.9954 15812.3900
v 161.0529 634.9683 15812.3900
v 160.9417 635.0488 15812.3900
v 160.9786 635.0223 15812.3900
v 160.8660 635.1008 15812.3900
v 160.9033 635.0750 15812.3900
v 160.7894 635.1516 15812.3900
v 160.8272 635.1263 15812.3900
v 160.7119 635.2009 15812.3900
v 160.7501 635.1763 15812.3900
v 160.6336 635.2489 15812.3900
v 160.6722 635.2250 15812.3900
v 160.5544 635.2955 15812.3900
v 160.5935 635.2723 15812.3900
v 160.4745 635.3408 15812.3900
v 160.5139 635.3182 15812.3900
v 160.3937 635.3846 15812.3900
v 160.4335 635.3628 15812.3900
v 160.3123 635.4270 15812.3900
v 160.3524 635.4059 15812.3900
v 160.2300 635.4680 15812.3900
v 160.2706 635.4476 15812.3900
v 160.1471 635.5076 15812.3900
v 160.1880 635.4879 15812.3900
v 160.0635 635.5457 15812.3900
v 160.1048 635.5267 15812.3900
v 159.9793 635.5823 15812.3900
v 160.0208 635.5640 15812.3900
v 159.8944 635.6174 15812.3900
v 159.9363 635.5999 15812.3900
v 159.8089 635.6511 15812.3900
v 159.8511 635.6343 15812.3900
v 159.7229 635.6833 15812.3900
v 159.7653 635.6672 15812.3900
v 159.6363 635.7140 15812.3900
v 159.6790 635.6986 15812.3900
v 159.5491 635.7431 15812.3900
v 159.5921 635.7285 15812.3900
v 159.4615 635.7708 15812.3900
v 159.5048 635.7569 15812.3900
v 159.3734 635.7968 15812.3900
v 159.4169 635.7838 15812.3900
v 159.2849 635.8214 15812.3900
v 159.3286 635.8091 15812.3900
v 159.1960 635.8444 15812.3900
v 159.2399 635.8328 15812.3900
v 159.1066 635.8658 15812.3900
v 159.1507 635.8550 15812.3900
v 159.0169 635.8857 15812.3900
v 159.0612 635.8757 15812.3900
v 158.9269 635.9041 15812.3900
v 158.9714 635.8948 15812.3900
v 158.8366 635.9208 15812.3900
v 158.8812 635.9123 15812.3900
v 158.7460 635.9360 15812.3900
v 158.7907 635.9282 15812.3900
v 158.6551 635.9495 15812.3900
v 158.7000 635.9426 15812.3900
v 158.5640 635.9615 15812.3900
v 158.6090 635.9554 15812.3900
v 158.4727 635.9719 15812.3900
v 158.5178 635.9666 15812.3900
v 158.3813 635.9807 15812.3900
v 158.4265 635.9762 15812.3900
v 158.2897 635.9879 15812.3900
v 158.3350 635.9842 15812.3900
v 158.1980 635.9935 15812.3900
v 158.2433 635.9905 15812.3900
v 158.1062 635.9976 15812.3900
v 158.1516 635.9954 15812.3900
v 158.0144 635.9999 15812.3900
v 158.0598 635.9985 15812.3900
v 157.9679 636.0002 15812.3900
v 157.9225 162.2566 15812.3900
v 157.8307 162.2558 15812.3900
v 157.8761 162.2560 15812.3900
v 157.7388 162.2534 15812.3900
v 157.7842 162.2544 15812.3900
v 157.6470 162.2494 15812.3900
v 157.6924 162.2512 15812.3900
v 157.5553 162.2438 15812.3900
v 157.6007 162.2464 15812.3900
v 157.4637 162.2366 15812.3900
v 157.5090 162.2400 15812.3900
v 157.3723 162.2278 15812.3900
v 157.4175 162.2319 15812.3900
v 157.2810 162.2174 15812.3900
v 157.3262 162.2223 15812.3900
v 157.1899 162.2054 15812.3900
v 157.2350 162.2111 15812.3900
v 157.0991 162.1918 15812.3900
v 157.1440 162.1983 15812.3900
v 157.0085 162.1767 15812.3900
v 157.0533 162.1840 15812.3900
v 156.9181 162.1599 15812.3900
v 156.9628 162.1680 15812.3900
v 156.8281 162.1416 15812.3900
v 156.8727 162.1505 15812.3900
v 156.7384 162.1217 15812.3900
v 156.7828 162.1313 15812.3900
v 156.6491 162.1003 15812.3900
v 156.6933 162.1107 15812.3900
v 156.5602 162.0773 15812.3900
v 156.6042 162.0884 15812.3900
v 156.4716 162.0527 15812.3900
v 156.5154 162.0647 15812.3900
v 156.3835 162.0266 15812.3900
v 156.4271 162.0393 15812.3900
v 156.2959 161.9990 15812.3900
v 156.3393 162.0125 15812.3900
v 156.2088 161.9698 15812.3900
v 156.2519 161.9841 15812.3900
v 156.1222 161.9392 15812.3900
v 156.1651 161.9541 15812.3900
v 156.0361 161.9070 15812.3900
v 156.0787 161.9227 15812.3900
v 155.9507 161.8733 15812.3900
v 155.9930 161.8898 15812.3900
v 155.8658 161.8382 15812.3900
v 155.9078 161.8554 15812.3900
v 155.7815 161.8015 15812.3900
v 155.8233 161.8195 15812.3900
v 155.6979 161.7634 15812.3900
v 155.7393 161.7821 15812.3900
v 155.6150 161.7239 15812.3900
v 155.6561 161.7433 15812.3900
v 155.5328 161.6829 15812.3900
v 155.5735 161.7030 15812.3900
v 155.4513 161.6405 15812.3900
v 155.4917 161.6613 15812.3900
v 155.3706 161.5966 15812.3900
v 155.4106 161.6181 15812.3900
v 155.2906 161.5514 15812.3900
v 155.3302 161.5736 15812.3900
v 155.2115 161.5048 15812.3900
v 155.2507 161.5276 15812.3900
v 155.1331 161.4568 15812.3900
v 155.1719 161.4803 15812.3900
v 155.0556 161.4074 15812.3900
v 155.0940 161.4316 15812.3900
v 154.9790 161.3567 15812.3900
v 155.0170 161.3816 15812.3900
v 154.9033 161.3047 15812.3900
v 154.9409 161.3302 15812.3900
v 154.8285 161.2513 15812.3900
v 154.8656 161.2775 15812.3900
v 154.7547 161.1967 15812.3900
v 154.7913 161.2235 15812.3900
v 154.6818 161.1407 15812.3900
v 154.7179 161.1682 15812.3900
v 154.6099 161.0836 15812.3900
v 154.6456 161.1117 15812.3900
v 154.5390 161.0251 15812.3900
v 154.5742 161.0538 15812.3900
v 154.4691 160.9655 15812.3900
v 154.5038 160.9948 15812.3900
v 154.4003 160.9046 15812.3900
v 154.4345 160.9345 15812.3900
v 154.3326 160.8425 15812.3900
v 154.3662 160.8730 15812.3900
v 154.2660 160.7793 15812.3900
v 154.2990 160.8104 15812.3900
v 154.2004 160.7149 15812.3900
v 154.2330 160.7466 15812.3900
v 154.1360 160.6494 15812.3900
v 154.1680 160.6816 15812.3900
v 154.0728 160.5827 15812.3900
v 154.1042 160.6155 15812.3900
v 154.0107 160.5150 15812.3900
v 154.0416 160.5483 15812.3900
v 153.9499 160.4462 15812.3900
v 153.9801 160.4801 15812.3900
v 153.8902 160.3763 15812.3900
v 153.9198 160.4107 15812.3900
v 153.8318 160.3054 15812.3900
v 153.8608 160.3403 15812.3900
v 153.7746 160.2335 15812.3900
v 153.8030 160.2690 15812.3900
v 153.7186 160.1606 15812.3900
v 153.7464 160.1965 15812.3900
v 153.6640 160.0868 15812.3900
v 153.6912 160.1232 15812.3900
v 153.6107 160.0120 15812.3900
v 153.6372 160.0489 15812.3900
v 153.5586 159.9363 15812.3900
v 153.5845 159.9736 15812.3900
v 153.5079 159.8597 15812.3900
v 153.5331 159.8974 15812.3900
v 153.4585 159.7822 15812.3900
v 153.4831 159.8204 15812.3900
v 153.4106 159.7039 15812.3900
v 153.4344 159.7425 15812.3900
v 153.3639 159.6247 15812.3900
v 153.3871 159.6637 15812.3900
v 153.3187 159.5448 15812.3900
v 153.3412 159.5842 15812.3900
v 153.2748 159.4640 15812.3900
v 153.2967 159.5038 15812.3900
v 153.2324 159.3825 15812.3900
v 153.2536 159.4227 15812.3900
v 153.1914 159.3003 15812.3900
v 153.2119 159.3409 15812.3900
v 153.1519 159.2174 15812.3900
v 153.1716 159.2583 15812.3900
v 153.1138 159.1338 15812.3900
v 153.1328 159.1750 15812.3900
v 153.0771 159.0495 15812.3900
v 153.0954 159.0911 15812.3900
v 153.0420 158.9647 15812.3900
v 153.0596 159.0065 15812.3900
v 153.0083 158.8792 15812.3900
v 153.0251 158.9214 15812.3900
v 152.9762 158.7931 15812.3900
v 152.9922 158.8356 15812.3900
v 152.9455 158.7065 15812.3900
v 152.9608 158.7493 15812.3900
v 152.9163 158.6194 15812.3900
v 152.9309 158.6624 15812.3900
v 152.8887 158.5318 15812.3900
v 152.9025 158.5750 15812.3900
v 152.8626 158.4437 15812.3900
v 152.8757 158.4872 15812.3900
v 152.8381 158.3552 15812.3900
v 152.8504 158.3989 15812.3900
v 152.8151 158.2662 15812.3900
v 152.8266 158.3102 15812.3900
v 152.7936 158.1769 15812.3900
v 152.8044 158.2210 15812.3900
v 152.7737 158.0872 15812.3900
v 152.7838 158.1315 15812.3900
v 152.7554 157.9972 15812.3900
v 152.7647 158.0416 15812.3900
v 152.7387 157.9069 15812.3900
v 152.7471 157.9515 15812.3900
v 152.7235 157.8163 15812.3900
v 152.7312 157.8610 15812.3900
v 152.7099 157.7254 15812.3900
v 152.7168 157.7703 15812.3900
v 152.6979 157.6343 15812.3900
v 152.7041 157.6793 15812.3900
v 152.6875 157.5430 15812.3900
v 152.6929 157.5881 15812.3900
v 152.6787 157.4516 15812.3900
v 152.6833 157.4967 15812.3900
v 152.6715 157.3600 15812.3900
v 152.6753 157.4052 15812.3900
v 152.6659 157.2683 15812.3900
v 152.6689 157.3136 15812.3900
v 152.6619 157.1765 15812.3900
v 152.6641 157.2219 15812.3900
v 152.6595 157.0847 15812.3900
v 152.6609 157.1301 15812.3900
v 152.6587 156.9928 15812.3900
v 152.6593 157.0382 15812.3900
v 152.6595 156.9009 15812.3900
v 152.6593 156.9463 15812.3900
v 152.6619 156.8091 15812.3900
v 152.6609 156.8545 15812.3900
v 152.6659 156.7173 15812.3900
v 152.6641 156.7627 15812.3900
v 152.6715 156.6256 15812.3900
v 152.6689 156.6709 15812.3900
v 152.6787 156.5340 15812.3900
v 152.6754 156.5793 15812.3900
v 152.6875 156.4426 15812.3900
v 152.6834 156.4878 15812.3900
v 152.6979 156.3513 15812.3900
v 152.6930 156.3964 15812.3900
v 152.7099 156.2602 15812.3900
v 152.7042 156.3053 15812.3900
v 152.7235 156.1694 15812.3900
v 152.7170 156.2143 15812.3900
v 152.7387 156.0788 15812.3900
v 152.7314 156.1236 15812.3900
v 152.7554 155.9884 15812.3900
v 152.7473 156.0331 15812.3900
v 152.7737 155.8984 15812.3900
v 152.7649 155.9429 15812.3900
v 152.7936 155.8087 15812.3900
v 152.7840 155.8531 15812.3900
v 152.8151 155.7194 15812.3900
v 152.8047 155.7636 15812.3900
v 152.8381 155.6304 15812.3900
v 152.8269 155.6744 15812.3900
v 152.8626 155.5419 15812.3900
v 152.8507 155.5857 15812.3900
v 152.8887 155.4538 15812.3900
v 152.8760 155.4974 15812.3900
v 152.9163 155.3662 15812.3900
v 152.9029 155.4096 15812.3900
v 152.9455 155.2791 15812.3900
v 152.9313 155.3222 15812.3900
v 152.9762 155.1925 15812.3900
v 152.9612 155.2353 15812.3900
v 153.0083 155.1064 15812.3900
v 152.9926 155.1490 15812.3900
v 153.0420 155.0209 15812.3900
v 153.0255 155.0633 15812.3900
v 153.0771 154.9361 15812.3900
v 153.0600 154.9781 15812.3900
v 153.1138 154.8518 15812.3900
v 153.0959 154.8935 15812.3900
v 153.1519 154.7682 15812.3900
v 153.1332 154.8096 15812.3900
v 153.1914 154.6853 15812.3900
v 153.1721 154.7264 15812.3900
v 153.2324 154.6031 15812.3900
v 153.2123 154.6438 15812.3900
v 153.2748 154.5216 15812.3900
v 153.2541 154.5620 15812.3900
v 153.3187 154.4409 15812.3900
v 153.2972 154.4809 15812.3900
v 153.3639 154.3609 15812.3900
v 153.3417 154.4005 15812.3900
v 153.4106 154.2817 15812.3900
v 153.3877 154.3210 15812.3900
v 153.4585 154.2034 15812.3900
v 153.4350 154.2422 15812.3900
v 153.5079 154.1259 15812.3900
v 153.4837 154.1643 15812.3900
v 153.5586 154.0493 15812.3900
v 153.5337 154.0873 15812.3900
v 153.6107 153.9736 15812.3900
v 153.5851 154.0111 15812.3900
v 153.6640 153.8988 15812.3900
v 153.6378 153.9359 15812.3900
v 153.7186 153.8250 15812.3900
v 153.6918 153.8616 15812.3900
v 153.7746 153.7521 15812.3900
v 153.7471 153.7882 15812.3900
v 153.8318 153.6802 15812.3900
v 153.8036 153.7158 15812.3900
v 153.8902 153.6093 15812.3900
v 153.8615 153.6444 15812.3900
v 153.9499 153.5394 15812.3900
v 153.9205 153.5741 15812.3900
v 154.0107 153.4706 15812.3900
v 153.9808 153.5048 15812.3900
v 154.0728 153.4029 15812.3900
v 154.0423 153.4365 15812.3900
v 154.1360 153.3362 15812.3900
v 154.1049 153.3693 15812.3900
v 154.2004 153.2707 15812.3900
v 154.1688 153.3032 15812.3900
v 154.2660 153.2063 15812.3900
v 154.2337 153.2383 15812.3900
v 154.3326 153.1431 15812.3900
v 154.2998 153.1745 15812.3900
v 154.4003 153.0810 15812.3900
v 154.3670 153.1118 15812.3900
v 154.4691 153.0201 15812.3900
v 154.4353 153.0504 15812.3900
v 154.5390 152.9605 15812.3900
v 154.5046 152.9901 15812.3900
v 154.6099 152.9020 15812.3900
v 154.5750 152.9311 15812.3900
v 154.6818 152.8448 15812.3900
v 154.6464 152.8733 15812.3900
v 154.7547 152.7889 15812.3900
v 154.7188 152.8167 15812.3900
v 154.8285 152.7343 15812.3900
v 154.7921 152.7614 15812.3900
v 154.9033 152.6809 15812.3900
v 154.8665 152.7075 15812.3900
v 154.9790 152.6289 15812.3900
v 154.9417 152.6548 15812.3900
v 155.0556 152.5782 15812.3900
v 155.0179 152.6034 15812.3900
v 155.1331 152.5288 15812.3900
v 155.0949 152.5534 15812.3900
v 155.2115 152.4808 15812.3900
v 155.1729 152.5047 15812.3900
v 155.2906 152.4342 15812.3900
v 155.2516 152.4574 15812.3900
v 155.3706 152.3890 15812.3900
v 155.3311 152.4115 15812.3900
v 155.4513 152.3451 15812.3900
v 155.4115 152.3670 15812.3900
v 155.5328 152.3027 15812.3900
v 155.4926 152.3239 15812.3900
v 155.6150 152.2617 15812.3900
v 155.5745 152.2822 15812.3900
v 155.6979 152.2222 15812.3900
v 155.6570 152.2419 15812.3900
v 155.7815 152.1841 15812.3900
v 155.7403 152.2031 15812.3900
v 155.8658 152.1474 15812.3900
v 155.8242 152.1657 15812.3900
v 155.9507 152.1123 15812.3900
v 155.9088 152.1298 15812.3900
v 156.0361 152.0786 15812.3900
v 155.9940 152.0954 15812.3900
v 156.1222 152.0464 15812.3900
v 156.0797 152.0625 15812.3900
v 156.2088 152.0158 15812.3900
v 156.1661 152.0311 15812.3900
v 156.2959 151.9866 15812.3900
v 156.2529 152.0012 15812.3900
v 156.3835 151.9590 15812.3900
v 156.3403 151.9728 15812.3900
v 156.4716 151.9329 15812.3900
v 156.4281 151.9460 15812.3900
v 156.5602 151.9083 15812.3900
v 156.5164 151.9207 15812.3900
v 156.6491 151.8853 15812.3900
v 156.6052 151.8969 15812.3900
v 156.7384 151.8639 15812.3900
v 156.6943 151.8747 15812.3900
v 156.8281 151.8440 15812.3900
v 156.7838 151.8540 15812.3900
v 156.9181 151.8257 15812.3900
v 156.8737 151.8349 15812.3900
v 157.0085 151.8089 15812.3900
v 156.9639 151.8174 15812.3900
v 157.0991 151.7938 15812.3900
v 157.0543 151.8015 15812.3900
v 157.1899 151.7802 15812.3900
v 157.1451 151.7871 15812.3900
v 157.2810 151.7682 15812.3900
v 157.2360 151.7743 15812.3900
v 157.3723 151.7578 15812.3900
v 157.3272 151.7632 15812.3900
v 157.4637 151.7490 15812.3900
v 157.4186 151.7536 15812.3900
v 157.5553 151.7418 15812.3900
v 157.5101 151.7456 15812.3900
v 157.6470 151.7362 15812.3900
v 157.6017 151.7392 15812.3900
v 157.7388 151.7322 15812.3900
v 157.6935 151.7344 15812.3900
v 157.8307 151.7298 15812.3900
v 157.7853 151.7312 15812.3900
v 157.9225 151.7290 15812.3900
v 157.8771 151.7296 15812.3900
v 158.0144 151.7298 15812.3900
v 157.9690 151.7296 15812.3900
v 158.1062 151.7322 15812.3900
v 158.0608 151.7312 15812.3900
v 158.1980 151.7362 15812.3900
v 158.1526 151.7344 15812.3900
v 158.2897 151.7418 15812.3900
v 158.2444 151.7392 15812.3900
v 158.3813 151.7490 15812.3900
v 158.3360 151.7457 15812.3900
v 158.4727 151.7578 15812.3900
v 158.4275 151.7537 15812.3900
v 158.5640 151.7682 15812.3900
v 158.5189 151.7633 15812.3900
v 158.6551 151.7802 15812.3900
v 158.6101 151.7745 15812.3900
v 158.7460 151.7938 15812.3900
v 158.7010 151.7873 15812.3900
v 158.8366 151.8089 15812.3900
v 158.7918 151.8017 15812.3900
v 158.9269 151.8257 15812.3900
v 158.8822 151.8176 15812.3900
v 159.0169 151.8440 15812.3900
v 158.9724 151.8351 15812.3900
v 159.1066 151.8639 15812.3900
v 159.0623 151.8543 15812.3900
v 159.1960 151.8853 15812.3900
v 159.1518 151.8749 15812.3900
v 159.2849 151.9083 15812.3900
v 159.2409 151.8972 15812.3900
v 159.3734 151.9329 15812.3900
v 159.3296 151.9209 15812.3900
v 159.4615 151.9590 15812.3900
v 159.4179 151.9463 15812.3900
v 159.5491 151.9866 15812.3900
v 159.5058 151.9731 15812.3900
v 159.6363 152.0158 15812.3900
v 159.5931 152.0015 15812.3900
v 159.7229 152.0464 15812.3900
v 159.6800 152.0315 15812.3900
v 159.8089 152.0786 15812.3900
v 159.7663 152.0629 15812.3900
v 159.8944 152.1123 15812.3900
v 159.8521 152.0958 15812.3900
v 159.9793 152.1474 15812.3900
v 159.9372 152.1302 15812.3900
v 160.0635 152.1841 15812.3900
v 160.0218 152.1661 15812.3900
v 160.1471 152.2222 15812.3900
v 160.1057 152.2035 15812.3900
v 160.2300 152.2617 15812.3900
v 160.1890 152.2423 15812.3900
v 160.3123 152.3027 15812.3900
v 160.2715 152.2826 15812.3900
v 160.3937 152.3451 15812.3900
v 160.3534 152.3243 15812.3900
v 160.4745 152.3890 15812.3900
v 160.4345 152.3675 15812.3900
v 160.5544 152.4342 15812.3900
v 160.5148 152.4120 15812.3900
v 160.6336 152.4808 15812.3900
v 160.5944 152.4579 15812.3900
v 160.7119 152.5288 15812.3900
v 160.6731 152.5053 15812.3900
v 160.7894 152.5782 15812.3900
v 160.7510 152.5540 15812.3900
v 160.8660 152.6289 15812.3900
v 160.8280 152.6040 15812.3900
v 160.9417 152.6809 15812.3900
v 160.9042 152.6554 15812.3900
v 161.0165 152.7343 15812.3900
v 160.9794 152.7081 15812.3900
v 161.0904 152.7889 15812.3900
v 161.0538 152.7621 15812.3900
v 161.1633 152.8448 15812.3900
v 161.1271 152.8174 15812.3900
v 161.2352 152.9020 15812.3900
v 161.1995 152.8739 15812.3900
v 161.3060 152.9605 15812.3900
v 161.2709 152.9317 15812.3900
v 161.3759 153.0201 15812.3900
v 161.3412 152.9908 15812.3900
v 161.4447 153.0810 15812.3900
v 161.4106 153.0511 15812.3900
v 161.5124 153.1431 15812.3900
v 161.4788 153.1126 15812.3900
v 161.5791 153.2063 15812.3900
v 161.5460 153.1752 15812.3900
v 161.6446 153.2707 15812.3900
v 161.6121 153.2390 15812.3900
v 161.7090 153.3362 15812.3900
v 161.6770 153.3040 15812.3900
v 161.7722 153.4029 15812.3900
v 161.7408 153.3701 15812.3900
v 161.8343 153.4706 15812.3900
v 161.8035 153.4373 15812.3900
v 161.8952 153.5394 15812.3900
v 161.8649 153.5056 15812.3900
v 161.9548 153.6093 15812.3900
v 161.9252 153.5749 15812.3900
v 162.0133 153.6802 15812.3900
v 161.9843 153.6453 15812.3900
v 162.0705 153.7521 15812.3900
v 162.0421 153.7167 15812.3900
v 162.1264 153.8250 15812.3900
v 162.0986 153.7891 15812.3900
v 162.1810 153.8988 15812.3900
v 162.1539 153.8624 15812.3900
v 162.2344 153.9736 15812.3900
v 162.2079 153.9368 15812.3900
v 162.2864 154.0493 15812.3900
v 162.2605 154.0120 15812.3900
v 162.3371 154.1259 15812.3900
v 162.3119 154.0882 15812.3900
v 162.3865 154.2034 15812.3900
v 162.3619 154.1652 15812.3900
v 162.4345 154.2817 15812.3900
v 162.4106 154.2431 15812.3900
v 162.4811 154.3609 15812.3900
v 162.4579 154.3219 15812.3900
v 162.5264 154.4409 15812.3900
v 162.5038 154.4014 15812.3900
v 162.5702 154.5216 15812.3900
v 162.5484 154.4818 15812.3900
v 162.6126 154.6031 15812.3900
v 162.5915 154.5629 15812.3900
v 162.6536 154.6853 15812.3900
v 162.6332 154.6447 15812.3900
v 162.6932 154.7682 15812.3900
v 162.6734 154.7273 15812.3900
v 162.7313 154.8518 15812.3900
v 162.7122 154.8106 15812.3900
v 162.7679 154.9361 15812.3900
v 162.7496 154.8945 15812.3900
v 162.8031 155.0209 15812.3900
v 162.7855 154.9791 15812.3900
v 162.8367 155.1064 15812.3900
v 162.8199 155.0642 15812.3900
v 162.8689 155.1925 15812.3900
v 162.8528 155.1500 15812.3900
v 162.8996 155.2791 15812.3900
v 162.8842 155.2363 15812.3900
v 162.9287 155.3662 15812.3900
v 162.9141 155.3232 15812.3900
v 162.9563 155.4538 15812.3900
v 162.9425 155.4106 15812.3900
v 162.9824 155.5419 15812.3900
v 162.9693 155.4984 15812.3900
v 163.0070 155.6304 15812.3900
v 162.9947 155.5867 15812.3900
v 163.0300 155.7194 15812.3900
v 163.0184 155.6755 15812.3900
v 163.0514 155.8087 15812.3900
v 163.0406 155.7646 15812.3900
v 163.0713 155.8984 15812.3900
v 163.0613 155.8541 15812.3900
v 163.0896 155.9884 15812.3900
v 163.0804 155.9440 15812.3900
v 163.1064 156.0788 15812.3900
v 163.0979 156.0341 15812.3900
v 163.1215 156.1694 15812.3900
v 163.1138 156.1246 15812.3900
v 163.1351 156.2602 15812.3900
v 163.1282 156.2153 15812.3900
v 163.1471 156.3513 15812.3900
v 163.1410 156.3063 15812.3900
v 163.1575 156.4426 15812.3900
v 163.1522 156.3975 15812.3900
v 163.1663 156.5340 15812.3900
v 163.1618 156.4889 15812.3900
v 163.1735 156.6256 15812.3900
v 163.1698 156.5804 15812.3900
v 163.1791 156.7173 15812.3900
v 163.1762 156.6720 15812.3900
v 163.1831 156.8091 15812.3900
v 163.1810 156.7637 15812.3900
v 163.1855 156.9009 15812.3900
v 163.1842 156.8556 15812.3900
v 163.1863 156.9928 15812.3900
v 163.1857 156.9474 15812.3900
v 163.1855 157.0847 15812.3900
v 163.1857 157.0393 15812.3900
v 163.1831 157.1765 15812.3900
v 163.1841 157.1311 15812.3900
v 163.1791 157.2683 15812.3900
v 163.1809 157.2229 15812.3900
v 163.1735 157.3600 15812.3900
v 163.1761 157.3147 15812.3900
v 163.1663 157.4516 15812.3900
v 163.1697 157.4063 15812.3900
v 163.1575 157.5430 15812.3900
v 163.1617 157.4978 15812.3900
v 163.1471 157.6343 15812.3900
v 163.1521 157.5892 15812.3900
v 163.1351 157.7254 15812.3900
v 163.1409 157.6803 15812.3900
v 163.1215 157.8163 15812.3900
v 163.1281 157.7713 15812.3900
v 163.1064 157.9069 15812.3900
v 163.1137 157.8620 15812.3900
v 163.0896 157.9972 15812.3900
v 163.0977 157.9525 15812.3900
v 163.0713 158.0872 15812.3900
v 163.0802 158.0427 15812.3900
v 163.0514 158.1769 15812.3900
v 163.0611 158.1325 15812.3900
v 163.0300 158.2662 15812.3900
v 163.0404 158.2220 15812.3900
v 163.0070 158.3552 15812.3900
v 163.0182 158.3112 15812.3900
v 162.9824 158.4437 15812.3900
v 162.9944 158.3999 15812.3900
v 162.9563 158.5318 15812.3900
v 162.9690 158.4882 15812.3900
v 162.9287 158.6194 15812.3900
v 162.9422 158.5760 15812.3900
v 162.8996 158.7065 15812.3900
v 162.9138 158.6634 15812.3900
v 162.8689 158.7931 15812.3900
v 162.8839 158.7503 15812.3900
v 162.8367 158.8792 15812.3900
v 162.8524 158.8366 15812.3900
v 162.8031 158.9647 15812.3900
v 162.8195 158.9223 15812.3900
v 162.7679 159.0495 15812.3900
v 162.7851 159.0075 15812.3900
v 162.7313 159.1338 15812.3900
v 162.7492 159.0921 15812.3900
v 162.6932 159.2174 15812.3900
v 162.7118 159.1760 15812.3900
v 162.6536 159.3003 15812.3900
v 162.6730 159.2592 15812.3900
v 162.6126 159.3825 15812.3900
v 162.6327 159.3418 15812.3900
v 162.5702 159.4640 15812.3900
v 162.5910 159.4236 15812.3900
v 162.5264 159.5448 15812.3900
v 162.5479 159.5048 15812.3900
v 162.4811 159.6247 15812.3900
v 162.5033 159.5851 15812.3900
v 162.4345 159.7039 15812.3900
v 162.4574 159.6646 15812.3900
v 162.3865 159.7822 15812.3900
v 162.4100 159.7434 15812.3900
v 162.3371 159.8597 15812.3900
v 162.3614 159.8213 15812.3900
v 162.2864 159.9363 15812.3900
v 162.3113 159.8983 15812.3900
v 162.2344 160.0120 15812.3900
v 162.2599 159.9745 15812.3900
v 162.1810 160.0868 15812.3900
v 162.2072 160.0497 15812.3900
v 162.1264 160.1606 15812.3900
v 162.1532 160.1240 15812.3900
v 162.0705 160.2335 15812.3900
v 162.0980 160.1974 15812.3900
v 162.0133 160.3054 15812.3900
v 162.0414 160.2698 15812.3900
v 161.9548 160.3763 15812.3900
v 161.9836 160.3412 15812.3900
v 161.8952 160.4462 15812.3900
v 161.9245 160.4115 15812.3900
v 161.8343 160.5150 15812.3900
v 161.8642 160.4809 15812.3900
v 161.7722 160.5827 15812.3900
v 161.8028 160.5491 15812.3900
v 161.7090 160.6494 15812.3900
v 161.7401 160.6163 15812.3900
v 161.6446 160.7149 15812.3900
v 161.6763 160.6824 15812.3900
v 161.5791 160.7793 15812.3900
v 161.6113 160.7473 15812.3900
v 161.5124 160.8425 15812.3900
v 161.5452 160.8111 15812.3900
v 161.4447 160.9046 15812.3900
v 161.4780 160.8738 15812.3900
v 161.3759 160.9655 15812.3900
v 161.4098 160.9352 15812.3900
v 161.3060 161.0251 15812.3900
v 161.3404 160.9955 15812.3900
v 161.2352 161.0836 15812.3900
v 161.2701 161.0545 15812.3900
v 161.1633 161.1407 15812.3900
v 161.1987 161.1123 15812.3900
v 161.0904 161.1967 15812.3900
v 161.1263 161.1689 15812.3900
v 161.0165 161.2513 15812.3900
v 161.0529 161.2242 15812.3900
v 160.9417 161.3047 15812.3900
v 160.9786 161.2782 15812.3900
v 160.8660 161.3567 15812.3900
v 160.9033 161.3308 15812.3900
v 160.7894 161.4074 15812.3900
v 160.8272 161.3822 15812.3900
v 160.7119 161.4568 15812.3900
v 160.7501 161.4322 15812.3900
v 160.6336 161.5048 15812.3900
v 160.6722 161.4809 15812.3900
v 160.5544 161.5514 15812.3900
v 160.5935 161.5282 15812.3900
v 160.4745 161.5966 15812.3900
v 160.5139 161.5741 15812.3900
v 160.3937 161.6405 15812.3900
v 160.4335 161.6186 15812.3900
v 160.3123 161.6829 15812.3900
v 160.3524 161.6618 15812.3900
v 160.2300 161.7239 15812.3900
v 160.2706 161.7035 15812.3900
v 160.1471 161.7634 15812.3900
v 160.1880 161.7437 15812.3900
v 160.0635 161.8015 15812.3900
v 160.1048 161.7825 15812.3900
v 159.9793 161.8382 15812.3900
v 160.0208 161.8199 15812.3900
v 159.8944 161.8733 15812.3900
v 159.9363 161.8558 15812.3900
v 159.8089 161.9070 15812.3900
v 159.8511 161.8902 15812.3900
v 159.7229 161.9392 15812.3900
v 159.7653 161.9231 15812.3900
v 159.6363 161.9698 15812.3900
v 159.6790 161.9545 15812.3900
v 159.5491 161.9990 15812.3900
v 159.5921 161.9844 15812.3900
v 159.4615 162.0266 15812.3900
v 159.5048 162.0128 15812.3900
v 159.3734 162.0527 15812.3900
v 159.4169 162.0396 15812.3900
v 159.2849 162.0773 15812.3900
v 159.3286 162.0649 15812.3900
v 159.1960 162.1003 15812.3900
v 159.2399 162.0887 15812.3900
v 159.1066 162.1217 15812.3900
v 159.1507 162.1109 15812.3900
v 159.0169 162.1416 15812.3900
v 159.0612 162.1316 15812.3900
v 158.9269 162.1599 15812.3900
v 158.9714 162.1507 15812.3900
v 158.8366 162.1767 15812.3900
v 158.8812 162.1682 15812.3900
v 158.7460 162.1918 15812.3900
v 158.7907 162.1841 15812.3900
v 158.6551 162.2054 15812.3900
v 158.7000 162.1985 15812.3900
v 158.5640 162.2174 15812.3900
v 158.6090 162.2113 15812.3900
v 158.4727 162.2278 15812.3900
v 158.5178 162.2225 15812.3900
v 158.3813 162.2366 15812.3900
v 158.4265 162.2320 15812.3900
v 158.2897 162.2438 15812.3900
v 158.3350 162.2400 15812.3900
v 158.1980 162.2494 15812.3900
v 158.2433 162.2464 15812.3900
v 158.1062 162.2534 15812.3900
v 158.1516 162.2512 15812.3900
v 158.0144 162.2558 15812.3900
v 158.0598 162.2544 15812.3900
v 157.9679 162.2560 15812.3900
v 157.9225 162.2566 15886.0500
v 158.0144 162.2558 15886.0500
v 157.9690 162.2564 15886.0500
v 158.1062 162.2534 15886.0500
v 158.0609 162.2548 15886.0500
v 158.1980 162.2494 15886.0500
v 158.1527 162.2516 15886.0500
v 158.2897 162.2438 15886.0500
v 158.2444 162.2468 15886.0500
v 158.3813 162.2366 15886.0500
v 158.3360 162.2404 15886.0500
v 158.4727 162.2278 15886.0500
v 158.4276 162.2323 15886.0500
v 158.5640 162.2174 15886.0500
v 158.5189 162.2227 15886.0500
v 158.6551 162.2054 15886.0500
v 158.6101 162.2115 15886.0500
v 158.7460 162.1918 15886.0500
v 158.7011 162.1987 15886.0500
v 158.8366 162.1767 15886.0500
v 158.7918 162.1844 15886.0500
v 158.9269 162.1599 15886.0500
v 158.8823 162.1684 15886.0500
v 159.0169 162.1416 15886.0500
v 158.9725 162.1508 15886.0500
v 159.1066 162.1217 15886.0500
v 159.0623 162.1317 15886.0500
v 159.1960 162.1003 15886.0500
v 159.1519 162.1111 15886.0500
v 159.2849 162.0773 15886.0500
v 159.2410 162.0888 15886.0500
v 159.3734 162.0527 15886.0500
v 159.3297 162.0650 15886.0500
v 159.4615 162.0266 15886.0500
v 159.4180 162.0397 15886.0500
v 159.5491 161.9990 15886.0500
v 159.5059 162.0128 15886.0500
v 159.6363 161.9698 15886.0500
v 159.5933 161.9844 15886.0500
v 159.7229 161.9392 15886.0500
v 159.6801 161.9545 15886.0500
v 159.8089 161.9070 15886.0500
v 159.7664 161.9231 15886.0500
v 159.8944 161.8733 15886.0500
v 159.8522 161.8902 15886.0500
v 159.9793 161.8382 15886.0500
v 159.9374 161.8557 15886.0500
v 160.0635 161.8015 15886.0500
v 160.0220 161.8198 15886.0500
v 160.1471 161.7634 15886.0500
v 160.1059 161.7825 15886.0500
v 160.2300 161.7239 15886.0500
v 160.1891 161.7436 15886.0500
v 160.3123 161.6829 15886.0500
v 160.2717 161.7033 15886.0500
v 160.3937 161.6405 15886.0500
v 160.3536 161.6616 15886.0500
v 160.4745 161.5966 15886.0500
v 160.4347 161.6185 15886.0500
v 160.5544 161.5514 15886.0500
v 160.5150 161.5739 15886.0500
v 160.6336 161.5048 15886.0500
v 160.5946 161.5280 15886.0500
v 160.7119 161.4568 15886.0500
v 160.6733 161.4807 15886.0500
v 160.7894 161.4074 15886.0500
v 160.7512 161.4320 15886.0500
v 160.8660 161.3567 15886.0500
v 160.8283 161.3819 15886.0500
v 160.9417 161.3047 15886.0500
v 160.9044 161.3306 15886.0500
v 161.0165 161.2513 15886.0500
v 160.9797 161.2779 15886.0500
v 161.0904 161.1967 15886.0500
v 161.0540 161.2238 15886.0500
v 161.1633 161.1407 15886.0500
v 161.1274 161.1685 15886.0500
v 161.2352 161.0836 15886.0500
v 161.1998 161.1120 15886.0500
v 161.3060 161.0251 15886.0500
v 161.2711 161.0542 15886.0500
v 161.3759 160.9655 15886.0500
v 161.3415 160.9951 15886.0500
v 161.4447 160.9046 15886.0500
v 161.4108 160.9348 15886.0500
v 161.5124 160.8425 15886.0500
v 161.4791 160.8733 15886.0500
v 161.5791 160.7793 15886.0500
v 161.5463 160.8107 15886.0500
v 161.6446 160.7149 15886.0500
v 161.6124 160.7469 15886.0500
v 161.7090 160.6494 15886.0500
v 161.6773 160.6819 15886.0500
v 161.7722 160.5827 15886.0500
v 161.7411 160.6158 15886.0500
v 161.8343 160.5150 15886.0500
v 161.8038 160.5486 15886.0500
v 161.8952 160.4462 15886.0500
v 161.8652 160.4803 15886.0500
v 161.9548 160.3763 15886.0500
v 161.9255 160.4110 15886.0500
v 162.0133 160.3054 15886.0500
v 161.9846 160.3406 15886.0500
v 162.0705 160.2335 15886.0500
v 162.0424 160.2692 15886.0500
v 162.1264 160.1606 15886.0500
v 162.0989 160.1968 15886.0500
v 162.1810 160.0868 15886.0500
v 162.1542 160.1234 15886.0500
v 162.2344 160.0120 15886.0500
v 162.2082 160.0491 15886.0500
v 162.2864 159.9363 15886.0500
v 162.2609 159.9738 15886.0500
v 162.3371 159.8597 15886.0500
v 162.3122 159.8977 15886.0500
v 162.3865 159.7822 15886.0500
v 162.3623 159.8206 15886.0500
v 162.4345 159.7039 15886.0500
v 162.4109 159.7427 15886.0500
v 162.4811 159.6247 15886.0500
v 162.4583 159.6639 15886.0500
v 162.5264 159.5448 15886.0500
v 162.5042 159.5844 15886.0500
v 162.5702 159.4640 15886.0500
v 162.5487 159.5040 15886.0500
v 162.6126 159.3825 15886.0500
v 162.5918 159.4229 15886.0500
v 162.6536 159.3003 15886.0500
v 162.6335 159.3410 15886.0500
v 162.6932 159.2174 15886.0500
v 162.6738 159.2585 15886.0500
v 162.7313 159.1338 15886.0500
v 162.7126 159.1752 15886.0500
v 162.7679 159.0495 15886.0500
v 162.7500 159.0913 15886.0500
v 162.8031 158.9647 15886.0500
v 162.7859 159.0067 15886.0500
v 162.8367 158.8792 15886.0500
v 162.8203 158.9215 15886.0500
v 162.8689 158.7931 15886.0500
v 162.8532 158.8357 15886.0500
v 162.8996 158.7065 15886.0500
v 162.8846 158.7494 15886.0500
v 162.9287 158.6194 15886.0500
v 162.9145 158.6625 15886.0500
v 162.9563 158.5318 15886.0500
v 162.9429 158.5752 15886.0500
v 162.9824 158.4437 15886.0500
v 162.9697 158.4873 15886.0500
v 163.0070 158.3552 15886.0500
v 162.9950 158.3990 15886.0500
v 163.0300 158.2662 15886.0500
v 163.0188 158.3102 15886.0500
v 163.0514 158.1769 15886.0500
v 163.0410 158.2211 15886.0500
v 163.0713 158.0872 15886.0500
v 163.0617 158.1316 15886.0500
v 163.0896 157.9972 15886.0500
v 163.0808 158.0417 15886.0500
v 163.1064 157.9069 15886.0500
v 163.0983 157.9515 15886.0500
v 163.1215 157.8163 15886.0500
v 163.1142 157.8611 15886.0500
v 163.1351 157.7254 15886.0500
v 163.1286 157.7703 15886.0500
v 163.1471 157.6343 15886.0500
v 163.1414 157.6793 15886.0500
v 163.1575 157.5430 15886.0500
v 163.1526 157.5882 15886.0500
v 163.1663 157.4516 15886.0500
v 163.1622 157.4968 15886.0500
v 163.1735 157.3600 15886.0500
v 163.1702 157.4053 15886.0500
v 163.1791 157.2683 15886.0500
v 163.1766 157.3136 15886.0500
v 163.1831 157.1765 15886.0500
v 163.1814 157.2219 15886.0500
v 163.1855 157.0847 15886.0500
v 163.1846 157.1301 15886.0500
v 163.1863 156.9928 15886.0500
v 163.1862 157.0382 15886.0500
v 163.1855 156.9009 15886.0500
v 163.1861 156.9463 15886.0500
v 163.1831 156.8091 15886.0500
v 163.1845 156.8545 15886.0500
v 163.1791 156.7173 15886.0500
v 163.1813 156.7627 15886.0500
v 163.1735 156.6256 15886.0500
v 163.1765 156.6709 15886.0500
v 163.1663 156.5340 15886.0500
v 163.1701 156.5793 15886.0500
v 163.1575 156.4426 15886.0500
v 163.1621 156.4878 15886.0500
v 163.1471 156.3513 15886.0500
v 163.1525 156.3964 15886.0500
v 163.1351 156.2602 15886.0500
v 163.1413 156.3052 15886.0500
v 163.1215 156.1694 15886.0500
v 163.1284 156.2142 15886.0500
v 163.1064 156.0788 15886.0500
v 163.1141 156.1235 15886.0500
v 163.0896 155.9884 15886.0500
v 163.0981 156.0330 15886.0500
v 163.0713 155.8984 15886.0500
v 163.0806 155.9428 15886.0500
v 163.0514 155.8087 15886.0500
v 163.0615 155.8530 15886.0500
v 163.0300 155.7194 15886.0500
v 163.0408 155.7635 15886.0500
v 163.0070 155.6304 15886.0500
v 163.0186 155.6743 15886.0500
v 162.9824 155.5419 15886.0500
v 162.9948 155.5856 15886.0500
v 162.9563 155.4538 15886.0500
v 162.9694 155.4973 15886.0500
v 162.9287 155.3662 15886.0500
v 162.9426 155.4094 15886.0500
v 162.8996 155.2791 15886.0500
v 162.9142 155.3221 15886.0500
v 162.8689 155.1925 15886.0500
v 162.8842 155.2352 15886.0500
v 162.8367 155.1064 15886.0500
v 162.8528 155.1489 15886.0500
v 162.8031 155.0209 15886.0500
v 162.8199 155.0631 15886.0500
v 162.7679 154.9361 15886.0500
v 162.7855 154.9779 15886.0500
v 162.7313 154.8518 15886.0500
v 162.7496 154.8934 15886.0500
v 162.6932 154.7682 15886.0500
v 162.7122 154.8094 15886.0500
v 162.6536 154.6853 15886.0500
v 162.6733 154.7262 15886.0500
v 162.6126 154.6031 15886.0500
v 162.6331 154.6436 15886.0500
v 162.5702 154.5216 15886.0500
v 162.5914 154.5618 15886.0500
v 162.5264 154.4409 15886.0500
v 162.5482 154.4807 15886.0500
v 162.4811 154.3609 15886.0500
v 162.5037 154.4003 15886.0500
v 162.4345 154.2817 15886.0500
v 162.4577 154.3208 15886.0500
v 162.3865 154.2034 15886.0500
v 162.4104 154.2420 15886.0500
v 162.3371 154.1259 15886.0500
v 162.3617 154.1641 15886.0500
v 162.2864 154.0493 15886.0500
v 162.3117 154.0871 15886.0500
v 162.2344 153.9736 15886.0500
v 162.2603 154.0109 15886.0500
v 162.1810 153.8988 15886.0500
v 162.2076 153.9357 15886.0500
v 162.1264 153.8250 15886.0500
v 162.1536 153.8613 15886.0500
v 162.0705 153.7521 15886.0500
v 162.0983 153.7880 15886.0500
v 162.0133 153.6802 15886.0500
v 162.0417 153.7156 15886.0500
v 161.9548 153.6093 15886.0500
v 161.9839 153.6442 15886.0500
v 161.8952 153.5394 15886.0500
v 161.9248 153.5738 15886.0500
v 161.8343 153.4706 15886.0500
v 161.8645 153.5045 15886.0500
v 161.7722 153.4029 15886.0500
v 161.8031 153.4362 15886.0500
v 161.7090 153.3362 15886.0500
v 161.7404 153.3690 15886.0500
v 161.6446 153.2707 15886.0500
v 161.6766 153.3030 15886.0500
v 161.5791 153.2063 15886.0500
v 161.6116 153.2380 15886.0500
v 161.5124 153.1431 15886.0500
v 161.5455 153.1742 15886.0500
v 161.4447 153.0810 15886.0500
v 161.4783 153.1115 15886.0500
v 161.3759 153.0201 15886.0500
v 161.4100 153.0501 15886.0500
v 161.3060 152.9605 15886.0500
v 161.3407 152.9898 15886.0500
v 161.2352 152.9020 15886.0500
v 161.2703 152.9308 15886.0500
v 161.1633 152.8448 15886.0500
v 161.1989 152.8730 15886.0500
v 161.0904 152.7889 15886.0500
v 161.1265 152.8164 15886.0500
v 161.0165 152.7343 15886.0500
v 161.0531 152.7611 15886.0500
v 160.9417 152.6809 15886.0500
v 160.9788 152.7071 15886.0500
v 160.8660 152.6289 15886.0500
v 160.9035 152.6544 15886.0500
v 160.7894 152.5782 15886.0500
v 160.8274 152.6031 15886.0500
v 160.7119 152.5288 15886.0500
v 160.7503 152.5531 15886.0500
v 160.6336 152.4808 15886.0500
v 160.6724 152.5044 15886.0500
v 160.5544 152.4342 15886.0500
v 160.5937 152.4571 15886.0500
v 160.4745 152.3890 15886.0500
v 160.5141 152.4111 15886.0500
v 160.3937 152.3451 15886.0500
v 160.4337 152.3666 15886.0500
v 160.3123 152.3027 15886.0500
v 160.3526 152.3235 15886.0500
v 160.2300 152.2617 15886.0500
v 160.2708 152.2818 15886.0500
v 160.1471 152.2222 15886.0500
v 160.1882 152.2415 15886.0500
v 160.0635 152.1841 15886.0500
v 160.1049 152.2027 15886.0500
v 159.9793 152.1474 15886.0500
v 160.0210 152.1653 15886.0500
v 159.8944 152.1123 15886.0500
v 159.9364 152.1295 15886.0500
v 159.8089 152.0786 15886.0500
v 159.8512 152.0951 15886.0500
v 159.7229 152.0464 15886.0500
v 159.7655 152.0621 15886.0500
v 159.6363 152.0158 15886.0500
v 159.6791 152.0307 15886.0500
v 159.5491 151.9866 15886.0500
v 159.5923 152.0008 15886.0500
v 159.4615 151.9590 15886.0500
v 159.5049 151.9724 15886.0500
v 159.3734 151.9329 15886.0500
v 159.4170 151.9456 15886.0500
v 159.2849 151.9083 15886.0500
v 159.3287 151.9203 15886.0500
v 159.1960 151.8853 15886.0500
v 159.2400 151.8965 15886.0500
v 159.1066 151.8639 15886.0500
v 159.1508 151.8743 15886.0500
v 159.0169 151.8440 15886.0500
v 159.0613 151.8536 15886.0500
v 158.9269 151.8257 15886.0500
v 158.9714 151.8345 15886.0500
v 158.8366 151.8089 15886.0500
v 158.8813 151.8170 15886.0500
v 158.7460 151.7938 15886.0500
v 158.7908 151.8011 15886.0500
v 158.6551 151.7802 15886.0500
v 158.7000 151.7867 15886.0500
v 158.5640 151.7682 15886.0500
v 158.6091 151.7739 15886.0500
v 158.4727 151.7578 15886.0500
v 158.5179 151.7628 15886.0500
v 158.3813 151.7490 15886.0500
v 158.4265 151.7532 15886.0500
v 158.2897 151.7418 15886.0500
v 158.3350 151.7452 15886.0500
v 158.1980 151.7362 15886.0500
v 158.2433 151.7388 15886.0500
v 158.1062 151.7322 15886.0500
v 158.1516 151.7340 15886.0500
v 158.0144 151.7298 15886.0500
v 158.0598 151.7308 15886.0500
v 157.9225 151.7290 15886.0500
v 157.9679 151.7292 15886.0500
v 157.8307 151.7298 15886.0500
v 157.8761 151.7292 15886.0500
v 157.7388 151.7322 15886.0500
v 157.7842 151.7308 15886.0500
v 157.6470 151.7362 15886.0500
v 157.6924 151.7340 15886.0500
v 157.5553 151.7418 15886.0500
v 157.6006 151.7388 15886.0500
v 157.4637 151.7490 15886.0500
v 157.5090 151.7453 15886.0500
v 157.3723 151.7578 15886.0500
v 157.4175 151.7533 15886.0500
v 157.2810 151.7682 15886.0500
v 157.3261 151.7629 15886.0500
v 157.1899 151.7802 15886.0500
v 157.2349 151.7741 15886.0500
v 157.0991 151.7938 15886.0500
v 157.1440 151.7869 15886.0500
v 157.0085 151.8089 15886.0500
v 157.0532 151.8013 15886.0500
v 156.9181 151.8257 15886.0500
v 156.9628 151.8172 15886.0500
v 156.8281 151.8440 15886.0500
v 156.8726 151.8348 15886.0500
v 156.7384 151.8639 15886.0500
v 156.7827 151.8539 15886.0500
v 156.6491 151.8853 15886.0500
v 156.6932 151.8745 15886.0500
v 156.5602 151.9083 15886.0500
v 156.6040 151.8968 15886.0500
v 156.4716 151.9329 15886.0500
v 156.5153 151.9206 15886.0500
v 156.3835 151.9590 15886.0500
v 156.4270 151.9459 15886.0500
v 156.2959 151.9866 15886.0500
v 156.3392 151.9728 15886.0500
v 156.2088 152.0158 15886.0500
v 156.2518 152.0012 15886.0500
v 156.1222 152.0464 15886.0500
v 156.1649 152.0311 15886.0500
v 156.0361 152.0786 15886.0500
v 156.0786 152.0625 15886.0500
v 155.9507 152.1123 15886.0500
v 155.9928 152.0954 15886.0500
v 155.8658 152.1474 15886.0500
v 155.9077 152.1299 15886.0500
v 155.7815 152.1841 15886.0500
v 155.8231 152.1658 15886.0500
v 155.6979 152.2222 15886.0500
v 155.7392 152.2032 15886.0500
v 155.6150 152.2617 15886.0500
v 155.6559 152.2420 15886.0500
v 155.5328 152.3027 15886.0500
v 155.5733 152.2823 15886.0500
v 155.4513 152.3451 15886.0500
v 155.4915 152.3240 15886.0500
v 155.3706 152.3890 15886.0500
v 155.4104 152.3671 15886.0500
v 155.2906 152.4342 15886.0500
v 155.3300 152.4117 15886.0500
v 155.2115 152.4808 15886.0500
v 155.2505 152.4576 15886.0500
v 155.1331 152.5288 15886.0500
v 155.1717 152.5049 15886.0500
v 155.0556 152.5782 15886.0500
v 155.0938 152.5536 15886.0500
v 154.9790 152.6289 15886.0500
v 155.0168 152.6037 15886.0500
v 154.9033 152.6809 15886.0500
v 154.9406 152.6550 15886.0500
v 154.8285 152.7343 15886.0500
v 154.8654 152.7077 15886.0500
v 154.7547 152.7889 15886.0500
v 154.7911 152.7618 15886.0500
v 154.6818 152.8448 15886.0500
v 154.7177 152.8170 15886.0500
v 154.6099 152.9020 15886.0500
v 154.6453 152.8736 15886.0500
v 154.5390 152.9605 15886.0500
v 154.5739 152.9314 15886.0500
v 154.4691 153.0201 15886.0500
v 154.5035 152.9905 15886.0500
v 154.4003 153.0810 15886.0500
v 154.4342 153.0508 15886.0500
v 154.3326 153.1431 15886.0500
v 154.3660 153.1123 15886.0500
v 154.2660 153.2063 15886.0500
v 154.2988 153.1749 15886.0500
v 154.2004 153.2707 15886.0500
v 154.2327 153.2388 15886.0500
v 154.1360 153.3362 15886.0500
v 154.1677 153.3037 15886.0500
v 154.0728 153.4029 15886.0500
v 154.1039 153.3698 15886.0500
v 154.0107 153.4706 15886.0500
v 154.0413 153.4370 15886.0500
v 153.9499 153.5394 15886.0500
v 153.9798 153.5053 15886.0500
v 153.8902 153.6093 15886.0500
v 153.9195 153.5746 15886.0500
v 153.8318 153.6802 15886.0500
v 153.8605 153.6450 15886.0500
v 153.7746 153.7521 15886.0500
v 153.8027 153.7164 15886.0500
v 153.7186 153.8250 15886.0500
v 153.7461 153.7888 15886.0500
v 153.6640 153.8988 15886.0500
v 153.6908 153.8622 15886.0500
v 153.6107 153.9736 15886.0500
v 153.6369 153.9365 15886.0500
v 153.5586 154.0493 15886.0500
v 153.5842 154.0118 15886.0500
v 153.5079 154.1259 15886.0500
v 153.5328 154.0880 15886.0500
v 153.4585 154.2034 15886.0500
v 153.4828 154.1650 15886.0500
v 153.4106 154.2817 15886.0500
v 153.4341 154.2429 15886.0500
v 153.3639 154.3609 15886.0500
v 153.3868 154.3217 15886.0500
v 153.3187 154.4409 15886.0500
v 153.3409 154.4012 15886.0500
v 153.2748 154.5216 15886.0500
v 153.2963 154.4816 15886.0500
v 153.2324 154.6031 15886.0500
v 153.2532 154.5627 15886.0500
v 153.1914 154.6853 15886.0500
v 153.2115 154.6446 15886.0500
v 153.1519 154.7682 15886.0500
v 153.1712 154.7271 15886.0500
v 153.1138 154.8518 15886.0500
v 153.1324 154.8104 15886.0500
v 153.0771 154.9361 15886.0500
v 153.0951 154.8943 15886.0500
v 153.0420 155.0209 15886.0500
v 153.0592 154.9789 15886.0500
v 153.0083 155.1064 15886.0500
v 153.0248 155.0641 15886.0500
v 152.9762 155.1925 15886.0500
v 152.9919 155.1499 15886.0500
v 152.9455 155.2791 15886.0500
v 152.9604 155.2362 15886.0500
v 152.9163 155.3662 15886.0500
v 152.9305 155.3231 15886.0500
v 152.8887 155.4538 15886.0500
v 152.9022 155.4104 15886.0500
v 152.8626 155.5419 15886.0500
v 152.8753 155.4983 15886.0500
v 152.8381 155.6304 15886.0500
v 152.8500 155.5866 15886.0500
v 152.8151 155.7194 15886.0500
v 152.8262 155.6754 15886.0500
v 152.7936 155.8087 15886.0500
v 152.8040 155.7645 15886.0500
v 152.7737 155.8984 15886.0500
v 152.7834 155.8540 15886.0500
v 152.7554 155.9884 15886.0500
v 152.7643 155.9439 15886.0500
v 152.7387 156.0788 15886.0500
v 152.7467 156.0341 15886.0500
v 152.7235 156.1694 15886.0500
v 152.7308 156.1245 15886.0500
v 152.7099 156.2602 15886.0500
v 152.7164 156.2153 15886.0500
v 152.6979 156.3513 15886.0500
v 152.7037 156.3063 15886.0500
v 152.6875 156.4426 15886.0500
v 152.6925 156.3974 15886.0500
v 152.6787 156.5340 15886.0500
v 152.6829 156.4888 15886.0500
v 152.6715 156.6256 15886.0500
v 152.6749 156.5803 15886.0500
v 152.6659 156.7173 15886.0500
v 152.6685 156.6720 15886.0500
v 152.6619 156.8091 15886.0500
v 152.6637 156.7637 15886.0500
v 152.6595 156.9009 15886.0500
v 152.6605 156.8555 15886.0500
v 152.6587 156.9928 15886.0500
v 152.6589 156.9474 15886.0500
v 152.6595 157.0847 15886.0500
v 152.6589 157.0393 15886.0500
v 152.6619 157.1765 15886.0500
v 152.6605 157.1311 15886.0500
v 152.6659 157.2683 15886.0500
v 152.6637 157.2229 15886.0500
v 152.6715 157.3600 15886.0500
v 152.6685 157.3147 15886.0500
v 152.6787 157.4516 15886.0500
v 152.6750 157.4063 15886.0500
v 152.6875 157.5430 15886.0500
v 152.6830 157.4978 15886.0500
v 152.6979 157.6343 15886.0500
v 152.6926 157.5892 15886.0500
v 152.7099 157.7254 15886.0500
v 152.7038 157.6804 15886.0500
v 152.7235 157.8163 15886.0500
v 152.7166 157.7714 15886.0500
v 152.7387 157.9069 15886.0500
v 152.7310 157.8621 15886.0500
v 152.7554 157.9972 15886.0500
v 152.7469 157.9526 15886.0500
v 152.7737 158.0872 15886.0500
v 152.7645 158.0428 15886.0500
v 152.7936 158.1769 15886.0500
v 152.7836 158.1326 15886.0500
v 152.8151 158.2662 15886.0500
v 152.8043 158.2221 15886.0500
v 152.8381 158.3552 15886.0500
v 152.8265 158.3113 15886.0500
v 152.8626 158.4437 15886.0500
v 152.8503 158.4000 15886.0500
v 152.8887 158.5318 15886.0500
v 152.8756 158.4883 15886.0500
v 152.9163 158.6194 15886.0500
v 152.9025 158.5762 15886.0500
v 152.9455 158.7065 15886.0500
v 152.9309 158.6635 15886.0500
v 152.9762 158.7931 15886.0500
v 152.9608 158.7504 15886.0500
v 153.0083 158.8792 15886.0500
v 152.9922 158.8367 15886.0500
v 153.0420 158.9647 15886.0500
v 153.0252 158.9225 15886.0500
v 153.0771 159.0495 15886.0500
v 153.0596 159.0077 15886.0500
v 153.1138 159.1338 15886.0500
v 153.0955 159.0922 15886.0500
v 153.1519 159.2174 15886.0500
v 153.1329 159.1762 15886.0500
v 153.1914 159.3003 15886.0500
v 153.1717 159.2594 15886.0500
v 153.2324 159.3825 15886.0500
v 153.2120 159.3420 15886.0500
v 153.2748 159.4640 15886.0500
v 153.2537 159.4238 15886.0500
v 153.3187 159.5448 15886.0500
v 153.2968 159.5049 15886.0500
v 153.3639 159.6247 15886.0500
v 153.3414 159.5853 15886.0500
v 153.4106 159.7039 15886.0500
v 153.3873 159.6649 15886.0500
v 153.4585 159.7822 15886.0500
v 153.4346 159.7436 15886.0500
v 153.5079 159.8597 15886.0500
v 153.4834 159.8215 15886.0500
v 153.5586 159.9363 15886.0500
v 153.5334 159.8985 15886.0500
v 153.6107 160.0120 15886.0500
v 153.5848 159.9747 15886.0500
v 153.6640 160.0868 15886.0500
v 153.6375 160.0500 15886.0500
v 153.7186 160.1606 15886.0500
v 153.6915 160.1243 15886.0500
v 153.7746 160.2335 15886.0500
v 153.7468 160.1976 15886.0500
v 153.8318 160.3054 15886.0500
v 153.8033 160.2700 15886.0500
v 153.8902 160.3763 15886.0500
v 153.8612 160.3414 15886.0500
v 153.9499 160.4462 15886.0500
v 153.9202 160.4118 15886.0500
v 154.0107 160.5150 15886.0500
v 153.9805 160.4811 15886.0500
v 154.0728 160.5827 15886.0500
v 154.0420 160.5494 15886.0500
v 154.1360 160.6494 15886.0500
v 154.1046 160.6166 15886.0500
v 154.2004 160.7149 15886.0500
v 154.1685 160.6826 15886.0500
v 154.2660 160.7793 15886.0500
v 154.2334 160.7476 15886.0500
v 154.3326 160.8425 15886.0500
v 154.2995 160.8114 15886.0500
v 154.4003 160.9046 15886.0500
v 154.3667 160.8741 15886.0500
v 154.4691 160.9655 15886.0500
v 154.4350 160.9355 15886.0500
v 154.5390 161.0251 15886.0500
v 154.5043 160.9958 15886.0500
v 154.6099 161.0836 15886.0500
v 154.5747 161.0548 15886.0500
v 154.6818 161.1407 15886.0500
v 154.6461 161.1126 15886.0500
v 154.7547 161.1967 15886.0500
v 154.7185 161.1692 15886.0500
v 154.8285 161.2513 15886.0500
v 154.7919 161.2245 15886.0500
v 154.9033 161.3047 15886.0500
v 154.8662 161.2785 15886.0500
v 154.9790 161.3567 15886.0500
v 154.9415 161.3312 15886.0500
v 155.0556 161.4074 15886.0500
v 155.0177 161.3825 15886.0500
v 155.1331 161.4568 15886.0500
v 155.0947 161.4326 15886.0500
v 155.2115 161.5048 15886.0500
v 155.1726 161.4812 15886.0500
v 155.2906 161.5514 15886.0500
v 155.2514 161.5285 15886.0500
v 155.3706 161.5966 15886.0500
v 155.3309 161.5745 15886.0500
v 155.4513 161.6405 15886.0500
v 155.4113 161.6190 15886.0500
v 155.5328 161.6829 15886.0500
v 155.4924 161.6621 15886.0500
v 155.6150 161.7239 15886.0500
v 155.5743 161.7038 15886.0500
v 155.6979 161.7634 15886.0500
v 155.6569 161.7441 15886.0500
v 155.7815 161.8015 15886.0500
v 155.7401 161.7829 15886.0500
v 155.8658 161.8382 15886.0500
v 155.8241 161.8203 15886.0500
v 155.9507 161.8733 15886.0500
v 155.9086 161.8561 15886.0500
v 156.0361 161.9070 15886.0500
v 155.9938 161.8905 15886.0500
v 156.1222 161.9392 15886.0500
v 156.0796 161.9235 15886.0500
v 156.2088 161.9698 15886.0500
v 156.1659 161.9549 15886.0500
v 156.2959 161.9990 15886.0500
v 156.2528 161.9848 15886.0500
v 156.3835 162.0266 15886.0500
v 156.3402 162.0132 15886.0500
v 156.4716 162.0527 15886.0500
v 156.4280 162.0400 15886.0500
v 156.5602 162.0773 15886.0500
v 156.5163 162.0653 15886.0500
v 156.6491 162.1003 15886.0500
v 156.6051 162.0891 15886.0500
v 156.7384 162.1217 15886.0500
v 156.6942 162.1113 15886.0500
v 156.8281 162.1416 15886.0500
v 156.7837 162.1320 15886.0500
v 156.9181 162.1599 15886.0500
v 156.8736 162.1511 15886.0500
v 157.0085 162.1767 15886.0500
v 156.9638 162.1686 15886.0500
v 157.0991 162.1918 15886.0500
v 157.0543 162.1845 15886.0500
v 157.1899 162.2054 15886.0500
v 157.1450 162.1989 15886.0500
v 157.2810 162.2174 15886.0500
v 157.2360 162.2117 15886.0500
v 157.3723 162.2278 15886.0500
v 157.3272 162.2229 15886.0500
v 157.4637 162.2366 15886.0500
v 157.4185 162.2324 15886.0500
v 157.5553 162.2438 15886.0500
v 157.5101 162.2404 15886.0500
v 157.6470 162.2494 15886.0500
v 157.6017 162.2468 15886.0500
v 157.7388 162.2534 15886.0500
v 157.6935 162.2516 15886.0500
v 157.8307 162.2558 15886.0500
v 157.7853 162.2548 15886.0500
v 157.8771 162.2564 15886.0500
v 157.9225 167.5204 15886.0500
v 158.1063 167.5188 15886.0500
v 158.0155 167.5200 15886.0500
v 158.2899 167.5140 15886.0500
v 158.1992 167.5168 15886.0500
v 158.4735 167.5060 15886.0500
v 158.3828 167.5104 15886.0500
v 158.6569 167.4948 15886.0500
v 158.5663 167.5007 15886.0500
v 158.8401 167.4804 15886.0500
v 158.7496 167.4879 15886.0500
v 159.0230 167.4628 15886.0500
v 158.9326 167.4719 15886.0500
v 159.2055 167.4420 15886.0500
v 159.1153 167.4527 15886.0500
v 159.3877 167.4180 15886.0500
v 159.2977 167.4303 15886.0500
v 159.5694 167.3908 15886.0500
v 159.4797 167.4047 15886.0500
v 159.7506 167.3605 15886.0500
v 159.6611 167.3759 15886.0500
v 159.9313 167.3270 15886.0500
v 159.8421 167.3440 15886.0500
v 160.1113 167.2904 15886.0500
v 160.0224 167.3089 15886.0500
v 160.2907 167.2506 15886.0500
v 160.2022 167.2707 15886.0500
v 160.4694 167.2077 15886.0500
v 160.3812 167.2293 15886.0500
v 160.6473 167.1617 15886.0500
v 160.5595 167.1849 15886.0500
v 160.8243 167.1126 15886.0500
v 160.7369 167.1373 15886.0500
v 161.0005 167.0604 15886.0500
v 160.9136 167.0866 15886.0500
v 161.1758 167.0052 15886.0500
v 161.0893 167.0329 15886.0500
v 161.3500 166.9469 15886.0500
v 161.2640 166.9761 15886.0500
v 161.5232 166.8856 15886.0500
v 161.4377 166.9162 15886.0500
v 161.6953 166.8212 15886.0500
v 161.6104 166.8534 15886.0500
v 161.8663 166.7539 15886.0500
v 161.7819 166.7875 15886.0500
v 162.0360 166.6835 15886.0500
v 161.9523 166.7187 15886.0500
v 162.2045 166.6103 15886.0500
v 162.1214 166.6469 15886.0500
v 162.3717 166.5341 15886.0500
v 162.2892 166.5721 15886.0500
v 162.5375 166.4550 15886.0500
v 162.4557 166.4944 15886.0500
v 162.7020 166.3730 15886.0500
v 162.6209 166.4139 15886.0500
v 162.8650 166.2882 15886.0500
v 162.7846 166.3304 15886.0500
v 163.0264 166.2005 15886.0500
v 162.9468 166.2442 15886.0500
v 163.1863 166.1100 15886.0500
v 163.1075 166.1551 15886.0500
v 163.3447 166.0168 15886.0500
v 163.2666 166.0632 15886.0500
v 163.5013 165.9208 15886.0500
v 163.4241 165.9685 15886.0500
v 163.6563 165.8220 15886.0500
v 163.5799 165.8712 15886.0500
v 163.8095 165.7206 15886.0500
v 163.7340 165.7711 15886.0500
v 163.9609 165.6165 15886.0500
v 163.8863 165.6683 15886.0500
v 164.1105 165.5098 15886.0500
v 164.0368 165.5629 15886.0500
v 164.2582 165.4006 15886.0500
v 164.1855 165.4549 15886.0500
v 164.4040 165.2887 15886.0500
v 164.3322 165.3443 15886.0500
v 164.5478 165.1743 15886.0500
v 164.4770 165.2312 15886.0500
v 164.6896 165.0574 15886.0500
v 164.6198 165.1155 15886.0500
v 164.8293 164.9381 15886.0500
v 164.7605 164.9974 15886.0500
v 164.9669 164.8164 15886.0500
v 164.8992 164.8768 15886.0500
v 165.1024 164.6922 15886.0500
v 165.0357 164.7539 15886.0500
v 165.2356 164.5658 15886.0500
v 165.1700 164.6286 15886.0500
v 165.3667 164.4370 15886.0500
v 165.3022 164.5009 15886.0500
v 165.4955 164.3059 15886.0500
v 165.4321 164.3710 15886.0500
v 165.6220 164.1726 15886.0500
v 165.5597 164.2388 15886.0500
v 165.7461 164.0372 15886.0500
v 165.6850 164.1044 15886.0500
v 165.8678 163.8996 15886.0500
v 165.8080 163.9678 15886.0500
v 165.9872 163.7598 15886.0500
v 165.9285 163.8292 15886.0500
v 166.1040 163.6181 15886.0500
v 166.0466 163.6884 15886.0500
v 166.2184 163.4743 15886.0500
v 166.1622 163.5456 15886.0500
v 166.3303 163.3285 15886.0500
v 166.2753 163.4008 15886.0500
v 166.4396 163.1808 15886.0500
v 166.3859 163.2540 15886.0500
v 166.5463 163.0312 15886.0500
v 166.4939 163.1054 15886.0500
v 166.6503 162.8798 15886.0500
v 166.5992 162.9548 15886.0500
v 166.7518 162.7266 15886.0500
v 166.7020 162.8025 15886.0500
v 166.8505 162.5716 15886.0500
v 166.8020 162.6484 15886.0500
v 166.9465 162.4149 15886.0500
v 166.8994 162.4926 15886.0500
v 167.0397 162.2566 15886.0500
v 166.9940 162.3351 15886.0500
v 167.1302 162.0967 15886.0500
v 167.0858 162.1759 15886.0500
v 167.2179 161.9352 15886.0500
v 167.1749 162.0152 15886.0500
v 167.3027 161.7723 15886.0500
v 167.2612 161.8530 15886.0500
v 167.3847 161.6078 15886.0500
v 167.3446 161.6893 15886.0500
v 167.4638 161.4420 15886.0500
v 167.4251 161.5241 15886.0500
v 167.5400 161.2748 15886.0500
v 167.5027 161.3576 15886.0500
v 167.6133 161.1063 15886.0500
v 167.5774 161.1897 15886.0500
v 167.6836 160.9365 15886.0500
v 167.6492 161.0206 15886.0500
v 167.7509 160.7656 15886.0500
v 167.7180 160.8502 15886.0500
v 167.8153 160.5935 15886.0500
v 167.7838 160.6787 15886.0500
v 167.8766 160.4203 15886.0500
v 167.8467 160.5060 15886.0500
v 167.9349 160.2460 15886.0500
v 167.9065 160.3323 15886.0500
v 167.9902 160.0708 15886.0500
v 167.9632 160.1575 15886.0500
v 168.0423 159.8946 15886.0500
v 168.0169 159.9818 15886.0500
v 168.0914 159.7176 15886.0500
v 168.0676 159.8052 15886.0500
v 168.1375 159.5397 15886.0500
v 168.1151 159.6277 15886.0500
v 168.1803 159.3610 15886.0500
v 168.1595 159.4494 15886.0500
v 168.2201 159.1816 15886.0500
v 168.2009 159.2704 15886.0500
v 168.2567 159.0016 15886.0500
v 168.2390 159.0906 15886.0500
v 168.2902 158.8209 15886.0500
v 168.2741 158.9103 15886.0500
v 168.3206 158.6397 15886.0500
v 168.3060 158.7293 15886.0500
v 168.3477 158.4580 15886.0500
v 168.3347 158.5478 15886.0500
v 168.3717 158.2758 15886.0500
v 168.3602 158.3659 15886.0500
v 168.3925 158.0932 15886.0500
v 168.3826 158.1835 15886.0500
v 168.4101 157.9104 15886.0500
v 168.4018 158.0008 15886.0500
v 168.4245 157.7272 15886.0500
v 168.4178 157.8177 15886.0500
v 168.4357 157.5438 15886.0500
v 168.4306 157.6344 15886.0500
v 168.4438 157.3602 15886.0500
v 168.4402 157.4510 15886.0500
v 168.4486 157.1765 15886.0500
v 168.4466 157.2673 15886.0500
v 168.4502 156.9928 15886.0500
v 168.4498 157.0836 15886.0500
v 168.4486 156.8091 15886.0500
v 168.4498 156.8999 15886.0500
v 168.4438 156.6254 15886.0500
v 168.4465 156.7162 15886.0500
v 168.4357 156.4418 15886.0500
v 168.4401 156.5325 15886.0500
v 168.4245 156.2584 15886.0500
v 168.4305 156.3490 15886.0500
v 168.4101 156.0753 15886.0500
v 168.4176 156.1658 15886.0500
v 168.3925 155.8924 15886.0500
v 168.4016 155.9827 15886.0500
v 168.3717 155.7098 15886.0500
v 168.3824 155.8000 15886.0500
v 168.3477 155.5276 15886.0500
v 168.3600 155.6176 15886.0500
v 168.3206 155.3459 15886.0500
v 168.3344 155.4357 15886.0500
v 168.2902 155.1647 15886.0500
v 168.3056 155.2542 15886.0500
v 168.2567 154.9840 15886.0500
v 168.2737 155.0732 15886.0500
v 168.2201 154.8040 15886.0500
v 168.2386 154.8929 15886.0500
v 168.1803 154.6246 15886.0500
v 168.2004 154.7132 15886.0500
v 168.1375 154.4459 15886.0500
v 168.1590 154.5341 15886.0500
v 168.0914 154.2681 15886.0500
v 168.1146 154.3559 15886.0500
v 168.0423 154.0910 15886.0500
v 168.0670 154.1784 15886.0500
v 167.9902 153.9148 15886.0500
v 168.0163 154.0018 15886.0500
v 167.9349 153.7396 15886.0500
v 167.9626 153.8261 15886.0500
v 167.8766 153.5653 15886.0500
v 167.9058 153.6513 15886.0500
v 167.8153 153.3921 15886.0500
v 167.8460 153.4776 15886.0500
v 167.7509 153.2200 15886.0500
v 167.7831 153.3049 15886.0500
v 167.6836 153.0491 15886.0500
v 167.7172 153.1334 15886.0500
v 167.6133 152.8793 15886.0500
v 167.6484 152.9631 15886.0500
v 167.5400 152.7108 15886.0500
v 167.5766 152.7939 15886.0500
v 167.4638 152.5436 15886.0500
v 167.5018 152.6261 15886.0500
v 167.3847 152.3778 15886.0500
v 167.4242 152.4596 15886.0500
v 167.3027 152.2133 15886.0500
v 167.3436 152.2944 15886.0500
v 167.2179 152.0504 15886.0500
v 167.2602 152.1307 15886.0500
v 167.1302 151.8889 15886.0500
v 167.1739 151.9685 15886.0500
v 167.0397 151.7290 15886.0500
v 167.0848 151.8078 15886.0500
v 166.9465 151.5707 15886.0500
v 166.9929 151.6487 15886.0500
v 166.8505 151.4140 15886.0500
v 166.8983 151.4912 15886.0500
v 166.7518 151.2590 15886.0500
v 166.8009 151.3354 15886.0500
v 166.6503 151.1058 15886.0500
v 166.7008 151.1813 15886.0500
v 166.5463 150.9544 15886.0500
v 166.5980 151.0290 15886.0500
v 166.4396 150.8048 15886.0500
v 166.4926 150.8785 15886.0500
v 166.3303 150.6571 15886.0500
v 166.3846 150.7299 15886.0500
v 166.2184 150.5113 15886.0500
v 166.2740 150.5831 15886.0500
v 166.1040 150.3675 15886.0500
v 166.1609 150.4384 15886.0500
v 165.9872 150.2258 15886.0500
v 166.0452 150.2956 15886.0500
v 165.8678 150.0860 15886.0500
v 165.9271 150.1548 15886.0500
v 165.7461 149.9484 15886.0500
v 165.8066 150.0162 15886.0500
v 165.6220 149.8130 15886.0500
v 165.6836 149.8796 15886.0500
v 165.4955 149.6797 15886.0500
v 165.5583 149.7453 15886.0500
v 165.3667 149.5486 15886.0500
v 165.4306 149.6131 15886.0500
v 165.2356 149.4198 15886.0500
v 165.3007 149.4832 15886.0500
v 165.1024 149.2934 15886.0500
v 165.1685 149.3556 15886.0500
v 164.9669 149.1692 15886.0500
v 165.0341 149.2303 15886.0500
v 164.8293 149.0475 15886.0500
v 164.8976 149.1074 15886.0500
v 164.6896 148.9282 15886.0500
v 164.7589 148.9868 15886.0500
v 164.5478 148.8113 15886.0500
v 164.6181 148.8687 15886.0500
v 164.4040 148.6969 15886.0500
v 164.4753 148.7531 15886.0500
v 164.2582 148.5851 15886.0500
v 164.3305 148.6400 15886.0500
v 164.1105 148.4758 15886.0500
v 164.1838 148.5294 15886.0500
v 163.9609 148.3691 15886.0500
v 164.0351 148.4215 15886.0500
v 163.8095 148.2650 15886.0500
v 163.8846 148.3161 15886.0500
v 163.6563 148.1636 15886.0500
v 163.7322 148.2134 15886.0500
v 163.5013 148.0648 15886.0500
v 163.5781 148.1133 15886.0500
v 163.3447 147.9688 15886.0500
v 163.4223 148.0160 15886.0500
v 163.1863 147.8756 15886.0500
v 163.2648 147.9213 15886.0500
v 163.0264 147.7851 15886.0500
v 163.1057 147.8295 15886.0500
v 162.8650 147.6974 15886.0500
v 162.9449 147.7404 15886.0500
v 162.7020 147.6126 15886.0500
v 162.7827 147.6542 15886.0500
v 162.5375 147.5306 15886.0500
v 162.6190 147.5708 15886.0500
v 162.3717 147.4515 15886.0500
v 162.4538 147.4902 15886.0500
v 162.2045 147.3753 15886.0500
v 162.2873 147.4126 15886.0500
v 162.0360 147.3020 15886.0500
v 162.1194 147.3379 15886.0500
v 161.8663 147.2317 15886.0500
v 161.9503 147.2661 15886.0500
v 161.6953 147.1644 15886.0500
v 161.7799 147.1973 15886.0500
v 161.5232 147.1001 15886.0500
v 161.6084 147.1315 15886.0500
v 161.3500 147.0387 15886.0500
v 161.4357 147.0686 15886.0500
v 161.1758 146.9804 15886.0500
v 161.2620 147.0089 15886.0500
v 161.0005 146.9252 15886.0500
v 161.0872 146.9521 15886.0500
v 160.8243 146.8730 15886.0500
v 160.9115 146.8984 15886.0500
v 160.6473 146.8239 15886.0500
v 160.7349 146.8478 15886.0500
v 160.4694 146.7779 15886.0500
v 160.5574 146.8002 15886.0500
v 160.2907 146.7350 15886.0500
v 160.3791 146.7558 15886.0500
v 160.1113 146.6952 15886.0500
v 160.2001 146.7145 15886.0500
v 159.9313 146.6586 15886.0500
v 160.0204 146.6763 15886.0500
v 159.7506 146.6251 15886.0500
v 159.8400 146.6413 15886.0500
v 159.5694 146.5948 15886.0500
v 159.6590 146.6094 15886.0500
v 159.3877 146.5676 15886.0500
v 159.4776 146.5806 15886.0500
v 159.2055 146.5436 15886.0500
v 159.2956 146.5551 15886.0500
v 159.0230 146.5228 15886.0500
v 159.1132 146.5327 15886.0500
v 158.8401 146.5052 15886.0500
v 158.9305 146.5135 15886.0500
v 158.6569 146.4908 15886.0500
v 158.7475 146.4975 15886.0500
v 158.4735 146.4796 15886.0500
v 158.5642 146.4847 15886.0500
v 158.2899 146.4716 15886.0500
v 158.3807 146.4751 15886.0500
v 158.1063 146.4668 15886.0500
v 158.1970 146.4687 15886.0500
v 157.9225 146.4651 15886.0500
v 158.0133 146.4655 15886.0500
v 157.7388 146.4668 15886.0500
v 157.8296 146.4656 15886.0500
v 157.5551 146.4716 15886.0500
v 157.6459 146.4688 15886.0500
v 157.3716 146.4796 15886.0500
v 157.4622 146.4752 15886.0500
v 157.1882 146.4908 15886.0500
v 157.2788 146.4849 15886.0500
v 157.0050 146.5052 15886.0500
v 157.0955 146.4977 15886.0500
v 156.8221 146.5228 15886.0500
v 156.9124 146.5137 15886.0500
v 156.6395 146.5436 15886.0500
v 156.7297 146.5329 15886.0500
v 156.4574 146.5676 15886.0500
v 156.5473 146.5554 15886.0500
v 156.2756 146.5948 15886.0500
v 156.3654 146.5809 15886.0500
v 156.0944 146.6251 15886.0500
v 156.1839 146.6097 15886.0500
v 155.9138 146.6586 15886.0500
v 156.0030 146.6416 15886.0500
v 155.7337 146.6952 15886.0500
v 155.8226 146.6767 15886.0500
v 155.5543 146.7350 15886.0500
v 155.6429 146.7149 15886.0500
v 155.3757 146.7779 15886.0500
v 155.4639 146.7563 15886.0500
v 155.1978 146.8239 15886.0500
v 155.2856 146.8008 15886.0500
v 155.0207 146.8730 15886.0500
v 155.1081 146.8483 15886.0500
v 154.8445 146.9252 15886.0500
v 154.9315 146.8990 15886.0500
v 154.6693 146.9804 15886.0500
v 154.7558 146.9527 15886.0500
v 154.4951 147.0387 15886.0500
v 154.5810 147.0095 15886.0500
v 154.3219 147.1001 15886.0500
v 154.4073 147.0694 15886.0500
v 154.1497 147.1644 15886.0500
v 154.2347 147.1322 15886.0500
v 153.9788 147.2317 15886.0500
v 154.0631 147.1981 15886.0500
v 153.8091 147.3020 15886.0500
v 153.8928 147.2669 15886.0500
v 153.6405 147.3753 15886.0500
v 153.7237 147.3387 15886.0500
v 153.4733 147.4515 15886.0500
v 153.5558 147.4135 15886.0500
v 153.3075 147.5306 15886.0500
v 153.3893 147.4912 15886.0500
v 153.1431 147.6126 15886.0500
v 153.2242 147.5717 15886.0500
v 152.9801 147.6974 15886.0500
v 153.0605 147.6552 15886.0500
v 152.8186 147.7851 15886.0500
v 152.8982 147.7414 15886.0500
v 152.6587 147.8756 15886.0500
v 152.7375 147.8305 15886.0500
v 152.5004 147.9688 15886.0500
v 152.5784 147.9224 15886.0500
v 152.3437 148.0648 15886.0500
v 152.4209 148.0171 15886.0500
v 152.1888 148.1636 15886.0500
v 152.2651 148.1144 15886.0500
v 152.0355 148.2650 15886.0500
v 152.1110 148.2145 15886.0500
v 151.8841 148.3691 15886.0500
v 151.9587 148.3173 15886.0500
v 151.7345 148.4758 15886.0500
v 151.8082 148.4227 15886.0500
v 151.5868 148.5851 15886.0500
v 151.6596 148.5307 15886.0500
v 151.4411 148.6969 15886.0500
v 151.5129 148.6413 15886.0500
v 151.2973 148.8113 15886.0500
v 151.3681 148.7544 15886.0500
v 151.1555 148.9282 15886.0500
v 151.2253 148.8701 15886.0500
v 151.0158 149.0475 15886.0500
v 151.0845 148.9882 15886.0500
v 150.8782 149.1692 15886.0500
v 150.9459 149.1088 15886.0500
v 150.7427 149.2934 15886.0500
v 150.8094 149.2317 15886.0500
v 150.6094 149.4198 15886.0500
v 150.6750 149.3571 15886.0500
v 150.4783 149.5486 15886.0500
v 150.5428 149.4847 15886.0500
v 150.3496 149.6797 15886.0500
v 150.4129 149.6146 15886.0500
v 150.2231 149.8130 15886.0500
v 150.2853 149.7468 15886.0500
v 150.0990 149.9484 15886.0500
v 150.1600 149.8812 15886.0500
v 149.9772 150.0860 15886.0500
v 150.0371 150.0178 15886.0500
v 149.8579 150.2258 15886.0500
v 149.9165 150.1564 15886.0500
v 149.7410 150.3675 15886.0500
v 149.7985 150.2972 15886.0500
v 149.6266 150.5113 15886.0500
v 149.6828 150.4400 15886.0500
v 149.5148 150.6571 15886.0500
v 149.5697 150.5848 15886.0500
v 149.4055 150.8048 15886.0500
v 149.4592 150.7316 15886.0500
v 149.2988 150.9544 15886.0500
v 149.3512 150.8802 15886.0500
v 149.1947 151.1058 15886.0500
v 149.2458 151.0307 15886.0500
v 149.0933 151.2590 15886.0500
v 149.1431 151.1831 15886.0500
v 148.9946 151.4140 15886.0500
v 149.0430 151.3372 15886.0500
v 148.8986 151.5707 15886.0500
v 148.9457 151.4930 15886.0500
v 148.8053 151.7290 15886.0500
v 148.8511 151.6505 15886.0500
v 148.7148 151.8889 15886.0500
v 148.7592 151.8097 15886.0500
v 148.6272 152.0504 15886.0500
v 148.6701 151.9704 15886.0500
v 148.5423 152.2133 15886.0500
v 148.5839 152.1326 15886.0500
v 148.4603 152.3778 15886.0500
v 148.5005 152.2963 15886.0500
v 148.3812 152.5436 15886.0500
v 148.4200 152.4615 15886.0500
v 148.3050 152.7108 15886.0500
v 148.3423 152.6280 15886.0500
v 148.2318 152.8793 15886.0500
v 148.2676 152.7959 15886.0500
v 148.1615 153.0491 15886.0500
v 148.1958 152.9650 15886.0500
v 148.0941 153.2200 15886.0500
v 148.1270 153.1354 15886.0500
v 148.0298 153.3921 15886.0500
v 148.0612 153.3069 15886.0500
v 147.9684 153.5653 15886.0500
v 147.9984 153.4796 15886.0500
v 147.9101 153.7396 15886.0500
v 147.9386 153.6533 15886.0500
v 147.8549 153.9148 15886.0500
v 147.8818 153.8281 15886.0500
v 147.8027 154.0910 15886.0500
v 147.8281 154.0038 15886.0500
v 147.7536 154.2681 15886.0500
v 147.7775 154.1804 15886.0500
v 147.7076 154.4459 15886.0500
v 147.7299 154.3579 15886.0500
v 147.6647 154.6246 15886.0500
v 147.6855 154.5362 15886.0500
v 147.6249 154.8040 15886.0500
v 147.6442 154.7152 15886.0500
v 147.5883 154.9840 15886.0500
v 147.6060 154.8950 15886.0500
v 147.5548 155.1647 15886.0500
v 147.5710 155.0753 15886.0500
v 147.5245 155.3459 15886.0500
v 147.5391 155.2563 15886.0500
v 147.4973 155.5276 15886.0500
v 147.5104 155.4378 15886.0500
v 147.4733 155.7098 15886.0500
v 147.4848 155.6197 15886.0500
v 147.4525 155.8924 15886.0500
v 147.4624 155.8021 15886.0500
v 147.4349 156.0753 15886.0500
v 147.4432 155.9848 15886.0500
v 147.4205 156.2584 15886.0500
v 147.4272 156.1679 15886.0500
v 147.4093 156.4418 15886.0500
v 147.4144 156.3512 15886.0500
v 147.4013 156.6254 15886.0500
v 147.4048 156.5347 15886.0500
v 147.3965 156.8091 15886.0500
v 147.3985 156.7183 15886.0500
v 147.3949 156.9928 15886.0500
v 147.3953 156.9020 15886.0500
v 147.3965 157.1765 15886.0500
v 147.3953 157.0857 15886.0500
v 147.4013 157.3602 15886.0500
v 147.3985 157.2694 15886.0500
v 147.4093 157.5438 15886.0500
v 147.4049 157.4531 15886.0500
v 147.4205 157.7272 15886.0500
v 147.4146 157.6366 15886.0500
v 147.4349 157.9104 15886.0500
v 147.4274 157.8199 15886.0500
v 147.4525 158.0932 15886.0500
v 147.4435 158.0029 15886.0500
v 147.4733 158.2758 15886.0500
v 147.4627 158.1856 15886.0500
v 147.4973 158.4580 15886.0500
v 147.4851 158.3680 15886.0500
v 147.5245 158.6397 15886.0500
v 147.5107 158.5499 15886.0500
v 147.5548 158.8209 15886.0500
v 147.5394 158.7314 15886.0500
v 147.5883 159.0016 15886.0500
v 147.5714 158.9124 15886.0500
v 147.6249 159.1816 15886.0500
v 147.6064 159.0927 15886.0500
v 147.6647 159.3610 15886.0500
v 147.6447 159.2724 15886.0500
v 147.7076 159.5397 15886.0500
v 147.6860 159.4515 15886.0500
v 147.7536 159.7176 15886.0500
v 147.7305 159.6297 15886.0500
v 147.8027 159.8946 15886.0500
v 147.7780 159.8072 15886.0500
v 147.8549 160.0708 15886.0500
v 147.8287 159.9838 15886.0500
v 147.9101 160.2460 15886.0500
v 147.8824 160.1595 15886.0500
v 147.9684 160.4203 15886.0500
v 147.9392 160.3343 15886.0500
v 148.0298 160.5935 15886.0500
v 147.9991 160.5080 15886.0500
v 148.0941 160.7656 15886.0500
v 148.0619 160.6807 15886.0500
v 148.1615 160.9365 15886.0500
v 148.1278 160.8522 15886.0500
v 148.2318 161.1063 15886.0500
v 148.1967 161.0225 15886.0500
v 148.3050 161.2748 15886.0500
v 148.2685 161.1917 15886.0500
v 148.3812 161.4420 15886.0500
v 148.3432 161.3595 15886.0500
v 148.4603 161.6078 15886.0500
v 148.4209 161.5260 15886.0500
v 148.5423 161.7723 15886.0500
v 148.5014 161.6912 15886.0500
v 148.6272 161.9352 15886.0500
v 148.5849 161.8549 15886.0500
v 148.7148 162.0967 15886.0500
v 148.6712 162.0171 15886.0500
v 148.8053 162.2566 15886.0500
v 148.7603 162.1778 15886.0500
v 148.8986 162.4149 15886.0500
v 148.8521 162.3369 15886.0500
v 148.9946 162.5716 15886.0500
v 148.9468 162.4944 15886.0500
v 149.0933 162.7266 15886.0500
v 149.0442 162.6502 15886.0500
v 149.1947 162.8798 15886.0500
v 149.1443 162.8043 15886.0500
v 149.2988 163.0312 15886.0500
v 149.2470 162.9566 15886.0500
v 149.4055 163.1808 15886.0500
v 149.3524 163.1071 15886.0500
v 149.5148 163.3285 15886.0500
v 149.4604 163.2557 15886.0500
v 149.6266 163.4743 15886.0500
v 149.5710 163.4025 15886.0500
v 149.7410 163.6181 15886.0500
v 149.6842 163.5472 15886.0500
v 149.8579 163.7598 15886.0500
v 149.7998 163.6900 15886.0500
v 149.9772 163.8996 15886.0500
v 149.9179 163.8308 15886.0500
v 150.0990 164.0372 15886.0500
v 150.0385 163.9694 15886.0500
v 150.2231 164.1726 15886.0500
v 150.1614 164.1060 15886.0500
v 150.3496 164.3059 15886.0500
v 150.2868 164.2403 15886.0500
v 150.4783 164.4370 15886.0500
v 150.4144 164.3725 15886.0500
v 150.6094 164.5658 15886.0500
v 150.5444 164.5024 15886.0500
v 150.7427 164.6922 15886.0500
v 150.6765 164.6300 15886.0500
v 150.8782 164.8164 15886.0500
v 150.8109 164.7553 15886.0500
v 151.0158 164.9381 15886.0500
v 150.9475 164.8783 15886.0500
v 151.1555 165.0574 15886.0500
v 151.0862 164.9988 15886.0500
v 151.2973 165.1743 15886.0500
v 151.2269 165.1169 15886.0500
v 151.4411 165.2887 15886.0500
v 151.3697 165.2325 15886.0500
v 151.5868 165.4006 15886.0500
v 151.5145 165.3456 15886.0500
v 151.7345 165.5098 15886.0500
v 151.6613 165.4562 15886.0500
v 151.8841 165.6165 15886.0500
v 151.8100 165.5641 15886.0500
v 152.0355 165.7206 15886.0500
v 151.9605 165.6695 15886.0500
v 152.1888 165.8220 15886.0500
v 152.1128 165.7722 15886.0500
v 152.3437 165.9208 15886.0500
v 152.2669 165.8723 15886.0500
v 152.5004 166.0168 15886.0500
v 152.4227 165.9697 15886.0500
v 152.6587 166.1100 15886.0500
v 152.5803 166.0643 15886.0500
v 152.8186 166.2005 15886.0500
v 152.7394 166.1561 15886.0500
v 152.9801 166.2882 15886.0500
v 152.9001 166.2452 15886.0500
v 153.1431 166.3730 15886.0500
v 153.0623 166.3314 15886.0500
v 153.3075 166.4550 15886.0500
v 153.2261 166.4148 15886.0500
v 153.4733 166.5341 15886.0500
v 153.3912 166.4954 15886.0500
v 153.6405 166.6103 15886.0500
v 153.5577 166.5730 15886.0500
v 153.8091 166.6835 15886.0500
v 153.7256 166.6477 15886.0500
v 153.9788 166.7539 15886.0500
v 153.8947 166.7195 15886.0500
v 154.1497 166.8212 15886.0500
v 154.0651 166.7883 15886.0500
v 154.3219 166.8856 15886.0500
v 154.2367 166.8541 15886.0500
v 154.4951 166.9469 15886.0500
v 154.4093 166.9170 15886.0500
v 154.6693 167.0052 15886.0500
v 154.5831 166.9768 15886.0500
v 154.8445 167.0604 15886.0500
v 154.7578 167.0335 15886.0500
v 155.0207 167.1126 15886.0500
v 154.9335 167.0872 15886.0500
v 155.1978 167.1617 15886.0500
v 155.1102 167.1378 15886.0500
v 155.3757 167.2077 15886.0500
v 155.2876 167.1854 15886.0500
v 155.5543 167.2506 15886.0500
v 155.4659 167.2298 15886.0500
v 155.7337 167.2904 15886.0500
v 155.6450 167.2711 15886.0500
v 155.9138 167.3270 15886.0500
v 155.8247 167.3093 15886.0500
v 156.0944 167.3605 15886.0500
v 156.0051 167.3444 15886.0500
v 156.2756 167.3908 15886.0500
v 156.1860 167.3763 15886.0500
v 156.4574 167.4180 15886.0500
v 156.3675 167.4050 15886.0500
v 156.6395 167.4420 15886.0500
v 156.5494 167.4305 15886.0500
v 156.8221 167.4628 15886.0500
v 156.7318 167.4529 15886.0500
v 157.0050 167.4804 15886.0500
v 156.9146 167.4721 15886.0500
v 157.1882 167.4948 15886.0500
v 157.0976 167.4881 15886.0500
v 157.3716 167.5060 15886.0500
v 157.2809 167.5009 15886.0500
v 157.5551 167.5140 15886.0500
v 157.4644 167.5105 15886.0500
v 157.7388 167.5188 15886.0500
v 157.6480 167.5169 15886.0500
v 157.8317 167.5201 15886.0500

o Shape_0
usemtl material_1
f 1 2 3
f 2 4 5
f 4 6 7
f 6 8 9
f 8 10 11
f 10 12 13
f 12 14 15
f 14 16 17
f 16 18 19
f 18 20 21
f 20 22 23
f 22 24 25
f 24 26 27
f 26 28 29
f 28 30 31
f 30 32 33
f 32 34 35
f 34 36 37
f 36 38 39
f 38 40 41
f 40 42 43
f 42 44 45
f 44 46 47
f 46 48 49
f 48 50 51
f 50 52 53
f 52 54 55
f 54 56 57
f 56 58 59
f 58 60 61
f 60 62 63
f 62 64 65
f 64 66 67
f 66 68 69
f 68 70 71
f 70 72 73
f 72 74 75
f 74 76 77
f 76 78 79
f 78 80 81
f 80 82 83
f 82 84 85
f 84 86 87
f 86 88 89
f 88 90 91
f 90 92 93
f 92 94 95
f 94 96 97
f 96 98 99
f 98 100 101
f 100 102 103
f 102 104 105
f 104 106 107
f 106 108 109
f 108 110 111
f 110 112 113
f 112 114 115
f 114 116 117
f 116 118 119
f 118 120 121
f 120 122 123
f 122 124 125
f 124 126 127
f 126 128 129
f 128 130 131
f 130 132 133
f 132 134 135
f 134 136 137
f 136 138 139
f 138 140 141
f 140 142 143
f 142 144 145
f 144 146 147
f 146 148 149
f 148 150 151
f 150 152 153
f 152 154 155
f 154 156 157
f 156 158 159
f 158 160 161

o Shape_1
usemtl material_1
f 162 163 164
f 163 165 166
f 165 167 168
f 167 169 170
f 169 171 172
f 171 173 174
f 173 175 176
f 175 177 178
f 177 179 180
f 179 181 182
f 181 183 184
f 183 185 186
f 185 187 188
f 187 189 190
f 189 191 192
f 191 193 194
f 193 195 196
f 195 197 198
f 197 199 200
f 199 201 202
f 201 203 204
f 203 205 206
f 205 207 208
f 207 209 210
f 209 211 212
f 211 213 214
f 213 215 216
f 215 217 218
f 217 219 220
f 219 221 222
f 221 223 224
f 223 225 226
f 225 227 228
f 227 229 230
f 229 231 232
f 231 233 234
f 233 235 236
f 235 237 238
f 237 239 240
f 239 241 242
f 241 243 244
f 243 245 246
f 245 247 248
f 247 249 250
f 249 251 252
f 251 253 254
f 253 255 256
f 255 257 258
f 257 259 260
f 259 261 262
f 261 263 264
f 263 265 266
f 265 267 268
f 267 269 270
f 269 271 272
f 271 273 274
f 273 275 276
f 275 277 278
f 277 279 280
f 279 281 282
f 281 283 284
f 283 285 286
f 285 287 288
f 287 289 290
f 289 291 292
f 291 293 294
f 293 295 296
f 295 297 298
f 297 299 300
f 299 301 302
f 301 303 304
f 303 305 306
f 305 307 308
f 307 309 310
f 309 311 312
f 311 313 314
f 313 315 316
f 315 317 318
f 317 319 320
f 319 321 322

o Shape_2
usemtl material_1
f 321 323 324
f 321 323 324

o Shape_3
usemtl material_1
f 1 325 326
f 1 325 326

o Shape_4
usemtl material_1
f 327 321 328
f 327 321 328

o Shape_5
usemtl material_1
f 329 327 330
f 329 327 330

o Shape_6
usemtl material_1
f 1 329 331
f 1 329 331

o Shape_7
usemtl material_1
f 321 1 332
f 321 1 332

o Shape_8
usemtl material_1
f 323 333 334
f 323 333 334

o Shape_9
usemtl material_1
f 335 333 336
f 335 333 336

o Shape_10
usemtl material_1
f 337 327 338
f 337 327 338

o Shape_11
usemtl material_1
f 327 321 328
f 327 321 328

o Shape_12
usemtl material_1
f 323 321 339
f 323 321 339

o Shape_13
usemtl material_1
f 333 340 341
f 333 340 341

o Shape_14
usemtl material_1
f 340 342 343
f 340 342 343

o Shape_15
usemtl material_1
f 342 335 344
f 342 335 344

o Shape_16
usemtl material_1
f 335 333 336
f 335 333 336

o Shape_17
usemtl material_1
f 345 346 347
f 346 348 349
f 348 350 351
f 350 352 353
f 352 354 355
f 354 356 357
f 356 358 359
f 358 360 361
f 360 362 363
f 362 364 365
f 364 366 367
f 366 368 369
f 368 370 371
f 370 372 373
f 372 374 375
f 374 376 377
f 376 378 379
f 378 380 381
f 380 382 383
f 382 384 385
f 384 386 387
f 386 388 389
f 388 390 391
f 390 392 393
f 392 394 395
f 394 396 397
f 396 398 399
f 398 400 401
f 400 402 403
f 402 404 405
f 404 406 407
f 406 408 409
f 408 410 411
f 410 412 413
f 412 414 415
f 414 416 417
f 416 418 419
f 418 420 421
f 420 422 423
f 422 424 425
f 424 426 427
f 426 428 429
f 428 430 431
f 430 432 433
f 432 434 435
f 434 436 437
f 436 438 439
f 438 440 441
f 440 442 443
f 442 444 445
f 444 446 447
f 446 448 449
f 448 450 451
f 450 452 453
f 452 454 455
f 454 456 457
f 456 458 459
f 458 460 461
f 460 462 463
f 462 464 465
f 464 466 467
f 466 468 469
f 468 470 471
f 470 472 473
f 472 474 475
f 474 476 477
f 476 478 479
f 478 480 481
f 480 482 483
f 482 484 485
f 484 486 487
f 486 488 489
f 488 490 491
f 490 492 493
f 492 494 495
f 494 496 497
f 496 498 499
f 498 500 501
f 500 502 503
f 502 504 505
f 504 506 507
f 506 508 509
f 508 510 511
f 510 512 513
f 512 514 515
f 514 516 517
f 516 518 519
f 518 520 521
f 520 522 523
f 522 524 525
f 524 526 527
f 526 528 529
f 528 530 531
f 530 532 533
f 532 534 535
f 534 536 537
f 536 538 539
f 538 540 541
f 540 542 543
f 542 544 545
f 544 546 547
f 546 548 549
f 548 550 551
f 550 552 553
f 552 554 555
f 554 556 557
f 556 558 559
f 558 560 561
f 560 562 563
f 562 564 565
f 564 566 567
f 566 568 569
f 568 570 571
f 570 572 573
f 572 574 575
f 574 576 577
f 576 578 579
f 578 580 581
f 580 582 583
f 582 584 585
f 584 586 587
f 586 588 589
f 588 590 591
f 590 592 593
f 592 594 595
f 594 596 597
f 596 598 599
f 598 600 601
f 600 602 603
f 602 604 605
f 604 606 607
f 606 608 609
f 608 610 611
f 610 612 613
f 612 614 615
f 614 616 617
f 616 618 619
f 618 620 621
f 620 622 623
f 622 624 625
f 624 626 627
f 626 628 629
f 628 630 631
f 630 632 633
f 632 634 635
f 634 636 637
f 636 638 639
f 638 640 641
f 640 642 643
f 642 644 645
f 644 646 647
f 646 648 649
f 648 650 651
f 650 652 653
f 652 654 655
f 654 656 657
f 656 658 659
f 658 660 661
f 660 662 663
f 662 664 665
f 664 666 667
f 666 668 669
f 668 670 671
f 670 672 673
f 672 674 675
f 674 676 677
f 676 678 679
f 678 680 681
f 680 682 683
f 682 684 685
f 684 686 687
f 686 688 689
f 688 690 691
f 690 692 693
f 692 694 695
f 694 696 697
f 696 698 699
f 698 700 701
f 700 702 703
f 702 704 705
f 704 706 707
f 706 708 709
f 708 710 711
f 710 712 713
f 712 714 715
f 714 716 717
f 716 718 719
f 718 720 721
f 720 722 723
f 722 724 725
f 724 726 727
f 726 728 729
f 728 730 731
f 730 732 733
f 732 734 735
f 734 736 737
f 736 738 739
f 738 740 741
f 740 742 743
f 742 744 745
f 744 746 747
f 746 748 749
f 748 750 751
f 750 752 753
f 752 754 755
f 754 756 757
f 756 758 759
f 758 760 761
f 760 762 763
f 762 764 765
f 764 766 767
f 766 768 769
f 768 770 771
f 770 772 773
f 772 774 775
f 774 776 777
f 776 778 779
f 778 780 781
f 780 782 783
f 782 784 785
f 784 786 787
f 786 788 789
f 788 790 791
f 790 792 793
f 792 794 795
f 794 796 797
f 796 798 799
f 798 800 801
f 800 802 803
f 802 804 805
f 804 806 807
f 806 808 809
f 808 810 811
f 810 812 813
f 812 814 815
f 814 816 817
f 816 818 819
f 818 820 821
f 820 822 823
f 822 824 825
f 824 826 827
f 826 828 829
f 828 830 831
f 830 832 833
f 832 834 835
f 834 836 837
f 836 838 839
f 838 840 841
f 840 842 843
f 842 844 845
f 844 846 847
f 846 848 849
f 848 850 851
f 850 852 853
f 852 854 855
f 854 856 857
f 856 858 859
f 858 860 861
f 860 862 863
f 862 864 865
f 864 866 867
f 866 868 869
f 868 870 871
f 870 872 873
f 872 874 875
f 874 876 877
f 876 878 879
f 878 880 881
f 880 882 883
f 882 884 885
f 884 886 887
f 886 888 889
f 888 890 891
f 890 892 893
f 892 894 895
f 894 896 897
f 896 898 899
f 898 900 901
f 900 902 903
f 902 904 905
f 904 906 907
f 906 908 909
f 908 910 911
f 910 912 913
f 912 914 915
f 914 916 917
f 916 918 919
f 918 920 921
f 920 922 923
f 922 924 925
f 924 926 927
f 926 928 929
f 928 930 931
f 930 932 933
f 932 934 935
f 934 936 937
f 936 938 939
f 938 940 941
f 940 942 943
f 942 944 945
f 944 946 947
f 946 948 949
f 948 950 951
f 950 952 953
f 952 954 955
f 954 956 957
f 956 958 959
f 958 960 961
f 960 962 963
f 962 964 965
f 964 966 967
f 966 968 969
f 968 970 971
f 970 972 973
f 972 974 975
f 974 976 977
f 976 978 979
f 978 980 981
f 980 982 983
f 982 984 985
f 984 986 987
f 986 988 989
f 988 990 991
f 990 992 993
f 992 994 995
f 994 996 997
f 996 998 999
f 998 1000 1001
f 1000 1002 1003
f 1002 1004 1005
f 1004 1006 1007
f 1006 1008 1009
f 1008 1010 1011
f 1010 1012 1013
f 1012 1014 1015
f 1014 1016 1017
f 1016 1018 1019
f 1018 1020 1021
f 1020 1022 1023
f 1022 1024 1025
f 1024 1026 1027
f 1026 1028 1029
f 1028 1030 1031
f 1030 1032 1033
f 1032 1034 1035
f 1034 1036 1037
f 1036 1038 1039
f 1038 1040 1041
f 1040 1042 1043
f 1042 1044 1045
f 1044 1046 1047
f 1046 1048 1049
f 1048 1050 1051
f 1050 1052 1053
f 1052 1054 1055
f 1054 1056 1057
f 1056 1058 1059
f 1058 1060 1061
f 1060 1062 1063
f 1062 345 1064

o Shape_18
usemtl material_1
f 1065 1066 1067
f 1066 1068 1069
f 1068 1070 1071
f 1070 1072 1073
f 1072 1074 1075
f 1074 1076 1077
f 1076 1078 1079
f 1078 1080 1081
f 1080 1082 1083
f 1082 1084 1085
f 1084 1086 1087
f 1086 1088 1089
f 1088 1090 1091
f 1090 1092 1093
f 1092 1094 1095
f 1094 1096 1097
f 1096 1098 1099
f 1098 1100 1101
f 1100 1102 1103
f 1102 1104 1105
f 1104 1106 1107
f 1106 1108 1109
f 1108 1110 1111
f 1110 1112 1113
f 1112 1114 1115
f 1114 1116 1117
f 1116 1118 1119
f 1118 1120 1121
f 1120 1122 1123
f 1122 1124 1125
f 1124 1126 1127
f 1126 1128 1129
f 1128 1130 1131
f 1130 1132 1133
f 1132 1134 1135
f 1134 1136 1137
f 1136 1138 1139
f 1138 1140 1141
f 1140 1142 1143
f 1142 1144 1145
f 1144 1146 1147
f 1146 1148 1149
f 1148 1150 1151
f 1150 1152 1153
f 1152 1154 1155
f 1154 1156 1157
f 1156 1158 1159
f 1158 1160 1161
f 1160 1162 1163
f 1162 1164 1165
f 1164 1166 1167
f 1166 1168 1169
f 1168 1170 1171
f 1170 1172 1173
f 1172 1174 1175
f 1174 1176 1177
f 1176 1178 1179
f 1178 1180 1181
f 1180 1182 1183
f 1182 1184 1185
f 1184 1186 1187
f 1186 1188 1189
f 1188 1190 1191
f 1190 1192 1193
f 1192 1194 1195
f 1194 1196 1197
f 1196 1198 1199
f 1198 1200 1201
f 1200 1202 1203
f 1202 1204 1205
f 1204 1206 1207
f 1206 1208 1209
f 1208 1210 1211
f 1210 1212 1213
f 1212 1214 1215
f 1214 1216 1217
f 1216 1218 1219
f 1218 1220 1221
f 1220 1222 1223
f 1222 1224 1225
f 1224 1226 1227
f 1226 1228 1229
f 1228 1230 1231
f 1230 1232 1233
f 1232 1234 1235
f 1234 1236 1237
f 1236 1238 1239
f 1238 1240 1241
f 1240 1242 1243
f 1242 1244 1245
f 1244 1246 1247
f 1246 1248 1249
f 1248 1250 1251
f 1250 1252 1253
f 1252 1254 1255
f 1254 1256 1257
f 1256 1258 1259
f 1258 1260 1261
f 1260 1262 1263
f 1262 1264 1265
f 1264 1266 1267
f 1266 1268 1269
f 1268 1270 1271
f 1270 1272 1273
f 1272 1274 1275
f 1274 1276 1277
f 1276 1278 1279
f 1278 1280 1281
f 1280 1282 1283
f 1282 1284 1285
f 1284 1286 1287
f 1286 1288 1289
f 1288 1290 1291
f 1290 1292 1293
f 1292 1294 1295
f 1294 1296 1297
f 1296 1298 1299
f 1298 1300 1301
f 1300 1302 1303
f 1302 1304 1305
f 1304 1306 1307
f 1306 1308 1309
f 1308 1310 1311
f 1310 1312 1313
f 1312 1314 1315
f 1314 1316 1317
f 1316 1318 1319
f 1318 1320 1321
f 1320 1322 1323
f 1322 1324 1325
f 1324 1326 1327
f 1326 1328 1329
f 1328 1330 1331
f 1330 1332 1333
f 1332 1334 1335
f 1334 1336 1337
f 1336 1338 1339
f 1338 1340 1341
f 1340 1342 1343
f 1342 1344 1345
f 1344 1346 1347
f 1346 1348 1349
f 1348 1350 1351
f 1350 1352 1353
f 1352 1354 1355
f 1354 1356 1357
f 1356 1358 1359
f 1358 1360 1361
f 1360 1362 1363
f 1362 1364 1365
f 1364 1366 1367
f 1366 1368 1369
f 1368 1370 1371
f 1370 1372 1373
f 1372 1374 1375
f 1374 1376 1377
f 1376 1378 1379
f 1378 1380 1381
f 1380 1382 1383
f 1382 1384 1385
f 1384 1386 1387
f 1386 1388 1389
f 1388 1390 1391
f 1390 1392 1393
f 1392 1394 1395
f 1394 1396 1397
f 1396 1398 1399
f 1398 1400 1401
f 1400 1402 1403
f 1402 1404 1405
f 1404 1406 1407
f 1406 1408 1409
f 1408 1410 1411
f 1410 1412 1413
f 1412 1414 1415
f 1414 1416 1417
f 1416 1418 1419
f 1418 1420 1421
f 1420 1422 1423
f 1422 1424 1425
f 1424 1426 1427
f 1426 1428 1429
f 1428 1430 1431
f 1430 1432 1433
f 1432 1434 1435
f 1434 1436 1437
f 1436 1438 1439
f 1438 1440 1441
f 1440 1442 1443
f 1442 1444 1445
f 1444 1446 1447
f 1446 1448 1449
f 1448 1450 1451
f 1450 1452 1453
f 1452 1454 1455
f 1454 1456 1457
f 1456 1458 1459
f 1458 1460 1461
f 1460 1462 1463
f 1462 1464 1465
f 1464 1466 1467
f 1466 1468 1469
f 1468 1470 1471
f 1470 1472 1473
f 1472 1474 1475
f 1474 1476 1477
f 1476 1478 1479
f 1478 1480 1481
f 1480 1482 1483
f 1482 1484 1485
f 1484 1486 1487
f 1486 1488 1489
f 1488 1490 1491
f 1490 1492 1493
f 1492 1494 1495
f 1494 1496 1497
f 1496 1498 1499
f 1498 1500 1501
f 1500 1502 1503
f 1502 1504 1505
f 1504 1506 1507
f 1506 1508 1509
f 1508 1510 1511
f 1510 1512 1513
f 1512 1514 1515
f 1514 1516 1517
f 1516 1518 1519
f 1518 1520 1521
f 1520 1522 1523
f 1522 1524 1525
f 1524 1526 1527
f 1526 1528 1529
f 1528 1530 1531
f 1530 1532 1533
f 1532 1534 1535
f 1534 1536 1537
f 1536 1538 1539
f 1538 1540 1541
f 1540 1542 1543
f 1542 1544 1545
f 1544 1546 1547
f 1546 1548 1549
f 1548 1550 1551
f 1550 1552 1553
f 1552 1554 1555
f 1554 1556 1557
f 1556 1558 1559
f 1558 1560 1561
f 1560 1562 1563
f 1562 1564 1565
f 1564 1566 1567
f 1566 1568 1569
f 1568 1570 1571
f 1570 1572 1573
f 1572 1574 1575
f 1574 1576 1577
f 1576 1578 1579
f 1578 1580 1581
f 1580 1582 1583
f 1582 1584 1585
f 1584 1586 1587
f 1586 1588 1589
f 1588 1590 1591
f 1590 1592 1593
f 1592 1594 1595
f 1594 1596 1597
f 1596 1598 1599
f 1598 1600 1601
f 1600 1602 1603
f 1602 1604 1605
f 1604 1606 1607
f 1606 1608 1609
f 1608 1610 1611
f 1610 1612 1613
f 1612 1614 1615
f 1614 1616 1617
f 1616 1618 1619
f 1618 1620 1621
f 1620 1622 1623
f 1622 1624 1625
f 1624 1626 1627
f 1626 1628 1629
f 1628 1630 1631
f 1630 1632 1633
f 1632 1634 1635
f 1634 1636 1637
f 1636 1638 1639
f 1638 1640 1641
f 1640 1642 1643
f 1642 1644 1645
f 1644 1646 1647
f 1646 1648 1649
f 1648 1650 1651
f 1650 1652 1653
f 1652 1654 1655
f 1654 1656 1657
f 1656 1658 1659
f 1658 1660 1661
f 1660 1662 1663
f 1662 1664 1665
f 1664 1666 1667
f 1666 1668 1669
f 1668 1670 1671
f 1670 1672 1673
f 1672 1674 1675
f 1674 1676 1677
f 1676 1678 1679
f 1678 1680 1681
f 1680 1682 1683
f 1682 1684 1685
f 1684 1686 1687
f 1686 1688 1689
f 1688 1690 1691
f 1690 1692 1693
f 1692 1694 1695
f 1694 1696 1697
f 1696 1698 1699
f 1698 1700 1701
f 1700 1702 1703
f 1702 1704 1705
f 1704 1706 1707
f 1706 1708 1709
f 1708 1710 1711
f 1710 1712 1713
f 1712 1714 1715
f 1714 1716 1717
f 1716 1718 1719
f 1718 1720 1721
f 1720 1722 1723
f 1722 1724 1725
f 1724 1726 1727
f 1726 1728 1729
f 1728 1730 1731
f 1730 1732 1733
f 1732 1734 1735
f 1734 1736 1737
f 1736 1738 1739
f 1738 1740 1741
f 1740 1742 1743
f 1742 1744 1745
f 1744 1746 1747
f 1746 1748 1749
f 1748 1750 1751
f 1750 1752 1753
f 1752 1754 1755
f 1754 1756 1757
f 1756 1758 1759
f 1758 1760 1761
f 1760 1762 1763
f 1762 1764 1765
f 1764 1766 1767
f 1766 1768 1769
f 1768 1770 1771
f 1770 1772 1773
f 1772 1774 1775
f 1774 1776 1777
f 1776 1778 1779
f 1778 1780 1781
f 1780 1782 1783
f 1782 1065 1784

o Shape_19
usemtl material_1
f 345 1065 1785
f 345 1065 1785

o Shape_20
usemtl material_1
f 974 1154 1786
f 974 1154 1786

o Shape_21
usemtl material_1
f 884 1244 1787
f 884 1244 1787

o Shape_22
usemtl material_1
f 794 1334 1788
f 794 1334 1788

o Shape_23
usemtl material_1
f 704 1424 1789
f 704 1424 1789

o Shape_24
usemtl material_1
f 614 1514 1790
f 614 1514 1790

o Shape_25
usemtl material_1
f 524 1604 1791
f 524 1604 1791

o Shape_26
usemtl material_1
f 434 1694 1792
f 434 1694 1792

o Shape_27
usemtl material_1
f 345 1065 1785
f 345 1065 1785

o Shape_28
usemtl material_1
f 1793 1794 1795
f 1794 1796 1797
f 1796 1798 1799
f 1798 1800 1801
f 1800 1802 1803
f 1802 1804 1805
f 1804 1806 1807
f 1806 1808 1809
f 1808 1810 1811
f 1810 1812 1813
f 1812 1814 1815
f 1814 1816 1817
f 1816 1818 1819
f 1818 1820 1821
f 1820 1822 1823
f 1822 1824 1825
f 1824 1826 1827
f 1826 1828 1829
f 1828 1830 1831
f 1830 1832 1833
f 1832 1834 1835
f 1834 1836 1837
f 1836 1838 1839
f 1838 1840 1841
f 1840 1842 1843
f 1842 1844 1845
f 1844 1846 1847
f 1846 1848 1849
f 1848 1850 1851
f 1850 1852 1853
f 1852 1854 1855
f 1854 1856 1857
f 1856 1858 1859
f 1858 1860 1861
f 1860 1862 1863
f 1862 1864 1865
f 1864 1866 1867
f 1866 1868 1869
f 1868 1870 1871
f 1870 1872 1873
f 1872 1874 1875
f 1874 1876 1877
f 1876 1878 1879
f 1878 1880 1881
f 1880 1882 1883
f 1882 1884 1885
f 1884 1886 1887
f 1886 1888 1889
f 1888 1890 1891
f 1890 1892 1893
f 1892 1894 1895
f 1894 1896 1897
f 1896 1898 1899
f 1898 1900 1901
f 1900 1902 1903
f 1902 1904 1905
f 1904 1906 1907
f 1906 1908 1909
f 1908 1910 1911
f 1910 1912 1913
f 1912 1914 1915
f 1914 1916 1917
f 1916 1918 1919
f 1918 1920 1921
f 1920 1922 1923
f 1922 1924 1925
f 1924 1926 1927
f 1926 1928 1929
f 1928 1930 1931
f 1930 1932 1933
f 1932 1934 1935
f 1934 1936 1937
f 1936 1938 1939
f 1938 1940 1941
f 1940 1942 1943
f 1942 1944 1945
f 1944 1946 1947
f 1946 1948 1949
f 1948 1950 1951
f 1950 1952 1953
f 1952 1954 1955
f 1954 1956 1957
f 1956 1958 1959
f 1958 1960 1961
f 1960 1962 1963
f 1962 1964 1965
f 1964 1966 1967
f 1966 1968 1969
f 1968 1970 1971
f 1970 1972 1973
f 1972 1974 1975
f 1974 1976 1977
f 1976 1978 1979
f 1978 1980 1981
f 1980 1982 1983
f 1982 1984 1985
f 1984 1986 1987
f 1986 1988 1989
f 1988 1990 1991
f 1990 1992 1993
f 1992 1994 1995
f 1994 1996 1997
f 1996 1998 1999
f 1998 2000 2001
f 2000 2002 2003
f 2002 2004 2005
f 2004 2006 2007
f 2006 2008 2009
f 2008 2010 2011
f 2010 2012 2013
f 2012 2014 2015
f 2014 2016 2017
f 2016 2018 2019
f 2018 2020 2021
f 2020 2022 2023
f 2022 2024 2025
f 2024 2026 2027
f 2026 2028 2029
f 2028 2030 2031
f 2030 2032 2033
f 2032 2034 2035
f 2034 2036 2037
f 2036 2038 2039
f 2038 2040 2041
f 2040 2042 2043
f 2042 2044 2045
f 2044 2046 2047
f 2046 2048 2049
f 2048 2050 2051
f 2050 2052 2053
f 2052 2054 2055
f 2054 2056 2057
f 2056 2058 2059
f 2058 2060 2061
f 2060 2062 2063
f 2062 2064 2065
f 2064 2066 2067
f 2066 2068 2069
f 2068 2070 2071
f 2070 2072 2073
f 2072 2074 2075
f 2074 2076 2077
f 2076 2078 2079
f 2078 2080 2081
f 2080 2082 2083
f 2082 2084 2085
f 2084 2086 2087
f 2086 2088 2089
f 2088 2090 2091
f 2090 2092 2093
f 2092 2094 2095
f 2094 2096 2097
f 2096 2098 2099
f 2098 2100 2101
f 2100 2102 2103
f 2102 2104 2105
f 2104 2106 2107
f 2106 2108 2109
f 2108 2110 2111
f 2110 2112 2113
f 2112 2114 2115
f 2114 2116 2117
f 2116 2118 2119
f 2118 2120 2121
f 2120 2122 2123
f 2122 2124 2125
f 2124 2126 2127
f 2126 2128 2129
f 2128 2130 2131
f 2130 2132 2133
f 2132 2134 2135
f 2134 2136 2137
f 2136 2138 2139
f 2138 2140 2141
f 2140 2142 2143
f 2142 2144 2145
f 2144 2146 2147
f 2146 2148 2149
f 2148 2150 2151
f 2150 2152 2153
f 2152 2154 2155
f 2154 2156 2157
f 2156 2158 2159
f 2158 2160 2161
f 2160 2162 2163
f 2162 2164 2165
f 2164 2166 2167
f 2166 2168 2169
f 2168 2170 2171
f 2170 2172 2173
f 2172 2174 2175
f 2174 2176 2177
f 2176 2178 2179
f 2178 2180 2181
f 2180 2182 2183
f 2182 2184 2185
f 2184 2186 2187
f 2186 2188 2189
f 2188 2190 2191
f 2190 2192 2193
f 2192 2194 2195
f 2194 2196 2197
f 2196 2198 2199
f 2198 2200 2201
f 2200 2202 2203
f 2202 2204 2205
f 2204 2206 2207
f 2206 2208 2209
f 2208 2210 2211
f 2210 2212 2213
f 2212 2214 2215
f 2214 2216 2217
f 2216 2218 2219
f 2218 2220 2221
f 2220 2222 2223
f 2222 2224 2225
f 2224 2226 2227
f 2226 2228 2229
f 2228 2230 2231
f 2230 2232 2233
f 2232 2234 2235
f 2234 2236 2237
f 2236 2238 2239
f 2238 2240 2241
f 2240 2242 2243
f 2242 2244 2245
f 2244 2246 2247
f 2246 2248 2249
f 2248 2250 2251
f 2250 2252 2253
f 2252 2254 2255
f 2254 2256 2257
f 2256 2258 2259
f 2258 2260 2261
f 2260 2262 2263
f 2262 2264 2265
f 2264 2266 2267
f 2266 2268 2269
f 2268 2270 2271
f 2270 2272 2273
f 2272 2274 2275
f 2274 2276 2277
f 2276 2278 2279
f 2278 2280 2281
f 2280 2282 2283
f 2282 2284 2285
f 2284 2286 2287
f 2286 2288 2289
f 2288 2290 2291
f 2290 2292 2293
f 2292 2294 2295
f 2294 2296 2297
f 2296 2298 2299
f 2298 2300 2301
f 2300 2302 2303
f 2302 2304 2305
f 2304 2306 2307
f 2306 2308 2309
f 2308 2310 2311
f 2310 2312 2313
f 2312 2314 2315
f 2314 2316 2317
f 2316 2318 2319
f 2318 2320 2321
f 2320 2322 2323
f 2322 2324 2325
f 2324 2326 2327
f 2326 2328 2329
f 2328 2330 2331
f 2330 2332 2333
f 2332 2334 2335
f 2334 2336 2337
f 2336 2338 2339
f 2338 2340 2341
f 2340 2342 2343
f 2342 2344 2345
f 2344 2346 2347
f 2346 2348 2349
f 2348 2350 2351
f 2350 2352 2353
f 2352 2354 2355
f 2354 2356 2357
f 2356 2358 2359
f 2358 2360 2361
f 2360 2362 2363
f 2362 2364 2365
f 2364 2366 2367
f 2366 2368 2369
f 2368 2370 2371
f 2370 2372 2373
f 2372 2374 2375
f 2374 2376 2377
f 2376 2378 2379
f 2378 2380 2381
f 2380 2382 2383
f 2382 2384 2385
f 2384 2386 2387
f 2386 2388 2389
f 2388 2390 2391
f 2390 2392 2393
f 2392 2394 2395
f 2394 2396 2397
f 2396 2398 2399
f 2398 2400 2401
f 2400 2402 2403
f 2402 2404 2405
f 2404 2406 2407
f 2406 2408 2409
f 2408 2410 2411
f 2410 2412 2413
f 2412 2414 2415
f 2414 2416 2417
f 2416 2418 2419
f 2418 2420 2421
f 2420 2422 2423
f 2422 2424 2425
f 2424 2426 2427
f 2426 2428 2429
f 2428 2430 2431
f 2430 2432 2433
f 2432 2434 2435
f 2434 2436 2437
f 2436 2438 2439
f 2438 2440 2441
f 2440 2442 2443
f 2442 2444 2445
f 2444 2446 2447
f 2446 2448 2449
f 2448 2450 2451
f 2450 2452 2453
f 2452 2454 2455
f 2454 2456 2457
f 2456 2458 2459
f 2458 2460 2461
f 2460 2462 2463
f 2462 2464 2465
f 2464 2466 2467
f 2466 2468 2469
f 2468 2470 2471
f 2470 2472 2473
f 2472 2474 2475
f 2474 2476 2477
f 2476 2478 2479
f 2478 2480 2481
f 2480 2482 2483
f 2482 2484 2485
f 2484 2486 2487
f 2486 2488 2489
f 2488 2490 2491
f 2490 2492 2493
f 2492 2494 2495
f 2494 2496 2497
f 2496 2498 2499
f 2498 2500 2501
f 2500 2502 2503
f 2502 2504 2505
f 2504 2506 2507
f 2506 2508 2509
f 2508 2510 2511
f 2510 1793 2512

o Shape_29
usemtl material_1
f 2513 2514 2515
f 2514 2516 2517
f 2516 2518 2519
f 2518 2520 2521
f 2520 2522 2523
f 2522 2524 2525
f 2524 2526 2527
f 2526 2528 2529
f 2528 2530 2531
f 2530 2532 2533
f 2532 2534 2535
f 2534 2536 2537
f 2536 2538 2539
f 2538 2540 2541
f 2540 2542 2543
f 2542 2544 2545
f 2544 2546 2547
f 2546 2548 2549
f 2548 2550 2551
f 2550 2552 2553
f 2552 2554 2555
f 2554 2556 2557
f 2556 2558 2559
f 2558 2560 2561
f 2560 2562 2563
f 2562 2564 2565
f 2564 2566 2567
f 2566 2568 2569
f 2568 2570 2571
f 2570 2572 2573
f 2572 2574 2575
f 2574 2576 2577
f 2576 2578 2579
f 2578 2580 2581
f 2580 2582 2583
f 2582 2584 2585
f 2584 2586 2587
f 2586 2588 2589
f 2588 2590 2591
f 2590 2592 2593
f 2592 2594 2595
f 2594 2596 2597
f 2596 2598 2599
f 2598 2600 2601
f 2600 2602 2603
f 2602 2604 2605
f 2604 2606 2607
f 2606 2608 2609
f 2608 2610 2611
f 2610 2612 2613
f 2612 2614 2615
f 2614 2616 2617
f 2616 2618 2619
f 2618 2620 2621
f 2620 2622 2623
f 2622 2624 2625
f 2624 2626 2627
f 2626 2628 2629
f 2628 2630 2631
f 2630 2632 2633
f 2632 2634 2635
f 2634 2636 2637
f 2636 2638 2639
f 2638 2640 2641
f 2640 2642 2643
f 2642 2644 2645
f 2644 2646 2647
f 2646 2648 2649
f 2648 2650 2651
f 2650 2652 2653
f 2652 2654 2655
f 2654 2656 2657
f 2656 2658 2659
f 2658 2660 2661
f 2660 2662 2663
f 2662 2664 2665
f 2664 2666 2667
f 2666 2668 2669
f 2668 2670 2671
f 2670 2672 2673
f 2672 2674 2675
f 2674 2676 2677
f 2676 2678 2679
f 2678 2680 2681
f 2680 2682 2683
f 2682 2684 2685
f 2684 2686 2687
f 2686 2688 2689
f 2688 2690 2691
f 2690 2692 2693
f 2692 2694 2695
f 2694 2696 2697
f 2696 2698 2699
f 2698 2700 2701
f 2700 2702 2703
f 2702 2704 2705
f 2704 2706 2707
f 2706 2708 2709
f 2708 2710 2711
f 2710 2712 2713
f 2712 2714 2715
f 2714 2716 2717
f 2716 2718 2719
f 2718 2720 2721
f 2720 2722 2723
f 2722 2724 2725
f 2724 2726 2727
f 2726 2728 2729
f 2728 2730 2731
f 2730 2732 2733
f 2732 2734 2735
f 2734 2736 2737
f 2736 2738 2739
f 2738 2740 2741
f 2740 2742 2743
f 2742 2744 2745
f 2744 2746 2747
f 2746 2748 2749
f 2748 2750 2751
f 2750 2752 2753
f 2752 2754 2755
f 2754 2756 2757
f 2756 2758 2759
f 2758 2760 2761
f 2760 2762 2763
f 2762 2764 2765
f 2764 2766 2767
f 2766 2768 2769
f 2768 2770 2771
f 2770 2772 2773
f 2772 2774 2775
f 2774 2776 2777
f 2776 2778 2779
f 2778 2780 2781
f 2780 2782 2783
f 2782 2784 2785
f 2784 2786 2787
f 2786 2788 2789
f 2788 2790 2791
f 2790 2792 2793
f 2792 2794 2795
f 2794 2796 2797
f 2796 2798 2799
f 2798 2800 2801
f 2800 2802 2803
f 2802 2804 2805
f 2804 2806 2807
f 2806 2808 2809
f 2808 2810 2811
f 2810 2812 2813
f 2812 2814 2815
f 2814 2816 2817
f 2816 2818 2819
f 2818 2820 2821
f 2820 2822 2823
f 2822 2824 2825
f 2824 2826 2827
f 2826 2828 2829
f 2828 2830 2831
f 2830 2832 2833
f 2832 2834 2835
f 2834 2836 2837
f 2836 2838 2839
f 2838 2840 2841
f 2840 2842 2843
f 2842 2844 2845
f 2844 2846 2847
f 2846 2848 2849
f 2848 2850 2851
f 2850 2852 2853
f 2852 2854 2855
f 2854 2856 2857
f 2856 2858 2859
f 2858 2860 2861
f 2860 2862 2863
f 2862 2864 2865
f 2864 2866 2867
f 2866 2868 2869
f 2868 2870 2871
f 2870 2872 2873
f 2872 2874 2875
f 2874 2876 2877
f 2876 2878 2879
f 2878 2880 2881
f 2880 2882 2883
f 2882 2884 2885
f 2884 2886 2887
f 2886 2888 2889
f 2888 2890 2891
f 2890 2892 2893
f 2892 2894 2895
f 2894 2896 2897
f 2896 2898 2899
f 2898 2900 2901
f 2900 2902 2903
f 2902 2904 2905
f 2904 2906 2907
f 2906 2908 2909
f 2908 2910 2911
f 2910 2912 2913
f 2912 2914 2915
f 2914 2916 2917
f 2916 2918 2919
f 2918 2920 2921
f 2920 2922 2923
f 2922 2924 2925
f 2924 2926 2927
f 2926 2928 2929
f 2928 2930 2931
f 2930 2932 2933
f 2932 2934 2935
f 2934 2936 2937
f 2936 2938 2939
f 2938 2940 2941
f 2940 2942 2943
f 2942 2944 2945
f 2944 2946 2947
f 2946 2948 2949
f 2948 2950 2951
f 2950 2952 2953
f 2952 2954 2955
f 2954 2956 2957
f 2956 2958 2959
f 2958 2960 2961
f 2960 2962 2963
f 2962 2964 2965
f 2964 2966 2967
f 2966 2968 2969
f 2968 2970 2971
f 2970 2972 2973
f 2972 2974 2975
f 2974 2976 2977
f 2976 2978 2979
f 2978 2980 2981
f 2980 2982 2983
f 2982 2984 2985
f 2984 2986 2987
f 2986 2988 2989
f 2988 2990 2991
f 2990 2992 2993
f 2992 2994 2995
f 2994 2996 2997
f 2996 2998 2999
f 2998 3000 3001
f 3000 3002 3003
f 3002 3004 3005
f 3004 3006 3007
f 3006 3008 3009
f 3008 3010 3011
f 3010 3012 3013
f 3012 3014 3015
f 3014 3016 3017
f 3016 3018 3019
f 3018 3020 3021
f 3020 3022 3023
f 3022 3024 3025
f 3024 3026 3027
f 3026 3028 3029
f 3028 3030 3031
f 3030 3032 3033
f 3032 3034 3035
f 3034 3036 3037
f 3036 3038 3039
f 3038 3040 3041
f 3040 3042 3043
f 3042 3044 3045
f 3044 3046 3047
f 3046 3048 3049
f 3048 3050 3051
f 3050 3052 3053
f 3052 3054 3055
f 3054 3056 3057
f 3056 3058 3059
f 3058 3060 3061
f 3060 3062 3063
f 3062 3064 3065
f 3064 3066 3067
f 3066 3068 3069
f 3068 3070 3071
f 3070 3072 3073
f 3072 3074 3075
f 3074 3076 3077
f 3076 3078 3079
f 3078 3080 3081
f 3080 3082 3083
f 3082 3084 3085
f 3084 3086 3087
f 3086 3088 3089
f 3088 3090 3091
f 3090 3092 3093
f 3092 3094 3095
f 3094 3096 3097
f 3096 3098 3099
f 3098 3100 3101
f 3100 3102 3103
f 3102 3104 3105
f 3104 3106 3107
f 3106 3108 3109
f 3108 3110 3111
f 3110 3112 3113
f 3112 3114 3115
f 3114 3116 3117
f 3116 3118 3119
f 3118 3120 3121
f 3120 3122 3123
f 3122 3124 3125
f 3124 3126 3127
f 3126 3128 3129
f 3128 3130 3131
f 3130 3132 3133
f 3132 3134 3135
f 3134 3136 3137
f 3136 3138 3139
f 3138 3140 3141
f 3140 3142 3143
f 3142 3144 3145
f 3144 3146 3147
f 3146 3148 3149
f 3148 3150 3151
f 3150 3152 3153
f 3152 3154 3155
f 3154 3156 3157
f 3156 3158 3159
f 3158 3160 3161
f 3160 3162 3163
f 3162 3164 3165
f 3164 3166 3167
f 3166 3168 3169
f 3168 3170 3171
f 3170 3172 3173
f 3172 3174 3175
f 3174 3176 3177
f 3176 3178 3179
f 3178 3180 3181
f 3180 3182 3183
f 3182 3184 3185
f 3184 3186 3187
f 3186 3188 3189
f 3188 3190 3191
f 3190 3192 3193
f 3192 3194 3195
f 3194 3196 3197
f 3196 3198 3199
f 3198 3200 3201
f 3200 3202 3203
f 3202 3204 3205
f 3204 3206 3207
f 3206 3208 3209
f 3208 3210 3211
f 3210 3212 3213
f 3212 3214 3215
f 3214 3216 3217
f 3216 3218 3219
f 3218 3220 3221
f 3220 3222 3223
f 3222 3224 3225
f 3224 3226 3227
f 3226 3228 3229
f 3228 3230 3231
f 3230 2513 3232

o Shape_30
usemtl material_1
f 1793 2513 3233
f 1793 2513 3233

o Shape_31
usemtl material_1
f 2422 2602 3234
f 2422 2602 3234

o Shape_32
usemtl material_1
f 2332 2692 3235
f 2332 2692 3235

o Shape_33
usemtl material_1
f 2242 2782 3236
f 2242 2782 3236

o Shape_34
usemtl material_1
f 2152 2872 3237
f 2152 2872 3237

o Shape_35
usemtl material_1
f 2062 2962 3238
f 2062 2962 3238

o Shape_36
usemtl material_1
f 1972 3052 3239
f 1972 3052 3239

o Shape_37
usemtl material_1
f 1882 3142 3240
f 1882 3142 3240

o Shape_38
usemtl material_1
f 1793 2513 3233
f 1793 2513 3233

o Shape_39
usemtl material_1
f 3241 3242 3243
f 3242 3244 3245
f 3244 3246 3247
f 3246 3248 3249
f 3248 3250 3251
f 3250 3252 3253
f 3252 3254 3255
f 3254 3256 3257
f 3256 3258 3259
f 3258 3260 3261
f 3260 3262 3263
f 3262 3264 3265
f 3264 3266 3267
f 3266 3268 3269
f 3268 3270 3271
f 3270 3272 3273
f 3272 3274 3275
f 3274 3276 3277
f 3276 3278 3279
f 3278 3280 3281
f 3280 3282 3283
f 3282 3284 3285
f 3284 3286 3287
f 3286 3288 3289
f 3288 3290 3291
f 3290 3292 3293
f 3292 3294 3295
f 3294 3296 3297
f 3296 3298 3299
f 3298 3300 3301
f 3300 3302 3303
f 3302 3304 3305
f 3304 3306 3307
f 3306 3308 3309
f 3308 3310 3311
f 3310 3312 3313
f 3312 3314 3315
f 3314 3316 3317
f 3316 3318 3319
f 3318 3320 3321
f 3320 3322 3323
f 3322 3324 3325
f 3324 3326 3327
f 3326 3328 3329
f 3328 3330 3331
f 3330 3332 3333
f 3332 3334 3335
f 3334 3336 3337
f 3336 3338 3339
f 3338 3340 3341
f 3340 3342 3343
f 3342 3344 3345
f 3344 3346 3347
f 3346 3348 3349
f 3348 3350 3351
f 3350 3352 3353
f 3352 3354 3355
f 3354 3356 3357
f 3356 3358 3359
f 3358 3360 3361
f 3360 3362 3363
f 3362 3364 3365
f 3364 3366 3367
f 3366 3368 3369
f 3368 3370 3371
f 3370 3372 3373
f 3372 3374 3375
f 3374 3376 3377
f 3376 3378 3379
f 3378 3380 3381
f 3380 3382 3383
f 3382 3384 3385
f 3384 3386 3387
f 3386 3388 3389
f 3388 3390 3391
f 3390 3392 3393
f 3392 3394 3395
f 3394 3396 3397
f 3396 3398 3399
f 3398 3400 3401
f 3400 3402 3403
f 3402 3404 3405
f 3404 3406 3407
f 3406 3408 3409
f 3408 3410 3411
f 3410 3412 3413
f 3412 3414 3415
f 3414 3416 3417
f 3416 3418 3419
f 3418 3420 3421
f 3420 3422 3423
f 3422 3424 3425
f 3424 3426 3427
f 3426 3428 3429
f 3428 3430 3431
f 3430 3432 3433
f 3432 3434 3435
f 3434 3436 3437
f 3436 3438 3439
f 3438 3440 3441
f 3440 3442 3443
f 3442 3444 3445
f 3444 3446 3447
f 3446 3448 3449
f 3448 3450 3451
f 3450 3452 3453
f 3452 3454 3455
f 3454 3456 3457
f 3456 3458 3459
f 3458 3460 3461
f 3460 3462 3463
f 3462 3464 3465
f 3464 3466 3467
f 3466 3468 3469
f 3468 3470 3471
f 3470 3472 3473
f 3472 3474 3475
f 3474 3476 3477
f 3476 3478 3479
f 3478 3480 3481
f 3480 3482 3483
f 3482 3484 3485
f 3484 3486 3487
f 3486 3488 3489
f 3488 3490 3491
f 3490 3492 3493
f 3492 3494 3495
f 3494 3496 3497
f 3496 3498 3499
f 3498 3500 3501
f 3500 3502 3503
f 3502 3504 3505
f 3504 3506 3507
f 3506 3508 3509
f 3508 3510 3511
f 3510 3512 3513
f 3512 3514 3515
f 3514 3516 3517
f 3516 3518 3519
f 3518 3520 3521
f 3520 3522 3523
f 3522 3524 3525
f 3524 3526 3527
f 3526 3528 3529
f 3528 3530 3531
f 3530 3532 3533
f 3532 3534 3535
f 3534 3536 3537
f 3536 3538 3539
f 3538 3540 3541
f 3540 3542 3543
f 3542 3544 3545
f 3544 3546 3547
f 3546 3548 3549
f 3548 3550 3551
f 3550 3552 3553
f 3552 3554 3555
f 3554 3556 3557
f 3556 3558 3559
f 3558 3560 3561
f 3560 3562 3563
f 3562 3564 3565
f 3564 3566 3567
f 3566 3568 3569
f 3568 3570 3571
f 3570 3572 3573
f 3572 3574 3575
f 3574 3576 3577
f 3576 3578 3579
f 3578 3580 3581
f 3580 3582 3583
f 3582 3584 3585
f 3584 3586 3587
f 3586 3588 3589
f 3588 3590 3591
f 3590 3592 3593
f 3592 3594 3595
f 3594 3596 3597
f 3596 3598 3599
f 3598 3600 3601
f 3600 3602 3603
f 3602 3604 3605
f 3604 3606 3607
f 3606 3608 3609
f 3608 3610 3611
f 3610 3612 3613
f 3612 3614 3615
f 3614 3616 3617
f 3616 3618 3619
f 3618 3620 3621
f 3620 3622 3623
f 3622 3624 3625
f 3624 3626 3627
f 3626 3628 3629
f 3628 3630 3631
f 3630 3632 3633
f 3632 3634 3635
f 3634 3636 3637
f 3636 3638 3639
f 3638 3640 3641
f 3640 3642 3643
f 3642 3644 3645
f 3644 3646 3647
f 3646 3648 3649
f 3648 3650 3651
f 3650 3652 3653
f 3652 3654 3655
f 3654 3656 3657
f 3656 3658 3659
f 3658 3660 3661
f 3660 3662 3663
f 3662 3664 3665
f 3664 3666 3667
f 3666 3668 3669
f 3668 3670 3671
f 3670 3672 3673
f 3672 3674 3675
f 3674 3676 3677
f 3676 3678 3679
f 3678 3680 3681
f 3680 3682 3683
f 3682 3684 3685
f 3684 3686 3687
f 3686 3688 3689
f 3688 3690 3691
f 3690 3692 3693
f 3692 3694 3695
f 3694 3696 3697
f 3696 3698 3699
f 3698 3700 3701
f 3700 3702 3703
f 3702 3704 3705
f 3704 3706 3707
f 3706 3708 3709
f 3708 3710 3711
f 3710 3712 3713
f 3712 3714 3715
f 3714 3716 3717
f 3716 3718 3719
f 3718 3720 3721
f 3720 3722 3723
f 3722 3724 3725
f 3724 3726 3727
f 3726 3728 3729
f 3728 3730 3731
f 3730 3732 3733
f 3732 3734 3735
f 3734 3736 3737
f 3736 3738 3739
f 3738 3740 3741
f 3740 3742 3743
f 3742 3744 3745
f 3744 3746 3747
f 3746 3748 3749
f 3748 3750 3751
f 3750 3752 3753
f 3752 3754 3755
f 3754 3756 3757
f 3756 3758 3759
f 3758 3760 3761
f 3760 3762 3763
f 3762 3764 3765
f 3764 3766 3767
f 3766 3768 3769
f 3768 3770 3771
f 3770 3772 3773
f 3772 3774 3775
f 3774 3776 3777
f 3776 3778 3779
f 3778 3780 3781
f 3780 3782 3783
f 3782 3784 3785
f 3784 3786 3787
f 3786 3788 3789
f 3788 3790 3791
f 3790 3792 3793
f 3792 3794 3795
f 3794 3796 3797
f 3796 3798 3799
f 3798 3800 3801
f 3800 3802 3803
f 3802 3804 3805
f 3804 3806 3807
f 3806 3808 3809
f 3808 3810 3811
f 3810 3812 3813
f 3812 3814 3815
f 3814 3816 3817
f 3816 3818 3819
f 3818 3820 3821
f 3820 3822 3823
f 3822 3824 3825
f 3824 3826 3827
f 3826 3828 3829
f 3828 3830 3831
f 3830 3832 3833
f 3832 3834 3835
f 3834 3836 3837
f 3836 3838 3839
f 3838 3840 3841
f 3840 3842 3843
f 3842 3844 3845
f 3844 3846 3847
f 3846 3848 3849
f 3848 3850 3851
f 3850 3852 3853
f 3852 3854 3855
f 3854 3856 3857
f 3856 3858 3859
f 3858 3860 3861
f 3860 3862 3863
f 3862 3864 3865
f 3864 3866 3867
f 3866 3868 3869
f 3868 3870 3871
f 3870 3872 3873
f 3872 3874 3875
f 3874 3876 3877
f 3876 3878 3879
f 3878 3880 3881
f 3880 3882 3883
f 3882 3884 3885
f 3884 3886 3887
f 3886 3888 3889
f 3888 3890 3891
f 3890 3892 3893
f 3892 3894 3895
f 3894 3896 3897
f 3896 3898 3899
f 3898 3900 3901
f 3900 3902 3903
f 3902 3904 3905
f 3904 3906 3907
f 3906 3908 3909
f 3908 3910 3911
f 3910 3912 3913
f 3912 3914 3915
f 3914 3916 3917
f 3916 3918 3919
f 3918 3920 3921
f 3920 3922 3923
f 3922 3924 3925
f 3924 3926 3927
f 3926 3928 3929
f 3928 3930 3931
f 3930 3932 3933
f 3932 3934 3935
f 3934 3936 3937
f 3936 3938 3939
f 3938 3940 3941
f 3940 3942 3943
f 3942 3944 3945
f 3944 3946 3947
f 3946 3948 3949
f 3948 3950 3951
f 3950 3952 3953
f 3952 3954 3955
f 3954 3956 3957
f 3956 3958 3959
f 3958 3241 3960

o Shape_40
usemtl material_1
f 3241 3242 3243
f 3242 3244 3245
f 3244 3246 3247
f 3246 3248 3249
f 3248 3250 3251
f 3250 3252 3253
f 3252 3254 3255
f 3254 3256 3257
f 3256 3258 3259
f 3258 3260 3261
f 3260 3262 3263
f 3262 3264 3265
f 3264 3266 3267
f 3266 3268 3269
f 3268 3270 3271
f 3270 3272 3273
f 3272 3274 3275
f 3274 3276 3277
f 3276 3278 3279
f 3278 3280 3281
f 3280 3282 3283
f 3282 3284 3285
f 3284 3286 3287
f 3286 3288 3289
f 3288 3290 3291
f 3290 3292 3293
f 3292 3294 3295
f 3294 3296 3297
f 3296 3298 3299
f 3298 3300 3301
f 3300 3302 3303
f 3302 3304 3305
f 3304 3306 3307
f 3306 3308 3309
f 3308 3310 3311
f 3310 3312 3313
f 3312 3314 3315
f 3314 3316 3317
f 3316 3318 3319
f 3318 3320 3321
f 3320 3322 3323
f 3322 3324 3325
f 3324 3326 3327
f 3326 3328 3329
f 3328 3330 3331
f 3330 3332 3333
f 3332 3334 3335
f 3334 3336 3337
f 3336 3338 3339
f 3338 3340 3341
f 3340 3342 3343
f 3342 3344 3345
f 3344 3346 3347
f 3346 3348 3349
f 3348 3350 3351
f 3350 3352 3353
f 3352 3354 3355
f 3354 3356 3357
f 3356 3358 3359
f 3358 3360 3361
f 3360 3362 3363
f 3362 3364 3365
f 3364 3366 3367
f 3366 3368 3369
f 3368 3370 3371
f 3370 3372 3373
f 3372 3374 3375
f 3374 3376 3377
f 3376 3378 3379
f 3378 3380 3381
f 3380 3382 3383
f 3382 3384 3385
f 3384 3386 3387
f 3386 3388 3389
f 3388 3390 3391
f 3390 3392 3393
f 3392 3394 3395
f 3394 3396 3397
f 3396 3398 3399
f 3398 3400 3401
f 3400 3402 3403
f 3402 3404 3405
f 3404 3406 3407
f 3406 3408 3409
f 3408 3410 3411
f 3410 3412 3413
f 3412 3414 3415
f 3414 3416 3417
f 3416 3418 3419
f 3418 3420 3421
f 3420 3422 3423
f 3422 3424 3425
f 3424 3426 3427
f 3426 3428 3429
f 3428 3430 3431
f 3430 3432 3433
f 3432 3434 3435
f 3434 3436 3437
f 3436 3438 3439
f 3438 3440 3441
f 3440 3442 3443
f 3442 3444 3445
f 3444 3446 3447
f 3446 3448 3449
f 3448 3450 3451
f 3450 3452 3453
f 3452 3454 3455
f 3454 3456 3457
f 3456 3458 3459
f 3458 3460 3461
f 3460 3462 3463
f 3462 3464 3465
f 3464 3466 3467
f 3466 3468 3469
f 3468 3470 3471
f 3470 3472 3473
f 3472 3474 3475
f 3474 3476 3477
f 3476 3478 3479
f 3478 3480 3481
f 3480 3482 3483
f 3482 3484 3485
f 3484 3486 3487
f 3486 3488 3489
f 3488 3490 3491
f 3490 3492 3493
f 3492 3494 3495
f 3494 3496 3497
f 3496 3498 3499
f 3498 3500 3501
f 3500 3502 3503
f 3502 3504 3505
f 3504 3506 3507
f 3506 3508 3509
f 3508 3510 3511
f 3510 3512 3513
f 3512 3514 3515
f 3514 3516 3517
f 3516 3518 3519
f 3518 3520 3521
f 3520 3522 3523
f 3522 3524 3525
f 3524 3526 3527
f 3526 3528 3529
f 3528 3530 3531
f 3530 3532 3533
f 3532 3534 3535
f 3534 3536 3537
f 3536 3538 3539
f 3538 3540 3541
f 3540 3542 3543
f 3542 3544 3545
f 3544 3546 3547
f 3546 3548 3549
f 3548 3550 3551
f 3550 3552 3553
f 3552 3554 3555
f 3554 3556 3557
f 3556 3558 3559
f 3558 3560 3561
f 3560 3562 3563
f 3562 3564 3565
f 3564 3566 3567
f 3566 3568 3569
f 3568 3570 3571
f 3570 3572 3573
f 3572 3574 3575
f 3574 3576 3577
f 3576 3578 3579
f 3578 3580 3581
f 3580 3582 3583
f 3582 3584 3585
f 3584 3586 3587
f 3586 3588 3589
f 3588 3590 3591
f 3590 3592 3593
f 3592 3594 3595
f 3594 3596 3597
f 3596 3598 3599
f 3598 3600 3601
f 3600 3602 3603
f 3602 3604 3605
f 3604 3606 3607
f 3606 3608 3609
f 3608 3610 3611
f 3610 3612 3613
f 3612 3614 3615
f 3614 3616 3617
f 3616 3618 3619
f 3618 3620 3621
f 3620 3622 3623
f 3622 3624 3625
f 3624 3626 3627
f 3626 3628 3629
f 3628 3630 3631
f 3630 3632 3633
f 3632 3634 3635
f 3634 3636 3637
f 3636 3638 3639
f 3638 3640 3641
f 3640 3642 3643
f 3642 3644 3645
f 3644 3646 3647
f 3646 3648 3649
f 3648 3650 3651
f 3650 3652 3653
f 3652 3654 3655
f 3654 3656 3657
f 3656 3658 3659
f 3658 3660 3661
f 3660 3662 3663
f 3662 3664 3665
f 3664 3666 3667
f 3666 3668 3669
f 3668 3670 3671
f 3670 3672 3673
f 3672 3674 3675
f 3674 3676 3677
f 3676 3678 3679
f 3678 3680 3681
f 3680 3682 3683
f 3682 3684 3685
f 3684 3686 3687
f 3686 3688 3689
f 3688 3690 3691
f 3690 3692 3693
f 3692 3694 3695
f 3694 3696 3697
f 3696 3698 3699
f 3698 3700 3701
f 3700 3702 3703
f 3702 3704 3705
f 3704 3706 3707
f 3706 3708 3709
f 3708 3710 3711
f 3710 3712 3713
f 3712 3714 3715
f 3714 3716 3717
f 3716 3718 3719
f 3718 3720 3721
f 3720 3722 3723
f 3722 3724 3725
f 3724 3726 3727
f 3726 3728 3729
f 3728 3730 3731
f 3730 3732 3733
f 3732 3734 3735
f 3734 3736 3737
f 3736 3738 3739
f 3738 3740 3741
f 3740 3742 3743
f 3742 3744 3745
f 3744 3746 3747
f 3746 3748 3749
f 3748 3750 3751
f 3750 3752 3753
f 3752 3754 3755
f 3754 3756 3757
f 3756 3758 3759
f 3758 3760 3761
f 3760 3762 3763
f 3762 3764 3765
f 3764 3766 3767
f 3766 3768 3769
f 3768 3770 3771
f 3770 3772 3773
f 3772 3774 3775
f 3774 3776 3777
f 3776 3778 3779
f 3778 3780 3781
f 3780 3782 3783
f 3782 3784 3785
f 3784 3786 3787
f 3786 3788 3789
f 3788 3790 3791
f 3790 3792 3793
f 3792 3794 3795
f 3794 3796 3797
f 3796 3798 3799
f 3798 3800 3801
f 3800 3802 3803
f 3802 3804 3805
f 3804 3806 3807
f 3806 3808 3809
f 3808 3810 3811
f 3810 3812 3813
f 3812 3814 3815
f 3814 3816 3817
f 3816 3818 3819
f 3818 3820 3821
f 3820 3822 3823
f 3822 3824 3825
f 3824 3826 3827
f 3826 3828 3829
f 3828 3830 3831
f 3830 3832 3833
f 3832 3834 3835
f 3834 3836 3837
f 3836 3838 3839
f 3838 3840 3841
f 3840 3842 3843
f 3842 3844 3845
f 3844 3846 3847
f 3846 3848 3849
f 3848 3850 3851
f 3850 3852 3853
f 3852 3854 3855
f 3854 3856 3857
f 3856 3858 3859
f 3858 3860 3861
f 3860 3862 3863
f 3862 3864 3865
f 3864 3866 3867
f 3866 3868 3869
f 3868 3870 3871
f 3870 3872 3873
f 3872 3874 3875
f 3874 3876 3877
f 3876 3878 3879
f 3878 3880 3881
f 3880 3882 3883
f 3882 3884 3885
f 3884 3886 3887
f 3886 3888 3889
f 3888 3890 3891
f 3890 3892 3893
f 3892 3894 3895
f 3894 3896 3897
f 3896 3898 3899
f 3898 3900 3901
f 3900 3902 3903
f 3902 3904 3905
f 3904 3906 3907
f 3906 3908 3909
f 3908 3910 3911
f 3910 3912 3913
f 3912 3914 3915
f 3914 3916 3917
f 3916 3918 3919
f 3918 3920 3921
f 3920 3922 3923
f 3922 3924 3925
f 3924 3926 3927
f 3926 3928 3929
f 3928 3930 3931
f 3930 3932 3933
f 3932 3934 3935
f 3934 3936 3937
f 3936 3938 3939
f 3938 3940 3941
f 3940 3942 3943
f 3942 3944 3945
f 3944 3946 3947
f 3946 3948 3949
f 3948 3950 3951
f 3950 3952 3953
f 3952 3954 3955
f 3954 3956 3957
f 3956 3958 3959
f 3958 3241 3960

o Shape_41
usemtl material_1
f 3961 3962 3963
f 3962 3964 3965
f 3964 3966 3967
f 3966 3968 3969
f 3968 3970 3971
f 3970 3972 3973
f 3972 3974 3975
f 3974 3976 3977
f 3976 3978 3979
f 3978 3980 3981
f 3980 3982 3983
f 3982 3984 3985
f 3984 3986 3987
f 3986 3988 3989
f 3988 3990 3991
f 3990 3992 3993
f 3992 3994 3995
f 3994 3996 3997
f 3996 3998 3999
f 3998 4000 4001
f 4000 4002 4003
f 4002 4004 4005
f 4004 4006 4007
f 4006 4008 4009
f 4008 4010 4011
f 4010 4012 4013
f 4012 4014 4015
f 4014 4016 4017
f 4016 4018 4019
f 4018 4020 4021
f 4020 4022 4023
f 4022 4024 4025
f 4024 4026 4027
f 4026 4028 4029
f 4028 4030 4031
f 4030 4032 4033
f 4032 4034 4035
f 4034 4036 4037
f 4036 4038 4039
f 4038 4040 4041
f 4040 4042 4043
f 4042 4044 4045
f 4044 4046 4047
f 4046 4048 4049
f 4048 4050 4051
f 4050 4052 4053
f 4052 4054 4055
f 4054 4056 4057
f 4056 4058 4059
f 4058 4060 4061
f 4060 4062 4063
f 4062 4064 4065
f 4064 4066 4067
f 4066 4068 4069
f 4068 4070 4071
f 4070 4072 4073
f 4072 4074 4075
f 4074 4076 4077
f 4076 4078 4079
f 4078 4080 4081
f 4080 4082 4083
f 4082 4084 4085
f 4084 4086 4087
f 4086 4088 4089
f 4088 4090 4091
f 4090 4092 4093
f 4092 4094 4095
f 4094 4096 4097
f 4096 4098 4099
f 4098 4100 4101
f 4100 4102 4103
f 4102 4104 4105
f 4104 4106 4107
f 4106 4108 4109
f 4108 4110 4111
f 4110 4112 4113
f 4112 4114 4115
f 4114 4116 4117
f 4116 4118 4119
f 4118 4120 4121
f 4120 4122 4123
f 4122 4124 4125
f 4124 4126 4127
f 4126 4128 4129
f 4128 4130 4131
f 4130 4132 4133
f 4132 4134 4135
f 4134 4136 4137
f 4136 4138 4139
f 4138 4140 4141
f 4140 4142 4143
f 4142 4144 4145
f 4144 4146 4147
f 4146 4148 4149
f 4148 4150 4151
f 4150 4152 4153
f 4152 4154 4155
f 4154 4156 4157
f 4156 4158 4159
f 4158 4160 4161
f 4160 4162 4163
f 4162 4164 4165
f 4164 4166 4167
f 4166 4168 4169
f 4168 4170 4171
f 4170 4172 4173
f 4172 4174 4175
f 4174 4176 4177
f 4176 4178 4179
f 4178 4180 4181
f 4180 4182 4183
f 4182 4184 4185
f 4184 4186 4187
f 4186 4188 4189
f 4188 4190 4191
f 4190 4192 4193
f 4192 4194 4195
f 4194 4196 4197
f 4196 4198 4199
f 4198 4200 4201
f 4200 4202 4203
f 4202 4204 4205
f 4204 4206 4207
f 4206 4208 4209
f 4208 4210 4211
f 4210 4212 4213
f 4212 4214 4215
f 4214 4216 4217
f 4216 4218 4219
f 4218 4220 4221
f 4220 4222 4223
f 4222 4224 4225
f 4224 4226 4227
f 4226 4228 4229
f 4228 4230 4231
f 4230 4232 4233
f 4232 4234 4235
f 4234 4236 4237
f 4236 4238 4239
f 4238 4240 4241
f 4240 4242 4243
f 4242 4244 4245
f 4244 4246 4247
f 4246 4248 4249
f 4248 4250 4251
f 4250 4252 4253
f 4252 4254 4255
f 4254 4256 4257
f 4256 4258 4259
f 4258 4260 4261
f 4260 4262 4263
f 4262 4264 4265
f 4264 4266 4267
f 4266 4268 4269
f 4268 4270 4271
f 4270 4272 4273
f 4272 4274 4275
f 4274 4276 4277
f 4276 4278 4279
f 4278 4280 4281
f 4280 4282 4283
f 4282 4284 4285
f 4284 4286 4287
f 4286 4288 4289
f 4288 4290 4291
f 4290 4292 4293
f 4292 4294 4295
f 4294 4296 4297
f 4296 4298 4299
f 4298 4300 4301
f 4300 4302 4303
f 4302 4304 4305
f 4304 4306 4307
f 4306 4308 4309
f 4308 4310 4311
f 4310 4312 4313
f 4312 4314 4315
f 4314 4316 4317
f 4316 4318 4319
f 4318 4320 4321
f 4320 4322 4323
f 4322 4324 4325
f 4324 4326 4327
f 4326 4328 4329
f 4328 4330 4331
f 4330 4332 4333
f 4332 4334 4335
f 4334 4336 4337
f 4336 4338 4339
f 4338 4340 4341
f 4340 4342 4343
f 4342 4344 4345
f 4344 4346 4347
f 4346 4348 4349
f 4348 4350 4351
f 4350 4352 4353
f 4352 4354 4355
f 4354 4356 4357
f 4356 4358 4359
f 4358 4360 4361
f 4360 4362 4363
f 4362 4364 4365
f 4364 4366 4367
f 4366 4368 4369
f 4368 4370 4371
f 4370 4372 4373
f 4372 4374 4375
f 4374 4376 4377
f 4376 4378 4379
f 4378 4380 4381
f 4380 4382 4383
f 4382 4384 4385
f 4384 4386 4387
f 4386 4388 4389
f 4388 4390 4391
f 4390 4392 4393
f 4392 4394 4395
f 4394 4396 4397
f 4396 4398 4399
f 4398 4400 4401
f 4400 4402 4403
f 4402 4404 4405
f 4404 4406 4407
f 4406 4408 4409
f 4408 4410 4411
f 4410 4412 4413
f 4412 4414 4415
f 4414 4416 4417
f 4416 4418 4419
f 4418 4420 4421
f 4420 4422 4423
f 4422 4424 4425
f 4424 4426 4427
f 4426 4428 4429
f 4428 4430 4431
f 4430 4432 4433
f 4432 4434 4435
f 4434 4436 4437
f 4436 4438 4439
f 4438 4440 4441
f 4440 4442 4443
f 4442 4444 4445
f 4444 4446 4447
f 4446 4448 4449
f 4448 4450 4451
f 4450 4452 4453
f 4452 4454 4455
f 4454 4456 4457
f 4456 4458 4459
f 4458 4460 4461
f 4460 4462 4463
f 4462 4464 4465
f 4464 4466 4467
f 4466 4468 4469
f 4468 4470 4471
f 4470 4472 4473
f 4472 4474 4475
f 4474 4476 4477
f 4476 4478 4479
f 4478 4480 4481
f 4480 4482 4483
f 4482 4484 4485
f 4484 4486 4487
f 4486 4488 4489
f 4488 4490 4491
f 4490 4492 4493
f 4492 4494 4495
f 4494 4496 4497
f 4496 4498 4499
f 4498 4500 4501
f 4500 4502 4503
f 4502 4504 4505
f 4504 4506 4507
f 4506 4508 4509
f 4508 4510 4511
f 4510 4512 4513
f 4512 4514 4515
f 4514 4516 4517
f 4516 4518 4519
f 4518 4520 4521
f 4520 4522 4523
f 4522 4524 4525
f 4524 4526 4527
f 4526 4528 4529
f 4528 4530 4531
f 4530 4532 4533
f 4532 4534 4535
f 4534 4536 4537
f 4536 4538 4539
f 4538 4540 4541
f 4540 4542 4543
f 4542 4544 4545
f 4544 4546 4547
f 4546 4548 4549
f 4548 4550 4551
f 4550 4552 4553
f 4552 4554 4555
f 4554 4556 4557
f 4556 4558 4559
f 4558 4560 4561
f 4560 4562 4563
f 4562 4564 4565
f 4564 4566 4567
f 4566 4568 4569
f 4568 4570 4571
f 4570 4572 4573
f 4572 4574 4575
f 4574 4576 4577
f 4576 4578 4579
f 4578 4580 4581
f 4580 4582 4583
f 4582 4584 4585
f 4584 4586 4587
f 4586 4588 4589
f 4588 4590 4591
f 4590 4592 4593
f 4592 4594 4595
f 4594 4596 4597
f 4596 4598 4599
f 4598 4600 4601
f 4600 4602 4603
f 4602 4604 4605
f 4604 4606 4607
f 4606 4608 4609
f 4608 4610 4611
f 4610 4612 4613
f 4612 4614 4615
f 4614 4616 4617
f 4616 4618 4619
f 4618 4620 4621
f 4620 4622 4623
f 4622 4624 4625
f 4624 4626 4627
f 4626 4628 4629
f 4628 4630 4631
f 4630 4632 4633
f 4632 4634 4635
f 4634 4636 4637
f 4636 4638 4639
f 4638 4640 4641
f 4640 4642 4643
f 4642 4644 4645
f 4644 4646 4647
f 4646 4648 4649
f 4648 4650 4651
f 4650 4652 4653
f 4652 4654 4655
f 4654 4656 4657
f 4656 4658 4659
f 4658 4660 4661
f 4660 4662 4663
f 4662 4664 4665
f 4664 4666 4667
f 4666 4668 4669
f 4668 4670 4671
f 4670 4672 4673
f 4672 4674 4675
f 4674 4676 4677
f 4676 4678 4679
f 4678 3961 4680

o Shape_42
usemtl material_1
f 3241 3242 3243
f 3242 3244 3245
f 3244 3246 3247
f 3246 3248 3249
f 3248 3250 3251
f 3250 3252 3253
f 3252 3254 3255
f 3254 3256 3257
f 3256 3258 3259
f 3258 3260 3261
f 3260 3262 3263
f 3262 3264 3265
f 3264 3266 3267
f 3266 3268 3269
f 3268 3270 3271
f 3270 3272 3273
f 3272 3274 3275
f 3274 3276 3277
f 3276 3278 3279
f 3278 3280 3281
f 3280 3282 3283
f 3282 3284 3285
f 3284 3286 3287
f 3286 3288 3289
f 3288 3290 3291
f 3290 3292 3293
f 3292 3294 3295
f 3294 3296 3297
f 3296 3298 3299
f 3298 3300 3301
f 3300 3302 3303
f 3302 3304 3305
f 3304 3306 3307
f 3306 3308 3309
f 3308 3310 3311
f 3310 3312 3313
f 3312 3314 3315
f 3314 3316 3317
f 3316 3318 3319
f 3318 3320 3321
f 3320 3322 3323
f 3322 3324 3325
f 3324 3326 3327
f 3326 3328 3329
f 3328 3330 3331
f 3330 3332 3333
f 3332 3334 3335
f 3334 3336 3337
f 3336 3338 3339
f 3338 3340 3341
f 3340 3342 3343
f 3342 3344 3345
f 3344 3346 3347
f 3346 3348 3349
f 3348 3350 3351
f 3350 3352 3353
f 3352 3354 3355
f 3354 3356 3357
f 3356 3358 3359
f 3358 3360 3361
f 3360 3362 3363
f 3362 3364 3365
f 3364 3366 3367
f 3366 3368 3369
f 3368 3370 3371
f 3370 3372 3373
f 3372 3374 3375
f 3374 3376 3377
f 3376 3378 3379
f 3378 3380 3381
f 3380 3382 3383
f 3382 3384 3385
f 3384 3386 3387
f 3386 3388 3389
f 3388 3390 3391
f 3390 3392 3393
f 3392 3394 3395
f 3394 3396 3397
f 3396 3398 3399
f 3398 3400 3401
f 3400 3402 3403
f 3402 3404 3405
f 3404 3406 3407
f 3406 3408 3409
f 3408 3410 3411
f 3410 3412 3413
f 3412 3414 3415
f 3414 3416 3417
f 3416 3418 3419
f 3418 3420 3421
f 3420 3422 3423
f 3422 3424 3425
f 3424 3426 3427
f 3426 3428 3429
f 3428 3430 3431
f 3430 3432 3433
f 3432 3434 3435
f 3434 3436 3437
f 3436 3438 3439
f 3438 3440 3441
f 3440 3442 3443
f 3442 3444 3445
f 3444 3446 3447
f 3446 3448 3449
f 3448 3450 3451
f 3450 3452 3453
f 3452 3454 3455
f 3454 3456 3457
f 3456 3458 3459
f 3458 3460 3461
f 3460 3462 3463
f 3462 3464 3465
f 3464 3466 3467
f 3466 3468 3469
f 3468 3470 3471
f 3470 3472 3473
f 3472 3474 3475
f 3474 3476 3477
f 3476 3478 3479
f 3478 3480 3481
f 3480 3482 3483
f 3482 3484 3485
f 3484 3486 3487
f 3486 3488 3489
f 3488 3490 3491
f 3490 3492 3493
f 3492 3494 3495
f 3494 3496 3497
f 3496 3498 3499
f 3498 3500 3501
f 3500 3502 3503
f 3502 3504 3505
f 3504 3506 3507
f 3506 3508 3509
f 3508 3510 3511
f 3510 3512 3513
f 3512 3514 3515
f 3514 3516 3517
f 3516 3518 3519
f 3518 3520 3521
f 3520 3522 3523
f 3522 3524 3525
f 3524 3526 3527
f 3526 3528 3529
f 3528 3530 3531
f 3530 3532 3533
f 3532 3534 3535
f 3534 3536 3537
f 3536 3538 3539
f 3538 3540 3541
f 3540 3542 3543
f 3542 3544 3545
f 3544 3546 3547
f 3546 3548 3549
f 3548 3550 3551
f 3550 3552 3553
f 3552 3554 3555
f 3554 3556 3557
f 3556 3558 3559
f 3558 3560 3561
f 3560 3562 3563
f 3562 3564 3565
f 3564 3566 3567
f 3566 3568 3569
f 3568 3570 3571
f 3570 3572 3573
f 3572 3574 3575
f 3574 3576 3577
f 3576 3578 3579
f 3578 3580 3581
f 3580 3582 3583
f 3582 3584 3585
f 3584 3586 3587
f 3586 3588 3589
f 3588 3590 3591
f 3590 3592 3593
f 3592 3594 3595
f 3594 3596 3597
f 3596 3598 3599
f 3598 3600 3601
f 3600 3602 3603
f 3602 3604 3605
f 3604 3606 3607
f 3606 3608 3609
f 3608 3610 3611
f 3610 3612 3613
f 3612 3614 3615
f 3614 3616 3617
f 3616 3618 3619
f 3618 3620 3621
f 3620 3622 3623
f 3622 3624 3625
f 3624 3626 3627
f 3626 3628 3629
f 3628 3630 3631
f 3630 3632 3633
f 3632 3634 3635
f 3634 3636 3637
f 3636 3638 3639
f 3638 3640 3641
f 3640 3642 3643
f 3642 3644 3645
f 3644 3646 3647
f 3646 3648 3649
f 3648 3650 3651
f 3650 3652 3653
f 3652 3654 3655
f 3654 3656 3657
f 3656 3658 3659
f 3658 3660 3661
f 3660 3662 3663
f 3662 3664 3665
f 3664 3666 3667
f 3666 3668 3669
f 3668 3670 3671
f 3670 3672 3673
f 3672 3674 3675
f 3674 3676 3677
f 3676 3678 3679
f 3678 3680 3681
f 3680 3682 3683
f 3682 3684 3685
f 3684 3686 3687
f 3686 3688 3689
f 3688 3690 3691
f 3690 3692 3693
f 3692 3694 3695
f 3694 3696 3697
f 3696 3698 3699
f 3698 3700 3701
f 3700 3702 3703
f 3702 3704 3705
f 3704 3706 3707
f 3706 3708 3709
f 3708 3710 3711
f 3710 3712 3713
f 3712 3714 3715
f 3714 3716 3717
f 3716 3718 3719
f 3718 3720 3721
f 3720 3722 3723
f 3722 3724 3725
f 3724 3726 3727
f 3726 3728 3729
f 3728 3730 3731
f 3730 3732 3733
f 3732 3734 3735
f 3734 3736 3737
f 3736 3738 3739
f 3738 3740 3741
f 3740 3742 3743
f 3742 3744 3745
f 3744 3746 3747
f 3746 3748 3749
f 3748 3750 3751
f 3750 3752 3753
f 3752 3754 3755
f 3754 3756 3757
f 3756 3758 3759
f 3758 3760 3761
f 3760 3762 3763
f 3762 3764 3765
f 3764 3766 3767
f 3766 3768 3769
f 3768 3770 3771
f 3770 3772 3773
f 3772 3774 3775
f 3774 3776 3777
f 3776 3778 3779
f 3778 3780 3781
f 3780 3782 3783
f 3782 3784 3785
f 3784 3786 3787
f 3786 3788 3789
f 3788 3790 3791
f 3790 3792 3793
f 3792 3794 3795
f 3794 3796 3797
f 3796 3798 3799
f 3798 3800 3801
f 3800 3802 3803
f 3802 3804 3805
f 3804 3806 3807
f 3806 3808 3809
f 3808 3810 3811
f 3810 3812 3813
f 3812 3814 3815
f 3814 3816 3817
f 3816 3818 3819
f 3818 3820 3821
f 3820 3822 3823
f 3822 3824 3825
f 3824 3826 3827
f 3826 3828 3829
f 3828 3830 3831
f 3830 3832 3833
f 3832 3834 3835
f 3834 3836 3837
f 3836 3838 3839
f 3838 3840 3841
f 3840 3842 3843
f 3842 3844 3845
f 3844 3846 3847
f 3846 3848 3849
f 3848 3850 3851
f 3850 3852 3853
f 3852 3854 3855
f 3854 3856 3857
f 3856 3858 3859
f 3858 3860 3861
f 3860 3862 3863
f 3862 3864 3865
f 3864 3866 3867
f 3866 3868 3869
f 3868 3870 3871
f 3870 3872 3873
f 3872 3874 3875
f 3874 3876 3877
f 3876 3878 3879
f 3878 3880 3881
f 3880 3882 3883
f 3882 3884 3885
f 3884 3886 3887
f 3886 3888 3889
f 3888 3890 3891
f 3890 3892 3893
f 3892 3894 3895
f 3894 3896 3897
f 3896 3898 3899
f 3898 3900 3901
f 3900 3902 3903
f 3902 3904 3905
f 3904 3906 3907
f 3906 3908 3909
f 3908 3910 3911
f 3910 3912 3913
f 3912 3914 3915
f 3914 3916 3917
f 3916 3918 3919
f 3918 3920 3921
f 3920 3922 3923
f 3922 3924 3925
f 3924 3926 3927
f 3926 3928 3929
f 3928 3930 3931
f 3930 3932 3933
f 3932 3934 3935
f 3934 3936 3937
f 3936 3938 3939
f 3938 3940 3941
f 3940 3942 3943
f 3942 3944 3945
f 3944 3946 3947
f 3946 3948 3949
f 3948 3950 3951
f 3950 3952 3953
f 3952 3954 3955
f 3954 3956 3957
f 3956 3958 3959
f 3958 3241 3960

o Shape_43
usemtl material_1
f 4681 4682 4683
f 4682 4684 4685
f 4684 4686 4687
f 4686 4688 4689
f 4688 4690 4691
f 4690 4692 4693
f 4692 4694 4695
f 4694 4696 4697
f 4696 4698 4699
f 4698 4700 4701
f 4700 4702 4703
f 4702 4704 4705
f 4704 4706 4707
f 4706 4708 4709
f 4708 4710 4711
f 4710 4712 4713
f 4712 4714 4715
f 4714 4716 4717
f 4716 4718 4719
f 4718 4720 4721
f 4720 4722 4723
f 4722 4724 4725
f 4724 4726 4727
f 4726 4728 4729
f 4728 4730 4731
f 4730 4732 4733
f 4732 4734 4735
f 4734 4736 4737
f 4736 4738 4739
f 4738 4740 4741
f 4740 4742 4743
f 4742 4744 4745
f 4744 4746 4747
f 4746 4748 4749
f 4748 4750 4751
f 4750 4752 4753
f 4752 4754 4755
f 4754 4756 4757
f 4756 4758 4759
f 4758 4760 4761
f 4760 4762 4763
f 4762 4764 4765
f 4764 4766 4767
f 4766 4768 4769
f 4768 4770 4771
f 4770 4772 4773
f 4772 4774 4775
f 4774 4776 4777
f 4776 4778 4779
f 4778 4780 4781
f 4780 4782 4783
f 4782 4784 4785
f 4784 4786 4787
f 4786 4788 4789
f 4788 4790 4791
f 4790 4792 4793
f 4792 4794 4795
f 4794 4796 4797
f 4796 4798 4799
f 4798 4800 4801
f 4800 4802 4803
f 4802 4804 4805
f 4804 4806 4807
f 4806 4808 4809
f 4808 4810 4811
f 4810 4812 4813
f 4812 4814 4815
f 4814 4816 4817
f 4816 4818 4819
f 4818 4820 4821
f 4820 4822 4823
f 4822 4824 4825
f 4824 4826 4827
f 4826 4828 4829
f 4828 4830 4831
f 4830 4832 4833
f 4832 4834 4835
f 4834 4836 4837
f 4836 4838 4839
f 4838 4840 4841
f 4840 4842 4843
f 4842 4844 4845
f 4844 4846 4847
f 4846 4848 4849
f 4848 4850 4851
f 4850 4852 4853
f 4852 4854 4855
f 4854 4856 4857
f 4856 4858 4859
f 4858 4860 4861
f 4860 4862 4863
f 4862 4864 4865
f 4864 4866 4867
f 4866 4868 4869
f 4868 4870 4871
f 4870 4872 4873
f 4872 4874 4875
f 4874 4876 4877
f 4876 4878 4879
f 4878 4880 4881
f 4880 4882 4883
f 4882 4884 4885
f 4884 4886 4887
f 4886 4888 4889
f 4888 4890 4891
f 4890 4892 4893
f 4892 4894 4895
f 4894 4896 4897
f 4896 4898 4899
f 4898 4900 4901
f 4900 4902 4903
f 4902 4904 4905
f 4904 4906 4907
f 4906 4908 4909
f 4908 4910 4911
f 4910 4912 4913
f 4912 4914 4915
f 4914 4916 4917
f 4916 4918 4919
f 4918 4920 4921
f 4920 4922 4923
f 4922 4924 4925
f 4924 4926 4927
f 4926 4928 4929
f 4928 4930 4931
f 4930 4932 4933
f 4932 4934 4935
f 4934 4936 4937
f 4936 4938 4939
f 4938 4940 4941
f 4940 4942 4943
f 4942 4944 4945
f 4944 4946 4947
f 4946 4948 4949
f 4948 4950 4951
f 4950 4952 4953
f 4952 4954 4955
f 4954 4956 4957
f 4956 4958 4959
f 4958 4960 4961
f 4960 4962 4963
f 4962 4964 4965
f 4964 4966 4967
f 4966 4968 4969
f 4968 4970 4971
f 4970 4972 4973
f 4972 4974 4975
f 4974 4976 4977
f 4976 4978 4979
f 4978 4980 4981
f 4980 4982 4983
f 4982 4984 4985
f 4984 4986 4987
f 4986 4988 4989
f 4988 4990 4991
f 4990 4992 4993
f 4992 4994 4995
f 4994 4996 4997
f 4996 4998 4999
f 4998 5000 5001
f 5000 5002 5003
f 5002 5004 5005
f 5004 5006 5007
f 5006 5008 5009
f 5008 5010 5011
f 5010 5012 5013
f 5012 5014 5015
f 5014 5016 5017
f 5016 5018 5019
f 5018 5020 5021
f 5020 5022 5023
f 5022 5024 5025
f 5024 5026 5027
f 5026 5028 5029
f 5028 5030 5031
f 5030 5032 5033
f 5032 5034 5035
f 5034 5036 5037
f 5036 5038 5039
f 5038 5040 5041
f 5040 5042 5043
f 5042 5044 5045
f 5044 5046 5047
f 5046 5048 5049
f 5048 5050 5051
f 5050 5052 5053
f 5052 5054 5055
f 5054 5056 5057
f 5056 5058 5059
f 5058 5060 5061
f 5060 5062 5063
f 5062 5064 5065
f 5064 5066 5067
f 5066 5068 5069
f 5068 5070 5071
f 5070 5072 5073
f 5072 5074 5075
f 5074 5076 5077
f 5076 5078 5079
f 5078 5080 5081
f 5080 5082 5083
f 5082 5084 5085
f 5084 5086 5087
f 5086 5088 5089
f 5088 5090 5091
f 5090 5092 5093
f 5092 5094 5095
f 5094 5096 5097
f 5096 5098 5099
f 5098 5100 5101
f 5100 5102 5103
f 5102 5104 5105
f 5104 5106 5107
f 5106 5108 5109
f 5108 5110 5111
f 5110 5112 5113
f 5112 5114 5115
f 5114 5116 5117
f 5116 5118 5119
f 5118 5120 5121
f 5120 5122 5123
f 5122 5124 5125
f 5124 5126 5127
f 5126 5128 5129
f 5128 5130 5131
f 5130 5132 5133
f 5132 5134 5135
f 5134 5136 5137
f 5136 5138 5139
f 5138 5140 5141
f 5140 5142 5143
f 5142 5144 5145
f 5144 5146 5147
f 5146 5148 5149
f 5148 5150 5151
f 5150 5152 5153
f 5152 5154 5155
f 5154 5156 5157
f 5156 5158 5159
f 5158 5160 5161
f 5160 5162 5163
f 5162 5164 5165
f 5164 5166 5167
f 5166 5168 5169
f 5168 5170 5171
f 5170 5172 5173
f 5172 5174 5175
f 5174 5176 5177
f 5176 5178 5179
f 5178 5180 5181
f 5180 5182 5183
f 5182 5184 5185
f 5184 5186 5187
f 5186 5188 5189
f 5188 5190 5191
f 5190 5192 5193
f 5192 5194 5195
f 5194 5196 5197
f 5196 5198 5199
f 5198 5200 5201
f 5200 5202 5203
f 5202 5204 5205
f 5204 5206 5207
f 5206 5208 5209
f 5208 5210 5211
f 5210 5212 5213
f 5212 5214 5215
f 5214 5216 5217
f 5216 5218 5219
f 5218 5220 5221
f 5220 5222 5223
f 5222 5224 5225
f 5224 5226 5227
f 5226 5228 5229
f 5228 5230 5231
f 5230 5232 5233
f 5232 5234 5235
f 5234 5236 5237
f 5236 5238 5239
f 5238 5240 5241
f 5240 5242 5243
f 5242 5244 5245
f 5244 5246 5247
f 5246 5248 5249
f 5248 5250 5251
f 5250 5252 5253
f 5252 5254 5255
f 5254 5256 5257
f 5256 5258 5259
f 5258 5260 5261
f 5260 5262 5263
f 5262 5264 5265
f 5264 5266 5267
f 5266 5268 5269
f 5268 5270 5271
f 5270 5272 5273
f 5272 5274 5275
f 5274 5276 5277
f 5276 5278 5279
f 5278 5280 5281
f 5280 5282 5283
f 5282 5284 5285
f 5284 5286 5287
f 5286 5288 5289
f 5288 5290 5291
f 5290 5292 5293
f 5292 5294 5295
f 5294 5296 5297
f 5296 5298 5299
f 5298 5300 5301
f 5300 5302 5303
f 5302 5304 5305
f 5304 5306 5307
f 5306 5308 5309
f 5308 5310 5311
f 5310 5312 5313
f 5312 5314 5315
f 5314 5316 5317
f 5316 5318 5319
f 5318 5320 5321
f 5320 5322 5323
f 5322 5324 5325
f 5324 5326 5327
f 5326 5328 5329
f 5328 5330 5331
f 5330 5332 5333
f 5332 5334 5335
f 5334 5336 5337
f 5336 5338 5339
f 5338 5340 5341
f 5340 5342 5343
f 5342 5344 5345
f 5344 5346 5347
f 5346 5348 5349
f 5348 5350 5351
f 5350 5352 5353
f 5352 5354 5355
f 5354 5356 5357
f 5356 5358 5359
f 5358 5360 5361
f 5360 5362 5363
f 5362 5364 5365
f 5364 5366 5367
f 5366 5368 5369
f 5368 5370 5371
f 5370 5372 5373
f 5372 5374 5375
f 5374 5376 5377
f 5376 5378 5379
f 5378 5380 5381
f 5380 5382 5383
f 5382 5384 5385
f 5384 5386 5387
f 5386 5388 5389
f 5388 5390 5391
f 5390 5392 5393
f 5392 5394 5395
f 5394 5396 5397
f 5396 5398 5399
f 5398 4681 5400

o Shape_44
usemtl material_1
f 5401 5402 5403
f 5402 5404 5405
f 5404 5406 5407
f 5406 5408 5409
f 5408 5410 5411
f 5410 5412 5413
f 5412 5414 5415
f 5414 5416 5417
f 5416 5418 5419
f 5418 5420 5421
f 5420 5422 5423
f 5422 5424 5425
f 5424 5426 5427
f 5426 5428 5429
f 5428 5430 5431
f 5430 5432 5433
f 5432 5434 5435
f 5434 5436 5437
f 5436 5438 5439
f 5438 5440 5441
f 5440 5442 5443
f 5442 5444 5445
f 5444 5446 5447
f 5446 5448 5449
f 5448 5450 5451
f 5450 5452 5453
f 5452 5454 5455
f 5454 5456 5457
f 5456 5458 5459
f 5458 5460 5461
f 5460 5462 5463
f 5462 5464 5465
f 5464 5466 5467
f 5466 5468 5469
f 5468 5470 5471
f 5470 5472 5473
f 5472 5474 5475
f 5474 5476 5477
f 5476 5478 5479
f 5478 5480 5481
f 5480 5482 5483
f 5482 5484 5485
f 5484 5486 5487
f 5486 5488 5489
f 5488 5490 5491
f 5490 5492 5493
f 5492 5494 5495
f 5494 5496 5497
f 5496 5498 5499
f 5498 5500 5501
f 5500 5502 5503
f 5502 5504 5505
f 5504 5506 5507
f 5506 5508 5509
f 5508 5510 5511
f 5510 5512 5513
f 5512 5514 5515
f 5514 5516 5517
f 5516 5518 5519
f 5518 5520 5521
f 5520 5522 5523
f 5522 5524 5525
f 5524 5526 5527
f 5526 5528 5529
f 5528 5530 5531
f 5530 5532 5533
f 5532 5534 5535
f 5534 5536 5537
f 5536 5538 5539
f 5538 5540 5541
f 5540 5542 5543
f 5542 5544 5545
f 5544 5546 5547
f 5546 5548 5549
f 5548 5550 5551
f 5550 5552 5553
f 5552 5554 5555
f 5554 5556 5557
f 5556 5558 5559
f 5558 5560 5561
f 5560 5562 5563
f 5562 5564 5565
f 5564 5566 5567
f 5566 5568 5569
f 5568 5570 5571
f 5570 5572 5573
f 5572 5574 5575
f 5574 5576 5577
f 5576 5578 5579
f 5578 5580 5581
f 5580 5582 5583
f 5582 5584 5585
f 5584 5586 5587
f 5586 5588 5589
f 5588 5590 5591
f 5590 5592 5593
f 5592 5594 5595
f 5594 5596 5597
f 5596 5598 5599
f 5598 5600 5601
f 5600 5602 5603
f 5602 5604 5605
f 5604 5606 5607
f 5606 5608 5609
f 5608 5610 5611
f 5610 5612 5613
f 5612 5614 5615
f 5614 5616 5617
f 5616 5618 5619
f 5618 5620 5621
f 5620 5622 5623
f 5622 5624 5625
f 5624 5626 5627
f 5626 5628 5629
f 5628 5630 5631
f 5630 5632 5633
f 5632 5634 5635
f 5634 5636 5637
f 5636 5638 5639
f 5638 5640 5641
f 5640 5642 5643
f 5642 5644 5645
f 5644 5646 5647
f 5646 5648 5649
f 5648 5650 5651
f 5650 5652 5653
f 5652 5654 5655
f 5654 5656 5657
f 5656 5658 5659
f 5658 5660 5661
f 5660 5662 5663
f 5662 5664 5665
f 5664 5666 5667
f 5666 5668 5669
f 5668 5670 5671
f 5670 5672 5673
f 5672 5674 5675
f 5674 5676 5677
f 5676 5678 5679
f 5678 5680 5681
f 5680 5682 5683
f 5682 5684 5685
f 5684 5686 5687
f 5686 5688 5689
f 5688 5690 5691
f 5690 5692 5693
f 5692 5694 5695
f 5694 5696 5697
f 5696 5698 5699
f 5698 5700 5701
f 5700 5702 5703
f 5702 5704 5705
f 5704 5706 5707
f 5706 5708 5709
f 5708 5710 5711
f 5710 5712 5713
f 5712 5714 5715
f 5714 5716 5717
f 5716 5718 5719
f 5718 5720 5721
f 5720 5722 5723
f 5722 5724 5725
f 5724 5726 5727
f 5726 5728 5729
f 5728 5730 5731
f 5730 5732 5733
f 5732 5734 5735
f 5734 5736 5737
f 5736 5738 5739
f 5738 5740 5741
f 5740 5742 5743
f 5742 5744 5745
f 5744 5746 5747
f 5746 5748 5749
f 5748 5750 5751
f 5750 5752 5753
f 5752 5754 5755
f 5754 5756 5757
f 5756 5758 5759
f 5758 5760 5761
f 5760 5762 5763
f 5762 5764 5765
f 5764 5766 5767
f 5766 5768 5769
f 5768 5770 5771
f 5770 5772 5773
f 5772 5774 5775
f 5774 5776 5777
f 5776 5778 5779
f 5778 5780 5781
f 5780 5782 5783
f 5782 5784 5785
f 5784 5786 5787
f 5786 5788 5789
f 5788 5790 5791
f 5790 5792 5793
f 5792 5794 5795
f 5794 5796 5797
f 5796 5798 5799
f 5798 5800 5801
f 5800 5802 5803
f 5802 5804 5805
f 5804 5806 5807
f 5806 5808 5809
f 5808 5810 5811
f 5810 5812 5813
f 5812 5814 5815
f 5814 5816 5817
f 5816 5818 5819
f 5818 5820 5821
f 5820 5822 5823
f 5822 5824 5825
f 5824 5826 5827
f 5826 5828 5829
f 5828 5830 5831
f 5830 5832 5833
f 5832 5834 5835
f 5834 5836 5837
f 5836 5838 5839
f 5838 5840 5841
f 5840 5842 5843
f 5842 5844 5845
f 5844 5846 5847
f 5846 5848 5849
f 5848 5850 5851
f 5850 5852 5853
f 5852 5854 5855
f 5854 5856 5857
f 5856 5858 5859
f 5858 5860 5861
f 5860 5862 5863
f 5862 5864 5865
f 5864 5866 5867
f 5866 5868 5869
f 5868 5870 5871
f 5870 5872 5873
f 5872 5874 5875
f 5874 5876 5877
f 5876 5878 5879
f 5878 5880 5881
f 5880 5882 5883
f 5882 5884 5885
f 5884 5886 5887
f 5886 5888 5889
f 5888 5890 5891
f 5890 5892 5893
f 5892 5894 5895
f 5894 5896 5897
f 5896 5898 5899
f 5898 5900 5901
f 5900 5902 5903
f 5902 5904 5905
f 5904 5906 5907
f 5906 5908 5909
f 5908 5910 5911
f 5910 5912 5913
f 5912 5914 5915
f 5914 5916 5917
f 5916 5918 5919
f 5918 5920 5921
f 5920 5922 5923
f 5922 5924 5925
f 5924 5926 5927
f 5926 5928 5929
f 5928 5930 5931
f 5930 5932 5933
f 5932 5934 5935
f 5934 5936 5937
f 5936 5938 5939
f 5938 5940 5941
f 5940 5942 5943
f 5942 5944 5945
f 5944 5946 5947
f 5946 5948 5949
f 5948 5950 5951
f 5950 5952 5953
f 5952 5954 5955
f 5954 5956 5957
f 5956 5958 5959
f 5958 5960 5961
f 5960 5962 5963
f 5962 5964 5965
f 5964 5966 5967
f 5966 5968 5969
f 5968 5970 5971
f 5970 5972 5973
f 5972 5974 5975
f 5974 5976 5977
f 5976 5978 5979
f 5978 5980 5981
f 5980 5982 5983
f 5982 5984 5985
f 5984 5986 5987
f 5986 5988 5989
f 5988 5990 5991
f 5990 5992 5993
f 5992 5994 5995
f 5994 5996 5997
f 5996 5998 5999
f 5998 6000 6001
f 6000 6002 6003
f 6002 6004 6005
f 6004 6006 6007
f 6006 6008 6009
f 6008 6010 6011
f 6010 6012 6013
f 6012 6014 6015
f 6014 6016 6017
f 6016 6018 6019
f 6018 6020 6021
f 6020 6022 6023
f 6022 6024 6025
f 6024 6026 6027
f 6026 6028 6029
f 6028 6030 6031
f 6030 6032 6033
f 6032 6034 6035
f 6034 6036 6037
f 6036 6038 6039
f 6038 6040 6041
f 6040 6042 6043
f 6042 6044 6045
f 6044 6046 6047
f 6046 6048 6049
f 6048 6050 6051
f 6050 6052 6053
f 6052 6054 6055
f 6054 6056 6057
f 6056 6058 6059
f 6058 6060 6061
f 6060 6062 6063
f 6062 6064 6065
f 6064 6066 6067
f 6066 6068 6069
f 6068 6070 6071
f 6070 6072 6073
f 6072 6074 6075
f 6074 6076 6077
f 6076 6078 6079
f 6078 6080 6081
f 6080 6082 6083
f 6082 6084 6085
f 6084 6086 6087
f 6086 6088 6089
f 6088 6090 6091
f 6090 6092 6093
f 6092 6094 6095
f 6094 6096 6097
f 6096 6098 6099
f 6098 6100 6101
f 6100 6102 6103
f 6102 6104 6105
f 6104 6106 6107
f 6106 6108 6109
f 6108 6110 6111
f 6110 6112 6113
f 6112 6114 6115
f 6114 6116 6117
f 6116 6118 6119
f 6118 5401 6120

o Shape_45
usemtl material_1
f 3961 3962 3963
f 3962 3964 3965
f 3964 3966 3967
f 3966 3968 3969
f 3968 3970 3971
f 3970 3972 3973
f 3972 3974 3975
f 3974 3976 3977
f 3976 3978 3979
f 3978 3980 3981
f 3980 3982 3983
f 3982 3984 3985
f 3984 3986 3987
f 3986 3988 3989
f 3988 3990 3991
f 3990 3992 3993
f 3992 3994 3995
f 3994 3996 3997
f 3996 3998 3999
f 3998 4000 4001
f 4000 4002 4003
f 4002 4004 4005
f 4004 4006 4007
f 4006 4008 4009
f 4008 4010 4011
f 4010 4012 4013
f 4012 4014 4015
f 4014 4016 4017
f 4016 4018 4019
f 4018 4020 4021
f 4020 4022 4023
f 4022 4024 4025
f 4024 4026 4027
f 4026 4028 4029
f 4028 4030 4031
f 4030 4032 4033
f 4032 4034 4035
f 4034 4036 4037
f 4036 4038 4039
f 4038 4040 4041
f 4040 4042 4043
f 4042 4044 4045
f 4044 4046 4047
f 4046 4048 4049
f 4048 4050 4051
f 4050 4052 4053
f 4052 4054 4055
f 4054 4056 4057
f 4056 4058 4059
f 4058 4060 4061
f 4060 4062 4063
f 4062 4064 4065
f 4064 4066 4067
f 4066 4068 4069
f 4068 4070 4071
f 4070 4072 4073
f 4072 4074 4075
f 4074 4076 4077
f 4076 4078 4079
f 4078 4080 4081
f 4080 4082 4083
f 4082 4084 4085
f 4084 4086 4087
f 4086 4088 4089
f 4088 4090 4091
f 4090 4092 4093
f 4092 4094 4095
f 4094 4096 4097
f 4096 4098 4099
f 4098 4100 4101
f 4100 4102 4103
f 4102 4104 4105
f 4104 4106 4107
f 4106 4108 4109
f 4108 4110 4111
f 4110 4112 4113
f 4112 4114 4115
f 4114 4116 4117
f 4116 4118 4119
f 4118 4120 4121
f 4120 4122 4123
f 4122 4124 4125
f 4124 4126 4127
f 4126 4128 4129
f 4128 4130 4131
f 4130 4132 4133
f 4132 4134 4135
f 4134 4136 4137
f 4136 4138 4139
f 4138 4140 4141
f 4140 4142 4143
f 4142 4144 4145
f 4144 4146 4147
f 4146 4148 4149
f 4148 4150 4151
f 4150 4152 4153
f 4152 4154 4155
f 4154 4156 4157
f 4156 4158 4159
f 4158 4160 4161
f 4160 4162 4163
f 4162 4164 4165
f 4164 4166 4167
f 4166 4168 4169
f 4168 4170 4171
f 4170 4172 4173
f 4172 4174 4175
f 4174 4176 4177
f 4176 4178 4179
f 4178 4180 4181
f 4180 4182 4183
f 4182 4184 4185
f 4184 4186 4187
f 4186 4188 4189
f 4188 4190 4191
f 4190 4192 4193
f 4192 4194 4195
f 4194 4196 4197
f 4196 4198 4199
f 4198 4200 4201
f 4200 4202 4203
f 4202 4204 4205
f 4204 4206 4207
f 4206 4208 4209
f 4208 4210 4211
f 4210 4212 4213
f 4212 4214 4215
f 4214 4216 4217
f 4216 4218 4219
f 4218 4220 4221
f 4220 4222 4223
f 4222 4224 4225
f 4224 4226 4227
f 4226 4228 4229
f 4228 4230 4231
f 4230 4232 4233
f 4232 4234 4235
f 4234 4236 4237
f 4236 4238 4239
f 4238 4240 4241
f 4240 4242 4243
f 4242 4244 4245
f 4244 4246 4247
f 4246 4248 4249
f 4248 4250 4251
f 4250 4252 4253
f 4252 4254 4255
f 4254 4256 4257
f 4256 4258 4259
f 4258 4260 4261
f 4260 4262 4263
f 4262 4264 4265
f 4264 4266 4267
f 4266 4268 4269
f 4268 4270 4271
f 4270 4272 4273
f 4272 4274 4275
f 4274 4276 4277
f 4276 4278 4279
f 4278 4280 4281
f 4280 4282 4283
f 4282 4284 4285
f 4284 4286 4287
f 4286 4288 4289
f 4288 4290 4291
f 4290 4292 4293
f 4292 4294 4295
f 4294 4296 4297
f 4296 4298 4299
f 4298 4300 4301
f 4300 4302 4303
f 4302 4304 4305
f 4304 4306 4307
f 4306 4308 4309
f 4308 4310 4311
f 4310 4312 4313
f 4312 4314 4315
f 4314 4316 4317
f 4316 4318 4319
f 4318 4320 4321
f 4320 4322 4323
f 4322 4324 4325
f 4324 4326 4327
f 4326 4328 4329
f 4328 4330 4331
f 4330 4332 4333
f 4332 4334 4335
f 4334 4336 4337
f 4336 4338 4339
f 4338 4340 4341
f 4340 4342 4343
f 4342 4344 4345
f 4344 4346 4347
f 4346 4348 4349
f 4348 4350 4351
f 4350 4352 4353
f 4352 4354 4355
f 4354 4356 4357
f 4356 4358 4359
f 4358 4360 4361
f 4360 4362 4363
f 4362 4364 4365
f 4364 4366 4367
f 4366 4368 4369
f 4368 4370 4371
f 4370 4372 4373
f 4372 4374 4375
f 4374 4376 4377
f 4376 4378 4379
f 4378 4380 4381
f 4380 4382 4383
f 4382 4384 4385
f 4384 4386 4387
f 4386 4388 4389
f 4388 4390 4391
f 4390 4392 4393
f 4392 4394 4395
f 4394 4396 4397
f 4396 4398 4399
f 4398 4400 4401
f 4400 4402 4403
f 4402 4404 4405
f 4404 4406 4407
f 4406 4408 4409
f 4408 4410 4411
f 4410 4412 4413
f 4412 4414 4415
f 4414 4416 4417
f 4416 4418 4419
f 4418 4420 4421
f 4420 4422 4423
f 4422 4424 4425
f 4424 4426 4427
f 4426 4428 4429
f 4428 4430 4431
f 4430 4432 4433
f 4432 4434 4435
f 4434 4436 4437
f 4436 4438 4439
f 4438 4440 4441
f 4440 4442 4443
f 4442 4444 4445
f 4444 4446 4447
f 4446 4448 4449
f 4448 4450 4451
f 4450 4452 4453
f 4452 4454 4455
f 4454 4456 4457
f 4456 4458 4459
f 4458 4460 4461
f 4460 4462 4463
f 4462 4464 4465
f 4464 4466 4467
f 4466 4468 4469
f 4468 4470 4471
f 4470 4472 4473
f 4472 4474 4475
f 4474 4476 4477
f 4476 4478 4479
f 4478 4480 4481
f 4480 4482 4483
f 4482 4484 4485
f 4484 4486 4487
f 4486 4488 4489
f 4488 4490 4491
f 4490 4492 4493
f 4492 4494 4495
f 4494 4496 4497
f 4496 4498 4499
f 4498 4500 4501
f 4500 4502 4503
f 4502 4504 4505
f 4504 4506 4507
f 4506 4508 4509
f 4508 4510 4511
f 4510 4512 4513
f 4512 4514 4515
f 4514 4516 4517
f 4516 4518 4519
f 4518 4520 4521
f 4520 4522 4523
f 4522 4524 4525
f 4524 4526 4527
f 4526 4528 4529
f 4528 4530 4531
f 4530 4532 4533
f 4532 4534 4535
f 4534 4536 4537
f 4536 4538 4539
f 4538 4540 4541
f 4540 4542 4543
f 4542 4544 4545
f 4544 4546 4547
f 4546 4548 4549
f 4548 4550 4551
f 4550 4552 4553
f 4552 4554 4555
f 4554 4556 4557
f 4556 4558 4559
f 4558 4560 4561
f 4560 4562 4563
f 4562 4564 4565
f 4564 4566 4567
f 4566 4568 4569
f 4568 4570 4571
f 4570 4572 4573
f 4572 4574 4575
f 4574 4576 4577
f 4576 4578 4579
f 4578 4580 4581
f 4580 4582 4583
f 4582 4584 4585
f 4584 4586 4587
f 4586 4588 4589
f 4588 4590 4591
f 4590 4592 4593
f 4592 4594 4595
f 4594 4596 4597
f 4596 4598 4599
f 4598 4600 4601
f 4600 4602 4603
f 4602 4604 4605
f 4604 4606 4607
f 4606 4608 4609
f 4608 4610 4611
f 4610 4612 4613
f 4612 4614 4615
f 4614 4616 4617
f 4616 4618 4619
f 4618 4620 4621
f 4620 4622 4623
f 4622 4624 4625
f 4624 4626 4627
f 4626 4628 4629
f 4628 4630 4631
f 4630 4632 4633
f 4632 4634 4635
f 4634 4636 4637
f 4636 4638 4639
f 4638 4640 4641
f 4640 4642 4643
f 4642 4644 4645
f 4644 4646 4647
f 4646 4648 4649
f 4648 4650 4651
f 4650 4652 4653
f 4652 4654 4655
f 4654 4656 4657
f 4656 4658 4659
f 4658 4660 4661
f 4660 4662 4663
f 4662 4664 4665
f 4664 4666 4667
f 4666 4668 4669
f 4668 4670 4671
f 4670 4672 4673
f 4672 4674 4675
f 4674 4676 4677
f 4676 4678 4679
f 4678 3961 4680

o Shape_46
usemtl material_1
f 3241 3242 3243
f 3242 3244 3245
f 3244 3246 3247
f 3246 3248 3249
f 3248 3250 3251
f 3250 3252 3253
f 3252 3254 3255
f 3254 3256 3257
f 3256 3258 3259
f 3258 3260 3261
f 3260 3262 3263
f 3262 3264 3265
f 3264 3266 3267
f 3266 3268 3269
f 3268 3270 3271
f 3270 3272 3273
f 3272 3274 3275
f 3274 3276 3277
f 3276 3278 3279
f 3278 3280 3281
f 3280 3282 3283
f 3282 3284 3285
f 3284 3286 3287
f 3286 3288 3289
f 3288 3290 3291
f 3290 3292 3293
f 3292 3294 3295
f 3294 3296 3297
f 3296 3298 3299
f 3298 3300 3301
f 3300 3302 3303
f 3302 3304 3305
f 3304 3306 3307
f 3306 3308 3309
f 3308 3310 3311
f 3310 3312 3313
f 3312 3314 3315
f 3314 3316 3317
f 3316 3318 3319
f 3318 3320 3321
f 3320 3322 3323
f 3322 3324 3325
f 3324 3326 3327
f 3326 3328 3329
f 3328 3330 3331
f 3330 3332 3333
f 3332 3334 3335
f 3334 3336 3337
f 3336 3338 3339
f 3338 3340 3341
f 3340 3342 3343
f 3342 3344 3345
f 3344 3346 3347
f 3346 3348 3349
f 3348 3350 3351
f 3350 3352 3353
f 3352 3354 3355
f 3354 3356 3357
f 3356 3358 3359
f 3358 3360 3361
f 3360 3362 3363
f 3362 3364 3365
f 3364 3366 3367
f 3366 3368 3369
f 3368 3370 3371
f 3370 3372 3373
f 3372 3374 3375
f 3374 3376 3377
f 3376 3378 3379
f 3378 3380 3381
f 3380 3382 3383
f 3382 3384 3385
f 3384 3386 3387
f 3386 3388 3389
f 3388 3390 3391
f 3390 3392 3393
f 3392 3394 3395
f 3394 3396 3397
f 3396 3398 3399
f 3398 3400 3401
f 3400 3402 3403
f 3402 3404 3405
f 3404 3406 3407
f 3406 3408 3409
f 3408 3410 3411
f 3410 3412 3413
f 3412 3414 3415
f 3414 3416 3417
f 3416 3418 3419
f 3418 3420 3421
f 3420 3422 3423
f 3422 3424 3425
f 3424 3426 3427
f 3426 3428 3429
f 3428 3430 3431
f 3430 3432 3433
f 3432 3434 3435
f 3434 3436 3437
f 3436 3438 3439
f 3438 3440 3441
f 3440 3442 3443
f 3442 3444 3445
f 3444 3446 3447
f 3446 3448 3449
f 3448 3450 3451
f 3450 3452 3453
f 3452 3454 3455
f 3454 3456 3457
f 3456 3458 3459
f 3458 3460 3461
f 3460 3462 3463
f 3462 3464 3465
f 3464 3466 3467
f 3466 3468 3469
f 3468 3470 3471
f 3470 3472 3473
f 3472 3474 3475
f 3474 3476 3477
f 3476 3478 3479
f 3478 3480 3481
f 3480 3482 3483
f 3482 3484 3485
f 3484 3486 3487
f 3486 3488 3489
f 3488 3490 3491
f 3490 3492 3493
f 3492 3494 3495
f 3494 3496 3497
f 3496 3498 3499
f 3498 3500 3501
f 3500 3502 3503
f 3502 3504 3505
f 3504 3506 3507
f 3506 3508 3509
f 3508 3510 3511
f 3510 3512 3513
f 3512 3514 3515
f 3514 3516 3517
f 3516 3518 3519
f 3518 3520 3521
f 3520 3522 3523
f 3522 3524 3525
f 3524 3526 3527
f 3526 3528 3529
f 3528 3530 3531
f 3530 3532 3533
f 3532 3534 3535
f 3534 3536 3537
f 3536 3538 3539
f 3538 3540 3541
f 3540 3542 3543
f 3542 3544 3545
f 3544 3546 3547
f 3546 3548 3549
f 3548 3550 3551
f 3550 3552 3553
f 3552 3554 3555
f 3554 3556 3557
f 3556 3558 3559
f 3558 3560 3561
f 3560 3562 3563
f 3562 3564 3565
f 3564 3566 3567
f 3566 3568 3569
f 3568 3570 3571
f 3570 3572 3573
f 3572 3574 3575
f 3574 3576 3577
f 3576 3578 3579
f 3578 3580 3581
f 3580 3582 3583
f 3582 3584 3585
f 3584 3586 3587
f 3586 3588 3589
f 3588 3590 3591
f 3590 3592 3593
f 3592 3594 3595
f 3594 3596 3597
f 3596 3598 3599
f 3598 3600 3601
f 3600 3602 3603
f 3602 3604 3605
f 3604 3606 3607
f 3606 3608 3609
f 3608 3610 3611
f 3610 3612 3613
f 3612 3614 3615
f 3614 3616 3617
f 3616 3618 3619
f 3618 3620 3621
f 3620 3622 3623
f 3622 3624 3625
f 3624 3626 3627
f 3626 3628 3629
f 3628 3630 3631
f 3630 3632 3633
f 3632 3634 3635
f 3634 3636 3637
f 3636 3638 3639
f 3638 3640 3641
f 3640 3642 3643
f 3642 3644 3645
f 3644 3646 3647
f 3646 3648 3649
f 3648 3650 3651
f 3650 3652 3653
f 3652 3654 3655
f 3654 3656 3657
f 3656 3658 3659
f 3658 3660 3661
f 3660 3662 3663
f 3662 3664 3665
f 3664 3666 3667
f 3666 3668 3669
f 3668 3670 3671
f 3670 3672 3673
f 3672 3674 3675
f 3674 3676 3677
f 3676 3678 3679
f 3678 3680 3681
f 3680 3682 3683
f 3682 3684 3685
f 3684 3686 3687
f 3686 3688 3689
f 3688 3690 3691
f 3690 3692 3693
f 3692 3694 3695
f 3694 3696 3697
f 3696 3698 3699
f 3698 3700 3701
f 3700 3702 3703
f 3702 3704 3705
f 3704 3706 3707
f 3706 3708 3709
f 3708 3710 3711
f 3710 3712 3713
f 3712 3714 3715
f 3714 3716 3717
f 3716 3718 3719
f 3718 3720 3721
f 3720 3722 3723
f 3722 3724 3725
f 3724 3726 3727
f 3726 3728 3729
f 3728 3730 3731
f 3730 3732 3733
f 3732 3734 3735
f 3734 3736 3737
f 3736 3738 3739
f 3738 3740 3741
f 3740 3742 3743
f 3742 3744 3745
f 3744 3746 3747
f 3746 3748 3749
f 3748 3750 3751
f 3750 3752 3753
f 3752 3754 3755
f 3754 3756 3757
f 3756 3758 3759
f 3758 3760 3761
f 3760 3762 3763
f 3762 3764 3765
f 3764 3766 3767
f 3766 3768 3769
f 3768 3770 3771
f 3770 3772 3773
f 3772 3774 3775
f 3774 3776 3777
f 3776 3778 3779
f 3778 3780 3781
f 3780 3782 3783
f 3782 3784 3785
f 3784 3786 3787
f 3786 3788 3789
f 3788 3790 3791
f 3790 3792 3793
f 3792 3794 3795
f 3794 3796 3797
f 3796 3798 3799
f 3798 3800 3801
f 3800 3802 3803
f 3802 3804 3805
f 3804 3806 3807
f 3806 3808 3809
f 3808 3810 3811
f 3810 3812 3813
f 3812 3814 3815
f 3814 3816 3817
f 3816 3818 3819
f 3818 3820 3821
f 3820 3822 3823
f 3822 3824 3825
f 3824 3826 3827
f 3826 3828 3829
f 3828 3830 3831
f 3830 3832 3833
f 3832 3834 3835
f 3834 3836 3837
f 3836 3838 3839
f 3838 3840 3841
f 3840 3842 3843
f 3842 3844 3845
f 3844 3846 3847
f 3846 3848 3849
f 3848 3850 3851
f 3850 3852 3853
f 3852 3854 3855
f 3854 3856 3857
f 3856 3858 3859
f 3858 3860 3861
f 3860 3862 3863
f 3862 3864 3865
f 3864 3866 3867
f 3866 3868 3869
f 3868 3870 3871
f 3870 3872 3873
f 3872 3874 3875
f 3874 3876 3877
f 3876 3878 3879
f 3878 3880 3881
f 3880 3882 3883
f 3882 3884 3885
f 3884 3886 3887
f 3886 3888 3889
f 3888 3890 3891
f 3890 3892 3893
f 3892 3894 3895
f 3894 3896 3897
f 3896 3898 3899
f 3898 3900 3901
f 3900 3902 3903
f 3902 3904 3905
f 3904 3906 3907
f 3906 3908 3909
f 3908 3910 3911
f 3910 3912 3913
f 3912 3914 3915
f 3914 3916 3917
f 3916 3918 3919
f 3918 3920 3921
f 3920 3922 3923
f 3922 3924 3925
f 3924 3926 3927
f 3926 3928 3929
f 3928 3930 3931
f 3930 3932 3933
f 3932 3934 3935
f 3934 3936 3937
f 3936 3938 3939
f 3938 3940 3941
f 3940 3942 3943
f 3942 3944 3945
f 3944 3946 3947
f 3946 3948 3949
f 3948 3950 3951
f 3950 3952 3953
f 3952 3954 3955
f 3954 3956 3957
f 3956 3958 3959
f 3958 3241 3960

o Shape_47
usemtl material_1
f 4681 4682 4683
f 4682 4684 4685
f 4684 4686 4687
f 4686 4688 4689
f 4688 4690 4691
f 4690 4692 4693
f 4692 4694 4695
f 4694 4696 4697
f 4696 4698 4699
f 4698 4700 4701
f 4700 4702 4703
f 4702 4704 4705
f 4704 4706 4707
f 4706 4708 4709
f 4708 4710 4711
f 4710 4712 4713
f 4712 4714 4715
f 4714 4716 4717
f 4716 4718 4719
f 4718 4720 4721
f 4720 4722 4723
f 4722 4724 4725
f 4724 4726 4727
f 4726 4728 4729
f 4728 4730 4731
f 4730 4732 4733
f 4732 4734 4735
f 4734 4736 4737
f 4736 4738 4739
f 4738 4740 4741
f 4740 4742 4743
f 4742 4744 4745
f 4744 4746 4747
f 4746 4748 4749
f 4748 4750 4751
f 4750 4752 4753
f 4752 4754 4755
f 4754 4756 4757
f 4756 4758 4759
f 4758 4760 4761
f 4760 4762 4763
f 4762 4764 4765
f 4764 4766 4767
f 4766 4768 4769
f 4768 4770 4771
f 4770 4772 4773
f 4772 4774 4775
f 4774 4776 4777
f 4776 4778 4779
f 4778 4780 4781
f 4780 4782 4783
f 4782 4784 4785
f 4784 4786 4787
f 4786 4788 4789
f 4788 4790 4791
f 4790 4792 4793
f 4792 4794 4795
f 4794 4796 4797
f 4796 4798 4799
f 4798 4800 4801
f 4800 4802 4803
f 4802 4804 4805
f 4804 4806 4807
f 4806 4808 4809
f 4808 4810 4811
f 4810 4812 4813
f 4812 4814 4815
f 4814 4816 4817
f 4816 4818 4819
f 4818 4820 4821
f 4820 4822 4823
f 4822 4824 4825
f 4824 4826 4827
f 4826 4828 4829
f 4828 4830 4831
f 4830 4832 4833
f 4832 4834 4835
f 4834 4836 4837
f 4836 4838 4839
f 4838 4840 4841
f 4840 4842 4843
f 4842 4844 4845
f 4844 4846 4847
f 4846 4848 4849
f 4848 4850 4851
f 4850 4852 4853
f 4852 4854 4855
f 4854 4856 4857
f 4856 4858 4859
f 4858 4860 4861
f 4860 4862 4863
f 4862 4864 4865
f 4864 4866 4867
f 4866 4868 4869
f 4868 4870 4871
f 4870 4872 4873
f 4872 4874 4875
f 4874 4876 4877
f 4876 4878 4879
f 4878 4880 4881
f 4880 4882 4883
f 4882 4884 4885
f 4884 4886 4887
f 4886 4888 4889
f 4888 4890 4891
f 4890 4892 4893
f 4892 4894 4895
f 4894 4896 4897
f 4896 4898 4899
f 4898 4900 4901
f 4900 4902 4903
f 4902 4904 4905
f 4904 4906 4907
f 4906 4908 4909
f 4908 4910 4911
f 4910 4912 4913
f 4912 4914 4915
f 4914 4916 4917
f 4916 4918 4919
f 4918 4920 4921
f 4920 4922 4923
f 4922 4924 4925
f 4924 4926 4927
f 4926 4928 4929
f 4928 4930 4931
f 4930 4932 4933
f 4932 4934 4935
f 4934 4936 4937
f 4936 4938 4939
f 4938 4940 4941
f 4940 4942 4943
f 4942 4944 4945
f 4944 4946 4947
f 4946 4948 4949
f 4948 4950 4951
f 4950 4952 4953
f 4952 4954 4955
f 4954 4956 4957
f 4956 4958 4959
f 4958 4960 4961
f 4960 4962 4963
f 4962 4964 4965
f 4964 4966 4967
f 4966 4968 4969
f 4968 4970 4971
f 4970 4972 4973
f 4972 4974 4975
f 4974 4976 4977
f 4976 4978 4979
f 4978 4980 4981
f 4980 4982 4983
f 4982 4984 4985
f 4984 4986 4987
f 4986 4988 4989
f 4988 4990 4991
f 4990 4992 4993
f 4992 4994 4995
f 4994 4996 4997
f 4996 4998 4999
f 4998 5000 5001
f 5000 5002 5003
f 5002 5004 5005
f 5004 5006 5007
f 5006 5008 5009
f 5008 5010 5011
f 5010 5012 5013
f 5012 5014 5015
f 5014 5016 5017
f 5016 5018 5019
f 5018 5020 5021
f 5020 5022 5023
f 5022 5024 5025
f 5024 5026 5027
f 5026 5028 5029
f 5028 5030 5031
f 5030 5032 5033
f 5032 5034 5035
f 5034 5036 5037
f 5036 5038 5039
f 5038 5040 5041
f 5040 5042 5043
f 5042 5044 5045
f 5044 5046 5047
f 5046 5048 5049
f 5048 5050 5051
f 5050 5052 5053
f 5052 5054 5055
f 5054 5056 5057
f 5056 5058 5059
f 5058 5060 5061
f 5060 5062 5063
f 5062 5064 5065
f 5064 5066 5067
f 5066 5068 5069
f 5068 5070 5071
f 5070 5072 5073
f 5072 5074 5075
f 5074 5076 5077
f 5076 5078 5079
f 5078 5080 5081
f 5080 5082 5083
f 5082 5084 5085
f 5084 5086 5087
f 5086 5088 5089
f 5088 5090 5091
f 5090 5092 5093
f 5092 5094 5095
f 5094 5096 5097
f 5096 5098 5099
f 5098 5100 5101
f 5100 5102 5103
f 5102 5104 5105
f 5104 5106 5107
f 5106 5108 5109
f 5108 5110 5111
f 5110 5112 5113
f 5112 5114 5115
f 5114 5116 5117
f 5116 5118 5119
f 5118 5120 5121
f 5120 5122 5123
f 5122 5124 5125
f 5124 5126 5127
f 5126 5128 5129
f 5128 5130 5131
f 5130 5132 5133
f 5132 5134 5135
f 5134 5136 5137
f 5136 5138 5139
f 5138 5140 5141
f 5140 5142 5143
f 5142 5144 5145
f 5144 5146 5147
f 5146 5148 5149
f 5148 5150 5151
f 5150 5152 5153
f 5152 5154 5155
f 5154 5156 5157
f 5156 5158 5159
f 5158 5160 5161
f 5160 5162 5163
f 5162 5164 5165
f 5164 5166 5167
f 5166 5168 5169
f 5168 5170 5171
f 5170 5172 5173
f 5172 5174 5175
f 5174 5176 5177
f 5176 5178 5179
f 5178 5180 5181
f 5180 5182 5183
f 5182 5184 5185
f 5184 5186 5187
f 5186 5188 5189
f 5188 5190 5191
f 5190 5192 5193
f 5192 5194 5195
f 5194 5196 5197
f 5196 5198 5199
f 5198 5200 5201
f 5200 5202 5203
f 5202 5204 5205
f 5204 5206 5207
f 5206 5208 5209
f 5208 5210 5211
f 5210 5212 5213
f 5212 5214 5215
f 5214 5216 5217
f 5216 5218 5219
f 5218 5220 5221
f 5220 5222 5223
f 5222 5224 5225
f 5224 5226 5227
f 5226 5228 5229
f 5228 5230 5231
f 5230 5232 5233
f 5232 5234 5235
f 5234 5236 5237
f 5236 5238 5239
f 5238 5240 5241
f 5240 5242 5243
f 5242 5244 5245
f 5244 5246 5247
f 5246 5248 5249
f 5248 5250 5251
f 5250 5252 5253
f 5252 5254 5255
f 5254 5256 5257
f 5256 5258 5259
f 5258 5260 5261
f 5260 5262 5263
f 5262 5264 5265
f 5264 5266 5267
f 5266 5268 5269
f 5268 5270 5271
f 5270 5272 5273
f 5272 5274 5275
f 5274 5276 5277
f 5276 5278 5279
f 5278 5280 5281
f 5280 5282 5283
f 5282 5284 5285
f 5284 5286 5287
f 5286 5288 5289
f 5288 5290 5291
f 5290 5292 5293
f 5292 5294 5295
f 5294 5296 5297
f 5296 5298 5299
f 5298 5300 5301
f 5300 5302 5303
f 5302 5304 5305
f 5304 5306 5307
f 5306 5308 5309
f 5308 5310 5311
f 5310 5312 5313
f 5312 5314 5315
f 5314 5316 5317
f 5316 5318 5319
f 5318 5320 5321
f 5320 5322 5323
f 5322 5324 5325
f 5324 5326 5327
f 5326 5328 5329
f 5328 5330 5331
f 5330 5332 5333
f 5332 5334 5335
f 5334 5336 5337
f 5336 5338 5339
f 5338 5340 5341
f 5340 5342 5343
f 5342 5344 5345
f 5344 5346 5347
f 5346 5348 5349
f 5348 5350 5351
f 5350 5352 5353
f 5352 5354 5355
f 5354 5356 5357
f 5356 5358 5359
f 5358 5360 5361
f 5360 5362 5363
f 5362 5364 5365
f 5364 5366 5367
f 5366 5368 5369
f 5368 5370 5371
f 5370 5372 5373
f 5372 5374 5375
f 5374 5376 5377
f 5376 5378 5379
f 5378 5380 5381
f 5380 5382 5383
f 5382 5384 5385
f 5384 5386 5387
f 5386 5388 5389
f 5388 5390 5391
f 5390 5392 5393
f 5392 5394 5395
f 5394 5396 5397
f 5396 5398 5399
f 5398 4681 5400

o Shape_48
usemtl material_1
f 5401 5402 5403
f 5402 5404 5405
f 5404 5406 5407
f 5406 5408 5409
f 5408 5410 5411
f 5410 5412 5413
f 5412 5414 5415
f 5414 5416 5417
f 5416 5418 5419
f 5418 5420 5421
f 5420 5422 5423
f 5422 5424 5425
f 5424 5426 5427
f 5426 5428 5429
f 5428 5430 5431
f 5430 5432 5433
f 5432 5434 5435
f 5434 5436 5437
f 5436 5438 5439
f 5438 5440 5441
f 5440 5442 5443
f 5442 5444 5445
f 5444 5446 5447
f 5446 5448 5449
f 5448 5450 5451
f 5450 5452 5453
f 5452 5454 5455
f 5454 5456 5457
f 5456 5458 5459
f 5458 5460 5461
f 5460 5462 5463
f 5462 5464 5465
f 5464 5466 5467
f 5466 5468 5469
f 5468 5470 5471
f 5470 5472 5473
f 5472 5474 5475
f 5474 5476 5477
f 5476 5478 5479
f 5478 5480 5481
f 5480 5482 5483
f 5482 5484 5485
f 5484 5486 5487
f 5486 5488 5489
f 5488 5490 5491
f 5490 5492 5493
f 5492 5494 5495
f 5494 5496 5497
f 5496 5498 5499
f 5498 5500 5501
f 5500 5502 5503
f 5502 5504 5505
f 5504 5506 5507
f 5506 5508 5509
f 5508 5510 5511
f 5510 5512 5513
f 5512 5514 5515
f 5514 5516 5517
f 5516 5518 5519
f 5518 5520 5521
f 5520 5522 5523
f 5522 5524 5525
f 5524 5526 5527
f 5526 5528 5529
f 5528 5530 5531
f 5530 5532 5533
f 5532 5534 5535
f 5534 5536 5537
f 5536 5538 5539
f 5538 5540 5541
f 5540 5542 5543
f 5542 5544 5545
f 5544 5546 5547
f 5546 5548 5549
f 5548 5550 5551
f 5550 5552 5553
f 5552 5554 5555
f 5554 5556 5557
f 5556 5558 5559
f 5558 5560 5561
f 5560 5562 5563
f 5562 5564 5565
f 5564 5566 5567
f 5566 5568 5569
f 5568 5570 5571
f 5570 5572 5573
f 5572 5574 5575
f 5574 5576 5577
f 5576 5578 5579
f 5578 5580 5581
f 5580 5582 5583
f 5582 5584 5585
f 5584 5586 5587
f 5586 5588 5589
f 5588 5590 5591
f 5590 5592 5593
f 5592 5594 5595
f 5594 5596 5597
f 5596 5598 5599
f 5598 5600 5601
f 5600 5602 5603
f 5602 5604 5605
f 5604 5606 5607
f 5606 5608 5609
f 5608 5610 5611
f 5610 5612 5613
f 5612 5614 5615
f 5614 5616 5617
f 5616 5618 5619
f 5618 5620 5621
f 5620 5622 5623
f 5622 5624 5625
f 5624 5626 5627
f 5626 5628 5629
f 5628 5630 5631
f 5630 5632 5633
f 5632 5634 5635
f 5634 5636 5637
f 5636 5638 5639
f 5638 5640 5641
f 5640 5642 5643
f 5642 5644 5645
f 5644 5646 5647
f 5646 5648 5649
f 5648 5650 5651
f 5650 5652 5653
f 5652 5654 5655
f 5654 5656 5657
f 5656 5658 5659
f 5658 5660 5661
f 5660 5662 5663
f 5662 5664 5665
f 5664 5666 5667
f 5666 5668 5669
f 5668 5670 5671
f 5670 5672 5673
f 5672 5674 5675
f 5674 5676 5677
f 5676 5678 5679
f 5678 5680 5681
f 5680 5682 5683
f 5682 5684 5685
f 5684 5686 5687
f 5686 5688 5689
f 5688 5690 5691
f 5690 5692 5693
f 5692 5694 5695
f 5694 5696 5697
f 5696 5698 5699
f 5698 5700 5701
f 5700 5702 5703
f 5702 5704 5705
f 5704 5706 5707
f 5706 5708 5709
f 5708 5710 5711
f 5710 5712 5713
f 5712 5714 5715
f 5714 5716 5717
f 5716 5718 5719
f 5718 5720 5721
f 5720 5722 5723
f 5722 5724 5725
f 5724 5726 5727
f 5726 5728 5729
f 5728 5730 5731
f 5730 5732 5733
f 5732 5734 5735
f 5734 5736 5737
f 5736 5738 5739
f 5738 5740 5741
f 5740 5742 5743
f 5742 5744 5745
f 5744 5746 5747
f 5746 5748 5749
f 5748 5750 5751
f 5750 5752 5753
f 5752 5754 5755
f 5754 5756 5757
f 5756 5758 5759
f 5758 5760 5761
f 5760 5762 5763
f 5762 5764 5765
f 5764 5766 5767
f 5766 5768 5769
f 5768 5770 5771
f 5770 5772 5773
f 5772 5774 5775
f 5774 5776 5777
f 5776 5778 5779
f 5778 5780 5781
f 5780 5782 5783
f 5782 5784 5785
f 5784 5786 5787
f 5786 5788 5789
f 5788 5790 5791
f 5790 5792 5793
f 5792 5794 5795
f 5794 5796 5797
f 5796 5798 5799
f 5798 5800 5801
f 5800 5802 5803
f 5802 5804 5805
f 5804 5806 5807
f 5806 5808 5809
f 5808 5810 5811
f 5810 5812 5813
f 5812 5814 5815
f 5814 5816 5817
f 5816 5818 5819
f 5818 5820 5821
f 5820 5822 5823
f 5822 5824 5825
f 5824 5826 5827
f 5826 5828 5829
f 5828 5830 5831
f 5830 5832 5833
f 5832 5834 5835
f 5834 5836 5837
f 5836 5838 5839
f 5838 5840 5841
f 5840 5842 5843
f 5842 5844 5845
f 5844 5846 5847
f 5846 5848 5849
f 5848 5850 5851
f 5850 5852 5853
f 5852 5854 5855
f 5854 5856 5857
f 5856 5858 5859
f 5858 5860 5861
f 5860 5862 5863
f 5862 5864 5865
f 5864 5866 5867
f 5866 5868 5869
f 5868 5870 5871
f 5870 5872 5873
f 5872 5874 5875
f 5874 5876 5877
f 5876 5878 5879
f 5878 5880 5881
f 5880 5882 5883
f 5882 5884 5885
f 5884 5886 5887
f 5886 5888 5889
f 5888 5890 5891
f 5890 5892 5893
f 5892 5894 5895
f 5894 5896 5897
f 5896 5898 5899
f 5898 5900 5901
f 5900 5902 5903
f 5902 5904 5905
f 5904 5906 5907
f 5906 5908 5909
f 5908 5910 5911
f 5910 5912 5913
f 5912 5914 5915
f 5914 5916 5917
f 5916 5918 5919
f 5918 5920 5921
f 5920 5922 5923
f 5922 5924 5925
f 5924 5926 5927
f 5926 5928 5929
f 5928 5930 5931
f 5930 5932 5933
f 5932 5934 5935
f 5934 5936 5937
f 5936 5938 5939
f 5938 5940 5941
f 5940 5942 5943
f 5942 5944 5945
f 5944 5946 5947
f 5946 5948 5949
f 5948 5950 5951
f 5950 5952 5953
f 5952 5954 5955
f 5954 5956 5957
f 5956 5958 5959
f 5958 5960 5961
f 5960 5962 5963
f 5962 5964 5965
f 5964 5966 5967
f 5966 5968 5969
f 5968 5970 5971
f 5970 5972 5973
f 5972 5974 5975
f 5974 5976 5977
f 5976 5978 5979
f 5978 5980 5981
f 5980 5982 5983
f 5982 5984 5985
f 5984 5986 5987
f 5986 5988 5989
f 5988 5990 5991
f 5990 5992 5993
f 5992 5994 5995
f 5994 5996 5997
f 5996 5998 5999
f 5998 6000 6001
f 6000 6002 6003
f 6002 6004 6005
f 6004 6006 6007
f 6006 6008 6009
f 6008 6010 6011
f 6010 6012 6013
f 6012 6014 6015
f 6014 6016 6017
f 6016 6018 6019
f 6018 6020 6021
f 6020 6022 6023
f 6022 6024 6025
f 6024 6026 6027
f 6026 6028 6029
f 6028 6030 6031
f 6030 6032 6033
f 6032 6034 6035
f 6034 6036 6037
f 6036 6038 6039
f 6038 6040 6041
f 6040 6042 6043
f 6042 6044 6045
f 6044 6046 6047
f 6046 6048 6049
f 6048 6050 6051
f 6050 6052 6053
f 6052 6054 6055
f 6054 6056 6057
f 6056 6058 6059
f 6058 6060 6061
f 6060 6062 6063
f 6062 6064 6065
f 6064 6066 6067
f 6066 6068 6069
f 6068 6070 6071
f 6070 6072 6073
f 6072 6074 6075
f 6074 6076 6077
f 6076 6078 6079
f 6078 6080 6081
f 6080 6082 6083
f 6082 6084 6085
f 6084 6086 6087
f 6086 6088 6089
f 6088 6090 6091
f 6090 6092 6093
f 6092 6094 6095
f 6094 6096 6097
f 6096 6098 6099
f 6098 6100 6101
f 6100 6102 6103
f 6102 6104 6105
f 6104 6106 6107
f 6106 6108 6109
f 6108 6110 6111
f 6110 6112 6113
f 6112 6114 6115
f 6114 6116 6117
f 6116 6118 6119
f 6118 5401 6120

o Shape_49
usemtl material_1
f 3961 3962 3963
f 3962 3964 3965
f 3964 3966 3967
f 3966 3968 3969
f 3968 3970 3971
f 3970 3972 3973
f 3972 3974 3975
f 3974 3976 3977
f 3976 3978 3979
f 3978 3980 3981
f 3980 3982 3983
f 3982 3984 3985
f 3984 3986 3987
f 3986 3988 3989
f 3988 3990 3991
f 3990 3992 3993
f 3992 3994 3995
f 3994 3996 3997
f 3996 3998 3999
f 3998 4000 4001
f 4000 4002 4003
f 4002 4004 4005
f 4004 4006 4007
f 4006 4008 4009
f 4008 4010 4011
f 4010 4012 4013
f 4012 4014 4015
f 4014 4016 4017
f 4016 4018 4019
f 4018 4020 4021
f 4020 4022 4023
f 4022 4024 4025
f 4024 4026 4027
f 4026 4028 4029
f 4028 4030 4031
f 4030 4032 4033
f 4032 4034 4035
f 4034 4036 4037
f 4036 4038 4039
f 4038 4040 4041
f 4040 4042 4043
f 4042 4044 4045
f 4044 4046 4047
f 4046 4048 4049
f 4048 4050 4051
f 4050 4052 4053
f 4052 4054 4055
f 4054 4056 4057
f 4056 4058 4059
f 4058 4060 4061
f 4060 4062 4063
f 4062 4064 4065
f 4064 4066 4067
f 4066 4068 4069
f 4068 4070 4071
f 4070 4072 4073
f 4072 4074 4075
f 4074 4076 4077
f 4076 4078 4079
f 4078 4080 4081
f 4080 4082 4083
f 4082 4084 4085
f 4084 4086 4087
f 4086 4088 4089
f 4088 4090 4091
f 4090 4092 4093
f 4092 4094 4095
f 4094 4096 4097
f 4096 4098 4099
f 4098 4100 4101
f 4100 4102 4103
f 4102 4104 4105
f 4104 4106 4107
f 4106 4108 4109
f 4108 4110 4111
f 4110 4112 4113
f 4112 4114 4115
f 4114 4116 4117
f 4116 4118 4119
f 4118 4120 4121
f 4120 4122 4123
f 4122 4124 4125
f 4124 4126 4127
f 4126 4128 4129
f 4128 4130 4131
f 4130 4132 4133
f 4132 4134 4135
f 4134 4136 4137
f 4136 4138 4139
f 4138 4140 4141
f 4140 4142 4143
f 4142 4144 4145
f 4144 4146 4147
f 4146 4148 4149
f 4148 4150 4151
f 4150 4152 4153
f 4152 4154 4155
f 4154 4156 4157
f 4156 4158 4159
f 4158 4160 4161
f 4160 4162 4163
f 4162 4164 4165
f 4164 4166 4167
f 4166 4168 4169
f 4168 4170 4171
f 4170 4172 4173
f 4172 4174 4175
f 4174 4176 4177
f 4176 4178 4179
f 4178 4180 4181
f 4180 4182 4183
f 4182 4184 4185
f 4184 4186 4187
f 4186 4188 4189
f 4188 4190 4191
f 4190 4192 4193
f 4192 4194 4195
f 4194 4196 4197
f 4196 4198 4199
f 4198 4200 4201
f 4200 4202 4203
f 4202 4204 4205
f 4204 4206 4207
f 4206 4208 4209
f 4208 4210 4211
f 4210 4212 4213
f 4212 4214 4215
f 4214 4216 4217
f 4216 4218 4219
f 4218 4220 4221
f 4220 4222 4223
f 4222 4224 4225
f 4224 4226 4227
f 4226 4228 4229
f 4228 4230 4231
f 4230 4232 4233
f 4232 4234 4235
f 4234 4236 4237
f 4236 4238 4239
f 4238 4240 4241
f 4240 4242 4243
f 4242 4244 4245
f 4244 4246 4247
f 4246 4248 4249
f 4248 4250 4251
f 4250 4252 4253
f 4252 4254 4255
f 4254 4256 4257
f 4256 4258 4259
f 4258 4260 4261
f 4260 4262 4263
f 4262 4264 4265
f 4264 4266 4267
f 4266 4268 4269
f 4268 4270 4271
f 4270 4272 4273
f 4272 4274 4275
f 4274 4276 4277
f 4276 4278 4279
f 4278 4280 4281
f 4280 4282 4283
f 4282 4284 4285
f 4284 4286 4287
f 4286 4288 4289
f 4288 4290 4291
f 4290 4292 4293
f 4292 4294 4295
f 4294 4296 4297
f 4296 4298 4299
f 4298 4300 4301
f 4300 4302 4303
f 4302 4304 4305
f 4304 4306 4307
f 4306 4308 4309
f 4308 4310 4311
f 4310 4312 4313
f 4312 4314 4315
f 4314 4316 4317
f 4316 4318 4319
f 4318 4320 4321
f 4320 4322 4323
f 4322 4324 4325
f 4324 4326 4327
f 4326 4328 4329
f 4328 4330 4331
f 4330 4332 4333
f 4332 4334 4335
f 4334 4336 4337
f 4336 4338 4339
f 4338 4340 4341
f 4340 4342 4343
f 4342 4344 4345
f 4344 4346 4347
f 4346 4348 4349
f 4348 4350 4351
f 4350 4352 4353
f 4352 4354 4355
f 4354 4356 4357
f 4356 4358 4359
f 4358 4360 4361
f 4360 4362 4363
f 4362 4364 4365
f 4364 4366 4367
f 4366 4368 4369
f 4368 4370 4371
f 4370 4372 4373
f 4372 4374 4375
f 4374 4376 4377
f 4376 4378 4379
f 4378 4380 4381
f 4380 4382 4383
f 4382 4384 4385
f 4384 4386 4387
f 4386 4388 4389
f 4388 4390 4391
f 4390 4392 4393
f 4392 4394 4395
f 4394 4396 4397
f 4396 4398 4399
f 4398 4400 4401
f 4400 4402 4403
f 4402 4404 4405
f 4404 4406 4407
f 4406 4408 4409
f 4408 4410 4411
f 4410 4412 4413
f 4412 4414 4415
f 4414 4416 4417
f 4416 4418 4419
f 4418 4420 4421
f 4420 4422 4423
f 4422 4424 4425
f 4424 4426 4427
f 4426 4428 4429
f 4428 4430 4431
f 4430 4432 4433
f 4432 4434 4435
f 4434 4436 4437
f 4436 4438 4439
f 4438 4440 4441
f 4440 4442 4443
f 4442 4444 4445
f 4444 4446 4447
f 4446 4448 4449
f 4448 4450 4451
f 4450 4452 4453
f 4452 4454 4455
f 4454 4456 4457
f 4456 4458 4459
f 4458 4460 4461
f 4460 4462 4463
f 4462 4464 4465
f 4464 4466 4467
f 4466 4468 4469
f 4468 4470 4471
f 4470 4472 4473
f 4472 4474 4475
f 4474 4476 4477
f 4476 4478 4479
f 4478 4480 4481
f 4480 4482 4483
f 4482 4484 4485
f 4484 4486 4487
f 4486 4488 4489
f 4488 4490 4491
f 4490 4492 4493
f 4492 4494 4495
f 4494 4496 4497
f 4496 4498 4499
f 4498 4500 4501
f 4500 4502 4503
f 4502 4504 4505
f 4504 4506 4507
f 4506 4508 4509
f 4508 4510 4511
f 4510 4512 4513
f 4512 4514 4515
f 4514 4516 4517
f 4516 4518 4519
f 4518 4520 4521
f 4520 4522 4523
f 4522 4524 4525
f 4524 4526 4527
f 4526 4528 4529
f 4528 4530 4531
f 4530 4532 4533
f 4532 4534 4535
f 4534 4536 4537
f 4536 4538 4539
f 4538 4540 4541
f 4540 4542 4543
f 4542 4544 4545
f 4544 4546 4547
f 4546 4548 4549
f 4548 4550 4551
f 4550 4552 4553
f 4552 4554 4555
f 4554 4556 4557
f 4556 4558 4559
f 4558 4560 4561
f 4560 4562 4563
f 4562 4564 4565
f 4564 4566 4567
f 4566 4568 4569
f 4568 4570 4571
f 4570 4572 4573
f 4572 4574 4575
f 4574 4576 4577
f 4576 4578 4579
f 4578 4580 4581
f 4580 4582 4583
f 4582 4584 4585
f 4584 4586 4587
f 4586 4588 4589
f 4588 4590 4591
f 4590 4592 4593
f 4592 4594 4595
f 4594 4596 4597
f 4596 4598 4599
f 4598 4600 4601
f 4600 4602 4603
f 4602 4604 4605
f 4604 4606 4607
f 4606 4608 4609
f 4608 4610 4611
f 4610 4612 4613
f 4612 4614 4615
f 4614 4616 4617
f 4616 4618 4619
f 4618 4620 4621
f 4620 4622 4623
f 4622 4624 4625
f 4624 4626 4627
f 4626 4628 4629
f 4628 4630 4631
f 4630 4632 4633
f 4632 4634 4635
f 4634 4636 4637
f 4636 4638 4639
f 4638 4640 4641
f 4640 4642 4643
f 4642 4644 4645
f 4644 4646 4647
f 4646 4648 4649
f 4648 4650 4651
f 4650 4652 4653
f 4652 4654 4655
f 4654 4656 4657
f 4656 4658 4659
f 4658 4660 4661
f 4660 4662 4663
f 4662 4664 4665
f 4664 4666 4667
f 4666 4668 4669
f 4668 4670 4671
f 4670 4672 4673
f 4672 4674 4675
f 4674 4676 4677
f 4676 4678 4679
f 4678 3961 4680

o Shape_50
usemtl material_1
f 3241 3242 3243
f 3242 3244 3245
f 3244 3246 3247
f 3246 3248 3249
f 3248 3250 3251
f 3250 3252 3253
f 3252 3254 3255
f 3254 3256 3257
f 3256 3258 3259
f 3258 3260 3261
f 3260 3262 3263
f 3262 3264 3265
f 3264 3266 3267
f 3266 3268 3269
f 3268 3270 3271
f 3270 3272 3273
f 3272 3274 3275
f 3274 3276 3277
f 3276 3278 3279
f 3278 3280 3281
f 3280 3282 3283
f 3282 3284 3285
f 3284 3286 3287
f 3286 3288 3289
f 3288 3290 3291
f 3290 3292 3293
f 3292 3294 3295
f 3294 3296 3297
f 3296 3298 3299
f 3298 3300 3301
f 3300 3302 3303
f 3302 3304 3305
f 3304 3306 3307
f 3306 3308 3309
f 3308 3310 3311
f 3310 3312 3313
f 3312 3314 3315
f 3314 3316 3317
f 3316 3318 3319
f 3318 3320 3321
f 3320 3322 3323
f 3322 3324 3325
f 3324 3326 3327
f 3326 3328 3329
f 3328 3330 3331
f 3330 3332 3333
f 3332 3334 3335
f 3334 3336 3337
f 3336 3338 3339
f 3338 3340 3341
f 3340 3342 3343
f 3342 3344 3345
f 3344 3346 3347
f 3346 3348 3349
f 3348 3350 3351
f 3350 3352 3353
f 3352 3354 3355
f 3354 3356 3357
f 3356 3358 3359
f 3358 3360 3361
f 3360 3362 3363
f 3362 3364 3365
f 3364 3366 3367
f 3366 3368 3369
f 3368 3370 3371
f 3370 3372 3373
f 3372 3374 3375
f 3374 3376 3377
f 3376 3378 3379
f 3378 3380 3381
f 3380 3382 3383
f 3382 3384 3385
f 3384 3386 3387
f 3386 3388 3389
f 3388 3390 3391
f 3390 3392 3393
f 3392 3394 3395
f 3394 3396 3397
f 3396 3398 3399
f 3398 3400 3401
f 3400 3402 3403
f 3402 3404 3405
f 3404 3406 3407
f 3406 3408 3409
f 3408 3410 3411
f 3410 3412 3413
f 3412 3414 3415
f 3414 3416 3417
f 3416 3418 3419
f 3418 3420 3421
f 3420 3422 3423
f 3422 3424 3425
f 3424 3426 3427
f 3426 3428 3429
f 3428 3430 3431
f 3430 3432 3433
f 3432 3434 3435
f 3434 3436 3437
f 3436 3438 3439
f 3438 3440 3441
f 3440 3442 3443
f 3442 3444 3445
f 3444 3446 3447
f 3446 3448 3449
f 3448 3450 3451
f 3450 3452 3453
f 3452 3454 3455
f 3454 3456 3457
f 3456 3458 3459
f 3458 3460 3461
f 3460 3462 3463
f 3462 3464 3465
f 3464 3466 3467
f 3466 3468 3469
f 3468 3470 3471
f 3470 3472 3473
f 3472 3474 3475
f 3474 3476 3477
f 3476 3478 3479
f 3478 3480 3481
f 3480 3482 3483
f 3482 3484 3485
f 3484 3486 3487
f 3486 3488 3489
f 3488 3490 3491
f 3490 3492 3493
f 3492 3494 3495
f 3494 3496 3497
f 3496 3498 3499
f 3498 3500 3501
f 3500 3502 3503
f 3502 3504 3505
f 3504 3506 3507
f 3506 3508 3509
f 3508 3510 3511
f 3510 3512 3513
f 3512 3514 3515
f 3514 3516 3517
f 3516 3518 3519
f 3518 3520 3521
f 3520 3522 3523
f 3522 3524 3525
f 3524 3526 3527
f 3526 3528 3529
f 3528 3530 3531
f 3530 3532 3533
f 3532 3534 3535
f 3534 3536 3537
f 3536 3538 3539
f 3538 3540 3541
f 3540 3542 3543
f 3542 3544 3545
f 3544 3546 3547
f 3546 3548 3549
f 3548 3550 3551
f 3550 3552 3553
f 3552 3554 3555
f 3554 3556 3557
f 3556 3558 3559
f 3558 3560 3561
f 3560 3562 3563
f 3562 3564 3565
f 3564 3566 3567
f 3566 3568 3569
f 3568 3570 3571
f 3570 3572 3573
f 3572 3574 3575
f 3574 3576 3577
f 3576 3578 3579
f 3578 3580 3581
f 3580 3582 3583
f 3582 3584 3585
f 3584 3586 3587
f 3586 3588 3589
f 3588 3590 3591
f 3590 3592 3593
f 3592 3594 3595
f 3594 3596 3597
f 3596 3598 3599
f 3598 3600 3601
f 3600 3602 3603
f 3602 3604 3605
f 3604 3606 3607
f 3606 3608 3609
f 3608 3610 3611
f 3610 3612 3613
f 3612 3614 3615
f 3614 3616 3617
f 3616 3618 3619
f 3618 3620 3621
f 3620 3622 3623
f 3622 3624 3625
f 3624 3626 3627
f 3626 3628 3629
f 3628 3630 3631
f 3630 3632 3633
f 3632 3634 3635
f 3634 3636 3637
f 3636 3638 3639
f 3638 3640 3641
f 3640 3642 3643
f 3642 3644 3645
f 3644 3646 3647
f 3646 3648 3649
f 3648 3650 3651
f 3650 3652 3653
f 3652 3654 3655
f 3654 3656 3657
f 3656 3658 3659
f 3658 3660 3661
f 3660 3662 3663
f 3662 3664 3665
f 3664 3666 3667
f 3666 3668 3669
f 3668 3670 3671
f 3670 3672 3673
f 3672 3674 3675
f 3674 3676 3677
f 3676 3678 3679
f 3678 3680 3681
f 3680 3682 3683
f 3682 3684 3685
f 3684 3686 3687
f 3686 3688 3689
f 3688 3690 3691
f 3690 3692 3693
f 3692 3694 3695
f 3694 3696 3697
f 3696 3698 3699
f 3698 3700 3701
f 3700 3702 3703
f 3702 3704 3705
f 3704 3706 3707
f 3706 3708 3709
f 3708 3710 3711
f 3710 3712 3713
f 3712 3714 3715
f 3714 3716 3717
f 3716 3718 3719
f 3718 3720 3721
f 3720 3722 3723
f 3722 3724 3725
f 3724 3726 3727
f 3726 3728 3729
f 3728 3730 3731
f 3730 3732 3733
f 3732 3734 3735
f 3734 3736 3737
f 3736 3738 3739
f 3738 3740 3741
f 3740 3742 3743
f 3742 3744 3745
f 3744 3746 3747
f 3746 3748 3749
f 3748 3750 3751
f 3750 3752 3753
f 3752 3754 3755
f 3754 3756 3757
f 3756 3758 3759
f 3758 3760 3761
f 3760 3762 3763
f 3762 3764 3765
f 3764 3766 3767
f 3766 3768 3769
f 3768 3770 3771
f 3770 3772 3773
f 3772 3774 3775
f 3774 3776 3777
f 3776 3778 3779
f 3778 3780 3781
f 3780 3782 3783
f 3782 3784 3785
f 3784 3786 3787
f 3786 3788 3789
f 3788 3790 3791
f 3790 3792 3793
f 3792 3794 3795
f 3794 3796 3797
f 3796 3798 3799
f 3798 3800 3801
f 3800 3802 3803
f 3802 3804 3805
f 3804 3806 3807
f 3806 3808 3809
f 3808 3810 3811
f 3810 3812 3813
f 3812 3814 3815
f 3814 3816 3817
f 3816 3818 3819
f 3818 3820 3821
f 3820 3822 3823
f 3822 3824 3825
f 3824 3826 3827
f 3826 3828 3829
f 3828 3830 3831
f 3830 3832 3833
f 3832 3834 3835
f 3834 3836 3837
f 3836 3838 3839
f 3838 3840 3841
f 3840 3842 3843
f 3842 3844 3845
f 3844 3846 3847
f 3846 3848 3849
f 3848 3850 3851
f 3850 3852 3853
f 3852 3854 3855
f 3854 3856 3857
f 3856 3858 3859
f 3858 3860 3861
f 3860 3862 3863
f 3862 3864 3865
f 3864 3866 3867
f 3866 3868 3869
f 3868 3870 3871
f 3870 3872 3873
f 3872 3874 3875
f 3874 3876 3877
f 3876 3878 3879
f 3878 3880 3881
f 3880 3882 3883
f 3882 3884 3885
f 3884 3886 3887
f 3886 3888 3889
f 3888 3890 3891
f 3890 3892 3893
f 3892 3894 3895
f 3894 3896 3897
f 3896 3898 3899
f 3898 3900 3901
f 3900 3902 3903
f 3902 3904 3905
f 3904 3906 3907
f 3906 3908 3909
f 3908 3910 3911
f 3910 3912 3913
f 3912 3914 3915
f 3914 3916 3917
f 3916 3918 3919
f 3918 3920 3921
f 3920 3922 3923
f 3922 3924 3925
f 3924 3926 3927
f 3926 3928 3929
f 3928 3930 3931
f 3930 3932 3933
f 3932 3934 3935
f 3934 3936 3937
f 3936 3938 3939
f 3938 3940 3941
f 3940 3942 3943
f 3942 3944 3945
f 3944 3946 3947
f 3946 3948 3949
f 3948 3950 3951
f 3950 3952 3953
f 3952 3954 3955
f 3954 3956 3957
f 3956 3958 3959
f 3958 3241 3960

o Shape_51
usemtl material_1
f 4681 4682 4683
f 4682 4684 4685
f 4684 4686 4687
f 4686 4688 4689
f 4688 4690 4691
f 4690 4692 4693
f 4692 4694 4695
f 4694 4696 4697
f 4696 4698 4699
f 4698 4700 4701
f 4700 4702 4703
f 4702 4704 4705
f 4704 4706 4707
f 4706 4708 4709
f 4708 4710 4711
f 4710 4712 4713
f 4712 4714 4715
f 4714 4716 4717
f 4716 4718 4719
f 4718 4720 4721
f 4720 4722 4723
f 4722 4724 4725
f 4724 4726 4727
f 4726 4728 4729
f 4728 4730 4731
f 4730 4732 4733
f 4732 4734 4735
f 4734 4736 4737
f 4736 4738 4739
f 4738 4740 4741
f 4740 4742 4743
f 4742 4744 4745
f 4744 4746 4747
f 4746 4748 4749
f 4748 4750 4751
f 4750 4752 4753
f 4752 4754 4755
f 4754 4756 4757
f 4756 4758 4759
f 4758 4760 4761
f 4760 4762 4763
f 4762 4764 4765
f 4764 4766 4767
f 4766 4768 4769
f 4768 4770 4771
f 4770 4772 4773
f 4772 4774 4775
f 4774 4776 4777
f 4776 4778 4779
f 4778 4780 4781
f 4780 4782 4783
f 4782 4784 4785
f 4784 4786 4787
f 4786 4788 4789
f 4788 4790 4791
f 4790 4792 4793
f 4792 4794 4795
f 4794 4796 4797
f 4796 4798 4799
f 4798 4800 4801
f 4800 4802 4803
f 4802 4804 4805
f 4804 4806 4807
f 4806 4808 4809
f 4808 4810 4811
f 4810 4812 4813
f 4812 4814 4815
f 4814 4816 4817
f 4816 4818 4819
f 4818 4820 4821
f 4820 4822 4823
f 4822 4824 4825
f 4824 4826 4827
f 4826 4828 4829
f 4828 4830 4831
f 4830 4832 4833
f 4832 4834 4835
f 4834 4836 4837
f 4836 4838 4839
f 4838 4840 4841
f 4840 4842 4843
f 4842 4844 4845
f 4844 4846 4847
f 4846 4848 4849
f 4848 4850 4851
f 4850 4852 4853
f 4852 4854 4855
f 4854 4856 4857
f 4856 4858 4859
f 4858 4860 4861
f 4860 4862 4863
f 4862 4864 4865
f 4864 4866 4867
f 4866 4868 4869
f 4868 4870 4871
f 4870 4872 4873
f 4872 4874 4875
f 4874 4876 4877
f 4876 4878 4879
f 4878 4880 4881
f 4880 4882 4883
f 4882 4884 4885
f 4884 4886 4887
f 4886 4888 4889
f 4888 4890 4891
f 4890 4892 4893
f 4892 4894 4895
f 4894 4896 4897
f 4896 4898 4899
f 4898 4900 4901
f 4900 4902 4903
f 4902 4904 4905
f 4904 4906 4907
f 4906 4908 4909
f 4908 4910 4911
f 4910 4912 4913
f 4912 4914 4915
f 4914 4916 4917
f 4916 4918 4919
f 4918 4920 4921
f 4920 4922 4923
f 4922 4924 4925
f 4924 4926 4927
f 4926 4928 4929
f 4928 4930 4931
f 4930 4932 4933
f 4932 4934 4935
f 4934 4936 4937
f 4936 4938 4939
f 4938 4940 4941
f 4940 4942 4943
f 4942 4944 4945
f 4944 4946 4947
f 4946 4948 4949
f 4948 4950 4951
f 4950 4952 4953
f 4952 4954 4955
f 4954 4956 4957
f 4956 4958 4959
f 4958 4960 4961
f 4960 4962 4963
f 4962 4964 4965
f 4964 4966 4967
f 4966 4968 4969
f 4968 4970 4971
f 4970 4972 4973
f 4972 4974 4975
f 4974 4976 4977
f 4976 4978 4979
f 4978 4980 4981
f 4980 4982 4983
f 4982 4984 4985
f 4984 4986 4987
f 4986 4988 4989
f 4988 4990 4991
f 4990 4992 4993
f 4992 4994 4995
f 4994 4996 4997
f 4996 4998 4999
f 4998 5000 5001
f 5000 5002 5003
f 5002 5004 5005
f 5004 5006 5007
f 5006 5008 5009
f 5008 5010 5011
f 5010 5012 5013
f 5012 5014 5015
f 5014 5016 5017
f 5016 5018 5019
f 5018 5020 5021
f 5020 5022 5023
f 5022 5024 5025
f 5024 5026 5027
f 5026 5028 5029
f 5028 5030 5031
f 5030 5032 5033
f 5032 5034 5035
f 5034 5036 5037
f 5036 5038 5039
f 5038 5040 5041
f 5040 5042 5043
f 5042 5044 5045
f 5044 5046 5047
f 5046 5048 5049
f 5048 5050 5051
f 5050 5052 5053
f 5052 5054 5055
f 5054 5056 5057
f 5056 5058 5059
f 5058 5060 5061
f 5060 5062 5063
f 5062 5064 5065
f 5064 5066 5067
f 5066 5068 5069
f 5068 5070 5071
f 5070 5072 5073
f 5072 5074 5075
f 5074 5076 5077
f 5076 5078 5079
f 5078 5080 5081
f 5080 5082 5083
f 5082 5084 5085
f 5084 5086 5087
f 5086 5088 5089
f 5088 5090 5091
f 5090 5092 5093
f 5092 5094 5095
f 5094 5096 5097
f 5096 5098 5099
f 5098 5100 5101
f 5100 5102 5103
f 5102 5104 5105
f 5104 5106 5107
f 5106 5108 5109
f 5108 5110 5111
f 5110 5112 5113
f 5112 5114 5115
f 5114 5116 5117
f 5116 5118 5119
f 5118 5120 5121
f 5120 5122 5123
f 5122 5124 5125
f 5124 5126 5127
f 5126 5128 5129
f 5128 5130 5131
f 5130 5132 5133
f 5132 5134 5135
f 5134 5136 5137
f 5136 5138 5139
f 5138 5140 5141
f 5140 5142 5143
f 5142 5144 5145
f 5144 5146 5147
f 5146 5148 5149
f 5148 5150 5151
f 5150 5152 5153
f 5152 5154 5155
f 5154 5156 5157
f 5156 5158 5159
f 5158 5160 5161
f 5160 5162 5163
f 5162 5164 5165
f 5164 5166 5167
f 5166 5168 5169
f 5168 5170 5171
f 5170 5172 5173
f 5172 5174 5175
f 5174 5176 5177
f 5176 5178 5179
f 5178 5180 5181
f 5180 5182 5183
f 5182 5184 5185
f 5184 5186 5187
f 5186 5188 5189
f 5188 5190 5191
f 5190 5192 5193
f 5192 5194 5195
f 5194 5196 5197
f 5196 5198 5199
f 5198 5200 5201
f 5200 5202 5203
f 5202 5204 5205
f 5204 5206 5207
f 5206 5208 5209
f 5208 5210 5211
f 5210 5212 5213
f 5212 5214 5215
f 5214 5216 5217
f 5216 5218 5219
f 5218 5220 5221
f 5220 5222 5223
f 5222 5224 5225
f 5224 5226 5227
f 5226 5228 5229
f 5228 5230 5231
f 5230 5232 5233
f 5232 5234 5235
f 5234 5236 5237
f 5236 5238 5239
f 5238 5240 5241
f 5240 5242 5243
f 5242 5244 5245
f 5244 5246 5247
f 5246 5248 5249
f 5248 5250 5251
f 5250 5252 5253
f 5252 5254 5255
f 5254 5256 5257
f 5256 5258 5259
f 5258 5260 5261
f 5260 5262 5263
f 5262 5264 5265
f 5264 5266 5267
f 5266 5268 5269
f 5268 5270 5271
f 5270 5272 5273
f 5272 5274 5275
f 5274 5276 5277
f 5276 5278 5279
f 5278 5280 5281
f 5280 5282 5283
f 5282 5284 5285
f 5284 5286 5287
f 5286 5288 5289
f 5288 5290 5291
f 5290 5292 5293
f 5292 5294 5295
f 5294 5296 5297
f 5296 5298 5299
f 5298 5300 5301
f 5300 5302 5303
f 5302 5304 5305
f 5304 5306 5307
f 5306 5308 5309
f 5308 5310 5311
f 5310 5312 5313
f 5312 5314 5315
f 5314 5316 5317
f 5316 5318 5319
f 5318 5320 5321
f 5320 5322 5323
f 5322 5324 5325
f 5324 5326 5327
f 5326 5328 5329
f 5328 5330 5331
f 5330 5332 5333
f 5332 5334 5335
f 5334 5336 5337
f 5336 5338 5339
f 5338 5340 5341
f 5340 5342 5343
f 5342 5344 5345
f 5344 5346 5347
f 5346 5348 5349
f 5348 5350 5351
f 5350 5352 5353
f 5352 5354 5355
f 5354 5356 5357
f 5356 5358 5359
f 5358 5360 5361
f 5360 5362 5363
f 5362 5364 5365
f 5364 5366 5367
f 5366 5368 5369
f 5368 5370 5371
f 5370 5372 5373
f 5372 5374 5375
f 5374 5376 5377
f 5376 5378 5379
f 5378 5380 5381
f 5380 5382 5383
f 5382 5384 5385
f 5384 5386 5387
f 5386 5388 5389
f 5388 5390 5391
f 5390 5392 5393
f 5392 5394 5395
f 5394 5396 5397
f 5396 5398 5399
f 5398 4681 5400

o Shape_52
usemtl material_1
f 5401 5402 5403
f 5402 5404 5405
f 5404 5406 5407
f 5406 5408 5409
f 5408 5410 5411
f 5410 5412 5413
f 5412 5414 5415
f 5414 5416 5417
f 5416 5418 5419
f 5418 5420 5421
f 5420 5422 5423
f 5422 5424 5425
f 5424 5426 5427
f 5426 5428 5429
f 5428 5430 5431
f 5430 5432 5433
f 5432 5434 5435
f 5434 5436 5437
f 5436 5438 5439
f 5438 5440 5441
f 5440 5442 5443
f 5442 5444 5445
f 5444 5446 5447
f 5446 5448 5449
f 5448 5450 5451
f 5450 5452 5453
f 5452 5454 5455
f 5454 5456 5457
f 5456 5458 5459
f 5458 5460 5461
f 5460 5462 5463
f 5462 5464 5465
f 5464 5466 5467
f 5466 5468 5469
f 5468 5470 5471
f 5470 5472 5473
f 5472 5474 5475
f 5474 5476 5477
f 5476 5478 5479
f 5478 5480 5481
f 5480 5482 5483
f 5482 5484 5485
f 5484 5486 5487
f 5486 5488 5489
f 5488 5490 5491
f 5490 5492 5493
f 5492 5494 5495
f 5494 5496 5497
f 5496 5498 5499
f 5498 5500 5501
f 5500 5502 5503
f 5502 5504 5505
f 5504 5506 5507
f 5506 5508 5509
f 5508 5510 5511
f 5510 5512 5513
f 5512 5514 5515
f 5514 5516 5517
f 5516 5518 5519
f 5518 5520 5521
f 5520 5522 5523
f 5522 5524 5525
f 5524 5526 5527
f 5526 5528 5529
f 5528 5530 5531
f 5530 5532 5533
f 5532 5534 5535
f 5534 5536 5537
f 5536 5538 5539
f 5538 5540 5541
f 5540 5542 5543
f 5542 5544 5545
f 5544 5546 5547
f 5546 5548 5549
f 5548 5550 5551
f 5550 5552 5553
f 5552 5554 5555
f 5554 5556 5557
f 5556 5558 5559
f 5558 5560 5561
f 5560 5562 5563
f 5562 5564 5565
f 5564 5566 5567
f 5566 5568 5569
f 5568 5570 5571
f 5570 5572 5573
f 5572 5574 5575
f 5574 5576 5577
f 5576 5578 5579
f 5578 5580 5581
f 5580 5582 5583
f 5582 5584 5585
f 5584 5586 5587
f 5586 5588 5589
f 5588 5590 5591
f 5590 5592 5593
f 5592 5594 5595
f 5594 5596 5597
f 5596 5598 5599
f 5598 5600 5601
f 5600 5602 5603
f 5602 5604 5605
f 5604 5606 5607
f 5606 5608 5609
f 5608 5610 5611
f 5610 5612 5613
f 5612 5614 5615
f 5614 5616 5617
f 5616 5618 5619
f 5618 5620 5621
f 5620 5622 5623
f 5622 5624 5625
f 5624 5626 5627
f 5626 5628 5629
f 5628 5630 5631
f 5630 5632 5633
f 5632 5634 5635
f 5634 5636 5637
f 5636 5638 5639
f 5638 5640 5641
f 5640 5642 5643
f 5642 5644 5645
f 5644 5646 5647
f 5646 5648 5649
f 5648 5650 5651
f 5650 5652 5653
f 5652 5654 5655
f 5654 5656 5657
f 5656 5658 5659
f 5658 5660 5661
f 5660 5662 5663
f 5662 5664 5665
f 5664 5666 5667
f 5666 5668 5669
f 5668 5670 5671
f 5670 5672 5673
f 5672 5674 5675
f 5674 5676 5677
f 5676 5678 5679
f 5678 5680 5681
f 5680 5682 5683
f 5682 5684 5685
f 5684 5686 5687
f 5686 5688 5689
f 5688 5690 5691
f 5690 5692 5693
f 5692 5694 5695
f 5694 5696 5697
f 5696 5698 5699
f 5698 5700 5701
f 5700 5702 5703
f 5702 5704 5705
f 5704 5706 5707
f 5706 5708 5709
f 5708 5710 5711
f 5710 5712 5713
f 5712 5714 5715
f 5714 5716 5717
f 5716 5718 5719
f 5718 5720 5721
f 5720 5722 5723
f 5722 5724 5725
f 5724 5726 5727
f 5726 5728 5729
f 5728 5730 5731
f 5730 5732 5733
f 5732 5734 5735
f 5734 5736 5737
f 5736 5738 5739
f 5738 5740 5741
f 5740 5742 5743
f 5742 5744 5745
f 5744 5746 5747
f 5746 5748 5749
f 5748 5750 5751
f 5750 5752 5753
f 5752 5754 5755
f 5754 5756 5757
f 5756 5758 5759
f 5758 5760 5761
f 5760 5762 5763
f 5762 5764 5765
f 5764 5766 5767
f 5766 5768 5769
f 5768 5770 5771
f 5770 5772 5773
f 5772 5774 5775
f 5774 5776 5777
f 5776 5778 5779
f 5778 5780 5781
f 5780 5782 5783
f 5782 5784 5785
f 5784 5786 5787
f 5786 5788 5789
f 5788 5790 5791
f 5790 5792 5793
f 5792 5794 5795
f 5794 5796 5797
f 5796 5798 5799
f 5798 5800 5801
f 5800 5802 5803
f 5802 5804 5805
f 5804 5806 5807
f 5806 5808 5809
f 5808 5810 5811
f 5810 5812 5813
f 5812 5814 5815
f 5814 5816 5817
f 5816 5818 5819
f 5818 5820 5821
f 5820 5822 5823
f 5822 5824 5825
f 5824 5826 5827
f 5826 5828 5829
f 5828 5830 5831
f 5830 5832 5833
f 5832 5834 5835
f 5834 5836 5837
f 5836 5838 5839
f 5838 5840 5841
f 5840 5842 5843
f 5842 5844 5845
f 5844 5846 5847
f 5846 5848 5849
f 5848 5850 5851
f 5850 5852 5853
f 5852 5854 5855
f 5854 5856 5857
f 5856 5858 5859
f 5858 5860 5861
f 5860 5862 5863
f 5862 5864 5865
f 5864 5866 5867
f 5866 5868 5869
f 5868 5870 5871
f 5870 5872 5873
f 5872 5874 5875
f 5874 5876 5877
f 5876 5878 5879
f 5878 5880 5881
f 5880 5882 5883
f 5882 5884 5885
f 5884 5886 5887
f 5886 5888 5889
f 5888 5890 5891
f 5890 5892 5893
f 5892 5894 5895
f 5894 5896 5897
f 5896 5898 5899
f 5898 5900 5901
f 5900 5902 5903
f 5902 5904 5905
f 5904 5906 5907
f 5906 5908 5909
f 5908 5910 5911
f 5910 5912 5913
f 5912 5914 5915
f 5914 5916 5917
f 5916 5918 5919
f 5918 5920 5921
f 5920 5922 5923
f 5922 5924 5925
f 5924 5926 5927
f 5926 5928 5929
f 5928 5930 5931
f 5930 5932 5933
f 5932 5934 5935
f 5934 5936 5937
f 5936 5938 5939
f 5938 5940 5941
f 5940 5942 5943
f 5942 5944 5945
f 5944 5946 5947
f 5946 5948 5949
f 5948 5950 5951
f 5950 5952 5953
f 5952 5954 5955
f 5954 5956 5957
f 5956 5958 5959
f 5958 5960 5961
f 5960 5962 5963
f 5962 5964 5965
f 5964 5966 5967
f 5966 5968 5969
f 5968 5970 5971
f 5970 5972 5973
f 5972 5974 5975
f 5974 5976 5977
f 5976 5978 5979
f 5978 5980 5981
f 5980 5982 5983
f 5982 5984 5985
f 5984 5986 5987
f 5986 5988 5989
f 5988 5990 5991
f 5990 5992 5993
f 5992 5994 5995
f 5994 5996 5997
f 5996 5998 5999
f 5998 6000 6001
f 6000 6002 6003
f 6002 6004 6005
f 6004 6006 6007
f 6006 6008 6009
f 6008 6010 6011
f 6010 6012 6013
f 6012 6014 6015
f 6014 6016 6017
f 6016 6018 6019
f 6018 6020 6021
f 6020 6022 6023
f 6022 6024 6025
f 6024 6026 6027
f 6026 6028 6029
f 6028 6030 6031
f 6030 6032 6033
f 6032 6034 6035
f 6034 6036 6037
f 6036 6038 6039
f 6038 6040 6041
f 6040 6042 6043
f 6042 6044 6045
f 6044 6046 6047
f 6046 6048 6049
f 6048 6050 6051
f 6050 6052 6053
f 6052 6054 6055
f 6054 6056 6057
f 6056 6058 6059
f 6058 6060 6061
f 6060 6062 6063
f 6062 6064 6065
f 6064 6066 6067
f 6066 6068 6069
f 6068 6070 6071
f 6070 6072 6073
f 6072 6074 6075
f 6074 6076 6077
f 6076 6078 6079
f 6078 6080 6081
f 6080 6082 6083
f 6082 6084 6085
f 6084 6086 6087
f 6086 6088 6089
f 6088 6090 6091
f 6090 6092 6093
f 6092 6094 6095
f 6094 6096 6097
f 6096 6098 6099
f 6098 6100 6101
f 6100 6102 6103
f 6102 6104 6105
f 6104 6106 6107
f 6106 6108 6109
f 6108 6110 6111
f 6110 6112 6113
f 6112 6114 6115
f 6114 6116 6117
f 6116 6118 6119
f 6118 5401 6120

o Shape_53
usemtl material_1
f 3961 3962 3963
f 3962 3964 3965
f 3964 3966 3967
f 3966 3968 3969
f 3968 3970 3971
f 3970 3972 3973
f 3972 3974 3975
f 3974 3976 3977
f 3976 3978 3979
f 3978 3980 3981
f 3980 3982 3983
f 3982 3984 3985
f 3984 3986 3987
f 3986 3988 3989
f 3988 3990 3991
f 3990 3992 3993
f 3992 3994 3995
f 3994 3996 3997
f 3996 3998 3999
f 3998 4000 4001
f 4000 4002 4003
f 4002 4004 4005
f 4004 4006 4007
f 4006 4008 4009
f 4008 4010 4011
f 4010 4012 4013
f 4012 4014 4015
f 4014 4016 4017
f 4016 4018 4019
f 4018 4020 4021
f 4020 4022 4023
f 4022 4024 4025
f 4024 4026 4027
f 4026 4028 4029
f 4028 4030 4031
f 4030 4032 4033
f 4032 4034 4035
f 4034 4036 4037
f 4036 4038 4039
f 4038 4040 4041
f 4040 4042 4043
f 4042 4044 4045
f 4044 4046 4047
f 4046 4048 4049
f 4048 4050 4051
f 4050 4052 4053
f 4052 4054 4055
f 4054 4056 4057
f 4056 4058 4059
f 4058 4060 4061
f 4060 4062 4063
f 4062 4064 4065
f 4064 4066 4067
f 4066 4068 4069
f 4068 4070 4071
f 4070 4072 4073
f 4072 4074 4075
f 4074 4076 4077
f 4076 4078 4079
f 4078 4080 4081
f 4080 4082 4083
f 4082 4084 4085
f 4084 4086 4087
f 4086 4088 4089
f 4088 4090 4091
f 4090 4092 4093
f 4092 4094 4095
f 4094 4096 4097
f 4096 4098 4099
f 4098 4100 4101
f 4100 4102 4103
f 4102 4104 4105
f 4104 4106 4107
f 4106 4108 4109
f 4108 4110 4111
f 4110 4112 4113
f 4112 4114 4115
f 4114 4116 4117
f 4116 4118 4119
f 4118 4120 4121
f 4120 4122 4123
f 4122 4124 4125
f 4124 4126 4127
f 4126 4128 4129
f 4128 4130 4131
f 4130 4132 4133
f 4132 4134 4135
f 4134 4136 4137
f 4136 4138 4139
f 4138 4140 4141
f 4140 4142 4143
f 4142 4144 4145
f 4144 4146 4147
f 4146 4148 4149
f 4148 4150 4151
f 4150 4152 4153
f 4152 4154 4155
f 4154 4156 4157
f 4156 4158 4159
f 4158 4160 4161
f 4160 4162 4163
f 4162 4164 4165
f 4164 4166 4167
f 4166 4168 4169
f 4168 4170 4171
f 4170 4172 4173
f 4172 4174 4175
f 4174 4176 4177
f 4176 4178 4179
f 4178 4180 4181
f 4180 4182 4183
f 4182 4184 4185
f 4184 4186 4187
f 4186 4188 4189
f 4188 4190 4191
f 4190 4192 4193
f 4192 4194 4195
f 4194 4196 4197
f 4196 4198 4199
f 4198 4200 4201
f 4200 4202 4203
f 4202 4204 4205
f 4204 4206 4207
f 4206 4208 4209
f 4208 4210 4211
f 4210 4212 4213
f 4212 4214 4215
f 4214 4216 4217
f 4216 4218 4219
f 4218 4220 4221
f 4220 4222 4223
f 4222 4224 4225
f 4224 4226 4227
f 4226 4228 4229
f 4228 4230 4231
f 4230 4232 4233
f 4232 4234 4235
f 4234 4236 4237
f 4236 4238 4239
f 4238 4240 4241
f 4240 4242 4243
f 4242 4244 4245
f 4244 4246 4247
f 4246 4248 4249
f 4248 4250 4251
f 4250 4252 4253
f 4252 4254 4255
f 4254 4256 4257
f 4256 4258 4259
f 4258 4260 4261
f 4260 4262 4263
f 4262 4264 4265
f 4264 4266 4267
f 4266 4268 4269
f 4268 4270 4271
f 4270 4272 4273
f 4272 4274 4275
f 4274 4276 4277
f 4276 4278 4279
f 4278 4280 4281
f 4280 4282 4283
f 4282 4284 4285
f 4284 4286 4287
f 4286 4288 4289
f 4288 4290 4291
f 4290 4292 4293
f 4292 4294 4295
f 4294 4296 4297
f 4296 4298 4299
f 4298 4300 4301
f 4300 4302 4303
f 4302 4304 4305
f 4304 4306 4307
f 4306 4308 4309
f 4308 4310 4311
f 4310 4312 4313
f 4312 4314 4315
f 4314 4316 4317
f 4316 4318 4319
f 4318 4320 4321
f 4320 4322 4323
f 4322 4324 4325
f 4324 4326 4327
f 4326 4328 4329
f 4328 4330 4331
f 4330 4332 4333
f 4332 4334 4335
f 4334 4336 4337
f 4336 4338 4339
f 4338 4340 4341
f 4340 4342 4343
f 4342 4344 4345
f 4344 4346 4347
f 4346 4348 4349
f 4348 4350 4351
f 4350 4352 4353
f 4352 4354 4355
f 4354 4356 4357
f 4356 4358 4359
f 4358 4360 4361
f 4360 4362 4363
f 4362 4364 4365
f 4364 4366 4367
f 4366 4368 4369
f 4368 4370 4371
f 4370 4372 4373
f 4372 4374 4375
f 4374 4376 4377
f 4376 4378 4379
f 4378 4380 4381
f 4380 4382 4383
f 4382 4384 4385
f 4384 4386 4387
f 4386 4388 4389
f 4388 4390 4391
f 4390 4392 4393
f 4392 4394 4395
f 4394 4396 4397
f 4396 4398 4399
f 4398 4400 4401
f 4400 4402 4403
f 4402 4404 4405
f 4404 4406 4407
f 4406 4408 4409
f 4408 4410 4411
f 4410 4412 4413
f 4412 4414 4415
f 4414 4416 4417
f 4416 4418 4419
f 4418 4420 4421
f 4420 4422 4423
f 4422 4424 4425
f 4424 4426 4427
f 4426 4428 4429
f 4428 4430 4431
f 4430 4432 4433
f 4432 4434 4435
f 4434 4436 4437
f 4436 4438 4439
f 4438 4440 4441
f 4440 4442 4443
f 4442 4444 4445
f 4444 4446 4447
f 4446 4448 4449
f 4448 4450 4451
f 4450 4452 4453
f 4452 4454 4455
f 4454 4456 4457
f 4456 4458 4459
f 4458 4460 4461
f 4460 4462 4463
f 4462 4464 4465
f 4464 4466 4467
f 4466 4468 4469
f 4468 4470 4471
f 4470 4472 4473
f 4472 4474 4475
f 4474 4476 4477
f 4476 4478 4479
f 4478 4480 4481
f 4480 4482 4483
f 4482 4484 4485
f 4484 4486 4487
f 4486 4488 4489
f 4488 4490 4491
f 4490 4492 4493
f 4492 4494 4495
f 4494 4496 4497
f 4496 4498 4499
f 4498 4500 4501
f 4500 4502 4503
f 4502 4504 4505
f 4504 4506 4507
f 4506 4508 4509
f 4508 4510 4511
f 4510 4512 4513
f 4512 4514 4515
f 4514 4516 4517
f 4516 4518 4519
f 4518 4520 4521
f 4520 4522 4523
f 4522 4524 4525
f 4524 4526 4527
f 4526 4528 4529
f 4528 4530 4531
f 4530 4532 4533
f 4532 4534 4535
f 4534 4536 4537
f 4536 4538 4539
f 4538 4540 4541
f 4540 4542 4543
f 4542 4544 4545
f 4544 4546 4547
f 4546 4548 4549
f 4548 4550 4551
f 4550 4552 4553
f 4552 4554 4555
f 4554 4556 4557
f 4556 4558 4559
f 4558 4560 4561
f 4560 4562 4563
f 4562 4564 4565
f 4564 4566 4567
f 4566 4568 4569
f 4568 4570 4571
f 4570 4572 4573
f 4572 4574 4575
f 4574 4576 4577
f 4576 4578 4579
f 4578 4580 4581
f 4580 4582 4583
f 4582 4584 4585
f 4584 4586 4587
f 4586 4588 4589
f 4588 4590 4591
f 4590 4592 4593
f 4592 4594 4595
f 4594 4596 4597
f 4596 4598 4599
f 4598 4600 4601
f 4600 4602 4603
f 4602 4604 4605
f 4604 4606 4607
f 4606 4608 4609
f 4608 4610 4611
f 4610 4612 4613
f 4612 4614 4615
f 4614 4616 4617
f 4616 4618 4619
f 4618 4620 4621
f 4620 4622 4623
f 4622 4624 4625
f 4624 4626 4627
f 4626 4628 4629
f 4628 4630 4631
f 4630 4632 4633
f 4632 4634 4635
f 4634 4636 4637
f 4636 4638 4639
f 4638 4640 4641
f 4640 4642 4643
f 4642 4644 4645
f 4644 4646 4647
f 4646 4648 4649
f 4648 4650 4651
f 4650 4652 4653
f 4652 4654 4655
f 4654 4656 4657
f 4656 4658 4659
f 4658 4660 4661
f 4660 4662 4663
f 4662 4664 4665
f 4664 4666 4667
f 4666 4668 4669
f 4668 4670 4671
f 4670 4672 4673
f 4672 4674 4675
f 4674 4676 4677
f 4676 4678 4679
f 4678 3961 4680

o Shape_54
usemtl material_1
f 3241 3242 3243
f 3242 3244 3245
f 3244 3246 3247
f 3246 3248 3249
f 3248 3250 3251
f 3250 3252 3253
f 3252 3254 3255
f 3254 3256 3257
f 3256 3258 3259
f 3258 3260 3261
f 3260 3262 3263
f 3262 3264 3265
f 3264 3266 3267
f 3266 3268 3269
f 3268 3270 3271
f 3270 3272 3273
f 3272 3274 3275
f 3274 3276 3277
f 3276 3278 3279
f 3278 3280 3281
f 3280 3282 3283
f 3282 3284 3285
f 3284 3286 3287
f 3286 3288 3289
f 3288 3290 3291
f 3290 3292 3293
f 3292 3294 3295
f 3294 3296 3297
f 3296 3298 3299
f 3298 3300 3301
f 3300 3302 3303
f 3302 3304 3305
f 3304 3306 3307
f 3306 3308 3309
f 3308 3310 3311
f 3310 3312 3313
f 3312 3314 3315
f 3314 3316 3317
f 3316 3318 3319
f 3318 3320 3321
f 3320 3322 3323
f 3322 3324 3325
f 3324 3326 3327
f 3326 3328 3329
f 3328 3330 3331
f 3330 3332 3333
f 3332 3334 3335
f 3334 3336 3337
f 3336 3338 3339
f 3338 3340 3341
f 3340 3342 3343
f 3342 3344 3345
f 3344 3346 3347
f 3346 3348 3349
f 3348 3350 3351
f 3350 3352 3353
f 3352 3354 3355
f 3354 3356 3357
f 3356 3358 3359
f 3358 3360 3361
f 3360 3362 3363
f 3362 3364 3365
f 3364 3366 3367
f 3366 3368 3369
f 3368 3370 3371
f 3370 3372 3373
f 3372 3374 3375
f 3374 3376 3377
f 3376 3378 3379
f 3378 3380 3381
f 3380 3382 3383
f 3382 3384 3385
f 3384 3386 3387
f 3386 3388 3389
f 3388 3390 3391
f 3390 3392 3393
f 3392 3394 3395
f 3394 3396 3397
f 3396 3398 3399
f 3398 3400 3401
f 3400 3402 3403
f 3402 3404 3405
f 3404 3406 3407
f 3406 3408 3409
f 3408 3410 3411
f 3410 3412 3413
f 3412 3414 3415
f 3414 3416 3417
f 3416 3418 3419
f 3418 3420 3421
f 3420 3422 3423
f 3422 3424 3425
f 3424 3426 3427
f 3426 3428 3429
f 3428 3430 3431
f 3430 3432 3433
f 3432 3434 3435
f 3434 3436 3437
f 3436 3438 3439
f 3438 3440 3441
f 3440 3442 3443
f 3442 3444 3445
f 3444 3446 3447
f 3446 3448 3449
f 3448 3450 3451
f 3450 3452 3453
f 3452 3454 3455
f 3454 3456 3457
f 3456 3458 3459
f 3458 3460 3461
f 3460 3462 3463
f 3462 3464 3465
f 3464 3466 3467
f 3466 3468 3469
f 3468 3470 3471
f 3470 3472 3473
f 3472 3474 3475
f 3474 3476 3477
f 3476 3478 3479
f 3478 3480 3481
f 3480 3482 3483
f 3482 3484 3485
f 3484 3486 3487
f 3486 3488 3489
f 3488 3490 3491
f 3490 3492 3493
f 3492 3494 3495
f 3494 3496 3497
f 3496 3498 3499
f 3498 3500 3501
f 3500 3502 3503
f 3502 3504 3505
f 3504 3506 3507
f 3506 3508 3509
f 3508 3510 3511
f 3510 3512 3513
f 3512 3514 3515
f 3514 3516 3517
f 3516 3518 3519
f 3518 3520 3521
f 3520 3522 3523
f 3522 3524 3525
f 3524 3526 3527
f 3526 3528 3529
f 3528 3530 3531
f 3530 3532 3533
f 3532 3534 3535
f 3534 3536 3537
f 3536 3538 3539
f 3538 3540 3541
f 3540 3542 3543
f 3542 3544 3545
f 3544 3546 3547
f 3546 3548 3549
f 3548 3550 3551
f 3550 3552 3553
f 3552 3554 3555
f 3554 3556 3557
f 3556 3558 3559
f 3558 3560 3561
f 3560 3562 3563
f 3562 3564 3565
f 3564 3566 3567
f 3566 3568 3569
f 3568 3570 3571
f 3570 3572 3573
f 3572 3574 3575
f 3574 3576 3577
f 3576 3578 3579
f 3578 3580 3581
f 3580 3582 3583
f 3582 3584 3585
f 3584 3586 3587
f 3586 3588 3589
f 3588 3590 3591
f 3590 3592 3593
f 3592 3594 3595
f 3594 3596 3597
f 3596 3598 3599
f 3598 3600 3601
f 3600 3602 3603
f 3602 3604 3605
f 3604 3606 3607
f 3606 3608 3609
f 3608 3610 3611
f 3610 3612 3613
f 3612 3614 3615
f 3614 3616 3617
f 3616 3618 3619
f 3618 3620 3621
f 3620 3622 3623
f 3622 3624 3625
f 3624 3626 3627
f 3626 3628 3629
f 3628 3630 3631
f 3630 3632 3633
f 3632 3634 3635
f 3634 3636 3637
f 3636 3638 3639
f 3638 3640 3641
f 3640 3642 3643
f 3642 3644 3645
f 3644 3646 3647
f 3646 3648 3649
f 3648 3650 3651
f 3650 3652 3653
f 3652 3654 3655
f 3654 3656 3657
f 3656 3658 3659
f 3658 3660 3661
f 3660 3662 3663
f 3662 3664 3665
f 3664 3666 3667
f 3666 3668 3669
f 3668 3670 3671
f 3670 3672 3673
f 3672 3674 3675
f 3674 3676 3677
f 3676 3678 3679
f 3678 3680 3681
f 3680 3682 3683
f 3682 3684 3685
f 3684 3686 3687
f 3686 3688 3689
f 3688 3690 3691
f 3690 3692 3693
f 3692 3694 3695
f 3694 3696 3697
f 3696 3698 3699
f 3698 3700 3701
f 3700 3702 3703
f 3702 3704 3705
f 3704 3706 3707
f 3706 3708 3709
f 3708 3710 3711
f 3710 3712 3713
f 3712 3714 3715
f 3714 3716 3717
f 3716 3718 3719
f 3718 3720 3721
f 3720 3722 3723
f 3722 3724 3725
f 3724 3726 3727
f 3726 3728 3729
f 3728 3730 3731
f 3730 3732 3733
f 3732 3734 3735
f 3734 3736 3737
f 3736 3738 3739
f 3738 3740 3741
f 3740 3742 3743
f 3742 3744 3745
f 3744 3746 3747
f 3746 3748 3749
f 3748 3750 3751
f 3750 3752 3753
f 3752 3754 3755
f 3754 3756 3757
f 3756 3758 3759
f 3758 3760 3761
f 3760 3762 3763
f 3762 3764 3765
f 3764 3766 3767
f 3766 3768 3769
f 3768 3770 3771
f 3770 3772 3773
f 3772 3774 3775
f 3774 3776 3777
f 3776 3778 3779
f 3778 3780 3781
f 3780 3782 3783
f 3782 3784 3785
f 3784 3786 3787
f 3786 3788 3789
f 3788 3790 3791
f 3790 3792 3793
f 3792 3794 3795
f 3794 3796 3797
f 3796 3798 3799
f 3798 3800 3801
f 3800 3802 3803
f 3802 3804 3805
f 3804 3806 3807
f 3806 3808 3809
f 3808 3810 3811
f 3810 3812 3813
f 3812 3814 3815
f 3814 3816 3817
f 3816 3818 3819
f 3818 3820 3821
f 3820 3822 3823
f 3822 3824 3825
f 3824 3826 3827
f 3826 3828 3829
f 3828 3830 3831
f 3830 3832 3833
f 3832 3834 3835
f 3834 3836 3837
f 3836 3838 3839
f 3838 3840 3841
f 3840 3842 3843
f 3842 3844 3845
f 3844 3846 3847
f 3846 3848 3849
f 3848 3850 3851
f 3850 3852 3853
f 3852 3854 3855
f 3854 3856 3857
f 3856 3858 3859
f 3858 3860 3861
f 3860 3862 3863
f 3862 3864 3865
f 3864 3866 3867
f 3866 3868 3869
f 3868 3870 3871
f 3870 3872 3873
f 3872 3874 3875
f 3874 3876 3877
f 3876 3878 3879
f 3878 3880 3881
f 3880 3882 3883
f 3882 3884 3885
f 3884 3886 3887
f 3886 3888 3889
f 3888 3890 3891
f 3890 3892 3893
f 3892 3894 3895
f 3894 3896 3897
f 3896 3898 3899
f 3898 3900 3901
f 3900 3902 3903
f 3902 3904 3905
f 3904 3906 3907
f 3906 3908 3909
f 3908 3910 3911
f 3910 3912 3913
f 3912 3914 3915
f 3914 3916 3917
f 3916 3918 3919
f 3918 3920 3921
f 3920 3922 3923
f 3922 3924 3925
f 3924 3926 3927
f 3926 3928 3929
f 3928 3930 3931
f 3930 3932 3933
f 3932 3934 3935
f 3934 3936 3937
f 3936 3938 3939
f 3938 3940 3941
f 3940 3942 3943
f 3942 3944 3945
f 3944 3946 3947
f 3946 3948 3949
f 3948 3950 3951
f 3950 3952 3953
f 3952 3954 3955
f 3954 3956 3957
f 3956 3958 3959
f 3958 3241 3960

o Shape_55
usemtl material_1
f 4681 4682 4683
f 4682 4684 4685
f 4684 4686 4687
f 4686 4688 4689
f 4688 4690 4691
f 4690 4692 4693
f 4692 4694 4695
f 4694 4696 4697
f 4696 4698 4699
f 4698 4700 4701
f 4700 4702 4703
f 4702 4704 4705
f 4704 4706 4707
f 4706 4708 4709
f 4708 4710 4711
f 4710 4712 4713
f 4712 4714 4715
f 4714 4716 4717
f 4716 4718 4719
f 4718 4720 4721
f 4720 4722 4723
f 4722 4724 4725
f 4724 4726 4727
f 4726 4728 4729
f 4728 4730 4731
f 4730 4732 4733
f 4732 4734 4735
f 4734 4736 4737
f 4736 4738 4739
f 4738 4740 4741
f 4740 4742 4743
f 4742 4744 4745
f 4744 4746 4747
f 4746 4748 4749
f 4748 4750 4751
f 4750 4752 4753
f 4752 4754 4755
f 4754 4756 4757
f 4756 4758 4759
f 4758 4760 4761
f 4760 4762 4763
f 4762 4764 4765
f 4764 4766 4767
f 4766 4768 4769
f 4768 4770 4771
f 4770 4772 4773
f 4772 4774 4775
f 4774 4776 4777
f 4776 4778 4779
f 4778 4780 4781
f 4780 4782 4783
f 4782 4784 4785
f 4784 4786 4787
f 4786 4788 4789
f 4788 4790 4791
f 4790 4792 4793
f 4792 4794 4795
f 4794 4796 4797
f 4796 4798 4799
f 4798 4800 4801
f 4800 4802 4803
f 4802 4804 4805
f 4804 4806 4807
f 4806 4808 4809
f 4808 4810 4811
f 4810 4812 4813
f 4812 4814 4815
f 4814 4816 4817
f 4816 4818 4819
f 4818 4820 4821
f 4820 4822 4823
f 4822 4824 4825
f 4824 4826 4827
f 4826 4828 4829
f 4828 4830 4831
f 4830 4832 4833
f 4832 4834 4835
f 4834 4836 4837
f 4836 4838 4839
f 4838 4840 4841
f 4840 4842 4843
f 4842 4844 4845
f 4844 4846 4847
f 4846 4848 4849
f 4848 4850 4851
f 4850 4852 4853
f 4852 4854 4855
f 4854 4856 4857
f 4856 4858 4859
f 4858 4860 4861
f 4860 4862 4863
f 4862 4864 4865
f 4864 4866 4867
f 4866 4868 4869
f 4868 4870 4871
f 4870 4872 4873
f 4872 4874 4875
f 4874 4876 4877
f 4876 4878 4879
f 4878 4880 4881
f 4880 4882 4883
f 4882 4884 4885
f 4884 4886 4887
f 4886 4888 4889
f 4888 4890 4891
f 4890 4892 4893
f 4892 4894 4895
f 4894 4896 4897
f 4896 4898 4899
f 4898 4900 4901
f 4900 4902 4903
f 4902 4904 4905
f 4904 4906 4907
f 4906 4908 4909
f 4908 4910 4911
f 4910 4912 4913
f 4912 4914 4915
f 4914 4916 4917
f 4916 4918 4919
f 4918 4920 4921
f 4920 4922 4923
f 4922 4924 4925
f 4924 4926 4927
f 4926 4928 4929
f 4928 4930 4931
f 4930 4932 4933
f 4932 4934 4935
f 4934 4936 4937
f 4936 4938 4939
f 4938 4940 4941
f 4940 4942 4943
f 4942 4944 4945
f 4944 4946 4947
f 4946 4948 4949
f 4948 4950 4951
f 4950 4952 4953
f 4952 4954 4955
f 4954 4956 4957
f 4956 4958 4959
f 4958 4960 4961
f 4960 4962 4963
f 4962 4964 4965
f 4964 4966 4967
f 4966 4968 4969
f 4968 4970 4971
f 4970 4972 4973
f 4972 4974 4975
f 4974 4976 4977
f 4976 4978 4979
f 4978 4980 4981
f 4980 4982 4983
f 4982 4984 4985
f 4984 4986 4987
f 4986 4988 4989
f 4988 4990 4991
f 4990 4992 4993
f 4992 4994 4995
f 4994 4996 4997
f 4996 4998 4999
f 4998 5000 5001
f 5000 5002 5003
f 5002 5004 5005
f 5004 5006 5007
f 5006 5008 5009
f 5008 5010 5011
f 5010 5012 5013
f 5012 5014 5015
f 5014 5016 5017
f 5016 5018 5019
f 5018 5020 5021
f 5020 5022 5023
f 5022 5024 5025
f 5024 5026 5027
f 5026 5028 5029
f 5028 5030 5031
f 5030 5032 5033
f 5032 5034 5035
f 5034 5036 5037
f 5036 5038 5039
f 5038 5040 5041
f 5040 5042 5043
f 5042 5044 5045
f 5044 5046 5047
f 5046 5048 5049
f 5048 5050 5051
f 5050 5052 5053
f 5052 5054 5055
f 5054 5056 5057
f 5056 5058 5059
f 5058 5060 5061
f 5060 5062 5063
f 5062 5064 5065
f 5064 5066 5067
f 5066 5068 5069
f 5068 5070 5071
f 5070 5072 5073
f 5072 5074 5075
f 5074 5076 5077
f 5076 5078 5079
f 5078 5080 5081
f 5080 5082 5083
f 5082 5084 5085
f 5084 5086 5087
f 5086 5088 5089
f 5088 5090 5091
f 5090 5092 5093
f 5092 5094 5095
f 5094 5096 5097
f 5096 5098 5099
f 5098 5100 5101
f 5100 5102 5103
f 5102 5104 5105
f 5104 5106 5107
f 5106 5108 5109
f 5108 5110 5111
f 5110 5112 5113
f 5112 5114 5115
f 5114 5116 5117
f 5116 5118 5119
f 5118 5120 5121
f 5120 5122 5123
f 5122 5124 5125
f 5124 5126 5127
f 5126 5128 5129
f 5128 5130 5131
f 5130 5132 5133
f 5132 5134 5135
f 5134 5136 5137
f 5136 5138 5139
f 5138 5140 5141
f 5140 5142 5143
f 5142 5144 5145
f 5144 5146 5147
f 5146 5148 5149
f 5148 5150 5151
f 5150 5152 5153
f 5152 5154 5155
f 5154 5156 5157
f 5156 5158 5159
f 5158 5160 5161
f 5160 5162 5163
f 5162 5164 5165
f 5164 5166 5167
f 5166 5168 5169
f 5168 5170 5171
f 5170 5172 5173
f 5172 5174 5175
f 5174 5176 5177
f 5176 5178 5179
f 5178 5180 5181
f 5180 5182 5183
f 5182 5184 5185
f 5184 5186 5187
f 5186 5188 5189
f 5188 5190 5191
f 5190 5192 5193
f 5192 5194 5195
f 5194 5196 5197
f 5196 5198 5199
f 5198 5200 5201
f 5200 5202 5203
f 5202 5204 5205
f 5204 5206 5207
f 5206 5208 5209
f 5208 5210 5211
f 5210 5212 5213
f 5212 5214 5215
f 5214 5216 5217
f 5216 5218 5219
f 5218 5220 5221
f 5220 5222 5223
f 5222 5224 5225
f 5224 5226 5227
f 5226 5228 5229
f 5228 5230 5231
f 5230 5232 5233
f 5232 5234 5235
f 5234 5236 5237
f 5236 5238 5239
f 5238 5240 5241
f 5240 5242 5243
f 5242 5244 5245
f 5244 5246 5247
f 5246 5248 5249
f 5248 5250 5251
f 5250 5252 5253
f 5252 5254 5255
f 5254 5256 5257
f 5256 5258 5259
f 5258 5260 5261
f 5260 5262 5263
f 5262 5264 5265
f 5264 5266 5267
f 5266 5268 5269
f 5268 5270 5271
f 5270 5272 5273
f 5272 5274 5275
f 5274 5276 5277
f 5276 5278 5279
f 5278 5280 5281
f 5280 5282 5283
f 5282 5284 5285
f 5284 5286 5287
f 5286 5288 5289
f 5288 5290 5291
f 5290 5292 5293
f 5292 5294 5295
f 5294 5296 5297
f 5296 5298 5299
f 5298 5300 5301
f 5300 5302 5303
f 5302 5304 5305
f 5304 5306 5307
f 5306 5308 5309
f 5308 5310 5311
f 5310 5312 5313
f 5312 5314 5315
f 5314 5316 5317
f 5316 5318 5319
f 5318 5320 5321
f 5320 5322 5323
f 5322 5324 5325
f 5324 5326 5327
f 5326 5328 5329
f 5328 5330 5331
f 5330 5332 5333
f 5332 5334 5335
f 5334 5336 5337
f 5336 5338 5339
f 5338 5340 5341
f 5340 5342 5343
f 5342 5344 5345
f 5344 5346 5347
f 5346 5348 5349
f 5348 5350 5351
f 5350 5352 5353
f 5352 5354 5355
f 5354 5356 5357
f 5356 5358 5359
f 5358 5360 5361
f 5360 5362 5363
f 5362 5364 5365
f 5364 5366 5367
f 5366 5368 5369
f 5368 5370 5371
f 5370 5372 5373
f 5372 5374 5375
f 5374 5376 5377
f 5376 5378 5379
f 5378 5380 5381
f 5380 5382 5383
f 5382 5384 5385
f 5384 5386 5387
f 5386 5388 5389
f 5388 5390 5391
f 5390 5392 5393
f 5392 5394 5395
f 5394 5396 5397
f 5396 5398 5399
f 5398 4681 5400

o Shape_56
usemtl material_1
f 5401 5402 5403
f 5402 5404 5405
f 5404 5406 5407
f 5406 5408 5409
f 5408 5410 5411
f 5410 5412 5413
f 5412 5414 5415
f 5414 5416 5417
f 5416 5418 5419
f 5418 5420 5421
f 5420 5422 5423
f 5422 5424 5425
f 5424 5426 5427
f 5426 5428 5429
f 5428 5430 5431
f 5430 5432 5433
f 5432 5434 5435
f 5434 5436 5437
f 5436 5438 5439
f 5438 5440 5441
f 5440 5442 5443
f 5442 5444 5445
f 5444 5446 5447
f 5446 5448 5449
f 5448 5450 5451
f 5450 5452 5453
f 5452 5454 5455
f 5454 5456 5457
f 5456 5458 5459
f 5458 5460 5461
f 5460 5462 5463
f 5462 5464 5465
f 5464 5466 5467
f 5466 5468 5469
f 5468 5470 5471
f 5470 5472 5473
f 5472 5474 5475
f 5474 5476 5477
f 5476 5478 5479
f 5478 5480 5481
f 5480 5482 5483
f 5482 5484 5485
f 5484 5486 5487
f 5486 5488 5489
f 5488 5490 5491
f 5490 5492 5493
f 5492 5494 5495
f 5494 5496 5497
f 5496 5498 5499
f 5498 5500 5501
f 5500 5502 5503
f 5502 5504 5505
f 5504 5506 5507
f 5506 5508 5509
f 5508 5510 5511
f 5510 5512 5513
f 5512 5514 5515
f 5514 5516 5517
f 5516 5518 5519
f 5518 5520 5521
f 5520 5522 5523
f 5522 5524 5525
f 5524 5526 5527
f 5526 5528 5529
f 5528 5530 5531
f 5530 5532 5533
f 5532 5534 5535
f 5534 5536 5537
f 5536 5538 5539
f 5538 5540 5541
f 5540 5542 5543
f 5542 5544 5545
f 5544 5546 5547
f 5546 5548 5549
f 5548 5550 5551
f 5550 5552 5553
f 5552 5554 5555
f 5554 5556 5557
f 5556 5558 5559
f 5558 5560 5561
f 5560 5562 5563
f 5562 5564 5565
f 5564 5566 5567
f 5566 5568 5569
f 5568 5570 5571
f 5570 5572 5573
f 5572 5574 5575
f 5574 5576 5577
f 5576 5578 5579
f 5578 5580 5581
f 5580 5582 5583
f 5582 5584 5585
f 5584 5586 5587
f 5586 5588 5589
f 5588 5590 5591
f 5590 5592 5593
f 5592 5594 5595
f 5594 5596 5597
f 5596 5598 5599
f 5598 5600 5601
f 5600 5602 5603
f 5602 5604 5605
f 5604 5606 5607
f 5606 5608 5609
f 5608 5610 5611
f 5610 5612 5613
f 5612 5614 5615
f 5614 5616 5617
f 5616 5618 5619
f 5618 5620 5621
f 5620 5622 5623
f 5622 5624 5625
f 5624 5626 5627
f 5626 5628 5629
f 5628 5630 5631
f 5630 5632 5633
f 5632 5634 5635
f 5634 5636 5637
f 5636 5638 5639
f 5638 5640 5641
f 5640 5642 5643
f 5642 5644 5645
f 5644 5646 5647
f 5646 5648 5649
f 5648 5650 5651
f 5650 5652 5653
f 5652 5654 5655
f 5654 5656 5657
f 5656 5658 5659
f 5658 5660 5661
f 5660 5662 5663
f 5662 5664 5665
f 5664 5666 5667
f 5666 5668 5669
f 5668 5670 5671
f 5670 5672 5673
f 5672 5674 5675
f 5674 5676 5677
f 5676 5678 5679
f 5678 5680 5681
f 5680 5682 5683
f 5682 5684 5685
f 5684 5686 5687
f 5686 5688 5689
f 5688 5690 5691
f 5690 5692 5693
f 5692 5694 5695
f 5694 5696 5697
f 5696 5698 5699
f 5698 5700 5701
f 5700 5702 5703
f 5702 5704 5705
f 5704 5706 5707
f 5706 5708 5709
f 5708 5710 5711
f 5710 5712 5713
f 5712 5714 5715
f 5714 5716 5717
f 5716 5718 5719
f 5718 5720 5721
f 5720 5722 5723
f 5722 5724 5725
f 5724 5726 5727
f 5726 5728 5729
f 5728 5730 5731
f 5730 5732 5733
f 5732 5734 5735
f 5734 5736 5737
f 5736 5738 5739
f 5738 5740 5741
f 5740 5742 5743
f 5742 5744 5745
f 5744 5746 5747
f 5746 5748 5749
f 5748 5750 5751
f 5750 5752 5753
f 5752 5754 5755
f 5754 5756 5757
f 5756 5758 5759
f 5758 5760 5761
f 5760 5762 5763
f 5762 5764 5765
f 5764 5766 5767
f 5766 5768 5769
f 5768 5770 5771
f 5770 5772 5773
f 5772 5774 5775
f 5774 5776 5777
f 5776 5778 5779
f 5778 5780 5781
f 5780 5782 5783
f 5782 5784 5785
f 5784 5786 5787
f 5786 5788 5789
f 5788 5790 5791
f 5790 5792 5793
f 5792 5794 5795
f 5794 5796 5797
f 5796 5798 5799
f 5798 5800 5801
f 5800 5802 5803
f 5802 5804 5805
f 5804 5806 5807
f 5806 5808 5809
f 5808 5810 5811
f 5810 5812 5813
f 5812 5814 5815
f 5814 5816 5817
f 5816 5818 5819
f 5818 5820 5821
f 5820 5822 5823
f 5822 5824 5825
f 5824 5826 5827
f 5826 5828 5829
f 5828 5830 5831
f 5830 5832 5833
f 5832 5834 5835
f 5834 5836 5837
f 5836 5838 5839
f 5838 5840 5841
f 5840 5842 5843
f 5842 5844 5845
f 5844 5846 5847
f 5846 5848 5849
f 5848 5850 5851
f 5850 5852 5853
f 5852 5854 5855
f 5854 5856 5857
f 5856 5858 5859
f 5858 5860 5861
f 5860 5862 5863
f 5862 5864 5865
f 5864 5866 5867
f 5866 5868 5869
f 5868 5870 5871
f 5870 5872 5873
f 5872 5874 5875
f 5874 5876 5877
f 5876 5878 5879
f 5878 5880 5881
f 5880 5882 5883
f 5882 5884 5885
f 5884 5886 5887
f 5886 5888 5889
f 5888 5890 5891
f 5890 5892 5893
f 5892 5894 5895
f 5894 5896 5897
f 5896 5898 5899
f 5898 5900 5901
f 5900 5902 5903
f 5902 5904 5905
f 5904 5906 5907
f 5906 5908 5909
f 5908 5910 5911
f 5910 5912 5913
f 5912 5914 5915
f 5914 5916 5917
f 5916 5918 5919
f 5918 5920 5921
f 5920 5922 5923
f 5922 5924 5925
f 5924 5926 5927
f 5926 5928 5929
f 5928 5930 5931
f 5930 5932 5933
f 5932 5934 5935
f 5934 5936 5937
f 5936 5938 5939
f 5938 5940 5941
f 5940 5942 5943
f 5942 5944 5945
f 5944 5946 5947
f 5946 5948 5949
f 5948 5950 5951
f 5950 5952 5953
f 5952 5954 5955
f 5954 5956 5957
f 5956 5958 5959
f 5958 5960 5961
f 5960 5962 5963
f 5962 5964 5965
f 5964 5966 5967
f 5966 5968 5969
f 5968 5970 5971
f 5970 5972 5973
f 5972 5974 5975
f 5974 5976 5977
f 5976 5978 5979
f 5978 5980 5981
f 5980 5982 5983
f 5982 5984 5985
f 5984 5986 5987
f 5986 5988 5989
f 5988 5990 5991
f 5990 5992 5993
f 5992 5994 5995
f 5994 5996 5997
f 5996 5998 5999
f 5998 6000 6001
f 6000 6002 6003
f 6002 6004 6005
f 6004 6006 6007
f 6006 6008 6009
f 6008 6010 6011
f 6010 6012 6013
f 6012 6014 6015
f 6014 6016 6017
f 6016 6018 6019
f 6018 6020 6021
f 6020 6022 6023
f 6022 6024 6025
f 6024 6026 6027
f 6026 6028 6029
f 6028 6030 6031
f 6030 6032 6033
f 6032 6034 6035
f 6034 6036 6037
f 6036 6038 6039
f 6038 6040 6041
f 6040 6042 6043
f 6042 6044 6045
f 6044 6046 6047
f 6046 6048 6049
f 6048 6050 6051
f 6050 6052 6053
f 6052 6054 6055
f 6054 6056 6057
f 6056 6058 6059
f 6058 6060 6061
f 6060 6062 6063
f 6062 6064 6065
f 6064 6066 6067
f 6066 6068 6069
f 6068 6070 6071
f 6070 6072 6073
f 6072 6074 6075
f 6074 6076 6077
f 6076 6078 6079
f 6078 6080 6081
f 6080 6082 6083
f 6082 6084 6085
f 6084 6086 6087
f 6086 6088 6089
f 6088 6090 6091
f 6090 6092 6093
f 6092 6094 6095
f 6094 6096 6097
f 6096 6098 6099
f 6098 6100 6101
f 6100 6102 6103
f 6102 6104 6105
f 6104 6106 6107
f 6106 6108 6109
f 6108 6110 6111
f 6110 6112 6113
f 6112 6114 6115
f 6114 6116 6117
f 6116 6118 6119
f 6118 5401 6120

o Shape_57
usemtl material_1
f 3961 3962 3963
f 3962 3964 3965
f 3964 3966 3967
f 3966 3968 3969
f 3968 3970 3971
f 3970 3972 3973
f 3972 3974 3975
f 3974 3976 3977
f 3976 3978 3979
f 3978 3980 3981
f 3980 3982 3983
f 3982 3984 3985
f 3984 3986 3987
f 3986 3988 3989
f 3988 3990 3991
f 3990 3992 3993
f 3992 3994 3995
f 3994 3996 3997
f 3996 3998 3999
f 3998 4000 4001
f 4000 4002 4003
f 4002 4004 4005
f 4004 4006 4007
f 4006 4008 4009
f 4008 4010 4011
f 4010 4012 4013
f 4012 4014 4015
f 4014 4016 4017
f 4016 4018 4019
f 4018 4020 4021
f 4020 4022 4023
f 4022 4024 4025
f 4024 4026 4027
f 4026 4028 4029
f 4028 4030 4031
f 4030 4032 4033
f 4032 4034 4035
f 4034 4036 4037
f 4036 4038 4039
f 4038 4040 4041
f 4040 4042 4043
f 4042 4044 4045
f 4044 4046 4047
f 4046 4048 4049
f 4048 4050 4051
f 4050 4052 4053
f 4052 4054 4055
f 4054 4056 4057
f 4056 4058 4059
f 4058 4060 4061
f 4060 4062 4063
f 4062 4064 4065
f 4064 4066 4067
f 4066 4068 4069
f 4068 4070 4071
f 4070 4072 4073
f 4072 4074 4075
f 4074 4076 4077
f 4076 4078 4079
f 4078 4080 4081
f 4080 4082 4083
f 4082 4084 4085
f 4084 4086 4087
f 4086 4088 4089
f 4088 4090 4091
f 4090 4092 4093
f 4092 4094 4095
f 4094 4096 4097
f 4096 4098 4099
f 4098 4100 4101
f 4100 4102 4103
f 4102 4104 4105
f 4104 4106 4107
f 4106 4108 4109
f 4108 4110 4111
f 4110 4112 4113
f 4112 4114 4115
f 4114 4116 4117
f 4116 4118 4119
f 4118 4120 4121
f 4120 4122 4123
f 4122 4124 4125
f 4124 4126 4127
f 4126 4128 4129
f 4128 4130 4131
f 4130 4132 4133
f 4132 4134 4135
f 4134 4136 4137
f 4136 4138 4139
f 4138 4140 4141
f 4140 4142 4143
f 4142 4144 4145
f 4144 4146 4147
f 4146 4148 4149
f 4148 4150 4151
f 4150 4152 4153
f 4152 4154 4155
f 4154 4156 4157
f 4156 4158 4159
f 4158 4160 4161
f 4160 4162 4163
f 4162 4164 4165
f 4164 4166 4167
f 4166 4168 4169
f 4168 4170 4171
f 4170 4172 4173
f 4172 4174 4175
f 4174 4176 4177
f 4176 4178 4179
f 4178 4180 4181
f 4180 4182 4183
f 4182 4184 4185
f 4184 4186 4187
f 4186 4188 4189
f 4188 4190 4191
f 4190 4192 4193
f 4192 4194 4195
f 4194 4196 4197
f 4196 4198 4199
f 4198 4200 4201
f 4200 4202 4203
f 4202 4204 4205
f 4204 4206 4207
f 4206 4208 4209
f 4208 4210 4211
f 4210 4212 4213
f 4212 4214 4215
f 4214 4216 4217
f 4216 4218 4219
f 4218 4220 4221
f 4220 4222 4223
f 4222 4224 4225
f 4224 4226 4227
f 4226 4228 4229
f 4228 4230 4231
f 4230 4232 4233
f 4232 4234 4235
f 4234 4236 4237
f 4236 4238 4239
f 4238 4240 4241
f 4240 4242 4243
f 4242 4244 4245
f 4244 4246 4247
f 4246 4248 4249
f 4248 4250 4251
f 4250 4252 4253
f 4252 4254 4255
f 4254 4256 4257
f 4256 4258 4259
f 4258 4260 4261
f 4260 4262 4263
f 4262 4264 4265
f 4264 4266 4267
f 4266 4268 4269
f 4268 4270 4271
f 4270 4272 4273
f 4272 4274 4275
f 4274 4276 4277
f 4276 4278 4279
f 4278 4280 4281
f 4280 4282 4283
f 4282 4284 4285
f 4284 4286 4287
f 4286 4288 4289
f 4288 4290 4291
f 4290 4292 4293
f 4292 4294 4295
f 4294 4296 4297
f 4296 4298 4299
f 4298 4300 4301
f 4300 4302 4303
f 4302 4304 4305
f 4304 4306 4307
f 4306 4308 4309
f 4308 4310 4311
f 4310 4312 4313
f 4312 4314 4315
f 4314 4316 4317
f 4316 4318 4319
f 4318 4320 4321
f 4320 4322 4323
f 4322 4324 4325
f 4324 4326 4327
f 4326 4328 4329
f 4328 4330 4331
f 4330 4332 4333
f 4332 4334 4335
f 4334 4336 4337
f 4336 4338 4339
f 4338 4340 4341
f 4340 4342 4343
f 4342 4344 4345
f 4344 4346 4347
f 4346 4348 4349
f 4348 4350 4351
f 4350 4352 4353
f 4352 4354 4355
f 4354 4356 4357
f 4356 4358 4359
f 4358 4360 4361
f 4360 4362 4363
f 4362 4364 4365
f 4364 4366 4367
f 4366 4368 4369
f 4368 4370 4371
f 4370 4372 4373
f 4372 4374 4375
f 4374 4376 4377
f 4376 4378 4379
f 4378 4380 4381
f 4380 4382 4383
f 4382 4384 4385
f 4384 4386 4387
f 4386 4388 4389
f 4388 4390 4391
f 4390 4392 4393
f 4392 4394 4395
f 4394 4396 4397
f 4396 4398 4399
f 4398 4400 4401
f 4400 4402 4403
f 4402 4404 4405
f 4404 4406 4407
f 4406 4408 4409
f 4408 4410 4411
f 4410 4412 4413
f 4412 4414 4415
f 4414 4416 4417
f 4416 4418 4419
f 4418 4420 4421
f 4420 4422 4423
f 4422 4424 4425
f 4424 4426 4427
f 4426 4428 4429
f 4428 4430 4431
f 4430 4432 4433
f 4432 4434 4435
f 4434 4436 4437
f 4436 4438 4439
f 4438 4440 4441
f 4440 4442 4443
f 4442 4444 4445
f 4444 4446 4447
f 4446 4448 4449
f 4448 4450 4451
f 4450 4452 4453
f 4452 4454 4455
f 4454 4456 4457
f 4456 4458 4459
f 4458 4460 4461
f 4460 4462 4463
f 4462 4464 4465
f 4464 4466 4467
f 4466 4468 4469
f 4468 4470 4471
f 4470 4472 4473
f 4472 4474 4475
f 4474 4476 4477
f 4476 4478 4479
f 4478 4480 4481
f 4480 4482 4483
f 4482 4484 4485
f 4484 4486 4487
f 4486 4488 4489
f 4488 4490 4491
f 4490 4492 4493
f 4492 4494 4495
f 4494 4496 4497
f 4496 4498 4499
f 4498 4500 4501
f 4500 4502 4503
f 4502 4504 4505
f 4504 4506 4507
f 4506 4508 4509
f 4508 4510 4511
f 4510 4512 4513
f 4512 4514 4515
f 4514 4516 4517
f 4516 4518 4519
f 4518 4520 4521
f 4520 4522 4523
f 4522 4524 4525
f 4524 4526 4527
f 4526 4528 4529
f 4528 4530 4531
f 4530 4532 4533
f 4532 4534 4535
f 4534 4536 4537
f 4536 4538 4539
f 4538 4540 4541
f 4540 4542 4543
f 4542 4544 4545
f 4544 4546 4547
f 4546 4548 4549
f 4548 4550 4551
f 4550 4552 4553
f 4552 4554 4555
f 4554 4556 4557
f 4556 4558 4559
f 4558 4560 4561
f 4560 4562 4563
f 4562 4564 4565
f 4564 4566 4567
f 4566 4568 4569
f 4568 4570 4571
f 4570 4572 4573
f 4572 4574 4575
f 4574 4576 4577
f 4576 4578 4579
f 4578 4580 4581
f 4580 4582 4583
f 4582 4584 4585
f 4584 4586 4587
f 4586 4588 4589
f 4588 4590 4591
f 4590 4592 4593
f 4592 4594 4595
f 4594 4596 4597
f 4596 4598 4599
f 4598 4600 4601
f 4600 4602 4603
f 4602 4604 4605
f 4604 4606 4607
f 4606 4608 4609
f 4608 4610 4611
f 4610 4612 4613
f 4612 4614 4615
f 4614 4616 4617
f 4616 4618 4619
f 4618 4620 4621
f 4620 4622 4623
f 4622 4624 4625
f 4624 4626 4627
f 4626 4628 4629
f 4628 4630 4631
f 4630 4632 4633
f 4632 4634 4635
f 4634 4636 4637
f 4636 4638 4639
f 4638 4640 4641
f 4640 4642 4643
f 4642 4644 4645
f 4644 4646 4647
f 4646 4648 4649
f 4648 4650 4651
f 4650 4652 4653
f 4652 4654 4655
f 4654 4656 4657
f 4656 4658 4659
f 4658 4660 4661
f 4660 4662 4663
f 4662 4664 4665
f 4664 4666 4667
f 4666 4668 4669
f 4668 4670 4671
f 4670 4672 4673
f 4672 4674 4675
f 4674 4676 4677
f 4676 4678 4679
f 4678 3961 4680

o Shape_58
usemtl material_1
f 3241 3242 3243
f 3242 3244 3245
f 3244 3246 3247
f 3246 3248 3249
f 3248 3250 3251
f 3250 3252 3253
f 3252 3254 3255
f 3254 3256 3257
f 3256 3258 3259
f 3258 3260 3261
f 3260 3262 3263
f 3262 3264 3265
f 3264 3266 3267
f 3266 3268 3269
f 3268 3270 3271
f 3270 3272 3273
f 3272 3274 3275
f 3274 3276 3277
f 3276 3278 3279
f 3278 3280 3281
f 3280 3282 3283
f 3282 3284 3285
f 3284 3286 3287
f 3286 3288 3289
f 3288 3290 3291
f 3290 3292 3293
f 3292 3294 3295
f 3294 3296 3297
f 3296 3298 3299
f 3298 3300 3301
f 3300 3302 3303
f 3302 3304 3305
f 3304 3306 3307
f 3306 3308 3309
f 3308 3310 3311
f 3310 3312 3313
f 3312 3314 3315
f 3314 3316 3317
f 3316 3318 3319
f 3318 3320 3321
f 3320 3322 3323
f 3322 3324 3325
f 3324 3326 3327
f 3326 3328 3329
f 3328 3330 3331
f 3330 3332 3333
f 3332 3334 3335
f 3334 3336 3337
f 3336 3338 3339
f 3338 3340 3341
f 3340 3342 3343
f 3342 3344 3345
f 3344 3346 3347
f 3346 3348 3349
f 3348 3350 3351
f 3350 3352 3353
f 3352 3354 3355
f 3354 3356 3357
f 3356 3358 3359
f 3358 3360 3361
f 3360 3362 3363
f 3362 3364 3365
f 3364 3366 3367
f 3366 3368 3369
f 3368 3370 3371
f 3370 3372 3373
f 3372 3374 3375
f 3374 3376 3377
f 3376 3378 3379
f 3378 3380 3381
f 3380 3382 3383
f 3382 3384 3385
f 3384 3386 3387
f 3386 3388 3389
f 3388 3390 3391
f 3390 3392 3393
f 3392 3394 3395
f 3394 3396 3397
f 3396 3398 3399
f 3398 3400 3401
f 3400 3402 3403
f 3402 3404 3405
f 3404 3406 3407
f 3406 3408 3409
f 3408 3410 3411
f 3410 3412 3413
f 3412 3414 3415
f 3414 3416 3417
f 3416 3418 3419
f 3418 3420 3421
f 3420 3422 3423
f 3422 3424 3425
f 3424 3426 3427
f 3426 3428 3429
f 3428 3430 3431
f 3430 3432 3433
f 3432 3434 3435
f 3434 3436 3437
f 3436 3438 3439
f 3438 3440 3441
f 3440 3442 3443
f 3442 3444 3445
f 3444 3446 3447
f 3446 3448 3449
f 3448 3450 3451
f 3450 3452 3453
f 3452 3454 3455
f 3454 3456 3457
f 3456 3458 3459
f 3458 3460 3461
f 3460 3462 3463
f 3462 3464 3465
f 3464 3466 3467
f 3466 3468 3469
f 3468 3470 3471
f 3470 3472 3473
f 3472 3474 3475
f 3474 3476 3477
f 3476 3478 3479
f 3478 3480 3481
f 3480 3482 3483
f 3482 3484 3485
f 3484 3486 3487
f 3486 3488 3489
f 3488 3490 3491
f 3490 3492 3493
f 3492 3494 3495
f 3494 3496 3497
f 3496 3498 3499
f 3498 3500 3501
f 3500 3502 3503
f 3502 3504 3505
f 3504 3506 3507
f 3506 3508 3509
f 3508 3510 3511
f 3510 3512 3513
f 3512 3514 3515
f 3514 3516 3517
f 3516 3518 3519
f 3518 3520 3521
f 3520 3522 3523
f 3522 3524 3525
f 3524 3526 3527
f 3526 3528 3529
f 3528 3530 3531
f 3530 3532 3533
f 3532 3534 3535
f 3534 3536 3537
f 3536 3538 3539
f 3538 3540 3541
f 3540 3542 3543
f 3542 3544 3545
f 3544 3546 3547
f 3546 3548 3549
f 3548 3550 3551
f 3550 3552 3553
f 3552 3554 3555
f 3554 3556 3557
f 3556 3558 3559
f 3558 3560 3561
f 3560 3562 3563
f 3562 3564 3565
f 3564 3566 3567
f 3566 3568 3569
f 3568 3570 3571
f 3570 3572 3573
f 3572 3574 3575
f 3574 3576 3577
f 3576 3578 3579
f 3578 3580 3581
f 3580 3582 3583
f 3582 3584 3585
f 3584 3586 3587
f 3586 3588 3589
f 3588 3590 3591
f 3590 3592 3593
f 3592 3594 3595
f 3594 3596 3597
f 3596 3598 3599
f 3598 3600 3601
f 3600 3602 3603
f 3602 3604 3605
f 3604 3606 3607
f 3606 3608 3609
f 3608 3610 3611
f 3610 3612 3613
f 3612 3614 3615
f 3614 3616 3617
f 3616 3618 3619
f 3618 3620 3621
f 3620 3622 3623
f 3622 3624 3625
f 3624 3626 3627
f 3626 3628 3629
f 3628 3630 3631
f 3630 3632 3633
f 3632 3634 3635
f 3634 3636 3637
f 3636 3638 3639
f 3638 3640 3641
f 3640 3642 3643
f 3642 3644 3645
f 3644 3646 3647
f 3646 3648 3649
f 3648 3650 3651
f 3650 3652 3653
f 3652 3654 3655
f 3654 3656 3657
f 3656 3658 3659
f 3658 3660 3661
f 3660 3662 3663
f 3662 3664 3665
f 3664 3666 3667
f 3666 3668 3669
f 3668 3670 3671
f 3670 3672 3673
f 3672 3674 3675
f 3674 3676 3677
f 3676 3678 3679
f 3678 3680 3681
f 3680 3682 3683
f 3682 3684 3685
f 3684 3686 3687
f 3686 3688 3689
f 3688 3690 3691
f 3690 3692 3693
f 3692 3694 3695
f 3694 3696 3697
f 3696 3698 3699
f 3698 3700 3701
f 3700 3702 3703
f 3702 3704 3705
f 3704 3706 3707
f 3706 3708 3709
f 3708 3710 3711
f 3710 3712 3713
f 3712 3714 3715
f 3714 3716 3717
f 3716 3718 3719
f 3718 3720 3721
f 3720 3722 3723
f 3722 3724 3725
f 3724 3726 3727
f 3726 3728 3729
f 3728 3730 3731
f 3730 3732 3733
f 3732 3734 3735
f 3734 3736 3737
f 3736 3738 3739
f 3738 3740 3741
f 3740 3742 3743
f 3742 3744 3745
f 3744 3746 3747
f 3746 3748 3749
f 3748 3750 3751
f 3750 3752 3753
f 3752 3754 3755
f 3754 3756 3757
f 3756 3758 3759
f 3758 3760 3761
f 3760 3762 3763
f 3762 3764 3765
f 3764 3766 3767
f 3766 3768 3769
f 3768 3770 3771
f 3770 3772 3773
f 3772 3774 3775
f 3774 3776 3777
f 3776 3778 3779
f 3778 3780 3781
f 3780 3782 3783
f 3782 3784 3785
f 3784 3786 3787
f 3786 3788 3789
f 3788 3790 3791
f 3790 3792 3793
f 3792 3794 3795
f 3794 3796 3797
f 3796 3798 3799
f 3798 3800 3801
f 3800 3802 3803
f 3802 3804 3805
f 3804 3806 3807
f 3806 3808 3809
f 3808 3810 3811
f 3810 3812 3813
f 3812 3814 3815
f 3814 3816 3817
f 3816 3818 3819
f 3818 3820 3821
f 3820 3822 3823
f 3822 3824 3825
f 3824 3826 3827
f 3826 3828 3829
f 3828 3830 3831
f 3830 3832 3833
f 3832 3834 3835
f 3834 3836 3837
f 3836 3838 3839
f 3838 3840 3841
f 3840 3842 3843
f 3842 3844 3845
f 3844 3846 3847
f 3846 3848 3849
f 3848 3850 3851
f 3850 3852 3853
f 3852 3854 3855
f 3854 3856 3857
f 3856 3858 3859
f 3858 3860 3861
f 3860 3862 3863
f 3862 3864 3865
f 3864 3866 3867
f 3866 3868 3869
f 3868 3870 3871
f 3870 3872 3873
f 3872 3874 3875
f 3874 3876 3877
f 3876 3878 3879
f 3878 3880 3881
f 3880 3882 3883
f 3882 3884 3885
f 3884 3886 3887
f 3886 3888 3889
f 3888 3890 3891
f 3890 3892 3893
f 3892 3894 3895
f 3894 3896 3897
f 3896 3898 3899
f 3898 3900 3901
f 3900 3902 3903
f 3902 3904 3905
f 3904 3906 3907
f 3906 3908 3909
f 3908 3910 3911
f 3910 3912 3913
f 3912 3914 3915
f 3914 3916 3917
f 3916 3918 3919
f 3918 3920 3921
f 3920 3922 3923
f 3922 3924 3925
f 3924 3926 3927
f 3926 3928 3929
f 3928 3930 3931
f 3930 3932 3933
f 3932 3934 3935
f 3934 3936 3937
f 3936 3938 3939
f 3938 3940 3941
f 3940 3942 3943
f 3942 3944 3945
f 3944 3946 3947
f 3946 3948 3949
f 3948 3950 3951
f 3950 3952 3953
f 3952 3954 3955
f 3954 3956 3957
f 3956 3958 3959
f 3958 3241 3960

o Shape_59
usemtl material_1
f 4681 4682 4683
f 4682 4684 4685
f 4684 4686 4687
f 4686 4688 4689
f 4688 4690 4691
f 4690 4692 4693
f 4692 4694 4695
f 4694 4696 4697
f 4696 4698 4699
f 4698 4700 4701
f 4700 4702 4703
f 4702 4704 4705
f 4704 4706 4707
f 4706 4708 4709
f 4708 4710 4711
f 4710 4712 4713
f 4712 4714 4715
f 4714 4716 4717
f 4716 4718 4719
f 4718 4720 4721
f 4720 4722 4723
f 4722 4724 4725
f 4724 4726 4727
f 4726 4728 4729
f 4728 4730 4731
f 4730 4732 4733
f 4732 4734 4735
f 4734 4736 4737
f 4736 4738 4739
f 4738 4740 4741
f 4740 4742 4743
f 4742 4744 4745
f 4744 4746 4747
f 4746 4748 4749
f 4748 4750 4751
f 4750 4752 4753
f 4752 4754 4755
f 4754 4756 4757
f 4756 4758 4759
f 4758 4760 4761
f 4760 4762 4763
f 4762 4764 4765
f 4764 4766 4767
f 4766 4768 4769
f 4768 4770 4771
f 4770 4772 4773
f 4772 4774 4775
f 4774 4776 4777
f 4776 4778 4779
f 4778 4780 4781
f 4780 4782 4783
f 4782 4784 4785
f 4784 4786 4787
f 4786 4788 4789
f 4788 4790 4791
f 4790 4792 4793
f 4792 4794 4795
f 4794 4796 4797
f 4796 4798 4799
f 4798 4800 4801
f 4800 4802 4803
f 4802 4804 4805
f 4804 4806 4807
f 4806 4808 4809
f 4808 4810 4811
f 4810 4812 4813
f 4812 4814 4815
f 4814 4816 4817
f 4816 4818 4819
f 4818 4820 4821
f 4820 4822 4823
f 4822 4824 4825
f 4824 4826 4827
f 4826 4828 4829
f 4828 4830 4831
f 4830 4832 4833
f 4832 4834 4835
f 4834 4836 4837
f 4836 4838 4839
f 4838 4840 4841
f 4840 4842 4843
f 4842 4844 4845
f 4844 4846 4847
f 4846 4848 4849
f 4848 4850 4851
f 4850 4852 4853
f 4852 4854 4855
f 4854 4856 4857
f 4856 4858 4859
f 4858 4860 4861
f 4860 4862 4863
f 4862 4864 4865
f 4864 4866 4867
f 4866 4868 4869
f 4868 4870 4871
f 4870 4872 4873
f 4872 4874 4875
f 4874 4876 4877
f 4876 4878 4879
f 4878 4880 4881
f 4880 4882 4883
f 4882 4884 4885
f 4884 4886 4887
f 4886 4888 4889
f 4888 4890 4891
f 4890 4892 4893
f 4892 4894 4895
f 4894 4896 4897
f 4896 4898 4899
f 4898 4900 4901
f 4900 4902 4903
f 4902 4904 4905
f 4904 4906 4907
f 4906 4908 4909
f 4908 4910 4911
f 4910 4912 4913
f 4912 4914 4915
f 4914 4916 4917
f 4916 4918 4919
f 4918 4920 4921
f 4920 4922 4923
f 4922 4924 4925
f 4924 4926 4927
f 4926 4928 4929
f 4928 4930 4931
f 4930 4932 4933
f 4932 4934 4935
f 4934 4936 4937
f 4936 4938 4939
f 4938 4940 4941
f 4940 4942 4943
f 4942 4944 4945
f 4944 4946 4947
f 4946 4948 4949
f 4948 4950 4951
f 4950 4952 4953
f 4952 4954 4955
f 4954 4956 4957
f 4956 4958 4959
f 4958 4960 4961
f 4960 4962 4963
f 4962 4964 4965
f 4964 4966 4967
f 4966 4968 4969
f 4968 4970 4971
f 4970 4972 4973
f 4972 4974 4975
f 4974 4976 4977
f 4976 4978 4979
f 4978 4980 4981
f 4980 4982 4983
f 4982 4984 4985
f 4984 4986 4987
f 4986 4988 4989
f 4988 4990 4991
f 4990 4992 4993
f 4992 4994 4995
f 4994 4996 4997
f 4996 4998 4999
f 4998 5000 5001
f 5000 5002 5003
f 5002 5004 5005
f 5004 5006 5007
f 5006 5008 5009
f 5008 5010 5011
f 5010 5012 5013
f 5012 5014 5015
f 5014 5016 5017
f 5016 5018 5019
f 5018 5020 5021
f 5020 5022 5023
f 5022 5024 5025
f 5024 5026 5027
f 5026 5028 5029
f 5028 5030 5031
f 5030 5032 5033
f 5032 5034 5035
f 5034 5036 5037
f 5036 5038 5039
f 5038 5040 5041
f 5040 5042 5043
f 5042 5044 5045
f 5044 5046 5047
f 5046 5048 5049
f 5048 5050 5051
f 5050 5052 5053
f 5052 5054 5055
f 5054 5056 5057
f 5056 5058 5059
f 5058 5060 5061
f 5060 5062 5063
f 5062 5064 5065
f 5064 5066 5067
f 5066 5068 5069
f 5068 5070 5071
f 5070 5072 5073
f 5072 5074 5075
f 5074 5076 5077
f 5076 5078 5079
f 5078 5080 5081
f 5080 5082 5083
f 5082 5084 5085
f 5084 5086 5087
f 5086 5088 5089
f 5088 5090 5091
f 5090 5092 5093
f 5092 5094 5095
f 5094 5096 5097
f 5096 5098 5099
f 5098 5100 5101
f 5100 5102 5103
f 5102 5104 5105
f 5104 5106 5107
f 5106 5108 5109
f 5108 5110 5111
f 5110 5112 5113
f 5112 5114 5115
f 5114 5116 5117
f 5116 5118 5119
f 5118 5120 5121
f 5120 5122 5123
f 5122 5124 5125
f 5124 5126 5127
f 5126 5128 5129
f 5128 5130 5131
f 5130 5132 5133
f 5132 5134 5135
f 5134 5136 5137
f 5136 5138 5139
f 5138 5140 5141
f 5140 5142 5143
f 5142 5144 5145
f 5144 5146 5147
f 5146 5148 5149
f 5148 5150 5151
f 5150 5152 5153
f 5152 5154 5155
f 5154 5156 5157
f 5156 5158 5159
f 5158 5160 5161
f 5160 5162 5163
f 5162 5164 5165
f 5164 5166 5167
f 5166 5168 5169
f 5168 5170 5171
f 5170 5172 5173
f 5172 5174 5175
f 5174 5176 5177
f 5176 5178 5179
f 5178 5180 5181
f 5180 5182 5183
f 5182 5184 5185
f 5184 5186 5187
f 5186 5188 5189
f 5188 5190 5191
f 5190 5192 5193
f 5192 5194 5195
f 5194 5196 5197
f 5196 5198 5199
f 5198 5200 5201
f 5200 5202 5203
f 5202 5204 5205
f 5204 5206 5207
f 5206 5208 5209
f 5208 5210 5211
f 5210 5212 5213
f 5212 5214 5215
f 5214 5216 5217
f 5216 5218 5219
f 5218 5220 5221
f 5220 5222 5223
f 5222 5224 5225
f 5224 5226 5227
f 5226 5228 5229
f 5228 5230 5231
f 5230 5232 5233
f 5232 5234 5235
f 5234 5236 5237
f 5236 5238 5239
f 5238 5240 5241
f 5240 5242 5243
f 5242 5244 5245
f 5244 5246 5247
f 5246 5248 5249
f 5248 5250 5251
f 5250 5252 5253
f 5252 5254 5255
f 5254 5256 5257
f 5256 5258 5259
f 5258 5260 5261
f 5260 5262 5263
f 5262 5264 5265
f 5264 5266 5267
f 5266 5268 5269
f 5268 5270 5271
f 5270 5272 5273
f 5272 5274 5275
f 5274 5276 5277
f 5276 5278 5279
f 5278 5280 5281
f 5280 5282 5283
f 5282 5284 5285
f 5284 5286 5287
f 5286 5288 5289
f 5288 5290 5291
f 5290 5292 5293
f 5292 5294 5295
f 5294 5296 5297
f 5296 5298 5299
f 5298 5300 5301
f 5300 5302 5303
f 5302 5304 5305
f 5304 5306 5307
f 5306 5308 5309
f 5308 5310 5311
f 5310 5312 5313
f 5312 5314 5315
f 5314 5316 5317
f 5316 5318 5319
f 5318 5320 5321
f 5320 5322 5323
f 5322 5324 5325
f 5324 5326 5327
f 5326 5328 5329
f 5328 5330 5331
f 5330 5332 5333
f 5332 5334 5335
f 5334 5336 5337
f 5336 5338 5339
f 5338 5340 5341
f 5340 5342 5343
f 5342 5344 5345
f 5344 5346 5347
f 5346 5348 5349
f 5348 5350 5351
f 5350 5352 5353
f 5352 5354 5355
f 5354 5356 5357
f 5356 5358 5359
f 5358 5360 5361
f 5360 5362 5363
f 5362 5364 5365
f 5364 5366 5367
f 5366 5368 5369
f 5368 5370 5371
f 5370 5372 5373
f 5372 5374 5375
f 5374 5376 5377
f 5376 5378 5379
f 5378 5380 5381
f 5380 5382 5383
f 5382 5384 5385
f 5384 5386 5387
f 5386 5388 5389
f 5388 5390 5391
f 5390 5392 5393
f 5392 5394 5395
f 5394 5396 5397
f 5396 5398 5399
f 5398 4681 5400

o Shape_60
usemtl material_1
f 5401 5402 5403
f 5402 5404 5405
f 5404 5406 5407
f 5406 5408 5409
f 5408 5410 5411
f 5410 5412 5413
f 5412 5414 5415
f 5414 5416 5417
f 5416 5418 5419
f 5418 5420 5421
f 5420 5422 5423
f 5422 5424 5425
f 5424 5426 5427
f 5426 5428 5429
f 5428 5430 5431
f 5430 5432 5433
f 5432 5434 5435
f 5434 5436 5437
f 5436 5438 5439
f 5438 5440 5441
f 5440 5442 5443
f 5442 5444 5445
f 5444 5446 5447
f 5446 5448 5449
f 5448 5450 5451
f 5450 5452 5453
f 5452 5454 5455
f 5454 5456 5457
f 5456 5458 5459
f 5458 5460 5461
f 5460 5462 5463
f 5462 5464 5465
f 5464 5466 5467
f 5466 5468 5469
f 5468 5470 5471
f 5470 5472 5473
f 5472 5474 5475
f 5474 5476 5477
f 5476 5478 5479
f 5478 5480 5481
f 5480 5482 5483
f 5482 5484 5485
f 5484 5486 5487
f 5486 5488 5489
f 5488 5490 5491
f 5490 5492 5493
f 5492 5494 5495
f 5494 5496 5497
f 5496 5498 5499
f 5498 5500 5501
f 5500 5502 5503
f 5502 5504 5505
f 5504 5506 5507
f 5506 5508 5509
f 5508 5510 5511
f 5510 5512 5513
f 5512 5514 5515
f 5514 5516 5517
f 5516 5518 5519
f 5518 5520 5521
f 5520 5522 5523
f 5522 5524 5525
f 5524 5526 5527
f 5526 5528 5529
f 5528 5530 5531
f 5530 5532 5533
f 5532 5534 5535
f 5534 5536 5537
f 5536 5538 5539
f 5538 5540 5541
f 5540 5542 5543
f 5542 5544 5545
f 5544 5546 5547
f 5546 5548 5549
f 5548 5550 5551
f 5550 5552 5553
f 5552 5554 5555
f 5554 5556 5557
f 5556 5558 5559
f 5558 5560 5561
f 5560 5562 5563
f 5562 5564 5565
f 5564 5566 5567
f 5566 5568 5569
f 5568 5570 5571
f 5570 5572 5573
f 5572 5574 5575
f 5574 5576 5577
f 5576 5578 5579
f 5578 5580 5581
f 5580 5582 5583
f 5582 5584 5585
f 5584 5586 5587
f 5586 5588 5589
f 5588 5590 5591
f 5590 5592 5593
f 5592 5594 5595
f 5594 5596 5597
f 5596 5598 5599
f 5598 5600 5601
f 5600 5602 5603
f 5602 5604 5605
f 5604 5606 5607
f 5606 5608 5609
f 5608 5610 5611
f 5610 5612 5613
f 5612 5614 5615
f 5614 5616 5617
f 5616 5618 5619
f 5618 5620 5621
f 5620 5622 5623
f 5622 5624 5625
f 5624 5626 5627
f 5626 5628 5629
f 5628 5630 5631
f 5630 5632 5633
f 5632 5634 5635
f 5634 5636 5637
f 5636 5638 5639
f 5638 5640 5641
f 5640 5642 5643
f 5642 5644 5645
f 5644 5646 5647
f 5646 5648 5649
f 5648 5650 5651
f 5650 5652 5653
f 5652 5654 5655
f 5654 5656 5657
f 5656 5658 5659
f 5658 5660 5661
f 5660 5662 5663
f 5662 5664 5665
f 5664 5666 5667
f 5666 5668 5669
f 5668 5670 5671
f 5670 5672 5673
f 5672 5674 5675
f 5674 5676 5677
f 5676 5678 5679
f 5678 5680 5681
f 5680 5682 5683
f 5682 5684 5685
f 5684 5686 5687
f 5686 5688 5689
f 5688 5690 5691
f 5690 5692 5693
f 5692 5694 5695
f 5694 5696 5697
f 5696 5698 5699
f 5698 5700 5701
f 5700 5702 5703
f 5702 5704 5705
f 5704 5706 5707
f 5706 5708 5709
f 5708 5710 5711
f 5710 5712 5713
f 5712 5714 5715
f 5714 5716 5717
f 5716 5718 5719
f 5718 5720 5721
f 5720 5722 5723
f 5722 5724 5725
f 5724 5726 5727
f 5726 5728 5729
f 5728 5730 5731
f 5730 5732 5733
f 5732 5734 5735
f 5734 5736 5737
f 5736 5738 5739
f 5738 5740 5741
f 5740 5742 5743
f 5742 5744 5745
f 5744 5746 5747
f 5746 5748 5749
f 5748 5750 5751
f 5750 5752 5753
f 5752 5754 5755
f 5754 5756 5757
f 5756 5758 5759
f 5758 5760 5761
f 5760 5762 5763
f 5762 5764 5765
f 5764 5766 5767
f 5766 5768 5769
f 5768 5770 5771
f 5770 5772 5773
f 5772 5774 5775
f 5774 5776 5777
f 5776 5778 5779
f 5778 5780 5781
f 5780 5782 5783
f 5782 5784 5785
f 5784 5786 5787
f 5786 5788 5789
f 5788 5790 5791
f 5790 5792 5793
f 5792 5794 5795
f 5794 5796 5797
f 5796 5798 5799
f 5798 5800 5801
f 5800 5802 5803
f 5802 5804 5805
f 5804 5806 5807
f 5806 5808 5809
f 5808 5810 5811
f 5810 5812 5813
f 5812 5814 5815
f 5814 5816 5817
f 5816 5818 5819
f 5818 5820 5821
f 5820 5822 5823
f 5822 5824 5825
f 5824 5826 5827
f 5826 5828 5829
f 5828 5830 5831
f 5830 5832 5833
f 5832 5834 5835
f 5834 5836 5837
f 5836 5838 5839
f 5838 5840 5841
f 5840 5842 5843
f 5842 5844 5845
f 5844 5846 5847
f 5846 5848 5849
f 5848 5850 5851
f 5850 5852 5853
f 5852 5854 5855
f 5854 5856 5857
f 5856 5858 5859
f 5858 5860 5861
f 5860 5862 5863
f 5862 5864 5865
f 5864 5866 5867
f 5866 5868 5869
f 5868 5870 5871
f 5870 5872 5873
f 5872 5874 5875
f 5874 5876 5877
f 5876 5878 5879
f 5878 5880 5881
f 5880 5882 5883
f 5882 5884 5885
f 5884 5886 5887
f 5886 5888 5889
f 5888 5890 5891
f 5890 5892 5893
f 5892 5894 5895
f 5894 5896 5897
f 5896 5898 5899
f 5898 5900 5901
f 5900 5902 5903
f 5902 5904 5905
f 5904 5906 5907
f 5906 5908 5909
f 5908 5910 5911
f 5910 5912 5913
f 5912 5914 5915
f 5914 5916 5917
f 5916 5918 5919
f 5918 5920 5921
f 5920 5922 5923
f 5922 5924 5925
f 5924 5926 5927
f 5926 5928 5929
f 5928 5930 5931
f 5930 5932 5933
f 5932 5934 5935
f 5934 5936 5937
f 5936 5938 5939
f 5938 5940 5941
f 5940 5942 5943
f 5942 5944 5945
f 5944 5946 5947
f 5946 5948 5949
f 5948 5950 5951
f 5950 5952 5953
f 5952 5954 5955
f 5954 5956 5957
f 5956 5958 5959
f 5958 5960 5961
f 5960 5962 5963
f 5962 5964 5965
f 5964 5966 5967
f 5966 5968 5969
f 5968 5970 5971
f 5970 5972 5973
f 5972 5974 5975
f 5974 5976 5977
f 5976 5978 5979
f 5978 5980 5981
f 5980 5982 5983
f 5982 5984 5985
f 5984 5986 5987
f 5986 5988 5989
f 5988 5990 5991
f 5990 5992 5993
f 5992 5994 5995
f 5994 5996 5997
f 5996 5998 5999
f 5998 6000 6001
f 6000 6002 6003
f 6002 6004 6005
f 6004 6006 6007
f 6006 6008 6009
f 6008 6010 6011
f 6010 6012 6013
f 6012 6014 6015
f 6014 6016 6017
f 6016 6018 6019
f 6018 6020 6021
f 6020 6022 6023
f 6022 6024 6025
f 6024 6026 6027
f 6026 6028 6029
f 6028 6030 6031
f 6030 6032 6033
f 6032 6034 6035
f 6034 6036 6037
f 6036 6038 6039
f 6038 6040 6041
f 6040 6042 6043
f 6042 6044 6045
f 6044 6046 6047
f 6046 6048 6049
f 6048 6050 6051
f 6050 6052 6053
f 6052 6054 6055
f 6054 6056 6057
f 6056 6058 6059
f 6058 6060 6061
f 6060 6062 6063
f 6062 6064 6065
f 6064 6066 6067
f 6066 6068 6069
f 6068 6070 6071
f 6070 6072 6073
f 6072 6074 6075
f 6074 6076 6077
f 6076 6078 6079
f 6078 6080 6081
f 6080 6082 6083
f 6082 6084 6085
f 6084 6086 6087
f 6086 6088 6089
f 6088 6090 6091
f 6090 6092 6093
f 6092 6094 6095
f 6094 6096 6097
f 6096 6098 6099
f 6098 6100 6101
f 6100 6102 6103
f 6102 6104 6105
f 6104 6106 6107
f 6106 6108 6109
f 6108 6110 6111
f 6110 6112 6113
f 6112 6114 6115
f 6114 6116 6117
f 6116 6118 6119
f 6118 5401 6120

o Shape_61
usemtl material_1
f 3961 3962 3963
f 3962 3964 3965
f 3964 3966 3967
f 3966 3968 3969
f 3968 3970 3971
f 3970 3972 3973
f 3972 3974 3975
f 3974 3976 3977
f 3976 3978 3979
f 3978 3980 3981
f 3980 3982 3983
f 3982 3984 3985
f 3984 3986 3987
f 3986 3988 3989
f 3988 3990 3991
f 3990 3992 3993
f 3992 3994 3995
f 3994 3996 3997
f 3996 3998 3999
f 3998 4000 4001
f 4000 4002 4003
f 4002 4004 4005
f 4004 4006 4007
f 4006 4008 4009
f 4008 4010 4011
f 4010 4012 4013
f 4012 4014 4015
f 4014 4016 4017
f 4016 4018 4019
f 4018 4020 4021
f 4020 4022 4023
f 4022 4024 4025
f 4024 4026 4027
f 4026 4028 4029
f 4028 4030 4031
f 4030 4032 4033
f 4032 4034 4035
f 4034 4036 4037
f 4036 4038 4039
f 4038 4040 4041
f 4040 4042 4043
f 4042 4044 4045
f 4044 4046 4047
f 4046 4048 4049
f 4048 4050 4051
f 4050 4052 4053
f 4052 4054 4055
f 4054 4056 4057
f 4056 4058 4059
f 4058 4060 4061
f 4060 4062 4063
f 4062 4064 4065
f 4064 4066 4067
f 4066 4068 4069
f 4068 4070 4071
f 4070 4072 4073
f 4072 4074 4075
f 4074 4076 4077
f 4076 4078 4079
f 4078 4080 4081
f 4080 4082 4083
f 4082 4084 4085
f 4084 4086 4087
f 4086 4088 4089
f 4088 4090 4091
f 4090 4092 4093
f 4092 4094 4095
f 4094 4096 4097
f 4096 4098 4099
f 4098 4100 4101
f 4100 4102 4103
f 4102 4104 4105
f 4104 4106 4107
f 4106 4108 4109
f 4108 4110 4111
f 4110 4112 4113
f 4112 4114 4115
f 4114 4116 4117
f 4116 4118 4119
f 4118 4120 4121
f 4120 4122 4123
f 4122 4124 4125
f 4124 4126 4127
f 4126 4128 4129
f 4128 4130 4131
f 4130 4132 4133
f 4132 4134 4135
f 4134 4136 4137
f 4136 4138 4139
f 4138 4140 4141
f 4140 4142 4143
f 4142 4144 4145
f 4144 4146 4147
f 4146 4148 4149
f 4148 4150 4151
f 4150 4152 4153
f 4152 4154 4155
f 4154 4156 4157
f 4156 4158 4159
f 4158 4160 4161
f 4160 4162 4163
f 4162 4164 4165
f 4164 4166 4167
f 4166 4168 4169
f 4168 4170 4171
f 4170 4172 4173
f 4172 4174 4175
f 4174 4176 4177
f 4176 4178 4179
f 4178 4180 4181
f 4180 4182 4183
f 4182 4184 4185
f 4184 4186 4187
f 4186 4188 4189
f 4188 4190 4191
f 4190 4192 4193
f 4192 4194 4195
f 4194 4196 4197
f 4196 4198 4199
f 4198 4200 4201
f 4200 4202 4203
f 4202 4204 4205
f 4204 4206 4207
f 4206 4208 4209
f 4208 4210 4211
f 4210 4212 4213
f 4212 4214 4215
f 4214 4216 4217
f 4216 4218 4219
f 4218 4220 4221
f 4220 4222 4223
f 4222 4224 4225
f 4224 4226 4227
f 4226 4228 4229
f 4228 4230 4231
f 4230 4232 4233
f 4232 4234 4235
f 4234 4236 4237
f 4236 4238 4239
f 4238 4240 4241
f 4240 4242 4243
f 4242 4244 4245
f 4244 4246 4247
f 4246 4248 4249
f 4248 4250 4251
f 4250 4252 4253
f 4252 4254 4255
f 4254 4256 4257
f 4256 4258 4259
f 4258 4260 4261
f 4260 4262 4263
f 4262 4264 4265
f 4264 4266 4267
f 4266 4268 4269
f 4268 4270 4271
f 4270 4272 4273
f 4272 4274 4275
f 4274 4276 4277
f 4276 4278 4279
f 4278 4280 4281
f 4280 4282 4283
f 4282 4284 4285
f 4284 4286 4287
f 4286 4288 4289
f 4288 4290 4291
f 4290 4292 4293
f 4292 4294 4295
f 4294 4296 4297
f 4296 4298 4299
f 4298 4300 4301
f 4300 4302 4303
f 4302 4304 4305
f 4304 4306 4307
f 4306 4308 4309
f 4308 4310 4311
f 4310 4312 4313
f 4312 4314 4315
f 4314 4316 4317
f 4316 4318 4319
f 4318 4320 4321
f 4320 4322 4323
f 4322 4324 4325
f 4324 4326 4327
f 4326 4328 4329
f 4328 4330 4331
f 4330 4332 4333
f 4332 4334 4335
f 4334 4336 4337
f 4336 4338 4339
f 4338 4340 4341
f 4340 4342 4343
f 4342 4344 4345
f 4344 4346 4347
f 4346 4348 4349
f 4348 4350 4351
f 4350 4352 4353
f 4352 4354 4355
f 4354 4356 4357
f 4356 4358 4359
f 4358 4360 4361
f 4360 4362 4363
f 4362 4364 4365
f 4364 4366 4367
f 4366 4368 4369
f 4368 4370 4371
f 4370 4372 4373
f 4372 4374 4375
f 4374 4376 4377
f 4376 4378 4379
f 4378 4380 4381
f 4380 4382 4383
f 4382 4384 4385
f 4384 4386 4387
f 4386 4388 4389
f 4388 4390 4391
f 4390 4392 4393
f 4392 4394 4395
f 4394 4396 4397
f 4396 4398 4399
f 4398 4400 4401
f 4400 4402 4403
f 4402 4404 4405
f 4404 4406 4407
f 4406 4408 4409
f 4408 4410 4411
f 4410 4412 4413
f 4412 4414 4415
f 4414 4416 4417
f 4416 4418 4419
f 4418 4420 4421
f 4420 4422 4423
f 4422 4424 4425
f 4424 4426 4427
f 4426 4428 4429
f 4428 4430 4431
f 4430 4432 4433
f 4432 4434 4435
f 4434 4436 4437
f 4436 4438 4439
f 4438 4440 4441
f 4440 4442 4443
f 4442 4444 4445
f 4444 4446 4447
f 4446 4448 4449
f 4448 4450 4451
f 4450 4452 4453
f 4452 4454 4455
f 4454 4456 4457
f 4456 4458 4459
f 4458 4460 4461
f 4460 4462 4463
f 4462 4464 4465
f 4464 4466 4467
f 4466 4468 4469
f 4468 4470 4471
f 4470 4472 4473
f 4472 4474 4475
f 4474 4476 4477
f 4476 4478 4479
f 4478 4480 4481
f 4480 4482 4483
f 4482 4484 4485
f 4484 4486 4487
f 4486 4488 4489
f 4488 4490 4491
f 4490 4492 4493
f 4492 4494 4495
f 4494 4496 4497
f 4496 4498 4499
f 4498 4500 4501
f 4500 4502 4503
f 4502 4504 4505
f 4504 4506 4507
f 4506 4508 4509
f 4508 4510 4511
f 4510 4512 4513
f 4512 4514 4515
f 4514 4516 4517
f 4516 4518 4519
f 4518 4520 4521
f 4520 4522 4523
f 4522 4524 4525
f 4524 4526 4527
f 4526 4528 4529
f 4528 4530 4531
f 4530 4532 4533
f 4532 4534 4535
f 4534 4536 4537
f 4536 4538 4539
f 4538 4540 4541
f 4540 4542 4543
f 4542 4544 4545
f 4544 4546 4547
f 4546 4548 4549
f 4548 4550 4551
f 4550 4552 4553
f 4552 4554 4555
f 4554 4556 4557
f 4556 4558 4559
f 4558 4560 4561
f 4560 4562 4563
f 4562 4564 4565
f 4564 4566 4567
f 4566 4568 4569
f 4568 4570 4571
f 4570 4572 4573
f 4572 4574 4575
f 4574 4576 4577
f 4576 4578 4579
f 4578 4580 4581
f 4580 4582 4583
f 4582 4584 4585
f 4584 4586 4587
f 4586 4588 4589
f 4588 4590 4591
f 4590 4592 4593
f 4592 4594 4595
f 4594 4596 4597
f 4596 4598 4599
f 4598 4600 4601
f 4600 4602 4603
f 4602 4604 4605
f 4604 4606 4607
f 4606 4608 4609
f 4608 4610 4611
f 4610 4612 4613
f 4612 4614 4615
f 4614 4616 4617
f 4616 4618 4619
f 4618 4620 4621
f 4620 4622 4623
f 4622 4624 4625
f 4624 4626 4627
f 4626 4628 4629
f 4628 4630 4631
f 4630 4632 4633
f 4632 4634 4635
f 4634 4636 4637
f 4636 4638 4639
f 4638 4640 4641
f 4640 4642 4643
f 4642 4644 4645
f 4644 4646 4647
f 4646 4648 4649
f 4648 4650 4651
f 4650 4652 4653
f 4652 4654 4655
f 4654 4656 4657
f 4656 4658 4659
f 4658 4660 4661
f 4660 4662 4663
f 4662 4664 4665
f 4664 4666 4667
f 4666 4668 4669
f 4668 4670 4671
f 4670 4672 4673
f 4672 4674 4675
f 4674 4676 4677
f 4676 4678 4679
f 4678 3961 4680

o Shape_62
usemtl material_1
f 3241 3242 3243
f 3242 3244 3245
f 3244 3246 3247
f 3246 3248 3249
f 3248 3250 3251
f 3250 3252 3253
f 3252 3254 3255
f 3254 3256 3257
f 3256 3258 3259
f 3258 3260 3261
f 3260 3262 3263
f 3262 3264 3265
f 3264 3266 3267
f 3266 3268 3269
f 3268 3270 3271
f 3270 3272 3273
f 3272 3274 3275
f 3274 3276 3277
f 3276 3278 3279
f 3278 3280 3281
f 3280 3282 3283
f 3282 3284 3285
f 3284 3286 3287
f 3286 3288 3289
f 3288 3290 3291
f 3290 3292 3293
f 3292 3294 3295
f 3294 3296 3297
f 3296 3298 3299
f 3298 3300 3301
f 3300 3302 3303
f 3302 3304 3305
f 3304 3306 3307
f 3306 3308 3309
f 3308 3310 3311
f 3310 3312 3313
f 3312 3314 3315
f 3314 3316 3317
f 3316 3318 3319
f 3318 3320 3321
f 3320 3322 3323
f 3322 3324 3325
f 3324 3326 3327
f 3326 3328 3329
f 3328 3330 3331
f 3330 3332 3333
f 3332 3334 3335
f 3334 3336 3337
f 3336 3338 3339
f 3338 3340 3341
f 3340 3342 3343
f 3342 3344 3345
f 3344 3346 3347
f 3346 3348 3349
f 3348 3350 3351
f 3350 3352 3353
f 3352 3354 3355
f 3354 3356 3357
f 3356 3358 3359
f 3358 3360 3361
f 3360 3362 3363
f 3362 3364 3365
f 3364 3366 3367
f 3366 3368 3369
f 3368 3370 3371
f 3370 3372 3373
f 3372 3374 3375
f 3374 3376 3377
f 3376 3378 3379
f 3378 3380 3381
f 3380 3382 3383
f 3382 3384 3385
f 3384 3386 3387
f 3386 3388 3389
f 3388 3390 3391
f 3390 3392 3393
f 3392 3394 3395
f 3394 3396 3397
f 3396 3398 3399
f 3398 3400 3401
f 3400 3402 3403
f 3402 3404 3405
f 3404 3406 3407
f 3406 3408 3409
f 3408 3410 3411
f 3410 3412 3413
f 3412 3414 3415
f 3414 3416 3417
f 3416 3418 3419
f 3418 3420 3421
f 3420 3422 3423
f 3422 3424 3425
f 3424 3426 3427
f 3426 3428 3429
f 3428 3430 3431
f 3430 3432 3433
f 3432 3434 3435
f 3434 3436 3437
f 3436 3438 3439
f 3438 3440 3441
f 3440 3442 3443
f 3442 3444 3445
f 3444 3446 3447
f 3446 3448 3449
f 3448 3450 3451
f 3450 3452 3453
f 3452 3454 3455
f 3454 3456 3457
f 3456 3458 3459
f 3458 3460 3461
f 3460 3462 3463
f 3462 3464 3465
f 3464 3466 3467
f 3466 3468 3469
f 3468 3470 3471
f 3470 3472 3473
f 3472 3474 3475
f 3474 3476 3477
f 3476 3478 3479
f 3478 3480 3481
f 3480 3482 3483
f 3482 3484 3485
f 3484 3486 3487
f 3486 3488 3489
f 3488 3490 3491
f 3490 3492 3493
f 3492 3494 3495
f 3494 3496 3497
f 3496 3498 3499
f 3498 3500 3501
f 3500 3502 3503
f 3502 3504 3505
f 3504 3506 3507
f 3506 3508 3509
f 3508 3510 3511
f 3510 3512 3513
f 3512 3514 3515
f 3514 3516 3517
f 3516 3518 3519
f 3518 3520 3521
f 3520 3522 3523
f 3522 3524 3525
f 3524 3526 3527
f 3526 3528 3529
f 3528 3530 3531
f 3530 3532 3533
f 3532 3534 3535
f 3534 3536 3537
f 3536 3538 3539
f 3538 3540 3541
f 3540 3542 3543
f 3542 3544 3545
f 3544 3546 3547
f 3546 3548 3549
f 3548 3550 3551
f 3550 3552 3553
f 3552 3554 3555
f 3554 3556 3557
f 3556 3558 3559
f 3558 3560 3561
f 3560 3562 3563
f 3562 3564 3565
f 3564 3566 3567
f 3566 3568 3569
f 3568 3570 3571
f 3570 3572 3573
f 3572 3574 3575
f 3574 3576 3577
f 3576 3578 3579
f 3578 3580 3581
f 3580 3582 3583
f 3582 3584 3585
f 3584 3586 3587
f 3586 3588 3589
f 3588 3590 3591
f 3590 3592 3593
f 3592 3594 3595
f 3594 3596 3597
f 3596 3598 3599
f 3598 3600 3601
f 3600 3602 3603
f 3602 3604 3605
f 3604 3606 3607
f 3606 3608 3609
f 3608 3610 3611
f 3610 3612 3613
f 3612 3614 3615
f 3614 3616 3617
f 3616 3618 3619
f 3618 3620 3621
f 3620 3622 3623
f 3622 3624 3625
f 3624 3626 3627
f 3626 3628 3629
f 3628 3630 3631
f 3630 3632 3633
f 3632 3634 3635
f 3634 3636 3637
f 3636 3638 3639
f 3638 3640 3641
f 3640 3642 3643
f 3642 3644 3645
f 3644 3646 3647
f 3646 3648 3649
f 3648 3650 3651
f 3650 3652 3653
f 3652 3654 3655
f 3654 3656 3657
f 3656 3658 3659
f 3658 3660 3661
f 3660 3662 3663
f 3662 3664 3665
f 3664 3666 3667
f 3666 3668 3669
f 3668 3670 3671
f 3670 3672 3673
f 3672 3674 3675
f 3674 3676 3677
f 3676 3678 3679
f 3678 3680 3681
f 3680 3682 3683
f 3682 3684 3685
f 3684 3686 3687
f 3686 3688 3689
f 3688 3690 3691
f 3690 3692 3693
f 3692 3694 3695
f 3694 3696 3697
f 3696 3698 3699
f 3698 3700 3701
f 3700 3702 3703
f 3702 3704 3705
f 3704 3706 3707
f 3706 3708 3709
f 3708 3710 3711
f 3710 3712 3713
f 3712 3714 3715
f 3714 3716 3717
f 3716 3718 3719
f 3718 3720 3721
f 3720 3722 3723
f 3722 3724 3725
f 3724 3726 3727
f 3726 3728 3729
f 3728 3730 3731
f 3730 3732 3733
f 3732 3734 3735
f 3734 3736 3737
f 3736 3738 3739
f 3738 3740 3741
f 3740 3742 3743
f 3742 3744 3745
f 3744 3746 3747
f 3746 3748 3749
f 3748 3750 3751
f 3750 3752 3753
f 3752 3754 3755
f 3754 3756 3757
f 3756 3758 3759
f 3758 3760 3761
f 3760 3762 3763
f 3762 3764 3765
f 3764 3766 3767
f 3766 3768 3769
f 3768 3770 3771
f 3770 3772 3773
f 3772 3774 3775
f 3774 3776 3777
f 3776 3778 3779
f 3778 3780 3781
f 3780 3782 3783
f 3782 3784 3785
f 3784 3786 3787
f 3786 3788 3789
f 3788 3790 3791
f 3790 3792 3793
f 3792 3794 3795
f 3794 3796 3797
f 3796 3798 3799
f 3798 3800 3801
f 3800 3802 3803
f 3802 3804 3805
f 3804 3806 3807
f 3806 3808 3809
f 3808 3810 3811
f 3810 3812 3813
f 3812 3814 3815
f 3814 3816 3817
f 3816 3818 3819
f 3818 3820 3821
f 3820 3822 3823
f 3822 3824 3825
f 3824 3826 3827
f 3826 3828 3829
f 3828 3830 3831
f 3830 3832 3833
f 3832 3834 3835
f 3834 3836 3837
f 3836 3838 3839
f 3838 3840 3841
f 3840 3842 3843
f 3842 3844 3845
f 3844 3846 3847
f 3846 3848 3849
f 3848 3850 3851
f 3850 3852 3853
f 3852 3854 3855
f 3854 3856 3857
f 3856 3858 3859
f 3858 3860 3861
f 3860 3862 3863
f 3862 3864 3865
f 3864 3866 3867
f 3866 3868 3869
f 3868 3870 3871
f 3870 3872 3873
f 3872 3874 3875
f 3874 3876 3877
f 3876 3878 3879
f 3878 3880 3881
f 3880 3882 3883
f 3882 3884 3885
f 3884 3886 3887
f 3886 3888 3889
f 3888 3890 3891
f 3890 3892 3893
f 3892 3894 3895
f 3894 3896 3897
f 3896 3898 3899
f 3898 3900 3901
f 3900 3902 3903
f 3902 3904 3905
f 3904 3906 3907
f 3906 3908 3909
f 3908 3910 3911
f 3910 3912 3913
f 3912 3914 3915
f 3914 3916 3917
f 3916 3918 3919
f 3918 3920 3921
f 3920 3922 3923
f 3922 3924 3925
f 3924 3926 3927
f 3926 3928 3929
f 3928 3930 3931
f 3930 3932 3933
f 3932 3934 3935
f 3934 3936 3937
f 3936 3938 3939
f 3938 3940 3941
f 3940 3942 3943
f 3942 3944 3945
f 3944 3946 3947
f 3946 3948 3949
f 3948 3950 3951
f 3950 3952 3953
f 3952 3954 3955
f 3954 3956 3957
f 3956 3958 3959
f 3958 3241 3960

o Shape_63
usemtl material_1
f 4681 4682 4683
f 4682 4684 4685
f 4684 4686 4687
f 4686 4688 4689
f 4688 4690 4691
f 4690 4692 4693
f 4692 4694 4695
f 4694 4696 4697
f 4696 4698 4699
f 4698 4700 4701
f 4700 4702 4703
f 4702 4704 4705
f 4704 4706 4707
f 4706 4708 4709
f 4708 4710 4711
f 4710 4712 4713
f 4712 4714 4715
f 4714 4716 4717
f 4716 4718 4719
f 4718 4720 4721
f 4720 4722 4723
f 4722 4724 4725
f 4724 4726 4727
f 4726 4728 4729
f 4728 4730 4731
f 4730 4732 4733
f 4732 4734 4735
f 4734 4736 4737
f 4736 4738 4739
f 4738 4740 4741
f 4740 4742 4743
f 4742 4744 4745
f 4744 4746 4747
f 4746 4748 4749
f 4748 4750 4751
f 4750 4752 4753
f 4752 4754 4755
f 4754 4756 4757
f 4756 4758 4759
f 4758 4760 4761
f 4760 4762 4763
f 4762 4764 4765
f 4764 4766 4767
f 4766 4768 4769
f 4768 4770 4771
f 4770 4772 4773
f 4772 4774 4775
f 4774 4776 4777
f 4776 4778 4779
f 4778 4780 4781
f 4780 4782 4783
f 4782 4784 4785
f 4784 4786 4787
f 4786 4788 4789
f 4788 4790 4791
f 4790 4792 4793
f 4792 4794 4795
f 4794 4796 4797
f 4796 4798 4799
f 4798 4800 4801
f 4800 4802 4803
f 4802 4804 4805
f 4804 4806 4807
f 4806 4808 4809
f 4808 4810 4811
f 4810 4812 4813
f 4812 4814 4815
f 4814 4816 4817
f 4816 4818 4819
f 4818 4820 4821
f 4820 4822 4823
f 4822 4824 4825
f 4824 4826 4827
f 4826 4828 4829
f 4828 4830 4831
f 4830 4832 4833
f 4832 4834 4835
f 4834 4836 4837
f 4836 4838 4839
f 4838 4840 4841
f 4840 4842 4843
f 4842 4844 4845
f 4844 4846 4847
f 4846 4848 4849
f 4848 4850 4851
f 4850 4852 4853
f 4852 4854 4855
f 4854 4856 4857
f 4856 4858 4859
f 4858 4860 4861
f 4860 4862 4863
f 4862 4864 4865
f 4864 4866 4867
f 4866 4868 4869
f 4868 4870 4871
f 4870 4872 4873
f 4872 4874 4875
f 4874 4876 4877
f 4876 4878 4879
f 4878 4880 4881
f 4880 4882 4883
f 4882 4884 4885
f 4884 4886 4887
f 4886 4888 4889
f 4888 4890 4891
f 4890 4892 4893
f 4892 4894 4895
f 4894 4896 4897
f 4896 4898 4899
f 4898 4900 4901
f 4900 4902 4903
f 4902 4904 4905
f 4904 4906 4907
f 4906 4908 4909
f 4908 4910 4911
f 4910 4912 4913
f 4912 4914 4915
f 4914 4916 4917
f 4916 4918 4919
f 4918 4920 4921
f 4920 4922 4923
f 4922 4924 4925
f 4924 4926 4927
f 4926 4928 4929
f 4928 4930 4931
f 4930 4932 4933
f 4932 4934 4935
f 4934 4936 4937
f 4936 4938 4939
f 4938 4940 4941
f 4940 4942 4943
f 4942 4944 4945
f 4944 4946 4947
f 4946 4948 4949
f 4948 4950 4951
f 4950 4952 4953
f 4952 4954 4955
f 4954 4956 4957
f 4956 4958 4959
f 4958 4960 4961
f 4960 4962 4963
f 4962 4964 4965
f 4964 4966 4967
f 4966 4968 4969
f 4968 4970 4971
f 4970 4972 4973
f 4972 4974 4975
f 4974 4976 4977
f 4976 4978 4979
f 4978 4980 4981
f 4980 4982 4983
f 4982 4984 4985
f 4984 4986 4987
f 4986 4988 4989
f 4988 4990 4991
f 4990 4992 4993
f 4992 4994 4995
f 4994 4996 4997
f 4996 4998 4999
f 4998 5000 5001
f 5000 5002 5003
f 5002 5004 5005
f 5004 5006 5007
f 5006 5008 5009
f 5008 5010 5011
f 5010 5012 5013
f 5012 5014 5015
f 5014 5016 5017
f 5016 5018 5019
f 5018 5020 5021
f 5020 5022 5023
f 5022 5024 5025
f 5024 5026 5027
f 5026 5028 5029
f 5028 5030 5031
f 5030 5032 5033
f 5032 5034 5035
f 5034 5036 5037
f 5036 5038 5039
f 5038 5040 5041
f 5040 5042 5043
f 5042 5044 5045
f 5044 5046 5047
f 5046 5048 5049
f 5048 5050 5051
f 5050 5052 5053
f 5052 5054 5055
f 5054 5056 5057
f 5056 5058 5059
f 5058 5060 5061
f 5060 5062 5063
f 5062 5064 5065
f 5064 5066 5067
f 5066 5068 5069
f 5068 5070 5071
f 5070 5072 5073
f 5072 5074 5075
f 5074 5076 5077
f 5076 5078 5079
f 5078 5080 5081
f 5080 5082 5083
f 5082 5084 5085
f 5084 5086 5087
f 5086 5088 5089
f 5088 5090 5091
f 5090 5092 5093
f 5092 5094 5095
f 5094 5096 5097
f 5096 5098 5099
f 5098 5100 5101
f 5100 5102 5103
f 5102 5104 5105
f 5104 5106 5107
f 5106 5108 5109
f 5108 5110 5111
f 5110 5112 5113
f 5112 5114 5115
f 5114 5116 5117
f 5116 5118 5119
f 5118 5120 5121
f 5120 5122 5123
f 5122 5124 5125
f 5124 5126 5127
f 5126 5128 5129
f 5128 5130 5131
f 5130 5132 5133
f 5132 5134 5135
f 5134 5136 5137
f 5136 5138 5139
f 5138 5140 5141
f 5140 5142 5143
f 5142 5144 5145
f 5144 5146 5147
f 5146 5148 5149
f 5148 5150 5151
f 5150 5152 5153
f 5152 5154 5155
f 5154 5156 5157
f 5156 5158 5159
f 5158 5160 5161
f 5160 5162 5163
f 5162 5164 5165
f 5164 5166 5167
f 5166 5168 5169
f 5168 5170 5171
f 5170 5172 5173
f 5172 5174 5175
f 5174 5176 5177
f 5176 5178 5179
f 5178 5180 5181
f 5180 5182 5183
f 5182 5184 5185
f 5184 5186 5187
f 5186 5188 5189
f 5188 5190 5191
f 5190 5192 5193
f 5192 5194 5195
f 5194 5196 5197
f 5196 5198 5199
f 5198 5200 5201
f 5200 5202 5203
f 5202 5204 5205
f 5204 5206 5207
f 5206 5208 5209
f 5208 5210 5211
f 5210 5212 5213
f 5212 5214 5215
f 5214 5216 5217
f 5216 5218 5219
f 5218 5220 5221
f 5220 5222 5223
f 5222 5224 5225
f 5224 5226 5227
f 5226 5228 5229
f 5228 5230 5231
f 5230 5232 5233
f 5232 5234 5235
f 5234 5236 5237
f 5236 5238 5239
f 5238 5240 5241
f 5240 5242 5243
f 5242 5244 5245
f 5244 5246 5247
f 5246 5248 5249
f 5248 5250 5251
f 5250 5252 5253
f 5252 5254 5255
f 5254 5256 5257
f 5256 5258 5259
f 5258 5260 5261
f 5260 5262 5263
f 5262 5264 5265
f 5264 5266 5267
f 5266 5268 5269
f 5268 5270 5271
f 5270 5272 5273
f 5272 5274 5275
f 5274 5276 5277
f 5276 5278 5279
f 5278 5280 5281
f 5280 5282 5283
f 5282 5284 5285
f 5284 5286 5287
f 5286 5288 5289
f 5288 5290 5291
f 5290 5292 5293
f 5292 5294 5295
f 5294 5296 5297
f 5296 5298 5299
f 5298 5300 5301
f 5300 5302 5303
f 5302 5304 5305
f 5304 5306 5307
f 5306 5308 5309
f 5308 5310 5311
f 5310 5312 5313
f 5312 5314 5315
f 5314 5316 5317
f 5316 5318 5319
f 5318 5320 5321
f 5320 5322 5323
f 5322 5324 5325
f 5324 5326 5327
f 5326 5328 5329
f 5328 5330 5331
f 5330 5332 5333
f 5332 5334 5335
f 5334 5336 5337
f 5336 5338 5339
f 5338 5340 5341
f 5340 5342 5343
f 5342 5344 5345
f 5344 5346 5347
f 5346 5348 5349
f 5348 5350 5351
f 5350 5352 5353
f 5352 5354 5355
f 5354 5356 5357
f 5356 5358 5359
f 5358 5360 5361
f 5360 5362 5363
f 5362 5364 5365
f 5364 5366 5367
f 5366 5368 5369
f 5368 5370 5371
f 5370 5372 5373
f 5372 5374 5375
f 5374 5376 5377
f 5376 5378 5379
f 5378 5380 5381
f 5380 5382 5383
f 5382 5384 5385
f 5384 5386 5387
f 5386 5388 5389
f 5388 5390 5391
f 5390 5392 5393
f 5392 5394 5395
f 5394 5396 5397
f 5396 5398 5399
f 5398 4681 5400

o Shape_64
usemtl material_1
f 5401 5402 5403
f 5402 5404 5405
f 5404 5406 5407
f 5406 5408 5409
f 5408 5410 5411
f 5410 5412 5413
f 5412 5414 5415
f 5414 5416 5417
f 5416 5418 5419
f 5418 5420 5421
f 5420 5422 5423
f 5422 5424 5425
f 5424 5426 5427
f 5426 5428 5429
f 5428 5430 5431
f 5430 5432 5433
f 5432 5434 5435
f 5434 5436 5437
f 5436 5438 5439
f 5438 5440 5441
f 5440 5442 5443
f 5442 5444 5445
f 5444 5446 5447
f 5446 5448 5449
f 5448 5450 5451
f 5450 5452 5453
f 5452 5454 5455
f 5454 5456 5457
f 5456 5458 5459
f 5458 5460 5461
f 5460 5462 5463
f 5462 5464 5465
f 5464 5466 5467
f 5466 5468 5469
f 5468 5470 5471
f 5470 5472 5473
f 5472 5474 5475
f 5474 5476 5477
f 5476 5478 5479
f 5478 5480 5481
f 5480 5482 5483
f 5482 5484 5485
f 5484 5486 5487
f 5486 5488 5489
f 5488 5490 5491
f 5490 5492 5493
f 5492 5494 5495
f 5494 5496 5497
f 5496 5498 5499
f 5498 5500 5501
f 5500 5502 5503
f 5502 5504 5505
f 5504 5506 5507
f 5506 5508 5509
f 5508 5510 5511
f 5510 5512 5513
f 5512 5514 5515
f 5514 5516 5517
f 5516 5518 5519
f 5518 5520 5521
f 5520 5522 5523
f 5522 5524 5525
f 5524 5526 5527
f 5526 5528 5529
f 5528 5530 5531
f 5530 5532 5533
f 5532 5534 5535
f 5534 5536 5537
f 5536 5538 5539
f 5538 5540 5541
f 5540 5542 5543
f 5542 5544 5545
f 5544 5546 5547
f 5546 5548 5549
f 5548 5550 5551
f 5550 5552 5553
f 5552 5554 5555
f 5554 5556 5557
f 5556 5558 5559
f 5558 5560 5561
f 5560 5562 5563
f 5562 5564 5565
f 5564 5566 5567
f 5566 5568 5569
f 5568 5570 5571
f 5570 5572 5573
f 5572 5574 5575
f 5574 5576 5577
f 5576 5578 5579
f 5578 5580 5581
f 5580 5582 5583
f 5582 5584 5585
f 5584 5586 5587
f 5586 5588 5589
f 5588 5590 5591
f 5590 5592 5593
f 5592 5594 5595
f 5594 5596 5597
f 5596 5598 5599
f 5598 5600 5601
f 5600 5602 5603
f 5602 5604 5605
f 5604 5606 5607
f 5606 5608 5609
f 5608 5610 5611
f 5610 5612 5613
f 5612 5614 5615
f 5614 5616 5617
f 5616 5618 5619
f 5618 5620 5621
f 5620 5622 5623
f 5622 5624 5625
f 5624 5626 5627
f 5626 5628 5629
f 5628 5630 5631
f 5630 5632 5633
f 5632 5634 5635
f 5634 5636 5637
f 5636 5638 5639
f 5638 5640 5641
f 5640 5642 5643
f 5642 5644 5645
f 5644 5646 5647
f 5646 5648 5649
f 5648 5650 5651
f 5650 5652 5653
f 5652 5654 5655
f 5654 5656 5657
f 5656 5658 5659
f 5658 5660 5661
f 5660 5662 5663
f 5662 5664 5665
f 5664 5666 5667
f 5666 5668 5669
f 5668 5670 5671
f 5670 5672 5673
f 5672 5674 5675
f 5674 5676 5677
f 5676 5678 5679
f 5678 5680 5681
f 5680 5682 5683
f 5682 5684 5685
f 5684 5686 5687
f 5686 5688 5689
f 5688 5690 5691
f 5690 5692 5693
f 5692 5694 5695
f 5694 5696 5697
f 5696 5698 5699
f 5698 5700 5701
f 5700 5702 5703
f 5702 5704 5705
f 5704 5706 5707
f 5706 5708 5709
f 5708 5710 5711
f 5710 5712 5713
f 5712 5714 5715
f 5714 5716 5717
f 5716 5718 5719
f 5718 5720 5721
f 5720 5722 5723
f 5722 5724 5725
f 5724 5726 5727
f 5726 5728 5729
f 5728 5730 5731
f 5730 5732 5733
f 5732 5734 5735
f 5734 5736 5737
f 5736 5738 5739
f 5738 5740 5741
f 5740 5742 5743
f 5742 5744 5745
f 5744 5746 5747
f 5746 5748 5749
f 5748 5750 5751
f 5750 5752 5753
f 5752 5754 5755
f 5754 5756 5757
f 5756 5758 5759
f 5758 5760 5761
f 5760 5762 5763
f 5762 5764 5765
f 5764 5766 5767
f 5766 5768 5769
f 5768 5770 5771
f 5770 5772 5773
f 5772 5774 5775
f 5774 5776 5777
f 5776 5778 5779
f 5778 5780 5781
f 5780 5782 5783
f 5782 5784 5785
f 5784 5786 5787
f 5786 5788 5789
f 5788 5790 5791
f 5790 5792 5793
f 5792 5794 5795
f 5794 5796 5797
f 5796 5798 5799
f 5798 5800 5801
f 5800 5802 5803
f 5802 5804 5805
f 5804 5806 5807
f 5806 5808 5809
f 5808 5810 5811
f 5810 5812 5813
f 5812 5814 5815
f 5814 5816 5817
f 5816 5818 5819
f 5818 5820 5821
f 5820 5822 5823
f 5822 5824 5825
f 5824 5826 5827
f 5826 5828 5829
f 5828 5830 5831
f 5830 5832 5833
f 5832 5834 5835
f 5834 5836 5837
f 5836 5838 5839
f 5838 5840 5841
f 5840 5842 5843
f 5842 5844 5845
f 5844 5846 5847
f 5846 5848 5849
f 5848 5850 5851
f 5850 5852 5853
f 5852 5854 5855
f 5854 5856 5857
f 5856 5858 5859
f 5858 5860 5861
f 5860 5862 5863
f 5862 5864 5865
f 5864 5866 5867
f 5866 5868 5869
f 5868 5870 5871
f 5870 5872 5873
f 5872 5874 5875
f 5874 5876 5877
f 5876 5878 5879
f 5878 5880 5881
f 5880 5882 5883
f 5882 5884 5885
f 5884 5886 5887
f 5886 5888 5889
f 5888 5890 5891
f 5890 5892 5893
f 5892 5894 5895
f 5894 5896 5897
f 5896 5898 5899
f 5898 5900 5901
f 5900 5902 5903
f 5902 5904 5905
f 5904 5906 5907
f 5906 5908 5909
f 5908 5910 5911
f 5910 5912 5913
f 5912 5914 5915
f 5914 5916 5917
f 5916 5918 5919
f 5918 5920 5921
f 5920 5922 5923
f 5922 5924 5925
f 5924 5926 5927
f 5926 5928 5929
f 5928 5930 5931
f 5930 5932 5933
f 5932 5934 5935
f 5934 5936 5937
f 5936 5938 5939
f 5938 5940 5941
f 5940 5942 5943
f 5942 5944 5945
f 5944 5946 5947
f 5946 5948 5949
f 5948 5950 5951
f 5950 5952 5953
f 5952 5954 5955
f 5954 5956 5957
f 5956 5958 5959
f 5958 5960 5961
f 5960 5962 5963
f 5962 5964 5965
f 5964 5966 5967
f 5966 5968 5969
f 5968 5970 5971
f 5970 5972 5973
f 5972 5974 5975
f 5974 5976 5977
f 5976 5978 5979
f 5978 5980 5981
f 5980 5982 5983
f 5982 5984 5985
f 5984 5986 5987
f 5986 5988 5989
f 5988 5990 5991
f 5990 5992 5993
f 5992 5994 5995
f 5994 5996 5997
f 5996 5998 5999
f 5998 6000 6001
f 6000 6002 6003
f 6002 6004 6005
f 6004 6006 6007
f 6006 6008 6009
f 6008 6010 6011
f 6010 6012 6013
f 6012 6014 6015
f 6014 6016 6017
f 6016 6018 6019
f 6018 6020 6021
f 6020 6022 6023
f 6022 6024 6025
f 6024 6026 6027
f 6026 6028 6029
f 6028 6030 6031
f 6030 6032 6033
f 6032 6034 6035
f 6034 6036 6037
f 6036 6038 6039
f 6038 6040 6041
f 6040 6042 6043
f 6042 6044 6045
f 6044 6046 6047
f 6046 6048 6049
f 6048 6050 6051
f 6050 6052 6053
f 6052 6054 6055
f 6054 6056 6057
f 6056 6058 6059
f 6058 6060 6061
f 6060 6062 6063
f 6062 6064 6065
f 6064 6066 6067
f 6066 6068 6069
f 6068 6070 6071
f 6070 6072 6073
f 6072 6074 6075
f 6074 6076 6077
f 6076 6078 6079
f 6078 6080 6081
f 6080 6082 6083
f 6082 6084 6085
f 6084 6086 6087
f 6086 6088 6089
f 6088 6090 6091
f 6090 6092 6093
f 6092 6094 6095
f 6094 6096 6097
f 6096 6098 6099
f 6098 6100 6101
f 6100 6102 6103
f 6102 6104 6105
f 6104 6106 6107
f 6106 6108 6109
f 6108 6110 6111
f 6110 6112 6113
f 6112 6114 6115
f 6114 6116 6117
f 6116 6118 6119
f 6118 5401 6120

o Shape_65
usemtl material_1
f 3961 3962 3963
f 3962 3964 3965
f 3964 3966 3967
f 3966 3968 3969
f 3968 3970 3971
f 3970 3972 3973
f 3972 3974 3975
f 3974 3976 3977
f 3976 3978 3979
f 3978 3980 3981
f 3980 3982 3983
f 3982 3984 3985
f 3984 3986 3987
f 3986 3988 3989
f 3988 3990 3991
f 3990 3992 3993
f 3992 3994 3995
f 3994 3996 3997
f 3996 3998 3999
f 3998 4000 4001
f 4000 4002 4003
f 4002 4004 4005
f 4004 4006 4007
f 4006 4008 4009
f 4008 4010 4011
f 4010 4012 4013
f 4012 4014 4015
f 4014 4016 4017
f 4016 4018 4019
f 4018 4020 4021
f 4020 4022 4023
f 4022 4024 4025
f 4024 4026 4027
f 4026 4028 4029
f 4028 4030 4031
f 4030 4032 4033
f 4032 4034 4035
f 4034 4036 4037
f 4036 4038 4039
f 4038 4040 4041
f 4040 4042 4043
f 4042 4044 4045
f 4044 4046 4047
f 4046 4048 4049
f 4048 4050 4051
f 4050 4052 4053
f 4052 4054 4055
f 4054 4056 4057
f 4056 4058 4059
f 4058 4060 4061
f 4060 4062 4063
f 4062 4064 4065
f 4064 4066 4067
f 4066 4068 4069
f 4068 4070 4071
f 4070 4072 4073
f 4072 4074 4075
f 4074 4076 4077
f 4076 4078 4079
f 4078 4080 4081
f 4080 4082 4083
f 4082 4084 4085
f 4084 4086 4087
f 4086 4088 4089
f 4088 4090 4091
f 4090 4092 4093
f 4092 4094 4095
f 4094 4096 4097
f 4096 4098 4099
f 4098 4100 4101
f 4100 4102 4103
f 4102 4104 4105
f 4104 4106 4107
f 4106 4108 4109
f 4108 4110 4111
f 4110 4112 4113
f 4112 4114 4115
f 4114 4116 4117
f 4116 4118 4119
f 4118 4120 4121
f 4120 4122 4123
f 4122 4124 4125
f 4124 4126 4127
f 4126 4128 4129
f 4128 4130 4131
f 4130 4132 4133
f 4132 4134 4135
f 4134 4136 4137
f 4136 4138 4139
f 4138 4140 4141
f 4140 4142 4143
f 4142 4144 4145
f 4144 4146 4147
f 4146 4148 4149
f 4148 4150 4151
f 4150 4152 4153
f 4152 4154 4155
f 4154 4156 4157
f 4156 4158 4159
f 4158 4160 4161
f 4160 4162 4163
f 4162 4164 4165
f 4164 4166 4167
f 4166 4168 4169
f 4168 4170 4171
f 4170 4172 4173
f 4172 4174 4175
f 4174 4176 4177
f 4176 4178 4179
f 4178 4180 4181
f 4180 4182 4183
f 4182 4184 4185
f 4184 4186 4187
f 4186 4188 4189
f 4188 4190 4191
f 4190 4192 4193
f 4192 4194 4195
f 4194 4196 4197
f 4196 4198 4199
f 4198 4200 4201
f 4200 4202 4203
f 4202 4204 4205
f 4204 4206 4207
f 4206 4208 4209
f 4208 4210 4211
f 4210 4212 4213
f 4212 4214 4215
f 4214 4216 4217
f 4216 4218 4219
f 4218 4220 4221
f 4220 4222 4223
f 4222 4224 4225
f 4224 4226 4227
f 4226 4228 4229
f 4228 4230 4231
f 4230 4232 4233
f 4232 4234 4235
f 4234 4236 4237
f 4236 4238 4239
f 4238 4240 4241
f 4240 4242 4243
f 4242 4244 4245
f 4244 4246 4247
f 4246 4248 4249
f 4248 4250 4251
f 4250 4252 4253
f 4252 4254 4255
f 4254 4256 4257
f 4256 4258 4259
f 4258 4260 4261
f 4260 4262 4263
f 4262 4264 4265
f 4264 4266 4267
f 4266 4268 4269
f 4268 4270 4271
f 4270 4272 4273
f 4272 4274 4275
f 4274 4276 4277
f 4276 4278 4279
f 4278 4280 4281
f 4280 4282 4283
f 4282 4284 4285
f 4284 4286 4287
f 4286 4288 4289
f 4288 4290 4291
f 4290 4292 4293
f 4292 4294 4295
f 4294 4296 4297
f 4296 4298 4299
f 4298 4300 4301
f 4300 4302 4303
f 4302 4304 4305
f 4304 4306 4307
f 4306 4308 4309
f 4308 4310 4311
f 4310 4312 4313
f 4312 4314 4315
f 4314 4316 4317
f 4316 4318 4319
f 4318 4320 4321
f 4320 4322 4323
f 4322 4324 4325
f 4324 4326 4327
f 4326 4328 4329
f 4328 4330 4331
f 4330 4332 4333
f 4332 4334 4335
f 4334 4336 4337
f 4336 4338 4339
f 4338 4340 4341
f 4340 4342 4343
f 4342 4344 4345
f 4344 4346 4347
f 4346 4348 4349
f 4348 4350 4351
f 4350 4352 4353
f 4352 4354 4355
f 4354 4356 4357
f 4356 4358 4359
f 4358 4360 4361
f 4360 4362 4363
f 4362 4364 4365
f 4364 4366 4367
f 4366 4368 4369
f 4368 4370 4371
f 4370 4372 4373
f 4372 4374 4375
f 4374 4376 4377
f 4376 4378 4379
f 4378 4380 4381
f 4380 4382 4383
f 4382 4384 4385
f 4384 4386 4387
f 4386 4388 4389
f 4388 4390 4391
f 4390 4392 4393
f 4392 4394 4395
f 4394 4396 4397
f 4396 4398 4399
f 4398 4400 4401
f 4400 4402 4403
f 4402 4404 4405
f 4404 4406 4407
f 4406 4408 4409
f 4408 4410 4411
f 4410 4412 4413
f 4412 4414 4415
f 4414 4416 4417
f 4416 4418 4419
f 4418 4420 4421
f 4420 4422 4423
f 4422 4424 4425
f 4424 4426 4427
f 4426 4428 4429
f 4428 4430 4431
f 4430 4432 4433
f 4432 4434 4435
f 4434 4436 4437
f 4436 4438 4439
f 4438 4440 4441
f 4440 4442 4443
f 4442 4444 4445
f 4444 4446 4447
f 4446 4448 4449
f 4448 4450 4451
f 4450 4452 4453
f 4452 4454 4455
f 4454 4456 4457
f 4456 4458 4459
f 4458 4460 4461
f 4460 4462 4463
f 4462 4464 4465
f 4464 4466 4467
f 4466 4468 4469
f 4468 4470 4471
f 4470 4472 4473
f 4472 4474 4475
f 4474 4476 4477
f 4476 4478 4479
f 4478 4480 4481
f 4480 4482 4483
f 4482 4484 4485
f 4484 4486 4487
f 4486 4488 4489
f 4488 4490 4491
f 4490 4492 4493
f 4492 4494 4495
f 4494 4496 4497
f 4496 4498 4499
f 4498 4500 4501
f 4500 4502 4503
f 4502 4504 4505
f 4504 4506 4507
f 4506 4508 4509
f 4508 4510 4511
f 4510 4512 4513
f 4512 4514 4515
f 4514 4516 4517
f 4516 4518 4519
f 4518 4520 4521
f 4520 4522 4523
f 4522 4524 4525
f 4524 4526 4527
f 4526 4528 4529
f 4528 4530 4531
f 4530 4532 4533
f 4532 4534 4535
f 4534 4536 4537
f 4536 4538 4539
f 4538 4540 4541
f 4540 4542 4543
f 4542 4544 4545
f 4544 4546 4547
f 4546 4548 4549
f 4548 4550 4551
f 4550 4552 4553
f 4552 4554 4555
f 4554 4556 4557
f 4556 4558 4559
f 4558 4560 4561
f 4560 4562 4563
f 4562 4564 4565
f 4564 4566 4567
f 4566 4568 4569
f 4568 4570 4571
f 4570 4572 4573
f 4572 4574 4575
f 4574 4576 4577
f 4576 4578 4579
f 4578 4580 4581
f 4580 4582 4583
f 4582 4584 4585
f 4584 4586 4587
f 4586 4588 4589
f 4588 4590 4591
f 4590 4592 4593
f 4592 4594 4595
f 4594 4596 4597
f 4596 4598 4599
f 4598 4600 4601
f 4600 4602 4603
f 4602 4604 4605
f 4604 4606 4607
f 4606 4608 4609
f 4608 4610 4611
f 4610 4612 4613
f 4612 4614 4615
f 4614 4616 4617
f 4616 4618 4619
f 4618 4620 4621
f 4620 4622 4623
f 4622 4624 4625
f 4624 4626 4627
f 4626 4628 4629
f 4628 4630 4631
f 4630 4632 4633
f 4632 4634 4635
f 4634 4636 4637
f 4636 4638 4639
f 4638 4640 4641
f 4640 4642 4643
f 4642 4644 4645
f 4644 4646 4647
f 4646 4648 4649
f 4648 4650 4651
f 4650 4652 4653
f 4652 4654 4655
f 4654 4656 4657
f 4656 4658 4659
f 4658 4660 4661
f 4660 4662 4663
f 4662 4664 4665
f 4664 4666 4667
f 4666 4668 4669
f 4668 4670 4671
f 4670 4672 4673
f 4672 4674 4675
f 4674 4676 4677
f 4676 4678 4679
f 4678 3961 4680

o Shape_66
usemtl material_1
f 3241 3242 3243
f 3242 3244 3245
f 3244 3246 3247
f 3246 3248 3249
f 3248 3250 3251
f 3250 3252 3253
f 3252 3254 3255
f 3254 3256 3257
f 3256 3258 3259
f 3258 3260 3261
f 3260 3262 3263
f 3262 3264 3265
f 3264 3266 3267
f 3266 3268 3269
f 3268 3270 3271
f 3270 3272 3273
f 3272 3274 3275
f 3274 3276 3277
f 3276 3278 3279
f 3278 3280 3281
f 3280 3282 3283
f 3282 3284 3285
f 3284 3286 3287
f 3286 3288 3289
f 3288 3290 3291
f 3290 3292 3293
f 3292 3294 3295
f 3294 3296 3297
f 3296 3298 3299
f 3298 3300 3301
f 3300 3302 3303
f 3302 3304 3305
f 3304 3306 3307
f 3306 3308 3309
f 3308 3310 3311
f 3310 3312 3313
f 3312 3314 3315
f 3314 3316 3317
f 3316 3318 3319
f 3318 3320 3321
f 3320 3322 3323
f 3322 3324 3325
f 3324 3326 3327
f 3326 3328 3329
f 3328 3330 3331
f 3330 3332 3333
f 3332 3334 3335
f 3334 3336 3337
f 3336 3338 3339
f 3338 3340 3341
f 3340 3342 3343
f 3342 3344 3345
f 3344 3346 3347
f 3346 3348 3349
f 3348 3350 3351
f 3350 3352 3353
f 3352 3354 3355
f 3354 3356 3357
f 3356 3358 3359
f 3358 3360 3361
f 3360 3362 3363
f 3362 3364 3365
f 3364 3366 3367
f 3366 3368 3369
f 3368 3370 3371
f 3370 3372 3373
f 3372 3374 3375
f 3374 3376 3377
f 3376 3378 3379
f 3378 3380 3381
f 3380 3382 3383
f 3382 3384 3385
f 3384 3386 3387
f 3386 3388 3389
f 3388 3390 3391
f 3390 3392 3393
f 3392 3394 3395
f 3394 3396 3397
f 3396 3398 3399
f 3398 3400 3401
f 3400 3402 3403
f 3402 3404 3405
f 3404 3406 3407
f 3406 3408 3409
f 3408 3410 3411
f 3410 3412 3413
f 3412 3414 3415
f 3414 3416 3417
f 3416 3418 3419
f 3418 3420 3421
f 3420 3422 3423
f 3422 3424 3425
f 3424 3426 3427
f 3426 3428 3429
f 3428 3430 3431
f 3430 3432 3433
f 3432 3434 3435
f 3434 3436 3437
f 3436 3438 3439
f 3438 3440 3441
f 3440 3442 3443
f 3442 3444 3445
f 3444 3446 3447
f 3446 3448 3449
f 3448 3450 3451
f 3450 3452 3453
f 3452 3454 3455
f 3454 3456 3457
f 3456 3458 3459
f 3458 3460 3461
f 3460 3462 3463
f 3462 3464 3465
f 3464 3466 3467
f 3466 3468 3469
f 3468 3470 3471
f 3470 3472 3473
f 3472 3474 3475
f 3474 3476 3477
f 3476 3478 3479
f 3478 3480 3481
f 3480 3482 3483
f 3482 3484 3485
f 3484 3486 3487
f 3486 3488 3489
f 3488 3490 3491
f 3490 3492 3493
f 3492 3494 3495
f 3494 3496 3497
f 3496 3498 3499
f 3498 3500 3501
f 3500 3502 3503
f 3502 3504 3505
f 3504 3506 3507
f 3506 3508 3509
f 3508 3510 3511
f 3510 3512 3513
f 3512 3514 3515
f 3514 3516 3517
f 3516 3518 3519
f 3518 3520 3521
f 3520 3522 3523
f 3522 3524 3525
f 3524 3526 3527
f 3526 3528 3529
f 3528 3530 3531
f 3530 3532 3533
f 3532 3534 3535
f 3534 3536 3537
f 3536 3538 3539
f 3538 3540 3541
f 3540 3542 3543
f 3542 3544 3545
f 3544 3546 3547
f 3546 3548 3549
f 3548 3550 3551
f 3550 3552 3553
f 3552 3554 3555
f 3554 3556 3557
f 3556 3558 3559
f 3558 3560 3561
f 3560 3562 3563
f 3562 3564 3565
f 3564 3566 3567
f 3566 3568 3569
f 3568 3570 3571
f 3570 3572 3573
f 3572 3574 3575
f 3574 3576 3577
f 3576 3578 3579
f 3578 3580 3581
f 3580 3582 3583
f 3582 3584 3585
f 3584 3586 3587
f 3586 3588 3589
f 3588 3590 3591
f 3590 3592 3593
f 3592 3594 3595
f 3594 3596 3597
f 3596 3598 3599
f 3598 3600 3601
f 3600 3602 3603
f 3602 3604 3605
f 3604 3606 3607
f 3606 3608 3609
f 3608 3610 3611
f 3610 3612 3613
f 3612 3614 3615
f 3614 3616 3617
f 3616 3618 3619
f 3618 3620 3621
f 3620 3622 3623
f 3622 3624 3625
f 3624 3626 3627
f 3626 3628 3629
f 3628 3630 3631
f 3630 3632 3633
f 3632 3634 3635
f 3634 3636 3637
f 3636 3638 3639
f 3638 3640 3641
f 3640 3642 3643
f 3642 3644 3645
f 3644 3646 3647
f 3646 3648 3649
f 3648 3650 3651
f 3650 3652 3653
f 3652 3654 3655
f 3654 3656 3657
f 3656 3658 3659
f 3658 3660 3661
f 3660 3662 3663
f 3662 3664 3665
f 3664 3666 3667
f 3666 3668 3669
f 3668 3670 3671
f 3670 3672 3673
f 3672 3674 3675
f 3674 3676 3677
f 3676 3678 3679
f 3678 3680 3681
f 3680 3682 3683
f 3682 3684 3685
f 3684 3686 3687
f 3686 3688 3689
f 3688 3690 3691
f 3690 3692 3693
f 3692 3694 3695
f 3694 3696 3697
f 3696 3698 3699
f 3698 3700 3701
f 3700 3702 3703
f 3702 3704 3705
f 3704 3706 3707
f 3706 3708 3709
f 3708 3710 3711
f 3710 3712 3713
f 3712 3714 3715
f 3714 3716 3717
f 3716 3718 3719
f 3718 3720 3721
f 3720 3722 3723
f 3722 3724 3725
f 3724 3726 3727
f 3726 3728 3729
f 3728 3730 3731
f 3730 3732 3733
f 3732 3734 3735
f 3734 3736 3737
f 3736 3738 3739
f 3738 3740 3741
f 3740 3742 3743
f 3742 3744 3745
f 3744 3746 3747
f 3746 3748 3749
f 3748 3750 3751
f 3750 3752 3753
f 3752 3754 3755
f 3754 3756 3757
f 3756 3758 3759
f 3758 3760 3761
f 3760 3762 3763
f 3762 3764 3765
f 3764 3766 3767
f 3766 3768 3769
f 3768 3770 3771
f 3770 3772 3773
f 3772 3774 3775
f 3774 3776 3777
f 3776 3778 3779
f 3778 3780 3781
f 3780 3782 3783
f 3782 3784 3785
f 3784 3786 3787
f 3786 3788 3789
f 3788 3790 3791
f 3790 3792 3793
f 3792 3794 3795
f 3794 3796 3797
f 3796 3798 3799
f 3798 3800 3801
f 3800 3802 3803
f 3802 3804 3805
f 3804 3806 3807
f 3806 3808 3809
f 3808 3810 3811
f 3810 3812 3813
f 3812 3814 3815
f 3814 3816 3817
f 3816 3818 3819
f 3818 3820 3821
f 3820 3822 3823
f 3822 3824 3825
f 3824 3826 3827
f 3826 3828 3829
f 3828 3830 3831
f 3830 3832 3833
f 3832 3834 3835
f 3834 3836 3837
f 3836 3838 3839
f 3838 3840 3841
f 3840 3842 3843
f 3842 3844 3845
f 3844 3846 3847
f 3846 3848 3849
f 3848 3850 3851
f 3850 3852 3853
f 3852 3854 3855
f 3854 3856 3857
f 3856 3858 3859
f 3858 3860 3861
f 3860 3862 3863
f 3862 3864 3865
f 3864 3866 3867
f 3866 3868 3869
f 3868 3870 3871
f 3870 3872 3873
f 3872 3874 3875
f 3874 3876 3877
f 3876 3878 3879
f 3878 3880 3881
f 3880 3882 3883
f 3882 3884 3885
f 3884 3886 3887
f 3886 3888 3889
f 3888 3890 3891
f 3890 3892 3893
f 3892 3894 3895
f 3894 3896 3897
f 3896 3898 3899
f 3898 3900 3901
f 3900 3902 3903
f 3902 3904 3905
f 3904 3906 3907
f 3906 3908 3909
f 3908 3910 3911
f 3910 3912 3913
f 3912 3914 3915
f 3914 3916 3917
f 3916 3918 3919
f 3918 3920 3921
f 3920 3922 3923
f 3922 3924 3925
f 3924 3926 3927
f 3926 3928 3929
f 3928 3930 3931
f 3930 3932 3933
f 3932 3934 3935
f 3934 3936 3937
f 3936 3938 3939
f 3938 3940 3941
f 3940 3942 3943
f 3942 3944 3945
f 3944 3946 3947
f 3946 3948 3949
f 3948 3950 3951
f 3950 3952 3953
f 3952 3954 3955
f 3954 3956 3957
f 3956 3958 3959
f 3958 3241 3960

o Shape_67
usemtl material_1
f 4681 4682 4683
f 4682 4684 4685
f 4684 4686 4687
f 4686 4688 4689
f 4688 4690 4691
f 4690 4692 4693
f 4692 4694 4695
f 4694 4696 4697
f 4696 4698 4699
f 4698 4700 4701
f 4700 4702 4703
f 4702 4704 4705
f 4704 4706 4707
f 4706 4708 4709
f 4708 4710 4711
f 4710 4712 4713
f 4712 4714 4715
f 4714 4716 4717
f 4716 4718 4719
f 4718 4720 4721
f 4720 4722 4723
f 4722 4724 4725
f 4724 4726 4727
f 4726 4728 4729
f 4728 4730 4731
f 4730 4732 4733
f 4732 4734 4735
f 4734 4736 4737
f 4736 4738 4739
f 4738 4740 4741
f 4740 4742 4743
f 4742 4744 4745
f 4744 4746 4747
f 4746 4748 4749
f 4748 4750 4751
f 4750 4752 4753
f 4752 4754 4755
f 4754 4756 4757
f 4756 4758 4759
f 4758 4760 4761
f 4760 4762 4763
f 4762 4764 4765
f 4764 4766 4767
f 4766 4768 4769
f 4768 4770 4771
f 4770 4772 4773
f 4772 4774 4775
f 4774 4776 4777
f 4776 4778 4779
f 4778 4780 4781
f 4780 4782 4783
f 4782 4784 4785
f 4784 4786 4787
f 4786 4788 4789
f 4788 4790 4791
f 4790 4792 4793
f 4792 4794 4795
f 4794 4796 4797
f 4796 4798 4799
f 4798 4800 4801
f 4800 4802 4803
f 4802 4804 4805
f 4804 4806 4807
f 4806 4808 4809
f 4808 4810 4811
f 4810 4812 4813
f 4812 4814 4815
f 4814 4816 4817
f 4816 4818 4819
f 4818 4820 4821
f 4820 4822 4823
f 4822 4824 4825
f 4824 4826 4827
f 4826 4828 4829
f 4828 4830 4831
f 4830 4832 4833
f 4832 4834 4835
f 4834 4836 4837
f 4836 4838 4839
f 4838 4840 4841
f 4840 4842 4843
f 4842 4844 4845
f 4844 4846 4847
f 4846 4848 4849
f 4848 4850 4851
f 4850 4852 4853
f 4852 4854 4855
f 4854 4856 4857
f 4856 4858 4859
f 4858 4860 4861
f 4860 4862 4863
f 4862 4864 4865
f 4864 4866 4867
f 4866 4868 4869
f 4868 4870 4871
f 4870 4872 4873
f 4872 4874 4875
f 4874 4876 4877
f 4876 4878 4879
f 4878 4880 4881
f 4880 4882 4883
f 4882 4884 4885
f 4884 4886 4887
f 4886 4888 4889
f 4888 4890 4891
f 4890 4892 4893
f 4892 4894 4895
f 4894 4896 4897
f 4896 4898 4899
f 4898 4900 4901
f 4900 4902 4903
f 4902 4904 4905
f 4904 4906 4907
f 4906 4908 4909
f 4908 4910 4911
f 4910 4912 4913
f 4912 4914 4915
f 4914 4916 4917
f 4916 4918 4919
f 4918 4920 4921
f 4920 4922 4923
f 4922 4924 4925
f 4924 4926 4927
f 4926 4928 4929
f 4928 4930 4931
f 4930 4932 4933
f 4932 4934 4935
f 4934 4936 4937
f 4936 4938 4939
f 4938 4940 4941
f 4940 4942 4943
f 4942 4944 4945
f 4944 4946 4947
f 4946 4948 4949
f 4948 4950 4951
f 4950 4952 4953
f 4952 4954 4955
f 4954 4956 4957
f 4956 4958 4959
f 4958 4960 4961
f 4960 4962 4963
f 4962 4964 4965
f 4964 4966 4967
f 4966 4968 4969
f 4968 4970 4971
f 4970 4972 4973
f 4972 4974 4975
f 4974 4976 4977
f 4976 4978 4979
f 4978 4980 4981
f 4980 4982 4983
f 4982 4984 4985
f 4984 4986 4987
f 4986 4988 4989
f 4988 4990 4991
f 4990 4992 4993
f 4992 4994 4995
f 4994 4996 4997
f 4996 4998 4999
f 4998 5000 5001
f 5000 5002 5003
f 5002 5004 5005
f 5004 5006 5007
f 5006 5008 5009
f 5008 5010 5011
f 5010 5012 5013
f 5012 5014 5015
f 5014 5016 5017
f 5016 5018 5019
f 5018 5020 5021
f 5020 5022 5023
f 5022 5024 5025
f 5024 5026 5027
f 5026 5028 5029
f 5028 5030 5031
f 5030 5032 5033
f 5032 5034 5035
f 5034 5036 5037
f 5036 5038 5039
f 5038 5040 5041
f 5040 5042 5043
f 5042 5044 5045
f 5044 5046 5047
f 5046 5048 5049
f 5048 5050 5051
f 5050 5052 5053
f 5052 5054 5055
f 5054 5056 5057
f 5056 5058 5059
f 5058 5060 5061
f 5060 5062 5063
f 5062 5064 5065
f 5064 5066 5067
f 5066 5068 5069
f 5068 5070 5071
f 5070 5072 5073
f 5072 5074 5075
f 5074 5076 5077
f 5076 5078 5079
f 5078 5080 5081
f 5080 5082 5083
f 5082 5084 5085
f 5084 5086 5087
f 5086 5088 5089
f 5088 5090 5091
f 5090 5092 5093
f 5092 5094 5095
f 5094 5096 5097
f 5096 5098 5099
f 5098 5100 5101
f 5100 5102 5103
f 5102 5104 5105
f 5104 5106 5107
f 5106 5108 5109
f 5108 5110 5111
f 5110 5112 5113
f 5112 5114 5115
f 5114 5116 5117
f 5116 5118 5119
f 5118 5120 5121
f 5120 5122 5123
f 5122 5124 5125
f 5124 5126 5127
f 5126 5128 5129
f 5128 5130 5131
f 5130 5132 5133
f 5132 5134 5135
f 5134 5136 5137
f 5136 5138 5139
f 5138 5140 5141
f 5140 5142 5143
f 5142 5144 5145
f 5144 5146 5147
f 5146 5148 5149
f 5148 5150 5151
f 5150 5152 5153
f 5152 5154 5155
f 5154 5156 5157
f 5156 5158 5159
f 5158 5160 5161
f 5160 5162 5163
f 5162 5164 5165
f 5164 5166 5167
f 5166 5168 5169
f 5168 5170 5171
f 5170 5172 5173
f 5172 5174 5175
f 5174 5176 5177
f 5176 5178 5179
f 5178 5180 5181
f 5180 5182 5183
f 5182 5184 5185
f 5184 5186 5187
f 5186 5188 5189
f 5188 5190 5191
f 5190 5192 5193
f 5192 5194 5195
f 5194 5196 5197
f 5196 5198 5199
f 5198 5200 5201
f 5200 5202 5203
f 5202 5204 5205
f 5204 5206 5207
f 5206 5208 5209
f 5208 5210 5211
f 5210 5212 5213
f 5212 5214 5215
f 5214 5216 5217
f 5216 5218 5219
f 5218 5220 5221
f 5220 5222 5223
f 5222 5224 5225
f 5224 5226 5227
f 5226 5228 5229
f 5228 5230 5231
f 5230 5232 5233
f 5232 5234 5235
f 5234 5236 5237
f 5236 5238 5239
f 5238 5240 5241
f 5240 5242 5243
f 5242 5244 5245
f 5244 5246 5247
f 5246 5248 5249
f 5248 5250 5251
f 5250 5252 5253
f 5252 5254 5255
f 5254 5256 5257
f 5256 5258 5259
f 5258 5260 5261
f 5260 5262 5263
f 5262 5264 5265
f 5264 5266 5267
f 5266 5268 5269
f 5268 5270 5271
f 5270 5272 5273
f 5272 5274 5275
f 5274 5276 5277
f 5276 5278 5279
f 5278 5280 5281
f 5280 5282 5283
f 5282 5284 5285
f 5284 5286 5287
f 5286 5288 5289
f 5288 5290 5291
f 5290 5292 5293
f 5292 5294 5295
f 5294 5296 5297
f 5296 5298 5299
f 5298 5300 5301
f 5300 5302 5303
f 5302 5304 5305
f 5304 5306 5307
f 5306 5308 5309
f 5308 5310 5311
f 5310 5312 5313
f 5312 5314 5315
f 5314 5316 5317
f 5316 5318 5319
f 5318 5320 5321
f 5320 5322 5323
f 5322 5324 5325
f 5324 5326 5327
f 5326 5328 5329
f 5328 5330 5331
f 5330 5332 5333
f 5332 5334 5335
f 5334 5336 5337
f 5336 5338 5339
f 5338 5340 5341
f 5340 5342 5343
f 5342 5344 5345
f 5344 5346 5347
f 5346 5348 5349
f 5348 5350 5351
f 5350 5352 5353
f 5352 5354 5355
f 5354 5356 5357
f 5356 5358 5359
f 5358 5360 5361
f 5360 5362 5363
f 5362 5364 5365
f 5364 5366 5367
f 5366 5368 5369
f 5368 5370 5371
f 5370 5372 5373
f 5372 5374 5375
f 5374 5376 5377
f 5376 5378 5379
f 5378 5380 5381
f 5380 5382 5383
f 5382 5384 5385
f 5384 5386 5387
f 5386 5388 5389
f 5388 5390 5391
f 5390 5392 5393
f 5392 5394 5395
f 5394 5396 5397
f 5396 5398 5399
f 5398 4681 5400

o Shape_68
usemtl material_1
f 5401 5402 5403
f 5402 5404 5405
f 5404 5406 5407
f 5406 5408 5409
f 5408 5410 5411
f 5410 5412 5413
f 5412 5414 5415
f 5414 5416 5417
f 5416 5418 5419
f 5418 5420 5421
f 5420 5422 5423
f 5422 5424 5425
f 5424 5426 5427
f 5426 5428 5429
f 5428 5430 5431
f 5430 5432 5433
f 5432 5434 5435
f 5434 5436 5437
f 5436 5438 5439
f 5438 5440 5441
f 5440 5442 5443
f 5442 5444 5445
f 5444 5446 5447
f 5446 5448 5449
f 5448 5450 5451
f 5450 5452 5453
f 5452 5454 5455
f 5454 5456 5457
f 5456 5458 5459
f 5458 5460 5461
f 5460 5462 5463
f 5462 5464 5465
f 5464 5466 5467
f 5466 5468 5469
f 5468 5470 5471
f 5470 5472 5473
f 5472 5474 5475
f 5474 5476 5477
f 5476 5478 5479
f 5478 5480 5481
f 5480 5482 5483
f 5482 5484 5485
f 5484 5486 5487
f 5486 5488 5489
f 5488 5490 5491
f 5490 5492 5493
f 5492 5494 5495
f 5494 5496 5497
f 5496 5498 5499
f 5498 5500 5501
f 5500 5502 5503
f 5502 5504 5505
f 5504 5506 5507
f 5506 5508 5509
f 5508 5510 5511
f 5510 5512 5513
f 5512 5514 5515
f 5514 5516 5517
f 5516 5518 5519
f 5518 5520 5521
f 5520 5522 5523
f 5522 5524 5525
f 5524 5526 5527
f 5526 5528 5529
f 5528 5530 5531
f 5530 5532 5533
f 5532 5534 5535
f 5534 5536 5537
f 5536 5538 5539
f 5538 5540 5541
f 5540 5542 5543
f 5542 5544 5545
f 5544 5546 5547
f 5546 5548 5549
f 5548 5550 5551
f 5550 5552 5553
f 5552 5554 5555
f 5554 5556 5557
f 5556 5558 5559
f 5558 5560 5561
f 5560 5562 5563
f 5562 5564 5565
f 5564 5566 5567
f 5566 5568 5569
f 5568 5570 5571
f 5570 5572 5573
f 5572 5574 5575
f 5574 5576 5577
f 5576 5578 5579
f 5578 5580 5581
f 5580 5582 5583
f 5582 5584 5585
f 5584 5586 5587
f 5586 5588 5589
f 5588 5590 5591
f 5590 5592 5593
f 5592 5594 5595
f 5594 5596 5597
f 5596 5598 5599
f 5598 5600 5601
f 5600 5602 5603
f 5602 5604 5605
f 5604 5606 5607
f 5606 5608 5609
f 5608 5610 5611
f 5610 5612 5613
f 5612 5614 5615
f 5614 5616 5617
f 5616 5618 5619
f 5618 5620 5621
f 5620 5622 5623
f 5622 5624 5625
f 5624 5626 5627
f 5626 5628 5629
f 5628 5630 5631
f 5630 5632 5633
f 5632 5634 5635
f 5634 5636 5637
f 5636 5638 5639
f 5638 5640 5641
f 5640 5642 5643
f 5642 5644 5645
f 5644 5646 5647
f 5646 5648 5649
f 5648 5650 5651
f 5650 5652 5653
f 5652 5654 5655
f 5654 5656 5657
f 5656 5658 5659
f 5658 5660 5661
f 5660 5662 5663
f 5662 5664 5665
f 5664 5666 5667
f 5666 5668 5669
f 5668 5670 5671
f 5670 5672 5673
f 5672 5674 5675
f 5674 5676 5677
f 5676 5678 5679
f 5678 5680 5681
f 5680 5682 5683
f 5682 5684 5685
f 5684 5686 5687
f 5686 5688 5689
f 5688 5690 5691
f 5690 5692 5693
f 5692 5694 5695
f 5694 5696 5697
f 5696 5698 5699
f 5698 5700 5701
f 5700 5702 5703
f 5702 5704 5705
f 5704 5706 5707
f 5706 5708 5709
f 5708 5710 5711
f 5710 5712 5713
f 5712 5714 5715
f 5714 5716 5717
f 5716 5718 5719
f 5718 5720 5721
f 5720 5722 5723
f 5722 5724 5725
f 5724 5726 5727
f 5726 5728 5729
f 5728 5730 5731
f 5730 5732 5733
f 5732 5734 5735
f 5734 5736 5737
f 5736 5738 5739
f 5738 5740 5741
f 5740 5742 5743
f 5742 5744 5745
f 5744 5746 5747
f 5746 5748 5749
f 5748 5750 5751
f 5750 5752 5753
f 5752 5754 5755
f 5754 5756 5757
f 5756 5758 5759
f 5758 5760 5761
f 5760 5762 5763
f 5762 5764 5765
f 5764 5766 5767
f 5766 5768 5769
f 5768 5770 5771
f 5770 5772 5773
f 5772 5774 5775
f 5774 5776 5777
f 5776 5778 5779
f 5778 5780 5781
f 5780 5782 5783
f 5782 5784 5785
f 5784 5786 5787
f 5786 5788 5789
f 5788 5790 5791
f 5790 5792 5793
f 5792 5794 5795
f 5794 5796 5797
f 5796 5798 5799
f 5798 5800 5801
f 5800 5802 5803
f 5802 5804 5805
f 5804 5806 5807
f 5806 5808 5809
f 5808 5810 5811
f 5810 5812 5813
f 5812 5814 5815
f 5814 5816 5817
f 5816 5818 5819
f 5818 5820 5821
f 5820 5822 5823
f 5822 5824 5825
f 5824 5826 5827
f 5826 5828 5829
f 5828 5830 5831
f 5830 5832 5833
f 5832 5834 5835
f 5834 5836 5837
f 5836 5838 5839
f 5838 5840 5841
f 5840 5842 5843
f 5842 5844 5845
f 5844 5846 5847
f 5846 5848 5849
f 5848 5850 5851
f 5850 5852 5853
f 5852 5854 5855
f 5854 5856 5857
f 5856 5858 5859
f 5858 5860 5861
f 5860 5862 5863
f 5862 5864 5865
f 5864 5866 5867
f 5866 5868 5869
f 5868 5870 5871
f 5870 5872 5873
f 5872 5874 5875
f 5874 5876 5877
f 5876 5878 5879
f 5878 5880 5881
f 5880 5882 5883
f 5882 5884 5885
f 5884 5886 5887
f 5886 5888 5889
f 5888 5890 5891
f 5890 5892 5893
f 5892 5894 5895
f 5894 5896 5897
f 5896 5898 5899
f 5898 5900 5901
f 5900 5902 5903
f 5902 5904 5905
f 5904 5906 5907
f 5906 5908 5909
f 5908 5910 5911
f 5910 5912 5913
f 5912 5914 5915
f 5914 5916 5917
f 5916 5918 5919
f 5918 5920 5921
f 5920 5922 5923
f 5922 5924 5925
f 5924 5926 5927
f 5926 5928 5929
f 5928 5930 5931
f 5930 5932 5933
f 5932 5934 5935
f 5934 5936 5937
f 5936 5938 5939
f 5938 5940 5941
f 5940 5942 5943
f 5942 5944 5945
f 5944 5946 5947
f 5946 5948 5949
f 5948 5950 5951
f 5950 5952 5953
f 5952 5954 5955
f 5954 5956 5957
f 5956 5958 5959
f 5958 5960 5961
f 5960 5962 5963
f 5962 5964 5965
f 5964 5966 5967
f 5966 5968 5969
f 5968 5970 5971
f 5970 5972 5973
f 5972 5974 5975
f 5974 5976 5977
f 5976 5978 5979
f 5978 5980 5981
f 5980 5982 5983
f 5982 5984 5985
f 5984 5986 5987
f 5986 5988 5989
f 5988 5990 5991
f 5990 5992 5993
f 5992 5994 5995
f 5994 5996 5997
f 5996 5998 5999
f 5998 6000 6001
f 6000 6002 6003
f 6002 6004 6005
f 6004 6006 6007
f 6006 6008 6009
f 6008 6010 6011
f 6010 6012 6013
f 6012 6014 6015
f 6014 6016 6017
f 6016 6018 6019
f 6018 6020 6021
f 6020 6022 6023
f 6022 6024 6025
f 6024 6026 6027
f 6026 6028 6029
f 6028 6030 6031
f 6030 6032 6033
f 6032 6034 6035
f 6034 6036 6037
f 6036 6038 6039
f 6038 6040 6041
f 6040 6042 6043
f 6042 6044 6045
f 6044 6046 6047
f 6046 6048 6049
f 6048 6050 6051
f 6050 6052 6053
f 6052 6054 6055
f 6054 6056 6057
f 6056 6058 6059
f 6058 6060 6061
f 6060 6062 6063
f 6062 6064 6065
f 6064 6066 6067
f 6066 6068 6069
f 6068 6070 6071
f 6070 6072 6073
f 6072 6074 6075
f 6074 6076 6077
f 6076 6078 6079
f 6078 6080 6081
f 6080 6082 6083
f 6082 6084 6085
f 6084 6086 6087
f 6086 6088 6089
f 6088 6090 6091
f 6090 6092 6093
f 6092 6094 6095
f 6094 6096 6097
f 6096 6098 6099
f 6098 6100 6101
f 6100 6102 6103
f 6102 6104 6105
f 6104 6106 6107
f 6106 6108 6109
f 6108 6110 6111
f 6110 6112 6113
f 6112 6114 6115
f 6114 6116 6117
f 6116 6118 6119
f 6118 5401 6120

o Shape_69
usemtl material_1
f 3961 3962 3963
f 3962 3964 3965
f 3964 3966 3967
f 3966 3968 3969
f 3968 3970 3971
f 3970 3972 3973
f 3972 3974 3975
f 3974 3976 3977
f 3976 3978 3979
f 3978 3980 3981
f 3980 3982 3983
f 3982 3984 3985
f 3984 3986 3987
f 3986 3988 3989
f 3988 3990 3991
f 3990 3992 3993
f 3992 3994 3995
f 3994 3996 3997
f 3996 3998 3999
f 3998 4000 4001
f 4000 4002 4003
f 4002 4004 4005
f 4004 4006 4007
f 4006 4008 4009
f 4008 4010 4011
f 4010 4012 4013
f 4012 4014 4015
f 4014 4016 4017
f 4016 4018 4019
f 4018 4020 4021
f 4020 4022 4023
f 4022 4024 4025
f 4024 4026 4027
f 4026 4028 4029
f 4028 4030 4031
f 4030 4032 4033
f 4032 4034 4035
f 4034 4036 4037
f 4036 4038 4039
f 4038 4040 4041
f 4040 4042 4043
f 4042 4044 4045
f 4044 4046 4047
f 4046 4048 4049
f 4048 4050 4051
f 4050 4052 4053
f 4052 4054 4055
f 4054 4056 4057
f 4056 4058 4059
f 4058 4060 4061
f 4060 4062 4063
f 4062 4064 4065
f 4064 4066 4067
f 4066 4068 4069
f 4068 4070 4071
f 4070 4072 4073
f 4072 4074 4075
f 4074 4076 4077
f 4076 4078 4079
f 4078 4080 4081
f 4080 4082 4083
f 4082 4084 4085
f 4084 4086 4087
f 4086 4088 4089
f 4088 4090 4091
f 4090 4092 4093
f 4092 4094 4095
f 4094 4096 4097
f 4096 4098 4099
f 4098 4100 4101
f 4100 4102 4103
f 4102 4104 4105
f 4104 4106 4107
f 4106 4108 4109
f 4108 4110 4111
f 4110 4112 4113
f 4112 4114 4115
f 4114 4116 4117
f 4116 4118 4119
f 4118 4120 4121
f 4120 4122 4123
f 4122 4124 4125
f 4124 4126 4127
f 4126 4128 4129
f 4128 4130 4131
f 4130 4132 4133
f 4132 4134 4135
f 4134 4136 4137
f 4136 4138 4139
f 4138 4140 4141
f 4140 4142 4143
f 4142 4144 4145
f 4144 4146 4147
f 4146 4148 4149
f 4148 4150 4151
f 4150 4152 4153
f 4152 4154 4155
f 4154 4156 4157
f 4156 4158 4159
f 4158 4160 4161
f 4160 4162 4163
f 4162 4164 4165
f 4164 4166 4167
f 4166 4168 4169
f 4168 4170 4171
f 4170 4172 4173
f 4172 4174 4175
f 4174 4176 4177
f 4176 4178 4179
f 4178 4180 4181
f 4180 4182 4183
f 4182 4184 4185
f 4184 4186 4187
f 4186 4188 4189
f 4188 4190 4191
f 4190 4192 4193
f 4192 4194 4195
f 4194 4196 4197
f 4196 4198 4199
f 4198 4200 4201
f 4200 4202 4203
f 4202 4204 4205
f 4204 4206 4207
f 4206 4208 4209
f 4208 4210 4211
f 4210 4212 4213
f 4212 4214 4215
f 4214 4216 4217
f 4216 4218 4219
f 4218 4220 4221
f 4220 4222 4223
f 4222 4224 4225
f 4224 4226 4227
f 4226 4228 4229
f 4228 4230 4231
f 4230 4232 4233
f 4232 4234 4235
f 4234 4236 4237
f 4236 4238 4239
f 4238 4240 4241
f 4240 4242 4243
f 4242 4244 4245
f 4244 4246 4247
f 4246 4248 4249
f 4248 4250 4251
f 4250 4252 4253
f 4252 4254 4255
f 4254 4256 4257
f 4256 4258 4259
f 4258 4260 4261
f 4260 4262 4263
f 4262 4264 4265
f 4264 4266 4267
f 4266 4268 4269
f 4268 4270 4271
f 4270 4272 4273
f 4272 4274 4275
f 4274 4276 4277
f 4276 4278 4279
f 4278 4280 4281
f 4280 4282 4283
f 4282 4284 4285
f 4284 4286 4287
f 4286 4288 4289
f 4288 4290 4291
f 4290 4292 4293
f 4292 4294 4295
f 4294 4296 4297
f 4296 4298 4299
f 4298 4300 4301
f 4300 4302 4303
f 4302 4304 4305
f 4304 4306 4307
f 4306 4308 4309
f 4308 4310 4311
f 4310 4312 4313
f 4312 4314 4315
f 4314 4316 4317
f 4316 4318 4319
f 4318 4320 4321
f 4320 4322 4323
f 4322 4324 4325
f 4324 4326 4327
f 4326 4328 4329
f 4328 4330 4331
f 4330 4332 4333
f 4332 4334 4335
f 4334 4336 4337
f 4336 4338 4339
f 4338 4340 4341
f 4340 4342 4343
f 4342 4344 4345
f 4344 4346 4347
f 4346 4348 4349
f 4348 4350 4351
f 4350 4352 4353
f 4352 4354 4355
f 4354 4356 4357
f 4356 4358 4359
f 4358 4360 4361
f 4360 4362 4363
f 4362 4364 4365
f 4364 4366 4367
f 4366 4368 4369
f 4368 4370 4371
f 4370 4372 4373
f 4372 4374 4375
f 4374 4376 4377
f 4376 4378 4379
f 4378 4380 4381
f 4380 4382 4383
f 4382 4384 4385
f 4384 4386 4387
f 4386 4388 4389
f 4388 4390 4391
f 4390 4392 4393
f 4392 4394 4395
f 4394 4396 4397
f 4396 4398 4399
f 4398 4400 4401
f 4400 4402 4403
f 4402 4404 4405
f 4404 4406 4407
f 4406 4408 4409
f 4408 4410 4411
f 4410 4412 4413
f 4412 4414 4415
f 4414 4416 4417
f 4416 4418 4419
f 4418 4420 4421
f 4420 4422 4423
f 4422 4424 4425
f 4424 4426 4427
f 4426 4428 4429
f 4428 4430 4431
f 4430 4432 4433
f 4432 4434 4435
f 4434 4436 4437
f 4436 4438 4439
f 4438 4440 4441
f 4440 4442 4443
f 4442 4444 4445
f 4444 4446 4447
f 4446 4448 4449
f 4448 4450 4451
f 4450 4452 4453
f 4452 4454 4455
f 4454 4456 4457
f 4456 4458 4459
f 4458 4460 4461
f 4460 4462 4463
f 4462 4464 4465
f 4464 4466 4467
f 4466 4468 4469
f 4468 4470 4471
f 4470 4472 4473
f 4472 4474 4475
f 4474 4476 4477
f 4476 4478 4479
f 4478 4480 4481
f 4480 4482 4483
f 4482 4484 4485
f 4484 4486 4487
f 4486 4488 4489
f 4488 4490 4491
f 4490 4492 4493
f 4492 4494 4495
f 4494 4496 4497
f 4496 4498 4499
f 4498 4500 4501
f 4500 4502 4503
f 4502 4504 4505
f 4504 4506 4507
f 4506 4508 4509
f 4508 4510 4511
f 4510 4512 4513
f 4512 4514 4515
f 4514 4516 4517
f 4516 4518 4519
f 4518 4520 4521
f 4520 4522 4523
f 4522 4524 4525
f 4524 4526 4527
f 4526 4528 4529
f 4528 4530 4531
f 4530 4532 4533
f 4532 4534 4535
f 4534 4536 4537
f 4536 4538 4539
f 4538 4540 4541
f 4540 4542 4543
f 4542 4544 4545
f 4544 4546 4547
f 4546 4548 4549
f 4548 4550 4551
f 4550 4552 4553
f 4552 4554 4555
f 4554 4556 4557
f 4556 4558 4559
f 4558 4560 4561
f 4560 4562 4563
f 4562 4564 4565
f 4564 4566 4567
f 4566 4568 4569
f 4568 4570 4571
f 4570 4572 4573
f 4572 4574 4575
f 4574 4576 4577
f 4576 4578 4579
f 4578 4580 4581
f 4580 4582 4583
f 4582 4584 4585
f 4584 4586 4587
f 4586 4588 4589
f 4588 4590 4591
f 4590 4592 4593
f 4592 4594 4595
f 4594 4596 4597
f 4596 4598 4599
f 4598 4600 4601
f 4600 4602 4603
f 4602 4604 4605
f 4604 4606 4607
f 4606 4608 4609
f 4608 4610 4611
f 4610 4612 4613
f 4612 4614 4615
f 4614 4616 4617
f 4616 4618 4619
f 4618 4620 4621
f 4620 4622 4623
f 4622 4624 4625
f 4624 4626 4627
f 4626 4628 4629
f 4628 4630 4631
f 4630 4632 4633
f 4632 4634 4635
f 4634 4636 4637
f 4636 4638 4639
f 4638 4640 4641
f 4640 4642 4643
f 4642 4644 4645
f 4644 4646 4647
f 4646 4648 4649
f 4648 4650 4651
f 4650 4652 4653
f 4652 4654 4655
f 4654 4656 4657
f 4656 4658 4659
f 4658 4660 4661
f 4660 4662 4663
f 4662 4664 4665
f 4664 4666 4667
f 4666 4668 4669
f 4668 4670 4671
f 4670 4672 4673
f 4672 4674 4675
f 4674 4676 4677
f 4676 4678 4679
f 4678 3961 4680

o Shape_70
usemtl material_1
f 3241 3242 3243
f 3242 3244 3245
f 3244 3246 3247
f 3246 3248 3249
f 3248 3250 3251
f 3250 3252 3253
f 3252 3254 3255
f 3254 3256 3257
f 3256 3258 3259
f 3258 3260 3261
f 3260 3262 3263
f 3262 3264 3265
f 3264 3266 3267
f 3266 3268 3269
f 3268 3270 3271
f 3270 3272 3273
f 3272 3274 3275
f 3274 3276 3277
f 3276 3278 3279
f 3278 3280 3281
f 3280 3282 3283
f 3282 3284 3285
f 3284 3286 3287
f 3286 3288 3289
f 3288 3290 3291
f 3290 3292 3293
f 3292 3294 3295
f 3294 3296 3297
f 3296 3298 3299
f 3298 3300 3301
f 3300 3302 3303
f 3302 3304 3305
f 3304 3306 3307
f 3306 3308 3309
f 3308 3310 3311
f 3310 3312 3313
f 3312 3314 3315
f 3314 3316 3317
f 3316 3318 3319
f 3318 3320 3321
f 3320 3322 3323
f 3322 3324 3325
f 3324 3326 3327
f 3326 3328 3329
f 3328 3330 3331
f 3330 3332 3333
f 3332 3334 3335
f 3334 3336 3337
f 3336 3338 3339
f 3338 3340 3341
f 3340 3342 3343
f 3342 3344 3345
f 3344 3346 3347
f 3346 3348 3349
f 3348 3350 3351
f 3350 3352 3353
f 3352 3354 3355
f 3354 3356 3357
f 3356 3358 3359
f 3358 3360 3361
f 3360 3362 3363
f 3362 3364 3365
f 3364 3366 3367
f 3366 3368 3369
f 3368 3370 3371
f 3370 3372 3373
f 3372 3374 3375
f 3374 3376 3377
f 3376 3378 3379
f 3378 3380 3381
f 3380 3382 3383
f 3382 3384 3385
f 3384 3386 3387
f 3386 3388 3389
f 3388 3390 3391
f 3390 3392 3393
f 3392 3394 3395
f 3394 3396 3397
f 3396 3398 3399
f 3398 3400 3401
f 3400 3402 3403
f 3402 3404 3405
f 3404 3406 3407
f 3406 3408 3409
f 3408 3410 3411
f 3410 3412 3413
f 3412 3414 3415
f 3414 3416 3417
f 3416 3418 3419
f 3418 3420 3421
f 3420 3422 3423
f 3422 3424 3425
f 3424 3426 3427
f 3426 3428 3429
f 3428 3430 3431
f 3430 3432 3433
f 3432 3434 3435
f 3434 3436 3437
f 3436 3438 3439
f 3438 3440 3441
f 3440 3442 3443
f 3442 3444 3445
f 3444 3446 3447
f 3446 3448 3449
f 3448 3450 3451
f 3450 3452 3453
f 3452 3454 3455
f 3454 3456 3457
f 3456 3458 3459
f 3458 3460 3461
f 3460 3462 3463
f 3462 3464 3465
f 3464 3466 3467
f 3466 3468 3469
f 3468 3470 3471
f 3470 3472 3473
f 3472 3474 3475
f 3474 3476 3477
f 3476 3478 3479
f 3478 3480 3481
f 3480 3482 3483
f 3482 3484 3485
f 3484 3486 3487
f 3486 3488 3489
f 3488 3490 3491
f 3490 3492 3493
f 3492 3494 3495
f 3494 3496 3497
f 3496 3498 3499
f 3498 3500 3501
f 3500 3502 3503
f 3502 3504 3505
f 3504 3506 3507
f 3506 3508 3509
f 3508 3510 3511
f 3510 3512 3513
f 3512 3514 3515
f 3514 3516 3517
f 3516 3518 3519
f 3518 3520 3521
f 3520 3522 3523
f 3522 3524 3525
f 3524 3526 3527
f 3526 3528 3529
f 3528 3530 3531
f 3530 3532 3533
f 3532 3534 3535
f 3534 3536 3537
f 3536 3538 3539
f 3538 3540 3541
f 3540 3542 3543
f 3542 3544 3545
f 3544 3546 3547
f 3546 3548 3549
f 3548 3550 3551
f 3550 3552 3553
f 3552 3554 3555
f 3554 3556 3557
f 3556 3558 3559
f 3558 3560 3561
f 3560 3562 3563
f 3562 3564 3565
f 3564 3566 3567
f 3566 3568 3569
f 3568 3570 3571
f 3570 3572 3573
f 3572 3574 3575
f 3574 3576 3577
f 3576 3578 3579
f 3578 3580 3581
f 3580 3582 3583
f 3582 3584 3585
f 3584 3586 3587
f 3586 3588 3589
f 3588 3590 3591
f 3590 3592 3593
f 3592 3594 3595
f 3594 3596 3597
f 3596 3598 3599
f 3598 3600 3601
f 3600 3602 3603
f 3602 3604 3605
f 3604 3606 3607
f 3606 3608 3609
f 3608 3610 3611
f 3610 3612 3613
f 3612 3614 3615
f 3614 3616 3617
f 3616 3618 3619
f 3618 3620 3621
f 3620 3622 3623
f 3622 3624 3625
f 3624 3626 3627
f 3626 3628 3629
f 3628 3630 3631
f 3630 3632 3633
f 3632 3634 3635
f 3634 3636 3637
f 3636 3638 3639
f 3638 3640 3641
f 3640 3642 3643
f 3642 3644 3645
f 3644 3646 3647
f 3646 3648 3649
f 3648 3650 3651
f 3650 3652 3653
f 3652 3654 3655
f 3654 3656 3657
f 3656 3658 3659
f 3658 3660 3661
f 3660 3662 3663
f 3662 3664 3665
f 3664 3666 3667
f 3666 3668 3669
f 3668 3670 3671
f 3670 3672 3673
f 3672 3674 3675
f 3674 3676 3677
f 3676 3678 3679
f 3678 3680 3681
f 3680 3682 3683
f 3682 3684 3685
f 3684 3686 3687
f 3686 3688 3689
f 3688 3690 3691
f 3690 3692 3693
f 3692 3694 3695
f 3694 3696 3697
f 3696 3698 3699
f 3698 3700 3701
f 3700 3702 3703
f 3702 3704 3705
f 3704 3706 3707
f 3706 3708 3709
f 3708 3710 3711
f 3710 3712 3713
f 3712 3714 3715
f 3714 3716 3717
f 3716 3718 3719
f 3718 3720 3721
f 3720 3722 3723
f 3722 3724 3725
f 3724 3726 3727
f 3726 3728 3729
f 3728 3730 3731
f 3730 3732 3733
f 3732 3734 3735
f 3734 3736 3737
f 3736 3738 3739
f 3738 3740 3741
f 3740 3742 3743
f 3742 3744 3745
f 3744 3746 3747
f 3746 3748 3749
f 3748 3750 3751
f 3750 3752 3753
f 3752 3754 3755
f 3754 3756 3757
f 3756 3758 3759
f 3758 3760 3761
f 3760 3762 3763
f 3762 3764 3765
f 3764 3766 3767
f 3766 3768 3769
f 3768 3770 3771
f 3770 3772 3773
f 3772 3774 3775
f 3774 3776 3777
f 3776 3778 3779
f 3778 3780 3781
f 3780 3782 3783
f 3782 3784 3785
f 3784 3786 3787
f 3786 3788 3789
f 3788 3790 3791
f 3790 3792 3793
f 3792 3794 3795
f 3794 3796 3797
f 3796 3798 3799
f 3798 3800 3801
f 3800 3802 3803
f 3802 3804 3805
f 3804 3806 3807
f 3806 3808 3809
f 3808 3810 3811
f 3810 3812 3813
f 3812 3814 3815
f 3814 3816 3817
f 3816 3818 3819
f 3818 3820 3821
f 3820 3822 3823
f 3822 3824 3825
f 3824 3826 3827
f 3826 3828 3829
f 3828 3830 3831
f 3830 3832 3833
f 3832 3834 3835
f 3834 3836 3837
f 3836 3838 3839
f 3838 3840 3841
f 3840 3842 3843
f 3842 3844 3845
f 3844 3846 3847
f 3846 3848 3849
f 3848 3850 3851
f 3850 3852 3853
f 3852 3854 3855
f 3854 3856 3857
f 3856 3858 3859
f 3858 3860 3861
f 3860 3862 3863
f 3862 3864 3865
f 3864 3866 3867
f 3866 3868 3869
f 3868 3870 3871
f 3870 3872 3873
f 3872 3874 3875
f 3874 3876 3877
f 3876 3878 3879
f 3878 3880 3881
f 3880 3882 3883
f 3882 3884 3885
f 3884 3886 3887
f 3886 3888 3889
f 3888 3890 3891
f 3890 3892 3893
f 3892 3894 3895
f 3894 3896 3897
f 3896 3898 3899
f 3898 3900 3901
f 3900 3902 3903
f 3902 3904 3905
f 3904 3906 3907
f 3906 3908 3909
f 3908 3910 3911
f 3910 3912 3913
f 3912 3914 3915
f 3914 3916 3917
f 3916 3918 3919
f 3918 3920 3921
f 3920 3922 3923
f 3922 3924 3925
f 3924 3926 3927
f 3926 3928 3929
f 3928 3930 3931
f 3930 3932 3933
f 3932 3934 3935
f 3934 3936 3937
f 3936 3938 3939
f 3938 3940 3941
f 3940 3942 3943
f 3942 3944 3945
f 3944 3946 3947
f 3946 3948 3949
f 3948 3950 3951
f 3950 3952 3953
f 3952 3954 3955
f 3954 3956 3957
f 3956 3958 3959
f 3958 3241 3960

o Shape_71
usemtl material_1
f 6121 6122 6123
f 6122 6124 6125
f 6124 6126 6127
f 6126 6128 6129
f 6128 6130 6131
f 6130 6132 6133
f 6132 6134 6135
f 6134 6136 6137
f 6136 6138 6139
f 6138 6140 6141
f 6140 6142 6143
f 6142 6144 6145
f 6144 6146 6147
f 6146 6148 6149
f 6148 6150 6151
f 6150 6152 6153
f 6152 6154 6155
f 6154 6156 6157
f 6156 6158 6159
f 6158 6160 6161
f 6160 6162 6163
f 6162 6164 6165
f 6164 6166 6167
f 6166 6168 6169
f 6168 6170 6171
f 6170 6172 6173
f 6172 6174 6175
f 6174 6176 6177
f 6176 6178 6179
f 6178 6180 6181
f 6180 6182 6183
f 6182 6184 6185
f 6184 6186 6187
f 6186 6188 6189
f 6188 6190 6191
f 6190 6192 6193
f 6192 6194 6195
f 6194 6196 6197
f 6196 6198 6199
f 6198 6200 6201
f 6200 6202 6203
f 6202 6204 6205
f 6204 6206 6207
f 6206 6208 6209
f 6208 6210 6211
f 6210 6212 6213
f 6212 6214 6215
f 6214 6216 6217
f 6216 6218 6219
f 6218 6220 6221
f 6220 6222 6223
f 6222 6224 6225
f 6224 6226 6227
f 6226 6228 6229
f 6228 6230 6231
f 6230 6232 6233
f 6232 6234 6235
f 6234 6236 6237
f 6236 6238 6239
f 6238 6240 6241
f 6240 6242 6243
f 6242 6244 6245
f 6244 6246 6247
f 6246 6248 6249
f 6248 6250 6251
f 6250 6252 6253
f 6252 6254 6255
f 6254 6256 6257
f 6256 6258 6259
f 6258 6260 6261
f 6260 6262 6263
f 6262 6264 6265
f 6264 6266 6267
f 6266 6268 6269
f 6268 6270 6271
f 6270 6272 6273
f 6272 6274 6275
f 6274 6276 6277
f 6276 6278 6279
f 6278 6280 6281
f 6280 6282 6283
f 6282 6284 6285
f 6284 6286 6287
f 6286 6288 6289
f 6288 6290 6291
f 6290 6292 6293
f 6292 6294 6295
f 6294 6296 6297
f 6296 6298 6299
f 6298 6300 6301
f 6300 6302 6303
f 6302 6304 6305
f 6304 6306 6307
f 6306 6308 6309
f 6308 6310 6311
f 6310 6312 6313
f 6312 6314 6315
f 6314 6316 6317
f 6316 6318 6319
f 6318 6320 6321
f 6320 6322 6323
f 6322 6324 6325
f 6324 6326 6327
f 6326 6328 6329
f 6328 6330 6331
f 6330 6332 6333
f 6332 6334 6335
f 6334 6336 6337
f 6336 6338 6339
f 6338 6340 6341
f 6340 6342 6343
f 6342 6344 6345
f 6344 6346 6347
f 6346 6348 6349
f 6348 6350 6351
f 6350 6352 6353
f 6352 6354 6355
f 6354 6356 6357
f 6356 6358 6359
f 6358 6360 6361
f 6360 6362 6363
f 6362 6364 6365
f 6364 6366 6367
f 6366 6368 6369
f 6368 6370 6371
f 6370 6372 6373
f 6372 6374 6375
f 6374 6376 6377
f 6376 6378 6379
f 6378 6380 6381
f 6380 6382 6383
f 6382 6384 6385
f 6384 6386 6387
f 6386 6388 6389
f 6388 6390 6391
f 6390 6392 6393
f 6392 6394 6395
f 6394 6396 6397
f 6396 6398 6399
f 6398 6400 6401
f 6400 6402 6403
f 6402 6404 6405
f 6404 6406 6407
f 6406 6408 6409
f 6408 6410 6411
f 6410 6412 6413
f 6412 6414 6415
f 6414 6416 6417
f 6416 6418 6419
f 6418 6420 6421
f 6420 6422 6423
f 6422 6424 6425
f 6424 6426 6427
f 6426 6428 6429
f 6428 6430 6431
f 6430 6432 6433
f 6432 6434 6435
f 6434 6436 6437
f 6436 6438 6439
f 6438 6440 6441
f 6440 6442 6443
f 6442 6444 6445
f 6444 6446 6447
f 6446 6448 6449
f 6448 6450 6451
f 6450 6452 6453
f 6452 6454 6455
f 6454 6456 6457
f 6456 6458 6459
f 6458 6460 6461
f 6460 6462 6463
f 6462 6464 6465
f 6464 6466 6467
f 6466 6468 6469
f 6468 6470 6471
f 6470 6472 6473
f 6472 6474 6475
f 6474 6476 6477
f 6476 6478 6479
f 6478 6480 6481
f 6480 6482 6483
f 6482 6484 6485
f 6484 6486 6487
f 6486 6488 6489
f 6488 6490 6491
f 6490 6492 6493
f 6492 6494 6495
f 6494 6496 6497
f 6496 6498 6499
f 6498 6500 6501
f 6500 6502 6503
f 6502 6504 6505
f 6504 6506 6507
f 6506 6508 6509
f 6508 6510 6511
f 6510 6512 6513
f 6512 6514 6515
f 6514 6516 6517
f 6516 6518 6519
f 6518 6520 6521
f 6520 6522 6523
f 6522 6524 6525
f 6524 6526 6527
f 6526 6528 6529
f 6528 6530 6531
f 6530 6532 6533
f 6532 6534 6535
f 6534 6536 6537
f 6536 6538 6539
f 6538 6540 6541
f 6540 6542 6543
f 6542 6544 6545
f 6544 6546 6547
f 6546 6548 6549
f 6548 6550 6551
f 6550 6552 6553
f 6552 6554 6555
f 6554 6556 6557
f 6556 6558 6559
f 6558 6560 6561
f 6560 6562 6563
f 6562 6564 6565
f 6564 6566 6567
f 6566 6568 6569
f 6568 6570 6571
f 6570 6572 6573
f 6572 6574 6575
f 6574 6576 6577
f 6576 6578 6579
f 6578 6580 6581
f 6580 6582 6583
f 6582 6584 6585
f 6584 6586 6587
f 6586 6588 6589
f 6588 6590 6591
f 6590 6592 6593
f 6592 6594 6595
f 6594 6596 6597
f 6596 6598 6599
f 6598 6600 6601
f 6600 6602 6603
f 6602 6604 6605
f 6604 6606 6607
f 6606 6608 6609
f 6608 6610 6611
f 6610 6612 6613
f 6612 6614 6615
f 6614 6616 6617
f 6616 6618 6619
f 6618 6620 6621
f 6620 6622 6623
f 6622 6624 6625
f 6624 6626 6627
f 6626 6628 6629
f 6628 6630 6631
f 6630 6632 6633
f 6632 6634 6635
f 6634 6636 6637
f 6636 6638 6639
f 6638 6640 6641
f 6640 6642 6643
f 6642 6644 6645
f 6644 6646 6647
f 6646 6648 6649
f 6648 6650 6651
f 6650 6652 6653
f 6652 6654 6655
f 6654 6656 6657
f 6656 6658 6659
f 6658 6660 6661
f 6660 6662 6663
f 6662 6664 6665
f 6664 6666 6667
f 6666 6668 6669
f 6668 6670 6671
f 6670 6672 6673
f 6672 6674 6675
f 6674 6676 6677
f 6676 6678 6679
f 6678 6680 6681
f 6680 6682 6683
f 6682 6684 6685
f 6684 6686 6687
f 6686 6688 6689
f 6688 6690 6691
f 6690 6692 6693
f 6692 6694 6695
f 6694 6696 6697
f 6696 6698 6699
f 6698 6700 6701
f 6700 6702 6703
f 6702 6704 6705
f 6704 6706 6707
f 6706 6708 6709
f 6708 6710 6711
f 6710 6712 6713
f 6712 6714 6715
f 6714 6716 6717
f 6716 6718 6719
f 6718 6720 6721
f 6720 6722 6723
f 6722 6724 6725
f 6724 6726 6727
f 6726 6728 6729
f 6728 6730 6731
f 6730 6732 6733
f 6732 6734 6735
f 6734 6736 6737
f 6736 6738 6739
f 6738 6740 6741
f 6740 6742 6743
f 6742 6744 6745
f 6744 6746 6747
f 6746 6748 6749
f 6748 6750 6751
f 6750 6752 6753
f 6752 6754 6755
f 6754 6756 6757
f 6756 6758 6759
f 6758 6760 6761
f 6760 6762 6763
f 6762 6764 6765
f 6764 6766 6767
f 6766 6768 6769
f 6768 6770 6771
f 6770 6772 6773
f 6772 6774 6775
f 6774 6776 6777
f 6776 6778 6779
f 6778 6780 6781
f 6780 6782 6783
f 6782 6784 6785
f 6784 6786 6787
f 6786 6788 6789
f 6788 6790 6791
f 6790 6792 6793
f 6792 6794 6795
f 6794 6796 6797
f 6796 6798 6799
f 6798 6800 6801
f 6800 6802 6803
f 6802 6804 6805
f 6804 6806 6807
f 6806 6808 6809
f 6808 6810 6811
f 6810 6812 6813
f 6812 6814 6815
f 6814 6816 6817
f 6816 6818 6819
f 6818 6820 6821
f 6820 6822 6823
f 6822 6824 6825
f 6824 6826 6827
f 6826 6828 6829
f 6828 6830 6831
f 6830 6832 6833
f 6832 6834 6835
f 6834 6836 6837
f 6836 6838 6839
f 6838 6121 6840

