mtllib 15190_D-007.mtl

v 603.7709 222.2741 22501.9100
v 603.7697 222.1440 22501.9100
v 603.7706 222.2083 22501.9100
v 603.7664 222.0140 22501.9100
v 603.7683 222.0783 22501.9100
v 603.7607 221.8840 22501.9100
v 603.7637 221.9483 22501.9100
v 603.7527 221.7542 22501.9100
v 603.7569 221.8183 22501.9100
v 603.7425 221.6245 22501.9100
v 603.7479 221.6886 22501.9100
v 603.7300 221.4950 22501.9100
v 603.7365 221.5590 22501.9100
v 603.7153 221.3658 22501.9100
v 603.7229 221.4296 22501.9100
v 603.6984 221.2368 22501.9100
v 603.7070 221.3005 22501.9100
v 603.6791 221.1081 22501.9100
v 603.6889 221.1717 22501.9100
v 603.6577 220.9798 22501.9100
v 603.6685 221.0432 22501.9100
v 603.6339 220.8519 22501.9100
v 603.6459 220.9151 22501.9100
v 603.6080 220.7245 22501.9100
v 603.6211 220.7874 22501.9100
v 603.5798 220.5975 22501.9100
v 603.5941 220.6602 22501.9100
v 603.5495 220.4710 22501.9100
v 603.5648 220.5334 22501.9100
v 603.5169 220.3450 22501.9100
v 603.5333 220.4072 22501.9100
v 603.4821 220.2197 22501.9100
v 603.4996 220.2815 22501.9100
v 603.4452 220.0949 22501.9100
v 603.4637 220.1565 22501.9100
v 603.4061 219.9709 22501.9100
v 603.4257 220.0321 22501.9100
v 603.3648 219.8475 22501.9100
v 603.3854 219.9084 22501.9100
v 603.3214 219.7249 22501.9100
v 603.3431 219.7854 22501.9100
v 603.2758 219.6030 22501.9100
v 603.2986 219.6631 22501.9100
v 603.2281 219.4820 22501.9100
v 603.2520 219.5417 22501.9100
v 603.1783 219.3618 22501.9100
v 603.2032 219.4211 22501.9100
v 603.1265 219.2425 22501.9100
v 603.1524 219.3014 22501.9100
v 603.0725 219.1241 22501.9100
v 603.0995 219.1825 22501.9100
v 603.0165 219.0067 22501.9100
v 603.0445 219.0646 22501.9100
v 602.9585 218.8903 22501.9100
v 602.9874 218.9477 22501.9100
v 602.8984 218.7749 22501.9100
v 602.9283 218.8318 22501.9100
v 602.8364 218.6606 22501.9100
v 602.8672 218.7170 22501.9100
v 602.7723 218.5474 22501.9100
v 602.8042 218.6032 22501.9100
v 602.7063 218.4353 22501.9100
v 602.7391 218.4905 22501.9100
v 602.6383 218.3244 22501.9100
v 602.6721 218.3790 22501.9100
v 602.5684 218.2147 22501.9100
v 602.6032 218.2687 22501.9100
v 602.4966 218.1062 22501.9100
v 602.5323 218.1596 22501.9100
v 602.4229 217.9990 22501.9100
v 602.4596 218.0518 22501.9100
v 602.3474 217.8931 22501.9100
v 602.3849 217.9453 22501.9100
v 602.2700 217.7885 22501.9100
v 602.3085 217.8400 22501.9100
v 602.1908 217.6853 22501.9100
v 602.2302 217.7361 22501.9100
v 602.1098 217.5835 22501.9100
v 602.1501 217.6336 22501.9100
v 602.0271 217.4831 22501.9100
v 602.0682 217.5325 22501.9100
v 601.9426 217.3842 22501.9100
v 601.9846 217.4329 22501.9100
v 601.8564 217.2868 22501.9100
v 601.8992 217.3347 22501.9100
v 601.7685 217.1909 22501.9100
v 601.8121 217.2381 22501.9100
v 601.6790 217.0965 22501.9100
v 601.7234 217.1429 22501.9100
v 601.5878 217.0037 22501.9100
v 601.6331 217.0494 22501.9100
v 601.4950 216.9125 22501.9100
v 601.5411 216.9574 22501.9100
v 601.4006 216.8230 22501.9100
v 601.4475 216.8670 22501.9100
v 601.3047 216.7351 22501.9100
v 601.3524 216.7783 22501.9100
v 601.2073 216.6489 22501.9100
v 601.2557 216.6913 22501.9100
v 601.1084 216.5644 22501.9100
v 601.1575 216.6060 22501.9100
v 601.0080 216.4817 22501.9100
v 601.0578 216.5223 22501.9100
v 600.9062 216.4007 22501.9100
v 600.9567 216.4405 22501.9100
v 600.8030 216.3215 22501.9100
v 600.8542 216.3604 22501.9100
v 600.6984 216.2441 22501.9100
v 600.7503 216.2821 22501.9100
v 600.5925 216.1686 22501.9100
v 600.6450 216.2057 22501.9100
v 600.4853 216.0949 22501.9100
v 600.5385 216.1311 22501.9100
v 600.3768 216.0231 22501.9100
v 600.4306 216.0583 22501.9100
v 600.2672 215.9532 22501.9100
v 600.3215 215.9875 22501.9100
v 600.1562 215.8852 22501.9100
v 600.2112 215.9186 22501.9100
v 600.0441 215.8192 22501.9100
v 600.0997 215.8516 22501.9100
v 599.9309 215.7552 22501.9100
v 599.9870 215.7866 22501.9100
v 599.8166 215.6931 22501.9100
v 599.8732 215.7235 22501.9100
v 599.7012 215.6330 22501.9100
v 599.7584 215.6624 22501.9100
v 599.5848 215.5750 22501.9100
v 599.6425 215.6034 22501.9100
v 599.4673 215.5190 22501.9100
v 599.5255 215.5464 22501.9100
v 599.3490 215.4650 22501.9100
v 599.4076 215.4914 22501.9100
v 599.2297 215.4131 22501.9100
v 599.2888 215.4385 22501.9100
v 599.1095 215.3634 22501.9100
v 599.1690 215.3877 22501.9100
v 598.9885 215.3157 22501.9100
v 599.0484 215.3390 22501.9100
v 598.8666 215.2701 22501.9100
v 598.9269 215.2924 22501.9100
v 598.7440 215.2267 22501.9100
v 598.8047 215.2479 22501.9100
v 598.6206 215.1854 22501.9100
v 598.6817 215.2056 22501.9100
v 598.4966 215.1463 22501.9100
v 598.5580 215.1654 22501.9100
v 598.3718 215.1094 22501.9100
v 598.4336 215.1273 22501.9100
v 598.2465 215.0746 22501.9100
v 598.3085 215.0915 22501.9100
v 598.1205 215.0420 22501.9100
v 598.1829 215.0578 22501.9100
v 597.9941 215.0117 22501.9100
v 598.0566 215.0264 22501.9100
v 597.8671 214.9835 22501.9100
v 597.9299 214.9971 22501.9100
v 597.7396 214.9576 22501.9100
v 597.8026 214.9701 22501.9100
v 597.6116 214.9339 22501.9100
v 597.6749 214.9453 22501.9100
v 597.4833 214.9124 22501.9100
v 597.5468 214.9227 22501.9100
v 597.3547 214.8932 22501.9100
v 597.4183 214.9024 22501.9100
v 597.2257 214.8762 22501.9100
v 597.2895 214.8843 22501.9100
v 597.0965 214.8615 22501.9100
v 597.1604 214.8685 22501.9100
v 596.9670 214.8490 22501.9100
v 597.0310 214.8549 22501.9100
v 596.8373 214.8388 22501.9100
v 596.9014 214.8436 22501.9100
v 596.7075 214.8308 22501.9100
v 596.7717 214.8345 22501.9100
v 596.5775 214.8252 22501.9100
v 596.6417 214.8277 22501.9100
v 596.4474 214.8218 22501.9100
v 596.5117 214.8232 22501.9100
v 596.3174 214.8206 22501.9100
v 596.3817 214.8209 22501.9100
v 596.1873 214.8218 22501.9100
v 596.2516 214.8209 22501.9100
v 596.0573 214.8252 22501.9100
v 596.1215 214.8232 22501.9100
v 595.9273 214.8308 22501.9100
v 595.9915 214.8278 22501.9100
v 595.7974 214.8388 22501.9100
v 595.8616 214.8346 22501.9100
v 595.6678 214.8490 22501.9100
v 595.7318 214.8437 22501.9100
v 595.5383 214.8615 22501.9100
v 595.6022 214.8550 22501.9100
v 595.4090 214.8762 22501.9100
v 595.4729 214.8686 22501.9100
v 595.2800 214.8932 22501.9100
v 595.3438 214.8845 22501.9100
v 595.1514 214.9124 22501.9100
v 595.2150 214.9026 22501.9100
v 595.0231 214.9339 22501.9100
v 595.0864 214.9230 22501.9100
v 594.8952 214.9576 22501.9100
v 594.9584 214.9456 22501.9100
v 594.7677 214.9835 22501.9100
v 594.8306 214.9704 22501.9100
v 594.6407 215.0117 22501.9100
v 594.7034 214.9975 22501.9100
v 594.5142 215.0420 22501.9100
v 594.5767 215.0267 22501.9100
v 594.3882 215.0746 22501.9100
v 594.4504 215.0582 22501.9100
v 594.2629 215.1094 22501.9100
v 594.3248 215.0919 22501.9100
v 594.1382 215.1463 22501.9100
v 594.1998 215.1278 22501.9100
v 594.0141 215.1854 22501.9100
v 594.0754 215.1658 22501.9100
v 593.8907 215.2267 22501.9100
v 593.9517 215.2060 22501.9100
v 593.7681 215.2701 22501.9100
v 593.8286 215.2484 22501.9100
v 593.6463 215.3157 22501.9100
v 593.7064 215.2929 22501.9100
v 593.5253 215.3634 22501.9100
v 593.5850 215.3395 22501.9100
v 593.4051 215.4131 22501.9100
v 593.4644 215.3883 22501.9100
v 593.2858 215.4650 22501.9100
v 593.3446 215.4391 22501.9100
v 593.1674 215.5190 22501.9100
v 593.2258 215.4921 22501.9100
v 593.0500 215.5750 22501.9100
v 593.1079 215.5470 22501.9100
v 592.9335 215.6330 22501.9100
v 592.9910 215.6041 22501.9100
v 592.8182 215.6931 22501.9100
v 592.8751 215.6631 22501.9100
v 592.7039 215.7552 22501.9100
v 592.7602 215.7242 22501.9100
v 592.5906 215.8192 22501.9100
v 592.6464 215.7873 22501.9100
v 592.4785 215.8852 22501.9100
v 592.5338 215.8524 22501.9100
v 592.3676 215.9532 22501.9100
v 592.4223 215.9194 22501.9100
v 592.2579 216.0231 22501.9100
v 592.3120 215.9883 22501.9100
v 592.1494 216.0949 22501.9100
v 592.2029 216.0592 22501.9100
v 592.0422 216.1686 22501.9100
v 592.0950 216.1319 22501.9100
v 591.9363 216.2441 22501.9100
v 591.9885 216.2066 22501.9100
v 591.8317 216.3215 22501.9100
v 591.8832 216.2830 22501.9100
v 591.7286 216.4007 22501.9100
v 591.7794 216.3613 22501.9100
v 591.6268 216.4817 22501.9100
v 591.6769 216.4414 22501.9100
v 591.5264 216.5644 22501.9100
v 591.5758 216.5233 22501.9100
v 591.4274 216.6489 22501.9100
v 591.4761 216.6069 22501.9100
v 591.3300 216.7351 22501.9100
v 591.3780 216.6923 22501.9100
v 591.2341 216.8230 22501.9100
v 591.2813 216.7793 22501.9100
v 591.1398 216.9125 22501.9100
v 591.1862 216.8681 22501.9100
v 591.0469 217.0037 22501.9100
v 591.0926 216.9584 22501.9100
v 590.9558 217.0965 22501.9100
v 591.0007 217.0504 22501.9100
v 590.8662 217.1909 22501.9100
v 590.9103 217.1440 22501.9100
v 590.7784 217.2868 22501.9100
v 590.8216 217.2392 22501.9100
v 590.6921 217.3842 22501.9100
v 590.7346 217.3358 22501.9100
v 590.6077 217.4831 22501.9100
v 590.6492 217.4340 22501.9100
v 590.5249 217.5835 22501.9100
v 590.5656 217.5337 22501.9100
v 590.4440 217.6853 22501.9100
v 590.4838 217.6348 22501.9100
v 590.3647 217.7885 22501.9100
v 590.4037 217.7373 22501.9100
v 590.2874 217.8931 22501.9100
v 590.3254 217.8412 22501.9100
v 590.2119 217.9990 22501.9100
v 590.2490 217.9465 22501.9100
v 590.1381 218.1062 22501.9100
v 590.1743 218.0530 22501.9100
v 590.0663 218.2147 22501.9100
v 590.1016 218.1609 22501.9100
v 589.9965 218.3244 22501.9100
v 590.0308 218.2700 22501.9100
v 589.9285 218.4353 22501.9100
v 589.9619 218.3803 22501.9100
v 589.8625 218.5474 22501.9100
v 589.8948 218.4918 22501.9100
v 589.7984 218.6606 22501.9100
v 589.8298 218.6045 22501.9100
v 589.7363 218.7749 22501.9100
v 589.7668 218.7183 22501.9100
v 589.6763 218.8903 22501.9100
v 589.7057 218.8331 22501.9100
v 589.6182 219.0067 22501.9100
v 589.6467 218.9491 22501.9100
v 589.5622 219.1241 22501.9100
v 589.5897 219.0660 22501.9100
v 589.5083 219.2425 22501.9100
v 589.5347 219.1839 22501.9100
v 589.4564 219.3618 22501.9100
v 589.4818 219.3027 22501.9100
v 589.4066 219.4820 22501.9100
v 589.4310 219.4225 22501.9100
v 589.3589 219.6030 22501.9100
v 589.3823 219.5431 22501.9100
v 589.3134 219.7249 22501.9100
v 589.3356 219.6646 22501.9100
v 589.2700 219.8475 22501.9100
v 589.2911 219.7868 22501.9100
v 589.2287 219.9709 22501.9100
v 589.2488 219.9098 22501.9100
v 589.1896 220.0949 22501.9100
v 589.2086 220.0335 22501.9100
v 589.1526 220.2197 22501.9100
v 589.1706 220.1579 22501.9100
v 589.1179 220.3450 22501.9100
v 589.1348 220.2830 22501.9100
v 589.0853 220.4710 22501.9100
v 589.1011 220.4086 22501.9100
v 589.0549 220.5975 22501.9100
v 589.0696 220.5349 22501.9100
v 589.0267 220.7245 22501.9100
v 589.0404 220.6616 22501.9100
v 589.0009 220.8519 22501.9100
v 589.0134 220.7889 22501.9100
v 588.9771 220.9798 22501.9100
v 588.9885 220.9166 22501.9100
v 588.9556 221.1081 22501.9100
v 588.9660 221.0447 22501.9100
v 588.9364 221.2368 22501.9100
v 588.9456 221.1732 22501.9100
v 588.9194 221.3658 22501.9100
v 588.9276 221.3020 22501.9100
v 588.9047 221.4950 22501.9100
v 588.9117 221.4311 22501.9100
v 588.8923 221.6245 22501.9100
v 588.8981 221.5605 22501.9100
v 588.8820 221.7542 22501.9100
v 588.8868 221.6901 22501.9100
v 588.8741 221.8840 22501.9100
v 588.8777 221.8199 22501.9100
v 588.8684 222.0140 22501.9100
v 588.8710 221.9498 22501.9100
v 588.8650 222.1440 22501.9100
v 588.8664 222.0798 22501.9100
v 588.8639 222.2741 22501.9100
v 588.8641 222.2098 22501.9100
v 588.8650 222.4042 22501.9100
v 588.8642 222.3399 22501.9100
v 588.8684 222.5342 22501.9100
v 588.8665 222.4700 22501.9100
v 588.8741 222.6642 22501.9100
v 588.8710 222.6000 22501.9100
v 588.8820 222.7941 22501.9100
v 588.8778 222.7299 22501.9100
v 588.8923 222.9237 22501.9100
v 588.8869 222.8597 22501.9100
v 588.9047 223.0532 22501.9100
v 588.8983 222.9893 22501.9100
v 588.9194 223.1825 22501.9100
v 588.9119 223.1186 22501.9100
v 588.9364 223.3114 22501.9100
v 588.9277 223.2477 22501.9100
v 588.9556 223.4401 22501.9100
v 588.9459 223.3766 22501.9100
v 588.9771 223.5684 22501.9100
v 588.9662 223.5051 22501.9100
v 589.0009 223.6963 22501.9100
v 588.9888 223.6331 22501.9100
v 589.0267 223.8238 22501.9100
v 589.0137 223.7608 22501.9100
v 589.0549 223.9508 22501.9100
v 589.0407 223.8881 22501.9100
v 589.0853 224.0773 22501.9100
v 589.0700 224.0148 22501.9100
v 589.1179 224.2032 22501.9100
v 589.1015 224.1411 22501.9100
v 589.1526 224.3286 22501.9100
v 589.1352 224.2667 22501.9100
v 589.1896 224.4533 22501.9100
v 589.1710 224.3918 22501.9100
v 589.2287 224.5774 22501.9100
v 589.2091 224.5161 22501.9100
v 589.2700 224.7007 22501.9100
v 589.2493 224.6399 22501.9100
v 589.3134 224.8234 22501.9100
v 589.2916 224.7629 22501.9100
v 589.3589 224.9452 22501.9100
v 589.3362 224.8851 22501.9100
v 589.4066 225.0663 22501.9100
v 589.3828 225.0065 22501.9100
v 589.4564 225.1864 22501.9100
v 589.4315 225.1272 22501.9100
v 589.5083 225.3057 22501.9100
v 589.4824 225.2469 22501.9100
v 589.5622 225.4241 22501.9100
v 589.5353 225.3657 22501.9100
v 589.6182 225.5415 22501.9100
v 589.5903 225.4836 22501.9100
v 589.6763 225.6579 22501.9100
v 589.6473 225.6005 22501.9100
v 589.7363 225.7733 22501.9100
v 589.7064 225.7164 22501.9100
v 589.7984 225.8876 22501.9100
v 589.7675 225.8313 22501.9100
v 589.8625 226.0009 22501.9100
v 589.8306 225.9451 22501.9100
v 589.9285 226.1130 22501.9100
v 589.8956 226.0577 22501.9100
v 589.9965 226.2239 22501.9100
v 589.9626 226.1692 22501.9100
v 590.0663 226.3336 22501.9100
v 590.0316 226.2795 22501.9100
v 590.1381 226.4421 22501.9100
v 590.1024 226.3886 22501.9100
v 590.2119 226.5493 22501.9100
v 590.1752 226.4964 22501.9100
v 590.2874 226.6552 22501.9100
v 590.2498 226.6030 22501.9100
v 590.3647 226.7598 22501.9100
v 590.3263 226.7082 22501.9100
v 590.4440 226.8629 22501.9100
v 590.4046 226.8121 22501.9100
v 590.5249 226.9648 22501.9100
v 590.4847 226.9146 22501.9100
v 590.6077 227.0651 22501.9100
v 590.5665 227.0157 22501.9100
v 590.6921 227.1641 22501.9100
v 590.6502 227.1154 22501.9100
v 590.7784 227.2615 22501.9100
v 590.7355 227.2135 22501.9100
v 590.8662 227.3574 22501.9100
v 590.8226 227.3102 22501.9100
v 590.9558 227.4518 22501.9100
v 590.9113 227.4053 22501.9100
v 591.0469 227.5445 22501.9100
v 591.0017 227.4989 22501.9100
v 591.1398 227.6357 22501.9100
v 591.0937 227.5909 22501.9100
v 591.2341 227.7253 22501.9100
v 591.1873 227.6812 22501.9100
v 591.3300 227.8132 22501.9100
v 591.2824 227.7699 22501.9100
v 591.4274 227.8994 22501.9100
v 591.3791 227.8570 22501.9100
v 591.5264 227.9838 22501.9100
v 591.4773 227.9423 22501.9100
v 591.6268 228.0666 22501.9100
v 591.5770 228.0259 22501.9100
v 591.7286 228.1476 22501.9100
v 591.6780 228.1078 22501.9100
v 591.8317 228.2267 22501.9100
v 591.7806 228.1878 22501.9100
v 591.9363 228.3041 22501.9100
v 591.8845 228.2661 22501.9100
v 592.0422 228.3797 22501.9100
v 591.9897 228.3426 22501.9100
v 592.1494 228.4534 22501.9100
v 592.0963 228.4172 22501.9100
v 592.2579 228.5251 22501.9100
v 592.2042 228.4899 22501.9100
v 592.3676 228.5950 22501.9100
v 592.3132 228.5607 22501.9100
v 592.4785 228.6630 22501.9100
v 592.4236 228.6297 22501.9100
v 592.5906 228.7290 22501.9100
v 592.5351 228.6967 22501.9100
v 592.7039 228.7931 22501.9100
v 592.6478 228.7617 22501.9100
v 592.8182 228.8552 22501.9100
v 592.7615 228.8247 22501.9100
v 592.9335 228.9152 22501.9100
v 592.8764 228.8858 22501.9100
v 593.0500 228.9733 22501.9100
v 592.9923 228.9448 22501.9100
v 593.1674 229.0293 22501.9100
v 593.1093 229.0019 22501.9100
v 593.2858 229.0832 22501.9100
v 593.2272 229.0568 22501.9100
v 593.4051 229.1351 22501.9100
v 593.3460 229.1097 22501.9100
v 593.5253 229.1849 22501.9100
v 593.4658 229.1605 22501.9100
v 593.6463 229.2326 22501.9100
v 593.5864 229.2093 22501.9100
v 593.7681 229.2781 22501.9100
v 593.7078 229.2559 22501.9100
v 593.8907 229.3215 22501.9100
v 593.8301 229.3004 22501.9100
v 594.0141 229.3628 22501.9100
v 593.9531 229.3427 22501.9100
v 594.1382 229.4019 22501.9100
v 594.0768 229.3829 22501.9100
v 594.2629 229.4389 22501.9100
v 594.2012 229.4209 22501.9100
v 594.3882 229.4736 22501.9100
v 594.3262 229.4567 22501.9100
v 594.5142 229.5062 22501.9100
v 594.4519 229.4904 22501.9100
v 594.6407 229.5366 22501.9100
v 594.5781 229.5219 22501.9100
v 594.7677 229.5647 22501.9100
v 594.7049 229.5511 22501.9100
v 594.8952 229.5907 22501.9100
v 594.8322 229.5781 22501.9100
v 595.0231 229.6144 22501.9100
v 594.9598 229.6030 22501.9100
v 595.1514 229.6358 22501.9100
v 595.0880 229.6255 22501.9100
v 595.2800 229.6551 22501.9100
v 595.2164 229.6459 22501.9100
v 595.4090 229.6721 22501.9100
v 595.3453 229.6640 22501.9100
v 595.5383 229.6868 22501.9100
v 595.4744 229.6798 22501.9100
v 595.6678 229.6992 22501.9100
v 595.6038 229.6934 22501.9100
v 595.7974 229.7095 22501.9100
v 595.7333 229.7047 22501.9100
v 595.9273 229.7174 22501.9100
v 595.8631 229.7138 22501.9100
v 596.0573 229.7231 22501.9100
v 595.9930 229.7206 22501.9100
v 596.1873 229.7265 22501.9100
v 596.1230 229.7251 22501.9100
v 596.3174 229.7276 22501.9100
v 596.2531 229.7273 22501.9100
v 596.4474 229.7265 22501.9100
v 596.3832 229.7273 22501.9100
v 596.5775 229.7231 22501.9100
v 596.5132 229.7250 22501.9100
v 596.7075 229.7174 22501.9100
v 596.6432 229.7205 22501.9100
v 596.8373 229.7095 22501.9100
v 596.7731 229.7137 22501.9100
v 596.9670 229.6992 22501.9100
v 596.9029 229.7046 22501.9100
v 597.0965 229.6868 22501.9100
v 597.0325 229.6932 22501.9100
v 597.2257 229.6721 22501.9100
v 597.1619 229.6796 22501.9100
v 597.3547 229.6551 22501.9100
v 597.2910 229.6638 22501.9100
v 597.4833 229.6358 22501.9100
v 597.4198 229.6456 22501.9100
v 597.6116 229.6144 22501.9100
v 597.5483 229.6253 22501.9100
v 597.7396 229.5907 22501.9100
v 597.6764 229.6027 22501.9100
v 597.8671 229.5647 22501.9100
v 597.8041 229.5778 22501.9100
v 597.9941 229.5366 22501.9100
v 597.9313 229.5508 22501.9100
v 598.1205 229.5062 22501.9100
v 598.0581 229.5215 22501.9100
v 598.2465 229.4736 22501.9100
v 598.1843 229.4900 22501.9100
v 598.3718 229.4389 22501.9100
v 598.3099 229.4563 22501.9100
v 598.4966 229.4019 22501.9100
v 598.4350 229.4205 22501.9100
v 598.6206 229.3628 22501.9100
v 598.5594 229.3824 22501.9100
v 598.7440 229.3215 22501.9100
v 598.6831 229.3422 22501.9100
v 598.8666 229.2781 22501.9100
v 598.8061 229.2999 22501.9100
v 598.9885 229.2326 22501.9100
v 598.9283 229.2553 22501.9100
v 599.1095 229.1849 22501.9100
v 599.0498 229.2087 22501.9100
v 599.2297 229.1351 22501.9100
v 599.1704 229.1600 22501.9100
v 599.3490 229.0832 22501.9100
v 599.2902 229.1091 22501.9100
v 599.4673 229.0293 22501.9100
v 599.4090 229.0562 22501.9100
v 599.5848 228.9733 22501.9100
v 599.5269 229.0012 22501.9100
v 599.7012 228.9152 22501.9100
v 599.6438 228.9442 22501.9100
v 599.8166 228.8552 22501.9100
v 599.7597 228.8851 22501.9100
v 599.9309 228.7931 22501.9100
v 599.8745 228.8240 22501.9100
v 600.0441 228.7290 22501.9100
v 599.9883 228.7609 22501.9100
v 600.1562 228.6630 22501.9100
v 600.1010 228.6959 22501.9100
v 600.2672 228.5950 22501.9100
v 600.2125 228.6289 22501.9100
v 600.3768 228.5251 22501.9100
v 600.3228 228.5599 22501.9100
v 600.4853 228.4534 22501.9100
v 600.4319 228.4891 22501.9100
v 600.5925 228.3797 22501.9100
v 600.5397 228.4163 22501.9100
v 600.6984 228.3041 22501.9100
v 600.6462 228.3417 22501.9100
v 600.8030 228.2267 22501.9100
v 600.7515 228.2652 22501.9100
v 600.9062 228.1476 22501.9100
v 600.8553 228.1869 22501.9100
v 601.0080 228.0666 22501.9100
v 600.9579 228.1068 22501.9100
v 601.1084 227.9838 22501.9100
v 601.0590 228.0249 22501.9100
v 601.2073 227.8994 22501.9100
v 601.1586 227.9413 22501.9100
v 601.3047 227.8132 22501.9100
v 601.2568 227.8560 22501.9100
v 601.4006 227.7253 22501.9100
v 601.3535 227.7689 22501.9100
v 601.4950 227.6357 22501.9100
v 601.4485 227.6802 22501.9100
v 601.5878 227.5445 22501.9100
v 601.5421 227.5898 22501.9100
v 601.6790 227.4518 22501.9100
v 601.6341 227.4978 22501.9100
v 601.7685 227.3574 22501.9100
v 601.7245 227.4042 22501.9100
v 601.8564 227.2615 22501.9100
v 601.8132 227.3091 22501.9100
v 601.9426 227.1641 22501.9100
v 601.9002 227.2124 22501.9100
v 602.0271 227.0651 22501.9100
v 601.9855 227.1142 22501.9100
v 602.1098 226.9648 22501.9100
v 602.0692 227.0145 22501.9100
v 602.1908 226.8629 22501.9100
v 602.1510 226.9134 22501.9100
v 602.2700 226.7598 22501.9100
v 602.2311 226.8109 22501.9100
v 602.3474 226.6552 22501.9100
v 602.3094 226.7070 22501.9100
v 602.4229 226.5493 22501.9100
v 602.3858 226.6018 22501.9100
v 602.4966 226.4421 22501.9100
v 602.4604 226.4952 22501.9100
v 602.5684 226.3336 22501.9100
v 602.5331 226.3874 22501.9100
v 602.6383 226.2239 22501.9100
v 602.6040 226.2782 22501.9100
v 602.7063 226.1130 22501.9100
v 602.6729 226.1679 22501.9100
v 602.7723 226.0009 22501.9100
v 602.7399 226.0564 22501.9100
v 602.8364 225.8876 22501.9100
v 602.8049 225.9437 22501.9100
v 602.8984 225.7733 22501.9100
v 602.8680 225.8300 22501.9100
v 602.9585 225.6579 22501.9100
v 602.9291 225.7151 22501.9100
v 603.0165 225.5415 22501.9100
v 602.9881 225.5992 22501.9100
v 603.0725 225.4241 22501.9100
v 603.0451 225.4823 22501.9100
v 603.1265 225.3057 22501.9100
v 603.1001 225.3643 22501.9100
v 603.1783 225.1864 22501.9100
v 603.1530 225.2455 22501.9100
v 603.2281 225.0663 22501.9100
v 603.2038 225.1258 22501.9100
v 603.2758 224.9452 22501.9100
v 603.2525 225.0051 22501.9100
v 603.3214 224.8234 22501.9100
v 603.2991 224.8837 22501.9100
v 603.3648 224.7007 22501.9100
v 603.3436 224.7614 22501.9100
v 603.4061 224.5774 22501.9100
v 603.3859 224.6384 22501.9100
v 603.4452 224.4533 22501.9100
v 603.4261 224.5147 22501.9100
v 603.4821 224.3286 22501.9100
v 603.4642 224.3903 22501.9100
v 603.5169 224.2032 22501.9100
v 603.5000 224.2653 22501.9100
v 603.5495 224.0773 22501.9100
v 603.5336 224.1396 22501.9100
v 603.5798 223.9508 22501.9100
v 603.5651 224.0134 22501.9100
v 603.6080 223.8238 22501.9100
v 603.5944 223.8866 22501.9100
v 603.6339 223.6963 22501.9100
v 603.6214 223.7594 22501.9100
v 603.6577 223.5684 22501.9100
v 603.6462 223.6317 22501.9100
v 603.6791 223.4401 22501.9100
v 603.6688 223.5036 22501.9100
v 603.6984 223.3114 22501.9100
v 603.6891 223.3751 22501.9100
v 603.7153 223.1825 22501.9100
v 603.7072 223.2462 22501.9100
v 603.7300 223.0532 22501.9100
v 603.7230 223.1171 22501.9100
v 603.7425 222.9237 22501.9100
v 603.7366 222.9878 22501.9100
v 603.7527 222.7941 22501.9100
v 603.7479 222.8582 22501.9100
v 603.7607 222.6642 22501.9100
v 603.7570 222.7284 22501.9100
v 603.7664 222.5342 22501.9100
v 603.7638 222.5985 22501.9100
v 603.7697 222.4042 22501.9100
v 603.7683 222.4685 22501.9100
v 603.7706 222.3384 22501.9100
v 603.7709 222.2741 22390.1500
v 603.7697 222.4042 22390.1500
v 603.7700 222.3399 22390.1500
v 603.7664 222.5342 22390.1500
v 603.7677 222.4700 22390.1500
v 603.7607 222.6642 22390.1500
v 603.7632 222.6000 22390.1500
v 603.7527 222.7941 22390.1500
v 603.7563 222.7299 22390.1500
v 603.7425 222.9237 22390.1500
v 603.7473 222.8596 22390.1500
v 603.7300 223.0532 22390.1500
v 603.7359 222.9892 22390.1500
v 603.7153 223.1825 22390.1500
v 603.7223 223.1186 22390.1500
v 603.6984 223.3114 22390.1500
v 603.7064 223.2477 22390.1500
v 603.6791 223.4401 22390.1500
v 603.6884 223.3765 22390.1500
v 603.6577 223.5684 22390.1500
v 603.6680 223.5050 22390.1500
v 603.6339 223.6963 22390.1500
v 603.6454 223.6331 22390.1500
v 603.6080 223.8238 22390.1500
v 603.6205 223.7607 22390.1500
v 603.5798 223.9508 22390.1500
v 603.5935 223.8880 22390.1500
v 603.5495 224.0773 22390.1500
v 603.5642 224.0147 22390.1500
v 603.5169 224.2032 22390.1500
v 603.5327 224.1409 22390.1500
v 603.4821 224.3286 22390.1500
v 603.4990 224.2666 22390.1500
v 603.4452 224.4533 22390.1500
v 603.4632 224.3916 22390.1500
v 603.4061 224.5774 22390.1500
v 603.4251 224.5160 22390.1500
v 603.3648 224.7007 22390.1500
v 603.3849 224.6397 22390.1500
v 603.3214 224.8234 22390.1500
v 603.3426 224.7627 22390.1500
v 603.2758 224.9452 22390.1500
v 603.2980 224.8849 22390.1500
v 603.2281 225.0663 22390.1500
v 603.2515 225.0063 22390.1500
v 603.1783 225.1864 22390.1500
v 603.2027 225.1269 22390.1500
v 603.1265 225.3057 22390.1500
v 603.1519 225.2467 22390.1500
v 603.0725 225.4241 22390.1500
v 603.0989 225.3655 22390.1500
v 603.0165 225.5415 22390.1500
v 603.0439 225.4834 22390.1500
v 602.9585 225.6579 22390.1500
v 602.9869 225.6003 22390.1500
v 602.8984 225.7733 22390.1500
v 602.9279 225.7162 22390.1500
v 602.8364 225.8876 22390.1500
v 602.8668 225.8310 22390.1500
v 602.7723 226.0009 22390.1500
v 602.8037 225.9448 22390.1500
v 602.7063 226.1130 22390.1500
v 602.7386 226.0574 22390.1500
v 602.6383 226.2239 22390.1500
v 602.6716 226.1689 22390.1500
v 602.5684 226.3336 22390.1500
v 602.6027 226.2792 22390.1500
v 602.4966 226.4421 22390.1500
v 602.5319 226.3883 22390.1500
v 602.4229 226.5493 22390.1500
v 602.4591 226.4961 22390.1500
v 602.3474 226.6552 22390.1500
v 602.3845 226.6027 22390.1500
v 602.2700 226.7598 22390.1500
v 602.3080 226.7079 22390.1500
v 602.1908 226.8629 22390.1500
v 602.2297 226.8118 22390.1500
v 602.1098 226.9648 22390.1500
v 602.1497 226.9143 22390.1500
v 602.0271 227.0651 22390.1500
v 602.0677 227.0154 22390.1500
v 601.9426 227.1641 22390.1500
v 601.9841 227.1150 22390.1500
v 601.8564 227.2615 22390.1500
v 601.8988 227.2132 22390.1500
v 601.7685 227.3574 22390.1500
v 601.8118 227.3098 22390.1500
v 601.6790 227.4518 22390.1500
v 601.7230 227.4049 22390.1500
v 601.5878 227.5445 22390.1500
v 601.6326 227.4985 22390.1500
v 601.4950 227.6357 22390.1500
v 601.5406 227.5905 22390.1500
v 601.4006 227.7253 22390.1500
v 601.4471 227.6808 22390.1500
v 601.3047 227.8132 22390.1500
v 601.3519 227.7695 22390.1500
v 601.2073 227.8994 22390.1500
v 601.2552 227.8565 22390.1500
v 601.1084 227.9838 22390.1500
v 601.1571 227.9419 22390.1500
v 601.0080 228.0666 22390.1500
v 601.0574 228.0255 22390.1500
v 600.9062 228.1476 22390.1500
v 600.9564 228.1073 22390.1500
v 600.8030 228.2267 22390.1500
v 600.8538 228.1874 22390.1500
v 600.6984 228.3041 22390.1500
v 600.7499 228.2657 22390.1500
v 600.5925 228.3797 22390.1500
v 600.6447 228.3421 22390.1500
v 600.4853 228.4534 22390.1500
v 600.5381 228.4167 22390.1500
v 600.3768 228.5251 22390.1500
v 600.4303 228.4894 22390.1500
v 600.2672 228.5950 22390.1500
v 600.3212 228.5603 22390.1500
v 600.1562 228.6630 22390.1500
v 600.2109 228.6292 22390.1500
v 600.0441 228.7290 22390.1500
v 600.0994 228.6962 22390.1500
v 599.9309 228.7931 22390.1500
v 599.9867 228.7612 22390.1500
v 599.8166 228.8552 22390.1500
v 599.8729 228.8242 22390.1500
v 599.7012 228.9152 22390.1500
v 599.7581 228.8853 22390.1500
v 599.5848 228.9733 22390.1500
v 599.6422 228.9443 22390.1500
v 599.4673 229.0293 22390.1500
v 599.5253 229.0013 22390.1500
v 599.3490 229.0832 22390.1500
v 599.4073 229.0563 22390.1500
v 599.2297 229.1351 22390.1500
v 599.2885 229.1092 22390.1500
v 599.1095 229.1849 22390.1500
v 599.1688 229.1600 22390.1500
v 598.9885 229.2326 22390.1500
v 599.0482 229.2087 22390.1500
v 598.8666 229.2781 22390.1500
v 598.9268 229.2553 22390.1500
v 598.7440 229.3215 22390.1500
v 598.8045 229.2998 22390.1500
v 598.6206 229.3628 22390.1500
v 598.6815 229.3421 22390.1500
v 598.4966 229.4019 22390.1500
v 598.5578 229.3823 22390.1500
v 598.3718 229.4389 22390.1500
v 598.4334 229.4203 22390.1500
v 598.2465 229.4736 22390.1500
v 598.3083 229.4562 22390.1500
v 598.1205 229.5062 22390.1500
v 598.1827 229.4898 22390.1500
v 597.9941 229.5366 22390.1500
v 598.0565 229.5213 22390.1500
v 597.8671 229.5647 22390.1500
v 597.9297 229.5506 22390.1500
v 597.7396 229.5907 22390.1500
v 597.8025 229.5776 22390.1500
v 597.6116 229.6144 22390.1500
v 597.6748 229.6024 22390.1500
v 597.4833 229.6358 22390.1500
v 597.5468 229.6250 22390.1500
v 597.3547 229.6551 22390.1500
v 597.4183 229.6453 22390.1500
v 597.2257 229.6721 22390.1500
v 597.2894 229.6634 22390.1500
v 597.0965 229.6868 22390.1500
v 597.1603 229.6792 22390.1500
v 596.9670 229.6992 22390.1500
v 597.0309 229.6928 22390.1500
v 596.8373 229.7095 22390.1500
v 596.9014 229.7041 22390.1500
v 596.7075 229.7174 22390.1500
v 596.7716 229.7132 22390.1500
v 596.5775 229.7231 22390.1500
v 596.6417 229.7200 22390.1500
v 596.4474 229.7265 22390.1500
v 596.5117 229.7245 22390.1500
v 596.3174 229.7276 22390.1500
v 596.3817 229.7268 22390.1500
v 596.1873 229.7265 22390.1500
v 596.2516 229.7268 22390.1500
v 596.0573 229.7231 22390.1500
v 596.1215 229.7245 22390.1500
v 595.9273 229.7174 22390.1500
v 595.9915 229.7199 22390.1500
v 595.7974 229.7095 22390.1500
v 595.8616 229.7131 22390.1500
v 595.6678 229.6992 22390.1500
v 595.7319 229.7040 22390.1500
v 595.5383 229.6868 22390.1500
v 595.6023 229.6927 22390.1500
v 595.4090 229.6721 22390.1500
v 595.4730 229.6791 22390.1500
v 595.2800 229.6551 22390.1500
v 595.3438 229.6632 22390.1500
v 595.1514 229.6358 22390.1500
v 595.2150 229.6451 22390.1500
v 595.0231 229.6144 22390.1500
v 595.0865 229.6247 22390.1500
v 594.8952 229.5907 22390.1500
v 594.9584 229.6021 22390.1500
v 594.7677 229.5647 22390.1500
v 594.8307 229.5773 22390.1500
v 594.6407 229.5366 22390.1500
v 594.7036 229.5502 22390.1500
v 594.5142 229.5062 22390.1500
v 594.5768 229.5210 22390.1500
v 594.3882 229.4736 22390.1500
v 594.4506 229.4895 22390.1500
v 594.2629 229.4389 22390.1500
v 594.3250 229.4558 22390.1500
v 594.1382 229.4019 22390.1500
v 594.1999 229.4199 22390.1500
v 594.0141 229.3628 22390.1500
v 594.0755 229.3819 22390.1500
v 593.8907 229.3215 22390.1500
v 593.9518 229.3417 22390.1500
v 593.7681 229.2781 22390.1500
v 593.8289 229.2993 22390.1500
v 593.6463 229.2326 22390.1500
v 593.7066 229.2548 22390.1500
v 593.5253 229.1849 22390.1500
v 593.5851 229.2082 22390.1500
v 593.4051 229.1351 22390.1500
v 593.4646 229.1594 22390.1500
v 593.2858 229.0832 22390.1500
v 593.3448 229.1086 22390.1500
v 593.1674 229.0293 22390.1500
v 593.2260 229.0557 22390.1500
v 593.0500 228.9733 22390.1500
v 593.1082 229.0007 22390.1500
v 592.9335 228.9152 22390.1500
v 592.9912 228.9437 22390.1500
v 592.8182 228.8552 22390.1500
v 592.8753 228.8846 22390.1500
v 592.7039 228.7931 22390.1500
v 592.7605 228.8235 22390.1500
v 592.5906 228.7290 22390.1500
v 592.6467 228.7605 22390.1500
v 592.4785 228.6630 22390.1500
v 592.5341 228.6954 22390.1500
v 592.3676 228.5950 22390.1500
v 592.4226 228.6284 22390.1500
v 592.2579 228.5251 22390.1500
v 592.3123 228.5594 22390.1500
v 592.1494 228.4534 22390.1500
v 592.2032 228.4886 22390.1500
v 592.0422 228.3797 22390.1500
v 592.0954 228.4158 22390.1500
v 591.9363 228.3041 22390.1500
v 591.9888 228.3412 22390.1500
v 591.8317 228.2267 22390.1500
v 591.8836 228.2648 22390.1500
v 591.7286 228.1476 22390.1500
v 591.7797 228.1865 22390.1500
v 591.6268 228.0666 22390.1500
v 591.6772 228.1064 22390.1500
v 591.5264 227.9838 22390.1500
v 591.5762 228.0245 22390.1500
v 591.4274 227.8994 22390.1500
v 591.4765 227.9409 22390.1500
v 591.3300 227.8132 22390.1500
v 591.3784 227.8555 22390.1500
v 591.2341 227.7253 22390.1500
v 591.2817 227.7685 22390.1500
v 591.1398 227.6357 22390.1500
v 591.1866 227.6798 22390.1500
v 591.0469 227.5445 22390.1500
v 591.0930 227.5894 22390.1500
v 590.9558 227.4518 22390.1500
v 591.0010 227.4974 22390.1500
v 590.8662 227.3574 22390.1500
v 590.9107 227.4038 22390.1500
v 590.7784 227.2615 22390.1500
v 590.8220 227.3087 22390.1500
v 590.6921 227.1641 22390.1500
v 590.7350 227.2120 22390.1500
v 590.6077 227.0651 22390.1500
v 590.6497 227.1138 22390.1500
v 590.5249 226.9648 22390.1500
v 590.5660 227.0142 22390.1500
v 590.4440 226.8629 22390.1500
v 590.4842 226.9131 22390.1500
v 590.3647 226.7598 22390.1500
v 590.4041 226.8106 22390.1500
v 590.2874 226.6552 22390.1500
v 590.3259 226.7067 22390.1500
v 590.2119 226.5493 22390.1500
v 590.2494 226.6014 22390.1500
v 590.1381 226.4421 22390.1500
v 590.1748 226.4949 22390.1500
v 590.0663 226.3336 22390.1500
v 590.1021 226.3870 22390.1500
v 589.9965 226.2239 22390.1500
v 590.0312 226.2779 22390.1500
v 589.9285 226.1130 22390.1500
v 589.9623 226.1676 22390.1500
v 589.8625 226.0009 22390.1500
v 589.8953 226.0561 22390.1500
v 589.7984 225.8876 22390.1500
v 589.8303 225.9435 22390.1500
v 589.7363 225.7733 22390.1500
v 589.7673 225.8297 22390.1500
v 589.6763 225.6579 22390.1500
v 589.7062 225.7148 22390.1500
v 589.6182 225.5415 22390.1500
v 589.6472 225.5989 22390.1500
v 589.5622 225.4241 22390.1500
v 589.5901 225.4820 22390.1500
v 589.5083 225.3057 22390.1500
v 589.5352 225.3641 22390.1500
v 589.4564 225.1864 22390.1500
v 589.4823 225.2453 22390.1500
v 589.4066 225.0663 22390.1500
v 589.4315 225.1255 22390.1500
v 589.3589 224.9452 22390.1500
v 589.3828 225.0049 22390.1500
v 589.3134 224.8234 22390.1500
v 589.3362 224.8835 22390.1500
v 589.2700 224.7007 22390.1500
v 589.2917 224.7612 22390.1500
v 589.2287 224.5774 22390.1500
v 589.2493 224.6383 22390.1500
v 589.1896 224.4533 22390.1500
v 589.2092 224.5145 22390.1500
v 589.1526 224.3286 22390.1500
v 589.1711 224.3902 22390.1500
v 589.1179 224.2032 22390.1500
v 589.1353 224.2651 22390.1500
v 589.0853 224.0773 22390.1500
v 589.1017 224.1395 22390.1500
v 589.0549 223.9508 22390.1500
v 589.0702 224.0132 22390.1500
v 589.0267 223.8238 22390.1500
v 589.0410 223.8865 22390.1500
v 589.0009 223.6963 22390.1500
v 589.0139 223.7593 22390.1500
v 588.9771 223.5684 22390.1500
v 588.9891 223.6316 22390.1500
v 588.9556 223.4401 22390.1500
v 588.9666 223.5035 22390.1500
v 588.9364 223.3114 22390.1500
v 588.9462 223.3750 22390.1500
v 588.9194 223.1825 22390.1500
v 588.9281 223.2462 22390.1500
v 588.9047 223.0532 22390.1500
v 588.9123 223.1171 22390.1500
v 588.8923 222.9237 22390.1500
v 588.8987 222.9877 22390.1500
v 588.8820 222.7941 22390.1500
v 588.8874 222.8581 22390.1500
v 588.8741 222.6642 22390.1500
v 588.8783 222.7284 22390.1500
v 588.8684 222.5342 22390.1500
v 588.8715 222.5985 22390.1500
v 588.8650 222.4042 22390.1500
v 588.8670 222.4685 22390.1500
v 588.8639 222.2741 22390.1500
v 588.8647 222.3384 22390.1500
v 588.8650 222.1440 22390.1500
v 588.8647 222.2083 22390.1500
v 588.8684 222.0140 22390.1500
v 588.8670 222.0783 22390.1500
v 588.8741 221.8840 22390.1500
v 588.8716 221.9483 22390.1500
v 588.8820 221.7542 22390.1500
v 588.8784 221.8184 22390.1500
v 588.8923 221.6245 22390.1500
v 588.8875 221.6886 22390.1500
v 588.9047 221.4950 22390.1500
v 588.8989 221.5590 22390.1500
v 588.9194 221.3658 22390.1500
v 588.9124 221.4297 22390.1500
v 588.9364 221.2368 22390.1500
v 588.9283 221.3006 22390.1500
v 588.9556 221.1081 22390.1500
v 588.9464 221.1718 22390.1500
v 588.9771 220.9798 22390.1500
v 588.9668 221.0433 22390.1500
v 589.0009 220.8519 22390.1500
v 588.9894 220.9152 22390.1500
v 589.0267 220.7245 22390.1500
v 589.0142 220.7875 22390.1500
v 589.0549 220.5975 22390.1500
v 589.0413 220.6603 22390.1500
v 589.0853 220.4710 22390.1500
v 589.0706 220.5335 22390.1500
v 589.1179 220.3450 22390.1500
v 589.1021 220.4073 22390.1500
v 589.1526 220.2197 22390.1500
v 589.1357 220.2817 22390.1500
v 589.1896 220.0949 22390.1500
v 589.1716 220.1567 22390.1500
v 589.2287 219.9709 22390.1500
v 589.2096 220.0323 22390.1500
v 589.2700 219.8475 22390.1500
v 589.2498 219.9086 22390.1500
v 589.3134 219.7249 22390.1500
v 589.2922 219.7856 22390.1500
v 589.3589 219.6030 22390.1500
v 589.3367 219.6633 22390.1500
v 589.4066 219.4820 22390.1500
v 589.3833 219.5419 22390.1500
v 589.4564 219.3618 22390.1500
v 589.4321 219.4213 22390.1500
v 589.5083 219.2425 22390.1500
v 589.4829 219.3016 22390.1500
v 589.5622 219.1241 22390.1500
v 589.5358 219.1828 22390.1500
v 589.6182 219.0067 22390.1500
v 589.5908 219.0649 22390.1500
v 589.6763 218.8903 22390.1500
v 589.6478 218.9480 22390.1500
v 589.7363 218.7749 22390.1500
v 589.7069 218.8321 22390.1500
v 589.7984 218.6606 22390.1500
v 589.7680 218.7172 22390.1500
v 589.8625 218.5474 22390.1500
v 589.8311 218.6035 22390.1500
v 589.9285 218.4353 22390.1500
v 589.8961 218.4908 22390.1500
v 589.9965 218.3244 22390.1500
v 589.9631 218.3793 22390.1500
v 590.0663 218.2147 22390.1500
v 590.0320 218.2690 22390.1500
v 590.1381 218.1062 22390.1500
v 590.1029 218.1599 22390.1500
v 590.2119 217.9990 22390.1500
v 590.1757 218.0521 22390.1500
v 590.2874 217.8931 22390.1500
v 590.2502 217.9456 22390.1500
v 590.3647 217.7885 22390.1500
v 590.3267 217.8403 22390.1500
v 590.4440 217.6853 22390.1500
v 590.4050 217.7365 22390.1500
v 590.5249 217.5835 22390.1500
v 590.4851 217.6340 22390.1500
v 590.6077 217.4831 22390.1500
v 590.5670 217.5329 22390.1500
v 590.6921 217.3842 22390.1500
v 590.6506 217.4333 22390.1500
v 590.7784 217.2868 22390.1500
v 590.7360 217.3351 22390.1500
v 590.8662 217.1909 22390.1500
v 590.8230 217.2384 22390.1500
v 590.9558 217.0965 22390.1500
v 590.9117 217.1433 22390.1500
v 591.0469 217.0037 22390.1500
v 591.0021 217.0498 22390.1500
v 591.1398 216.9125 22390.1500
v 591.0941 216.9578 22390.1500
v 591.2341 216.8230 22390.1500
v 591.1877 216.8674 22390.1500
v 591.3300 216.7351 22390.1500
v 591.2828 216.7787 22390.1500
v 591.4274 216.6489 22390.1500
v 591.3795 216.6917 22390.1500
v 591.5264 216.5644 22390.1500
v 591.4777 216.6064 22390.1500
v 591.6268 216.4817 22390.1500
v 591.5773 216.5228 22390.1500
v 591.7286 216.4007 22390.1500
v 591.6784 216.4409 22390.1500
v 591.8317 216.3215 22390.1500
v 591.7809 216.3609 22390.1500
v 591.9363 216.2441 22390.1500
v 591.8848 216.2826 22390.1500
v 592.0422 216.1686 22390.1500
v 591.9901 216.2061 22390.1500
v 592.1494 216.0949 22390.1500
v 592.0966 216.1315 22390.1500
v 592.2579 216.0231 22390.1500
v 592.2045 216.0588 22390.1500
v 592.3676 215.9532 22390.1500
v 592.3135 215.9880 22390.1500
v 592.4785 215.8852 22390.1500
v 592.4239 215.9191 22390.1500
v 592.5906 215.8192 22390.1500
v 592.5354 215.8521 22390.1500
v 592.7039 215.7552 22390.1500
v 592.6480 215.7870 22390.1500
v 592.8182 215.6931 22390.1500
v 592.7618 215.7240 22390.1500
v 592.9335 215.6330 22390.1500
v 592.8766 215.6629 22390.1500
v 593.0500 215.5750 22390.1500
v 592.9926 215.6039 22390.1500
v 593.1674 215.5190 22390.1500
v 593.1095 215.5469 22390.1500
v 593.2858 215.4650 22390.1500
v 593.2274 215.4919 22390.1500
v 593.4051 215.4131 22390.1500
v 593.3462 215.4390 22390.1500
v 593.5253 215.3634 22390.1500
v 593.4659 215.3882 22390.1500
v 593.6463 215.3157 22390.1500
v 593.5865 215.3395 22390.1500
v 593.7681 215.2701 22390.1500
v 593.7080 215.2929 22390.1500
v 593.8907 215.2267 22390.1500
v 593.8303 215.2484 22390.1500
v 594.0141 215.1854 22390.1500
v 593.9532 215.2061 22390.1500
v 594.1382 215.1463 22390.1500
v 594.0770 215.1659 22390.1500
v 594.2629 215.1094 22390.1500
v 594.2014 215.1279 22390.1500
v 594.3882 215.0746 22390.1500
v 594.3264 215.0921 22390.1500
v 594.5142 215.0420 22390.1500
v 594.4520 215.0584 22390.1500
v 594.6407 215.0117 22390.1500
v 594.5782 215.0269 22390.1500
v 594.7677 214.9835 22390.1500
v 594.7050 214.9977 22390.1500
v 594.8952 214.9576 22390.1500
v 594.8322 214.9707 22390.1500
v 595.0231 214.9339 22390.1500
v 594.9599 214.9459 22390.1500
v 595.1514 214.9124 22390.1500
v 595.0880 214.9233 22390.1500
v 595.2800 214.8932 22390.1500
v 595.2165 214.9030 22390.1500
v 595.4090 214.8762 22390.1500
v 595.3453 214.8849 22390.1500
v 595.5383 214.8615 22390.1500
v 595.4744 214.8690 22390.1500
v 595.6678 214.8490 22390.1500
v 595.6038 214.8554 22390.1500
v 595.7974 214.8388 22390.1500
v 595.7334 214.8441 22390.1500
v 595.9273 214.8308 22390.1500
v 595.8632 214.8351 22390.1500
v 596.0573 214.8252 22390.1500
v 595.9930 214.8283 22390.1500
v 596.1873 214.8218 22390.1500
v 596.1230 214.8237 22390.1500
v 596.3174 214.8206 22390.1500
v 596.2531 214.8215 22390.1500
v 596.4474 214.8218 22390.1500
v 596.3832 214.8215 22390.1500
v 596.5775 214.8252 22390.1500
v 596.5132 214.8238 22390.1500
v 596.7075 214.8308 22390.1500
v 596.6432 214.8283 22390.1500
v 596.8373 214.8388 22390.1500
v 596.7731 214.8351 22390.1500
v 596.9670 214.8490 22390.1500
v 596.9029 214.8442 22390.1500
v 597.0965 214.8615 22390.1500
v 597.0325 214.8556 22390.1500
v 597.2257 214.8762 22390.1500
v 597.1618 214.8692 22390.1500
v 597.3547 214.8932 22390.1500
v 597.2910 214.8851 22390.1500
v 597.4833 214.9124 22390.1500
v 597.4197 214.9032 22390.1500
v 597.6116 214.9339 22390.1500
v 597.5482 214.9235 22390.1500
v 597.7396 214.9576 22390.1500
v 597.6763 214.9461 22390.1500
v 597.8671 214.9835 22390.1500
v 597.8040 214.9710 22390.1500
v 597.9941 215.0117 22390.1500
v 597.9312 214.9980 22390.1500
v 598.1205 215.0420 22390.1500
v 598.0580 215.0273 22390.1500
v 598.2465 215.0746 22390.1500
v 598.1841 215.0588 22390.1500
v 598.3718 215.1094 22390.1500
v 598.3098 215.0925 22390.1500
v 598.4966 215.1463 22390.1500
v 598.4348 215.1283 22390.1500
v 598.6206 215.1854 22390.1500
v 598.5592 215.1664 22390.1500
v 598.7440 215.2267 22390.1500
v 598.6829 215.2066 22390.1500
v 598.8666 215.2701 22390.1500
v 598.8059 215.2489 22390.1500
v 598.9885 215.3157 22390.1500
v 598.9282 215.2934 22390.1500
v 599.1095 215.3634 22390.1500
v 599.0496 215.3401 22390.1500
v 599.2297 215.4131 22390.1500
v 599.1702 215.3888 22390.1500
v 599.3490 215.4650 22390.1500
v 599.2899 215.4396 22390.1500
v 599.4673 215.5190 22390.1500
v 599.4088 215.4926 22390.1500
v 599.5848 215.5750 22390.1500
v 599.5266 215.5475 22390.1500
v 599.7012 215.6330 22390.1500
v 599.6436 215.6046 22390.1500
v 599.8166 215.6931 22390.1500
v 599.7594 215.6636 22390.1500
v 599.9309 215.7552 22390.1500
v 599.8743 215.7247 22390.1500
v 600.0441 215.8192 22390.1500
v 599.9880 215.7878 22390.1500
v 600.1562 215.8852 22390.1500
v 600.1006 215.8528 22390.1500
v 600.2672 215.9532 22390.1500
v 600.2122 215.9198 22390.1500
v 600.3768 216.0231 22390.1500
v 600.3224 215.9888 22390.1500
v 600.4853 216.0949 22390.1500
v 600.4316 216.0596 22390.1500
v 600.5925 216.1686 22390.1500
v 600.5394 216.1324 22390.1500
v 600.6984 216.2441 22390.1500
v 600.6459 216.2070 22390.1500
v 600.8030 216.3215 22390.1500
v 600.7512 216.2835 22390.1500
v 600.9062 216.4007 22390.1500
v 600.8550 216.3618 22390.1500
v 601.0080 216.4817 22390.1500
v 600.9575 216.4419 22390.1500
v 601.1084 216.5644 22390.1500
v 601.0586 216.5237 22390.1500
v 601.2073 216.6489 22390.1500
v 601.1583 216.6074 22390.1500
v 601.3047 216.7351 22390.1500
v 601.2564 216.6927 22390.1500
v 601.4006 216.8230 22390.1500
v 601.3530 216.7798 22390.1500
v 601.4950 216.9125 22390.1500
v 601.4482 216.8685 22390.1500
v 601.5878 217.0037 22390.1500
v 601.5417 216.9588 22390.1500
v 601.6790 217.0965 22390.1500
v 601.6337 217.0508 22390.1500
v 601.7685 217.1909 22390.1500
v 601.7241 217.1444 22390.1500
v 601.8564 217.2868 22390.1500
v 601.8127 217.2395 22390.1500
v 601.9426 217.3842 22390.1500
v 601.8998 217.3362 22390.1500
v 602.0271 217.4831 22390.1500
v 601.9851 217.4344 22390.1500
v 602.1098 217.5835 22390.1500
v 602.0687 217.5341 22390.1500
v 602.1908 217.6853 22390.1500
v 602.1506 217.6352 22390.1500
v 602.2700 217.7885 22390.1500
v 602.2307 217.7377 22390.1500
v 602.3474 217.8931 22390.1500
v 602.3089 217.8416 22390.1500
v 602.4229 217.9990 22390.1500
v 602.3854 217.9468 22390.1500
v 602.4966 218.1062 22390.1500
v 602.4600 218.0534 22390.1500
v 602.5684 218.2147 22390.1500
v 602.5327 218.1612 22390.1500
v 602.6383 218.3244 22390.1500
v 602.6035 218.2703 22390.1500
v 602.7063 218.4353 22390.1500
v 602.6724 218.3806 22390.1500
v 602.7723 218.5474 22390.1500
v 602.7394 218.4921 22390.1500
v 602.8364 218.6606 22390.1500
v 602.8044 218.6048 22390.1500
v 602.8984 218.7749 22390.1500
v 602.8675 218.7186 22390.1500
v 602.9585 218.8903 22390.1500
v 602.9285 218.8334 22390.1500
v 603.0165 219.0067 22390.1500
v 602.9876 218.9493 22390.1500
v 603.0725 219.1241 22390.1500
v 603.0446 219.0662 22390.1500
v 603.1265 219.2425 22390.1500
v 603.0995 219.1841 22390.1500
v 603.1783 219.3618 22390.1500
v 603.1525 219.3030 22390.1500
v 603.2281 219.4820 22390.1500
v 603.2032 219.4227 22390.1500
v 603.2758 219.6030 22390.1500
v 603.2520 219.5433 22390.1500
v 603.3214 219.7249 22390.1500
v 603.2986 219.6648 22390.1500
v 603.3648 219.8475 22390.1500
v 603.3431 219.7870 22390.1500
v 603.4061 219.9709 22390.1500
v 603.3854 219.9100 22390.1500
v 603.4452 220.0949 22390.1500
v 603.4256 220.0337 22390.1500
v 603.4821 220.2197 22390.1500
v 603.4636 220.1581 22390.1500
v 603.5169 220.3450 22390.1500
v 603.4995 220.2831 22390.1500
v 603.5495 220.4710 22390.1500
v 603.5331 220.4088 22390.1500
v 603.5798 220.5975 22390.1500
v 603.5646 220.5350 22390.1500
v 603.6080 220.7245 22390.1500
v 603.5938 220.6617 22390.1500
v 603.6339 220.8519 22390.1500
v 603.6208 220.7890 22390.1500
v 603.6577 220.9798 22390.1500
v 603.6456 220.9167 22390.1500
v 603.6791 221.1081 22390.1500
v 603.6682 221.0448 22390.1500
v 603.6984 221.2368 22390.1500
v 603.6885 221.1732 22390.1500
v 603.7153 221.3658 22390.1500
v 603.7067 221.3021 22390.1500
v 603.7300 221.4950 22390.1500
v 603.7225 221.4312 22390.1500
v 603.7425 221.6245 22390.1500
v 603.7361 221.5605 22390.1500
v 603.7527 221.7542 22390.1500
v 603.7474 221.6901 22390.1500
v 603.7607 221.8840 22390.1500
v 603.7565 221.8199 22390.1500
v 603.7664 222.0140 22390.1500
v 603.7632 221.9498 22390.1500
v 603.7697 222.1440 22390.1500
v 603.7678 222.0798 22390.1500
v 603.7700 222.2098 22390.1500
v 603.7709 222.2741 22445.1400
v 601.5878 227.5445 22445.1400
v 596.3174 229.7276 22445.1400
v 591.0469 227.5445 22445.1400
v 588.8639 222.2741 22445.1400
v 591.0469 217.0037 22445.1400
v 596.3174 214.8206 22445.1400
v 601.5878 217.0037 22445.1400
v 611.2244 222.2741 22501.9100
v 611.2221 222.5343 22501.9100
v 611.2227 222.4057 22501.9100
v 611.2153 222.7944 22501.9100
v 611.2181 222.6658 22501.9100
v 611.2039 223.0543 22501.9100
v 611.2090 222.9258 22501.9100
v 611.1880 223.3140 22501.9100
v 611.1953 223.1856 22501.9100
v 611.1677 223.5733 22501.9100
v 611.1772 223.4451 22501.9100
v 611.1427 223.8323 22501.9100
v 611.1545 223.7043 22501.9100
v 611.1133 224.0908 22501.9100
v 611.1273 223.9630 22501.9100
v 611.0793 224.3488 22501.9100
v 611.0955 224.2212 22501.9100
v 611.0408 224.6061 22501.9100
v 611.0593 224.4788 22501.9100
v 610.9979 224.8627 22501.9100
v 611.0186 224.7358 22501.9100
v 610.9505 225.1185 22501.9100
v 610.9733 224.9920 22501.9100
v 610.8986 225.3735 22501.9100
v 610.9237 225.2473 22501.9100
v 610.8423 225.6275 22501.9100
v 610.8696 225.5018 22501.9100
v 610.7816 225.8804 22501.9100
v 610.8110 225.7553 22501.9100
v 610.7164 226.1323 22501.9100
v 610.7480 226.0077 22501.9100
v 610.6469 226.3830 22501.9100
v 610.6807 226.2590 22501.9100
v 610.5730 226.6325 22501.9100
v 610.6089 226.5090 22501.9100
v 610.4948 226.8806 22501.9100
v 610.5329 226.7578 22501.9100
v 610.4122 227.1274 22501.9100
v 610.4525 227.0052 22501.9100
v 610.3254 227.3726 22501.9100
v 610.3677 227.2512 22501.9100
v 610.2343 227.6163 22501.9100
v 610.2787 227.4957 22501.9100
v 610.1389 227.8584 22501.9100
v 610.1855 227.7385 22501.9100
v 610.0393 228.0987 22501.9100
v 610.0880 227.9797 22501.9100
v 609.9356 228.3373 22501.9100
v 609.9863 228.2192 22501.9100
v 609.8277 228.5741 22501.9100
v 609.8805 228.4568 22501.9100
v 609.7157 228.8089 22501.9100
v 609.7705 228.6926 22501.9100
v 609.5996 229.0417 22501.9100
v 609.6565 228.9264 22501.9100
v 609.4795 229.2725 22501.9100
v 609.5383 229.1582 22501.9100
v 609.3553 229.5012 22501.9100
v 609.4162 229.3879 22501.9100
v 609.2272 229.7276 22501.9100
v 609.2900 229.6154 22501.9100
v 609.0952 229.9518 22501.9100
v 609.1599 229.8407 22501.9100
v 608.9592 230.1736 22501.9100
v 609.0259 230.0637 22501.9100
v 608.8195 230.3931 22501.9100
v 608.8881 230.2843 22501.9100
v 608.6758 230.6100 22501.9100
v 608.7463 230.5025 22501.9100
v 608.5284 230.8244 22501.9100
v 608.6008 230.7181 22501.9100
v 608.3774 231.0362 22501.9100
v 608.4516 230.9312 22501.9100
v 608.2227 231.2454 22501.9100
v 608.2986 231.1417 22501.9100
v 608.0643 231.4518 22501.9100
v 608.1421 231.3494 22501.9100
v 607.9023 231.6554 22501.9100
v 607.9819 231.5544 22501.9100
v 607.7368 231.8562 22501.9100
v 607.8181 231.7566 22501.9100
v 607.5678 232.0540 22501.9100
v 607.6509 231.9558 22501.9100
v 607.3954 232.2488 22501.9100
v 607.4802 232.1522 22501.9100
v 607.2197 232.4407 22501.9100
v 607.3061 232.3455 22501.9100
v 607.0406 232.6294 22501.9100
v 607.1287 232.5357 22501.9100
v 606.8582 232.8150 22501.9100
v 606.9479 232.7228 22501.9100
v 606.6727 232.9973 22501.9100
v 606.7640 232.9068 22501.9100
v 606.4839 233.1764 22501.9100
v 606.5768 233.0875 22501.9100
v 606.2921 233.3522 22501.9100
v 606.3865 233.2649 22501.9100
v 606.0972 233.5246 22501.9100
v 606.1932 233.4389 22501.9100
v 605.8994 233.6935 22501.9100
v 605.9968 233.6096 22501.9100
v 605.6987 233.8590 22501.9100
v 605.7975 233.7768 22501.9100
v 605.4951 234.0210 22501.9100
v 605.5953 233.9405 22501.9100
v 605.2886 234.1794 22501.9100
v 605.3903 234.1006 22501.9100
v 605.0795 234.3341 22501.9100
v 605.1825 234.2572 22501.9100
v 604.8677 234.4852 22501.9100
v 604.9720 234.4101 22501.9100
v 604.6533 234.6326 22501.9100
v 604.7589 234.5593 22501.9100
v 604.4363 234.7762 22501.9100
v 604.5432 234.7047 22501.9100
v 604.2169 234.9160 22501.9100
v 604.3250 234.8464 22501.9100
v 603.9951 235.0519 22501.9100
v 604.1044 234.9842 22501.9100
v 603.7709 235.1840 22501.9100
v 603.8813 235.1182 22501.9100
v 603.5444 235.3121 22501.9100
v 603.6561 235.2483 22501.9100
v 603.3158 235.4362 22501.9100
v 603.4285 235.3744 22501.9100
v 603.0850 235.5564 22501.9100
v 603.1988 235.4965 22501.9100
v 602.8522 235.6724 22501.9100
v 602.9670 235.6145 22501.9100
v 602.6174 235.7844 22501.9100
v 602.7332 235.7286 22501.9100
v 602.3806 235.8923 22501.9100
v 602.4974 235.8385 22501.9100
v 602.1420 235.9961 22501.9100
v 602.2597 235.9443 22501.9100
v 601.9016 236.0956 22501.9100
v 602.0202 236.0459 22501.9100
v 601.6595 236.1910 22501.9100
v 601.7790 236.1433 22501.9100
v 601.4159 236.2821 22501.9100
v 601.5361 236.2365 22501.9100
v 601.1706 236.3690 22501.9100
v 601.2916 236.3255 22501.9100
v 600.9239 236.4515 22501.9100
v 601.0457 236.4102 22501.9100
v 600.6758 236.5297 22501.9100
v 600.7982 236.4905 22501.9100
v 600.4263 236.6036 22501.9100
v 600.5494 236.5666 22501.9100
v 600.1756 236.6732 22501.9100
v 600.2993 236.6383 22501.9100
v 599.9237 236.7383 22501.9100
v 600.0480 236.7056 22501.9100
v 599.6707 236.7990 22501.9100
v 599.7956 236.7685 22501.9100
v 599.4167 236.8554 22501.9100
v 599.5421 236.8270 22501.9100
v 599.1617 236.9072 22501.9100
v 599.2877 236.8810 22501.9100
v 598.9059 236.9546 22501.9100
v 599.0323 236.9306 22501.9100
v 598.6494 236.9976 22501.9100
v 598.7761 236.9758 22501.9100
v 598.3920 237.0360 22501.9100
v 598.5191 237.0165 22501.9100
v 598.1341 237.0700 22501.9100
v 598.2615 237.0527 22501.9100
v 597.8756 237.0995 22501.9100
v 598.0033 237.0843 22501.9100
v 597.6166 237.1244 22501.9100
v 597.7446 237.1115 22501.9100
v 597.3572 237.1448 22501.9100
v 597.4854 237.1341 22501.9100
v 597.0975 237.1607 22501.9100
v 597.2258 237.1523 22501.9100
v 596.8376 237.1720 22501.9100
v 596.9661 237.1658 22501.9100
v 596.5775 237.1788 22501.9100
v 596.7061 237.1749 22501.9100
v 596.3174 237.1811 22501.9100
v 596.4459 237.1794 22501.9100
v 596.0572 237.1788 22501.9100
v 596.1858 237.1794 22501.9100
v 595.7971 237.1720 22501.9100
v 595.9257 237.1748 22501.9100
v 595.5372 237.1607 22501.9100
v 595.6657 237.1657 22501.9100
v 595.2775 237.1448 22501.9100
v 595.4059 237.1521 22501.9100
v 595.0181 237.1244 22501.9100
v 595.1464 237.1339 22501.9100
v 594.7592 237.0995 22501.9100
v 594.8872 237.1112 22501.9100
v 594.5007 237.0700 22501.9100
v 594.6285 237.0840 22501.9100
v 594.2427 237.0360 22501.9100
v 594.3703 237.0523 22501.9100
v 593.9854 236.9976 22501.9100
v 594.1127 237.0160 22501.9100
v 593.7288 236.9546 22501.9100
v 593.8557 236.9753 22501.9100
v 593.4730 236.9072 22501.9100
v 593.5995 236.9301 22501.9100
v 593.2180 236.8554 22501.9100
v 593.3442 236.8804 22501.9100
v 592.9641 236.7990 22501.9100
v 593.0897 236.8263 22501.9100
v 592.7111 236.7383 22501.9100
v 592.8362 236.7678 22501.9100
v 592.4592 236.6732 22501.9100
v 592.5838 236.7048 22501.9100
v 592.2084 236.6036 22501.9100
v 592.3325 236.6375 22501.9100
v 591.9590 236.5297 22501.9100
v 592.0825 236.5657 22501.9100
v 591.7109 236.4515 22501.9100
v 591.8337 236.4896 22501.9100
v 591.4641 236.3690 22501.9100
v 591.5862 236.4092 22501.9100
v 591.2189 236.2821 22501.9100
v 591.3403 236.3245 22501.9100
v 590.9752 236.1910 22501.9100
v 591.0958 236.2355 22501.9100
v 590.7331 236.0956 22501.9100
v 590.8530 236.1422 22501.9100
v 590.4927 235.9961 22501.9100
v 590.6118 236.0448 22501.9100
v 590.2542 235.8923 22501.9100
v 590.3723 235.9431 22501.9100
v 590.0174 235.7844 22501.9100
v 590.1346 235.8372 22501.9100
v 589.7826 235.6724 22501.9100
v 589.8989 235.7273 22501.9100
v 589.5497 235.5564 22501.9100
v 589.6651 235.6132 22501.9100
v 589.3190 235.4362 22501.9100
v 589.4333 235.4951 22501.9100
v 589.0903 235.3121 22501.9100
v 589.2036 235.3729 22501.9100
v 588.8639 235.1840 22501.9100
v 588.9761 235.2468 22501.9100
v 588.6397 235.0519 22501.9100
v 588.7508 235.1167 22501.9100
v 588.4179 234.9160 22501.9100
v 588.5278 234.9827 22501.9100
v 588.1984 234.7762 22501.9100
v 588.3072 234.8448 22501.9100
v 587.9815 234.6326 22501.9100
v 588.0891 234.7031 22501.9100
v 587.7671 234.4852 22501.9100
v 587.8734 234.5576 22501.9100
v 587.5553 234.3341 22501.9100
v 587.6603 234.4083 22501.9100
v 587.3461 234.1794 22501.9100
v 587.4498 234.2554 22501.9100
v 587.1397 234.0210 22501.9100
v 587.2421 234.0988 22501.9100
v 586.9361 233.8590 22501.9100
v 587.0371 233.9386 22501.9100
v 586.7354 233.6935 22501.9100
v 586.8349 233.7749 22501.9100
v 586.5375 233.5246 22501.9100
v 586.6357 233.6077 22501.9100
v 586.3427 233.3522 22501.9100
v 586.4393 233.4370 22501.9100
v 586.1508 233.1764 22501.9100
v 586.2460 233.2628 22501.9100
v 585.9621 232.9973 22501.9100
v 586.0558 233.0854 22501.9100
v 585.7766 232.8150 22501.9100
v 585.8687 232.9047 22501.9100
v 585.5942 232.6294 22501.9100
v 585.6847 232.7207 22501.9100
v 585.4151 232.4407 22501.9100
v 585.5040 232.5335 22501.9100
v 585.2393 232.2488 22501.9100
v 585.3266 232.3433 22501.9100
v 585.0670 232.0540 22501.9100
v 585.1525 232.1499 22501.9100
v 584.8979 231.8562 22501.9100
v 584.9819 231.9536 22501.9100
v 584.7325 231.6554 22501.9100
v 584.8147 231.7543 22501.9100
v 584.5705 231.4518 22501.9100
v 584.6510 231.5521 22501.9100
v 584.4121 231.2454 22501.9100
v 584.4908 231.3470 22501.9100
v 584.2574 231.0362 22501.9100
v 584.3343 231.1393 22501.9100
v 584.1063 230.8244 22501.9100
v 584.1814 230.9288 22501.9100
v 583.9589 230.6100 22501.9100
v 584.0322 230.7157 22501.9100
v 583.8153 230.3931 22501.9100
v 583.8868 230.5000 22501.9100
v 583.6755 230.1736 22501.9100
v 583.7451 230.2818 22501.9100
v 583.5396 229.9518 22501.9100
v 583.6072 230.0611 22501.9100
v 583.4075 229.7276 22501.9100
v 583.4733 229.8381 22501.9100
v 583.2794 229.5012 22501.9100
v 583.3433 229.6128 22501.9100
v 583.1553 229.2725 22501.9100
v 583.2172 229.3853 22501.9100
v 583.0352 229.0417 22501.9100
v 583.0950 229.1555 22501.9100
v 582.9191 228.8089 22501.9100
v 582.9769 228.9237 22501.9100
v 582.8071 228.5741 22501.9100
v 582.8629 228.6899 22501.9100
v 582.6992 228.3373 22501.9100
v 582.7530 228.4541 22501.9100
v 582.5954 228.0987 22501.9100
v 582.6472 228.2164 22501.9100
v 582.4958 227.8584 22501.9100
v 582.5456 227.9770 22501.9100
v 582.4005 227.6163 22501.9100
v 582.4482 227.7357 22501.9100
v 582.3094 227.3726 22501.9100
v 582.3550 227.4929 22501.9100
v 582.2225 227.1274 22501.9100
v 582.2660 227.2484 22501.9100
v 582.1400 226.8806 22501.9100
v 582.1813 227.0024 22501.9100
v 582.0618 226.6325 22501.9100
v 582.1010 226.7550 22501.9100
v 581.9879 226.3830 22501.9100
v 582.0249 226.5062 22501.9100
v 581.9183 226.1323 22501.9100
v 581.9532 226.2561 22501.9100
v 581.8532 225.8804 22501.9100
v 581.8859 226.0048 22501.9100
v 581.7925 225.6275 22501.9100
v 581.8230 225.7524 22501.9100
v 581.7361 225.3735 22501.9100
v 581.7645 225.4989 22501.9100
v 581.6843 225.1185 22501.9100
v 581.7104 225.2444 22501.9100
v 581.6368 224.8627 22501.9100
v 581.6608 224.9890 22501.9100
v 581.5939 224.6061 22501.9100
v 581.6157 224.7328 22501.9100
v 581.5555 224.3488 22501.9100
v 581.5750 224.4759 22501.9100
v 581.5215 224.0908 22501.9100
v 581.5389 224.2182 22501.9100
v 581.4921 223.8323 22501.9100
v 581.5071 223.9600 22501.9100
v 581.4671 223.5733 22501.9100
v 581.4800 223.7013 22501.9100
v 581.4467 223.3140 22501.9100
v 581.4573 223.4421 22501.9100
v 581.4308 223.0543 22501.9100
v 581.4392 223.1826 22501.9100
v 581.4195 222.7944 22501.9100
v 581.4257 222.9228 22501.9100
v 581.4127 222.5343 22501.9100
v 581.4166 222.6628 22501.9100
v 581.4104 222.2741 22501.9100
v 581.4120 222.4027 22501.9100
v 581.4127 222.0140 22501.9100
v 581.4121 222.1425 22501.9100
v 581.4195 221.7539 22501.9100
v 581.4167 221.8824 22501.9100
v 581.4308 221.4940 22501.9100
v 581.4258 221.6224 22501.9100
v 581.4467 221.2343 22501.9100
v 581.4394 221.3626 22501.9100
v 581.4671 220.9749 22501.9100
v 581.4576 221.1031 22501.9100
v 581.4921 220.7159 22501.9100
v 581.4803 220.8440 22501.9100
v 581.5215 220.4574 22501.9100
v 581.5075 220.5852 22501.9100
v 581.5555 220.1995 22501.9100
v 581.5392 220.3270 22501.9100
v 581.5939 219.9422 22501.9100
v 581.5755 220.0694 22501.9100
v 581.6368 219.6855 22501.9100
v 581.6162 219.8125 22501.9100
v 581.6843 219.4297 22501.9100
v 581.6614 219.5563 22501.9100
v 581.7361 219.1748 22501.9100
v 581.7111 219.3009 22501.9100
v 581.7925 218.9208 22501.9100
v 581.7652 219.0464 22501.9100
v 581.8532 218.6678 22501.9100
v 581.8237 218.7930 22501.9100
v 581.9183 218.4159 22501.9100
v 581.8867 218.5405 22501.9100
v 581.9879 218.1652 22501.9100
v 581.9540 218.2893 22501.9100
v 582.0618 217.9157 22501.9100
v 582.0258 218.0392 22501.9100
v 582.1400 217.6676 22501.9100
v 582.1019 217.7904 22501.9100
v 582.2225 217.4209 22501.9100
v 582.1823 217.5430 22501.9100
v 582.3094 217.1756 22501.9100
v 582.2670 217.2970 22501.9100
v 582.4005 216.9319 22501.9100
v 582.3560 217.0526 22501.9100
v 582.4958 216.6899 22501.9100
v 582.4493 216.8097 22501.9100
v 582.5954 216.4495 22501.9100
v 582.5468 216.5685 22501.9100
v 582.6992 216.2109 22501.9100
v 582.6484 216.3291 22501.9100
v 582.8071 215.9742 22501.9100
v 582.7543 216.0914 22501.9100
v 582.9191 215.7393 22501.9100
v 582.8642 215.8556 22501.9100
v 583.0352 215.5065 22501.9100
v 582.9783 215.6218 22501.9100
v 583.1553 215.2757 22501.9100
v 583.0964 215.3900 22501.9100
v 583.2794 215.0471 22501.9100
v 583.2186 215.1603 22501.9100
v 583.4075 214.8206 22501.9100
v 583.3447 214.9328 22501.9100
v 583.5396 214.5965 22501.9100
v 583.4748 214.7075 22501.9100
v 583.6755 214.3746 22501.9100
v 583.6088 214.4846 22501.9100
v 583.8153 214.1552 22501.9100
v 583.7467 214.2639 22501.9100
v 583.9589 213.9382 22501.9100
v 583.8884 214.0458 22501.9100
v 584.1063 213.7238 22501.9100
v 584.0339 213.8301 22501.9100
v 584.2574 213.5120 22501.9100
v 584.1832 213.6170 22501.9100
v 584.4121 213.3029 22501.9100
v 584.3361 213.4066 22501.9100
v 584.5705 213.0965 22501.9100
v 584.4927 213.1988 22501.9100
v 584.7325 212.8929 22501.9100
v 584.6529 212.9938 22501.9100
v 584.8979 212.6921 22501.9100
v 584.8166 212.7917 22501.9100
v 585.0670 212.4943 22501.9100
v 584.9838 212.5924 22501.9100
v 585.2393 212.2994 22501.9100
v 585.1545 212.3961 22501.9100
v 585.4151 212.1076 22501.9100
v 585.3287 212.2028 22501.9100
v 585.5942 211.9189 22501.9100
v 585.5061 212.0125 22501.9100
v 585.7766 211.7333 22501.9100
v 585.6868 211.8254 22501.9100
v 585.9621 211.5509 22501.9100
v 585.8708 211.6415 22501.9100
v 586.1508 211.3718 22501.9100
v 586.0580 211.4608 22501.9100
v 586.3427 211.1961 22501.9100
v 586.2482 211.2834 22501.9100
v 586.5375 211.0237 22501.9100
v 586.4416 211.1093 22501.9100
v 586.7354 210.8547 22501.9100
v 586.6379 210.9386 22501.9100
v 586.9361 210.6892 22501.9100
v 586.8372 210.7714 22501.9100
v 587.1397 210.5273 22501.9100
v 587.0394 210.6077 22501.9100
v 587.3461 210.3689 22501.9100
v 587.2444 210.4476 22501.9100
v 587.5553 210.2141 22501.9100
v 587.4523 210.2911 22501.9100
v 587.7671 210.0630 22501.9100
v 587.6627 210.1382 22501.9100
v 587.9815 209.9157 22501.9100
v 587.8759 209.9890 22501.9100
v 588.1984 209.7721 22501.9100
v 588.0916 209.8435 22501.9100
v 588.4179 209.6323 22501.9100
v 588.3098 209.7018 22501.9100
v 588.6397 209.4963 22501.9100
v 588.5304 209.5640 22501.9100
v 588.8639 209.3643 22501.9100
v 588.7534 209.4300 22501.9100
v 589.0903 209.2362 22501.9100
v 588.9787 209.3000 22501.9100
v 589.3190 209.1120 22501.9100
v 589.2062 209.1739 22501.9100
v 589.5497 208.9919 22501.9100
v 589.4360 209.0518 22501.9100
v 589.7826 208.8758 22501.9100
v 589.6678 208.9337 22501.9100
v 590.0174 208.7638 22501.9100
v 589.9016 208.8197 22501.9100
v 590.2542 208.6559 22501.9100
v 590.1374 208.7097 22501.9100
v 590.4927 208.5522 22501.9100
v 590.3751 208.6040 22501.9100
v 590.7331 208.4526 22501.9100
v 590.6146 208.5023 22501.9100
v 590.9752 208.3573 22501.9100
v 590.8558 208.4049 22501.9100
v 591.2189 208.2661 22501.9100
v 591.0986 208.3117 22501.9100
v 591.4641 208.1793 22501.9100
v 591.3431 208.2227 22501.9100
v 591.7109 208.0967 22501.9100
v 591.5891 208.1381 22501.9100
v 591.9590 208.0185 22501.9100
v 591.8365 208.0577 22501.9100
v 592.2084 207.9446 22501.9100
v 592.0853 207.9817 22501.9100
v 592.4592 207.8751 22501.9100
v 592.3354 207.9100 22501.9100
v 592.7111 207.8099 22501.9100
v 592.5867 207.8427 22501.9100
v 592.9641 207.7492 22501.9100
v 592.8391 207.7798 22501.9100
v 593.2180 207.6929 22501.9100
v 593.0927 207.7213 22501.9100
v 593.4730 207.6410 22501.9100
v 593.3471 207.6672 22501.9100
v 593.7288 207.5936 22501.9100
v 593.6025 207.6176 22501.9100
v 593.9854 207.5507 22501.9100
v 593.8587 207.5724 22501.9100
v 594.2427 207.5122 22501.9100
v 594.1157 207.5318 22501.9100
v 594.5007 207.4782 22501.9100
v 594.3733 207.4956 22501.9100
v 594.7592 207.4488 22501.9100
v 594.6315 207.4639 22501.9100
v 595.0181 207.4239 22501.9100
v 594.8902 207.4368 22501.9100
v 595.2775 207.4034 22501.9100
v 595.1494 207.4141 22501.9100
v 595.5372 207.3876 22501.9100
v 595.4089 207.3960 22501.9100
v 595.7971 207.3762 22501.9100
v 595.6687 207.3824 22501.9100
v 596.0572 207.3694 22501.9100
v 595.9287 207.3733 22501.9100
v 596.3174 207.3671 22501.9100
v 596.1888 207.3688 22501.9100
v 596.5775 207.3694 22501.9100
v 596.4490 207.3689 22501.9100
v 596.8376 207.3762 22501.9100
v 596.7090 207.3734 22501.9100
v 597.0975 207.3876 22501.9100
v 596.9691 207.3825 22501.9100
v 597.3572 207.4034 22501.9100
v 597.2289 207.3962 22501.9100
v 597.6166 207.4239 22501.9100
v 597.4884 207.4143 22501.9100
v 597.8756 207.4488 22501.9100
v 597.7476 207.4370 22501.9100
v 598.1341 207.4782 22501.9100
v 598.0063 207.4642 22501.9100
v 598.3920 207.5122 22501.9100
v 598.2645 207.4960 22501.9100
v 598.6494 207.5507 22501.9100
v 598.5221 207.5322 22501.9100
v 598.9059 207.5936 22501.9100
v 598.7791 207.5729 22501.9100
v 599.1617 207.6410 22501.9100
v 599.0352 207.6181 22501.9100
v 599.4167 207.6929 22501.9100
v 599.2906 207.6678 22501.9100
v 599.6707 207.7492 22501.9100
v 599.5450 207.7219 22501.9100
v 599.9237 207.8099 22501.9100
v 599.7985 207.7805 22501.9100
v 600.1756 207.8751 22501.9100
v 600.0510 207.8434 22501.9100
v 600.4263 207.9446 22501.9100
v 600.3022 207.9108 22501.9100
v 600.6758 208.0185 22501.9100
v 600.5523 207.9825 22501.9100
v 600.9239 208.0967 22501.9100
v 600.8011 208.0586 22501.9100
v 601.1706 208.1793 22501.9100
v 601.0485 208.1390 22501.9100
v 601.4159 208.2661 22501.9100
v 601.2945 208.2238 22501.9100
v 601.6595 208.3573 22501.9100
v 601.5389 208.3127 22501.9100
v 601.9016 208.4526 22501.9100
v 601.7818 208.4060 22501.9100
v 602.1420 208.5522 22501.9100
v 602.0230 208.5035 22501.9100
v 602.3806 208.6559 22501.9100
v 602.2625 208.6052 22501.9100
v 602.6174 208.7638 22501.9100
v 602.5001 208.7110 22501.9100
v 602.8522 208.8758 22501.9100
v 602.7358 208.8210 22501.9100
v 603.0850 208.9919 22501.9100
v 602.9697 208.9350 22501.9100
v 603.3158 209.1120 22501.9100
v 603.2015 209.0532 22501.9100
v 603.5444 209.2362 22501.9100
v 603.4312 209.1753 22501.9100
v 603.7709 209.3643 22501.9100
v 603.6587 209.3015 22501.9100
v 603.9951 209.4963 22501.9100
v 603.8840 209.4316 22501.9100
v 604.2169 209.6323 22501.9100
v 604.1069 209.5656 22501.9100
v 604.4363 209.7721 22501.9100
v 604.3276 209.7035 22501.9100
v 604.6533 209.9157 22501.9100
v 604.5457 209.8452 22501.9100
v 604.8677 210.0630 22501.9100
v 604.7614 209.9907 22501.9100
v 605.0795 210.2141 22501.9100
v 604.9745 210.1399 22501.9100
v 605.2886 210.3689 22501.9100
v 605.1849 210.2928 22501.9100
v 605.4951 210.5273 22501.9100
v 605.3927 210.4494 22501.9100
v 605.6987 210.6892 22501.9100
v 605.5977 210.6096 22501.9100
v 605.8994 210.8547 22501.9100
v 605.7998 210.7734 22501.9100
v 606.0972 211.0237 22501.9100
v 605.9991 210.9406 22501.9100
v 606.2921 211.1961 22501.9100
v 606.1954 211.1113 22501.9100
v 606.4839 211.3718 22501.9100
v 606.3887 211.2854 22501.9100
v 606.6727 211.5509 22501.9100
v 606.5790 211.4628 22501.9100
v 606.8582 211.7333 22501.9100
v 606.7661 211.6436 22501.9100
v 607.0406 211.9189 22501.9100
v 606.9500 211.8275 22501.9100
v 607.2197 212.1076 22501.9100
v 607.1307 212.0147 22501.9100
v 607.3954 212.2994 22501.9100
v 607.3082 212.2050 22501.9100
v 607.5678 212.4943 22501.9100
v 607.4822 212.3983 22501.9100
v 607.7368 212.6921 22501.9100
v 607.6528 212.5947 22501.9100
v 607.9023 212.8929 22501.9100
v 607.8201 212.7940 22501.9100
v 608.0643 213.0965 22501.9100
v 607.9838 212.9962 22501.9100
v 608.2227 213.3029 22501.9100
v 608.1439 213.2012 22501.9100
v 608.3774 213.5120 22501.9100
v 608.3004 213.4090 22501.9100
v 608.5284 213.7238 22501.9100
v 608.4533 213.6195 22501.9100
v 608.6758 213.9382 22501.9100
v 608.6025 213.8326 22501.9100
v 608.8195 214.1552 22501.9100
v 608.7480 214.0483 22501.9100
v 608.9592 214.3746 22501.9100
v 608.8896 214.2665 22501.9100
v 609.0952 214.5965 22501.9100
v 609.0275 214.4871 22501.9100
v 609.2272 214.8206 22501.9100
v 609.1614 214.7101 22501.9100
v 609.3553 215.0471 22501.9100
v 609.2915 214.9354 22501.9100
v 609.4795 215.2757 22501.9100
v 609.4176 215.1630 22501.9100
v 609.5996 215.5065 22501.9100
v 609.5397 215.3927 22501.9100
v 609.7157 215.7393 22501.9100
v 609.6578 215.6245 22501.9100
v 609.8277 215.9742 22501.9100
v 609.7719 215.8583 22501.9100
v 609.9356 216.2109 22501.9100
v 609.8818 216.0941 22501.9100
v 610.0393 216.4495 22501.9100
v 609.9875 216.3318 22501.9100
v 610.1389 216.6899 22501.9100
v 610.0892 216.5713 22501.9100
v 610.2343 216.9319 22501.9100
v 610.1866 216.8125 22501.9100
v 610.3254 217.1756 22501.9100
v 610.2798 217.0554 22501.9100
v 610.4122 217.4209 22501.9100
v 610.3688 217.2999 22501.9100
v 610.4948 217.6676 22501.9100
v 610.4534 217.5459 22501.9100
v 610.5730 217.9157 22501.9100
v 610.5338 217.7933 22501.9100
v 610.6469 218.1652 22501.9100
v 610.6098 218.0421 22501.9100
v 610.7164 218.4159 22501.9100
v 610.6815 218.2922 22501.9100
v 610.7816 218.6678 22501.9100
v 610.7488 218.5435 22501.9100
v 610.8423 218.9208 22501.9100
v 610.8117 218.7959 22501.9100
v 610.8986 219.1748 22501.9100
v 610.8702 219.0494 22501.9100
v 610.9505 219.4297 22501.9100
v 610.9243 219.3038 22501.9100
v 610.9979 219.6855 22501.9100
v 610.9739 219.5592 22501.9100
v 611.0408 219.9422 22501.9100
v 611.0190 219.8154 22501.9100
v 611.0793 220.1995 22501.9100
v 611.0598 220.0724 22501.9100
v 611.1133 220.4574 22501.9100
v 611.0959 220.3300 22501.9100
v 611.1427 220.7159 22501.9100
v 611.1276 220.5882 22501.9100
v 611.1677 220.9749 22501.9100
v 611.1547 220.8470 22501.9100
v 611.1880 221.2343 22501.9100
v 611.1774 221.1061 22501.9100
v 611.2039 221.4940 22501.9100
v 611.1955 221.3656 22501.9100
v 611.2153 221.7539 22501.9100
v 611.2091 221.6254 22501.9100
v 611.2221 222.0140 22501.9100
v 611.2181 221.8854 22501.9100
v 611.2227 222.1456 22501.9100
v 611.2244 222.2741 22524.2700
v 611.2221 222.0140 22524.2700
v 611.2238 222.1425 22524.2700
v 611.2153 221.7539 22524.2700
v 611.2192 221.8824 22524.2700
v 611.2039 221.4940 22524.2700
v 611.2101 221.6224 22524.2700
v 611.1880 221.2343 22524.2700
v 611.1965 221.3626 22524.2700
v 611.1677 220.9749 22524.2700
v 611.1783 221.1030 22524.2700
v 611.1427 220.7159 22524.2700
v 611.1556 220.8439 22524.2700
v 611.1133 220.4574 22524.2700
v 611.1284 220.5851 22524.2700
v 611.0793 220.1995 22524.2700
v 611.0966 220.3269 22524.2700
v 611.0408 219.9422 22524.2700
v 611.0604 220.0692 22524.2700
v 610.9979 219.6855 22524.2700
v 611.0197 219.8123 22524.2700
v 610.9505 219.4297 22524.2700
v 610.9745 219.5561 22524.2700
v 610.8986 219.1748 22524.2700
v 610.9248 219.3007 22524.2700
v 610.8423 218.9208 22524.2700
v 610.8707 219.0462 22524.2700
v 610.7816 218.6678 22524.2700
v 610.8121 218.7927 22524.2700
v 610.7164 218.4159 22524.2700
v 610.7491 218.5403 22524.2700
v 610.6469 218.1652 22524.2700
v 610.6818 218.2890 22524.2700
v 610.5730 217.9157 22524.2700
v 610.6100 218.0389 22524.2700
v 610.4948 217.6676 22524.2700
v 610.5340 217.7901 22524.2700
v 610.4122 217.4209 22524.2700
v 610.4536 217.5426 22524.2700
v 610.3254 217.1756 22524.2700
v 610.3688 217.2966 22524.2700
v 610.2343 216.9319 22524.2700
v 610.2798 217.0522 22524.2700
v 610.1389 216.6899 22524.2700
v 610.1865 216.8093 22524.2700
v 610.0393 216.4495 22524.2700
v 610.0891 216.5681 22524.2700
v 609.9356 216.2109 22524.2700
v 609.9874 216.3286 22524.2700
v 609.8277 215.9742 22524.2700
v 609.8815 216.0909 22524.2700
v 609.7157 215.7393 22524.2700
v 609.7715 215.8551 22524.2700
v 609.5996 215.5065 22524.2700
v 609.6575 215.6213 22524.2700
v 609.4795 215.2757 22524.2700
v 609.5394 215.3895 22524.2700
v 609.3553 215.0471 22524.2700
v 609.4172 215.1598 22524.2700
v 609.2272 214.8206 22524.2700
v 609.2910 214.9323 22524.2700
v 609.0952 214.5965 22524.2700
v 609.1609 214.7070 22524.2700
v 608.9592 214.3746 22524.2700
v 609.0269 214.4840 22524.2700
v 608.8195 214.1552 22524.2700
v 608.8890 214.2633 22524.2700
v 608.6758 213.9382 22524.2700
v 608.7473 214.0452 22524.2700
v 608.5284 213.7238 22524.2700
v 608.6017 213.8295 22524.2700
v 608.3774 213.5120 22524.2700
v 608.4525 213.6164 22524.2700
v 608.2227 213.3029 22524.2700
v 608.2996 213.4059 22524.2700
v 608.0643 213.0965 22524.2700
v 608.1429 213.1981 22524.2700
v 607.9023 212.8929 22524.2700
v 607.9828 212.9931 22524.2700
v 607.7368 212.6921 22524.2700
v 607.8190 212.7910 22524.2700
v 607.5678 212.4943 22524.2700
v 607.6518 212.5917 22524.2700
v 607.3954 212.2994 22524.2700
v 607.4811 212.3953 22524.2700
v 607.2197 212.1076 22524.2700
v 607.3069 212.2020 22524.2700
v 607.0406 211.9189 22524.2700
v 607.1295 212.0117 22524.2700
v 606.8582 211.7333 22524.2700
v 606.9487 211.8246 22524.2700
v 606.6727 211.5509 22524.2700
v 606.7648 211.6407 22524.2700
v 606.4839 211.3718 22524.2700
v 606.5776 211.4599 22524.2700
v 606.2921 211.1961 22524.2700
v 606.3873 211.2825 22524.2700
v 606.0972 211.0237 22524.2700
v 606.1939 211.1085 22524.2700
v 605.8994 210.8547 22524.2700
v 605.9976 210.9378 22524.2700
v 605.6987 210.6892 22524.2700
v 605.7982 210.7706 22524.2700
v 605.4951 210.5273 22524.2700
v 605.5960 210.6069 22524.2700
v 605.2886 210.3689 22524.2700
v 605.3910 210.4467 22524.2700
v 605.0795 210.2141 22524.2700
v 605.1832 210.2901 22524.2700
v 604.8677 210.0630 22524.2700
v 604.9727 210.1372 22524.2700
v 604.6533 209.9157 22524.2700
v 604.7595 209.9880 22524.2700
v 604.4363 209.7721 22524.2700
v 604.5438 209.8426 22524.2700
v 604.2169 209.6323 22524.2700
v 604.3256 209.7009 22524.2700
v 603.9951 209.4963 22524.2700
v 604.1050 209.5630 22524.2700
v 603.7709 209.3643 22524.2700
v 603.8820 209.4291 22524.2700
v 603.5444 209.2362 22524.2700
v 603.6566 209.2990 22524.2700
v 603.3158 209.1120 22524.2700
v 603.4291 209.1729 22524.2700
v 603.0850 208.9919 22524.2700
v 603.1993 209.0508 22524.2700
v 602.8522 208.8758 22524.2700
v 602.9675 208.9327 22524.2700
v 602.6174 208.7638 22524.2700
v 602.7336 208.8186 22524.2700
v 602.3806 208.6559 22524.2700
v 602.4979 208.7087 22524.2700
v 602.1420 208.5522 22524.2700
v 602.2601 208.6029 22524.2700
v 601.9016 208.4526 22524.2700
v 602.0206 208.5013 22524.2700
v 601.6595 208.3573 22524.2700
v 601.7794 208.4039 22524.2700
v 601.4159 208.2661 22524.2700
v 601.5365 208.3106 22524.2700
v 601.1706 208.1793 22524.2700
v 601.2920 208.2217 22524.2700
v 600.9239 208.0967 22524.2700
v 601.0460 208.1370 22524.2700
v 600.6758 208.0185 22524.2700
v 600.7986 208.0566 22524.2700
v 600.4263 207.9446 22524.2700
v 600.5497 207.9806 22524.2700
v 600.1756 207.8751 22524.2700
v 600.2996 207.9089 22524.2700
v 599.9237 207.8099 22524.2700
v 600.0483 207.8416 22524.2700
v 599.6707 207.7492 22524.2700
v 599.7959 207.7787 22524.2700
v 599.4167 207.6929 22524.2700
v 599.5424 207.7202 22524.2700
v 599.1617 207.6410 22524.2700
v 599.2879 207.6661 22524.2700
v 598.9059 207.5936 22524.2700
v 599.0325 207.6165 22524.2700
v 598.6494 207.5507 22524.2700
v 598.7762 207.5713 22524.2700
v 598.3920 207.5122 22524.2700
v 598.5193 207.5307 22524.2700
v 598.1341 207.4782 22524.2700
v 598.2617 207.4945 22524.2700
v 597.8756 207.4488 22524.2700
v 598.0034 207.4628 22524.2700
v 597.6166 207.4239 22524.2700
v 597.7446 207.4356 22524.2700
v 597.3572 207.4034 22524.2700
v 597.4855 207.4130 22524.2700
v 597.0975 207.3876 22524.2700
v 597.2260 207.3949 22524.2700
v 596.8376 207.3762 22524.2700
v 596.9661 207.3813 22524.2700
v 596.5775 207.3694 22524.2700
v 596.7061 207.3722 22524.2700
v 596.3174 207.3671 22524.2700
v 596.4460 207.3677 22524.2700
v 596.0572 207.3694 22524.2700
v 596.1858 207.3677 22524.2700
v 595.7971 207.3762 22524.2700
v 595.9257 207.3723 22524.2700
v 595.5372 207.3876 22524.2700
v 595.6656 207.3814 22524.2700
v 595.2775 207.4034 22524.2700
v 595.4058 207.3950 22524.2700
v 595.0181 207.4239 22524.2700
v 595.1463 207.4132 22524.2700
v 594.7592 207.4488 22524.2700
v 594.8871 207.4359 22524.2700
v 594.5007 207.4782 22524.2700
v 594.6284 207.4631 22524.2700
v 594.2427 207.5122 22524.2700
v 594.3701 207.4949 22524.2700
v 593.9854 207.5507 22524.2700
v 594.1125 207.5311 22524.2700
v 593.7288 207.5936 22524.2700
v 593.8555 207.5718 22524.2700
v 593.4730 207.6410 22524.2700
v 593.5993 207.6170 22524.2700
v 593.2180 207.6929 22524.2700
v 593.3439 207.6667 22524.2700
v 592.9641 207.7492 22524.2700
v 593.0895 207.7208 22524.2700
v 592.7111 207.8099 22524.2700
v 592.8359 207.7794 22524.2700
v 592.4592 207.8751 22524.2700
v 592.5835 207.8423 22524.2700
v 592.2084 207.9446 22524.2700
v 592.3322 207.9097 22524.2700
v 591.9590 208.0185 22524.2700
v 592.0821 207.9814 22524.2700
v 591.7109 208.0967 22524.2700
v 591.8333 208.0575 22524.2700
v 591.4641 208.1793 22524.2700
v 591.5859 208.1380 22524.2700
v 591.2189 208.2661 22524.2700
v 591.3399 208.2227 22524.2700
v 590.9752 208.3573 22524.2700
v 591.0955 208.3117 22524.2700
v 590.7331 208.4526 22524.2700
v 590.8525 208.4050 22524.2700
v 590.4927 208.5522 22524.2700
v 590.6113 208.5024 22524.2700
v 590.2542 208.6559 22524.2700
v 590.3718 208.6041 22524.2700
v 590.0174 208.7638 22524.2700
v 590.1342 208.7100 22524.2700
v 589.7826 208.8758 22524.2700
v 589.8984 208.8199 22524.2700
v 589.5497 208.9919 22524.2700
v 589.6646 208.9340 22524.2700
v 589.3190 209.1120 22524.2700
v 589.4327 209.0522 22524.2700
v 589.0903 209.2362 22524.2700
v 589.2031 209.1743 22524.2700
v 588.8639 209.3643 22524.2700
v 588.9755 209.3005 22524.2700
v 588.6397 209.4963 22524.2700
v 588.7502 209.4306 22524.2700
v 588.4179 209.6323 22524.2700
v 588.5272 209.5646 22524.2700
v 588.1984 209.7721 22524.2700
v 588.3066 209.7025 22524.2700
v 587.9815 209.9157 22524.2700
v 588.0884 209.8442 22524.2700
v 587.7671 210.0630 22524.2700
v 587.8727 209.9897 22524.2700
v 587.5553 210.2141 22524.2700
v 587.6596 210.1390 22524.2700
v 587.3461 210.3689 22524.2700
v 587.4492 210.2919 22524.2700
v 587.1397 210.5273 22524.2700
v 587.2414 210.4485 22524.2700
v 586.9361 210.6892 22524.2700
v 587.0364 210.6087 22524.2700
v 586.7354 210.8547 22524.2700
v 586.8342 210.7725 22524.2700
v 586.5375 211.0237 22524.2700
v 586.6349 210.9397 22524.2700
v 586.3427 211.1961 22524.2700
v 586.4386 211.1104 22524.2700
v 586.1508 211.3718 22524.2700
v 586.2452 211.2845 22524.2700
v 585.9621 211.5509 22524.2700
v 586.0550 211.4620 22524.2700
v 585.7766 211.7333 22524.2700
v 585.8679 211.6428 22524.2700
v 585.5942 211.9189 22524.2700
v 585.6839 211.8268 22524.2700
v 585.4151 212.1076 22524.2700
v 585.5032 212.0139 22524.2700
v 585.2393 212.2994 22524.2700
v 585.3258 212.2042 22524.2700
v 585.0670 212.4943 22524.2700
v 585.1517 212.3976 22524.2700
v 584.8979 212.6921 22524.2700
v 584.9810 212.5939 22524.2700
v 584.7325 212.8929 22524.2700
v 584.8138 212.7933 22524.2700
v 584.5705 213.0965 22524.2700
v 584.6501 212.9955 22524.2700
v 584.4121 213.3029 22524.2700
v 584.4899 213.2005 22524.2700
v 584.2574 213.5120 22524.2700
v 584.3334 213.4083 22524.2700
v 584.1063 213.7238 22524.2700
v 584.1805 213.6188 22524.2700
v 583.9589 213.9382 22524.2700
v 584.0313 213.8320 22524.2700
v 583.8153 214.1552 22524.2700
v 583.8858 214.0477 22524.2700
v 583.6755 214.3746 22524.2700
v 583.7441 214.2659 22524.2700
v 583.5396 214.5965 22524.2700
v 583.6063 214.4865 22524.2700
v 583.4075 214.8206 22524.2700
v 583.4723 214.7095 22524.2700
v 583.2794 215.0471 22524.2700
v 583.3423 214.9349 22524.2700
v 583.1553 215.2757 22524.2700
v 583.2161 215.1624 22524.2700
v 583.0352 215.5065 22524.2700
v 583.0940 215.3922 22524.2700
v 582.9191 215.7393 22524.2700
v 582.9760 215.6240 22524.2700
v 582.8071 215.9742 22524.2700
v 582.8619 215.8578 22524.2700
v 582.6992 216.2109 22524.2700
v 582.7520 216.0937 22524.2700
v 582.5954 216.4495 22524.2700
v 582.6462 216.3314 22524.2700
v 582.4958 216.6899 22524.2700
v 582.5446 216.5709 22524.2700
v 582.4005 216.9319 22524.2700
v 582.4471 216.8121 22524.2700
v 582.3094 217.1756 22524.2700
v 582.3539 217.0550 22524.2700
v 582.2225 217.4209 22524.2700
v 582.2650 217.2995 22524.2700
v 582.1400 217.6676 22524.2700
v 582.1802 217.5455 22524.2700
v 582.0618 217.9157 22524.2700
v 582.0999 217.7929 22524.2700
v 581.9879 218.1652 22524.2700
v 582.0239 218.0417 22524.2700
v 581.9183 218.4159 22524.2700
v 581.9521 218.2919 22524.2700
v 581.8532 218.6678 22524.2700
v 581.8848 218.5432 22524.2700
v 581.7925 218.9208 22524.2700
v 581.8219 218.7956 22524.2700
v 581.7361 219.1748 22524.2700
v 581.7634 219.0491 22524.2700
v 581.6843 219.4297 22524.2700
v 581.7094 219.3036 22524.2700
v 581.6368 219.6855 22524.2700
v 581.6597 219.5590 22524.2700
v 581.5939 219.9422 22524.2700
v 581.6146 219.8152 22524.2700
v 581.5555 220.1995 22524.2700
v 581.5739 220.0722 22524.2700
v 581.5215 220.4574 22524.2700
v 581.5377 220.3299 22524.2700
v 581.4921 220.7159 22524.2700
v 581.5060 220.5881 22524.2700
v 581.4671 220.9749 22524.2700
v 581.4789 220.8468 22524.2700
v 581.4467 221.2343 22524.2700
v 581.4562 221.1060 22524.2700
v 581.4308 221.4940 22524.2700
v 581.4381 221.3656 22524.2700
v 581.4195 221.7539 22524.2700
v 581.4245 221.6254 22524.2700
v 581.4127 222.0140 22524.2700
v 581.4155 221.8854 22524.2700
v 581.4104 222.2741 22524.2700
v 581.4109 222.1455 22524.2700
v 581.4127 222.5343 22524.2700
v 581.4109 222.4057 22524.2700
v 581.4195 222.7944 22524.2700
v 581.4155 222.6658 22524.2700
v 581.4308 223.0543 22524.2700
v 581.4246 222.9259 22524.2700
v 581.4467 223.3140 22524.2700
v 581.4383 223.1857 22524.2700
v 581.4671 223.5733 22524.2700
v 581.4565 223.4452 22524.2700
v 581.4921 223.8323 22524.2700
v 581.4792 223.7044 22524.2700
v 581.5215 224.0908 22524.2700
v 581.5064 223.9631 22524.2700
v 581.5555 224.3488 22524.2700
v 581.5381 224.2214 22524.2700
v 581.5939 224.6061 22524.2700
v 581.5743 224.4790 22524.2700
v 581.6368 224.8627 22524.2700
v 581.6151 224.7360 22524.2700
v 581.6843 225.1185 22524.2700
v 581.6603 224.9922 22524.2700
v 581.7361 225.3735 22524.2700
v 581.7100 225.2476 22524.2700
v 581.7925 225.6275 22524.2700
v 581.7641 225.5021 22524.2700
v 581.8532 225.8804 22524.2700
v 581.8226 225.7556 22524.2700
v 581.9183 226.1323 22524.2700
v 581.8856 226.0080 22524.2700
v 581.9879 226.3830 22524.2700
v 581.9529 226.2593 22524.2700
v 582.0618 226.6325 22524.2700
v 582.0247 226.5094 22524.2700
v 582.1400 226.8806 22524.2700
v 582.1008 226.7582 22524.2700
v 582.2225 227.1274 22524.2700
v 582.1812 227.0056 22524.2700
v 582.3094 227.3726 22524.2700
v 582.2659 227.2516 22524.2700
v 582.4005 227.6163 22524.2700
v 582.3549 227.4961 22524.2700
v 582.4958 227.8584 22524.2700
v 582.4482 227.7390 22524.2700
v 582.5954 228.0987 22524.2700
v 582.5457 227.9802 22524.2700
v 582.6992 228.3373 22524.2700
v 582.6474 228.2197 22524.2700
v 582.8071 228.5741 22524.2700
v 582.7532 228.4573 22524.2700
v 582.9191 228.8089 22524.2700
v 582.8632 228.6931 22524.2700
v 583.0352 229.0417 22524.2700
v 582.9773 228.9269 22524.2700
v 583.1553 229.2725 22524.2700
v 583.0954 229.1587 22524.2700
v 583.2794 229.5012 22524.2700
v 583.2176 229.3884 22524.2700
v 583.4075 229.7276 22524.2700
v 583.3438 229.6160 22524.2700
v 583.5396 229.9518 22524.2700
v 583.4738 229.8413 22524.2700
v 583.6755 230.1736 22524.2700
v 583.6078 230.0643 22524.2700
v 583.8153 230.3931 22524.2700
v 583.7458 230.2849 22524.2700
v 583.9589 230.6100 22524.2700
v 583.8875 230.5031 22524.2700
v 584.1063 230.8244 22524.2700
v 584.0330 230.7188 22524.2700
v 584.2574 231.0362 22524.2700
v 584.1823 230.9319 22524.2700
v 584.4121 231.2454 22524.2700
v 584.3352 231.1423 22524.2700
v 584.5705 231.4518 22524.2700
v 584.4918 231.3501 22524.2700
v 584.7325 231.6554 22524.2700
v 584.6520 231.5551 22524.2700
v 584.8979 231.8562 22524.2700
v 584.8157 231.7573 22524.2700
v 585.0670 232.0540 22524.2700
v 584.9830 231.9566 22524.2700
v 585.2393 232.2488 22524.2700
v 585.1537 232.1529 22524.2700
v 585.4151 232.4407 22524.2700
v 585.3278 232.3463 22524.2700
v 585.5942 232.6294 22524.2700
v 585.5052 232.5365 22524.2700
v 585.7766 232.8150 22524.2700
v 585.6860 232.7236 22524.2700
v 585.9621 232.9973 22524.2700
v 585.8700 232.9076 22524.2700
v 586.1508 233.1764 22524.2700
v 586.0572 233.0883 22524.2700
v 586.3427 233.3522 22524.2700
v 586.2475 233.2657 22524.2700
v 586.5375 233.5246 22524.2700
v 586.4409 233.4398 22524.2700
v 586.7354 233.6935 22524.2700
v 586.6372 233.6105 22524.2700
v 586.9361 233.8590 22524.2700
v 586.8365 233.7777 22524.2700
v 587.1397 234.0210 22524.2700
v 587.0388 233.9414 22524.2700
v 587.3461 234.1794 22524.2700
v 587.2438 234.1015 22524.2700
v 587.5553 234.3341 22524.2700
v 587.4516 234.2581 22524.2700
v 587.7671 234.4852 22524.2700
v 587.6620 234.4110 22524.2700
v 587.9815 234.6326 22524.2700
v 587.8752 234.5602 22524.2700
v 588.1984 234.7762 22524.2700
v 588.0909 234.7057 22524.2700
v 588.4179 234.9160 22524.2700
v 588.3091 234.8474 22524.2700
v 588.6397 235.0519 22524.2700
v 588.5298 234.9852 22524.2700
v 588.8639 235.1840 22524.2700
v 588.7528 235.1192 22524.2700
v 589.0903 235.3121 22524.2700
v 588.9781 235.2493 22524.2700
v 589.3190 235.4362 22524.2700
v 589.2057 235.3754 22524.2700
v 589.5497 235.5564 22524.2700
v 589.4354 235.4975 22524.2700
v 589.7826 235.6724 22524.2700
v 589.6672 235.6156 22524.2700
v 590.0174 235.7844 22524.2700
v 589.9011 235.7296 22524.2700
v 590.2542 235.8923 22524.2700
v 590.1369 235.8395 22524.2700
v 590.4927 235.9961 22524.2700
v 590.3746 235.9453 22524.2700
v 590.7331 236.0956 22524.2700
v 590.6141 236.0470 22524.2700
v 590.9752 236.1910 22524.2700
v 590.8553 236.1444 22524.2700
v 591.2189 236.2821 22524.2700
v 591.0983 236.2376 22524.2700
v 591.4641 236.3690 22524.2700
v 591.3427 236.3266 22524.2700
v 591.7109 236.4515 22524.2700
v 591.5887 236.4113 22524.2700
v 591.9590 236.5297 22524.2700
v 591.8362 236.4916 22524.2700
v 592.2084 236.6036 22524.2700
v 592.0850 236.5677 22524.2700
v 592.4592 236.6732 22524.2700
v 592.3351 236.6394 22524.2700
v 592.7111 236.7383 22524.2700
v 592.5864 236.7067 22524.2700
v 592.9641 236.7990 22524.2700
v 592.8389 236.7696 22524.2700
v 593.2180 236.8554 22524.2700
v 593.0924 236.8281 22524.2700
v 593.4730 236.9072 22524.2700
v 593.3469 236.8822 22524.2700
v 593.7288 236.9546 22524.2700
v 593.6023 236.9318 22524.2700
v 593.9854 236.9976 22524.2700
v 593.8585 236.9769 22524.2700
v 594.2427 237.0360 22524.2700
v 594.1155 237.0176 22524.2700
v 594.5007 237.0700 22524.2700
v 594.3731 237.0538 22524.2700
v 594.7592 237.0995 22524.2700
v 594.6313 237.0855 22524.2700
v 595.0181 237.1244 22524.2700
v 594.8901 237.1126 22524.2700
v 595.2775 237.1448 22524.2700
v 595.1493 237.1353 22524.2700
v 595.5372 237.1607 22524.2700
v 595.4088 237.1534 22524.2700
v 595.7971 237.1720 22524.2700
v 595.6686 237.1670 22524.2700
v 596.0572 237.1788 22524.2700
v 595.9286 237.1760 22524.2700
v 596.3174 237.1811 22524.2700
v 596.1888 237.1806 22524.2700
v 596.5775 237.1788 22524.2700
v 596.4490 237.1805 22524.2700
v 596.8376 237.1720 22524.2700
v 596.7091 237.1760 22524.2700
v 597.0975 237.1607 22524.2700
v 596.9691 237.1669 22524.2700
v 597.3572 237.1448 22524.2700
v 597.2289 237.1532 22524.2700
v 597.6166 237.1244 22524.2700
v 597.4885 237.1350 22524.2700
v 597.8756 237.0995 22524.2700
v 597.7476 237.1123 22524.2700
v 598.1341 237.0700 22524.2700
v 598.0064 237.0851 22524.2700
v 598.3920 237.0360 22524.2700
v 598.2646 237.0534 22524.2700
v 598.6494 236.9976 22524.2700
v 598.5223 237.0172 22524.2700
v 598.9059 236.9546 22524.2700
v 598.7792 236.9764 22524.2700
v 599.1617 236.9072 22524.2700
v 599.0355 236.9312 22524.2700
v 599.4167 236.8554 22524.2700
v 599.2908 236.8815 22524.2700
v 599.6707 236.7990 22524.2700
v 599.5453 236.8274 22524.2700
v 599.9237 236.7383 22524.2700
v 599.7988 236.7689 22524.2700
v 600.1756 236.6732 22524.2700
v 600.0513 236.7059 22524.2700
v 600.4263 236.6036 22524.2700
v 600.3026 236.6385 22524.2700
v 600.6758 236.5297 22524.2700
v 600.5526 236.5668 22524.2700
v 600.9239 236.4515 22524.2700
v 600.8015 236.4907 22524.2700
v 601.1706 236.3690 22524.2700
v 601.0489 236.4103 22524.2700
v 601.4159 236.2821 22524.2700
v 601.2949 236.3256 22524.2700
v 601.6595 236.1910 22524.2700
v 601.5393 236.2366 22524.2700
v 601.9016 236.0956 22524.2700
v 601.7822 236.1433 22524.2700
v 602.1420 235.9961 22524.2700
v 602.0234 236.0458 22524.2700
v 602.3806 235.8923 22524.2700
v 602.2629 235.9441 22524.2700
v 602.6174 235.7844 22524.2700
v 602.5005 235.8383 22524.2700
v 602.8522 235.6724 22524.2700
v 602.7363 235.7283 22524.2700
v 603.0850 235.5564 22524.2700
v 602.9702 235.6142 22524.2700
v 603.3158 235.4362 22524.2700
v 603.2020 235.4961 22524.2700
v 603.5444 235.3121 22524.2700
v 603.4317 235.3739 22524.2700
v 603.7709 235.1840 22524.2700
v 603.6592 235.2478 22524.2700
v 603.9951 235.0519 22524.2700
v 603.8845 235.1177 22524.2700
v 604.2169 234.9160 22524.2700
v 604.1075 234.9836 22524.2700
v 604.4363 234.7762 22524.2700
v 604.3282 234.8457 22524.2700
v 604.6533 234.6326 22524.2700
v 604.5463 234.7040 22524.2700
v 604.8677 234.4852 22524.2700
v 604.7620 234.5585 22524.2700
v 605.0795 234.3341 22524.2700
v 604.9752 234.4093 22524.2700
v 605.2886 234.1794 22524.2700
v 605.1856 234.2563 22524.2700
v 605.4951 234.0210 22524.2700
v 605.3934 234.0997 22524.2700
v 605.6987 233.8590 22524.2700
v 605.5984 233.9395 22524.2700
v 605.8994 233.6935 22524.2700
v 605.8005 233.7758 22524.2700
v 606.0972 233.5246 22524.2700
v 605.9998 233.6085 22524.2700
v 606.2921 233.3522 22524.2700
v 606.1962 233.4378 22524.2700
v 606.4839 233.1764 22524.2700
v 606.3895 233.2637 22524.2700
v 606.6727 232.9973 22524.2700
v 606.5798 233.0862 22524.2700
v 606.8582 232.8150 22524.2700
v 606.7669 232.9055 22524.2700
v 607.0406 232.6294 22524.2700
v 606.9509 232.7215 22524.2700
v 607.2197 232.4407 22524.2700
v 607.1315 232.5343 22524.2700
v 607.3954 232.2488 22524.2700
v 607.3090 232.3440 22524.2700
v 607.5678 232.0540 22524.2700
v 607.4830 232.1507 22524.2700
v 607.7368 231.8562 22524.2700
v 607.6537 231.9543 22524.2700
v 607.9023 231.6554 22524.2700
v 607.8209 231.7550 22524.2700
v 608.0643 231.4518 22524.2700
v 607.9846 231.5528 22524.2700
v 608.2227 231.2454 22524.2700
v 608.1448 231.3477 22524.2700
v 608.3774 231.0362 22524.2700
v 608.3013 231.1399 22524.2700
v 608.5284 230.8244 22524.2700
v 608.4543 230.9294 22524.2700
v 608.6758 230.6100 22524.2700
v 608.6035 230.7163 22524.2700
v 608.8195 230.3931 22524.2700
v 608.7490 230.5006 22524.2700
v 608.9592 230.1736 22524.2700
v 608.8906 230.2824 22524.2700
v 609.0952 229.9518 22524.2700
v 609.0284 230.0617 22524.2700
v 609.2272 229.7276 22524.2700
v 609.1624 229.8387 22524.2700
v 609.3553 229.5012 22524.2700
v 609.2925 229.6134 22524.2700
v 609.4795 229.2725 22524.2700
v 609.4186 229.3858 22524.2700
v 609.5996 229.0417 22524.2700
v 609.5407 229.1561 22524.2700
v 609.7157 228.8089 22524.2700
v 609.6588 228.9242 22524.2700
v 609.8277 228.5741 22524.2700
v 609.7728 228.6904 22524.2700
v 609.9356 228.3373 22524.2700
v 609.8828 228.4546 22524.2700
v 610.0393 228.0987 22524.2700
v 609.9886 228.2169 22524.2700
v 610.1389 227.8584 22524.2700
v 610.0902 227.9774 22524.2700
v 610.2343 227.6163 22524.2700
v 610.1876 227.7362 22524.2700
v 610.3254 227.3726 22524.2700
v 610.2809 227.4933 22524.2700
v 610.4122 227.1274 22524.2700
v 610.3698 227.2488 22524.2700
v 610.4948 226.8806 22524.2700
v 610.4545 227.0027 22524.2700
v 610.5730 226.6325 22524.2700
v 610.5349 226.7553 22524.2700
v 610.6469 226.3830 22524.2700
v 610.6109 226.5065 22524.2700
v 610.7164 226.1323 22524.2700
v 610.6826 226.2564 22524.2700
v 610.7816 225.8804 22524.2700
v 610.7499 226.0051 22524.2700
v 610.8423 225.6275 22524.2700
v 610.8129 225.7526 22524.2700
v 610.8986 225.3735 22524.2700
v 610.8713 225.4991 22524.2700
v 610.9505 225.1185 22524.2700
v 610.9254 225.2446 22524.2700
v 610.9979 224.8627 22524.2700
v 610.9750 224.9892 22524.2700
v 611.0408 224.6061 22524.2700
v 611.0202 224.7330 22524.2700
v 611.0793 224.3488 22524.2700
v 611.0609 224.4760 22524.2700
v 611.1133 224.0908 22524.2700
v 611.0970 224.2184 22524.2700
v 611.1427 223.8323 22524.2700
v 611.1287 223.9601 22524.2700
v 611.1677 223.5733 22524.2700
v 611.1559 223.7014 22524.2700
v 611.1880 223.3140 22524.2700
v 611.1785 223.4422 22524.2700
v 611.2039 223.0543 22524.2700
v 611.1967 223.1827 22524.2700
v 611.2153 222.7944 22524.2700
v 611.2103 222.9229 22524.2700
v 611.2221 222.5343 22524.2700
v 611.2193 222.6628 22524.2700
v 611.2238 222.4027 22524.2700
v 611.2244 222.2741 22513.2700
v 606.8582 211.7333 22513.2700
v 596.3174 207.3671 22513.2700
v 585.7766 211.7333 22513.2700
v 581.4104 222.2741 22513.2700
v 585.7766 232.8150 22513.2700
v 596.3174 237.1811 22513.2700
v 606.8582 232.8150 22513.2700
v 141.5785 222.2741 22501.9100
v 141.5797 222.4042 22501.9100
v 141.5788 222.3399 22501.9100
v 141.5831 222.5342 22501.9100
v 141.5811 222.4700 22501.9100
v 141.5887 222.6642 22501.9100
v 141.5856 222.6000 22501.9100
v 141.5967 222.7941 22501.9100
v 141.5925 222.7299 22501.9100
v 141.6069 222.9237 22501.9100
v 141.6016 222.8597 22501.9100
v 141.6194 223.0532 22501.9100
v 141.6129 222.9893 22501.9100
v 141.6341 223.1825 22501.9100
v 141.6265 223.1186 22501.9100
v 141.6511 223.3114 22501.9100
v 141.6424 223.2477 22501.9100
v 141.6703 223.4401 22501.9100
v 141.6605 223.3766 22501.9100
v 141.6918 223.5684 22501.9100
v 141.6809 223.5051 22501.9100
v 141.7155 223.6963 22501.9100
v 141.7035 223.6331 22501.9100
v 141.7414 223.8238 22501.9100
v 141.7283 223.7608 22501.9100
v 141.7696 223.9508 22501.9100
v 141.7554 223.8881 22501.9100
v 141.7999 224.0773 22501.9100
v 141.7846 224.0148 22501.9100
v 141.8325 224.2032 22501.9100
v 141.8161 224.1411 22501.9100
v 141.8673 224.3286 22501.9100
v 141.8498 224.2667 22501.9100
v 141.9042 224.4533 22501.9100
v 141.8857 224.3918 22501.9100
v 141.9433 224.5774 22501.9100
v 141.9237 224.5161 22501.9100
v 141.9846 224.7007 22501.9100
v 141.9639 224.6399 22501.9100
v 142.0280 224.8234 22501.9100
v 142.0063 224.7629 22501.9100
v 142.0736 224.9452 22501.9100
v 142.0508 224.8851 22501.9100
v 142.1213 225.0663 22501.9100
v 142.0974 225.0065 22501.9100
v 142.1710 225.1864 22501.9100
v 142.1462 225.1272 22501.9100
v 142.2229 225.3057 22501.9100
v 142.1970 225.2469 22501.9100
v 142.2769 225.4241 22501.9100
v 142.2499 225.3657 22501.9100
v 142.3329 225.5415 22501.9100
v 142.3049 225.4836 22501.9100
v 142.3909 225.6579 22501.9100
v 142.3620 225.6005 22501.9100
v 142.4510 225.7733 22501.9100
v 142.4210 225.7164 22501.9100
v 142.5130 225.8876 22501.9100
v 142.4821 225.8313 22501.9100
v 142.5771 226.0009 22501.9100
v 142.5452 225.9451 22501.9100
v 142.6431 226.1130 22501.9100
v 142.6102 226.0577 22501.9100
v 142.7111 226.2239 22501.9100
v 142.6773 226.1692 22501.9100
v 142.7810 226.3336 22501.9100
v 142.7462 226.2795 22501.9100
v 142.8528 226.4421 22501.9100
v 142.8171 226.3886 22501.9100
v 142.9265 226.5493 22501.9100
v 142.8898 226.4964 22501.9100
v 143.0020 226.6552 22501.9100
v 142.9644 226.6030 22501.9100
v 143.0794 226.7598 22501.9100
v 143.0409 226.7082 22501.9100
v 143.1586 226.8629 22501.9100
v 143.1192 226.8121 22501.9100
v 143.2396 226.9648 22501.9100
v 143.1993 226.9146 22501.9100
v 143.3223 227.0651 22501.9100
v 143.2812 227.0157 22501.9100
v 143.4068 227.1641 22501.9100
v 143.3648 227.1154 22501.9100
v 143.4930 227.2615 22501.9100
v 143.4502 227.2135 22501.9100
v 143.5809 227.3574 22501.9100
v 143.5372 227.3102 22501.9100
v 143.6704 227.4518 22501.9100
v 143.6260 227.4053 22501.9100
v 143.7616 227.5445 22501.9100
v 143.7163 227.4989 22501.9100
v 143.8544 227.6357 22501.9100
v 143.8083 227.5909 22501.9100
v 143.9487 227.7253 22501.9100
v 143.9019 227.6812 22501.9100
v 144.0447 227.8132 22501.9100
v 143.9971 227.7699 22501.9100
v 144.1421 227.8994 22501.9100
v 144.0938 227.8570 22501.9100
v 144.2410 227.9838 22501.9100
v 144.1919 227.9423 22501.9100
v 144.3414 228.0666 22501.9100
v 144.2916 228.0259 22501.9100
v 144.4432 228.1476 22501.9100
v 144.3927 228.1078 22501.9100
v 144.5464 228.2267 22501.9100
v 144.4952 228.1878 22501.9100
v 144.6510 228.3041 22501.9100
v 144.5991 228.2661 22501.9100
v 144.7569 228.3797 22501.9100
v 144.7044 228.3426 22501.9100
v 144.8641 228.4534 22501.9100
v 144.8109 228.4172 22501.9100
v 144.9725 228.5251 22501.9100
v 144.9188 228.4899 22501.9100
v 145.0823 228.5950 22501.9100
v 145.0279 228.5607 22501.9100
v 145.1932 228.6630 22501.9100
v 145.1382 228.6297 22501.9100
v 145.3053 228.7290 22501.9100
v 145.2497 228.6967 22501.9100
v 145.4185 228.7931 22501.9100
v 145.3624 228.7617 22501.9100
v 145.5328 228.8552 22501.9100
v 145.4762 228.8247 22501.9100
v 145.6482 228.9152 22501.9100
v 145.5910 228.8858 22501.9100
v 145.7646 228.9733 22501.9100
v 145.7070 228.9448 22501.9100
v 145.8820 229.0293 22501.9100
v 145.8239 229.0019 22501.9100
v 146.0004 229.0832 22501.9100
v 145.9418 229.0568 22501.9100
v 146.1197 229.1351 22501.9100
v 146.0606 229.1097 22501.9100
v 146.2399 229.1849 22501.9100
v 146.1804 229.1605 22501.9100
v 146.3609 229.2326 22501.9100
v 146.3010 229.2093 22501.9100
v 146.4828 229.2781 22501.9100
v 146.4225 229.2559 22501.9100
v 146.6054 229.3215 22501.9100
v 146.5447 229.3004 22501.9100
v 146.7288 229.3628 22501.9100
v 146.6677 229.3427 22501.9100
v 146.8528 229.4019 22501.9100
v 146.7914 229.3829 22501.9100
v 146.9776 229.4389 22501.9100
v 146.9158 229.4209 22501.9100
v 147.1029 229.4736 22501.9100
v 147.0409 229.4567 22501.9100
v 147.2289 229.5062 22501.9100
v 147.1665 229.4904 22501.9100
v 147.3553 229.5366 22501.9100
v 147.2928 229.5219 22501.9100
v 147.4823 229.5647 22501.9100
v 147.4195 229.5511 22501.9100
v 147.6098 229.5907 22501.9100
v 147.5468 229.5781 22501.9100
v 147.7377 229.6144 22501.9100
v 147.6745 229.6030 22501.9100
v 147.8660 229.6358 22501.9100
v 147.8026 229.6255 22501.9100
v 147.9947 229.6551 22501.9100
v 147.9311 229.6459 22501.9100
v 148.1237 229.6721 22501.9100
v 148.0599 229.6640 22501.9100
v 148.2529 229.6868 22501.9100
v 148.1890 229.6798 22501.9100
v 148.3824 229.6992 22501.9100
v 148.3184 229.6934 22501.9100
v 148.5121 229.7095 22501.9100
v 148.4480 229.7047 22501.9100
v 148.6419 229.7174 22501.9100
v 148.5777 229.7138 22501.9100
v 148.7719 229.7231 22501.9100
v 148.7077 229.7206 22501.9100
v 148.9019 229.7265 22501.9100
v 148.8377 229.7251 22501.9100
v 149.0320 229.7276 22501.9100
v 148.9677 229.7273 22501.9100
v 149.1621 229.7265 22501.9100
v 149.0978 229.7273 22501.9100
v 149.2921 229.7231 22501.9100
v 149.2279 229.7250 22501.9100
v 149.4221 229.7174 22501.9100
v 149.3579 229.7205 22501.9100
v 149.5519 229.7095 22501.9100
v 149.4878 229.7137 22501.9100
v 149.6816 229.6992 22501.9100
v 149.6176 229.7046 22501.9100
v 149.8111 229.6868 22501.9100
v 149.7471 229.6932 22501.9100
v 149.9404 229.6721 22501.9100
v 149.8765 229.6796 22501.9100
v 150.0694 229.6551 22501.9100
v 150.0056 229.6638 22501.9100
v 150.1980 229.6358 22501.9100
v 150.1345 229.6456 22501.9100
v 150.3263 229.6144 22501.9100
v 150.2629 229.6253 22501.9100
v 150.4542 229.5907 22501.9100
v 150.3911 229.6027 22501.9100
v 150.5817 229.5647 22501.9100
v 150.5187 229.5778 22501.9100
v 150.7087 229.5366 22501.9100
v 150.6460 229.5508 22501.9100
v 150.8352 229.5062 22501.9100
v 150.7727 229.5215 22501.9100
v 150.9611 229.4736 22501.9100
v 150.8990 229.4900 22501.9100
v 151.0865 229.4389 22501.9100
v 151.0246 229.4563 22501.9100
v 151.2112 229.4019 22501.9100
v 151.1496 229.4205 22501.9100
v 151.3353 229.3628 22501.9100
v 151.2740 229.3824 22501.9100
v 151.4586 229.3215 22501.9100
v 151.3978 229.3422 22501.9100
v 151.5813 229.2781 22501.9100
v 151.5208 229.2999 22501.9100
v 151.7031 229.2326 22501.9100
v 151.6430 229.2553 22501.9100
v 151.8241 229.1849 22501.9100
v 151.7644 229.2087 22501.9100
v 151.9443 229.1351 22501.9100
v 151.8850 229.1600 22501.9100
v 152.0636 229.0832 22501.9100
v 152.0048 229.1091 22501.9100
v 152.1820 229.0293 22501.9100
v 152.1236 229.0562 22501.9100
v 152.2994 228.9733 22501.9100
v 152.2415 229.0012 22501.9100
v 152.4158 228.9152 22501.9100
v 152.3584 228.9442 22501.9100
v 152.5312 228.8552 22501.9100
v 152.4743 228.8851 22501.9100
v 152.6455 228.7931 22501.9100
v 152.5892 228.8240 22501.9100
v 152.7588 228.7290 22501.9100
v 152.7029 228.7609 22501.9100
v 152.8708 228.6630 22501.9100
v 152.8156 228.6959 22501.9100
v 152.9818 228.5950 22501.9100
v 152.9271 228.6289 22501.9100
v 153.0915 228.5251 22501.9100
v 153.0374 228.5599 22501.9100
v 153.2000 228.4534 22501.9100
v 153.1465 228.4891 22501.9100
v 153.3072 228.3797 22501.9100
v 153.2543 228.4163 22501.9100
v 153.4131 228.3041 22501.9100
v 153.3609 228.3417 22501.9100
v 153.5176 228.2267 22501.9100
v 153.4661 228.2652 22501.9100
v 153.6208 228.1476 22501.9100
v 153.5700 228.1869 22501.9100
v 153.7227 228.0666 22501.9100
v 153.6725 228.1068 22501.9100
v 153.8230 227.9838 22501.9100
v 153.7736 228.0249 22501.9100
v 153.9220 227.8994 22501.9100
v 153.8732 227.9413 22501.9100
v 154.0194 227.8132 22501.9100
v 153.9714 227.8560 22501.9100
v 154.1153 227.7253 22501.9100
v 154.0681 227.7689 22501.9100
v 154.2097 227.6357 22501.9100
v 154.1632 227.6802 22501.9100
v 154.3024 227.5445 22501.9100
v 154.2568 227.5898 22501.9100
v 154.3936 227.4518 22501.9100
v 154.3488 227.4978 22501.9100
v 154.4832 227.3574 22501.9100
v 154.4391 227.4042 22501.9100
v 154.5710 227.2615 22501.9100
v 154.5278 227.3091 22501.9100
v 154.6572 227.1641 22501.9100
v 154.6149 227.2124 22501.9100
v 154.7417 227.0651 22501.9100
v 154.7002 227.1142 22501.9100
v 154.8245 226.9648 22501.9100
v 154.7838 227.0145 22501.9100
v 154.9055 226.8629 22501.9100
v 154.8656 226.9134 22501.9100
v 154.9846 226.7598 22501.9100
v 154.9457 226.8109 22501.9100
v 155.0620 226.6552 22501.9100
v 155.0240 226.7070 22501.9100
v 155.1376 226.5493 22501.9100
v 155.1005 226.6018 22501.9100
v 155.2112 226.4421 22501.9100
v 155.1751 226.4952 22501.9100
v 155.2831 226.3336 22501.9100
v 155.2478 226.3874 22501.9100
v 155.3529 226.2239 22501.9100
v 155.3186 226.2782 22501.9100
v 155.4209 226.1130 22501.9100
v 155.3876 226.1679 22501.9100
v 155.4869 226.0009 22501.9100
v 155.4545 226.0564 22501.9100
v 155.5510 225.8876 22501.9100
v 155.5196 225.9437 22501.9100
v 155.6131 225.7733 22501.9100
v 155.5826 225.8300 22501.9100
v 155.6731 225.6579 22501.9100
v 155.6437 225.7151 22501.9100
v 155.7312 225.5415 22501.9100
v 155.7027 225.5992 22501.9100
v 155.7872 225.4241 22501.9100
v 155.7598 225.4823 22501.9100
v 155.8411 225.3057 22501.9100
v 155.8147 225.3643 22501.9100
v 155.8930 225.1864 22501.9100
v 155.8676 225.2455 22501.9100
v 155.9428 225.0663 22501.9100
v 155.9184 225.1258 22501.9100
v 155.9904 224.9452 22501.9100
v 155.9672 225.0051 22501.9100
v 156.0360 224.8234 22501.9100
v 156.0138 224.8837 22501.9100
v 156.0794 224.7007 22501.9100
v 156.0582 224.7614 22501.9100
v 156.1207 224.5774 22501.9100
v 156.1006 224.6384 22501.9100
v 156.1598 224.4533 22501.9100
v 156.1408 224.5147 22501.9100
v 156.1968 224.3286 22501.9100
v 156.1788 224.3903 22501.9100
v 156.2315 224.2032 22501.9100
v 156.2146 224.2653 22501.9100
v 156.2641 224.0773 22501.9100
v 156.2483 224.1396 22501.9100
v 156.2945 223.9508 22501.9100
v 156.2798 224.0134 22501.9100
v 156.3226 223.8238 22501.9100
v 156.3090 223.8866 22501.9100
v 156.3486 223.6963 22501.9100
v 156.3360 223.7594 22501.9100
v 156.3723 223.5684 22501.9100
v 156.3608 223.6317 22501.9100
v 156.3938 223.4401 22501.9100
v 156.3834 223.5036 22501.9100
v 156.4130 223.3114 22501.9100
v 156.4037 223.3751 22501.9100
v 156.4300 223.1825 22501.9100
v 156.4218 223.2462 22501.9100
v 156.4447 223.0532 22501.9100
v 156.4377 223.1171 22501.9100
v 156.4572 222.9237 22501.9100
v 156.4513 222.9878 22501.9100
v 156.4674 222.7941 22501.9100
v 156.4626 222.8582 22501.9100
v 156.4753 222.6642 22501.9100
v 156.4717 222.7284 22501.9100
v 156.4810 222.5342 22501.9100
v 156.4785 222.5985 22501.9100
v 156.4844 222.4042 22501.9100
v 156.4830 222.4685 22501.9100
v 156.4855 222.2741 22501.9100
v 156.4852 222.3384 22501.9100
v 156.4844 222.1440 22501.9100
v 156.4852 222.2083 22501.9100
v 156.4810 222.0140 22501.9100
v 156.4829 222.0783 22501.9100
v 156.4753 221.8840 22501.9100
v 156.4784 221.9483 22501.9100
v 156.4674 221.7542 22501.9100
v 156.4716 221.8183 22501.9100
v 156.4572 221.6245 22501.9100
v 156.4625 221.6886 22501.9100
v 156.4447 221.4950 22501.9100
v 156.4511 221.5590 22501.9100
v 156.4300 221.3658 22501.9100
v 156.4375 221.4296 22501.9100
v 156.4130 221.2368 22501.9100
v 156.4216 221.3005 22501.9100
v 156.3938 221.1081 22501.9100
v 156.4035 221.1717 22501.9100
v 156.3723 220.9798 22501.9100
v 156.3832 221.0432 22501.9100
v 156.3486 220.8519 22501.9100
v 156.3606 220.9151 22501.9100
v 156.3226 220.7245 22501.9100
v 156.3357 220.7874 22501.9100
v 156.2945 220.5975 22501.9100
v 156.3087 220.6602 22501.9100
v 156.2641 220.4710 22501.9100
v 156.2794 220.5334 22501.9100
v 156.2315 220.3450 22501.9100
v 156.2479 220.4072 22501.9100
v 156.1968 220.2197 22501.9100
v 156.2142 220.2815 22501.9100
v 156.1598 220.0949 22501.9100
v 156.1784 220.1565 22501.9100
v 156.1207 219.9709 22501.9100
v 156.1403 220.0321 22501.9100
v 156.0794 219.8475 22501.9100
v 156.1001 219.9084 22501.9100
v 156.0360 219.7249 22501.9100
v 156.0577 219.7854 22501.9100
v 155.9904 219.6030 22501.9100
v 156.0132 219.6631 22501.9100
v 155.9428 219.4820 22501.9100
v 155.9666 219.5417 22501.9100
v 155.8930 219.3618 22501.9100
v 155.9179 219.4211 22501.9100
v 155.8411 219.2425 22501.9100
v 155.8670 219.3014 22501.9100
v 155.7872 219.1241 22501.9100
v 155.8141 219.1825 22501.9100
v 155.7312 219.0067 22501.9100
v 155.7591 219.0646 22501.9100
v 155.6731 218.8903 22501.9100
v 155.7021 218.9477 22501.9100
v 155.6131 218.7749 22501.9100
v 155.6430 218.8318 22501.9100
v 155.5510 218.6606 22501.9100
v 155.5819 218.7170 22501.9100
v 155.4869 218.5474 22501.9100
v 155.5188 218.6032 22501.9100
v 155.4209 218.4353 22501.9100
v 155.4538 218.4905 22501.9100
v 155.3529 218.3244 22501.9100
v 155.3868 218.3790 22501.9100
v 155.2831 218.2147 22501.9100
v 155.3178 218.2687 22501.9100
v 155.2112 218.1062 22501.9100
v 155.2470 218.1596 22501.9100
v 155.1376 217.9990 22501.9100
v 155.1742 218.0518 22501.9100
v 155.0620 217.8931 22501.9100
v 155.0996 217.9453 22501.9100
v 154.9846 217.7885 22501.9100
v 155.0231 217.8400 22501.9100
v 154.9055 217.6853 22501.9100
v 154.9448 217.7361 22501.9100
v 154.8245 217.5835 22501.9100
v 154.8647 217.6336 22501.9100
v 154.7417 217.4831 22501.9100
v 154.7828 217.5325 22501.9100
v 154.6572 217.3842 22501.9100
v 154.6992 217.4329 22501.9100
v 154.5710 217.2868 22501.9100
v 154.6139 217.3347 22501.9100
v 154.4832 217.1909 22501.9100
v 154.5268 217.2381 22501.9100
v 154.3936 217.0965 22501.9100
v 154.4381 217.1429 22501.9100
v 154.3024 217.0037 22501.9100
v 154.3477 217.0494 22501.9100
v 154.2097 216.9125 22501.9100
v 154.2557 216.9574 22501.9100
v 154.1153 216.8230 22501.9100
v 154.1621 216.8670 22501.9100
v 154.0194 216.7351 22501.9100
v 154.0670 216.7783 22501.9100
v 153.9220 216.6489 22501.9100
v 153.9703 216.6913 22501.9100
v 153.8230 216.5644 22501.9100
v 153.8721 216.6060 22501.9100
v 153.7227 216.4817 22501.9100
v 153.7724 216.5223 22501.9100
v 153.6208 216.4007 22501.9100
v 153.6713 216.4405 22501.9100
v 153.5176 216.3215 22501.9100
v 153.5688 216.3604 22501.9100
v 153.4131 216.2441 22501.9100
v 153.4649 216.2821 22501.9100
v 153.3072 216.1686 22501.9100
v 153.3597 216.2057 22501.9100
v 153.2000 216.0949 22501.9100
v 153.2531 216.1311 22501.9100
v 153.0915 216.0231 22501.9100
v 153.1452 216.0583 22501.9100
v 152.9818 215.9532 22501.9100
v 153.0361 215.9875 22501.9100
v 152.8708 215.8852 22501.9100
v 152.9258 215.9186 22501.9100
v 152.7588 215.8192 22501.9100
v 152.8143 215.8516 22501.9100
v 152.6455 215.7552 22501.9100
v 152.7016 215.7866 22501.9100
v 152.5312 215.6931 22501.9100
v 152.5879 215.7235 22501.9100
v 152.4158 215.6330 22501.9100
v 152.4730 215.6624 22501.9100
v 152.2994 215.5750 22501.9100
v 152.3571 215.6034 22501.9100
v 152.1820 215.5190 22501.9100
v 152.2402 215.5464 22501.9100
v 152.0636 215.4650 22501.9100
v 152.1223 215.4914 22501.9100
v 151.9443 215.4131 22501.9100
v 152.0034 215.4385 22501.9100
v 151.8241 215.3634 22501.9100
v 151.8837 215.3877 22501.9100
v 151.7031 215.3157 22501.9100
v 151.7630 215.3390 22501.9100
v 151.5813 215.2701 22501.9100
v 151.6416 215.2924 22501.9100
v 151.4586 215.2267 22501.9100
v 151.5193 215.2479 22501.9100
v 151.3353 215.1854 22501.9100
v 151.3963 215.2056 22501.9100
v 151.2112 215.1463 22501.9100
v 151.2726 215.1654 22501.9100
v 151.0865 215.1094 22501.9100
v 151.1482 215.1273 22501.9100
v 150.9611 215.0746 22501.9100
v 151.0231 215.0915 22501.9100
v 150.8352 215.0420 22501.9100
v 150.8975 215.0578 22501.9100
v 150.7087 215.0117 22501.9100
v 150.7713 215.0264 22501.9100
v 150.5817 214.9835 22501.9100
v 150.6445 214.9971 22501.9100
v 150.4542 214.9576 22501.9100
v 150.5173 214.9701 22501.9100
v 150.3263 214.9339 22501.9100
v 150.3896 214.9453 22501.9100
v 150.1980 214.9124 22501.9100
v 150.2615 214.9227 22501.9100
v 150.0694 214.8932 22501.9100
v 150.1330 214.9024 22501.9100
v 149.9404 214.8762 22501.9100
v 150.0042 214.8843 22501.9100
v 149.8111 214.8615 22501.9100
v 149.8750 214.8685 22501.9100
v 149.6816 214.8490 22501.9100
v 149.7457 214.8549 22501.9100
v 149.5519 214.8388 22501.9100
v 149.6161 214.8436 22501.9100
v 149.4221 214.8308 22501.9100
v 149.4863 214.8345 22501.9100
v 149.2921 214.8252 22501.9100
v 149.3564 214.8277 22501.9100
v 149.1621 214.8218 22501.9100
v 149.2264 214.8232 22501.9100
v 149.0320 214.8206 22501.9100
v 149.0963 214.8209 22501.9100
v 148.9019 214.8218 22501.9100
v 148.9662 214.8209 22501.9100
v 148.7719 214.8252 22501.9100
v 148.8362 214.8232 22501.9100
v 148.6419 214.8308 22501.9100
v 148.7061 214.8278 22501.9100
v 148.5121 214.8388 22501.9100
v 148.5762 214.8346 22501.9100
v 148.3824 214.8490 22501.9100
v 148.4465 214.8437 22501.9100
v 148.2529 214.8615 22501.9100
v 148.3169 214.8550 22501.9100
v 148.1237 214.8762 22501.9100
v 148.1875 214.8686 22501.9100
v 147.9947 214.8932 22501.9100
v 148.0584 214.8845 22501.9100
v 147.8660 214.9124 22501.9100
v 147.9296 214.9026 22501.9100
v 147.7377 214.9339 22501.9100
v 147.8011 214.9230 22501.9100
v 147.6098 214.9576 22501.9100
v 147.6730 214.9456 22501.9100
v 147.4823 214.9835 22501.9100
v 147.5453 214.9704 22501.9100
v 147.3553 215.0117 22501.9100
v 147.4181 214.9975 22501.9100
v 147.2289 215.0420 22501.9100
v 147.2913 215.0267 22501.9100
v 147.1029 215.0746 22501.9100
v 147.1651 215.0582 22501.9100
v 146.9776 215.1094 22501.9100
v 147.0394 215.0919 22501.9100
v 146.8528 215.1463 22501.9100
v 146.9144 215.1278 22501.9100
v 146.7288 215.1854 22501.9100
v 146.7900 215.1658 22501.9100
v 146.6054 215.2267 22501.9100
v 146.6663 215.2060 22501.9100
v 146.4828 215.2701 22501.9100
v 146.5433 215.2484 22501.9100
v 146.3609 215.3157 22501.9100
v 146.4211 215.2929 22501.9100
v 146.2399 215.3634 22501.9100
v 146.2996 215.3395 22501.9100
v 146.1197 215.4131 22501.9100
v 146.1790 215.3883 22501.9100
v 146.0004 215.4650 22501.9100
v 146.0592 215.4391 22501.9100
v 145.8820 215.5190 22501.9100
v 145.9404 215.4921 22501.9100
v 145.7646 215.5750 22501.9100
v 145.8225 215.5470 22501.9100
v 145.6482 215.6330 22501.9100
v 145.7056 215.6041 22501.9100
v 145.5328 215.6931 22501.9100
v 145.5897 215.6631 22501.9100
v 145.4185 215.7552 22501.9100
v 145.4749 215.7242 22501.9100
v 145.3053 215.8192 22501.9100
v 145.3611 215.7873 22501.9100
v 145.1932 215.8852 22501.9100
v 145.2484 215.8524 22501.9100
v 145.0823 215.9532 22501.9100
v 145.1369 215.9194 22501.9100
v 144.9725 216.0231 22501.9100
v 145.0266 215.9883 22501.9100
v 144.8641 216.0949 22501.9100
v 144.9175 216.0592 22501.9100
v 144.7569 216.1686 22501.9100
v 144.8097 216.1319 22501.9100
v 144.6510 216.2441 22501.9100
v 144.7031 216.2066 22501.9100
v 144.5464 216.3215 22501.9100
v 144.5979 216.2830 22501.9100
v 144.4432 216.4007 22501.9100
v 144.4940 216.3613 22501.9100
v 144.3414 216.4817 22501.9100
v 144.3915 216.4414 22501.9100
v 144.2410 216.5644 22501.9100
v 144.2904 216.5233 22501.9100
v 144.1421 216.6489 22501.9100
v 144.1908 216.6069 22501.9100
v 144.0447 216.7351 22501.9100
v 144.0926 216.6923 22501.9100
v 143.9487 216.8230 22501.9100
v 143.9960 216.7793 22501.9100
v 143.8544 216.9125 22501.9100
v 143.9008 216.8681 22501.9100
v 143.7616 217.0037 22501.9100
v 143.8073 216.9584 22501.9100
v 143.6704 217.0965 22501.9100
v 143.7153 217.0504 22501.9100
v 143.5809 217.1909 22501.9100
v 143.6249 217.1440 22501.9100
v 143.4930 217.2868 22501.9100
v 143.5362 217.2392 22501.9100
v 143.4068 217.3842 22501.9100
v 143.4492 217.3358 22501.9100
v 143.3223 217.4831 22501.9100
v 143.3638 217.4340 22501.9100
v 143.2396 217.5835 22501.9100
v 143.2802 217.5337 22501.9100
v 143.1586 217.6853 22501.9100
v 143.1984 217.6348 22501.9100
v 143.0794 217.7885 22501.9100
v 143.1183 217.7373 22501.9100
v 143.0020 217.8931 22501.9100
v 143.0400 217.8412 22501.9100
v 142.9265 217.9990 22501.9100
v 142.9636 217.9465 22501.9100
v 142.8528 218.1062 22501.9100
v 142.8890 218.0530 22501.9100
v 142.7810 218.2147 22501.9100
v 142.8162 218.1609 22501.9100
v 142.7111 218.3244 22501.9100
v 142.7454 218.2700 22501.9100
v 142.6431 218.4353 22501.9100
v 142.6765 218.3803 22501.9100
v 142.5771 218.5474 22501.9100
v 142.6095 218.4918 22501.9100
v 142.5130 218.6606 22501.9100
v 142.5445 218.6045 22501.9100
v 142.4510 218.7749 22501.9100
v 142.4814 218.7183 22501.9100
v 142.3909 218.8903 22501.9100
v 142.4203 218.8331 22501.9100
v 142.3329 219.0067 22501.9100
v 142.3613 218.9491 22501.9100
v 142.2769 219.1241 22501.9100
v 142.3043 219.0660 22501.9100
v 142.2229 219.2425 22501.9100
v 142.2493 219.1839 22501.9100
v 142.1710 219.3618 22501.9100
v 142.1964 219.3027 22501.9100
v 142.1213 219.4820 22501.9100
v 142.1456 219.4225 22501.9100
v 142.0736 219.6030 22501.9100
v 142.0969 219.5431 22501.9100
v 142.0280 219.7249 22501.9100
v 142.0503 219.6646 22501.9100
v 141.9846 219.8475 22501.9100
v 142.0058 219.7868 22501.9100
v 141.9433 219.9709 22501.9100
v 141.9635 219.9098 22501.9100
v 141.9042 220.0949 22501.9100
v 141.9233 220.0335 22501.9100
v 141.8673 220.2197 22501.9100
v 141.8853 220.1579 22501.9100
v 141.8325 220.3450 22501.9100
v 141.8494 220.2830 22501.9100
v 141.7999 220.4710 22501.9100
v 141.8158 220.4086 22501.9100
v 141.7696 220.5975 22501.9100
v 141.7843 220.5349 22501.9100
v 141.7414 220.7245 22501.9100
v 141.7550 220.6616 22501.9100
v 141.7155 220.8519 22501.9100
v 141.7280 220.7889 22501.9100
v 141.6918 220.9798 22501.9100
v 141.7032 220.9166 22501.9100
v 141.6703 221.1081 22501.9100
v 141.6806 221.0447 22501.9100
v 141.6511 221.2368 22501.9100
v 141.6603 221.1732 22501.9100
v 141.6341 221.3658 22501.9100
v 141.6422 221.3020 22501.9100
v 141.6194 221.4950 22501.9100
v 141.6264 221.4311 22501.9100
v 141.6069 221.6245 22501.9100
v 141.6128 221.5605 22501.9100
v 141.5967 221.7542 22501.9100
v 141.6014 221.6901 22501.9100
v 141.5887 221.8840 22501.9100
v 141.5924 221.8199 22501.9100
v 141.5831 222.0140 22501.9100
v 141.5856 221.9498 22501.9100
v 141.5797 222.1440 22501.9100
v 141.5811 222.0798 22501.9100
v 141.5788 222.2098 22501.9100
v 141.5785 222.2741 22390.1500
v 141.5797 222.1440 22390.1500
v 141.5794 222.2083 22390.1500
v 141.5831 222.0140 22390.1500
v 141.5817 222.0783 22390.1500
v 141.5887 221.8840 22390.1500
v 141.5862 221.9483 22390.1500
v 141.5967 221.7542 22390.1500
v 141.5930 221.8184 22390.1500
v 141.6069 221.6245 22390.1500
v 141.6021 221.6886 22390.1500
v 141.6194 221.4950 22390.1500
v 141.6135 221.5590 22390.1500
v 141.6341 221.3658 22390.1500
v 141.6271 221.4297 22390.1500
v 141.6511 221.2368 22390.1500
v 141.6429 221.3006 22390.1500
v 141.6703 221.1081 22390.1500
v 141.6611 221.1718 22390.1500
v 141.6918 220.9798 22390.1500
v 141.6814 221.0433 22390.1500
v 141.7155 220.8519 22390.1500
v 141.7040 220.9152 22390.1500
v 141.7414 220.7245 22390.1500
v 141.7289 220.7875 22390.1500
v 141.7696 220.5975 22390.1500
v 141.7559 220.6603 22390.1500
v 141.7999 220.4710 22390.1500
v 141.7852 220.5335 22390.1500
v 141.8325 220.3450 22390.1500
v 141.8167 220.4073 22390.1500
v 141.8673 220.2197 22390.1500
v 141.8504 220.2817 22390.1500
v 141.9042 220.0949 22390.1500
v 141.8862 220.1567 22390.1500
v 141.9433 219.9709 22390.1500
v 141.9243 220.0323 22390.1500
v 141.9846 219.8475 22390.1500
v 141.9645 219.9086 22390.1500
v 142.0280 219.7249 22390.1500
v 142.0068 219.7856 22390.1500
v 142.0736 219.6030 22390.1500
v 142.0513 219.6633 22390.1500
v 142.1213 219.4820 22390.1500
v 142.0980 219.5419 22390.1500
v 142.1710 219.3618 22390.1500
v 142.1467 219.4213 22390.1500
v 142.2229 219.2425 22390.1500
v 142.1975 219.3016 22390.1500
v 142.2769 219.1241 22390.1500
v 142.2505 219.1828 22390.1500
v 142.3329 219.0067 22390.1500
v 142.3054 219.0649 22390.1500
v 142.3909 218.8903 22390.1500
v 142.3625 218.9480 22390.1500
v 142.4510 218.7749 22390.1500
v 142.4215 218.8321 22390.1500
v 142.5130 218.6606 22390.1500
v 142.4826 218.7172 22390.1500
v 142.5771 218.5474 22390.1500
v 142.5457 218.6035 22390.1500
v 142.6431 218.4353 22390.1500
v 142.6107 218.4908 22390.1500
v 142.7111 218.3244 22390.1500
v 142.6777 218.3793 22390.1500
v 142.7810 218.2147 22390.1500
v 142.7467 218.2690 22390.1500
v 142.8528 218.1062 22390.1500
v 142.8176 218.1599 22390.1500
v 142.9265 217.9990 22390.1500
v 142.8903 218.0521 22390.1500
v 143.0020 217.8931 22390.1500
v 142.9649 217.9456 22390.1500
v 143.0794 217.7885 22390.1500
v 143.0414 217.8403 22390.1500
v 143.1586 217.6853 22390.1500
v 143.1197 217.7365 22390.1500
v 143.2396 217.5835 22390.1500
v 143.1998 217.6340 22390.1500
v 143.3223 217.4831 22390.1500
v 143.2816 217.5329 22390.1500
v 143.4068 217.3842 22390.1500
v 143.3652 217.4333 22390.1500
v 143.4930 217.2868 22390.1500
v 143.4506 217.3351 22390.1500
v 143.5809 217.1909 22390.1500
v 143.5377 217.2384 22390.1500
v 143.6704 217.0965 22390.1500
v 143.6264 217.1433 22390.1500
v 143.7616 217.0037 22390.1500
v 143.7167 217.0498 22390.1500
v 143.8544 216.9125 22390.1500
v 143.8087 216.9578 22390.1500
v 143.9487 216.8230 22390.1500
v 143.9023 216.8674 22390.1500
v 144.0447 216.7351 22390.1500
v 143.9975 216.7787 22390.1500
v 144.1421 216.6489 22390.1500
v 144.0941 216.6917 22390.1500
v 144.2410 216.5644 22390.1500
v 144.1923 216.6064 22390.1500
v 144.3414 216.4817 22390.1500
v 144.2920 216.5228 22390.1500
v 144.4432 216.4007 22390.1500
v 144.3931 216.4409 22390.1500
v 144.5464 216.3215 22390.1500
v 144.4956 216.3609 22390.1500
v 144.6510 216.2441 22390.1500
v 144.5995 216.2826 22390.1500
v 144.7569 216.1686 22390.1500
v 144.7047 216.2061 22390.1500
v 144.8641 216.0949 22390.1500
v 144.8112 216.1315 22390.1500
v 144.9725 216.0231 22390.1500
v 144.9191 216.0588 22390.1500
v 145.0823 215.9532 22390.1500
v 145.0282 215.9880 22390.1500
v 145.1932 215.8852 22390.1500
v 145.1385 215.9191 22390.1500
v 145.3053 215.8192 22390.1500
v 145.2500 215.8521 22390.1500
v 145.4185 215.7552 22390.1500
v 145.3627 215.7870 22390.1500
v 145.5328 215.6931 22390.1500
v 145.4765 215.7240 22390.1500
v 145.6482 215.6330 22390.1500
v 145.5913 215.6629 22390.1500
v 145.7646 215.5750 22390.1500
v 145.7072 215.6039 22390.1500
v 145.8820 215.5190 22390.1500
v 145.8241 215.5469 22390.1500
v 146.0004 215.4650 22390.1500
v 145.9420 215.4919 22390.1500
v 146.1197 215.4131 22390.1500
v 146.0609 215.4390 22390.1500
v 146.2399 215.3634 22390.1500
v 146.1806 215.3882 22390.1500
v 146.3609 215.3157 22390.1500
v 146.3012 215.3395 22390.1500
v 146.4828 215.2701 22390.1500
v 146.4227 215.2929 22390.1500
v 146.6054 215.2267 22390.1500
v 146.5449 215.2484 22390.1500
v 146.7288 215.1854 22390.1500
v 146.6679 215.2061 22390.1500
v 146.8528 215.1463 22390.1500
v 146.7916 215.1659 22390.1500
v 146.9776 215.1094 22390.1500
v 146.9160 215.1279 22390.1500
v 147.1029 215.0746 22390.1500
v 147.0410 215.0921 22390.1500
v 147.2289 215.0420 22390.1500
v 147.1667 215.0584 22390.1500
v 147.3553 215.0117 22390.1500
v 147.2929 215.0269 22390.1500
v 147.4823 214.9835 22390.1500
v 147.4196 214.9977 22390.1500
v 147.6098 214.9576 22390.1500
v 147.5469 214.9707 22390.1500
v 147.7377 214.9339 22390.1500
v 147.6746 214.9459 22390.1500
v 147.8660 214.9124 22390.1500
v 147.8027 214.9233 22390.1500
v 147.9947 214.8932 22390.1500
v 147.9312 214.9030 22390.1500
v 148.1237 214.8762 22390.1500
v 148.0600 214.8849 22390.1500
v 148.2529 214.8615 22390.1500
v 148.1891 214.8690 22390.1500
v 148.3824 214.8490 22390.1500
v 148.3184 214.8554 22390.1500
v 148.5121 214.8388 22390.1500
v 148.4480 214.8441 22390.1500
v 148.6419 214.8308 22390.1500
v 148.5778 214.8351 22390.1500
v 148.7719 214.8252 22390.1500
v 148.7077 214.8283 22390.1500
v 148.9019 214.8218 22390.1500
v 148.8377 214.8237 22390.1500
v 149.0320 214.8206 22390.1500
v 148.9677 214.8215 22390.1500
v 149.1621 214.8218 22390.1500
v 149.0978 214.8215 22390.1500
v 149.2921 214.8252 22390.1500
v 149.2279 214.8238 22390.1500
v 149.4221 214.8308 22390.1500
v 149.3579 214.8283 22390.1500
v 149.5519 214.8388 22390.1500
v 149.4878 214.8351 22390.1500
v 149.6816 214.8490 22390.1500
v 149.6175 214.8442 22390.1500
v 149.8111 214.8615 22390.1500
v 149.7471 214.8556 22390.1500
v 149.9404 214.8762 22390.1500
v 149.8765 214.8692 22390.1500
v 150.0694 214.8932 22390.1500
v 150.0056 214.8851 22390.1500
v 150.1980 214.9124 22390.1500
v 150.1344 214.9032 22390.1500
v 150.3263 214.9339 22390.1500
v 150.2628 214.9235 22390.1500
v 150.4542 214.9576 22390.1500
v 150.3909 214.9461 22390.1500
v 150.5817 214.9835 22390.1500
v 150.5186 214.9710 22390.1500
v 150.7087 215.0117 22390.1500
v 150.6459 214.9980 22390.1500
v 150.8352 215.0420 22390.1500
v 150.7726 215.0273 22390.1500
v 150.9611 215.0746 22390.1500
v 150.8988 215.0588 22390.1500
v 151.0865 215.1094 22390.1500
v 151.0244 215.0925 22390.1500
v 151.2112 215.1463 22390.1500
v 151.1495 215.1283 22390.1500
v 151.3353 215.1854 22390.1500
v 151.2739 215.1664 22390.1500
v 151.4586 215.2267 22390.1500
v 151.3976 215.2066 22390.1500
v 151.5813 215.2701 22390.1500
v 151.5206 215.2489 22390.1500
v 151.7031 215.3157 22390.1500
v 151.6428 215.2934 22390.1500
v 151.8241 215.3634 22390.1500
v 151.7642 215.3401 22390.1500
v 151.9443 215.4131 22390.1500
v 151.8848 215.3888 22390.1500
v 152.0636 215.4650 22390.1500
v 152.0046 215.4396 22390.1500
v 152.1820 215.5190 22390.1500
v 152.1234 215.4926 22390.1500
v 152.2994 215.5750 22390.1500
v 152.2413 215.5475 22390.1500
v 152.4158 215.6330 22390.1500
v 152.3582 215.6046 22390.1500
v 152.5312 215.6931 22390.1500
v 152.4741 215.6636 22390.1500
v 152.6455 215.7552 22390.1500
v 152.5889 215.7247 22390.1500
v 152.7588 215.8192 22390.1500
v 152.7027 215.7878 22390.1500
v 152.8708 215.8852 22390.1500
v 152.8153 215.8528 22390.1500
v 152.9818 215.9532 22390.1500
v 152.9268 215.9198 22390.1500
v 153.0915 216.0231 22390.1500
v 153.0371 215.9888 22390.1500
v 153.2000 216.0949 22390.1500
v 153.1462 216.0596 22390.1500
v 153.3072 216.1686 22390.1500
v 153.2540 216.1324 22390.1500
v 153.4131 216.2441 22390.1500
v 153.3606 216.2070 22390.1500
v 153.5176 216.3215 22390.1500
v 153.4658 216.2835 22390.1500
v 153.6208 216.4007 22390.1500
v 153.5697 216.3618 22390.1500
v 153.7227 216.4817 22390.1500
v 153.6722 216.4419 22390.1500
v 153.8230 216.5644 22390.1500
v 153.7732 216.5237 22390.1500
v 153.9220 216.6489 22390.1500
v 153.8729 216.6074 22390.1500
v 154.0194 216.7351 22390.1500
v 153.9710 216.6927 22390.1500
v 154.1153 216.8230 22390.1500
v 154.0677 216.7798 22390.1500
v 154.2097 216.9125 22390.1500
v 154.1628 216.8685 22390.1500
v 154.3024 217.0037 22390.1500
v 154.2564 216.9588 22390.1500
v 154.3936 217.0965 22390.1500
v 154.3483 217.0508 22390.1500
v 154.4832 217.1909 22390.1500
v 154.4387 217.1444 22390.1500
v 154.5710 217.2868 22390.1500
v 154.5274 217.2395 22390.1500
v 154.6572 217.3842 22390.1500
v 154.6144 217.3362 22390.1500
v 154.7417 217.4831 22390.1500
v 154.6998 217.4344 22390.1500
v 154.8245 217.5835 22390.1500
v 154.7834 217.5341 22390.1500
v 154.9055 217.6853 22390.1500
v 154.8652 217.6352 22390.1500
v 154.9846 217.7885 22390.1500
v 154.9453 217.7377 22390.1500
v 155.0620 217.8931 22390.1500
v 155.0236 217.8416 22390.1500
v 155.1376 217.9990 22390.1500
v 155.1000 217.9468 22390.1500
v 155.2112 218.1062 22390.1500
v 155.1746 218.0534 22390.1500
v 155.2831 218.2147 22390.1500
v 155.2473 218.1612 22390.1500
v 155.3529 218.3244 22390.1500
v 155.3182 218.2703 22390.1500
v 155.4209 218.4353 22390.1500
v 155.3871 218.3806 22390.1500
v 155.4869 218.5474 22390.1500
v 155.4541 218.4921 22390.1500
v 155.5510 218.6606 22390.1500
v 155.5191 218.6048 22390.1500
v 155.6131 218.7749 22390.1500
v 155.5821 218.7186 22390.1500
v 155.6731 218.8903 22390.1500
v 155.6432 218.8334 22390.1500
v 155.7312 219.0067 22390.1500
v 155.7022 218.9493 22390.1500
v 155.7872 219.1241 22390.1500
v 155.7592 219.0662 22390.1500
v 155.8411 219.2425 22390.1500
v 155.8142 219.1841 22390.1500
v 155.8930 219.3618 22390.1500
v 155.8671 219.3030 22390.1500
v 155.9428 219.4820 22390.1500
v 155.9179 219.4227 22390.1500
v 155.9904 219.6030 22390.1500
v 155.9666 219.5433 22390.1500
v 156.0360 219.7249 22390.1500
v 156.0132 219.6648 22390.1500
v 156.0794 219.8475 22390.1500
v 156.0577 219.7870 22390.1500
v 156.1207 219.9709 22390.1500
v 156.1000 219.9100 22390.1500
v 156.1598 220.0949 22390.1500
v 156.1402 220.0337 22390.1500
v 156.1968 220.2197 22390.1500
v 156.1782 220.1581 22390.1500
v 156.2315 220.3450 22390.1500
v 156.2141 220.2831 22390.1500
v 156.2641 220.4710 22390.1500
v 156.2477 220.4088 22390.1500
v 156.2945 220.5975 22390.1500
v 156.2792 220.5350 22390.1500
v 156.3226 220.7245 22390.1500
v 156.3084 220.6617 22390.1500
v 156.3486 220.8519 22390.1500
v 156.3355 220.7890 22390.1500
v 156.3723 220.9798 22390.1500
v 156.3603 220.9167 22390.1500
v 156.3938 221.1081 22390.1500
v 156.3829 221.0448 22390.1500
v 156.4130 221.2368 22390.1500
v 156.4032 221.1732 22390.1500
v 156.4300 221.3658 22390.1500
v 156.4213 221.3021 22390.1500
v 156.4447 221.4950 22390.1500
v 156.4371 221.4312 22390.1500
v 156.4572 221.6245 22390.1500
v 156.4507 221.5605 22390.1500
v 156.4674 221.7542 22390.1500
v 156.4620 221.6901 22390.1500
v 156.4753 221.8840 22390.1500
v 156.4711 221.8199 22390.1500
v 156.4810 222.0140 22390.1500
v 156.4779 221.9498 22390.1500
v 156.4844 222.1440 22390.1500
v 156.4824 222.0798 22390.1500
v 156.4855 222.2741 22390.1500
v 156.4847 222.2098 22390.1500
v 156.4844 222.4042 22390.1500
v 156.4846 222.3399 22390.1500
v 156.4810 222.5342 22390.1500
v 156.4824 222.4700 22390.1500
v 156.4753 222.6642 22390.1500
v 156.4778 222.6000 22390.1500
v 156.4674 222.7941 22390.1500
v 156.4710 222.7299 22390.1500
v 156.4572 222.9237 22390.1500
v 156.4619 222.8596 22390.1500
v 156.4447 223.0532 22390.1500
v 156.4506 222.9892 22390.1500
v 156.4300 223.1825 22390.1500
v 156.4370 223.1186 22390.1500
v 156.4130 223.3114 22390.1500
v 156.4211 223.2477 22390.1500
v 156.3938 223.4401 22390.1500
v 156.4030 223.3765 22390.1500
v 156.3723 223.5684 22390.1500
v 156.3826 223.5050 22390.1500
v 156.3486 223.6963 22390.1500
v 156.3600 223.6331 22390.1500
v 156.3226 223.8238 22390.1500
v 156.3352 223.7607 22390.1500
v 156.2945 223.9508 22390.1500
v 156.3081 223.8880 22390.1500
v 156.2641 224.0773 22390.1500
v 156.2788 224.0147 22390.1500
v 156.2315 224.2032 22390.1500
v 156.2474 224.1409 22390.1500
v 156.1968 224.3286 22390.1500
v 156.2137 224.2666 22390.1500
v 156.1598 224.4533 22390.1500
v 156.1778 224.3916 22390.1500
v 156.1207 224.5774 22390.1500
v 156.1398 224.5160 22390.1500
v 156.0794 224.7007 22390.1500
v 156.0996 224.6397 22390.1500
v 156.0360 224.8234 22390.1500
v 156.0572 224.7627 22390.1500
v 155.9904 224.9452 22390.1500
v 156.0127 224.8849 22390.1500
v 155.9428 225.0663 22390.1500
v 155.9661 225.0063 22390.1500
v 155.8930 225.1864 22390.1500
v 155.9173 225.1269 22390.1500
v 155.8411 225.3057 22390.1500
v 155.8665 225.2467 22390.1500
v 155.7872 225.4241 22390.1500
v 155.8136 225.3655 22390.1500
v 155.7312 225.5415 22390.1500
v 155.7586 225.4834 22390.1500
v 155.6731 225.6579 22390.1500
v 155.7016 225.6003 22390.1500
v 155.6131 225.7733 22390.1500
v 155.6425 225.7162 22390.1500
v 155.5510 225.8876 22390.1500
v 155.5814 225.8310 22390.1500
v 155.4869 226.0009 22390.1500
v 155.5183 225.9448 22390.1500
v 155.4209 226.1130 22390.1500
v 155.4533 226.0574 22390.1500
v 155.3529 226.2239 22390.1500
v 155.3863 226.1689 22390.1500
v 155.2831 226.3336 22390.1500
v 155.3174 226.2792 22390.1500
v 155.2112 226.4421 22390.1500
v 155.2465 226.3883 22390.1500
v 155.1376 226.5493 22390.1500
v 155.1738 226.4961 22390.1500
v 155.0620 226.6552 22390.1500
v 155.0991 226.6027 22390.1500
v 154.9846 226.7598 22390.1500
v 155.0227 226.7079 22390.1500
v 154.9055 226.8629 22390.1500
v 154.9444 226.8118 22390.1500
v 154.8245 226.9648 22390.1500
v 154.8643 226.9143 22390.1500
v 154.7417 227.0651 22390.1500
v 154.7824 227.0154 22390.1500
v 154.6572 227.1641 22390.1500
v 154.6988 227.1150 22390.1500
v 154.5710 227.2615 22390.1500
v 154.6134 227.2132 22390.1500
v 154.4832 227.3574 22390.1500
v 154.5264 227.3098 22390.1500
v 154.3936 227.4518 22390.1500
v 154.4377 227.4049 22390.1500
v 154.3024 227.5445 22390.1500
v 154.3473 227.4985 22390.1500
v 154.2097 227.6357 22390.1500
v 154.2553 227.5905 22390.1500
v 154.1153 227.7253 22390.1500
v 154.1617 227.6808 22390.1500
v 154.0194 227.8132 22390.1500
v 154.0666 227.7695 22390.1500
v 153.9220 227.8994 22390.1500
v 153.9699 227.8565 22390.1500
v 153.8230 227.9838 22390.1500
v 153.8717 227.9419 22390.1500
v 153.7227 228.0666 22390.1500
v 153.7721 228.0255 22390.1500
v 153.6208 228.1476 22390.1500
v 153.6710 228.1073 22390.1500
v 153.5176 228.2267 22390.1500
v 153.5685 228.1874 22390.1500
v 153.4131 228.3041 22390.1500
v 153.4646 228.2657 22390.1500
v 153.3072 228.3797 22390.1500
v 153.3593 228.3421 22390.1500
v 153.2000 228.4534 22390.1500
v 153.2528 228.4167 22390.1500
v 153.0915 228.5251 22390.1500
v 153.1449 228.4894 22390.1500
v 152.9818 228.5950 22390.1500
v 153.0358 228.5603 22390.1500
v 152.8708 228.6630 22390.1500
v 152.9255 228.6292 22390.1500
v 152.7588 228.7290 22390.1500
v 152.8140 228.6962 22390.1500
v 152.6455 228.7931 22390.1500
v 152.7014 228.7612 22390.1500
v 152.5312 228.8552 22390.1500
v 152.5876 228.8242 22390.1500
v 152.4158 228.9152 22390.1500
v 152.4727 228.8853 22390.1500
v 152.2994 228.9733 22390.1500
v 152.3568 228.9443 22390.1500
v 152.1820 229.0293 22390.1500
v 152.2399 229.0013 22390.1500
v 152.0636 229.0832 22390.1500
v 152.1220 229.0563 22390.1500
v 151.9443 229.1351 22390.1500
v 152.0032 229.1092 22390.1500
v 151.8241 229.1849 22390.1500
v 151.8834 229.1600 22390.1500
v 151.7031 229.2326 22390.1500
v 151.7628 229.2087 22390.1500
v 151.5813 229.2781 22390.1500
v 151.6414 229.2553 22390.1500
v 151.4586 229.3215 22390.1500
v 151.5191 229.2998 22390.1500
v 151.3353 229.3628 22390.1500
v 151.3961 229.3421 22390.1500
v 151.2112 229.4019 22390.1500
v 151.2724 229.3823 22390.1500
v 151.0865 229.4389 22390.1500
v 151.1480 229.4203 22390.1500
v 150.9611 229.4736 22390.1500
v 151.0230 229.4562 22390.1500
v 150.8352 229.5062 22390.1500
v 150.8974 229.4898 22390.1500
v 150.7087 229.5366 22390.1500
v 150.7711 229.5213 22390.1500
v 150.5817 229.5647 22390.1500
v 150.6444 229.5506 22390.1500
v 150.4542 229.5907 22390.1500
v 150.5172 229.5776 22390.1500
v 150.3263 229.6144 22390.1500
v 150.3895 229.6024 22390.1500
v 150.1980 229.6358 22390.1500
v 150.2614 229.6250 22390.1500
v 150.0694 229.6551 22390.1500
v 150.1329 229.6453 22390.1500
v 149.9404 229.6721 22390.1500
v 150.0041 229.6634 22390.1500
v 149.8111 229.6868 22390.1500
v 149.8750 229.6792 22390.1500
v 149.6816 229.6992 22390.1500
v 149.7456 229.6928 22390.1500
v 149.5519 229.7095 22390.1500
v 149.6160 229.7041 22390.1500
v 149.4221 229.7174 22390.1500
v 149.4863 229.7132 22390.1500
v 149.2921 229.7231 22390.1500
v 149.3564 229.7200 22390.1500
v 149.1621 229.7265 22390.1500
v 149.2264 229.7245 22390.1500
v 149.0320 229.7276 22390.1500
v 149.0963 229.7268 22390.1500
v 148.9019 229.7265 22390.1500
v 148.9662 229.7268 22390.1500
v 148.7719 229.7231 22390.1500
v 148.8362 229.7245 22390.1500
v 148.6419 229.7174 22390.1500
v 148.7062 229.7199 22390.1500
v 148.5121 229.7095 22390.1500
v 148.5763 229.7131 22390.1500
v 148.3824 229.6992 22390.1500
v 148.4465 229.7040 22390.1500
v 148.2529 229.6868 22390.1500
v 148.3169 229.6927 22390.1500
v 148.1237 229.6721 22390.1500
v 148.1876 229.6791 22390.1500
v 147.9947 229.6551 22390.1500
v 148.0585 229.6632 22390.1500
v 147.8660 229.6358 22390.1500
v 147.9297 229.6451 22390.1500
v 147.7377 229.6144 22390.1500
v 147.8012 229.6247 22390.1500
v 147.6098 229.5907 22390.1500
v 147.6731 229.6021 22390.1500
v 147.4823 229.5647 22390.1500
v 147.5454 229.5773 22390.1500
v 147.3553 229.5366 22390.1500
v 147.4182 229.5502 22390.1500
v 147.2289 229.5062 22390.1500
v 147.2914 229.5210 22390.1500
v 147.1029 229.4736 22390.1500
v 147.1652 229.4895 22390.1500
v 146.9776 229.4389 22390.1500
v 147.0396 229.4558 22390.1500
v 146.8528 229.4019 22390.1500
v 146.9146 229.4199 22390.1500
v 146.7288 229.3628 22390.1500
v 146.7902 229.3819 22390.1500
v 146.6054 229.3215 22390.1500
v 146.6665 229.3417 22390.1500
v 146.4828 229.2781 22390.1500
v 146.5435 229.2993 22390.1500
v 146.3609 229.2326 22390.1500
v 146.4212 229.2548 22390.1500
v 146.2399 229.1849 22390.1500
v 146.2998 229.2082 22390.1500
v 146.1197 229.1351 22390.1500
v 146.1792 229.1594 22390.1500
v 146.0004 229.0832 22390.1500
v 146.0595 229.1086 22390.1500
v 145.8820 229.0293 22390.1500
v 145.9407 229.0557 22390.1500
v 145.7646 228.9733 22390.1500
v 145.8228 229.0007 22390.1500
v 145.6482 228.9152 22390.1500
v 145.7059 228.9437 22390.1500
v 145.5328 228.8552 22390.1500
v 145.5900 228.8846 22390.1500
v 145.4185 228.7931 22390.1500
v 145.4751 228.8235 22390.1500
v 145.3053 228.7290 22390.1500
v 145.3614 228.7605 22390.1500
v 145.1932 228.6630 22390.1500
v 145.2487 228.6954 22390.1500
v 145.0823 228.5950 22390.1500
v 145.1372 228.6284 22390.1500
v 144.9725 228.5251 22390.1500
v 145.0269 228.5594 22390.1500
v 144.8641 228.4534 22390.1500
v 144.9178 228.4886 22390.1500
v 144.7569 228.3797 22390.1500
v 144.8100 228.4158 22390.1500
v 144.6510 228.3041 22390.1500
v 144.7035 228.3412 22390.1500
v 144.5464 228.2267 22390.1500
v 144.5983 228.2648 22390.1500
v 144.4432 228.1476 22390.1500
v 144.4944 228.1865 22390.1500
v 144.3414 228.0666 22390.1500
v 144.3919 228.1064 22390.1500
v 144.2410 227.9838 22390.1500
v 144.2908 228.0245 22390.1500
v 144.1421 227.8994 22390.1500
v 144.1912 227.9409 22390.1500
v 144.0447 227.8132 22390.1500
v 144.0930 227.8555 22390.1500
v 143.9487 227.7253 22390.1500
v 143.9963 227.7685 22390.1500
v 143.8544 227.6357 22390.1500
v 143.9012 227.6798 22390.1500
v 143.7616 227.5445 22390.1500
v 143.8077 227.5894 22390.1500
v 143.6704 227.4518 22390.1500
v 143.7157 227.4974 22390.1500
v 143.5809 227.3574 22390.1500
v 143.6253 227.4038 22390.1500
v 143.4930 227.2615 22390.1500
v 143.5366 227.3087 22390.1500
v 143.4068 227.1641 22390.1500
v 143.4496 227.2120 22390.1500
v 143.3223 227.0651 22390.1500
v 143.3643 227.1138 22390.1500
v 143.2396 226.9648 22390.1500
v 143.2807 227.0142 22390.1500
v 143.1586 226.8629 22390.1500
v 143.1988 226.9131 22390.1500
v 143.0794 226.7598 22390.1500
v 143.1188 226.8106 22390.1500
v 143.0020 226.6552 22390.1500
v 143.0405 226.7067 22390.1500
v 142.9265 226.5493 22390.1500
v 142.9640 226.6014 22390.1500
v 142.8528 226.4421 22390.1500
v 142.8894 226.4949 22390.1500
v 142.7810 226.3336 22390.1500
v 142.8167 226.3870 22390.1500
v 142.7111 226.2239 22390.1500
v 142.7459 226.2779 22390.1500
v 142.6431 226.1130 22390.1500
v 142.6770 226.1676 22390.1500
v 142.5771 226.0009 22390.1500
v 142.6100 226.0561 22390.1500
v 142.5130 225.8876 22390.1500
v 142.5450 225.9435 22390.1500
v 142.4510 225.7733 22390.1500
v 142.4819 225.8297 22390.1500
v 142.3909 225.6579 22390.1500
v 142.4208 225.7148 22390.1500
v 142.3329 225.5415 22390.1500
v 142.3618 225.5989 22390.1500
v 142.2769 225.4241 22390.1500
v 142.3048 225.4820 22390.1500
v 142.2229 225.3057 22390.1500
v 142.2498 225.3641 22390.1500
v 142.1710 225.1864 22390.1500
v 142.1969 225.2453 22390.1500
v 142.1213 225.0663 22390.1500
v 142.1461 225.1255 22390.1500
v 142.0736 224.9452 22390.1500
v 142.0974 225.0049 22390.1500
v 142.0280 224.8234 22390.1500
v 142.0508 224.8835 22390.1500
v 141.9846 224.7007 22390.1500
v 142.0063 224.7612 22390.1500
v 141.9433 224.5774 22390.1500
v 141.9640 224.6383 22390.1500
v 141.9042 224.4533 22390.1500
v 141.9238 224.5145 22390.1500
v 141.8673 224.3286 22390.1500
v 141.8858 224.3902 22390.1500
v 141.8325 224.2032 22390.1500
v 141.8499 224.2651 22390.1500
v 141.7999 224.0773 22390.1500
v 141.8163 224.1395 22390.1500
v 141.7696 223.9508 22390.1500
v 141.7848 224.0132 22390.1500
v 141.7414 223.8238 22390.1500
v 141.7556 223.8865 22390.1500
v 141.7155 223.6963 22390.1500
v 141.7286 223.7593 22390.1500
v 141.6918 223.5684 22390.1500
v 141.7038 223.6316 22390.1500
v 141.6703 223.4401 22390.1500
v 141.6812 223.5035 22390.1500
v 141.6511 223.3114 22390.1500
v 141.6608 223.3750 22390.1500
v 141.6341 223.1825 22390.1500
v 141.6428 223.2462 22390.1500
v 141.6194 223.0532 22390.1500
v 141.6269 223.1171 22390.1500
v 141.6069 222.9237 22390.1500
v 141.6133 222.9877 22390.1500
v 141.5967 222.7941 22390.1500
v 141.6020 222.8581 22390.1500
v 141.5887 222.6642 22390.1500
v 141.5929 222.7284 22390.1500
v 141.5831 222.5342 22390.1500
v 141.5862 222.5985 22390.1500
v 141.5797 222.4042 22390.1500
v 141.5816 222.4685 22390.1500
v 141.5794 222.3384 22390.1500
v 141.5785 222.2741 22445.1400
v 143.7616 217.0037 22445.1400
v 149.0320 214.8206 22445.1400
v 154.3024 217.0037 22445.1400
v 156.4855 222.2741 22445.1400
v 154.3024 227.5445 22445.1400
v 149.0320 229.7276 22445.1400
v 143.7616 227.5445 22445.1400
v 134.1250 222.2741 22501.9100
v 134.1273 222.5343 22501.9100
v 134.1256 222.4057 22501.9100
v 134.1341 222.7944 22501.9100
v 134.1302 222.6658 22501.9100
v 134.1455 223.0543 22501.9100
v 134.1393 222.9259 22501.9100
v 134.1613 223.3140 22501.9100
v 134.1529 223.1857 22501.9100
v 134.1818 223.5733 22501.9100
v 134.1711 223.4452 22501.9100
v 134.2067 223.8323 22501.9100
v 134.1938 223.7044 22501.9100
v 134.2361 224.0908 22501.9100
v 134.2210 223.9631 22501.9100
v 134.2701 224.3488 22501.9100
v 134.2528 224.2214 22501.9100
v 134.3086 224.6061 22501.9100
v 134.2890 224.4790 22501.9100
v 134.3515 224.8627 22501.9100
v 134.3297 224.7360 22501.9100
v 134.3989 225.1185 22501.9100
v 134.3749 224.9922 22501.9100
v 134.4508 225.3735 22501.9100
v 134.4246 225.2476 22501.9100
v 134.5071 225.6275 22501.9100
v 134.4787 225.5021 22501.9100
v 134.5678 225.8804 22501.9100
v 134.5373 225.7556 22501.9100
v 134.6330 226.1323 22501.9100
v 134.6002 226.0080 22501.9100
v 134.7025 226.3830 22501.9100
v 134.6676 226.2593 22501.9100
v 134.7764 226.6325 22501.9100
v 134.7393 226.5094 22501.9100
v 134.8546 226.8806 22501.9100
v 134.8154 226.7582 22501.9100
v 134.9372 227.1274 22501.9100
v 134.8958 227.0056 22501.9100
v 135.0240 227.3726 22501.9100
v 134.9806 227.2516 22501.9100
v 135.1151 227.6163 22501.9100
v 135.0696 227.4961 22501.9100
v 135.2105 227.8584 22501.9100
v 135.1628 227.7390 22501.9100
v 135.3101 228.0987 22501.9100
v 135.2603 227.9802 22501.9100
v 135.4138 228.3373 22501.9100
v 135.3620 228.2197 22501.9100
v 135.5217 228.5741 22501.9100
v 135.4679 228.4573 22501.9100
v 135.6337 228.8089 22501.9100
v 135.5778 228.6931 22501.9100
v 135.7498 229.0417 22501.9100
v 135.6919 228.9269 22501.9100
v 135.8699 229.2725 22501.9100
v 135.8101 229.1587 22501.9100
v 135.9941 229.5012 22501.9100
v 135.9322 229.3884 22501.9100
v 136.1222 229.7276 22501.9100
v 136.0584 229.6160 22501.9100
v 136.2542 229.9518 22501.9100
v 136.1885 229.8413 22501.9100
v 136.3902 230.1736 22501.9100
v 136.3225 230.0643 22501.9100
v 136.5300 230.3931 22501.9100
v 136.4604 230.2849 22501.9100
v 136.6736 230.6100 22501.9100
v 136.6021 230.5031 22501.9100
v 136.8209 230.8244 22501.9100
v 136.7476 230.7188 22501.9100
v 136.9720 231.0362 22501.9100
v 136.8969 230.9319 22501.9100
v 137.1268 231.2454 22501.9100
v 137.0498 231.1423 22501.9100
v 137.2852 231.4518 22501.9100
v 137.2064 231.3501 22501.9100
v 137.4471 231.6554 22501.9100
v 137.3666 231.5551 22501.9100
v 137.6126 231.8562 22501.9100
v 137.5304 231.7573 22501.9100
v 137.7816 232.0540 22501.9100
v 137.6976 231.9566 22501.9100
v 137.9540 232.2488 22501.9100
v 137.8683 232.1529 22501.9100
v 138.1297 232.4407 22501.9100
v 138.0424 232.3463 22501.9100
v 138.3088 232.6294 22501.9100
v 138.2199 232.5365 22501.9100
v 138.4912 232.8150 22501.9100
v 138.4007 232.7236 22501.9100
v 138.6768 232.9973 22501.9100
v 138.5846 232.9076 22501.9100
v 138.8655 233.1764 22501.9100
v 138.7718 233.0883 22501.9100
v 139.0573 233.3522 22501.9100
v 138.9621 233.2657 22501.9100
v 139.2522 233.5246 22501.9100
v 139.1555 233.4398 22501.9100
v 139.4500 233.6935 22501.9100
v 139.3519 233.6105 22501.9100
v 139.6507 233.8590 22501.9100
v 139.5512 233.7777 22501.9100
v 139.8544 234.0210 22501.9100
v 139.7534 233.9414 22501.9100
v 140.0608 234.1794 22501.9100
v 139.9584 234.1015 22501.9100
v 140.2699 234.3341 22501.9100
v 140.1662 234.2581 22501.9100
v 140.4817 234.4852 22501.9100
v 140.3767 234.4110 22501.9100
v 140.6961 234.6326 22501.9100
v 140.5898 234.5602 22501.9100
v 140.9131 234.7762 22501.9100
v 140.8056 234.7057 22501.9100
v 141.1325 234.9160 22501.9100
v 141.0238 234.8474 22501.9100
v 141.3544 235.0519 22501.9100
v 141.2444 234.9852 22501.9100
v 141.5785 235.1840 22501.9100
v 141.4675 235.1192 22501.9100
v 141.8050 235.3121 22501.9100
v 141.6928 235.2493 22501.9100
v 142.0336 235.4362 22501.9100
v 141.9203 235.3754 22501.9100
v 142.2644 235.5564 22501.9100
v 142.1501 235.4975 22501.9100
v 142.4972 235.6724 22501.9100
v 142.3819 235.6156 22501.9100
v 142.7321 235.7844 22501.9100
v 142.6158 235.7296 22501.9100
v 142.9688 235.8923 22501.9100
v 142.8516 235.8395 22501.9100
v 143.2074 235.9961 22501.9100
v 143.0892 235.9453 22501.9100
v 143.4478 236.0956 22501.9100
v 143.3288 236.0470 22501.9100
v 143.6898 236.1910 22501.9100
v 143.5700 236.1444 22501.9100
v 143.9335 236.2821 22501.9100
v 143.8129 236.2376 22501.9100
v 144.1788 236.3690 22501.9100
v 144.0574 236.3266 22501.9100
v 144.4255 236.4515 22501.9100
v 144.3034 236.4113 22501.9100
v 144.6736 236.5297 22501.9100
v 144.5508 236.4916 22501.9100
v 144.9231 236.6036 22501.9100
v 144.7997 236.5677 22501.9100
v 145.1738 236.6732 22501.9100
v 145.0497 236.6394 22501.9100
v 145.4257 236.7383 22501.9100
v 145.3011 236.7067 22501.9100
v 145.6787 236.7990 22501.9100
v 145.5535 236.7696 22501.9100
v 145.9327 236.8554 22501.9100
v 145.8070 236.8281 22501.9100
v 146.1876 236.9072 22501.9100
v 146.0615 236.8822 22501.9100
v 146.4435 236.9546 22501.9100
v 146.3169 236.9318 22501.9100
v 146.7001 236.9976 22501.9100
v 146.5731 236.9769 22501.9100
v 146.9574 237.0360 22501.9100
v 146.8301 237.0176 22501.9100
v 147.2153 237.0700 22501.9100
v 147.0878 237.0538 22501.9100
v 147.4738 237.0995 22501.9100
v 147.3460 237.0855 22501.9100
v 147.7328 237.1244 22501.9100
v 147.6047 237.1126 22501.9100
v 147.9922 237.1448 22501.9100
v 147.8639 237.1353 22501.9100
v 148.2518 237.1607 22501.9100
v 148.1235 237.1534 22501.9100
v 148.5118 237.1720 22501.9100
v 148.3833 237.1670 22501.9100
v 148.7719 237.1788 22501.9100
v 148.6433 237.1760 22501.9100
v 149.0320 237.1811 22501.9100
v 148.9034 237.1806 22501.9100
v 149.2922 237.1788 22501.9100
v 149.1636 237.1805 22501.9100
v 149.5523 237.1720 22501.9100
v 149.4237 237.1760 22501.9100
v 149.8122 237.1607 22501.9100
v 149.6838 237.1669 22501.9100
v 150.0719 237.1448 22501.9100
v 149.9436 237.1532 22501.9100
v 150.3313 237.1244 22501.9100
v 150.2031 237.1350 22501.9100
v 150.5902 237.0995 22501.9100
v 150.4623 237.1123 22501.9100
v 150.8487 237.0700 22501.9100
v 150.7210 237.0851 22501.9100
v 151.1067 237.0360 22501.9100
v 150.9793 237.0534 22501.9100
v 151.3640 236.9976 22501.9100
v 151.2369 237.0172 22501.9100
v 151.6206 236.9546 22501.9100
v 151.4939 236.9764 22501.9100
v 151.8764 236.9072 22501.9100
v 151.7501 236.9312 22501.9100
v 152.1314 236.8554 22501.9100
v 152.0055 236.8815 22501.9100
v 152.3854 236.7990 22501.9100
v 152.2599 236.8274 22501.9100
v 152.6384 236.7383 22501.9100
v 152.5134 236.7689 22501.9100
v 152.8902 236.6732 22501.9100
v 152.7659 236.7059 22501.9100
v 153.1409 236.6036 22501.9100
v 153.0172 236.6385 22501.9100
v 153.3904 236.5297 22501.9100
v 153.2673 236.5668 22501.9100
v 153.6385 236.4515 22501.9100
v 153.5161 236.4907 22501.9100
v 153.8853 236.3690 22501.9100
v 153.7635 236.4103 22501.9100
v 154.1305 236.2821 22501.9100
v 154.0095 236.3256 22501.9100
v 154.3742 236.1910 22501.9100
v 154.2540 236.2366 22501.9100
v 154.6163 236.0956 22501.9100
v 154.4968 236.1433 22501.9100
v 154.8566 235.9961 22501.9100
v 154.7381 236.0458 22501.9100
v 155.0952 235.8923 22501.9100
v 154.9775 235.9441 22501.9100
v 155.3320 235.7844 22501.9100
v 155.2152 235.8383 22501.9100
v 155.5668 235.6724 22501.9100
v 155.4510 235.7283 22501.9100
v 155.7997 235.5564 22501.9100
v 155.6848 235.6142 22501.9100
v 156.0304 235.4362 22501.9100
v 155.9166 235.4961 22501.9100
v 156.2591 235.3121 22501.9100
v 156.1463 235.3739 22501.9100
v 156.4855 235.1840 22501.9100
v 156.3739 235.2478 22501.9100
v 156.7097 235.0519 22501.9100
v 156.5992 235.1177 22501.9100
v 156.9315 234.9160 22501.9100
v 156.8222 234.9836 22501.9100
v 157.1509 234.7762 22501.9100
v 157.0428 234.8457 22501.9100
v 157.3679 234.6326 22501.9100
v 157.2610 234.7040 22501.9100
v 157.5823 234.4852 22501.9100
v 157.4767 234.5585 22501.9100
v 157.7941 234.3341 22501.9100
v 157.6898 234.4093 22501.9100
v 158.0033 234.1794 22501.9100
v 157.9002 234.2563 22501.9100
v 158.2097 234.0210 22501.9100
v 158.1080 234.0997 22501.9100
v 158.4133 233.8590 22501.9100
v 158.3130 233.9395 22501.9100
v 158.6140 233.6935 22501.9100
v 158.5152 233.7758 22501.9100
v 158.8119 233.5246 22501.9100
v 158.7145 233.6085 22501.9100
v 159.0067 233.3522 22501.9100
v 158.9108 233.4378 22501.9100
v 159.1986 233.1764 22501.9100
v 159.1041 233.2637 22501.9100
v 159.3873 232.9973 22501.9100
v 159.2944 233.0862 22501.9100
v 159.5728 232.8150 22501.9100
v 159.4815 232.9055 22501.9100
v 159.7552 232.6294 22501.9100
v 159.6655 232.7215 22501.9100
v 159.9343 232.4407 22501.9100
v 159.8462 232.5343 22501.9100
v 160.1101 232.2488 22501.9100
v 160.0236 232.3440 22501.9100
v 160.2825 232.0540 22501.9100
v 160.1977 232.1507 22501.9100
v 160.4514 231.8562 22501.9100
v 160.3684 231.9543 22501.9100
v 160.6169 231.6554 22501.9100
v 160.5356 231.7550 22501.9100
v 160.7789 231.4518 22501.9100
v 160.6993 231.5528 22501.9100
v 160.9373 231.2454 22501.9100
v 160.8594 231.3477 22501.9100
v 161.0920 231.0362 22501.9100
v 161.0160 231.1399 22501.9100
v 161.2431 230.8244 22501.9100
v 161.1689 230.9294 22501.9100
v 161.3905 230.6100 22501.9100
v 161.3181 230.7163 22501.9100
v 161.5341 230.3931 22501.9100
v 161.4636 230.5006 22501.9100
v 161.6739 230.1736 22501.9100
v 161.6053 230.2824 22501.9100
v 161.8098 229.9518 22501.9100
v 161.7431 230.0617 22501.9100
v 161.9418 229.7276 22501.9100
v 161.8771 229.8387 22501.9100
v 162.0700 229.5012 22501.9100
v 162.0071 229.6134 22501.9100
v 162.1941 229.2725 22501.9100
v 162.1333 229.3858 22501.9100
v 162.3142 229.0417 22501.9100
v 162.2554 229.1561 22501.9100
v 162.4303 228.8089 22501.9100
v 162.3735 228.9242 22501.9100
v 162.5423 228.5741 22501.9100
v 162.4875 228.6904 22501.9100
v 162.6502 228.3373 22501.9100
v 162.5974 228.4546 22501.9100
v 162.7540 228.0987 22501.9100
v 162.7032 228.2169 22501.9100
v 162.8535 227.8584 22501.9100
v 162.8049 227.9774 22501.9100
v 162.9489 227.6163 22501.9100
v 162.9023 227.7362 22501.9100
v 163.0400 227.3726 22501.9100
v 162.9955 227.4933 22501.9100
v 163.1268 227.1274 22501.9100
v 163.0845 227.2488 22501.9100
v 163.2094 226.8806 22501.9100
v 163.1691 227.0027 22501.9100
v 163.2876 226.6325 22501.9100
v 163.2495 226.7553 22501.9100
v 163.3615 226.3830 22501.9100
v 163.3256 226.5065 22501.9100
v 163.4311 226.1323 22501.9100
v 163.3972 226.2564 22501.9100
v 163.4962 225.8804 22501.9100
v 163.4646 226.0051 22501.9100
v 163.5569 225.6275 22501.9100
v 163.5275 225.7526 22501.9100
v 163.6133 225.3735 22501.9100
v 163.5860 225.4991 22501.9100
v 163.6651 225.1185 22501.9100
v 163.6400 225.2446 22501.9100
v 163.7125 224.8627 22501.9100
v 163.6897 224.9892 22501.9100
v 163.7555 224.6061 22501.9100
v 163.7348 224.7330 22501.9100
v 163.7939 224.3488 22501.9100
v 163.7755 224.4760 22501.9100
v 163.8279 224.0908 22501.9100
v 163.8117 224.2184 22501.9100
v 163.8573 223.8323 22501.9100
v 163.8434 223.9601 22501.9100
v 163.8823 223.5733 22501.9100
v 163.8705 223.7014 22501.9100
v 163.9027 223.3140 22501.9100
v 163.8932 223.4422 22501.9100
v 163.9186 223.0543 22501.9100
v 163.9113 223.1827 22501.9100
v 163.9299 222.7944 22501.9100
v 163.9249 222.9229 22501.9100
v 163.9367 222.5343 22501.9100
v 163.9339 222.6628 22501.9100
v 163.9390 222.2741 22501.9100
v 163.9384 222.4027 22501.9100
v 163.9367 222.0140 22501.9100
v 163.9384 222.1425 22501.9100
v 163.9299 221.7539 22501.9100
v 163.9339 221.8824 22501.9100
v 163.9186 221.4940 22501.9100
v 163.9248 221.6224 22501.9100
v 163.9027 221.2343 22501.9100
v 163.9111 221.3626 22501.9100
v 163.8823 220.9749 22501.9100
v 163.8929 221.1030 22501.9100
v 163.8573 220.7159 22501.9100
v 163.8702 220.8439 22501.9100
v 163.8279 220.4574 22501.9100
v 163.8430 220.5851 22501.9100
v 163.7939 220.1995 22501.9100
v 163.8113 220.3269 22501.9100
v 163.7555 219.9422 22501.9100
v 163.7750 220.0692 22501.9100
v 163.7125 219.6855 22501.9100
v 163.7343 219.8123 22501.9100
v 163.6651 219.4297 22501.9100
v 163.6891 219.5561 22501.9100
v 163.6133 219.1748 22501.9100
v 163.6395 219.3007 22501.9100
v 163.5569 218.9208 22501.9100
v 163.5853 219.0462 22501.9100
v 163.4962 218.6678 22501.9100
v 163.5268 218.7927 22501.9100
v 163.4311 218.4159 22501.9100
v 163.4638 218.5403 22501.9100
v 163.3615 218.1652 22501.9100
v 163.3964 218.2890 22501.9100
v 163.2876 217.9157 22501.9100
v 163.3247 218.0389 22501.9100
v 163.2094 217.6676 22501.9100
v 163.2486 217.7901 22501.9100
v 163.1268 217.4209 22501.9100
v 163.1682 217.5426 22501.9100
v 163.0400 217.1756 22501.9100
v 163.0835 217.2966 22501.9100
v 162.9489 216.9319 22501.9100
v 162.9945 217.0522 22501.9100
v 162.8535 216.6899 22501.9100
v 162.9012 216.8093 22501.9100
v 162.7540 216.4495 22501.9100
v 162.8037 216.5681 22501.9100
v 162.6502 216.2109 22501.9100
v 162.7020 216.3286 22501.9100
v 162.5423 215.9742 22501.9100
v 162.5962 216.0909 22501.9100
v 162.4303 215.7393 22501.9100
v 162.4862 215.8551 22501.9100
v 162.3142 215.5065 22501.9100
v 162.3721 215.6213 22501.9100
v 162.1941 215.2757 22501.9100
v 162.2540 215.3895 22501.9100
v 162.0700 215.0471 22501.9100
v 162.1318 215.1598 22501.9100
v 161.9418 214.8206 22501.9100
v 162.0057 214.9323 22501.9100
v 161.8098 214.5965 22501.9100
v 161.8755 214.7070 22501.9100
v 161.6739 214.3746 22501.9100
v 161.7415 214.4840 22501.9100
v 161.5341 214.1552 22501.9100
v 161.6036 214.2633 22501.9100
v 161.3905 213.9382 22501.9100
v 161.4619 214.0452 22501.9100
v 161.2431 213.7238 22501.9100
v 161.3164 213.8295 22501.9100
v 161.0920 213.5120 22501.9100
v 161.1672 213.6164 22501.9100
v 160.9373 213.3029 22501.9100
v 161.0142 213.4059 22501.9100
v 160.7789 213.0965 22501.9100
v 160.8576 213.1981 22501.9100
v 160.6169 212.8929 22501.9100
v 160.6974 212.9931 22501.9100
v 160.4514 212.6921 22501.9100
v 160.5337 212.7910 22501.9100
v 160.2825 212.4943 22501.9100
v 160.3664 212.5917 22501.9100
v 160.1101 212.2994 22501.9100
v 160.1957 212.3953 22501.9100
v 159.9343 212.1076 22501.9100
v 160.0216 212.2020 22501.9100
v 159.7552 211.9189 22501.9100
v 159.8441 212.0117 22501.9100
v 159.5728 211.7333 22501.9100
v 159.6634 211.8246 22501.9100
v 159.3873 211.5509 22501.9100
v 159.4794 211.6407 22501.9100
v 159.1986 211.3718 22501.9100
v 159.2922 211.4599 22501.9100
v 159.0067 211.1961 22501.9100
v 159.1019 211.2825 22501.9100
v 158.8119 211.0237 22501.9100
v 158.9086 211.1085 22501.9100
v 158.6140 210.8547 22501.9100
v 158.7122 210.9378 22501.9100
v 158.4133 210.6892 22501.9100
v 158.5129 210.7706 22501.9100
v 158.2097 210.5273 22501.9100
v 158.3107 210.6069 22501.9100
v 158.0033 210.3689 22501.9100
v 158.1056 210.4467 22501.9100
v 157.7941 210.2141 22501.9100
v 157.8978 210.2901 22501.9100
v 157.5823 210.0630 22501.9100
v 157.6873 210.1372 22501.9100
v 157.3679 209.9157 22501.9100
v 157.4742 209.9880 22501.9100
v 157.1509 209.7721 22501.9100
v 157.2585 209.8426 22501.9100
v 156.9315 209.6323 22501.9100
v 157.0403 209.7009 22501.9100
v 156.7097 209.4963 22501.9100
v 156.8196 209.5630 22501.9100
v 156.4855 209.3643 22501.9100
v 156.5966 209.4291 22501.9100
v 156.2591 209.2362 22501.9100
v 156.3713 209.2990 22501.9100
v 156.0304 209.1120 22501.9100
v 156.1437 209.1729 22501.9100
v 155.7997 208.9919 22501.9100
v 155.9140 209.0508 22501.9100
v 155.5668 208.8758 22501.9100
v 155.6821 208.9327 22501.9100
v 155.3320 208.7638 22501.9100
v 155.4483 208.8186 22501.9100
v 155.0952 208.6559 22501.9100
v 155.2125 208.7087 22501.9100
v 154.8566 208.5522 22501.9100
v 154.9748 208.6029 22501.9100
v 154.6163 208.4526 22501.9100
v 154.7353 208.5013 22501.9100
v 154.3742 208.3573 22501.9100
v 154.4940 208.4039 22501.9100
v 154.1305 208.2661 22501.9100
v 154.2511 208.3106 22501.9100
v 153.8853 208.1793 22501.9100
v 154.0067 208.2217 22501.9100
v 153.6385 208.0967 22501.9100
v 153.7607 208.1370 22501.9100
v 153.3904 208.0185 22501.9100
v 153.5132 208.0566 22501.9100
v 153.1409 207.9446 22501.9100
v 153.2644 207.9806 22501.9100
v 152.8902 207.8751 22501.9100
v 153.0143 207.9089 22501.9100
v 152.6384 207.8099 22501.9100
v 152.7630 207.8416 22501.9100
v 152.3854 207.7492 22501.9100
v 152.5105 207.7787 22501.9100
v 152.1314 207.6929 22501.9100
v 152.2570 207.7202 22501.9100
v 151.8764 207.6410 22501.9100
v 152.0025 207.6661 22501.9100
v 151.6206 207.5936 22501.9100
v 151.7471 207.6165 22501.9100
v 151.3640 207.5507 22501.9100
v 151.4909 207.5713 22501.9100
v 151.1067 207.5122 22501.9100
v 151.2339 207.5307 22501.9100
v 150.8487 207.4782 22501.9100
v 150.9763 207.4945 22501.9100
v 150.5902 207.4488 22501.9100
v 150.7180 207.4628 22501.9100
v 150.3313 207.4239 22501.9100
v 150.4593 207.4356 22501.9100
v 150.0719 207.4034 22501.9100
v 150.2001 207.4130 22501.9100
v 149.8122 207.3876 22501.9100
v 149.9406 207.3949 22501.9100
v 149.5523 207.3762 22501.9100
v 149.6808 207.3813 22501.9100
v 149.2922 207.3694 22501.9100
v 149.4207 207.3722 22501.9100
v 149.0320 207.3671 22501.9100
v 149.1606 207.3677 22501.9100
v 148.7719 207.3694 22501.9100
v 148.9004 207.3677 22501.9100
v 148.5118 207.3762 22501.9100
v 148.6403 207.3723 22501.9100
v 148.2518 207.3876 22501.9100
v 148.3803 207.3814 22501.9100
v 147.9922 207.4034 22501.9100
v 148.1205 207.3950 22501.9100
v 147.7328 207.4239 22501.9100
v 147.8609 207.4132 22501.9100
v 147.4738 207.4488 22501.9100
v 147.6017 207.4359 22501.9100
v 147.2153 207.4782 22501.9100
v 147.3430 207.4631 22501.9100
v 146.9574 207.5122 22501.9100
v 147.0848 207.4949 22501.9100
v 146.7001 207.5507 22501.9100
v 146.8271 207.5311 22501.9100
v 146.4435 207.5936 22501.9100
v 146.5702 207.5718 22501.9100
v 146.1876 207.6410 22501.9100
v 146.3140 207.6170 22501.9100
v 145.9327 207.6929 22501.9100
v 146.0586 207.6667 22501.9100
v 145.6787 207.7492 22501.9100
v 145.8041 207.7208 22501.9100
v 145.4257 207.8099 22501.9100
v 145.5506 207.7794 22501.9100
v 145.1738 207.8751 22501.9100
v 145.2982 207.8423 22501.9100
v 144.9231 207.9446 22501.9100
v 145.0468 207.9097 22501.9100
v 144.6736 208.0185 22501.9100
v 144.7968 207.9814 22501.9100
v 144.4255 208.0967 22501.9100
v 144.5480 208.0575 22501.9100
v 144.1788 208.1793 22501.9100
v 144.3005 208.1380 22501.9100
v 143.9335 208.2661 22501.9100
v 144.0546 208.2227 22501.9100
v 143.6898 208.3573 22501.9100
v 143.8101 208.3117 22501.9100
v 143.4478 208.4526 22501.9100
v 143.5672 208.4050 22501.9100
v 143.2074 208.5522 22501.9100
v 143.3260 208.5024 22501.9100
v 142.9688 208.6559 22501.9100
v 143.0865 208.6041 22501.9100
v 142.7321 208.7638 22501.9100
v 142.8488 208.7100 22501.9100
v 142.4972 208.8758 22501.9100
v 142.6130 208.8199 22501.9100
v 142.2644 208.9919 22501.9100
v 142.3792 208.9340 22501.9100
v 142.0336 209.1120 22501.9100
v 142.1474 209.0522 22501.9100
v 141.8050 209.2362 22501.9100
v 141.9177 209.1743 22501.9100
v 141.5785 209.3643 22501.9100
v 141.6902 209.3005 22501.9100
v 141.3544 209.4963 22501.9100
v 141.4649 209.4306 22501.9100
v 141.1325 209.6323 22501.9100
v 141.2419 209.5646 22501.9100
v 140.9131 209.7721 22501.9100
v 141.0212 209.7025 22501.9100
v 140.6961 209.9157 22501.9100
v 140.8030 209.8442 22501.9100
v 140.4817 210.0630 22501.9100
v 140.5874 209.9897 22501.9100
v 140.2699 210.2141 22501.9100
v 140.3743 210.1390 22501.9100
v 140.0608 210.3689 22501.9100
v 140.1638 210.2919 22501.9100
v 139.8544 210.5273 22501.9100
v 139.9560 210.4485 22501.9100
v 139.6507 210.6892 22501.9100
v 139.7510 210.6087 22501.9100
v 139.4500 210.8547 22501.9100
v 139.5488 210.7725 22501.9100
v 139.2522 211.0237 22501.9100
v 139.3496 210.9397 22501.9100
v 139.0573 211.1961 22501.9100
v 139.1532 211.1104 22501.9100
v 138.8655 211.3718 22501.9100
v 138.9599 211.2845 22501.9100
v 138.6768 211.5509 22501.9100
v 138.7696 211.4620 22501.9100
v 138.4912 211.7333 22501.9100
v 138.5825 211.6428 22501.9100
v 138.3088 211.9189 22501.9100
v 138.3985 211.8268 22501.9100
v 138.1297 212.1076 22501.9100
v 138.2178 212.0139 22501.9100
v 137.9540 212.2994 22501.9100
v 138.0404 212.2042 22501.9100
v 137.7816 212.4943 22501.9100
v 137.8663 212.3976 22501.9100
v 137.6126 212.6921 22501.9100
v 137.6957 212.5939 22501.9100
v 137.4471 212.8929 22501.9100
v 137.5285 212.7933 22501.9100
v 137.2852 213.0965 22501.9100
v 137.3647 212.9955 22501.9100
v 137.1268 213.3029 22501.9100
v 137.2046 213.2005 22501.9100
v 136.9720 213.5120 22501.9100
v 137.0480 213.4083 22501.9100
v 136.8209 213.7238 22501.9100
v 136.8951 213.6188 22501.9100
v 136.6736 213.9382 22501.9100
v 136.7459 213.8320 22501.9100
v 136.5300 214.1552 22501.9100
v 136.6005 214.0477 22501.9100
v 136.3902 214.3746 22501.9100
v 136.4588 214.2659 22501.9100
v 136.2542 214.5965 22501.9100
v 136.3209 214.4865 22501.9100
v 136.1222 214.8206 22501.9100
v 136.1870 214.7095 22501.9100
v 135.9941 215.0471 22501.9100
v 136.0569 214.9349 22501.9100
v 135.8699 215.2757 22501.9100
v 135.9308 215.1624 22501.9100
v 135.7498 215.5065 22501.9100
v 135.8087 215.3922 22501.9100
v 135.6337 215.7393 22501.9100
v 135.6906 215.6240 22501.9100
v 135.5217 215.9742 22501.9100
v 135.5765 215.8578 22501.9100
v 135.4138 216.2109 22501.9100
v 135.4666 216.0937 22501.9100
v 135.3101 216.4495 22501.9100
v 135.3608 216.3314 22501.9100
v 135.2105 216.6899 22501.9100
v 135.2592 216.5709 22501.9100
v 135.1151 216.9319 22501.9100
v 135.1617 216.8121 22501.9100
v 135.0240 217.1756 22501.9100
v 135.0685 217.0550 22501.9100
v 134.9372 217.4209 22501.9100
v 134.9796 217.2995 22501.9100
v 134.8546 217.6676 22501.9100
v 134.8949 217.5455 22501.9100
v 134.7764 217.9157 22501.9100
v 134.8145 217.7929 22501.9100
v 134.7025 218.1652 22501.9100
v 134.7385 218.0417 22501.9100
v 134.6330 218.4159 22501.9100
v 134.6668 218.2919 22501.9100
v 134.5678 218.6678 22501.9100
v 134.5995 218.5432 22501.9100
v 134.5071 218.9208 22501.9100
v 134.5366 218.7956 22501.9100
v 134.4508 219.1748 22501.9100
v 134.4781 219.0491 22501.9100
v 134.3989 219.4297 22501.9100
v 134.4240 219.3036 22501.9100
v 134.3515 219.6855 22501.9100
v 134.3744 219.5590 22501.9100
v 134.3086 219.9422 22501.9100
v 134.3292 219.8152 22501.9100
v 134.2701 220.1995 22501.9100
v 134.2885 220.0722 22501.9100
v 134.2361 220.4574 22501.9100
v 134.2524 220.3299 22501.9100
v 134.2067 220.7159 22501.9100
v 134.2207 220.5881 22501.9100
v 134.1818 220.9749 22501.9100
v 134.1935 220.8468 22501.9100
v 134.1613 221.2343 22501.9100
v 134.1709 221.1060 22501.9100
v 134.1455 221.4940 22501.9100
v 134.1527 221.3656 22501.9100
v 134.1341 221.7539 22501.9100
v 134.1392 221.6254 22501.9100
v 134.1273 222.0140 22501.9100
v 134.1301 221.8854 22501.9100
v 134.1256 222.1455 22501.9100
v 134.1250 222.2741 22524.2700
v 134.1273 222.5343 22524.2700
v 134.1256 222.4057 22524.2700
v 134.1341 222.7944 22524.2700
v 134.1302 222.6658 22524.2700
v 134.1455 223.0543 22524.2700
v 134.1393 222.9259 22524.2700
v 134.1613 223.3140 22524.2700
v 134.1529 223.1857 22524.2700
v 134.1818 223.5733 22524.2700
v 134.1711 223.4452 22524.2700
v 134.2067 223.8323 22524.2700
v 134.1938 223.7044 22524.2700
v 134.2361 224.0908 22524.2700
v 134.2210 223.9631 22524.2700
v 134.2701 224.3488 22524.2700
v 134.2528 224.2214 22524.2700
v 134.3086 224.6061 22524.2700
v 134.2890 224.4790 22524.2700
v 134.3515 224.8627 22524.2700
v 134.3297 224.7360 22524.2700
v 134.3989 225.1185 22524.2700
v 134.3749 224.9922 22524.2700
v 134.4508 225.3735 22524.2700
v 134.4246 225.2476 22524.2700
v 134.5071 225.6275 22524.2700
v 134.4787 225.5021 22524.2700
v 134.5678 225.8804 22524.2700
v 134.5373 225.7556 22524.2700
v 134.6330 226.1323 22524.2700
v 134.6002 226.0080 22524.2700
v 134.7025 226.3830 22524.2700
v 134.6676 226.2593 22524.2700
v 134.7764 226.6325 22524.2700
v 134.7393 226.5094 22524.2700
v 134.8546 226.8806 22524.2700
v 134.8154 226.7582 22524.2700
v 134.9372 227.1274 22524.2700
v 134.8958 227.0056 22524.2700
v 135.0240 227.3726 22524.2700
v 134.9806 227.2516 22524.2700
v 135.1151 227.6163 22524.2700
v 135.0696 227.4961 22524.2700
v 135.2105 227.8584 22524.2700
v 135.1628 227.7390 22524.2700
v 135.3101 228.0987 22524.2700
v 135.2603 227.9802 22524.2700
v 135.4138 228.3373 22524.2700
v 135.3620 228.2197 22524.2700
v 135.5217 228.5741 22524.2700
v 135.4679 228.4573 22524.2700
v 135.6337 228.8089 22524.2700
v 135.5778 228.6931 22524.2700
v 135.7498 229.0417 22524.2700
v 135.6919 228.9269 22524.2700
v 135.8699 229.2725 22524.2700
v 135.8101 229.1587 22524.2700
v 135.9941 229.5012 22524.2700
v 135.9322 229.3884 22524.2700
v 136.1222 229.7276 22524.2700
v 136.0584 229.6160 22524.2700
v 136.2542 229.9518 22524.2700
v 136.1885 229.8413 22524.2700
v 136.3902 230.1736 22524.2700
v 136.3225 230.0643 22524.2700
v 136.5300 230.3931 22524.2700
v 136.4604 230.2849 22524.2700
v 136.6736 230.6100 22524.2700
v 136.6021 230.5031 22524.2700
v 136.8209 230.8244 22524.2700
v 136.7476 230.7188 22524.2700
v 136.9720 231.0362 22524.2700
v 136.8969 230.9319 22524.2700
v 137.1268 231.2454 22524.2700
v 137.0498 231.1423 22524.2700
v 137.2852 231.4518 22524.2700
v 137.2064 231.3501 22524.2700
v 137.4471 231.6554 22524.2700
v 137.3666 231.5551 22524.2700
v 137.6126 231.8562 22524.2700
v 137.5304 231.7573 22524.2700
v 137.7816 232.0540 22524.2700
v 137.6976 231.9566 22524.2700
v 137.9540 232.2488 22524.2700
v 137.8683 232.1529 22524.2700
v 138.1297 232.4407 22524.2700
v 138.0424 232.3463 22524.2700
v 138.3088 232.6294 22524.2700
v 138.2199 232.5365 22524.2700
v 138.4912 232.8150 22524.2700
v 138.4007 232.7236 22524.2700
v 138.6768 232.9973 22524.2700
v 138.5846 232.9076 22524.2700
v 138.8655 233.1764 22524.2700
v 138.7718 233.0883 22524.2700
v 139.0573 233.3522 22524.2700
v 138.9621 233.2657 22524.2700
v 139.2522 233.5246 22524.2700
v 139.1555 233.4398 22524.2700
v 139.4500 233.6935 22524.2700
v 139.3519 233.6105 22524.2700
v 139.6507 233.8590 22524.2700
v 139.5512 233.7777 22524.2700
v 139.8544 234.0210 22524.2700
v 139.7534 233.9414 22524.2700
v 140.0608 234.1794 22524.2700
v 139.9584 234.1015 22524.2700
v 140.2699 234.3341 22524.2700
v 140.1662 234.2581 22524.2700
v 140.4817 234.4852 22524.2700
v 140.3767 234.4110 22524.2700
v 140.6961 234.6326 22524.2700
v 140.5898 234.5602 22524.2700
v 140.9131 234.7762 22524.2700
v 140.8056 234.7057 22524.2700
v 141.1325 234.9160 22524.2700
v 141.0238 234.8474 22524.2700
v 141.3544 235.0519 22524.2700
v 141.2444 234.9852 22524.2700
v 141.5785 235.1840 22524.2700
v 141.4675 235.1192 22524.2700
v 141.8050 235.3121 22524.2700
v 141.6928 235.2493 22524.2700
v 142.0336 235.4362 22524.2700
v 141.9203 235.3754 22524.2700
v 142.2644 235.5564 22524.2700
v 142.1501 235.4975 22524.2700
v 142.4972 235.6724 22524.2700
v 142.3819 235.6156 22524.2700
v 142.7321 235.7844 22524.2700
v 142.6158 235.7296 22524.2700
v 142.9688 235.8923 22524.2700
v 142.8516 235.8395 22524.2700
v 143.2074 235.9961 22524.2700
v 143.0892 235.9453 22524.2700
v 143.4478 236.0956 22524.2700
v 143.3288 236.0470 22524.2700
v 143.6898 236.1910 22524.2700
v 143.5700 236.1444 22524.2700
v 143.9335 236.2821 22524.2700
v 143.8129 236.2376 22524.2700
v 144.1788 236.3690 22524.2700
v 144.0574 236.3266 22524.2700
v 144.4255 236.4515 22524.2700
v 144.3034 236.4113 22524.2700
v 144.6736 236.5297 22524.2700
v 144.5508 236.4916 22524.2700
v 144.9231 236.6036 22524.2700
v 144.7997 236.5677 22524.2700
v 145.1738 236.6732 22524.2700
v 145.0497 236.6394 22524.2700
v 145.4257 236.7383 22524.2700
v 145.3011 236.7067 22524.2700
v 145.6787 236.7990 22524.2700
v 145.5535 236.7696 22524.2700
v 145.9327 236.8554 22524.2700
v 145.8070 236.8281 22524.2700
v 146.1876 236.9072 22524.2700
v 146.0615 236.8822 22524.2700
v 146.4435 236.9546 22524.2700
v 146.3169 236.9318 22524.2700
v 146.7001 236.9976 22524.2700
v 146.5731 236.9769 22524.2700
v 146.9574 237.0360 22524.2700
v 146.8301 237.0176 22524.2700
v 147.2153 237.0700 22524.2700
v 147.0878 237.0538 22524.2700
v 147.4738 237.0995 22524.2700
v 147.3460 237.0855 22524.2700
v 147.7328 237.1244 22524.2700
v 147.6047 237.1126 22524.2700
v 147.9922 237.1448 22524.2700
v 147.8639 237.1353 22524.2700
v 148.2518 237.1607 22524.2700
v 148.1235 237.1534 22524.2700
v 148.5118 237.1720 22524.2700
v 148.3833 237.1670 22524.2700
v 148.7719 237.1788 22524.2700
v 148.6433 237.1760 22524.2700
v 149.0320 237.1811 22524.2700
v 148.9034 237.1806 22524.2700
v 149.2922 237.1788 22524.2700
v 149.1636 237.1805 22524.2700
v 149.5523 237.1720 22524.2700
v 149.4237 237.1760 22524.2700
v 149.8122 237.1607 22524.2700
v 149.6838 237.1669 22524.2700
v 150.0719 237.1448 22524.2700
v 149.9436 237.1532 22524.2700
v 150.3313 237.1244 22524.2700
v 150.2031 237.1350 22524.2700
v 150.5902 237.0995 22524.2700
v 150.4623 237.1123 22524.2700
v 150.8487 237.0700 22524.2700
v 150.7210 237.0851 22524.2700
v 151.1067 237.0360 22524.2700
v 150.9793 237.0534 22524.2700
v 151.3640 236.9976 22524.2700
v 151.2369 237.0172 22524.2700
v 151.6206 236.9546 22524.2700
v 151.4939 236.9764 22524.2700
v 151.8764 236.9072 22524.2700
v 151.7501 236.9312 22524.2700
v 152.1314 236.8554 22524.2700
v 152.0055 236.8815 22524.2700
v 152.3854 236.7990 22524.2700
v 152.2599 236.8274 22524.2700
v 152.6384 236.7383 22524.2700
v 152.5134 236.7689 22524.2700
v 152.8902 236.6732 22524.2700
v 152.7659 236.7059 22524.2700
v 153.1409 236.6036 22524.2700
v 153.0172 236.6385 22524.2700
v 153.3904 236.5297 22524.2700
v 153.2673 236.5668 22524.2700
v 153.6385 236.4515 22524.2700
v 153.5161 236.4907 22524.2700
v 153.8853 236.3690 22524.2700
v 153.7635 236.4103 22524.2700
v 154.1305 236.2821 22524.2700
v 154.0095 236.3256 22524.2700
v 154.3742 236.1910 22524.2700
v 154.2540 236.2366 22524.2700
v 154.6163 236.0956 22524.2700
v 154.4968 236.1433 22524.2700
v 154.8566 235.9961 22524.2700
v 154.7381 236.0458 22524.2700
v 155.0952 235.8923 22524.2700
v 154.9775 235.9441 22524.2700
v 155.3320 235.7844 22524.2700
v 155.2152 235.8383 22524.2700
v 155.5668 235.6724 22524.2700
v 155.4510 235.7283 22524.2700
v 155.7997 235.5564 22524.2700
v 155.6848 235.6142 22524.2700
v 156.0304 235.4362 22524.2700
v 155.9166 235.4961 22524.2700
v 156.2591 235.3121 22524.2700
v 156.1463 235.3739 22524.2700
v 156.4855 235.1840 22524.2700
v 156.3739 235.2478 22524.2700
v 156.7097 235.0519 22524.2700
v 156.5992 235.1177 22524.2700
v 156.9315 234.9160 22524.2700
v 156.8222 234.9836 22524.2700
v 157.1509 234.7762 22524.2700
v 157.0428 234.8457 22524.2700
v 157.3679 234.6326 22524.2700
v 157.2610 234.7040 22524.2700
v 157.5823 234.4852 22524.2700
v 157.4767 234.5585 22524.2700
v 157.7941 234.3341 22524.2700
v 157.6898 234.4093 22524.2700
v 158.0033 234.1794 22524.2700
v 157.9002 234.2563 22524.2700
v 158.2097 234.0210 22524.2700
v 158.1080 234.0997 22524.2700
v 158.4133 233.8590 22524.2700
v 158.3130 233.9395 22524.2700
v 158.6140 233.6935 22524.2700
v 158.5152 233.7758 22524.2700
v 158.8119 233.5246 22524.2700
v 158.7145 233.6085 22524.2700
v 159.0067 233.3522 22524.2700
v 158.9108 233.4378 22524.2700
v 159.1986 233.1764 22524.2700
v 159.1041 233.2637 22524.2700
v 159.3873 232.9973 22524.2700
v 159.2944 233.0862 22524.2700
v 159.5728 232.8150 22524.2700
v 159.4815 232.9055 22524.2700
v 159.7552 232.6294 22524.2700
v 159.6655 232.7215 22524.2700
v 159.9343 232.4407 22524.2700
v 159.8462 232.5343 22524.2700
v 160.1101 232.2488 22524.2700
v 160.0236 232.3440 22524.2700
v 160.2825 232.0540 22524.2700
v 160.1977 232.1507 22524.2700
v 160.4514 231.8562 22524.2700
v 160.3684 231.9543 22524.2700
v 160.6169 231.6554 22524.2700
v 160.5356 231.7550 22524.2700
v 160.7789 231.4518 22524.2700
v 160.6993 231.5528 22524.2700
v 160.9373 231.2454 22524.2700
v 160.8594 231.3477 22524.2700
v 161.0920 231.0362 22524.2700
v 161.0160 231.1399 22524.2700
v 161.2431 230.8244 22524.2700
v 161.1689 230.9294 22524.2700
v 161.3905 230.6100 22524.2700
v 161.3181 230.7163 22524.2700
v 161.5341 230.3931 22524.2700
v 161.4636 230.5006 22524.2700
v 161.6739 230.1736 22524.2700
v 161.6053 230.2824 22524.2700
v 161.8098 229.9518 22524.2700
v 161.7431 230.0617 22524.2700
v 161.9418 229.7276 22524.2700
v 161.8771 229.8387 22524.2700
v 162.0700 229.5012 22524.2700
v 162.0071 229.6134 22524.2700
v 162.1941 229.2725 22524.2700
v 162.1333 229.3858 22524.2700
v 162.3142 229.0417 22524.2700
v 162.2554 229.1561 22524.2700
v 162.4303 228.8089 22524.2700
v 162.3735 228.9242 22524.2700
v 162.5423 228.5741 22524.2700
v 162.4875 228.6904 22524.2700
v 162.6502 228.3373 22524.2700
v 162.5974 228.4546 22524.2700
v 162.7540 228.0987 22524.2700
v 162.7032 228.2169 22524.2700
v 162.8535 227.8584 22524.2700
v 162.8049 227.9774 22524.2700
v 162.9489 227.6163 22524.2700
v 162.9023 227.7362 22524.2700
v 163.0400 227.3726 22524.2700
v 162.9955 227.4933 22524.2700
v 163.1268 227.1274 22524.2700
v 163.0845 227.2488 22524.2700
v 163.2094 226.8806 22524.2700
v 163.1691 227.0027 22524.2700
v 163.2876 226.6325 22524.2700
v 163.2495 226.7553 22524.2700
v 163.3615 226.3830 22524.2700
v 163.3256 226.5065 22524.2700
v 163.4311 226.1323 22524.2700
v 163.3972 226.2564 22524.2700
v 163.4962 225.8804 22524.2700
v 163.4646 226.0051 22524.2700
v 163.5569 225.6275 22524.2700
v 163.5275 225.7526 22524.2700
v 163.6133 225.3735 22524.2700
v 163.5860 225.4991 22524.2700
v 163.6651 225.1185 22524.2700
v 163.6400 225.2446 22524.2700
v 163.7125 224.8627 22524.2700
v 163.6897 224.9892 22524.2700
v 163.7555 224.6061 22524.2700
v 163.7348 224.7330 22524.2700
v 163.7939 224.3488 22524.2700
v 163.7755 224.4760 22524.2700
v 163.8279 224.0908 22524.2700
v 163.8117 224.2184 22524.2700
v 163.8573 223.8323 22524.2700
v 163.8434 223.9601 22524.2700
v 163.8823 223.5733 22524.2700
v 163.8705 223.7014 22524.2700
v 163.9027 223.3140 22524.2700
v 163.8932 223.4422 22524.2700
v 163.9186 223.0543 22524.2700
v 163.9113 223.1827 22524.2700
v 163.9299 222.7944 22524.2700
v 163.9249 222.9229 22524.2700
v 163.9367 222.5343 22524.2700
v 163.9339 222.6628 22524.2700
v 163.9390 222.2741 22524.2700
v 163.9384 222.4027 22524.2700
v 163.9367 222.0140 22524.2700
v 163.9384 222.1425 22524.2700
v 163.9299 221.7539 22524.2700
v 163.9339 221.8824 22524.2700
v 163.9186 221.4940 22524.2700
v 163.9248 221.6224 22524.2700
v 163.9027 221.2343 22524.2700
v 163.9111 221.3626 22524.2700
v 163.8823 220.9749 22524.2700
v 163.8929 221.1030 22524.2700
v 163.8573 220.7159 22524.2700
v 163.8702 220.8439 22524.2700
v 163.8279 220.4574 22524.2700
v 163.8430 220.5851 22524.2700
v 163.7939 220.1995 22524.2700
v 163.8113 220.3269 22524.2700
v 163.7555 219.9422 22524.2700
v 163.7750 220.0692 22524.2700
v 163.7125 219.6855 22524.2700
v 163.7343 219.8123 22524.2700
v 163.6651 219.4297 22524.2700
v 163.6891 219.5561 22524.2700
v 163.6133 219.1748 22524.2700
v 163.6395 219.3007 22524.2700
v 163.5569 218.9208 22524.2700
v 163.5853 219.0462 22524.2700
v 163.4962 218.6678 22524.2700
v 163.5268 218.7927 22524.2700
v 163.4311 218.4159 22524.2700
v 163.4638 218.5403 22524.2700
v 163.3615 218.1652 22524.2700
v 163.3964 218.2890 22524.2700
v 163.2876 217.9157 22524.2700
v 163.3247 218.0389 22524.2700
v 163.2094 217.6676 22524.2700
v 163.2486 217.7901 22524.2700
v 163.1268 217.4209 22524.2700
v 163.1682 217.5426 22524.2700
v 163.0400 217.1756 22524.2700
v 163.0835 217.2966 22524.2700
v 162.9489 216.9319 22524.2700
v 162.9945 217.0522 22524.2700
v 162.8535 216.6899 22524.2700
v 162.9012 216.8093 22524.2700
v 162.7540 216.4495 22524.2700
v 162.8037 216.5681 22524.2700
v 162.6502 216.2109 22524.2700
v 162.7020 216.3286 22524.2700
v 162.5423 215.9742 22524.2700
v 162.5962 216.0909 22524.2700
v 162.4303 215.7393 22524.2700
v 162.4862 215.8551 22524.2700
v 162.3142 215.5065 22524.2700
v 162.3721 215.6213 22524.2700
v 162.1941 215.2757 22524.2700
v 162.2540 215.3895 22524.2700
v 162.0700 215.0471 22524.2700
v 162.1318 215.1598 22524.2700
v 161.9418 214.8206 22524.2700
v 162.0057 214.9323 22524.2700
v 161.8098 214.5965 22524.2700
v 161.8755 214.7070 22524.2700
v 161.6739 214.3746 22524.2700
v 161.7415 214.4840 22524.2700
v 161.5341 214.1552 22524.2700
v 161.6036 214.2633 22524.2700
v 161.3905 213.9382 22524.2700
v 161.4619 214.0452 22524.2700
v 161.2431 213.7238 22524.2700
v 161.3164 213.8295 22524.2700
v 161.0920 213.5120 22524.2700
v 161.1672 213.6164 22524.2700
v 160.9373 213.3029 22524.2700
v 161.0142 213.4059 22524.2700
v 160.7789 213.0965 22524.2700
v 160.8576 213.1981 22524.2700
v 160.6169 212.8929 22524.2700
v 160.6974 212.9931 22524.2700
v 160.4514 212.6921 22524.2700
v 160.5337 212.7910 22524.2700
v 160.2825 212.4943 22524.2700
v 160.3664 212.5917 22524.2700
v 160.1101 212.2994 22524.2700
v 160.1957 212.3953 22524.2700
v 159.9343 212.1076 22524.2700
v 160.0216 212.2020 22524.2700
v 159.7552 211.9189 22524.2700
v 159.8441 212.0117 22524.2700
v 159.5728 211.7333 22524.2700
v 159.6634 211.8246 22524.2700
v 159.3873 211.5509 22524.2700
v 159.4794 211.6407 22524.2700
v 159.1986 211.3718 22524.2700
v 159.2922 211.4599 22524.2700
v 159.0067 211.1961 22524.2700
v 159.1019 211.2825 22524.2700
v 158.8119 211.0237 22524.2700
v 158.9086 211.1085 22524.2700
v 158.6140 210.8547 22524.2700
v 158.7122 210.9378 22524.2700
v 158.4133 210.6892 22524.2700
v 158.5129 210.7706 22524.2700
v 158.2097 210.5273 22524.2700
v 158.3107 210.6069 22524.2700
v 158.0033 210.3689 22524.2700
v 158.1056 210.4467 22524.2700
v 157.7941 210.2141 22524.2700
v 157.8978 210.2901 22524.2700
v 157.5823 210.0630 22524.2700
v 157.6873 210.1372 22524.2700
v 157.3679 209.9157 22524.2700
v 157.4742 209.9880 22524.2700
v 157.1509 209.7721 22524.2700
v 157.2585 209.8426 22524.2700
v 156.9315 209.6323 22524.2700
v 157.0403 209.7009 22524.2700
v 156.7097 209.4963 22524.2700
v 156.8196 209.5630 22524.2700
v 156.4855 209.3643 22524.2700
v 156.5966 209.4291 22524.2700
v 156.2591 209.2362 22524.2700
v 156.3713 209.2990 22524.2700
v 156.0304 209.1120 22524.2700
v 156.1437 209.1729 22524.2700
v 155.7997 208.9919 22524.2700
v 155.9140 209.0508 22524.2700
v 155.5668 208.8758 22524.2700
v 155.6821 208.9327 22524.2700
v 155.3320 208.7638 22524.2700
v 155.4483 208.8186 22524.2700
v 155.0952 208.6559 22524.2700
v 155.2125 208.7087 22524.2700
v 154.8566 208.5522 22524.2700
v 154.9748 208.6029 22524.2700
v 154.6163 208.4526 22524.2700
v 154.7353 208.5013 22524.2700
v 154.3742 208.3573 22524.2700
v 154.4940 208.4039 22524.2700
v 154.1305 208.2661 22524.2700
v 154.2511 208.3106 22524.2700
v 153.8853 208.1793 22524.2700
v 154.0067 208.2217 22524.2700
v 153.6385 208.0967 22524.2700
v 153.7607 208.1370 22524.2700
v 153.3904 208.0185 22524.2700
v 153.5132 208.0566 22524.2700
v 153.1409 207.9446 22524.2700
v 153.2644 207.9806 22524.2700
v 152.8902 207.8751 22524.2700
v 153.0143 207.9089 22524.2700
v 152.6384 207.8099 22524.2700
v 152.7630 207.8416 22524.2700
v 152.3854 207.7492 22524.2700
v 152.5105 207.7787 22524.2700
v 152.1314 207.6929 22524.2700
v 152.2570 207.7202 22524.2700
v 151.8764 207.6410 22524.2700
v 152.0025 207.6661 22524.2700
v 151.6206 207.5936 22524.2700
v 151.7471 207.6165 22524.2700
v 151.3640 207.5507 22524.2700
v 151.4909 207.5713 22524.2700
v 151.1067 207.5122 22524.2700
v 151.2339 207.5307 22524.2700
v 150.8487 207.4782 22524.2700
v 150.9763 207.4945 22524.2700
v 150.5902 207.4488 22524.2700
v 150.7180 207.4628 22524.2700
v 150.3313 207.4239 22524.2700
v 150.4593 207.4356 22524.2700
v 150.0719 207.4034 22524.2700
v 150.2001 207.4130 22524.2700
v 149.8122 207.3876 22524.2700
v 149.9406 207.3949 22524.2700
v 149.5523 207.3762 22524.2700
v 149.6808 207.3813 22524.2700
v 149.2922 207.3694 22524.2700
v 149.4207 207.3722 22524.2700
v 149.0320 207.3671 22524.2700
v 149.1606 207.3677 22524.2700
v 148.7719 207.3694 22524.2700
v 148.9004 207.3677 22524.2700
v 148.5118 207.3762 22524.2700
v 148.6403 207.3723 22524.2700
v 148.2518 207.3876 22524.2700
v 148.3803 207.3814 22524.2700
v 147.9922 207.4034 22524.2700
v 148.1205 207.3950 22524.2700
v 147.7328 207.4239 22524.2700
v 147.8609 207.4132 22524.2700
v 147.4738 207.4488 22524.2700
v 147.6017 207.4359 22524.2700
v 147.2153 207.4782 22524.2700
v 147.3430 207.4631 22524.2700
v 146.9574 207.5122 22524.2700
v 147.0848 207.4949 22524.2700
v 146.7001 207.5507 22524.2700
v 146.8271 207.5311 22524.2700
v 146.4435 207.5936 22524.2700
v 146.5702 207.5718 22524.2700
v 146.1876 207.6410 22524.2700
v 146.3140 207.6170 22524.2700
v 145.9327 207.6929 22524.2700
v 146.0586 207.6667 22524.2700
v 145.6787 207.7492 22524.2700
v 145.8041 207.7208 22524.2700
v 145.4257 207.8099 22524.2700
v 145.5506 207.7794 22524.2700
v 145.1738 207.8751 22524.2700
v 145.2982 207.8423 22524.2700
v 144.9231 207.9446 22524.2700
v 145.0468 207.9097 22524.2700
v 144.6736 208.0185 22524.2700
v 144.7968 207.9814 22524.2700
v 144.4255 208.0967 22524.2700
v 144.5480 208.0575 22524.2700
v 144.1788 208.1793 22524.2700
v 144.3005 208.1380 22524.2700
v 143.9335 208.2661 22524.2700
v 144.0546 208.2227 22524.2700
v 143.6898 208.3573 22524.2700
v 143.8101 208.3117 22524.2700
v 143.4478 208.4526 22524.2700
v 143.5672 208.4050 22524.2700
v 143.2074 208.5522 22524.2700
v 143.3260 208.5024 22524.2700
v 142.9688 208.6559 22524.2700
v 143.0865 208.6041 22524.2700
v 142.7321 208.7638 22524.2700
v 142.8488 208.7100 22524.2700
v 142.4972 208.8758 22524.2700
v 142.6130 208.8199 22524.2700
v 142.2644 208.9919 22524.2700
v 142.3792 208.9340 22524.2700
v 142.0336 209.1120 22524.2700
v 142.1474 209.0522 22524.2700
v 141.8050 209.2362 22524.2700
v 141.9177 209.1743 22524.2700
v 141.5785 209.3643 22524.2700
v 141.6902 209.3005 22524.2700
v 141.3544 209.4963 22524.2700
v 141.4649 209.4306 22524.2700
v 141.1325 209.6323 22524.2700
v 141.2419 209.5646 22524.2700
v 140.9131 209.7721 22524.2700
v 141.0212 209.7025 22524.2700
v 140.6961 209.9157 22524.2700
v 140.8030 209.8442 22524.2700
v 140.4817 210.0630 22524.2700
v 140.5874 209.9897 22524.2700
v 140.2699 210.2141 22524.2700
v 140.3743 210.1390 22524.2700
v 140.0608 210.3689 22524.2700
v 140.1638 210.2919 22524.2700
v 139.8544 210.5273 22524.2700
v 139.9560 210.4485 22524.2700
v 139.6507 210.6892 22524.2700
v 139.7510 210.6087 22524.2700
v 139.4500 210.8547 22524.2700
v 139.5488 210.7725 22524.2700
v 139.2522 211.0237 22524.2700
v 139.3496 210.9397 22524.2700
v 139.0573 211.1961 22524.2700
v 139.1532 211.1104 22524.2700
v 138.8655 211.3718 22524.2700
v 138.9599 211.2845 22524.2700
v 138.6768 211.5509 22524.2700
v 138.7696 211.4620 22524.2700
v 138.4912 211.7333 22524.2700
v 138.5825 211.6428 22524.2700
v 138.3088 211.9189 22524.2700
v 138.3985 211.8268 22524.2700
v 138.1297 212.1076 22524.2700
v 138.2178 212.0139 22524.2700
v 137.9540 212.2994 22524.2700
v 138.0404 212.2042 22524.2700
v 137.7816 212.4943 22524.2700
v 137.8663 212.3976 22524.2700
v 137.6126 212.6921 22524.2700
v 137.6957 212.5939 22524.2700
v 137.4471 212.8929 22524.2700
v 137.5285 212.7933 22524.2700
v 137.2852 213.0965 22524.2700
v 137.3647 212.9955 22524.2700
v 137.1268 213.3029 22524.2700
v 137.2046 213.2005 22524.2700
v 136.9720 213.5120 22524.2700
v 137.0480 213.4083 22524.2700
v 136.8209 213.7238 22524.2700
v 136.8951 213.6188 22524.2700
v 136.6736 213.9382 22524.2700
v 136.7459 213.8320 22524.2700
v 136.5300 214.1552 22524.2700
v 136.6005 214.0477 22524.2700
v 136.3902 214.3746 22524.2700
v 136.4588 214.2659 22524.2700
v 136.2542 214.5965 22524.2700
v 136.3209 214.4865 22524.2700
v 136.1222 214.8206 22524.2700
v 136.1870 214.7095 22524.2700
v 135.9941 215.0471 22524.2700
v 136.0569 214.9349 22524.2700
v 135.8699 215.2757 22524.2700
v 135.9308 215.1624 22524.2700
v 135.7498 215.5065 22524.2700
v 135.8087 215.3922 22524.2700
v 135.6337 215.7393 22524.2700
v 135.6906 215.6240 22524.2700
v 135.5217 215.9742 22524.2700
v 135.5765 215.8578 22524.2700
v 135.4138 216.2109 22524.2700
v 135.4666 216.0937 22524.2700
v 135.3101 216.4495 22524.2700
v 135.3608 216.3314 22524.2700
v 135.2105 216.6899 22524.2700
v 135.2592 216.5709 22524.2700
v 135.1151 216.9319 22524.2700
v 135.1617 216.8121 22524.2700
v 135.0240 217.1756 22524.2700
v 135.0685 217.0550 22524.2700
v 134.9372 217.4209 22524.2700
v 134.9796 217.2995 22524.2700
v 134.8546 217.6676 22524.2700
v 134.8949 217.5455 22524.2700
v 134.7764 217.9157 22524.2700
v 134.8145 217.7929 22524.2700
v 134.7025 218.1652 22524.2700
v 134.7385 218.0417 22524.2700
v 134.6330 218.4159 22524.2700
v 134.6668 218.2919 22524.2700
v 134.5678 218.6678 22524.2700
v 134.5995 218.5432 22524.2700
v 134.5071 218.9208 22524.2700
v 134.5366 218.7956 22524.2700
v 134.4508 219.1748 22524.2700
v 134.4781 219.0491 22524.2700
v 134.3989 219.4297 22524.2700
v 134.4240 219.3036 22524.2700
v 134.3515 219.6855 22524.2700
v 134.3744 219.5590 22524.2700
v 134.3086 219.9422 22524.2700
v 134.3292 219.8152 22524.2700
v 134.2701 220.1995 22524.2700
v 134.2885 220.0722 22524.2700
v 134.2361 220.4574 22524.2700
v 134.2524 220.3299 22524.2700
v 134.2067 220.7159 22524.2700
v 134.2207 220.5881 22524.2700
v 134.1818 220.9749 22524.2700
v 134.1935 220.8468 22524.2700
v 134.1613 221.2343 22524.2700
v 134.1709 221.1060 22524.2700
v 134.1455 221.4940 22524.2700
v 134.1527 221.3656 22524.2700
v 134.1341 221.7539 22524.2700
v 134.1392 221.6254 22524.2700
v 134.1273 222.0140 22524.2700
v 134.1301 221.8854 22524.2700
v 134.1256 222.1455 22524.2700
v 134.1250 222.2741 22513.2700
v 138.4452 222.3960 22513.2700
v 148.9670 222.4464 22513.2700
v 159.5269 222.3960 22513.2700
v 163.9390 222.2741 22513.2700
v 159.6189 222.1523 22513.2700
v 149.0971 222.1018 22513.2700
v 138.5372 222.1523 22513.2700
v 141.5785 893.0886 22501.9100
v 141.5797 893.2187 22501.9100
v 141.5788 893.1544 22501.9100
v 141.5831 893.3488 22501.9100
v 141.5811 893.2845 22501.9100
v 141.5887 893.4787 22501.9100
v 141.5856 893.4145 22501.9100
v 141.5967 893.6085 22501.9100
v 141.5925 893.5444 22501.9100
v 141.6069 893.7382 22501.9100
v 141.6016 893.6741 22501.9100
v 141.6194 893.8677 22501.9100
v 141.6129 893.8038 22501.9100
v 141.6341 893.9969 22501.9100
v 141.6265 893.9331 22501.9100
v 141.6511 894.1259 22501.9100
v 141.6424 894.0623 22501.9100
v 141.6703 894.2546 22501.9100
v 141.6605 894.1910 22501.9100
v 141.6918 894.3829 22501.9100
v 141.6809 894.3195 22501.9100
v 141.7155 894.5108 22501.9100
v 141.7035 894.4476 22501.9100
v 141.7414 894.6383 22501.9100
v 141.7283 894.5753 22501.9100
v 141.7696 894.7653 22501.9100
v 141.7554 894.7026 22501.9100
v 141.7999 894.8918 22501.9100
v 141.7846 894.8293 22501.9100
v 141.8325 895.0177 22501.9100
v 141.8161 894.9556 22501.9100
v 141.8673 895.1431 22501.9100
v 141.8498 895.0812 22501.9100
v 141.9042 895.2678 22501.9100
v 141.8857 895.2062 22501.9100
v 141.9433 895.3918 22501.9100
v 141.9237 895.3306 22501.9100
v 141.9846 895.5153 22501.9100
v 141.9639 895.4543 22501.9100
v 142.0280 895.6379 22501.9100
v 142.0063 895.5773 22501.9100
v 142.0736 895.7597 22501.9100
v 142.0508 895.6996 22501.9100
v 142.1213 895.8807 22501.9100
v 142.0974 895.8210 22501.9100
v 142.1710 896.0009 22501.9100
v 142.1462 895.9417 22501.9100
v 142.2229 896.1202 22501.9100
v 142.1970 896.0614 22501.9100
v 142.2769 896.2386 22501.9100
v 142.2499 896.1802 22501.9100
v 142.3329 896.3560 22501.9100
v 142.3049 896.2981 22501.9100
v 142.3909 896.4724 22501.9100
v 142.3620 896.4150 22501.9100
v 142.4510 896.5878 22501.9100
v 142.4210 896.5309 22501.9100
v 142.5130 896.7021 22501.9100
v 142.4821 896.6458 22501.9100
v 142.5771 896.8154 22501.9100
v 142.5452 896.7595 22501.9100
v 142.6431 896.9274 22501.9100
v 142.6102 896.8722 22501.9100
v 142.7111 897.0384 22501.9100
v 142.6773 896.9837 22501.9100
v 142.7810 897.1481 22501.9100
v 142.7462 897.0940 22501.9100
v 142.8528 897.2565 22501.9100
v 142.8171 897.2031 22501.9100
v 142.9265 897.3638 22501.9100
v 142.8898 897.3109 22501.9100
v 143.0020 897.4697 22501.9100
v 142.9644 897.4175 22501.9100
v 143.0794 897.5742 22501.9100
v 143.0409 897.5227 22501.9100
v 143.1586 897.6774 22501.9100
v 143.1192 897.6266 22501.9100
v 143.2396 897.7792 22501.9100
v 143.1993 897.7291 22501.9100
v 143.3223 897.8796 22501.9100
v 143.2812 897.8302 22501.9100
v 143.4068 897.9785 22501.9100
v 143.3648 897.9299 22501.9100
v 143.4930 898.0760 22501.9100
v 143.4502 898.0280 22501.9100
v 143.5809 898.1719 22501.9100
v 143.5372 898.1247 22501.9100
v 143.6704 898.2662 22501.9100
v 143.6260 898.2198 22501.9100
v 143.7616 898.3590 22501.9100
v 143.7163 898.3134 22501.9100
v 143.8544 898.4502 22501.9100
v 143.8083 898.4053 22501.9100
v 143.9487 898.5397 22501.9100
v 143.9019 898.4957 22501.9100
v 144.0447 898.6276 22501.9100
v 143.9971 898.5844 22501.9100
v 144.1421 898.7138 22501.9100
v 144.0938 898.6714 22501.9100
v 144.2410 898.7983 22501.9100
v 144.1919 898.7568 22501.9100
v 144.3414 898.8810 22501.9100
v 144.2916 898.8404 22501.9100
v 144.4432 898.9620 22501.9100
v 144.3927 898.9222 22501.9100
v 144.5464 899.0413 22501.9100
v 144.4952 899.0023 22501.9100
v 144.6510 899.1186 22501.9100
v 144.5991 899.0806 22501.9100
v 144.7569 899.1942 22501.9100
v 144.7044 899.1570 22501.9100
v 144.8641 899.2678 22501.9100
v 144.8109 899.2316 22501.9100
v 144.9725 899.3397 22501.9100
v 144.9188 899.3044 22501.9100
v 145.0823 899.4095 22501.9100
v 145.0279 899.3752 22501.9100
v 145.1932 899.4775 22501.9100
v 145.1382 899.4442 22501.9100
v 145.3053 899.5435 22501.9100
v 145.2497 899.5112 22501.9100
v 145.4185 899.6076 22501.9100
v 145.3624 899.5762 22501.9100
v 145.5328 899.6697 22501.9100
v 145.4762 899.6392 22501.9100
v 145.6482 899.7297 22501.9100
v 145.5910 899.7003 22501.9100
v 145.7646 899.7878 22501.9100
v 145.7070 899.7593 22501.9100
v 145.8820 899.8438 22501.9100
v 145.8239 899.8163 22501.9100
v 146.0004 899.8977 22501.9100
v 145.9418 899.8713 22501.9100
v 146.1197 899.9496 22501.9100
v 146.0606 899.9242 22501.9100
v 146.2399 899.9994 22501.9100
v 146.1804 899.9750 22501.9100
v 146.3609 900.0471 22501.9100
v 146.3010 900.0237 22501.9100
v 146.4828 900.0926 22501.9100
v 146.4225 900.0704 22501.9100
v 146.6054 900.1360 22501.9100
v 146.5447 900.1148 22501.9100
v 146.7288 900.1773 22501.9100
v 146.6677 900.1572 22501.9100
v 146.8528 900.2164 22501.9100
v 146.7914 900.1974 22501.9100
v 146.9776 900.2534 22501.9100
v 146.9158 900.2354 22501.9100
v 147.1029 900.2881 22501.9100
v 147.0409 900.2712 22501.9100
v 147.2289 900.3207 22501.9100
v 147.1665 900.3049 22501.9100
v 147.3553 900.3511 22501.9100
v 147.2928 900.3364 22501.9100
v 147.4823 900.3792 22501.9100
v 147.4195 900.3656 22501.9100
v 147.6098 900.4052 22501.9100
v 147.5468 900.3926 22501.9100
v 147.7377 900.4289 22501.9100
v 147.6745 900.4174 22501.9100
v 147.8660 900.4503 22501.9100
v 147.8026 900.4400 22501.9100
v 147.9947 900.4695 22501.9100
v 147.9311 900.4603 22501.9100
v 148.1237 900.4866 22501.9100
v 148.0599 900.4785 22501.9100
v 148.2529 900.5013 22501.9100
v 148.1890 900.4943 22501.9100
v 148.3824 900.5137 22501.9100
v 148.3184 900.5079 22501.9100
v 148.5121 900.5239 22501.9100
v 148.4480 900.5192 22501.9100
v 148.6419 900.5319 22501.9100
v 148.5777 900.5283 22501.9100
v 148.7719 900.5375 22501.9100
v 148.7077 900.5350 22501.9100
v 148.9019 900.5410 22501.9100
v 148.8377 900.5396 22501.9100
v 149.0320 900.5421 22501.9100
v 148.9677 900.5418 22501.9100
v 149.1621 900.5410 22501.9100
v 149.0978 900.5418 22501.9100
v 149.2921 900.5375 22501.9100
v 149.2279 900.5396 22501.9100
v 149.4221 900.5319 22501.9100
v 149.3579 900.5350 22501.9100
v 149.5519 900.5239 22501.9100
v 149.4878 900.5281 22501.9100
v 149.6816 900.5137 22501.9100
v 149.6176 900.5190 22501.9100
v 149.8111 900.5013 22501.9100
v 149.7471 900.5077 22501.9100
v 149.9404 900.4866 22501.9100
v 149.8765 900.4941 22501.9100
v 150.0694 900.4695 22501.9100
v 150.0056 900.4783 22501.9100
v 150.1980 900.4503 22501.9100
v 150.1345 900.4601 22501.9100
v 150.3263 900.4289 22501.9100
v 150.2629 900.4398 22501.9100
v 150.4542 900.4052 22501.9100
v 150.3911 900.4172 22501.9100
v 150.5817 900.3792 22501.9100
v 150.5187 900.3923 22501.9100
v 150.7087 900.3511 22501.9100
v 150.6460 900.3653 22501.9100
v 150.8352 900.3207 22501.9100
v 150.7727 900.3360 22501.9100
v 150.9611 900.2881 22501.9100
v 150.8990 900.3045 22501.9100
v 151.0865 900.2534 22501.9100
v 151.0246 900.2708 22501.9100
v 151.2112 900.2164 22501.9100
v 151.1496 900.2350 22501.9100
v 151.3353 900.1773 22501.9100
v 151.2740 900.1969 22501.9100
v 151.4586 900.1360 22501.9100
v 151.3978 900.1567 22501.9100
v 151.5813 900.0926 22501.9100
v 151.5208 900.1143 22501.9100
v 151.7031 900.0471 22501.9100
v 151.6430 900.0698 22501.9100
v 151.8241 899.9994 22501.9100
v 151.7644 900.0232 22501.9100
v 151.9443 899.9496 22501.9100
v 151.8850 899.9744 22501.9100
v 152.0636 899.8977 22501.9100
v 152.0048 899.9236 22501.9100
v 152.1820 899.8438 22501.9100
v 152.1236 899.8707 22501.9100
v 152.2994 899.7878 22501.9100
v 152.2415 899.8157 22501.9100
v 152.4158 899.7297 22501.9100
v 152.3584 899.7587 22501.9100
v 152.5312 899.6697 22501.9100
v 152.4743 899.6996 22501.9100
v 152.6455 899.6076 22501.9100
v 152.5892 899.6385 22501.9100
v 152.7588 899.5435 22501.9100
v 152.7029 899.5754 22501.9100
v 152.8708 899.4775 22501.9100
v 152.8156 899.5104 22501.9100
v 152.9818 899.4095 22501.9100
v 152.9271 899.4434 22501.9100
v 153.0915 899.3397 22501.9100
v 153.0374 899.3745 22501.9100
v 153.2000 899.2678 22501.9100
v 153.1465 899.3036 22501.9100
v 153.3072 899.1942 22501.9100
v 153.2543 899.2308 22501.9100
v 153.4131 899.1186 22501.9100
v 153.3609 899.1562 22501.9100
v 153.5176 899.0413 22501.9100
v 153.4661 899.0797 22501.9100
v 153.6208 898.9620 22501.9100
v 153.5700 899.0014 22501.9100
v 153.7227 898.8810 22501.9100
v 153.6725 898.9213 22501.9100
v 153.8230 898.7983 22501.9100
v 153.7736 898.8394 22501.9100
v 153.9220 898.7138 22501.9100
v 153.8732 898.7558 22501.9100
v 154.0194 898.6276 22501.9100
v 153.9714 898.6705 22501.9100
v 154.1153 898.5397 22501.9100
v 154.0681 898.5834 22501.9100
v 154.2097 898.4502 22501.9100
v 154.1632 898.4947 22501.9100
v 154.3024 898.3590 22501.9100
v 154.2568 898.4043 22501.9100
v 154.3936 898.2662 22501.9100
v 154.3488 898.3123 22501.9100
v 154.4832 898.1719 22501.9100
v 154.4391 898.2187 22501.9100
v 154.5710 898.0760 22501.9100
v 154.5278 898.1235 22501.9100
v 154.6572 897.9785 22501.9100
v 154.6149 898.0269 22501.9100
v 154.7417 897.8796 22501.9100
v 154.7002 897.9287 22501.9100
v 154.8245 897.7792 22501.9100
v 154.7838 897.8290 22501.9100
v 154.9055 897.6774 22501.9100
v 154.8656 897.7279 22501.9100
v 154.9846 897.5742 22501.9100
v 154.9457 897.6254 22501.9100
v 155.0620 897.4697 22501.9100
v 155.0240 897.5215 22501.9100
v 155.1376 897.3638 22501.9100
v 155.1005 897.4163 22501.9100
v 155.2112 897.2565 22501.9100
v 155.1751 897.3097 22501.9100
v 155.2831 897.1481 22501.9100
v 155.2478 897.2018 22501.9100
v 155.3529 897.0384 22501.9100
v 155.3186 897.0927 22501.9100
v 155.4209 896.9274 22501.9100
v 155.3876 896.9824 22501.9100
v 155.4869 896.8154 22501.9100
v 155.4545 896.8709 22501.9100
v 155.5510 896.7021 22501.9100
v 155.5196 896.7582 22501.9100
v 155.6131 896.5878 22501.9100
v 155.5826 896.6445 22501.9100
v 155.6731 896.4724 22501.9100
v 155.6437 896.5296 22501.9100
v 155.7312 896.3560 22501.9100
v 155.7027 896.4137 22501.9100
v 155.7872 896.2386 22501.9100
v 155.7598 896.2968 22501.9100
v 155.8411 896.1202 22501.9100
v 155.8147 896.1788 22501.9100
v 155.8930 896.0009 22501.9100
v 155.8676 896.0600 22501.9100
v 155.9428 895.8807 22501.9100
v 155.9184 895.9402 22501.9100
v 155.9904 895.7597 22501.9100
v 155.9672 895.8196 22501.9100
v 156.0360 895.6379 22501.9100
v 156.0138 895.6982 22501.9100
v 156.0794 895.5153 22501.9100
v 156.0582 895.5759 22501.9100
v 156.1207 895.3918 22501.9100
v 156.1006 895.4529 22501.9100
v 156.1598 895.2678 22501.9100
v 156.1408 895.3292 22501.9100
v 156.1968 895.1431 22501.9100
v 156.1788 895.2048 22501.9100
v 156.2315 895.0177 22501.9100
v 156.2146 895.0798 22501.9100
v 156.2641 894.8918 22501.9100
v 156.2483 894.9541 22501.9100
v 156.2945 894.7653 22501.9100
v 156.2798 894.8279 22501.9100
v 156.3226 894.6383 22501.9100
v 156.3090 894.7011 22501.9100
v 156.3486 894.5108 22501.9100
v 156.3360 894.5739 22501.9100
v 156.3723 894.3829 22501.9100
v 156.3608 894.4462 22501.9100
v 156.3938 894.2546 22501.9100
v 156.3834 894.3181 22501.9100
v 156.4130 894.1259 22501.9100
v 156.4037 894.1896 22501.9100
v 156.4300 893.9969 22501.9100
v 156.4218 894.0607 22501.9100
v 156.4447 893.8677 22501.9100
v 156.4377 893.9316 22501.9100
v 156.4572 893.7382 22501.9100
v 156.4513 893.8022 22501.9100
v 156.4674 893.6085 22501.9100
v 156.4626 893.6727 22501.9100
v 156.4753 893.4787 22501.9100
v 156.4717 893.5429 22501.9100
v 156.4810 893.3488 22501.9100
v 156.4785 893.4130 22501.9100
v 156.4844 893.2187 22501.9100
v 156.4830 893.2830 22501.9100
v 156.4855 893.0886 22501.9100
v 156.4852 893.1529 22501.9100
v 156.4844 892.9586 22501.9100
v 156.4852 893.0228 22501.9100
v 156.4810 892.8285 22501.9100
v 156.4829 892.8928 22501.9100
v 156.4753 892.6985 22501.9100
v 156.4784 892.7628 22501.9100
v 156.4674 892.5687 22501.9100
v 156.4716 892.6328 22501.9100
v 156.4572 892.4390 22501.9100
v 156.4625 892.5031 22501.9100
v 156.4447 892.3095 22501.9100
v 156.4511 892.3735 22501.9100
v 156.4300 892.1802 22501.9100
v 156.4375 892.2441 22501.9100
v 156.4130 892.0513 22501.9100
v 156.4216 892.1150 22501.9100
v 156.3938 891.9226 22501.9100
v 156.4035 891.9861 22501.9100
v 156.3723 891.7943 22501.9100
v 156.3832 891.8577 22501.9100
v 156.3486 891.6664 22501.9100
v 156.3606 891.7296 22501.9100
v 156.3226 891.5389 22501.9100
v 156.3357 891.6019 22501.9100
v 156.2945 891.4119 22501.9100
v 156.3087 891.4747 22501.9100
v 156.2641 891.2855 22501.9100
v 156.2794 891.3479 22501.9100
v 156.2315 891.1595 22501.9100
v 156.2479 891.2217 22501.9100
v 156.1968 891.0342 22501.9100
v 156.2142 891.0960 22501.9100
v 156.1598 890.9094 22501.9100
v 156.1784 890.9710 22501.9100
v 156.1207 890.7853 22501.9100
v 156.1403 890.8466 22501.9100
v 156.0794 890.6620 22501.9100
v 156.1001 890.7229 22501.9100
v 156.0360 890.5394 22501.9100
v 156.0577 890.5999 22501.9100
v 155.9904 890.4175 22501.9100
v 156.0132 890.4777 22501.9100
v 155.9428 890.2965 22501.9100
v 155.9666 890.3562 22501.9100
v 155.8930 890.1763 22501.9100
v 155.9179 890.2356 22501.9100
v 155.8411 890.0570 22501.9100
v 155.8670 890.1158 22501.9100
v 155.7872 889.9386 22501.9100
v 155.8141 889.9970 22501.9100
v 155.7312 889.8212 22501.9100
v 155.7591 889.8792 22501.9100
v 155.6731 889.7048 22501.9100
v 155.7021 889.7622 22501.9100
v 155.6131 889.5894 22501.9100
v 155.6430 889.6463 22501.9100
v 155.5510 889.4751 22501.9100
v 155.5819 889.5314 22501.9100
v 155.4869 889.3619 22501.9100
v 155.5188 889.4177 22501.9100
v 155.4209 889.2498 22501.9100
v 155.4538 889.3051 22501.9100
v 155.3529 889.1389 22501.9100
v 155.3868 889.1935 22501.9100
v 155.2831 889.0292 22501.9100
v 155.3178 889.0832 22501.9100
v 155.2112 888.9207 22501.9100
v 155.2470 888.9741 22501.9100
v 155.1376 888.8135 22501.9100
v 155.1742 888.8663 22501.9100
v 155.0620 888.7076 22501.9100
v 155.0996 888.7597 22501.9100
v 154.9846 888.6030 22501.9100
v 155.0231 888.6545 22501.9100
v 154.9055 888.4998 22501.9100
v 154.9448 888.5506 22501.9100
v 154.8245 888.3979 22501.9100
v 154.8647 888.4481 22501.9100
v 154.7417 888.2976 22501.9100
v 154.7828 888.3470 22501.9100
v 154.6572 888.1987 22501.9100
v 154.6992 888.2474 22501.9100
v 154.5710 888.1013 22501.9100
v 154.6139 888.1492 22501.9100
v 154.4832 888.0054 22501.9100
v 154.5268 888.0526 22501.9100
v 154.3936 887.9109 22501.9100
v 154.4381 887.9574 22501.9100
v 154.3024 887.8182 22501.9100
v 154.3477 887.8638 22501.9100
v 154.2097 887.7270 22501.9100
v 154.2557 887.7719 22501.9100
v 154.1153 887.6375 22501.9100
v 154.1621 887.6815 22501.9100
v 154.0194 887.5496 22501.9100
v 154.0670 887.5928 22501.9100
v 153.9220 887.4634 22501.9100
v 153.9703 887.5058 22501.9100
v 153.8230 887.3789 22501.9100
v 153.8721 887.4205 22501.9100
v 153.7227 887.2961 22501.9100
v 153.7724 887.3369 22501.9100
v 153.6208 887.2151 22501.9100
v 153.6713 887.2550 22501.9100
v 153.5176 887.1360 22501.9100
v 153.5688 887.1749 22501.9100
v 153.4131 887.0586 22501.9100
v 153.4649 887.0966 22501.9100
v 153.3072 886.9831 22501.9100
v 153.3597 887.0201 22501.9100
v 153.2000 886.9094 22501.9100
v 153.2531 886.9456 22501.9100
v 153.0915 886.8376 22501.9100
v 153.1452 886.8729 22501.9100
v 152.9818 886.7677 22501.9100
v 153.0361 886.8020 22501.9100
v 152.8708 886.6997 22501.9100
v 152.9258 886.7331 22501.9100
v 152.7588 886.6337 22501.9100
v 152.8143 886.6661 22501.9100
v 152.6455 886.5696 22501.9100
v 152.7016 886.6011 22501.9100
v 152.5312 886.5076 22501.9100
v 152.5879 886.5380 22501.9100
v 152.4158 886.4475 22501.9100
v 152.4730 886.4769 22501.9100
v 152.2994 886.3895 22501.9100
v 152.3571 886.4179 22501.9100
v 152.1820 886.3334 22501.9100
v 152.2402 886.3609 22501.9100
v 152.0636 886.2795 22501.9100
v 152.1223 886.3059 22501.9100
v 151.9443 886.2277 22501.9100
v 152.0034 886.2530 22501.9100
v 151.8241 886.1779 22501.9100
v 151.8837 886.2022 22501.9100
v 151.7031 886.1302 22501.9100
v 151.7630 886.1535 22501.9100
v 151.5813 886.0846 22501.9100
v 151.6416 886.1069 22501.9100
v 151.4586 886.0412 22501.9100
v 151.5193 886.0624 22501.9100
v 151.3353 885.9999 22501.9100
v 151.3963 886.0200 22501.9100
v 151.2112 885.9608 22501.9100
v 151.2726 885.9799 22501.9100
v 151.0865 885.9238 22501.9100
v 151.1482 885.9418 22501.9100
v 150.9611 885.8891 22501.9100
v 151.0231 885.9060 22501.9100
v 150.8352 885.8565 22501.9100
v 150.8975 885.8723 22501.9100
v 150.7087 885.8262 22501.9100
v 150.7713 885.8409 22501.9100
v 150.5817 885.7980 22501.9100
v 150.6445 885.8116 22501.9100
v 150.4542 885.7720 22501.9100
v 150.5173 885.7846 22501.9100
v 150.3263 885.7484 22501.9100
v 150.3896 885.7598 22501.9100
v 150.1980 885.7269 22501.9100
v 150.2615 885.7372 22501.9100
v 150.0694 885.7076 22501.9100
v 150.1330 885.7169 22501.9100
v 149.9404 885.6907 22501.9100
v 150.0042 885.6988 22501.9100
v 149.8111 885.6760 22501.9100
v 149.8750 885.6829 22501.9100
v 149.6816 885.6635 22501.9100
v 149.7457 885.6694 22501.9100
v 149.5519 885.6533 22501.9100
v 149.6161 885.6580 22501.9100
v 149.4221 885.6453 22501.9100
v 149.4863 885.6490 22501.9100
v 149.2921 885.6396 22501.9100
v 149.3564 885.6422 22501.9100
v 149.1621 885.6362 22501.9100
v 149.2264 885.6376 22501.9100
v 149.0320 885.6351 22501.9100
v 149.0963 885.6354 22501.9100
v 148.9019 885.6362 22501.9100
v 148.9662 885.6354 22501.9100
v 148.7719 885.6396 22501.9100
v 148.8362 885.6377 22501.9100
v 148.6419 885.6453 22501.9100
v 148.7061 885.6423 22501.9100
v 148.5121 885.6533 22501.9100
v 148.5762 885.6490 22501.9100
v 148.3824 885.6635 22501.9100
v 148.4465 885.6581 22501.9100
v 148.2529 885.6760 22501.9100
v 148.3169 885.6695 22501.9100
v 148.1237 885.6907 22501.9100
v 148.1875 885.6831 22501.9100
v 147.9947 885.7076 22501.9100
v 148.0584 885.6990 22501.9100
v 147.8660 885.7269 22501.9100
v 147.9296 885.7171 22501.9100
v 147.7377 885.7484 22501.9100
v 147.8011 885.7375 22501.9100
v 147.6098 885.7720 22501.9100
v 147.6730 885.7601 22501.9100
v 147.4823 885.7980 22501.9100
v 147.5453 885.7849 22501.9100
v 147.3553 885.8262 22501.9100
v 147.4181 885.8120 22501.9100
v 147.2289 885.8565 22501.9100
v 147.2913 885.8412 22501.9100
v 147.1029 885.8891 22501.9100
v 147.1651 885.8727 22501.9100
v 146.9776 885.9238 22501.9100
v 147.0394 885.9064 22501.9100
v 146.8528 885.9608 22501.9100
v 146.9144 885.9423 22501.9100
v 146.7288 885.9999 22501.9100
v 146.7900 885.9803 22501.9100
v 146.6054 886.0412 22501.9100
v 146.6663 886.0205 22501.9100
v 146.4828 886.0846 22501.9100
v 146.5433 886.0629 22501.9100
v 146.3609 886.1302 22501.9100
v 146.4211 886.1074 22501.9100
v 146.2399 886.1779 22501.9100
v 146.2996 886.1541 22501.9100
v 146.1197 886.2277 22501.9100
v 146.1790 886.2028 22501.9100
v 146.0004 886.2795 22501.9100
v 146.0592 886.2536 22501.9100
v 145.8820 886.3334 22501.9100
v 145.9404 886.3065 22501.9100
v 145.7646 886.3895 22501.9100
v 145.8225 886.3615 22501.9100
v 145.6482 886.4475 22501.9100
v 145.7056 886.4186 22501.9100
v 145.5328 886.5076 22501.9100
v 145.5897 886.4776 22501.9100
v 145.4185 886.5696 22501.9100
v 145.4749 886.5387 22501.9100
v 145.3053 886.6337 22501.9100
v 145.3611 886.6018 22501.9100
v 145.1932 886.6997 22501.9100
v 145.2484 886.6669 22501.9100
v 145.0823 886.7677 22501.9100
v 145.1369 886.7338 22501.9100
v 144.9725 886.8376 22501.9100
v 145.0266 886.8028 22501.9100
v 144.8641 886.9094 22501.9100
v 144.9175 886.8737 22501.9100
v 144.7569 886.9831 22501.9100
v 144.8097 886.9464 22501.9100
v 144.6510 887.0586 22501.9100
v 144.7031 887.0211 22501.9100
v 144.5464 887.1360 22501.9100
v 144.5979 887.0975 22501.9100
v 144.4432 887.2151 22501.9100
v 144.4940 887.1758 22501.9100
v 144.3414 887.2961 22501.9100
v 144.3915 887.2559 22501.9100
v 144.2410 887.3789 22501.9100
v 144.2904 887.3378 22501.9100
v 144.1421 887.4634 22501.9100
v 144.1908 887.4214 22501.9100
v 144.0447 887.5496 22501.9100
v 144.0926 887.5068 22501.9100
v 143.9487 887.6375 22501.9100
v 143.9960 887.5938 22501.9100
v 143.8544 887.7270 22501.9100
v 143.9008 887.6826 22501.9100
v 143.7616 887.8182 22501.9100
v 143.8073 887.7729 22501.9100
v 143.6704 887.9109 22501.9100
v 143.7153 887.8649 22501.9100
v 143.5809 888.0054 22501.9100
v 143.6249 887.9585 22501.9100
v 143.4930 888.1013 22501.9100
v 143.5362 888.0536 22501.9100
v 143.4068 888.1987 22501.9100
v 143.4492 888.1503 22501.9100
v 143.3223 888.2976 22501.9100
v 143.3638 888.2485 22501.9100
v 143.2396 888.3979 22501.9100
v 143.2802 888.3482 22501.9100
v 143.1586 888.4998 22501.9100
v 143.1984 888.4493 22501.9100
v 143.0794 888.6030 22501.9100
v 143.1183 888.5518 22501.9100
v 143.0020 888.7076 22501.9100
v 143.0400 888.6557 22501.9100
v 142.9265 888.8135 22501.9100
v 142.9636 888.7610 22501.9100
v 142.8528 888.9207 22501.9100
v 142.8890 888.8676 22501.9100
v 142.7810 889.0292 22501.9100
v 142.8162 888.9754 22501.9100
v 142.7111 889.1389 22501.9100
v 142.7454 889.0845 22501.9100
v 142.6431 889.2498 22501.9100
v 142.6765 889.1948 22501.9100
v 142.5771 889.3619 22501.9100
v 142.6095 889.3063 22501.9100
v 142.5130 889.4751 22501.9100
v 142.5445 889.4190 22501.9100
v 142.4510 889.5894 22501.9100
v 142.4814 889.5328 22501.9100
v 142.3909 889.7048 22501.9100
v 142.4203 889.6476 22501.9100
v 142.3329 889.8212 22501.9100
v 142.3613 889.7635 22501.9100
v 142.2769 889.9386 22501.9100
v 142.3043 889.8805 22501.9100
v 142.2229 890.0570 22501.9100
v 142.2493 889.9984 22501.9100
v 142.1710 890.1763 22501.9100
v 142.1964 890.1172 22501.9100
v 142.1213 890.2965 22501.9100
v 142.1456 890.2370 22501.9100
v 142.0736 890.4175 22501.9100
v 142.0969 890.3576 22501.9100
v 142.0280 890.5394 22501.9100
v 142.0503 890.4791 22501.9100
v 141.9846 890.6620 22501.9100
v 142.0058 890.6013 22501.9100
v 141.9433 890.7853 22501.9100
v 141.9635 890.7243 22501.9100
v 141.9042 890.9094 22501.9100
v 141.9233 890.8480 22501.9100
v 141.8673 891.0342 22501.9100
v 141.8853 890.9724 22501.9100
v 141.8325 891.1595 22501.9100
v 141.8494 891.0975 22501.9100
v 141.7999 891.2855 22501.9100
v 141.8158 891.2231 22501.9100
v 141.7696 891.4119 22501.9100
v 141.7843 891.3494 22501.9100
v 141.7414 891.5389 22501.9100
v 141.7550 891.4761 22501.9100
v 141.7155 891.6664 22501.9100
v 141.7280 891.6033 22501.9100
v 141.6918 891.7943 22501.9100
v 141.7032 891.7311 22501.9100
v 141.6703 891.9226 22501.9100
v 141.6806 891.8592 22501.9100
v 141.6511 892.0513 22501.9100
v 141.6603 891.9877 22501.9100
v 141.6341 892.1802 22501.9100
v 141.6422 892.1165 22501.9100
v 141.6194 892.3095 22501.9100
v 141.6264 892.2456 22501.9100
v 141.6069 892.4390 22501.9100
v 141.6128 892.3750 22501.9100
v 141.5967 892.5687 22501.9100
v 141.6014 892.5046 22501.9100
v 141.5887 892.6985 22501.9100
v 141.5924 892.6343 22501.9100
v 141.5831 892.8285 22501.9100
v 141.5856 892.7642 22501.9100
v 141.5797 892.9586 22501.9100
v 141.5811 892.8942 22501.9100
v 141.5788 893.0243 22501.9100
v 141.5785 893.0886 22390.1500
v 141.5797 892.9586 22390.1500
v 141.5794 893.0228 22390.1500
v 141.5831 892.8285 22390.1500
v 141.5817 892.8928 22390.1500
v 141.5887 892.6985 22390.1500
v 141.5862 892.7628 22390.1500
v 141.5967 892.5687 22390.1500
v 141.5930 892.6329 22390.1500
v 141.6069 892.4390 22390.1500
v 141.6021 892.5031 22390.1500
v 141.6194 892.3095 22390.1500
v 141.6135 892.3735 22390.1500
v 141.6341 892.1802 22390.1500
v 141.6271 892.2441 22390.1500
v 141.6511 892.0513 22390.1500
v 141.6429 892.1151 22390.1500
v 141.6703 891.9226 22390.1500
v 141.6611 891.9863 22390.1500
v 141.6918 891.7943 22390.1500
v 141.6814 891.8578 22390.1500
v 141.7155 891.6664 22390.1500
v 141.7040 891.7297 22390.1500
v 141.7414 891.5389 22390.1500
v 141.7289 891.6020 22390.1500
v 141.7696 891.4119 22390.1500
v 141.7559 891.4748 22390.1500
v 141.7999 891.2855 22390.1500
v 141.7852 891.3480 22390.1500
v 141.8325 891.1595 22390.1500
v 141.8167 891.2218 22390.1500
v 141.8673 891.0342 22390.1500
v 141.8504 891.0962 22390.1500
v 141.9042 890.9094 22390.1500
v 141.8862 890.9711 22390.1500
v 141.9433 890.7853 22390.1500
v 141.9243 890.8467 22390.1500
v 141.9846 890.6620 22390.1500
v 141.9645 890.7230 22390.1500
v 142.0280 890.5394 22390.1500
v 142.0068 890.6000 22390.1500
v 142.0736 890.4175 22390.1500
v 142.0513 890.4778 22390.1500
v 142.1213 890.2965 22390.1500
v 142.0980 890.3564 22390.1500
v 142.1710 890.1763 22390.1500
v 142.1467 890.2358 22390.1500
v 142.2229 890.0570 22390.1500
v 142.1975 890.1161 22390.1500
v 142.2769 889.9386 22390.1500
v 142.2505 889.9973 22390.1500
v 142.3329 889.8212 22390.1500
v 142.3054 889.8794 22390.1500
v 142.3909 889.7048 22390.1500
v 142.3625 889.7625 22390.1500
v 142.4510 889.5894 22390.1500
v 142.4215 889.6465 22390.1500
v 142.5130 889.4751 22390.1500
v 142.4826 889.5317 22390.1500
v 142.5771 889.3619 22390.1500
v 142.5457 889.4180 22390.1500
v 142.6431 889.2498 22390.1500
v 142.6107 889.3053 22390.1500
v 142.7111 889.1389 22390.1500
v 142.6777 889.1938 22390.1500
v 142.7810 889.0292 22390.1500
v 142.7467 889.0835 22390.1500
v 142.8528 888.9207 22390.1500
v 142.8176 888.9744 22390.1500
v 142.9265 888.8135 22390.1500
v 142.8903 888.8666 22390.1500
v 143.0020 888.7076 22390.1500
v 142.9649 888.7601 22390.1500
v 143.0794 888.6030 22390.1500
v 143.0414 888.6548 22390.1500
v 143.1586 888.4998 22390.1500
v 143.1197 888.5510 22390.1500
v 143.2396 888.3979 22390.1500
v 143.1998 888.4485 22390.1500
v 143.3223 888.2976 22390.1500
v 143.2816 888.3474 22390.1500
v 143.4068 888.1987 22390.1500
v 143.3652 888.2477 22390.1500
v 143.4930 888.1013 22390.1500
v 143.4506 888.1496 22390.1500
v 143.5809 888.0054 22390.1500
v 143.5377 888.0529 22390.1500
v 143.6704 887.9109 22390.1500
v 143.6264 887.9578 22390.1500
v 143.7616 887.8182 22390.1500
v 143.7167 887.8643 22390.1500
v 143.8544 887.7270 22390.1500
v 143.8087 887.7723 22390.1500
v 143.9487 887.6375 22390.1500
v 143.9023 887.6819 22390.1500
v 144.0447 887.5496 22390.1500
v 143.9975 887.5932 22390.1500
v 144.1421 887.4634 22390.1500
v 144.0941 887.5062 22390.1500
v 144.2410 887.3789 22390.1500
v 144.1923 887.4209 22390.1500
v 144.3414 887.2961 22390.1500
v 144.2920 887.3373 22390.1500
v 144.4432 887.2151 22390.1500
v 144.3931 887.2554 22390.1500
v 144.5464 887.1360 22390.1500
v 144.4956 887.1754 22390.1500
v 144.6510 887.0586 22390.1500
v 144.5995 887.0971 22390.1500
v 144.7569 886.9831 22390.1500
v 144.7047 887.0206 22390.1500
v 144.8641 886.9094 22390.1500
v 144.8112 886.9460 22390.1500
v 144.9725 886.8376 22390.1500
v 144.9191 886.8733 22390.1500
v 145.0823 886.7677 22390.1500
v 145.0282 886.8025 22390.1500
v 145.1932 886.6997 22390.1500
v 145.1385 886.7336 22390.1500
v 145.3053 886.6337 22390.1500
v 145.2500 886.6666 22390.1500
v 145.4185 886.5696 22390.1500
v 145.3627 886.6016 22390.1500
v 145.5328 886.5076 22390.1500
v 145.4765 886.5385 22390.1500
v 145.6482 886.4475 22390.1500
v 145.5913 886.4774 22390.1500
v 145.7646 886.3895 22390.1500
v 145.7072 886.4184 22390.1500
v 145.8820 886.3334 22390.1500
v 145.8241 886.3614 22390.1500
v 146.0004 886.2795 22390.1500
v 145.9420 886.3064 22390.1500
v 146.1197 886.2277 22390.1500
v 146.0609 886.2535 22390.1500
v 146.2399 886.1779 22390.1500
v 146.1806 886.2027 22390.1500
v 146.3609 886.1302 22390.1500
v 146.3012 886.1540 22390.1500
v 146.4828 886.0846 22390.1500
v 146.4227 886.1074 22390.1500
v 146.6054 886.0412 22390.1500
v 146.5449 886.0629 22390.1500
v 146.7288 885.9999 22390.1500
v 146.6679 886.0206 22390.1500
v 146.8528 885.9608 22390.1500
v 146.7916 885.9804 22390.1500
v 146.9776 885.9238 22390.1500
v 146.9160 885.9424 22390.1500
v 147.1029 885.8891 22390.1500
v 147.0410 885.9066 22390.1500
v 147.2289 885.8565 22390.1500
v 147.1667 885.8729 22390.1500
v 147.3553 885.8262 22390.1500
v 147.2929 885.8414 22390.1500
v 147.4823 885.7980 22390.1500
v 147.4196 885.8122 22390.1500
v 147.6098 885.7720 22390.1500
v 147.5469 885.7852 22390.1500
v 147.7377 885.7484 22390.1500
v 147.6746 885.7604 22390.1500
v 147.8660 885.7269 22390.1500
v 147.8027 885.7378 22390.1500
v 147.9947 885.7076 22390.1500
v 147.9312 885.7175 22390.1500
v 148.1237 885.6907 22390.1500
v 148.0600 885.6993 22390.1500
v 148.2529 885.6760 22390.1500
v 148.1891 885.6835 22390.1500
v 148.3824 885.6635 22390.1500
v 148.3184 885.6699 22390.1500
v 148.5121 885.6533 22390.1500
v 148.4480 885.6586 22390.1500
v 148.6419 885.6453 22390.1500
v 148.5778 885.6495 22390.1500
v 148.7719 885.6396 22390.1500
v 148.7077 885.6428 22390.1500
v 148.9019 885.6362 22390.1500
v 148.8377 885.6382 22390.1500
v 149.0320 885.6351 22390.1500
v 148.9677 885.6360 22390.1500
v 149.1621 885.6362 22390.1500
v 149.0978 885.6360 22390.1500
v 149.2921 885.6396 22390.1500
v 149.2279 885.6382 22390.1500
v 149.4221 885.6453 22390.1500
v 149.3579 885.6428 22390.1500
v 149.5519 885.6533 22390.1500
v 149.4878 885.6497 22390.1500
v 149.6816 885.6635 22390.1500
v 149.6175 885.6587 22390.1500
v 149.8111 885.6760 22390.1500
v 149.7471 885.6700 22390.1500
v 149.9404 885.6907 22390.1500
v 149.8765 885.6837 22390.1500
v 150.0694 885.7076 22390.1500
v 150.0056 885.6995 22390.1500
v 150.1980 885.7269 22390.1500
v 150.1344 885.7177 22390.1500
v 150.3263 885.7484 22390.1500
v 150.2628 885.7380 22390.1500
v 150.4542 885.7720 22390.1500
v 150.3909 885.7606 22390.1500
v 150.5817 885.7980 22390.1500
v 150.5186 885.7855 22390.1500
v 150.7087 885.8262 22390.1500
v 150.6459 885.8125 22390.1500
v 150.8352 885.8565 22390.1500
v 150.7726 885.8418 22390.1500
v 150.9611 885.8891 22390.1500
v 150.8988 885.8733 22390.1500
v 151.0865 885.9238 22390.1500
v 151.0244 885.9069 22390.1500
v 151.2112 885.9608 22390.1500
v 151.1495 885.9428 22390.1500
v 151.3353 885.9999 22390.1500
v 151.2739 885.9808 22390.1500
v 151.4586 886.0412 22390.1500
v 151.3976 886.0211 22390.1500
v 151.5813 886.0846 22390.1500
v 151.5206 886.0634 22390.1500
v 151.7031 886.1302 22390.1500
v 151.6428 886.1079 22390.1500
v 151.8241 886.1779 22390.1500
v 151.7642 886.1545 22390.1500
v 151.9443 886.2277 22390.1500
v 151.8848 886.2033 22390.1500
v 152.0636 886.2795 22390.1500
v 152.0046 886.2542 22390.1500
v 152.1820 886.3334 22390.1500
v 152.1234 886.3071 22390.1500
v 152.2994 886.3895 22390.1500
v 152.2413 886.3621 22390.1500
v 152.4158 886.4475 22390.1500
v 152.3582 886.4191 22390.1500
v 152.5312 886.5076 22390.1500
v 152.4741 886.4781 22390.1500
v 152.6455 886.5696 22390.1500
v 152.5889 886.5392 22390.1500
v 152.7588 886.6337 22390.1500
v 152.7027 886.6023 22390.1500
v 152.8708 886.6997 22390.1500
v 152.8153 886.6674 22390.1500
v 152.9818 886.7677 22390.1500
v 152.9268 886.7343 22390.1500
v 153.0915 886.8376 22390.1500
v 153.0371 886.8033 22390.1500
v 153.2000 886.9094 22390.1500
v 153.1462 886.8741 22390.1500
v 153.3072 886.9831 22390.1500
v 153.2540 886.9469 22390.1500
v 153.4131 887.0586 22390.1500
v 153.3606 887.0215 22390.1500
v 153.5176 887.1360 22390.1500
v 153.4658 887.0980 22390.1500
v 153.6208 887.2151 22390.1500
v 153.5697 887.1763 22390.1500
v 153.7227 887.2961 22390.1500
v 153.6722 887.2563 22390.1500
v 153.8230 887.3789 22390.1500
v 153.7732 887.3383 22390.1500
v 153.9220 887.4634 22390.1500
v 153.8729 887.4219 22390.1500
v 154.0194 887.5496 22390.1500
v 153.9710 887.5072 22390.1500
v 154.1153 887.6375 22390.1500
v 154.0677 887.5942 22390.1500
v 154.2097 887.7270 22390.1500
v 154.1628 887.6830 22390.1500
v 154.3024 887.8182 22390.1500
v 154.2564 887.7733 22390.1500
v 154.3936 887.9109 22390.1500
v 154.3483 887.8653 22390.1500
v 154.4832 888.0054 22390.1500
v 154.4387 887.9589 22390.1500
v 154.5710 888.1013 22390.1500
v 154.5274 888.0540 22390.1500
v 154.6572 888.1987 22390.1500
v 154.6144 888.1507 22390.1500
v 154.7417 888.2976 22390.1500
v 154.6998 888.2489 22390.1500
v 154.8245 888.3979 22390.1500
v 154.7834 888.3486 22390.1500
v 154.9055 888.4998 22390.1500
v 154.8652 888.4496 22390.1500
v 154.9846 888.6030 22390.1500
v 154.9453 888.5521 22390.1500
v 155.0620 888.7076 22390.1500
v 155.0236 888.6561 22390.1500
v 155.1376 888.8135 22390.1500
v 155.1000 888.7613 22390.1500
v 155.2112 888.9207 22390.1500
v 155.1746 888.8679 22390.1500
v 155.2831 889.0292 22390.1500
v 155.2473 888.9757 22390.1500
v 155.3529 889.1389 22390.1500
v 155.3182 889.0848 22390.1500
v 155.4209 889.2498 22390.1500
v 155.3871 889.1951 22390.1500
v 155.4869 889.3619 22390.1500
v 155.4541 889.3066 22390.1500
v 155.5510 889.4751 22390.1500
v 155.5191 889.4193 22390.1500
v 155.6131 889.5894 22390.1500
v 155.5821 889.5330 22390.1500
v 155.6731 889.7048 22390.1500
v 155.6432 889.6479 22390.1500
v 155.7312 889.8212 22390.1500
v 155.7022 889.7638 22390.1500
v 155.7872 889.9386 22390.1500
v 155.7592 889.8807 22390.1500
v 155.8411 890.0570 22390.1500
v 155.8142 889.9986 22390.1500
v 155.8930 890.1763 22390.1500
v 155.8671 890.1174 22390.1500
v 155.9428 890.2965 22390.1500
v 155.9179 890.2372 22390.1500
v 155.9904 890.4175 22390.1500
v 155.9666 890.3578 22390.1500
v 156.0360 890.5394 22390.1500
v 156.0132 890.4792 22390.1500
v 156.0794 890.6620 22390.1500
v 156.0577 890.6015 22390.1500
v 156.1207 890.7853 22390.1500
v 156.1000 890.7245 22390.1500
v 156.1598 890.9094 22390.1500
v 156.1402 890.8482 22390.1500
v 156.1968 891.0342 22390.1500
v 156.1782 890.9726 22390.1500
v 156.2315 891.1595 22390.1500
v 156.2141 891.0977 22390.1500
v 156.2641 891.2855 22390.1500
v 156.2477 891.2233 22390.1500
v 156.2945 891.4119 22390.1500
v 156.2792 891.3495 22390.1500
v 156.3226 891.5389 22390.1500
v 156.3084 891.4763 22390.1500
v 156.3486 891.6664 22390.1500
v 156.3355 891.6035 22390.1500
v 156.3723 891.7943 22390.1500
v 156.3603 891.7311 22390.1500
v 156.3938 891.9226 22390.1500
v 156.3829 891.8593 22390.1500
v 156.4130 892.0513 22390.1500
v 156.4032 891.9877 22390.1500
v 156.4300 892.1802 22390.1500
v 156.4213 892.1166 22390.1500
v 156.4447 892.3095 22390.1500
v 156.4371 892.2457 22390.1500
v 156.4572 892.4390 22390.1500
v 156.4507 892.3750 22390.1500
v 156.4674 892.5687 22390.1500
v 156.4620 892.5046 22390.1500
v 156.4753 892.6985 22390.1500
v 156.4711 892.6344 22390.1500
v 156.4810 892.8285 22390.1500
v 156.4779 892.7643 22390.1500
v 156.4844 892.9586 22390.1500
v 156.4824 892.8943 22390.1500
v 156.4855 893.0886 22390.1500
v 156.4847 893.0244 22390.1500
v 156.4844 893.2187 22390.1500
v 156.4846 893.1544 22390.1500
v 156.4810 893.3488 22390.1500
v 156.4824 893.2845 22390.1500
v 156.4753 893.4787 22390.1500
v 156.4778 893.4144 22390.1500
v 156.4674 893.6085 22390.1500
v 156.4710 893.5444 22390.1500
v 156.4572 893.7382 22390.1500
v 156.4619 893.6741 22390.1500
v 156.4447 893.8677 22390.1500
v 156.4506 893.8037 22390.1500
v 156.4300 893.9969 22390.1500
v 156.4370 893.9330 22390.1500
v 156.4130 894.1259 22390.1500
v 156.4211 894.0621 22390.1500
v 156.3938 894.2546 22390.1500
v 156.4030 894.1910 22390.1500
v 156.3723 894.3829 22390.1500
v 156.3826 894.3195 22390.1500
v 156.3486 894.5108 22390.1500
v 156.3600 894.4475 22390.1500
v 156.3226 894.6383 22390.1500
v 156.3352 894.5752 22390.1500
v 156.2945 894.7653 22390.1500
v 156.3081 894.7025 22390.1500
v 156.2641 894.8918 22390.1500
v 156.2788 894.8292 22390.1500
v 156.2315 895.0177 22390.1500
v 156.2474 894.9554 22390.1500
v 156.1968 895.1431 22390.1500
v 156.2137 895.0811 22390.1500
v 156.1598 895.2678 22390.1500
v 156.1778 895.2061 22390.1500
v 156.1207 895.3918 22390.1500
v 156.1398 895.3304 22390.1500
v 156.0794 895.5153 22390.1500
v 156.0996 895.4542 22390.1500
v 156.0360 895.6379 22390.1500
v 156.0572 895.5771 22390.1500
v 155.9904 895.7597 22390.1500
v 156.0127 895.6994 22390.1500
v 155.9428 895.8807 22390.1500
v 155.9661 895.8208 22390.1500
v 155.8930 896.0009 22390.1500
v 155.9173 895.9414 22390.1500
v 155.8411 896.1202 22390.1500
v 155.8665 896.0612 22390.1500
v 155.7872 896.2386 22390.1500
v 155.8136 896.1800 22390.1500
v 155.7312 896.3560 22390.1500
v 155.7586 896.2979 22390.1500
v 155.6731 896.4724 22390.1500
v 155.7016 896.4147 22390.1500
v 155.6131 896.5878 22390.1500
v 155.6425 896.5306 22390.1500
v 155.5510 896.7021 22390.1500
v 155.5814 896.6455 22390.1500
v 155.4869 896.8154 22390.1500
v 155.5183 896.7593 22390.1500
v 155.4209 896.9274 22390.1500
v 155.4533 896.8719 22390.1500
v 155.3529 897.0384 22390.1500
v 155.3863 896.9834 22390.1500
v 155.2831 897.1481 22390.1500
v 155.3174 897.0937 22390.1500
v 155.2112 897.2565 22390.1500
v 155.2465 897.2028 22390.1500
v 155.1376 897.3638 22390.1500
v 155.1738 897.3106 22390.1500
v 155.0620 897.4697 22390.1500
v 155.0991 897.4172 22390.1500
v 154.9846 897.5742 22390.1500
v 155.0227 897.5224 22390.1500
v 154.9055 897.6774 22390.1500
v 154.9444 897.6263 22390.1500
v 154.8245 897.7792 22390.1500
v 154.8643 897.7288 22390.1500
v 154.7417 897.8796 22390.1500
v 154.7824 897.8298 22390.1500
v 154.6572 897.9785 22390.1500
v 154.6988 897.9294 22390.1500
v 154.5710 898.0760 22390.1500
v 154.6134 898.0276 22390.1500
v 154.4832 898.1719 22390.1500
v 154.5264 898.1243 22390.1500
v 154.3936 898.2662 22390.1500
v 154.4377 898.2194 22390.1500
v 154.3024 898.3590 22390.1500
v 154.3473 898.3130 22390.1500
v 154.2097 898.4502 22390.1500
v 154.2553 898.4050 22390.1500
v 154.1153 898.5397 22390.1500
v 154.1617 898.4953 22390.1500
v 154.0194 898.6276 22390.1500
v 154.0666 898.5840 22390.1500
v 153.9220 898.7138 22390.1500
v 153.9699 898.6710 22390.1500
v 153.8230 898.7983 22390.1500
v 153.8717 898.7563 22390.1500
v 153.7227 898.8810 22390.1500
v 153.7721 898.8400 22390.1500
v 153.6208 898.9620 22390.1500
v 153.6710 898.9218 22390.1500
v 153.5176 899.0413 22390.1500
v 153.5685 899.0019 22390.1500
v 153.4131 899.1186 22390.1500
v 153.4646 899.0801 22390.1500
v 153.3072 899.1942 22390.1500
v 153.3593 899.1566 22390.1500
v 153.2000 899.2678 22390.1500
v 153.2528 899.2312 22390.1500
v 153.0915 899.3397 22390.1500
v 153.1449 899.3039 22390.1500
v 152.9818 899.4095 22390.1500
v 153.0358 899.3748 22390.1500
v 152.8708 899.4775 22390.1500
v 152.9255 899.4437 22390.1500
v 152.7588 899.5435 22390.1500
v 152.8140 899.5107 22390.1500
v 152.6455 899.6076 22390.1500
v 152.7014 899.5757 22390.1500
v 152.5312 899.6697 22390.1500
v 152.5876 899.6387 22390.1500
v 152.4158 899.7297 22390.1500
v 152.4727 899.6998 22390.1500
v 152.2994 899.7878 22390.1500
v 152.3568 899.7589 22390.1500
v 152.1820 899.8438 22390.1500
v 152.2399 899.8159 22390.1500
v 152.0636 899.8977 22390.1500
v 152.1220 899.8708 22390.1500
v 151.9443 899.9496 22390.1500
v 152.0032 899.9237 22390.1500
v 151.8241 899.9994 22390.1500
v 151.8834 899.9745 22390.1500
v 151.7031 900.0471 22390.1500
v 151.7628 900.0232 22390.1500
v 151.5813 900.0926 22390.1500
v 151.6414 900.0698 22390.1500
v 151.4586 900.1360 22390.1500
v 151.5191 900.1143 22390.1500
v 151.3353 900.1773 22390.1500
v 151.3961 900.1566 22390.1500
v 151.2112 900.2164 22390.1500
v 151.2724 900.1968 22390.1500
v 151.0865 900.2534 22390.1500
v 151.1480 900.2349 22390.1500
v 150.9611 900.2881 22390.1500
v 151.0230 900.2707 22390.1500
v 150.8352 900.3207 22390.1500
v 150.8974 900.3043 22390.1500
v 150.7087 900.3511 22390.1500
v 150.7711 900.3358 22390.1500
v 150.5817 900.3792 22390.1500
v 150.6444 900.3651 22390.1500
v 150.4542 900.4052 22390.1500
v 150.5172 900.3921 22390.1500
v 150.3263 900.4289 22390.1500
v 150.3895 900.4169 22390.1500
v 150.1980 900.4503 22390.1500
v 150.2614 900.4395 22390.1500
v 150.0694 900.4695 22390.1500
v 150.1329 900.4598 22390.1500
v 149.9404 900.4866 22390.1500
v 150.0041 900.4779 22390.1500
v 149.8111 900.5013 22390.1500
v 149.8750 900.4937 22390.1500
v 149.6816 900.5137 22390.1500
v 149.7456 900.5073 22390.1500
v 149.5519 900.5239 22390.1500
v 149.6160 900.5186 22390.1500
v 149.4221 900.5319 22390.1500
v 149.4863 900.5277 22390.1500
v 149.2921 900.5375 22390.1500
v 149.3564 900.5345 22390.1500
v 149.1621 900.5410 22390.1500
v 149.2264 900.5390 22390.1500
v 149.0320 900.5421 22390.1500
v 149.0963 900.5413 22390.1500
v 148.9019 900.5410 22390.1500
v 148.9662 900.5413 22390.1500
v 148.7719 900.5375 22390.1500
v 148.8362 900.5389 22390.1500
v 148.6419 900.5319 22390.1500
v 148.7062 900.5344 22390.1500
v 148.5121 900.5239 22390.1500
v 148.5763 900.5276 22390.1500
v 148.3824 900.5137 22390.1500
v 148.4465 900.5185 22390.1500
v 148.2529 900.5013 22390.1500
v 148.3169 900.5071 22390.1500
v 148.1237 900.4866 22390.1500
v 148.1876 900.4935 22390.1500
v 147.9947 900.4695 22390.1500
v 148.0585 900.4777 22390.1500
v 147.8660 900.4503 22390.1500
v 147.9297 900.4595 22390.1500
v 147.7377 900.4289 22390.1500
v 147.8012 900.4392 22390.1500
v 147.6098 900.4052 22390.1500
v 147.6731 900.4166 22390.1500
v 147.4823 900.3792 22390.1500
v 147.5454 900.3918 22390.1500
v 147.3553 900.3511 22390.1500
v 147.4182 900.3647 22390.1500
v 147.2289 900.3207 22390.1500
v 147.2914 900.3354 22390.1500
v 147.1029 900.2881 22390.1500
v 147.1652 900.3040 22390.1500
v 146.9776 900.2534 22390.1500
v 147.0396 900.2703 22390.1500
v 146.8528 900.2164 22390.1500
v 146.9146 900.2344 22390.1500
v 146.7288 900.1773 22390.1500
v 146.7902 900.1964 22390.1500
v 146.6054 900.1360 22390.1500
v 146.6665 900.1562 22390.1500
v 146.4828 900.0926 22390.1500
v 146.5435 900.1138 22390.1500
v 146.3609 900.0471 22390.1500
v 146.4212 900.0693 22390.1500
v 146.2399 899.9994 22390.1500
v 146.2998 900.0226 22390.1500
v 146.1197 899.9496 22390.1500
v 146.1792 899.9739 22390.1500
v 146.0004 899.8977 22390.1500
v 146.0595 899.9231 22390.1500
v 145.8820 899.8438 22390.1500
v 145.9407 899.8702 22390.1500
v 145.7646 899.7878 22390.1500
v 145.8228 899.8152 22390.1500
v 145.6482 899.7297 22390.1500
v 145.7059 899.7582 22390.1500
v 145.5328 899.6697 22390.1500
v 145.5900 899.6991 22390.1500
v 145.4185 899.6076 22390.1500
v 145.4751 899.6380 22390.1500
v 145.3053 899.5435 22390.1500
v 145.3614 899.5750 22390.1500
v 145.1932 899.4775 22390.1500
v 145.2487 899.5099 22390.1500
v 145.0823 899.4095 22390.1500
v 145.1372 899.4429 22390.1500
v 144.9725 899.3397 22390.1500
v 145.0269 899.3740 22390.1500
v 144.8641 899.2678 22390.1500
v 144.9178 899.3031 22390.1500
v 144.7569 899.1942 22390.1500
v 144.8100 899.2303 22390.1500
v 144.6510 899.1186 22390.1500
v 144.7035 899.1557 22390.1500
v 144.5464 899.0413 22390.1500
v 144.5983 899.0792 22390.1500
v 144.4432 898.9620 22390.1500
v 144.4944 899.0010 22390.1500
v 144.3414 898.8810 22390.1500
v 144.3919 898.9208 22390.1500
v 144.2410 898.7983 22390.1500
v 144.2908 898.8390 22390.1500
v 144.1421 898.7138 22390.1500
v 144.1912 898.7554 22390.1500
v 144.0447 898.6276 22390.1500
v 144.0930 898.6700 22390.1500
v 143.9487 898.5397 22390.1500
v 143.9963 898.5830 22390.1500
v 143.8544 898.4502 22390.1500
v 143.9012 898.4943 22390.1500
v 143.7616 898.3590 22390.1500
v 143.8077 898.4039 22390.1500
v 143.6704 898.2662 22390.1500
v 143.7157 898.3119 22390.1500
v 143.5809 898.1719 22390.1500
v 143.6253 898.2183 22390.1500
v 143.4930 898.0760 22390.1500
v 143.5366 898.1232 22390.1500
v 143.4068 897.9785 22390.1500
v 143.4496 898.0265 22390.1500
v 143.3223 897.8796 22390.1500
v 143.3643 897.9283 22390.1500
v 143.2396 897.7792 22390.1500
v 143.2807 897.8287 22390.1500
v 143.1586 897.6774 22390.1500
v 143.1988 897.7276 22390.1500
v 143.0794 897.5742 22390.1500
v 143.1188 897.6251 22390.1500
v 143.0020 897.4697 22390.1500
v 143.0405 897.5212 22390.1500
v 142.9265 897.3638 22390.1500
v 142.9640 897.4160 22390.1500
v 142.8528 897.2565 22390.1500
v 142.8894 897.3094 22390.1500
v 142.7810 897.1481 22390.1500
v 142.8167 897.2015 22390.1500
v 142.7111 897.0384 22390.1500
v 142.7459 897.0924 22390.1500
v 142.6431 896.9274 22390.1500
v 142.6770 896.9821 22390.1500
v 142.5771 896.8154 22390.1500
v 142.6100 896.8706 22390.1500
v 142.5130 896.7021 22390.1500
v 142.5450 896.7579 22390.1500
v 142.4510 896.5878 22390.1500
v 142.4819 896.6442 22390.1500
v 142.3909 896.4724 22390.1500
v 142.4208 896.5293 22390.1500
v 142.3329 896.3560 22390.1500
v 142.3618 896.4134 22390.1500
v 142.2769 896.2386 22390.1500
v 142.3048 896.2965 22390.1500
v 142.2229 896.1202 22390.1500
v 142.2498 896.1786 22390.1500
v 142.1710 896.0009 22390.1500
v 142.1969 896.0598 22390.1500
v 142.1213 895.8807 22390.1500
v 142.1461 895.9400 22390.1500
v 142.0736 895.7597 22390.1500
v 142.0974 895.8194 22390.1500
v 142.0280 895.6379 22390.1500
v 142.0508 895.6980 22390.1500
v 141.9846 895.5153 22390.1500
v 142.0063 895.5757 22390.1500
v 141.9433 895.3918 22390.1500
v 141.9640 895.4528 22390.1500
v 141.9042 895.2678 22390.1500
v 141.9238 895.3290 22390.1500
v 141.8673 895.1431 22390.1500
v 141.8858 895.2047 22390.1500
v 141.8325 895.0177 22390.1500
v 141.8499 895.0796 22390.1500
v 141.7999 894.8918 22390.1500
v 141.8163 894.9539 22390.1500
v 141.7696 894.7653 22390.1500
v 141.7848 894.8278 22390.1500
v 141.7414 894.6383 22390.1500
v 141.7556 894.7010 22390.1500
v 141.7155 894.5108 22390.1500
v 141.7286 894.5737 22390.1500
v 141.6918 894.3829 22390.1500
v 141.7038 894.4460 22390.1500
v 141.6703 894.2546 22390.1500
v 141.6812 894.3179 22390.1500
v 141.6511 894.1259 22390.1500
v 141.6608 894.1895 22390.1500
v 141.6341 893.9969 22390.1500
v 141.6428 894.0607 22390.1500
v 141.6194 893.8677 22390.1500
v 141.6269 893.9316 22390.1500
v 141.6069 893.7382 22390.1500
v 141.6133 893.8022 22390.1500
v 141.5967 893.6085 22390.1500
v 141.6020 893.6726 22390.1500
v 141.5887 893.4787 22390.1500
v 141.5929 893.5428 22390.1500
v 141.5831 893.3488 22390.1500
v 141.5862 893.4130 22390.1500
v 141.5797 893.2187 22390.1500
v 141.5816 893.2830 22390.1500
v 141.5794 893.1529 22390.1500
v 141.5785 893.0886 22445.1400
v 143.7616 887.8182 22445.1400
v 149.0320 885.6351 22445.1400
v 154.3024 887.8182 22445.1400
v 156.4855 893.0886 22445.1400
v 154.3024 898.3590 22445.1400
v 149.0320 900.5421 22445.1400
v 143.7616 898.3590 22445.1400
v 134.1250 893.0886 22501.9100
v 134.1273 893.3488 22501.9100
v 134.1256 893.2202 22501.9100
v 134.1341 893.6089 22501.9100
v 134.1302 893.4803 22501.9100
v 134.1455 893.8688 22501.9100
v 134.1393 893.7404 22501.9100
v 134.1613 894.1285 22501.9100
v 134.1529 894.0002 22501.9100
v 134.1818 894.3878 22501.9100
v 134.1711 894.2597 22501.9100
v 134.2067 894.6468 22501.9100
v 134.1938 894.5189 22501.9100
v 134.2361 894.9053 22501.9100
v 134.2210 894.7776 22501.9100
v 134.2701 895.1633 22501.9100
v 134.2528 895.0358 22501.9100
v 134.3086 895.4206 22501.9100
v 134.2890 895.2935 22501.9100
v 134.3515 895.6772 22501.9100
v 134.3297 895.5505 22501.9100
v 134.3989 895.9330 22501.9100
v 134.3749 895.8067 22501.9100
v 134.4508 896.1879 22501.9100
v 134.4246 896.0621 22501.9100
v 134.5071 896.4420 22501.9100
v 134.4787 896.3165 22501.9100
v 134.5678 896.6949 22501.9100
v 134.5373 896.5701 22501.9100
v 134.6330 896.9468 22501.9100
v 134.6002 896.8224 22501.9100
v 134.7025 897.1975 22501.9100
v 134.6676 897.0738 22501.9100
v 134.7764 897.4470 22501.9100
v 134.7393 897.3239 22501.9100
v 134.8546 897.6951 22501.9100
v 134.8154 897.5727 22501.9100
v 134.9372 897.9418 22501.9100
v 134.8958 897.8201 22501.9100
v 135.0240 898.1871 22501.9100
v 134.9806 898.0661 22501.9100
v 135.1151 898.4308 22501.9100
v 135.0696 898.3105 22501.9100
v 135.2105 898.6729 22501.9100
v 135.1628 898.5535 22501.9100
v 135.3101 898.9132 22501.9100
v 135.2603 898.7947 22501.9100
v 135.4138 899.1519 22501.9100
v 135.3620 899.0341 22501.9100
v 135.5217 899.3885 22501.9100
v 135.4679 899.2718 22501.9100
v 135.6337 899.6234 22501.9100
v 135.5778 899.5076 22501.9100
v 135.7498 899.8563 22501.9100
v 135.6919 899.7414 22501.9100
v 135.8699 900.0870 22501.9100
v 135.8101 899.9732 22501.9100
v 135.9941 900.3157 22501.9100
v 135.9322 900.2029 22501.9100
v 136.1222 900.5421 22501.9100
v 136.0584 900.4305 22501.9100
v 136.2542 900.7663 22501.9100
v 136.1885 900.6558 22501.9100
v 136.3902 900.9881 22501.9100
v 136.3225 900.8788 22501.9100
v 136.5300 901.2075 22501.9100
v 136.4604 901.0994 22501.9100
v 136.6736 901.4245 22501.9100
v 136.6021 901.3176 22501.9100
v 136.8209 901.6389 22501.9100
v 136.7476 901.5333 22501.9100
v 136.9720 901.8507 22501.9100
v 136.8969 901.7463 22501.9100
v 137.1268 902.0599 22501.9100
v 137.0498 901.9568 22501.9100
v 137.2852 902.2663 22501.9100
v 137.2064 902.1646 22501.9100
v 137.4471 902.4699 22501.9100
v 137.3666 902.3696 22501.9100
v 137.6126 902.6707 22501.9100
v 137.5304 902.5718 22501.9100
v 137.7816 902.8685 22501.9100
v 137.6976 902.7711 22501.9100
v 137.9540 903.0634 22501.9100
v 137.8683 902.9674 22501.9100
v 138.1297 903.2551 22501.9100
v 138.0424 903.1607 22501.9100
v 138.3088 903.4438 22501.9100
v 138.2199 903.3510 22501.9100
v 138.4912 903.6295 22501.9100
v 138.4007 903.5381 22501.9100
v 138.6768 903.8118 22501.9100
v 138.5846 903.7221 22501.9100
v 138.8655 903.9909 22501.9100
v 138.7718 903.9028 22501.9100
v 139.0573 904.1667 22501.9100
v 138.9621 904.0802 22501.9100
v 139.2522 904.3391 22501.9100
v 139.1555 904.2543 22501.9100
v 139.4500 904.5081 22501.9100
v 139.3519 904.4249 22501.9100
v 139.6507 904.6735 22501.9100
v 139.5512 904.5922 22501.9100
v 139.8544 904.8354 22501.9100
v 139.7534 904.7559 22501.9100
v 140.0608 904.9938 22501.9100
v 139.9584 904.9160 22501.9100
v 140.2699 905.1486 22501.9100
v 140.1662 905.0726 22501.9100
v 140.4817 905.2997 22501.9100
v 140.3767 905.2255 22501.9100
v 140.6961 905.4471 22501.9100
v 140.5898 905.3747 22501.9100
v 140.9131 905.5906 22501.9100
v 140.8056 905.5201 22501.9100
v 141.1325 905.7305 22501.9100
v 141.0238 905.6619 22501.9100
v 141.3544 905.8664 22501.9100
v 141.2444 905.7997 22501.9100
v 141.5785 905.9984 22501.9100
v 141.4675 905.9337 22501.9100
v 141.8050 906.1266 22501.9100
v 141.6928 906.0637 22501.9100
v 142.0336 906.2507 22501.9100
v 141.9203 906.1898 22501.9100
v 142.2644 906.3708 22501.9100
v 142.1501 906.3120 22501.9100
v 142.4972 906.4869 22501.9100
v 142.3819 906.4301 22501.9100
v 142.7321 906.5989 22501.9100
v 142.6158 906.5441 22501.9100
v 142.9688 906.7068 22501.9100
v 142.8516 906.6540 22501.9100
v 143.2074 906.8105 22501.9100
v 143.0892 906.7598 22501.9100
v 143.4478 906.9102 22501.9100
v 143.3288 906.8615 22501.9100
v 143.6898 907.0055 22501.9100
v 143.5700 906.9589 22501.9100
v 143.9335 907.0966 22501.9100
v 143.8129 907.0521 22501.9100
v 144.1788 907.1835 22501.9100
v 144.0574 907.1411 22501.9100
v 144.4255 907.2660 22501.9100
v 144.3034 907.2257 22501.9100
v 144.6736 907.3442 22501.9100
v 144.5508 907.3061 22501.9100
v 144.9231 907.4182 22501.9100
v 144.7997 907.3821 22501.9100
v 145.1738 907.4877 22501.9100
v 145.0497 907.4539 22501.9100
v 145.4257 907.5528 22501.9100
v 145.3011 907.5212 22501.9100
v 145.6787 907.6135 22501.9100
v 145.5535 907.5840 22501.9100
v 145.9327 907.6699 22501.9100
v 145.8070 907.6426 22501.9100
v 146.1876 907.7217 22501.9100
v 146.0615 907.6967 22501.9100
v 146.4435 907.7691 22501.9100
v 146.3169 907.7463 22501.9100
v 146.7001 907.8121 22501.9100
v 146.5731 907.7914 22501.9100
v 146.9574 907.8505 22501.9100
v 146.8301 907.8321 22501.9100
v 147.2153 907.8845 22501.9100
v 147.0878 907.8683 22501.9100
v 147.4738 907.9139 22501.9100
v 147.3460 907.9000 22501.9100
v 147.7328 907.9389 22501.9100
v 147.6047 907.9271 22501.9100
v 147.9922 907.9593 22501.9100
v 147.8639 907.9498 22501.9100
v 148.2518 907.9752 22501.9100
v 148.1235 907.9679 22501.9100
v 148.5118 907.9865 22501.9100
v 148.3833 907.9815 22501.9100
v 148.7719 907.9933 22501.9100
v 148.6433 907.9905 22501.9100
v 149.0320 907.9956 22501.9100
v 148.9034 907.9951 22501.9100
v 149.2922 907.9933 22501.9100
v 149.1636 907.9950 22501.9100
v 149.5523 907.9865 22501.9100
v 149.4237 907.9905 22501.9100
v 149.8122 907.9752 22501.9100
v 149.6838 907.9813 22501.9100
v 150.0719 907.9593 22501.9100
v 149.9436 907.9677 22501.9100
v 150.3313 907.9389 22501.9100
v 150.2031 907.9495 22501.9100
v 150.5902 907.9139 22501.9100
v 150.4623 907.9268 22501.9100
v 150.8487 907.8845 22501.9100
v 150.7210 907.8996 22501.9100
v 151.1067 907.8505 22501.9100
v 150.9793 907.8679 22501.9100
v 151.3640 907.8121 22501.9100
v 151.2369 907.8317 22501.9100
v 151.6206 907.7691 22501.9100
v 151.4939 907.7909 22501.9100
v 151.8764 907.7217 22501.9100
v 151.7501 907.7457 22501.9100
v 152.1314 907.6699 22501.9100
v 152.0055 907.6960 22501.9100
v 152.3854 907.6135 22501.9100
v 152.2599 907.6419 22501.9100
v 152.6384 907.5528 22501.9100
v 152.5134 907.5834 22501.9100
v 152.8902 907.4877 22501.9100
v 152.7659 907.5204 22501.9100
v 153.1409 907.4182 22501.9100
v 153.0172 907.4531 22501.9100
v 153.3904 907.3442 22501.9100
v 153.2673 907.3813 22501.9100
v 153.6385 907.2660 22501.9100
v 153.5161 907.3052 22501.9100
v 153.8853 907.1835 22501.9100
v 153.7635 907.2248 22501.9100
v 154.1305 907.0966 22501.9100
v 154.0095 907.1401 22501.9100
v 154.3742 907.0055 22501.9100
v 154.2540 907.0510 22501.9100
v 154.6163 906.9102 22501.9100
v 154.4968 906.9578 22501.9100
v 154.8566 906.8105 22501.9100
v 154.7381 906.8603 22501.9100
v 155.0952 906.7068 22501.9100
v 154.9775 906.7586 22501.9100
v 155.3320 906.5989 22501.9100
v 155.2152 906.6528 22501.9100
v 155.5668 906.4869 22501.9100
v 155.4510 906.5428 22501.9100
v 155.7997 906.3708 22501.9100
v 155.6848 906.4287 22501.9100
v 156.0304 906.2507 22501.9100
v 155.9166 906.3106 22501.9100
v 156.2591 906.1266 22501.9100
v 156.1463 906.1884 22501.9100
v 156.4855 905.9984 22501.9100
v 156.3739 906.0623 22501.9100
v 156.7097 905.8664 22501.9100
v 156.5992 905.9321 22501.9100
v 156.9315 905.7305 22501.9100
v 156.8222 905.7981 22501.9100
v 157.1509 905.5906 22501.9100
v 157.0428 905.6602 22501.9100
v 157.3679 905.4471 22501.9100
v 157.2610 905.5185 22501.9100
v 157.5823 905.2997 22501.9100
v 157.4767 905.3730 22501.9100
v 157.7941 905.1486 22501.9100
v 157.6898 905.2238 22501.9100
v 158.0033 904.9938 22501.9100
v 157.9002 905.0708 22501.9100
v 158.2097 904.8354 22501.9100
v 158.1080 904.9142 22501.9100
v 158.4133 904.6735 22501.9100
v 158.3130 904.7540 22501.9100
v 158.6140 904.5081 22501.9100
v 158.5152 904.5903 22501.9100
v 158.8119 904.3391 22501.9100
v 158.7145 904.4230 22501.9100
v 159.0067 904.1667 22501.9100
v 158.9108 904.2523 22501.9100
v 159.1986 903.9909 22501.9100
v 159.1041 904.0782 22501.9100
v 159.3873 903.8118 22501.9100
v 159.2944 903.9007 22501.9100
v 159.5728 903.6295 22501.9100
v 159.4815 903.7200 22501.9100
v 159.7552 903.4438 22501.9100
v 159.6655 903.5360 22501.9100
v 159.9343 903.2551 22501.9100
v 159.8462 903.3488 22501.9100
v 160.1101 903.0634 22501.9100
v 160.0236 903.1585 22501.9100
v 160.2825 902.8685 22501.9100
v 160.1977 902.9651 22501.9100
v 160.4514 902.6707 22501.9100
v 160.3684 902.7688 22501.9100
v 160.6169 902.4699 22501.9100
v 160.5356 902.5695 22501.9100
v 160.7789 902.2663 22501.9100
v 160.6993 902.3672 22501.9100
v 160.9373 902.0599 22501.9100
v 160.8594 902.1622 22501.9100
v 161.0920 901.8507 22501.9100
v 161.0160 901.9544 22501.9100
v 161.2431 901.6389 22501.9100
v 161.1689 901.7439 22501.9100
v 161.3905 901.4245 22501.9100
v 161.3181 901.5308 22501.9100
v 161.5341 901.2075 22501.9100
v 161.4636 901.3151 22501.9100
v 161.6739 900.9881 22501.9100
v 161.6053 901.0969 22501.9100
v 161.8098 900.7663 22501.9100
v 161.7431 900.8762 22501.9100
v 161.9418 900.5421 22501.9100
v 161.8771 900.6532 22501.9100
v 162.0700 900.3157 22501.9100
v 162.0071 900.4279 22501.9100
v 162.1941 900.0870 22501.9100
v 162.1333 900.2003 22501.9100
v 162.3142 899.8563 22501.9100
v 162.2554 899.9706 22501.9100
v 162.4303 899.6234 22501.9100
v 162.3735 899.7387 22501.9100
v 162.5423 899.3885 22501.9100
v 162.4875 899.5049 22501.9100
v 162.6502 899.1519 22501.9100
v 162.5974 899.2690 22501.9100
v 162.7540 898.9132 22501.9100
v 162.7032 899.0314 22501.9100
v 162.8535 898.6729 22501.9100
v 162.8049 898.7919 22501.9100
v 162.9489 898.4308 22501.9100
v 162.9023 898.5507 22501.9100
v 163.0400 898.1871 22501.9100
v 162.9955 898.3077 22501.9100
v 163.1268 897.9418 22501.9100
v 163.0845 898.0632 22501.9100
v 163.2094 897.6951 22501.9100
v 163.1691 897.8173 22501.9100
v 163.2876 897.4470 22501.9100
v 163.2495 897.5698 22501.9100
v 163.3615 897.1975 22501.9100
v 163.3256 897.3210 22501.9100
v 163.4311 896.9468 22501.9100
v 163.3972 897.0709 22501.9100
v 163.4962 896.6949 22501.9100
v 163.4646 896.8196 22501.9100
v 163.5569 896.4420 22501.9100
v 163.5275 896.5671 22501.9100
v 163.6133 896.1879 22501.9100
v 163.5860 896.3136 22501.9100
v 163.6651 895.9330 22501.9100
v 163.6400 896.0591 22501.9100
v 163.7125 895.6772 22501.9100
v 163.6897 895.8037 22501.9100
v 163.7555 895.4206 22501.9100
v 163.7348 895.5475 22501.9100
v 163.7939 895.1633 22501.9100
v 163.7755 895.2905 22501.9100
v 163.8279 894.9053 22501.9100
v 163.8117 895.0329 22501.9100
v 163.8573 894.6468 22501.9100
v 163.8434 894.7747 22501.9100
v 163.8823 894.3878 22501.9100
v 163.8705 894.5159 22501.9100
v 163.9027 894.1285 22501.9100
v 163.8932 894.2567 22501.9100
v 163.9186 893.8688 22501.9100
v 163.9113 893.9971 22501.9100
v 163.9299 893.6089 22501.9100
v 163.9249 893.7374 22501.9100
v 163.9367 893.3488 22501.9100
v 163.9339 893.4774 22501.9100
v 163.9390 893.0886 22501.9100
v 163.9384 893.2172 22501.9100
v 163.9367 892.8284 22501.9100
v 163.9384 892.9570 22501.9100
v 163.9299 892.5684 22501.9100
v 163.9339 892.6969 22501.9100
v 163.9186 892.3084 22501.9100
v 163.9248 892.4369 22501.9100
v 163.9027 892.0488 22501.9100
v 163.9111 892.1771 22501.9100
v 163.8823 891.7894 22501.9100
v 163.8929 891.9175 22501.9100
v 163.8573 891.5304 22501.9100
v 163.8702 891.6583 22501.9100
v 163.8279 891.2719 22501.9100
v 163.8430 891.3996 22501.9100
v 163.7939 891.0140 22501.9100
v 163.8113 891.1414 22501.9100
v 163.7555 890.7567 22501.9100
v 163.7750 890.8837 22501.9100
v 163.7125 890.5001 22501.9100
v 163.7343 890.6268 22501.9100
v 163.6651 890.2442 22501.9100
v 163.6891 890.3705 22501.9100
v 163.6133 889.9893 22501.9100
v 163.6395 890.1152 22501.9100
v 163.5569 889.7353 22501.9100
v 163.5853 889.8607 22501.9100
v 163.4962 889.4823 22501.9100
v 163.5268 889.6072 22501.9100
v 163.4311 889.2304 22501.9100
v 163.4638 889.3547 22501.9100
v 163.3615 888.9797 22501.9100
v 163.3964 889.1035 22501.9100
v 163.2876 888.7302 22501.9100
v 163.3247 888.8533 22501.9100
v 163.2094 888.4821 22501.9100
v 163.2486 888.6046 22501.9100
v 163.1268 888.2354 22501.9100
v 163.1682 888.3571 22501.9100
v 163.0400 887.9901 22501.9100
v 163.0835 888.1111 22501.9100
v 162.9489 887.7464 22501.9100
v 162.9945 887.8666 22501.9100
v 162.8535 887.5043 22501.9100
v 162.9012 887.6238 22501.9100
v 162.7540 887.2640 22501.9100
v 162.8037 887.3826 22501.9100
v 162.6502 887.0254 22501.9100
v 162.7020 887.1431 22501.9100
v 162.5423 886.7886 22501.9100
v 162.5962 886.9054 22501.9100
v 162.4303 886.5538 22501.9100
v 162.4862 886.6696 22501.9100
v 162.3142 886.3210 22501.9100
v 162.3721 886.4358 22501.9100
v 162.1941 886.0902 22501.9100
v 162.2540 886.2040 22501.9100
v 162.0700 885.8616 22501.9100
v 162.1318 885.9743 22501.9100
v 161.9418 885.6351 22501.9100
v 162.0057 885.7468 22501.9100
v 161.8098 885.4109 22501.9100
v 161.8755 885.5214 22501.9100
v 161.6739 885.1891 22501.9100
v 161.7415 885.2985 22501.9100
v 161.5341 884.9697 22501.9100
v 161.6036 885.0778 22501.9100
v 161.3905 884.7527 22501.9100
v 161.4619 884.8596 22501.9100
v 161.2431 884.5383 22501.9100
v 161.3164 884.6440 22501.9100
v 161.0920 884.3265 22501.9100
v 161.1672 884.4308 22501.9100
v 160.9373 884.1174 22501.9100
v 161.0142 884.2204 22501.9100
v 160.7789 883.9109 22501.9100
v 160.8576 884.0126 22501.9100
v 160.6169 883.7073 22501.9100
v 160.6974 883.8076 22501.9100
v 160.4514 883.5066 22501.9100
v 160.5337 883.6055 22501.9100
v 160.2825 883.3088 22501.9100
v 160.3664 883.4061 22501.9100
v 160.1101 883.1139 22501.9100
v 160.1957 883.2098 22501.9100
v 159.9343 882.9221 22501.9100
v 160.0216 883.0165 22501.9100
v 159.7552 882.7333 22501.9100
v 159.8441 882.8262 22501.9100
v 159.5728 882.5478 22501.9100
v 159.6634 882.6391 22501.9100
v 159.3873 882.3654 22501.9100
v 159.4794 882.4551 22501.9100
v 159.1986 882.1863 22501.9100
v 159.2922 882.2744 22501.9100
v 159.0067 882.0106 22501.9100
v 159.1019 882.0970 22501.9100
v 158.8119 881.8381 22501.9100
v 158.9086 881.9229 22501.9100
v 158.6140 881.6692 22501.9100
v 158.7122 881.7523 22501.9100
v 158.4133 881.5037 22501.9100
v 158.5129 881.5851 22501.9100
v 158.2097 881.3417 22501.9100
v 158.3107 881.4213 22501.9100
v 158.0033 881.1833 22501.9100
v 158.1056 881.2612 22501.9100
v 157.7941 881.0286 22501.9100
v 157.8978 881.1046 22501.9100
v 157.5823 880.8775 22501.9100
v 157.6873 880.9517 22501.9100
v 157.3679 880.7302 22501.9100
v 157.4742 880.8025 22501.9100
v 157.1509 880.5865 22501.9100
v 157.2585 880.6570 22501.9100
v 156.9315 880.4468 22501.9100
v 157.0403 880.5154 22501.9100
v 156.7097 880.3109 22501.9100
v 156.8196 880.3775 22501.9100
v 156.4855 880.1788 22501.9100
v 156.5966 880.2435 22501.9100
v 156.2591 880.0507 22501.9100
v 156.3713 880.1135 22501.9100
v 156.0304 879.9265 22501.9100
v 156.1437 879.9874 22501.9100
v 155.7997 879.8064 22501.9100
v 155.9140 879.8652 22501.9100
v 155.5668 879.6903 22501.9100
v 155.6821 879.7472 22501.9100
v 155.3320 879.5783 22501.9100
v 155.4483 879.6331 22501.9100
v 155.0952 879.4704 22501.9100
v 155.2125 879.5232 22501.9100
v 154.8566 879.3666 22501.9100
v 154.9748 879.4174 22501.9100
v 154.6163 879.2671 22501.9100
v 154.7353 879.3158 22501.9100
v 154.3742 879.1718 22501.9100
v 154.4940 879.2183 22501.9100
v 154.1305 879.0806 22501.9100
v 154.2511 879.1251 22501.9100
v 153.8853 878.9938 22501.9100
v 154.0067 879.0362 22501.9100
v 153.6385 878.9112 22501.9100
v 153.7607 878.9515 22501.9100
v 153.3904 878.8330 22501.9100
v 153.5132 878.8711 22501.9100
v 153.1409 878.7591 22501.9100
v 153.2644 878.7950 22501.9100
v 152.8902 878.6896 22501.9100
v 153.0143 878.7234 22501.9100
v 152.6384 878.6245 22501.9100
v 152.7630 878.6561 22501.9100
v 152.3854 878.5637 22501.9100
v 152.5105 878.5931 22501.9100
v 152.1314 878.5074 22501.9100
v 152.2570 878.5347 22501.9100
v 151.8764 878.4555 22501.9100
v 152.0025 878.4806 22501.9100
v 151.6206 878.4081 22501.9100
v 151.7471 878.4310 22501.9100
v 151.3640 878.3652 22501.9100
v 151.4909 878.3858 22501.9100
v 151.1067 878.3267 22501.9100
v 151.2339 878.3452 22501.9100
v 150.8487 878.2927 22501.9100
v 150.9763 878.3090 22501.9100
v 150.5902 878.2633 22501.9100
v 150.7180 878.2773 22501.9100
v 150.3313 878.2383 22501.9100
v 150.4593 878.2501 22501.9100
v 150.0719 878.2180 22501.9100
v 150.2001 878.2275 22501.9100
v 149.8122 878.2020 22501.9100
v 149.9406 878.2094 22501.9100
v 149.5523 878.1907 22501.9100
v 149.6808 878.1957 22501.9100
v 149.2922 878.1839 22501.9100
v 149.4207 878.1867 22501.9100
v 149.0320 878.1816 22501.9100
v 149.1606 878.1822 22501.9100
v 148.7719 878.1839 22501.9100
v 148.9004 878.1822 22501.9100
v 148.5118 878.1907 22501.9100
v 148.6403 878.1868 22501.9100
v 148.2518 878.2020 22501.9100
v 148.3803 878.1959 22501.9100
v 147.9922 878.2180 22501.9100
v 148.1205 878.2095 22501.9100
v 147.7328 878.2383 22501.9100
v 147.8609 878.2277 22501.9100
v 147.4738 878.2633 22501.9100
v 147.6017 878.2504 22501.9100
v 147.2153 878.2927 22501.9100
v 147.3430 878.2776 22501.9100
v 146.9574 878.3267 22501.9100
v 147.0848 878.3093 22501.9100
v 146.7001 878.3652 22501.9100
v 146.8271 878.3456 22501.9100
v 146.4435 878.4081 22501.9100
v 146.5702 878.3863 22501.9100
v 146.1876 878.4555 22501.9100
v 146.3140 878.4315 22501.9100
v 145.9327 878.5074 22501.9100
v 146.0586 878.4812 22501.9100
v 145.6787 878.5637 22501.9100
v 145.8041 878.5353 22501.9100
v 145.4257 878.6245 22501.9100
v 145.5506 878.5939 22501.9100
v 145.1738 878.6896 22501.9100
v 145.2982 878.6568 22501.9100
v 144.9231 878.7591 22501.9100
v 145.0468 878.7242 22501.9100
v 144.6736 878.8330 22501.9100
v 144.7968 878.7959 22501.9100
v 144.4255 878.9112 22501.9100
v 144.5480 878.8720 22501.9100
v 144.1788 878.9938 22501.9100
v 144.3005 878.9525 22501.9100
v 143.9335 879.0806 22501.9100
v 144.0546 879.0372 22501.9100
v 143.6898 879.1718 22501.9100
v 143.8101 879.1262 22501.9100
v 143.4478 879.2671 22501.9100
v 143.5672 879.2194 22501.9100
v 143.2074 879.3666 22501.9100
v 143.3260 879.3170 22501.9100
v 142.9688 879.4704 22501.9100
v 143.0865 879.4186 22501.9100
v 142.7321 879.5783 22501.9100
v 142.8488 879.5245 22501.9100
v 142.4972 879.6903 22501.9100
v 142.6130 879.6345 22501.9100
v 142.2644 879.8064 22501.9100
v 142.3792 879.7485 22501.9100
v 142.0336 879.9265 22501.9100
v 142.1474 879.8666 22501.9100
v 141.8050 880.0507 22501.9100
v 141.9177 879.9888 22501.9100
v 141.5785 880.1788 22501.9100
v 141.6902 880.1150 22501.9100
v 141.3544 880.3109 22501.9100
v 141.4649 880.2451 22501.9100
v 141.1325 880.4468 22501.9100
v 141.2419 880.3791 22501.9100
v 140.9131 880.5865 22501.9100
v 141.0212 880.5170 22501.9100
v 140.6961 880.7302 22501.9100
v 140.8030 880.6587 22501.9100
v 140.4817 880.8775 22501.9100
v 140.5874 880.8042 22501.9100
v 140.2699 881.0286 22501.9100
v 140.3743 880.9535 22501.9100
v 140.0608 881.1833 22501.9100
v 140.1638 881.1064 22501.9100
v 139.8544 881.3417 22501.9100
v 139.9560 881.2630 22501.9100
v 139.6507 881.5037 22501.9100
v 139.7510 881.4232 22501.9100
v 139.4500 881.6692 22501.9100
v 139.5488 881.5870 22501.9100
v 139.2522 881.8381 22501.9100
v 139.3496 881.7542 22501.9100
v 139.0573 882.0106 22501.9100
v 139.1532 881.9249 22501.9100
v 138.8655 882.1863 22501.9100
v 138.9599 882.0991 22501.9100
v 138.6768 882.3654 22501.9100
v 138.7696 882.2765 22501.9100
v 138.4912 882.5478 22501.9100
v 138.5825 882.4573 22501.9100
v 138.3088 882.7333 22501.9100
v 138.3985 882.6412 22501.9100
v 138.1297 882.9221 22501.9100
v 138.2178 882.8284 22501.9100
v 137.9540 883.1139 22501.9100
v 138.0404 883.0187 22501.9100
v 137.7816 883.3088 22501.9100
v 137.8663 883.2121 22501.9100
v 137.6126 883.5066 22501.9100
v 137.6957 883.4084 22501.9100
v 137.4471 883.7073 22501.9100
v 137.5285 883.6078 22501.9100
v 137.2852 883.9109 22501.9100
v 137.3647 883.8100 22501.9100
v 137.1268 884.1174 22501.9100
v 137.2046 884.0150 22501.9100
v 136.9720 884.3265 22501.9100
v 137.0480 884.2228 22501.9100
v 136.8209 884.5383 22501.9100
v 136.8951 884.4333 22501.9100
v 136.6736 884.7527 22501.9100
v 136.7459 884.6464 22501.9100
v 136.5300 884.9697 22501.9100
v 136.6005 884.8621 22501.9100
v 136.3902 885.1891 22501.9100
v 136.4588 885.0804 22501.9100
v 136.2542 885.4109 22501.9100
v 136.3209 885.3010 22501.9100
v 136.1222 885.6351 22501.9100
v 136.1870 885.5240 22501.9100
v 135.9941 885.8616 22501.9100
v 136.0569 885.7494 22501.9100
v 135.8699 886.0902 22501.9100
v 135.9308 885.9769 22501.9100
v 135.7498 886.3210 22501.9100
v 135.8087 886.2067 22501.9100
v 135.6337 886.5538 22501.9100
v 135.6906 886.4385 22501.9100
v 135.5217 886.7886 22501.9100
v 135.5765 886.6724 22501.9100
v 135.4138 887.0254 22501.9100
v 135.4666 886.9081 22501.9100
v 135.3101 887.2640 22501.9100
v 135.3608 887.1458 22501.9100
v 135.2105 887.5043 22501.9100
v 135.2592 887.3853 22501.9100
v 135.1151 887.7464 22501.9100
v 135.1617 887.6266 22501.9100
v 135.0240 887.9901 22501.9100
v 135.0685 887.8695 22501.9100
v 134.9372 888.2354 22501.9100
v 134.9796 888.1140 22501.9100
v 134.8546 888.4821 22501.9100
v 134.8949 888.3600 22501.9100
v 134.7764 888.7302 22501.9100
v 134.8145 888.6074 22501.9100
v 134.7025 888.9797 22501.9100
v 134.7385 888.8563 22501.9100
v 134.6330 889.2304 22501.9100
v 134.6668 889.1063 22501.9100
v 134.5678 889.4823 22501.9100
v 134.5995 889.3577 22501.9100
v 134.5071 889.7353 22501.9100
v 134.5366 889.6101 22501.9100
v 134.4508 889.9893 22501.9100
v 134.4781 889.8636 22501.9100
v 134.3989 890.2442 22501.9100
v 134.4240 890.1181 22501.9100
v 134.3515 890.5001 22501.9100
v 134.3744 890.3735 22501.9100
v 134.3086 890.7567 22501.9100
v 134.3292 890.6298 22501.9100
v 134.2701 891.0140 22501.9100
v 134.2885 890.8867 22501.9100
v 134.2361 891.2719 22501.9100
v 134.2524 891.1443 22501.9100
v 134.2067 891.5304 22501.9100
v 134.2207 891.4026 22501.9100
v 134.1818 891.7894 22501.9100
v 134.1935 891.6613 22501.9100
v 134.1613 892.0488 22501.9100
v 134.1709 891.9205 22501.9100
v 134.1455 892.3084 22501.9100
v 134.1527 892.1801 22501.9100
v 134.1341 892.5684 22501.9100
v 134.1392 892.4399 22501.9100
v 134.1273 892.8284 22501.9100
v 134.1301 892.6999 22501.9100
v 134.1256 892.9600 22501.9100
v 134.1250 893.0886 22524.2700
v 134.1273 893.3488 22524.2700
v 134.1256 893.2202 22524.2700
v 134.1341 893.6089 22524.2700
v 134.1302 893.4803 22524.2700
v 134.1455 893.8688 22524.2700
v 134.1393 893.7404 22524.2700
v 134.1613 894.1285 22524.2700
v 134.1529 894.0002 22524.2700
v 134.1818 894.3878 22524.2700
v 134.1711 894.2597 22524.2700
v 134.2067 894.6468 22524.2700
v 134.1938 894.5189 22524.2700
v 134.2361 894.9053 22524.2700
v 134.2210 894.7776 22524.2700
v 134.2701 895.1633 22524.2700
v 134.2528 895.0358 22524.2700
v 134.3086 895.4206 22524.2700
v 134.2890 895.2935 22524.2700
v 134.3515 895.6772 22524.2700
v 134.3297 895.5505 22524.2700
v 134.3989 895.9330 22524.2700
v 134.3749 895.8067 22524.2700
v 134.4508 896.1879 22524.2700
v 134.4246 896.0621 22524.2700
v 134.5071 896.4420 22524.2700
v 134.4787 896.3165 22524.2700
v 134.5678 896.6949 22524.2700
v 134.5373 896.5701 22524.2700
v 134.6330 896.9468 22524.2700
v 134.6002 896.8224 22524.2700
v 134.7025 897.1975 22524.2700
v 134.6676 897.0738 22524.2700
v 134.7764 897.4470 22524.2700
v 134.7393 897.3239 22524.2700
v 134.8546 897.6951 22524.2700
v 134.8154 897.5727 22524.2700
v 134.9372 897.9418 22524.2700
v 134.8958 897.8201 22524.2700
v 135.0240 898.1871 22524.2700
v 134.9806 898.0661 22524.2700
v 135.1151 898.4308 22524.2700
v 135.0696 898.3105 22524.2700
v 135.2105 898.6729 22524.2700
v 135.1628 898.5535 22524.2700
v 135.3101 898.9132 22524.2700
v 135.2603 898.7947 22524.2700
v 135.4138 899.1519 22524.2700
v 135.3620 899.0341 22524.2700
v 135.5217 899.3885 22524.2700
v 135.4679 899.2718 22524.2700
v 135.6337 899.6234 22524.2700
v 135.5778 899.5076 22524.2700
v 135.7498 899.8563 22524.2700
v 135.6919 899.7414 22524.2700
v 135.8699 900.0870 22524.2700
v 135.8101 899.9732 22524.2700
v 135.9941 900.3157 22524.2700
v 135.9322 900.2029 22524.2700
v 136.1222 900.5421 22524.2700
v 136.0584 900.4305 22524.2700
v 136.2542 900.7663 22524.2700
v 136.1885 900.6558 22524.2700
v 136.3902 900.9881 22524.2700
v 136.3225 900.8788 22524.2700
v 136.5300 901.2075 22524.2700
v 136.4604 901.0994 22524.2700
v 136.6736 901.4245 22524.2700
v 136.6021 901.3176 22524.2700
v 136.8209 901.6389 22524.2700
v 136.7476 901.5333 22524.2700
v 136.9720 901.8507 22524.2700
v 136.8969 901.7463 22524.2700
v 137.1268 902.0599 22524.2700
v 137.0498 901.9568 22524.2700
v 137.2852 902.2663 22524.2700
v 137.2064 902.1646 22524.2700
v 137.4471 902.4699 22524.2700
v 137.3666 902.3696 22524.2700
v 137.6126 902.6707 22524.2700
v 137.5304 902.5718 22524.2700
v 137.7816 902.8685 22524.2700
v 137.6976 902.7711 22524.2700
v 137.9540 903.0634 22524.2700
v 137.8683 902.9674 22524.2700
v 138.1297 903.2551 22524.2700
v 138.0424 903.1607 22524.2700
v 138.3088 903.4438 22524.2700
v 138.2199 903.3510 22524.2700
v 138.4912 903.6295 22524.2700
v 138.4007 903.5381 22524.2700
v 138.6768 903.8118 22524.2700
v 138.5846 903.7221 22524.2700
v 138.8655 903.9909 22524.2700
v 138.7718 903.9028 22524.2700
v 139.0573 904.1667 22524.2700
v 138.9621 904.0802 22524.2700
v 139.2522 904.3391 22524.2700
v 139.1555 904.2543 22524.2700
v 139.4500 904.5081 22524.2700
v 139.3519 904.4249 22524.2700
v 139.6507 904.6735 22524.2700
v 139.5512 904.5922 22524.2700
v 139.8544 904.8354 22524.2700
v 139.7534 904.7559 22524.2700
v 140.0608 904.9938 22524.2700
v 139.9584 904.9160 22524.2700
v 140.2699 905.1486 22524.2700
v 140.1662 905.0726 22524.2700
v 140.4817 905.2997 22524.2700
v 140.3767 905.2255 22524.2700
v 140.6961 905.4471 22524.2700
v 140.5898 905.3747 22524.2700
v 140.9131 905.5906 22524.2700
v 140.8056 905.5201 22524.2700
v 141.1325 905.7305 22524.2700
v 141.0238 905.6619 22524.2700
v 141.3544 905.8664 22524.2700
v 141.2444 905.7997 22524.2700
v 141.5785 905.9984 22524.2700
v 141.4675 905.9337 22524.2700
v 141.8050 906.1266 22524.2700
v 141.6928 906.0637 22524.2700
v 142.0336 906.2507 22524.2700
v 141.9203 906.1898 22524.2700
v 142.2644 906.3708 22524.2700
v 142.1501 906.3120 22524.2700
v 142.4972 906.4869 22524.2700
v 142.3819 906.4301 22524.2700
v 142.7321 906.5989 22524.2700
v 142.6158 906.5441 22524.2700
v 142.9688 906.7068 22524.2700
v 142.8516 906.6540 22524.2700
v 143.2074 906.8105 22524.2700
v 143.0892 906.7598 22524.2700
v 143.4478 906.9102 22524.2700
v 143.3288 906.8615 22524.2700
v 143.6898 907.0055 22524.2700
v 143.5700 906.9589 22524.2700
v 143.9335 907.0966 22524.2700
v 143.8129 907.0521 22524.2700
v 144.1788 907.1835 22524.2700
v 144.0574 907.1411 22524.2700
v 144.4255 907.2660 22524.2700
v 144.3034 907.2257 22524.2700
v 144.6736 907.3442 22524.2700
v 144.5508 907.3061 22524.2700
v 144.9231 907.4182 22524.2700
v 144.7997 907.3821 22524.2700
v 145.1738 907.4877 22524.2700
v 145.0497 907.4539 22524.2700
v 145.4257 907.5528 22524.2700
v 145.3011 907.5212 22524.2700
v 145.6787 907.6135 22524.2700
v 145.5535 907.5840 22524.2700
v 145.9327 907.6699 22524.2700
v 145.8070 907.6426 22524.2700
v 146.1876 907.7217 22524.2700
v 146.0615 907.6967 22524.2700
v 146.4435 907.7691 22524.2700
v 146.3169 907.7463 22524.2700
v 146.7001 907.8121 22524.2700
v 146.5731 907.7914 22524.2700
v 146.9574 907.8505 22524.2700
v 146.8301 907.8321 22524.2700
v 147.2153 907.8845 22524.2700
v 147.0878 907.8683 22524.2700
v 147.4738 907.9139 22524.2700
v 147.3460 907.9000 22524.2700
v 147.7328 907.9389 22524.2700
v 147.6047 907.9271 22524.2700
v 147.9922 907.9593 22524.2700
v 147.8639 907.9498 22524.2700
v 148.2518 907.9752 22524.2700
v 148.1235 907.9679 22524.2700
v 148.5118 907.9865 22524.2700
v 148.3833 907.9815 22524.2700
v 148.7719 907.9933 22524.2700
v 148.6433 907.9905 22524.2700
v 149.0320 907.9956 22524.2700
v 148.9034 907.9951 22524.2700
v 149.2922 907.9933 22524.2700
v 149.1636 907.9950 22524.2700
v 149.5523 907.9865 22524.2700
v 149.4237 907.9905 22524.2700
v 149.8122 907.9752 22524.2700
v 149.6838 907.9813 22524.2700
v 150.0719 907.9593 22524.2700
v 149.9436 907.9677 22524.2700
v 150.3313 907.9389 22524.2700
v 150.2031 907.9495 22524.2700
v 150.5902 907.9139 22524.2700
v 150.4623 907.9268 22524.2700
v 150.8487 907.8845 22524.2700
v 150.7210 907.8996 22524.2700
v 151.1067 907.8505 22524.2700
v 150.9793 907.8679 22524.2700
v 151.3640 907.8121 22524.2700
v 151.2369 907.8317 22524.2700
v 151.6206 907.7691 22524.2700
v 151.4939 907.7909 22524.2700
v 151.8764 907.7217 22524.2700
v 151.7501 907.7457 22524.2700
v 152.1314 907.6699 22524.2700
v 152.0055 907.6960 22524.2700
v 152.3854 907.6135 22524.2700
v 152.2599 907.6419 22524.2700
v 152.6384 907.5528 22524.2700
v 152.5134 907.5834 22524.2700
v 152.8902 907.4877 22524.2700
v 152.7659 907.5204 22524.2700
v 153.1409 907.4182 22524.2700
v 153.0172 907.4531 22524.2700
v 153.3904 907.3442 22524.2700
v 153.2673 907.3813 22524.2700
v 153.6385 907.2660 22524.2700
v 153.5161 907.3052 22524.2700
v 153.8853 907.1835 22524.2700
v 153.7635 907.2248 22524.2700
v 154.1305 907.0966 22524.2700
v 154.0095 907.1401 22524.2700
v 154.3742 907.0055 22524.2700
v 154.2540 907.0510 22524.2700
v 154.6163 906.9102 22524.2700
v 154.4968 906.9578 22524.2700
v 154.8566 906.8105 22524.2700
v 154.7381 906.8603 22524.2700
v 155.0952 906.7068 22524.2700
v 154.9775 906.7586 22524.2700
v 155.3320 906.5989 22524.2700
v 155.2152 906.6528 22524.2700
v 155.5668 906.4869 22524.2700
v 155.4510 906.5428 22524.2700
v 155.7997 906.3708 22524.2700
v 155.6848 906.4287 22524.2700
v 156.0304 906.2507 22524.2700
v 155.9166 906.3106 22524.2700
v 156.2591 906.1266 22524.2700
v 156.1463 906.1884 22524.2700
v 156.4855 905.9984 22524.2700
v 156.3739 906.0623 22524.2700
v 156.7097 905.8664 22524.2700
v 156.5992 905.9321 22524.2700
v 156.9315 905.7305 22524.2700
v 156.8222 905.7981 22524.2700
v 157.1509 905.5906 22524.2700
v 157.0428 905.6602 22524.2700
v 157.3679 905.4471 22524.2700
v 157.2610 905.5185 22524.2700
v 157.5823 905.2997 22524.2700
v 157.4767 905.3730 22524.2700
v 157.7941 905.1486 22524.2700
v 157.6898 905.2238 22524.2700
v 158.0033 904.9938 22524.2700
v 157.9002 905.0708 22524.2700
v 158.2097 904.8354 22524.2700
v 158.1080 904.9142 22524.2700
v 158.4133 904.6735 22524.2700
v 158.3130 904.7540 22524.2700
v 158.6140 904.5081 22524.2700
v 158.5152 904.5903 22524.2700
v 158.8119 904.3391 22524.2700
v 158.7145 904.4230 22524.2700
v 159.0067 904.1667 22524.2700
v 158.9108 904.2523 22524.2700
v 159.1986 903.9909 22524.2700
v 159.1041 904.0782 22524.2700
v 159.3873 903.8118 22524.2700
v 159.2944 903.9007 22524.2700
v 159.5728 903.6295 22524.2700
v 159.4815 903.7200 22524.2700
v 159.7552 903.4438 22524.2700
v 159.6655 903.5360 22524.2700
v 159.9343 903.2551 22524.2700
v 159.8462 903.3488 22524.2700
v 160.1101 903.0634 22524.2700
v 160.0236 903.1585 22524.2700
v 160.2825 902.8685 22524.2700
v 160.1977 902.9651 22524.2700
v 160.4514 902.6707 22524.2700
v 160.3684 902.7688 22524.2700
v 160.6169 902.4699 22524.2700
v 160.5356 902.5695 22524.2700
v 160.7789 902.2663 22524.2700
v 160.6993 902.3672 22524.2700
v 160.9373 902.0599 22524.2700
v 160.8594 902.1622 22524.2700
v 161.0920 901.8507 22524.2700
v 161.0160 901.9544 22524.2700
v 161.2431 901.6389 22524.2700
v 161.1689 901.7439 22524.2700
v 161.3905 901.4245 22524.2700
v 161.3181 901.5308 22524.2700
v 161.5341 901.2075 22524.2700
v 161.4636 901.3151 22524.2700
v 161.6739 900.9881 22524.2700
v 161.6053 901.0969 22524.2700
v 161.8098 900.7663 22524.2700
v 161.7431 900.8762 22524.2700
v 161.9418 900.5421 22524.2700
v 161.8771 900.6532 22524.2700
v 162.0700 900.3157 22524.2700
v 162.0071 900.4279 22524.2700
v 162.1941 900.0870 22524.2700
v 162.1333 900.2003 22524.2700
v 162.3142 899.8563 22524.2700
v 162.2554 899.9706 22524.2700
v 162.4303 899.6234 22524.2700
v 162.3735 899.7387 22524.2700
v 162.5423 899.3885 22524.2700
v 162.4875 899.5049 22524.2700
v 162.6502 899.1519 22524.2700
v 162.5974 899.2690 22524.2700
v 162.7540 898.9132 22524.2700
v 162.7032 899.0314 22524.2700
v 162.8535 898.6729 22524.2700
v 162.8049 898.7919 22524.2700
v 162.9489 898.4308 22524.2700
v 162.9023 898.5507 22524.2700
v 163.0400 898.1871 22524.2700
v 162.9955 898.3077 22524.2700
v 163.1268 897.9418 22524.2700
v 163.0845 898.0632 22524.2700
v 163.2094 897.6951 22524.2700
v 163.1691 897.8173 22524.2700
v 163.2876 897.4470 22524.2700
v 163.2495 897.5698 22524.2700
v 163.3615 897.1975 22524.2700
v 163.3256 897.3210 22524.2700
v 163.4311 896.9468 22524.2700
v 163.3972 897.0709 22524.2700
v 163.4962 896.6949 22524.2700
v 163.4646 896.8196 22524.2700
v 163.5569 896.4420 22524.2700
v 163.5275 896.5671 22524.2700
v 163.6133 896.1879 22524.2700
v 163.5860 896.3136 22524.2700
v 163.6651 895.9330 22524.2700
v 163.6400 896.0591 22524.2700
v 163.7125 895.6772 22524.2700
v 163.6897 895.8037 22524.2700
v 163.7555 895.4206 22524.2700
v 163.7348 895.5475 22524.2700
v 163.7939 895.1633 22524.2700
v 163.7755 895.2905 22524.2700
v 163.8279 894.9053 22524.2700
v 163.8117 895.0329 22524.2700
v 163.8573 894.6468 22524.2700
v 163.8434 894.7747 22524.2700
v 163.8823 894.3878 22524.2700
v 163.8705 894.5159 22524.2700
v 163.9027 894.1285 22524.2700
v 163.8932 894.2567 22524.2700
v 163.9186 893.8688 22524.2700
v 163.9113 893.9971 22524.2700
v 163.9299 893.6089 22524.2700
v 163.9249 893.7374 22524.2700
v 163.9367 893.3488 22524.2700
v 163.9339 893.4774 22524.2700
v 163.9390 893.0886 22524.2700
v 163.9384 893.2172 22524.2700
v 163.9367 892.8284 22524.2700
v 163.9384 892.9570 22524.2700
v 163.9299 892.5684 22524.2700
v 163.9339 892.6969 22524.2700
v 163.9186 892.3084 22524.2700
v 163.9248 892.4369 22524.2700
v 163.9027 892.0488 22524.2700
v 163.9111 892.1771 22524.2700
v 163.8823 891.7894 22524.2700
v 163.8929 891.9175 22524.2700
v 163.8573 891.5304 22524.2700
v 163.8702 891.6583 22524.2700
v 163.8279 891.2719 22524.2700
v 163.8430 891.3996 22524.2700
v 163.7939 891.0140 22524.2700
v 163.8113 891.1414 22524.2700
v 163.7555 890.7567 22524.2700
v 163.7750 890.8837 22524.2700
v 163.7125 890.5001 22524.2700
v 163.7343 890.6268 22524.2700
v 163.6651 890.2442 22524.2700
v 163.6891 890.3705 22524.2700
v 163.6133 889.9893 22524.2700
v 163.6395 890.1152 22524.2700
v 163.5569 889.7353 22524.2700
v 163.5853 889.8607 22524.2700
v 163.4962 889.4823 22524.2700
v 163.5268 889.6072 22524.2700
v 163.4311 889.2304 22524.2700
v 163.4638 889.3547 22524.2700
v 163.3615 888.9797 22524.2700
v 163.3964 889.1035 22524.2700
v 163.2876 888.7302 22524.2700
v 163.3247 888.8533 22524.2700
v 163.2094 888.4821 22524.2700
v 163.2486 888.6046 22524.2700
v 163.1268 888.2354 22524.2700
v 163.1682 888.3571 22524.2700
v 163.0400 887.9901 22524.2700
v 163.0835 888.1111 22524.2700
v 162.9489 887.7464 22524.2700
v 162.9945 887.8666 22524.2700
v 162.8535 887.5043 22524.2700
v 162.9012 887.6238 22524.2700
v 162.7540 887.2640 22524.2700
v 162.8037 887.3826 22524.2700
v 162.6502 887.0254 22524.2700
v 162.7020 887.1431 22524.2700
v 162.5423 886.7886 22524.2700
v 162.5962 886.9054 22524.2700
v 162.4303 886.5538 22524.2700
v 162.4862 886.6696 22524.2700
v 162.3142 886.3210 22524.2700
v 162.3721 886.4358 22524.2700
v 162.1941 886.0902 22524.2700
v 162.2540 886.2040 22524.2700
v 162.0700 885.8616 22524.2700
v 162.1318 885.9743 22524.2700
v 161.9418 885.6351 22524.2700
v 162.0057 885.7468 22524.2700
v 161.8098 885.4109 22524.2700
v 161.8755 885.5214 22524.2700
v 161.6739 885.1891 22524.2700
v 161.7415 885.2985 22524.2700
v 161.5341 884.9697 22524.2700
v 161.6036 885.0778 22524.2700
v 161.3905 884.7527 22524.2700
v 161.4619 884.8596 22524.2700
v 161.2431 884.5383 22524.2700
v 161.3164 884.6440 22524.2700
v 161.0920 884.3265 22524.2700
v 161.1672 884.4308 22524.2700
v 160.9373 884.1174 22524.2700
v 161.0142 884.2204 22524.2700
v 160.7789 883.9109 22524.2700
v 160.8576 884.0126 22524.2700
v 160.6169 883.7073 22524.2700
v 160.6974 883.8076 22524.2700
v 160.4514 883.5066 22524.2700
v 160.5337 883.6055 22524.2700
v 160.2825 883.3088 22524.2700
v 160.3664 883.4061 22524.2700
v 160.1101 883.1139 22524.2700
v 160.1957 883.2098 22524.2700
v 159.9343 882.9221 22524.2700
v 160.0216 883.0165 22524.2700
v 159.7552 882.7333 22524.2700
v 159.8441 882.8262 22524.2700
v 159.5728 882.5478 22524.2700
v 159.6634 882.6391 22524.2700
v 159.3873 882.3654 22524.2700
v 159.4794 882.4551 22524.2700
v 159.1986 882.1863 22524.2700
v 159.2922 882.2744 22524.2700
v 159.0067 882.0106 22524.2700
v 159.1019 882.0970 22524.2700
v 158.8119 881.8381 22524.2700
v 158.9086 881.9229 22524.2700
v 158.6140 881.6692 22524.2700
v 158.7122 881.7523 22524.2700
v 158.4133 881.5037 22524.2700
v 158.5129 881.5851 22524.2700
v 158.2097 881.3417 22524.2700
v 158.3107 881.4213 22524.2700
v 158.0033 881.1833 22524.2700
v 158.1056 881.2612 22524.2700
v 157.7941 881.0286 22524.2700
v 157.8978 881.1046 22524.2700
v 157.5823 880.8775 22524.2700
v 157.6873 880.9517 22524.2700
v 157.3679 880.7302 22524.2700
v 157.4742 880.8025 22524.2700
v 157.1509 880.5865 22524.2700
v 157.2585 880.6570 22524.2700
v 156.9315 880.4468 22524.2700
v 157.0403 880.5154 22524.2700
v 156.7097 880.3109 22524.2700
v 156.8196 880.3775 22524.2700
v 156.4855 880.1788 22524.2700
v 156.5966 880.2435 22524.2700
v 156.2591 880.0507 22524.2700
v 156.3713 880.1135 22524.2700
v 156.0304 879.9265 22524.2700
v 156.1437 879.9874 22524.2700
v 155.7997 879.8064 22524.2700
v 155.9140 879.8652 22524.2700
v 155.5668 879.6903 22524.2700
v 155.6821 879.7472 22524.2700
v 155.3320 879.5783 22524.2700
v 155.4483 879.6331 22524.2700
v 155.0952 879.4704 22524.2700
v 155.2125 879.5232 22524.2700
v 154.8566 879.3666 22524.2700
v 154.9748 879.4174 22524.2700
v 154.6163 879.2671 22524.2700
v 154.7353 879.3158 22524.2700
v 154.3742 879.1718 22524.2700
v 154.4940 879.2183 22524.2700
v 154.1305 879.0806 22524.2700
v 154.2511 879.1251 22524.2700
v 153.8853 878.9938 22524.2700
v 154.0067 879.0362 22524.2700
v 153.6385 878.9112 22524.2700
v 153.7607 878.9515 22524.2700
v 153.3904 878.8330 22524.2700
v 153.5132 878.8711 22524.2700
v 153.1409 878.7591 22524.2700
v 153.2644 878.7950 22524.2700
v 152.8902 878.6896 22524.2700
v 153.0143 878.7234 22524.2700
v 152.6384 878.6245 22524.2700
v 152.7630 878.6561 22524.2700
v 152.3854 878.5637 22524.2700
v 152.5105 878.5931 22524.2700
v 152.1314 878.5074 22524.2700
v 152.2570 878.5347 22524.2700
v 151.8764 878.4555 22524.2700
v 152.0025 878.4806 22524.2700
v 151.6206 878.4081 22524.2700
v 151.7471 878.4310 22524.2700
v 151.3640 878.3652 22524.2700
v 151.4909 878.3858 22524.2700
v 151.1067 878.3267 22524.2700
v 151.2339 878.3452 22524.2700
v 150.8487 878.2927 22524.2700
v 150.9763 878.3090 22524.2700
v 150.5902 878.2633 22524.2700
v 150.7180 878.2773 22524.2700
v 150.3313 878.2383 22524.2700
v 150.4593 878.2501 22524.2700
v 150.0719 878.2180 22524.2700
v 150.2001 878.2275 22524.2700
v 149.8122 878.2020 22524.2700
v 149.9406 878.2094 22524.2700
v 149.5523 878.1907 22524.2700
v 149.6808 878.1957 22524.2700
v 149.2922 878.1839 22524.2700
v 149.4207 878.1867 22524.2700
v 149.0320 878.1816 22524.2700
v 149.1606 878.1822 22524.2700
v 148.7719 878.1839 22524.2700
v 148.9004 878.1822 22524.2700
v 148.5118 878.1907 22524.2700
v 148.6403 878.1868 22524.2700
v 148.2518 878.2020 22524.2700
v 148.3803 878.1959 22524.2700
v 147.9922 878.2180 22524.2700
v 148.1205 878.2095 22524.2700
v 147.7328 878.2383 22524.2700
v 147.8609 878.2277 22524.2700
v 147.4738 878.2633 22524.2700
v 147.6017 878.2504 22524.2700
v 147.2153 878.2927 22524.2700
v 147.3430 878.2776 22524.2700
v 146.9574 878.3267 22524.2700
v 147.0848 878.3093 22524.2700
v 146.7001 878.3652 22524.2700
v 146.8271 878.3456 22524.2700
v 146.4435 878.4081 22524.2700
v 146.5702 878.3863 22524.2700
v 146.1876 878.4555 22524.2700
v 146.3140 878.4315 22524.2700
v 145.9327 878.5074 22524.2700
v 146.0586 878.4812 22524.2700
v 145.6787 878.5637 22524.2700
v 145.8041 878.5353 22524.2700
v 145.4257 878.6245 22524.2700
v 145.5506 878.5939 22524.2700
v 145.1738 878.6896 22524.2700
v 145.2982 878.6568 22524.2700
v 144.9231 878.7591 22524.2700
v 145.0468 878.7242 22524.2700
v 144.6736 878.8330 22524.2700
v 144.7968 878.7959 22524.2700
v 144.4255 878.9112 22524.2700
v 144.5480 878.8720 22524.2700
v 144.1788 878.9938 22524.2700
v 144.3005 878.9525 22524.2700
v 143.9335 879.0806 22524.2700
v 144.0546 879.0372 22524.2700
v 143.6898 879.1718 22524.2700
v 143.8101 879.1262 22524.2700
v 143.4478 879.2671 22524.2700
v 143.5672 879.2194 22524.2700
v 143.2074 879.3666 22524.2700
v 143.3260 879.3170 22524.2700
v 142.9688 879.4704 22524.2700
v 143.0865 879.4186 22524.2700
v 142.7321 879.5783 22524.2700
v 142.8488 879.5245 22524.2700
v 142.4972 879.6903 22524.2700
v 142.6130 879.6345 22524.2700
v 142.2644 879.8064 22524.2700
v 142.3792 879.7485 22524.2700
v 142.0336 879.9265 22524.2700
v 142.1474 879.8666 22524.2700
v 141.8050 880.0507 22524.2700
v 141.9177 879.9888 22524.2700
v 141.5785 880.1788 22524.2700
v 141.6902 880.1150 22524.2700
v 141.3544 880.3109 22524.2700
v 141.4649 880.2451 22524.2700
v 141.1325 880.4468 22524.2700
v 141.2419 880.3791 22524.2700
v 140.9131 880.5865 22524.2700
v 141.0212 880.5170 22524.2700
v 140.6961 880.7302 22524.2700
v 140.8030 880.6587 22524.2700
v 140.4817 880.8775 22524.2700
v 140.5874 880.8042 22524.2700
v 140.2699 881.0286 22524.2700
v 140.3743 880.9535 22524.2700
v 140.0608 881.1833 22524.2700
v 140.1638 881.1064 22524.2700
v 139.8544 881.3417 22524.2700
v 139.9560 881.2630 22524.2700
v 139.6507 881.5037 22524.2700
v 139.7510 881.4232 22524.2700
v 139.4500 881.6692 22524.2700
v 139.5488 881.5870 22524.2700
v 139.2522 881.8381 22524.2700
v 139.3496 881.7542 22524.2700
v 139.0573 882.0106 22524.2700
v 139.1532 881.9249 22524.2700
v 138.8655 882.1863 22524.2700
v 138.9599 882.0991 22524.2700
v 138.6768 882.3654 22524.2700
v 138.7696 882.2765 22524.2700
v 138.4912 882.5478 22524.2700
v 138.5825 882.4573 22524.2700
v 138.3088 882.7333 22524.2700
v 138.3985 882.6412 22524.2700
v 138.1297 882.9221 22524.2700
v 138.2178 882.8284 22524.2700
v 137.9540 883.1139 22524.2700
v 138.0404 883.0187 22524.2700
v 137.7816 883.3088 22524.2700
v 137.8663 883.2121 22524.2700
v 137.6126 883.5066 22524.2700
v 137.6957 883.4084 22524.2700
v 137.4471 883.7073 22524.2700
v 137.5285 883.6078 22524.2700
v 137.2852 883.9109 22524.2700
v 137.3647 883.8100 22524.2700
v 137.1268 884.1174 22524.2700
v 137.2046 884.0150 22524.2700
v 136.9720 884.3265 22524.2700
v 137.0480 884.2228 22524.2700
v 136.8209 884.5383 22524.2700
v 136.8951 884.4333 22524.2700
v 136.6736 884.7527 22524.2700
v 136.7459 884.6464 22524.2700
v 136.5300 884.9697 22524.2700
v 136.6005 884.8621 22524.2700
v 136.3902 885.1891 22524.2700
v 136.4588 885.0804 22524.2700
v 136.2542 885.4109 22524.2700
v 136.3209 885.3010 22524.2700
v 136.1222 885.6351 22524.2700
v 136.1870 885.5240 22524.2700
v 135.9941 885.8616 22524.2700
v 136.0569 885.7494 22524.2700
v 135.8699 886.0902 22524.2700
v 135.9308 885.9769 22524.2700
v 135.7498 886.3210 22524.2700
v 135.8087 886.2067 22524.2700
v 135.6337 886.5538 22524.2700
v 135.6906 886.4385 22524.2700
v 135.5217 886.7886 22524.2700
v 135.5765 886.6724 22524.2700
v 135.4138 887.0254 22524.2700
v 135.4666 886.9081 22524.2700
v 135.3101 887.2640 22524.2700
v 135.3608 887.1458 22524.2700
v 135.2105 887.5043 22524.2700
v 135.2592 887.3853 22524.2700
v 135.1151 887.7464 22524.2700
v 135.1617 887.6266 22524.2700
v 135.0240 887.9901 22524.2700
v 135.0685 887.8695 22524.2700
v 134.9372 888.2354 22524.2700
v 134.9796 888.1140 22524.2700
v 134.8546 888.4821 22524.2700
v 134.8949 888.3600 22524.2700
v 134.7764 888.7302 22524.2700
v 134.8145 888.6074 22524.2700
v 134.7025 888.9797 22524.2700
v 134.7385 888.8563 22524.2700
v 134.6330 889.2304 22524.2700
v 134.6668 889.1063 22524.2700
v 134.5678 889.4823 22524.2700
v 134.5995 889.3577 22524.2700
v 134.5071 889.7353 22524.2700
v 134.5366 889.6101 22524.2700
v 134.4508 889.9893 22524.2700
v 134.4781 889.8636 22524.2700
v 134.3989 890.2442 22524.2700
v 134.4240 890.1181 22524.2700
v 134.3515 890.5001 22524.2700
v 134.3744 890.3735 22524.2700
v 134.3086 890.7567 22524.2700
v 134.3292 890.6298 22524.2700
v 134.2701 891.0140 22524.2700
v 134.2885 890.8867 22524.2700
v 134.2361 891.2719 22524.2700
v 134.2524 891.1443 22524.2700
v 134.2067 891.5304 22524.2700
v 134.2207 891.4026 22524.2700
v 134.1818 891.7894 22524.2700
v 134.1935 891.6613 22524.2700
v 134.1613 892.0488 22524.2700
v 134.1709 891.9205 22524.2700
v 134.1455 892.3084 22524.2700
v 134.1527 892.1801 22524.2700
v 134.1341 892.5684 22524.2700
v 134.1392 892.4399 22524.2700
v 134.1273 892.8284 22524.2700
v 134.1301 892.6999 22524.2700
v 134.1256 892.9600 22524.2700
v 134.1250 893.0886 22513.2700
v 138.4452 893.2104 22513.2700
v 148.9670 893.2609 22513.2700
v 159.5269 893.2104 22513.2700
v 163.9390 893.0886 22513.2700
v 159.6189 892.9668 22513.2700
v 149.0971 892.9163 22513.2700
v 138.5372 892.9668 22513.2700
v 603.7709 893.0886 22501.9100
v 603.7697 892.9586 22501.9100
v 603.7706 893.0228 22501.9100
v 603.7664 892.8285 22501.9100
v 603.7683 892.8928 22501.9100
v 603.7607 892.6985 22501.9100
v 603.7637 892.7628 22501.9100
v 603.7527 892.5687 22501.9100
v 603.7569 892.6328 22501.9100
v 603.7425 892.4390 22501.9100
v 603.7479 892.5031 22501.9100
v 603.7300 892.3095 22501.9100
v 603.7365 892.3735 22501.9100
v 603.7153 892.1802 22501.9100
v 603.7229 892.2441 22501.9100
v 603.6984 892.0513 22501.9100
v 603.7070 892.1150 22501.9100
v 603.6791 891.9226 22501.9100
v 603.6889 891.9861 22501.9100
v 603.6577 891.7943 22501.9100
v 603.6685 891.8577 22501.9100
v 603.6339 891.6664 22501.9100
v 603.6459 891.7296 22501.9100
v 603.6080 891.5389 22501.9100
v 603.6211 891.6019 22501.9100
v 603.5798 891.4119 22501.9100
v 603.5941 891.4747 22501.9100
v 603.5495 891.2855 22501.9100
v 603.5648 891.3479 22501.9100
v 603.5169 891.1595 22501.9100
v 603.5333 891.2217 22501.9100
v 603.4821 891.0342 22501.9100
v 603.4996 891.0960 22501.9100
v 603.4452 890.9094 22501.9100
v 603.4637 890.9710 22501.9100
v 603.4061 890.7853 22501.9100
v 603.4257 890.8466 22501.9100
v 603.3648 890.6620 22501.9100
v 603.3854 890.7229 22501.9100
v 603.3214 890.5394 22501.9100
v 603.3431 890.5999 22501.9100
v 603.2758 890.4175 22501.9100
v 603.2986 890.4777 22501.9100
v 603.2281 890.2965 22501.9100
v 603.2520 890.3562 22501.9100
v 603.1783 890.1763 22501.9100
v 603.2032 890.2356 22501.9100
v 603.1265 890.0570 22501.9100
v 603.1524 890.1158 22501.9100
v 603.0725 889.9386 22501.9100
v 603.0995 889.9970 22501.9100
v 603.0165 889.8212 22501.9100
v 603.0445 889.8792 22501.9100
v 602.9585 889.7048 22501.9100
v 602.9874 889.7622 22501.9100
v 602.8984 889.5894 22501.9100
v 602.9283 889.6463 22501.9100
v 602.8364 889.4751 22501.9100
v 602.8672 889.5314 22501.9100
v 602.7723 889.3619 22501.9100
v 602.8042 889.4177 22501.9100
v 602.7063 889.2498 22501.9100
v 602.7391 889.3051 22501.9100
v 602.6383 889.1389 22501.9100
v 602.6721 889.1935 22501.9100
v 602.5684 889.0292 22501.9100
v 602.6032 889.0832 22501.9100
v 602.4966 888.9207 22501.9100
v 602.5323 888.9741 22501.9100
v 602.4229 888.8135 22501.9100
v 602.4596 888.8663 22501.9100
v 602.3474 888.7076 22501.9100
v 602.3849 888.7597 22501.9100
v 602.2700 888.6030 22501.9100
v 602.3085 888.6545 22501.9100
v 602.1908 888.4998 22501.9100
v 602.2302 888.5506 22501.9100
v 602.1098 888.3979 22501.9100
v 602.1501 888.4481 22501.9100
v 602.0271 888.2976 22501.9100
v 602.0682 888.3470 22501.9100
v 601.9426 888.1987 22501.9100
v 601.9846 888.2474 22501.9100
v 601.8564 888.1013 22501.9100
v 601.8992 888.1492 22501.9100
v 601.7685 888.0054 22501.9100
v 601.8121 888.0526 22501.9100
v 601.6790 887.9109 22501.9100
v 601.7234 887.9574 22501.9100
v 601.5878 887.8182 22501.9100
v 601.6331 887.8638 22501.9100
v 601.4950 887.7270 22501.9100
v 601.5411 887.7719 22501.9100
v 601.4006 887.6375 22501.9100
v 601.4475 887.6815 22501.9100
v 601.3047 887.5496 22501.9100
v 601.3524 887.5928 22501.9100
v 601.2073 887.4634 22501.9100
v 601.2557 887.5058 22501.9100
v 601.1084 887.3789 22501.9100
v 601.1575 887.4205 22501.9100
v 601.0080 887.2961 22501.9100
v 601.0578 887.3369 22501.9100
v 600.9062 887.2151 22501.9100
v 600.9567 887.2550 22501.9100
v 600.8030 887.1360 22501.9100
v 600.8542 887.1749 22501.9100
v 600.6984 887.0586 22501.9100
v 600.7503 887.0966 22501.9100
v 600.5925 886.9831 22501.9100
v 600.6450 887.0201 22501.9100
v 600.4853 886.9094 22501.9100
v 600.5385 886.9456 22501.9100
v 600.3768 886.8376 22501.9100
v 600.4306 886.8729 22501.9100
v 600.2672 886.7677 22501.9100
v 600.3215 886.8020 22501.9100
v 600.1562 886.6997 22501.9100
v 600.2112 886.7331 22501.9100
v 600.0441 886.6337 22501.9100
v 600.0997 886.6661 22501.9100
v 599.9309 886.5696 22501.9100
v 599.9870 886.6011 22501.9100
v 599.8166 886.5076 22501.9100
v 599.8732 886.5380 22501.9100
v 599.7012 886.4475 22501.9100
v 599.7584 886.4769 22501.9100
v 599.5848 886.3895 22501.9100
v 599.6425 886.4179 22501.9100
v 599.4673 886.3334 22501.9100
v 599.5255 886.3609 22501.9100
v 599.3490 886.2795 22501.9100
v 599.4076 886.3059 22501.9100
v 599.2297 886.2277 22501.9100
v 599.2888 886.2530 22501.9100
v 599.1095 886.1779 22501.9100
v 599.1690 886.2022 22501.9100
v 598.9885 886.1302 22501.9100
v 599.0484 886.1535 22501.9100
v 598.8666 886.0846 22501.9100
v 598.9269 886.1069 22501.9100
v 598.7440 886.0412 22501.9100
v 598.8047 886.0624 22501.9100
v 598.6206 885.9999 22501.9100
v 598.6817 886.0200 22501.9100
v 598.4966 885.9608 22501.9100
v 598.5580 885.9799 22501.9100
v 598.3718 885.9238 22501.9100
v 598.4336 885.9418 22501.9100
v 598.2465 885.8891 22501.9100
v 598.3085 885.9060 22501.9100
v 598.1205 885.8565 22501.9100
v 598.1829 885.8723 22501.9100
v 597.9941 885.8262 22501.9100
v 598.0566 885.8409 22501.9100
v 597.8671 885.7980 22501.9100
v 597.9299 885.8116 22501.9100
v 597.7396 885.7720 22501.9100
v 597.8026 885.7846 22501.9100
v 597.6116 885.7484 22501.9100
v 597.6749 885.7598 22501.9100
v 597.4833 885.7269 22501.9100
v 597.5468 885.7372 22501.9100
v 597.3547 885.7076 22501.9100
v 597.4183 885.7169 22501.9100
v 597.2257 885.6907 22501.9100
v 597.2895 885.6988 22501.9100
v 597.0965 885.6760 22501.9100
v 597.1604 885.6829 22501.9100
v 596.9670 885.6635 22501.9100
v 597.0310 885.6694 22501.9100
v 596.8373 885.6533 22501.9100
v 596.9014 885.6580 22501.9100
v 596.7075 885.6453 22501.9100
v 596.7717 885.6490 22501.9100
v 596.5775 885.6396 22501.9100
v 596.6417 885.6422 22501.9100
v 596.4474 885.6362 22501.9100
v 596.5117 885.6376 22501.9100
v 596.3174 885.6351 22501.9100
v 596.3817 885.6354 22501.9100
v 596.1873 885.6362 22501.9100
v 596.2516 885.6354 22501.9100
v 596.0573 885.6396 22501.9100
v 596.1215 885.6377 22501.9100
v 595.9273 885.6453 22501.9100
v 595.9915 885.6423 22501.9100
v 595.7974 885.6533 22501.9100
v 595.8616 885.6490 22501.9100
v 595.6678 885.6635 22501.9100
v 595.7318 885.6581 22501.9100
v 595.5383 885.6760 22501.9100
v 595.6022 885.6695 22501.9100
v 595.4090 885.6907 22501.9100
v 595.4729 885.6831 22501.9100
v 595.2800 885.7076 22501.9100
v 595.3438 885.6990 22501.9100
v 595.1514 885.7269 22501.9100
v 595.2150 885.7171 22501.9100
v 595.0231 885.7484 22501.9100
v 595.0864 885.7375 22501.9100
v 594.8952 885.7720 22501.9100
v 594.9584 885.7601 22501.9100
v 594.7677 885.7980 22501.9100
v 594.8306 885.7849 22501.9100
v 594.6407 885.8262 22501.9100
v 594.7034 885.8120 22501.9100
v 594.5142 885.8565 22501.9100
v 594.5767 885.8412 22501.9100
v 594.3882 885.8891 22501.9100
v 594.4504 885.8727 22501.9100
v 594.2629 885.9238 22501.9100
v 594.3248 885.9064 22501.9100
v 594.1382 885.9608 22501.9100
v 594.1998 885.9423 22501.9100
v 594.0141 885.9999 22501.9100
v 594.0754 885.9803 22501.9100
v 593.8907 886.0412 22501.9100
v 593.9517 886.0205 22501.9100
v 593.7681 886.0846 22501.9100
v 593.8286 886.0629 22501.9100
v 593.6463 886.1302 22501.9100
v 593.7064 886.1074 22501.9100
v 593.5253 886.1779 22501.9100
v 593.5850 886.1541 22501.9100
v 593.4051 886.2277 22501.9100
v 593.4644 886.2028 22501.9100
v 593.2858 886.2795 22501.9100
v 593.3446 886.2536 22501.9100
v 593.1674 886.3334 22501.9100
v 593.2258 886.3065 22501.9100
v 593.0500 886.3895 22501.9100
v 593.1079 886.3615 22501.9100
v 592.9335 886.4475 22501.9100
v 592.9910 886.4186 22501.9100
v 592.8182 886.5076 22501.9100
v 592.8751 886.4776 22501.9100
v 592.7039 886.5696 22501.9100
v 592.7602 886.5387 22501.9100
v 592.5906 886.6337 22501.9100
v 592.6464 886.6018 22501.9100
v 592.4785 886.6997 22501.9100
v 592.5338 886.6669 22501.9100
v 592.3676 886.7677 22501.9100
v 592.4223 886.7338 22501.9100
v 592.2579 886.8376 22501.9100
v 592.3120 886.8028 22501.9100
v 592.1494 886.9094 22501.9100
v 592.2029 886.8737 22501.9100
v 592.0422 886.9831 22501.9100
v 592.0950 886.9464 22501.9100
v 591.9363 887.0586 22501.9100
v 591.9885 887.0211 22501.9100
v 591.8317 887.1360 22501.9100
v 591.8832 887.0975 22501.9100
v 591.7286 887.2151 22501.9100
v 591.7794 887.1758 22501.9100
v 591.6268 887.2961 22501.9100
v 591.6769 887.2559 22501.9100
v 591.5264 887.3789 22501.9100
v 591.5758 887.3378 22501.9100
v 591.4274 887.4634 22501.9100
v 591.4761 887.4214 22501.9100
v 591.3300 887.5496 22501.9100
v 591.3780 887.5068 22501.9100
v 591.2341 887.6375 22501.9100
v 591.2813 887.5938 22501.9100
v 591.1398 887.7270 22501.9100
v 591.1862 887.6826 22501.9100
v 591.0469 887.8182 22501.9100
v 591.0926 887.7729 22501.9100
v 590.9558 887.9109 22501.9100
v 591.0007 887.8649 22501.9100
v 590.8662 888.0054 22501.9100
v 590.9103 887.9585 22501.9100
v 590.7784 888.1013 22501.9100
v 590.8216 888.0536 22501.9100
v 590.6921 888.1987 22501.9100
v 590.7346 888.1503 22501.9100
v 590.6077 888.2976 22501.9100
v 590.6492 888.2485 22501.9100
v 590.5249 888.3979 22501.9100
v 590.5656 888.3482 22501.9100
v 590.4440 888.4998 22501.9100
v 590.4838 888.4493 22501.9100
v 590.3647 888.6030 22501.9100
v 590.4037 888.5518 22501.9100
v 590.2874 888.7076 22501.9100
v 590.3254 888.6557 22501.9100
v 590.2119 888.8135 22501.9100
v 590.2490 888.7610 22501.9100
v 590.1381 888.9207 22501.9100
v 590.1743 888.8676 22501.9100
v 590.0663 889.0292 22501.9100
v 590.1016 888.9754 22501.9100
v 589.9965 889.1389 22501.9100
v 590.0308 889.0845 22501.9100
v 589.9285 889.2498 22501.9100
v 589.9619 889.1948 22501.9100
v 589.8625 889.3619 22501.9100
v 589.8948 889.3063 22501.9100
v 589.7984 889.4751 22501.9100
v 589.8298 889.4190 22501.9100
v 589.7363 889.5894 22501.9100
v 589.7668 889.5328 22501.9100
v 589.6763 889.7048 22501.9100
v 589.7057 889.6476 22501.9100
v 589.6182 889.8212 22501.9100
v 589.6467 889.7635 22501.9100
v 589.5622 889.9386 22501.9100
v 589.5897 889.8805 22501.9100
v 589.5083 890.0570 22501.9100
v 589.5347 889.9984 22501.9100
v 589.4564 890.1763 22501.9100
v 589.4818 890.1172 22501.9100
v 589.4066 890.2965 22501.9100
v 589.4310 890.2370 22501.9100
v 589.3589 890.4175 22501.9100
v 589.3823 890.3576 22501.9100
v 589.3134 890.5394 22501.9100
v 589.3356 890.4791 22501.9100
v 589.2700 890.6620 22501.9100
v 589.2911 890.6013 22501.9100
v 589.2287 890.7853 22501.9100
v 589.2488 890.7243 22501.9100
v 589.1896 890.9094 22501.9100
v 589.2086 890.8480 22501.9100
v 589.1526 891.0342 22501.9100
v 589.1706 890.9724 22501.9100
v 589.1179 891.1595 22501.9100
v 589.1348 891.0975 22501.9100
v 589.0853 891.2855 22501.9100
v 589.1011 891.2231 22501.9100
v 589.0549 891.4119 22501.9100
v 589.0696 891.3494 22501.9100
v 589.0267 891.5389 22501.9100
v 589.0404 891.4761 22501.9100
v 589.0009 891.6664 22501.9100
v 589.0134 891.6033 22501.9100
v 588.9771 891.7943 22501.9100
v 588.9885 891.7311 22501.9100
v 588.9556 891.9226 22501.9100
v 588.9660 891.8592 22501.9100
v 588.9364 892.0513 22501.9100
v 588.9456 891.9877 22501.9100
v 588.9194 892.1802 22501.9100
v 588.9276 892.1165 22501.9100
v 588.9047 892.3095 22501.9100
v 588.9117 892.2456 22501.9100
v 588.8923 892.4390 22501.9100
v 588.8981 892.3750 22501.9100
v 588.8820 892.5687 22501.9100
v 588.8868 892.5046 22501.9100
v 588.8741 892.6985 22501.9100
v 588.8777 892.6343 22501.9100
v 588.8684 892.8285 22501.9100
v 588.8710 892.7642 22501.9100
v 588.8650 892.9586 22501.9100
v 588.8664 892.8942 22501.9100
v 588.8639 893.0886 22501.9100
v 588.8641 893.0243 22501.9100
v 588.8650 893.2187 22501.9100
v 588.8642 893.1544 22501.9100
v 588.8684 893.3488 22501.9100
v 588.8665 893.2845 22501.9100
v 588.8741 893.4787 22501.9100
v 588.8710 893.4145 22501.9100
v 588.8820 893.6085 22501.9100
v 588.8778 893.5444 22501.9100
v 588.8923 893.7382 22501.9100
v 588.8869 893.6741 22501.9100
v 588.9047 893.8677 22501.9100
v 588.8983 893.8038 22501.9100
v 588.9194 893.9969 22501.9100
v 588.9119 893.9331 22501.9100
v 588.9364 894.1259 22501.9100
v 588.9277 894.0623 22501.9100
v 588.9556 894.2546 22501.9100
v 588.9459 894.1910 22501.9100
v 588.9771 894.3829 22501.9100
v 588.9662 894.3195 22501.9100
v 589.0009 894.5108 22501.9100
v 588.9888 894.4476 22501.9100
v 589.0267 894.6383 22501.9100
v 589.0137 894.5753 22501.9100
v 589.0549 894.7653 22501.9100
v 589.0407 894.7026 22501.9100
v 589.0853 894.8918 22501.9100
v 589.0700 894.8293 22501.9100
v 589.1179 895.0177 22501.9100
v 589.1015 894.9556 22501.9100
v 589.1526 895.1431 22501.9100
v 589.1352 895.0812 22501.9100
v 589.1896 895.2678 22501.9100
v 589.1710 895.2062 22501.9100
v 589.2287 895.3918 22501.9100
v 589.2091 895.3306 22501.9100
v 589.2700 895.5153 22501.9100
v 589.2493 895.4543 22501.9100
v 589.3134 895.6379 22501.9100
v 589.2916 895.5773 22501.9100
v 589.3589 895.7597 22501.9100
v 589.3362 895.6996 22501.9100
v 589.4066 895.8807 22501.9100
v 589.3828 895.8210 22501.9100
v 589.4564 896.0009 22501.9100
v 589.4315 895.9417 22501.9100
v 589.5083 896.1202 22501.9100
v 589.4824 896.0614 22501.9100
v 589.5622 896.2386 22501.9100
v 589.5353 896.1802 22501.9100
v 589.6182 896.3560 22501.9100
v 589.5903 896.2981 22501.9100
v 589.6763 896.4724 22501.9100
v 589.6473 896.4150 22501.9100
v 589.7363 896.5878 22501.9100
v 589.7064 896.5309 22501.9100
v 589.7984 896.7021 22501.9100
v 589.7675 896.6458 22501.9100
v 589.8625 896.8154 22501.9100
v 589.8306 896.7595 22501.9100
v 589.9285 896.9274 22501.9100
v 589.8956 896.8722 22501.9100
v 589.9965 897.0384 22501.9100
v 589.9626 896.9837 22501.9100
v 590.0663 897.1481 22501.9100
v 590.0316 897.0940 22501.9100
v 590.1381 897.2565 22501.9100
v 590.1024 897.2031 22501.9100
v 590.2119 897.3638 22501.9100
v 590.1752 897.3109 22501.9100
v 590.2874 897.4697 22501.9100
v 590.2498 897.4175 22501.9100
v 590.3647 897.5742 22501.9100
v 590.3263 897.5227 22501.9100
v 590.4440 897.6774 22501.9100
v 590.4046 897.6266 22501.9100
v 590.5249 897.7792 22501.9100
v 590.4847 897.7291 22501.9100
v 590.6077 897.8796 22501.9100
v 590.5665 897.8302 22501.9100
v 590.6921 897.9785 22501.9100
v 590.6502 897.9299 22501.9100
v 590.7784 898.0760 22501.9100
v 590.7355 898.0280 22501.9100
v 590.8662 898.1719 22501.9100
v 590.8226 898.1247 22501.9100
v 590.9558 898.2662 22501.9100
v 590.9113 898.2198 22501.9100
v 591.0469 898.3590 22501.9100
v 591.0017 898.3134 22501.9100
v 591.1398 898.4502 22501.9100
v 591.0937 898.4053 22501.9100
v 591.2341 898.5397 22501.9100
v 591.1873 898.4957 22501.9100
v 591.3300 898.6276 22501.9100
v 591.2824 898.5844 22501.9100
v 591.4274 898.7138 22501.9100
v 591.3791 898.6714 22501.9100
v 591.5264 898.7983 22501.9100
v 591.4773 898.7568 22501.9100
v 591.6268 898.8810 22501.9100
v 591.5770 898.8404 22501.9100
v 591.7286 898.9620 22501.9100
v 591.6780 898.9222 22501.9100
v 591.8317 899.0413 22501.9100
v 591.7806 899.0023 22501.9100
v 591.9363 899.1186 22501.9100
v 591.8845 899.0806 22501.9100
v 592.0422 899.1942 22501.9100
v 591.9897 899.1570 22501.9100
v 592.1494 899.2678 22501.9100
v 592.0963 899.2316 22501.9100
v 592.2579 899.3397 22501.9100
v 592.2042 899.3044 22501.9100
v 592.3676 899.4095 22501.9100
v 592.3132 899.3752 22501.9100
v 592.4785 899.4775 22501.9100
v 592.4236 899.4442 22501.9100
v 592.5906 899.5435 22501.9100
v 592.5351 899.5112 22501.9100
v 592.7039 899.6076 22501.9100
v 592.6478 899.5762 22501.9100
v 592.8182 899.6697 22501.9100
v 592.7615 899.6392 22501.9100
v 592.9335 899.7297 22501.9100
v 592.8764 899.7003 22501.9100
v 593.0500 899.7878 22501.9100
v 592.9923 899.7593 22501.9100
v 593.1674 899.8438 22501.9100
v 593.1093 899.8163 22501.9100
v 593.2858 899.8977 22501.9100
v 593.2272 899.8713 22501.9100
v 593.4051 899.9496 22501.9100
v 593.3460 899.9242 22501.9100
v 593.5253 899.9994 22501.9100
v 593.4658 899.9750 22501.9100
v 593.6463 900.0471 22501.9100
v 593.5864 900.0237 22501.9100
v 593.7681 900.0926 22501.9100
v 593.7078 900.0704 22501.9100
v 593.8907 900.1360 22501.9100
v 593.8301 900.1148 22501.9100
v 594.0141 900.1773 22501.9100
v 593.9531 900.1572 22501.9100
v 594.1382 900.2164 22501.9100
v 594.0768 900.1974 22501.9100
v 594.2629 900.2534 22501.9100
v 594.2012 900.2354 22501.9100
v 594.3882 900.2881 22501.9100
v 594.3262 900.2712 22501.9100
v 594.5142 900.3207 22501.9100
v 594.4519 900.3049 22501.9100
v 594.6407 900.3511 22501.9100
v 594.5781 900.3364 22501.9100
v 594.7677 900.3792 22501.9100
v 594.7049 900.3656 22501.9100
v 594.8952 900.4052 22501.9100
v 594.8322 900.3926 22501.9100
v 595.0231 900.4289 22501.9100
v 594.9598 900.4174 22501.9100
v 595.1514 900.4503 22501.9100
v 595.0880 900.4400 22501.9100
v 595.2800 900.4695 22501.9100
v 595.2164 900.4603 22501.9100
v 595.4090 900.4866 22501.9100
v 595.3453 900.4785 22501.9100
v 595.5383 900.5013 22501.9100
v 595.4744 900.4943 22501.9100
v 595.6678 900.5137 22501.9100
v 595.6038 900.5079 22501.9100
v 595.7974 900.5239 22501.9100
v 595.7333 900.5192 22501.9100
v 595.9273 900.5319 22501.9100
v 595.8631 900.5283 22501.9100
v 596.0573 900.5375 22501.9100
v 595.9930 900.5350 22501.9100
v 596.1873 900.5410 22501.9100
v 596.1230 900.5396 22501.9100
v 596.3174 900.5421 22501.9100
v 596.2531 900.5418 22501.9100
v 596.4474 900.5410 22501.9100
v 596.3832 900.5418 22501.9100
v 596.5775 900.5375 22501.9100
v 596.5132 900.5396 22501.9100
v 596.7075 900.5319 22501.9100
v 596.6432 900.5350 22501.9100
v 596.8373 900.5239 22501.9100
v 596.7731 900.5281 22501.9100
v 596.9670 900.5137 22501.9100
v 596.9029 900.5190 22501.9100
v 597.0965 900.5013 22501.9100
v 597.0325 900.5077 22501.9100
v 597.2257 900.4866 22501.9100
v 597.1619 900.4941 22501.9100
v 597.3547 900.4695 22501.9100
v 597.2910 900.4783 22501.9100
v 597.4833 900.4503 22501.9100
v 597.4198 900.4601 22501.9100
v 597.6116 900.4289 22501.9100
v 597.5483 900.4398 22501.9100
v 597.7396 900.4052 22501.9100
v 597.6764 900.4172 22501.9100
v 597.8671 900.3792 22501.9100
v 597.8041 900.3923 22501.9100
v 597.9941 900.3511 22501.9100
v 597.9313 900.3653 22501.9100
v 598.1205 900.3207 22501.9100
v 598.0581 900.3360 22501.9100
v 598.2465 900.2881 22501.9100
v 598.1843 900.3045 22501.9100
v 598.3718 900.2534 22501.9100
v 598.3099 900.2708 22501.9100
v 598.4966 900.2164 22501.9100
v 598.4350 900.2350 22501.9100
v 598.6206 900.1773 22501.9100
v 598.5594 900.1969 22501.9100
v 598.7440 900.1360 22501.9100
v 598.6831 900.1567 22501.9100
v 598.8666 900.0926 22501.9100
v 598.8061 900.1143 22501.9100
v 598.9885 900.0471 22501.9100
v 598.9283 900.0698 22501.9100
v 599.1095 899.9994 22501.9100
v 599.0498 900.0232 22501.9100
v 599.2297 899.9496 22501.9100
v 599.1704 899.9744 22501.9100
v 599.3490 899.8977 22501.9100
v 599.2902 899.9236 22501.9100
v 599.4673 899.8438 22501.9100
v 599.4090 899.8707 22501.9100
v 599.5848 899.7878 22501.9100
v 599.5269 899.8157 22501.9100
v 599.7012 899.7297 22501.9100
v 599.6438 899.7587 22501.9100
v 599.8166 899.6697 22501.9100
v 599.7597 899.6996 22501.9100
v 599.9309 899.6076 22501.9100
v 599.8745 899.6385 22501.9100
v 600.0441 899.5435 22501.9100
v 599.9883 899.5754 22501.9100
v 600.1562 899.4775 22501.9100
v 600.1010 899.5104 22501.9100
v 600.2672 899.4095 22501.9100
v 600.2125 899.4434 22501.9100
v 600.3768 899.3397 22501.9100
v 600.3228 899.3745 22501.9100
v 600.4853 899.2678 22501.9100
v 600.4319 899.3036 22501.9100
v 600.5925 899.1942 22501.9100
v 600.5397 899.2308 22501.9100
v 600.6984 899.1186 22501.9100
v 600.6462 899.1562 22501.9100
v 600.8030 899.0413 22501.9100
v 600.7515 899.0797 22501.9100
v 600.9062 898.9620 22501.9100
v 600.8553 899.0014 22501.9100
v 601.0080 898.8810 22501.9100
v 600.9579 898.9213 22501.9100
v 601.1084 898.7983 22501.9100
v 601.0590 898.8394 22501.9100
v 601.2073 898.7138 22501.9100
v 601.1586 898.7558 22501.9100
v 601.3047 898.6276 22501.9100
v 601.2568 898.6705 22501.9100
v 601.4006 898.5397 22501.9100
v 601.3535 898.5834 22501.9100
v 601.4950 898.4502 22501.9100
v 601.4485 898.4947 22501.9100
v 601.5878 898.3590 22501.9100
v 601.5421 898.4043 22501.9100
v 601.6790 898.2662 22501.9100
v 601.6341 898.3123 22501.9100
v 601.7685 898.1719 22501.9100
v 601.7245 898.2187 22501.9100
v 601.8564 898.0760 22501.9100
v 601.8132 898.1235 22501.9100
v 601.9426 897.9785 22501.9100
v 601.9002 898.0269 22501.9100
v 602.0271 897.8796 22501.9100
v 601.9855 897.9287 22501.9100
v 602.1098 897.7792 22501.9100
v 602.0692 897.8290 22501.9100
v 602.1908 897.6774 22501.9100
v 602.1510 897.7279 22501.9100
v 602.2700 897.5742 22501.9100
v 602.2311 897.6254 22501.9100
v 602.3474 897.4697 22501.9100
v 602.3094 897.5215 22501.9100
v 602.4229 897.3638 22501.9100
v 602.3858 897.4163 22501.9100
v 602.4966 897.2565 22501.9100
v 602.4604 897.3097 22501.9100
v 602.5684 897.1481 22501.9100
v 602.5331 897.2018 22501.9100
v 602.6383 897.0384 22501.9100
v 602.6040 897.0927 22501.9100
v 602.7063 896.9274 22501.9100
v 602.6729 896.9824 22501.9100
v 602.7723 896.8154 22501.9100
v 602.7399 896.8709 22501.9100
v 602.8364 896.7021 22501.9100
v 602.8049 896.7582 22501.9100
v 602.8984 896.5878 22501.9100
v 602.8680 896.6445 22501.9100
v 602.9585 896.4724 22501.9100
v 602.9291 896.5296 22501.9100
v 603.0165 896.3560 22501.9100
v 602.9881 896.4137 22501.9100
v 603.0725 896.2386 22501.9100
v 603.0451 896.2968 22501.9100
v 603.1265 896.1202 22501.9100
v 603.1001 896.1788 22501.9100
v 603.1783 896.0009 22501.9100
v 603.1530 896.0600 22501.9100
v 603.2281 895.8807 22501.9100
v 603.2038 895.9402 22501.9100
v 603.2758 895.7597 22501.9100
v 603.2525 895.8196 22501.9100
v 603.3214 895.6379 22501.9100
v 603.2991 895.6982 22501.9100
v 603.3648 895.5153 22501.9100
v 603.3436 895.5759 22501.9100
v 603.4061 895.3918 22501.9100
v 603.3859 895.4529 22501.9100
v 603.4452 895.2678 22501.9100
v 603.4261 895.3292 22501.9100
v 603.4821 895.1431 22501.9100
v 603.4642 895.2048 22501.9100
v 603.5169 895.0177 22501.9100
v 603.5000 895.0798 22501.9100
v 603.5495 894.8918 22501.9100
v 603.5336 894.9541 22501.9100
v 603.5798 894.7653 22501.9100
v 603.5651 894.8279 22501.9100
v 603.6080 894.6383 22501.9100
v 603.5944 894.7011 22501.9100
v 603.6339 894.5108 22501.9100
v 603.6214 894.5739 22501.9100
v 603.6577 894.3829 22501.9100
v 603.6462 894.4462 22501.9100
v 603.6791 894.2546 22501.9100
v 603.6688 894.3181 22501.9100
v 603.6984 894.1259 22501.9100
v 603.6891 894.1896 22501.9100
v 603.7153 893.9969 22501.9100
v 603.7072 894.0607 22501.9100
v 603.7300 893.8677 22501.9100
v 603.7230 893.9316 22501.9100
v 603.7425 893.7382 22501.9100
v 603.7366 893.8022 22501.9100
v 603.7527 893.6085 22501.9100
v 603.7479 893.6727 22501.9100
v 603.7607 893.4787 22501.9100
v 603.7570 893.5429 22501.9100
v 603.7664 893.3488 22501.9100
v 603.7638 893.4130 22501.9100
v 603.7697 893.2187 22501.9100
v 603.7683 893.2830 22501.9100
v 603.7706 893.1529 22501.9100
v 603.7709 893.0886 22390.1500
v 603.7697 893.2187 22390.1500
v 603.7700 893.1544 22390.1500
v 603.7664 893.3488 22390.1500
v 603.7677 893.2845 22390.1500
v 603.7607 893.4787 22390.1500
v 603.7632 893.4144 22390.1500
v 603.7527 893.6085 22390.1500
v 603.7563 893.5444 22390.1500
v 603.7425 893.7382 22390.1500
v 603.7473 893.6741 22390.1500
v 603.7300 893.8677 22390.1500
v 603.7359 893.8037 22390.1500
v 603.7153 893.9969 22390.1500
v 603.7223 893.9330 22390.1500
v 603.6984 894.1259 22390.1500
v 603.7064 894.0621 22390.1500
v 603.6791 894.2546 22390.1500
v 603.6884 894.1910 22390.1500
v 603.6577 894.3829 22390.1500
v 603.6680 894.3195 22390.1500
v 603.6339 894.5108 22390.1500
v 603.6454 894.4475 22390.1500
v 603.6080 894.6383 22390.1500
v 603.6205 894.5752 22390.1500
v 603.5798 894.7653 22390.1500
v 603.5935 894.7025 22390.1500
v 603.5495 894.8918 22390.1500
v 603.5642 894.8292 22390.1500
v 603.5169 895.0177 22390.1500
v 603.5327 894.9554 22390.1500
v 603.4821 895.1431 22390.1500
v 603.4990 895.0811 22390.1500
v 603.4452 895.2678 22390.1500
v 603.4632 895.2061 22390.1500
v 603.4061 895.3918 22390.1500
v 603.4251 895.3304 22390.1500
v 603.3648 895.5153 22390.1500
v 603.3849 895.4542 22390.1500
v 603.3214 895.6379 22390.1500
v 603.3426 895.5771 22390.1500
v 603.2758 895.7597 22390.1500
v 603.2980 895.6994 22390.1500
v 603.2281 895.8807 22390.1500
v 603.2515 895.8208 22390.1500
v 603.1783 896.0009 22390.1500
v 603.2027 895.9414 22390.1500
v 603.1265 896.1202 22390.1500
v 603.1519 896.0612 22390.1500
v 603.0725 896.2386 22390.1500
v 603.0989 896.1800 22390.1500
v 603.0165 896.3560 22390.1500
v 603.0439 896.2979 22390.1500
v 602.9585 896.4724 22390.1500
v 602.9869 896.4147 22390.1500
v 602.8984 896.5878 22390.1500
v 602.9279 896.5306 22390.1500
v 602.8364 896.7021 22390.1500
v 602.8668 896.6455 22390.1500
v 602.7723 896.8154 22390.1500
v 602.8037 896.7593 22390.1500
v 602.7063 896.9274 22390.1500
v 602.7386 896.8719 22390.1500
v 602.6383 897.0384 22390.1500
v 602.6716 896.9834 22390.1500
v 602.5684 897.1481 22390.1500
v 602.6027 897.0937 22390.1500
v 602.4966 897.2565 22390.1500
v 602.5319 897.2028 22390.1500
v 602.4229 897.3638 22390.1500
v 602.4591 897.3106 22390.1500
v 602.3474 897.4697 22390.1500
v 602.3845 897.4172 22390.1500
v 602.2700 897.5742 22390.1500
v 602.3080 897.5224 22390.1500
v 602.1908 897.6774 22390.1500
v 602.2297 897.6263 22390.1500
v 602.1098 897.7792 22390.1500
v 602.1497 897.7288 22390.1500
v 602.0271 897.8796 22390.1500
v 602.0677 897.8298 22390.1500
v 601.9426 897.9785 22390.1500
v 601.9841 897.9294 22390.1500
v 601.8564 898.0760 22390.1500
v 601.8988 898.0276 22390.1500
v 601.7685 898.1719 22390.1500
v 601.8118 898.1243 22390.1500
v 601.6790 898.2662 22390.1500
v 601.7230 898.2194 22390.1500
v 601.5878 898.3590 22390.1500
v 601.6326 898.3130 22390.1500
v 601.4950 898.4502 22390.1500
v 601.5406 898.4050 22390.1500
v 601.4006 898.5397 22390.1500
v 601.4471 898.4953 22390.1500
v 601.3047 898.6276 22390.1500
v 601.3519 898.5840 22390.1500
v 601.2073 898.7138 22390.1500
v 601.2552 898.6710 22390.1500
v 601.1084 898.7983 22390.1500
v 601.1571 898.7563 22390.1500
v 601.0080 898.8810 22390.1500
v 601.0574 898.8400 22390.1500
v 600.9062 898.9620 22390.1500
v 600.9564 898.9218 22390.1500
v 600.8030 899.0413 22390.1500
v 600.8538 899.0019 22390.1500
v 600.6984 899.1186 22390.1500
v 600.7499 899.0801 22390.1500
v 600.5925 899.1942 22390.1500
v 600.6447 899.1566 22390.1500
v 600.4853 899.2678 22390.1500
v 600.5381 899.2312 22390.1500
v 600.3768 899.3397 22390.1500
v 600.4303 899.3039 22390.1500
v 600.2672 899.4095 22390.1500
v 600.3212 899.3748 22390.1500
v 600.1562 899.4775 22390.1500
v 600.2109 899.4437 22390.1500
v 600.0441 899.5435 22390.1500
v 600.0994 899.5107 22390.1500
v 599.9309 899.6076 22390.1500
v 599.9867 899.5757 22390.1500
v 599.8166 899.6697 22390.1500
v 599.8729 899.6387 22390.1500
v 599.7012 899.7297 22390.1500
v 599.7581 899.6998 22390.1500
v 599.5848 899.7878 22390.1500
v 599.6422 899.7589 22390.1500
v 599.4673 899.8438 22390.1500
v 599.5253 899.8159 22390.1500
v 599.3490 899.8977 22390.1500
v 599.4073 899.8708 22390.1500
v 599.2297 899.9496 22390.1500
v 599.2885 899.9237 22390.1500
v 599.1095 899.9994 22390.1500
v 599.1688 899.9745 22390.1500
v 598.9885 900.0471 22390.1500
v 599.0482 900.0232 22390.1500
v 598.8666 900.0926 22390.1500
v 598.9268 900.0698 22390.1500
v 598.7440 900.1360 22390.1500
v 598.8045 900.1143 22390.1500
v 598.6206 900.1773 22390.1500
v 598.6815 900.1566 22390.1500
v 598.4966 900.2164 22390.1500
v 598.5578 900.1968 22390.1500
v 598.3718 900.2534 22390.1500
v 598.4334 900.2349 22390.1500
v 598.2465 900.2881 22390.1500
v 598.3083 900.2707 22390.1500
v 598.1205 900.3207 22390.1500
v 598.1827 900.3043 22390.1500
v 597.9941 900.3511 22390.1500
v 598.0565 900.3358 22390.1500
v 597.8671 900.3792 22390.1500
v 597.9297 900.3651 22390.1500
v 597.7396 900.4052 22390.1500
v 597.8025 900.3921 22390.1500
v 597.6116 900.4289 22390.1500
v 597.6748 900.4169 22390.1500
v 597.4833 900.4503 22390.1500
v 597.5468 900.4395 22390.1500
v 597.3547 900.4695 22390.1500
v 597.4183 900.4598 22390.1500
v 597.2257 900.4866 22390.1500
v 597.2894 900.4779 22390.1500
v 597.0965 900.5013 22390.1500
v 597.1603 900.4937 22390.1500
v 596.9670 900.5137 22390.1500
v 597.0309 900.5073 22390.1500
v 596.8373 900.5239 22390.1500
v 596.9014 900.5186 22390.1500
v 596.7075 900.5319 22390.1500
v 596.7716 900.5277 22390.1500
v 596.5775 900.5375 22390.1500
v 596.6417 900.5345 22390.1500
v 596.4474 900.5410 22390.1500
v 596.5117 900.5390 22390.1500
v 596.3174 900.5421 22390.1500
v 596.3817 900.5413 22390.1500
v 596.1873 900.5410 22390.1500
v 596.2516 900.5413 22390.1500
v 596.0573 900.5375 22390.1500
v 596.1215 900.5389 22390.1500
v 595.9273 900.5319 22390.1500
v 595.9915 900.5344 22390.1500
v 595.7974 900.5239 22390.1500
v 595.8616 900.5276 22390.1500
v 595.6678 900.5137 22390.1500
v 595.7319 900.5185 22390.1500
v 595.5383 900.5013 22390.1500
v 595.6023 900.5071 22390.1500
v 595.4090 900.4866 22390.1500
v 595.4730 900.4935 22390.1500
v 595.2800 900.4695 22390.1500
v 595.3438 900.4777 22390.1500
v 595.1514 900.4503 22390.1500
v 595.2150 900.4595 22390.1500
v 595.0231 900.4289 22390.1500
v 595.0865 900.4392 22390.1500
v 594.8952 900.4052 22390.1500
v 594.9584 900.4166 22390.1500
v 594.7677 900.3792 22390.1500
v 594.8307 900.3918 22390.1500
v 594.6407 900.3511 22390.1500
v 594.7036 900.3647 22390.1500
v 594.5142 900.3207 22390.1500
v 594.5768 900.3354 22390.1500
v 594.3882 900.2881 22390.1500
v 594.4506 900.3040 22390.1500
v 594.2629 900.2534 22390.1500
v 594.3250 900.2703 22390.1500
v 594.1382 900.2164 22390.1500
v 594.1999 900.2344 22390.1500
v 594.0141 900.1773 22390.1500
v 594.0755 900.1964 22390.1500
v 593.8907 900.1360 22390.1500
v 593.9518 900.1562 22390.1500
v 593.7681 900.0926 22390.1500
v 593.8289 900.1138 22390.1500
v 593.6463 900.0471 22390.1500
v 593.7066 900.0693 22390.1500
v 593.5253 899.9994 22390.1500
v 593.5851 900.0226 22390.1500
v 593.4051 899.9496 22390.1500
v 593.4646 899.9739 22390.1500
v 593.2858 899.8977 22390.1500
v 593.3448 899.9231 22390.1500
v 593.1674 899.8438 22390.1500
v 593.2260 899.8702 22390.1500
v 593.0500 899.7878 22390.1500
v 593.1082 899.8152 22390.1500
v 592.9335 899.7297 22390.1500
v 592.9912 899.7582 22390.1500
v 592.8182 899.6697 22390.1500
v 592.8753 899.6991 22390.1500
v 592.7039 899.6076 22390.1500
v 592.7605 899.6380 22390.1500
v 592.5906 899.5435 22390.1500
v 592.6467 899.5750 22390.1500
v 592.4785 899.4775 22390.1500
v 592.5341 899.5099 22390.1500
v 592.3676 899.4095 22390.1500
v 592.4226 899.4429 22390.1500
v 592.2579 899.3397 22390.1500
v 592.3123 899.3740 22390.1500
v 592.1494 899.2678 22390.1500
v 592.2032 899.3031 22390.1500
v 592.0422 899.1942 22390.1500
v 592.0954 899.2303 22390.1500
v 591.9363 899.1186 22390.1500
v 591.9888 899.1557 22390.1500
v 591.8317 899.0413 22390.1500
v 591.8836 899.0792 22390.1500
v 591.7286 898.9620 22390.1500
v 591.7797 899.0010 22390.1500
v 591.6268 898.8810 22390.1500
v 591.6772 898.9208 22390.1500
v 591.5264 898.7983 22390.1500
v 591.5762 898.8390 22390.1500
v 591.4274 898.7138 22390.1500
v 591.4765 898.7554 22390.1500
v 591.3300 898.6276 22390.1500
v 591.3784 898.6700 22390.1500
v 591.2341 898.5397 22390.1500
v 591.2817 898.5830 22390.1500
v 591.1398 898.4502 22390.1500
v 591.1866 898.4943 22390.1500
v 591.0469 898.3590 22390.1500
v 591.0930 898.4039 22390.1500
v 590.9558 898.2662 22390.1500
v 591.0010 898.3119 22390.1500
v 590.8662 898.1719 22390.1500
v 590.9107 898.2183 22390.1500
v 590.7784 898.0760 22390.1500
v 590.8220 898.1232 22390.1500
v 590.6921 897.9785 22390.1500
v 590.7350 898.0265 22390.1500
v 590.6077 897.8796 22390.1500
v 590.6497 897.9283 22390.1500
v 590.5249 897.7792 22390.1500
v 590.5660 897.8287 22390.1500
v 590.4440 897.6774 22390.1500
v 590.4842 897.7276 22390.1500
v 590.3647 897.5742 22390.1500
v 590.4041 897.6251 22390.1500
v 590.2874 897.4697 22390.1500
v 590.3259 897.5212 22390.1500
v 590.2119 897.3638 22390.1500
v 590.2494 897.4160 22390.1500
v 590.1381 897.2565 22390.1500
v 590.1748 897.3094 22390.1500
v 590.0663 897.1481 22390.1500
v 590.1021 897.2015 22390.1500
v 589.9965 897.0384 22390.1500
v 590.0312 897.0924 22390.1500
v 589.9285 896.9274 22390.1500
v 589.9623 896.9821 22390.1500
v 589.8625 896.8154 22390.1500
v 589.8953 896.8706 22390.1500
v 589.7984 896.7021 22390.1500
v 589.8303 896.7579 22390.1500
v 589.7363 896.5878 22390.1500
v 589.7673 896.6442 22390.1500
v 589.6763 896.4724 22390.1500
v 589.7062 896.5293 22390.1500
v 589.6182 896.3560 22390.1500
v 589.6472 896.4134 22390.1500
v 589.5622 896.2386 22390.1500
v 589.5901 896.2965 22390.1500
v 589.5083 896.1202 22390.1500
v 589.5352 896.1786 22390.1500
v 589.4564 896.0009 22390.1500
v 589.4823 896.0598 22390.1500
v 589.4066 895.8807 22390.1500
v 589.4315 895.9400 22390.1500
v 589.3589 895.7597 22390.1500
v 589.3828 895.8194 22390.1500
v 589.3134 895.6379 22390.1500
v 589.3362 895.6980 22390.1500
v 589.2700 895.5153 22390.1500
v 589.2917 895.5757 22390.1500
v 589.2287 895.3918 22390.1500
v 589.2493 895.4528 22390.1500
v 589.1896 895.2678 22390.1500
v 589.2092 895.3290 22390.1500
v 589.1526 895.1431 22390.1500
v 589.1711 895.2047 22390.1500
v 589.1179 895.0177 22390.1500
v 589.1353 895.0796 22390.1500
v 589.0853 894.8918 22390.1500
v 589.1017 894.9539 22390.1500
v 589.0549 894.7653 22390.1500
v 589.0702 894.8278 22390.1500
v 589.0267 894.6383 22390.1500
v 589.0410 894.7010 22390.1500
v 589.0009 894.5108 22390.1500
v 589.0139 894.5737 22390.1500
v 588.9771 894.3829 22390.1500
v 588.9891 894.4460 22390.1500
v 588.9556 894.2546 22390.1500
v 588.9666 894.3179 22390.1500
v 588.9364 894.1259 22390.1500
v 588.9462 894.1895 22390.1500
v 588.9194 893.9969 22390.1500
v 588.9281 894.0607 22390.1500
v 588.9047 893.8677 22390.1500
v 588.9123 893.9316 22390.1500
v 588.8923 893.7382 22390.1500
v 588.8987 893.8022 22390.1500
v 588.8820 893.6085 22390.1500
v 588.8874 893.6726 22390.1500
v 588.8741 893.4787 22390.1500
v 588.8783 893.5428 22390.1500
v 588.8684 893.3488 22390.1500
v 588.8715 893.4130 22390.1500
v 588.8650 893.2187 22390.1500
v 588.8670 893.2830 22390.1500
v 588.8639 893.0886 22390.1500
v 588.8647 893.1529 22390.1500
v 588.8650 892.9586 22390.1500
v 588.8647 893.0228 22390.1500
v 588.8684 892.8285 22390.1500
v 588.8670 892.8928 22390.1500
v 588.8741 892.6985 22390.1500
v 588.8716 892.7628 22390.1500
v 588.8820 892.5687 22390.1500
v 588.8784 892.6329 22390.1500
v 588.8923 892.4390 22390.1500
v 588.8875 892.5031 22390.1500
v 588.9047 892.3095 22390.1500
v 588.8989 892.3735 22390.1500
v 588.9194 892.1802 22390.1500
v 588.9124 892.2441 22390.1500
v 588.9364 892.0513 22390.1500
v 588.9283 892.1151 22390.1500
v 588.9556 891.9226 22390.1500
v 588.9464 891.9863 22390.1500
v 588.9771 891.7943 22390.1500
v 588.9668 891.8578 22390.1500
v 589.0009 891.6664 22390.1500
v 588.9894 891.7297 22390.1500
v 589.0267 891.5389 22390.1500
v 589.0142 891.6020 22390.1500
v 589.0549 891.4119 22390.1500
v 589.0413 891.4748 22390.1500
v 589.0853 891.2855 22390.1500
v 589.0706 891.3480 22390.1500
v 589.1179 891.1595 22390.1500
v 589.1021 891.2218 22390.1500
v 589.1526 891.0342 22390.1500
v 589.1357 891.0962 22390.1500
v 589.1896 890.9094 22390.1500
v 589.1716 890.9711 22390.1500
v 589.2287 890.7853 22390.1500
v 589.2096 890.8467 22390.1500
v 589.2700 890.6620 22390.1500
v 589.2498 890.7230 22390.1500
v 589.3134 890.5394 22390.1500
v 589.2922 890.6000 22390.1500
v 589.3589 890.4175 22390.1500
v 589.3367 890.4778 22390.1500
v 589.4066 890.2965 22390.1500
v 589.3833 890.3564 22390.1500
v 589.4564 890.1763 22390.1500
v 589.4321 890.2358 22390.1500
v 589.5083 890.0570 22390.1500
v 589.4829 890.1161 22390.1500
v 589.5622 889.9386 22390.1500
v 589.5358 889.9973 22390.1500
v 589.6182 889.8212 22390.1500
v 589.5908 889.8794 22390.1500
v 589.6763 889.7048 22390.1500
v 589.6478 889.7625 22390.1500
v 589.7363 889.5894 22390.1500
v 589.7069 889.6465 22390.1500
v 589.7984 889.4751 22390.1500
v 589.7680 889.5317 22390.1500
v 589.8625 889.3619 22390.1500
v 589.8311 889.4180 22390.1500
v 589.9285 889.2498 22390.1500
v 589.8961 889.3053 22390.1500
v 589.9965 889.1389 22390.1500
v 589.9631 889.1938 22390.1500
v 590.0663 889.0292 22390.1500
v 590.0320 889.0835 22390.1500
v 590.1381 888.9207 22390.1500
v 590.1029 888.9744 22390.1500
v 590.2119 888.8135 22390.1500
v 590.1757 888.8666 22390.1500
v 590.2874 888.7076 22390.1500
v 590.2502 888.7601 22390.1500
v 590.3647 888.6030 22390.1500
v 590.3267 888.6548 22390.1500
v 590.4440 888.4998 22390.1500
v 590.4050 888.5510 22390.1500
v 590.5249 888.3979 22390.1500
v 590.4851 888.4485 22390.1500
v 590.6077 888.2976 22390.1500
v 590.5670 888.3474 22390.1500
v 590.6921 888.1987 22390.1500
v 590.6506 888.2477 22390.1500
v 590.7784 888.1013 22390.1500
v 590.7360 888.1496 22390.1500
v 590.8662 888.0054 22390.1500
v 590.8230 888.0529 22390.1500
v 590.9558 887.9109 22390.1500
v 590.9117 887.9578 22390.1500
v 591.0469 887.8182 22390.1500
v 591.0021 887.8643 22390.1500
v 591.1398 887.7270 22390.1500
v 591.0941 887.7723 22390.1500
v 591.2341 887.6375 22390.1500
v 591.1877 887.6819 22390.1500
v 591.3300 887.5496 22390.1500
v 591.2828 887.5932 22390.1500
v 591.4274 887.4634 22390.1500
v 591.3795 887.5062 22390.1500
v 591.5264 887.3789 22390.1500
v 591.4777 887.4209 22390.1500
v 591.6268 887.2961 22390.1500
v 591.5773 887.3373 22390.1500
v 591.7286 887.2151 22390.1500
v 591.6784 887.2554 22390.1500
v 591.8317 887.1360 22390.1500
v 591.7809 887.1754 22390.1500
v 591.9363 887.0586 22390.1500
v 591.8848 887.0971 22390.1500
v 592.0422 886.9831 22390.1500
v 591.9901 887.0206 22390.1500
v 592.1494 886.9094 22390.1500
v 592.0966 886.9460 22390.1500
v 592.2579 886.8376 22390.1500
v 592.2045 886.8733 22390.1500
v 592.3676 886.7677 22390.1500
v 592.3135 886.8025 22390.1500
v 592.4785 886.6997 22390.1500
v 592.4239 886.7336 22390.1500
v 592.5906 886.6337 22390.1500
v 592.5354 886.6666 22390.1500
v 592.7039 886.5696 22390.1500
v 592.6480 886.6016 22390.1500
v 592.8182 886.5076 22390.1500
v 592.7618 886.5385 22390.1500
v 592.9335 886.4475 22390.1500
v 592.8766 886.4774 22390.1500
v 593.0500 886.3895 22390.1500
v 592.9926 886.4184 22390.1500
v 593.1674 886.3334 22390.1500
v 593.1095 886.3614 22390.1500
v 593.2858 886.2795 22390.1500
v 593.2274 886.3064 22390.1500
v 593.4051 886.2277 22390.1500
v 593.3462 886.2535 22390.1500
v 593.5253 886.1779 22390.1500
v 593.4659 886.2027 22390.1500
v 593.6463 886.1302 22390.1500
v 593.5865 886.1540 22390.1500
v 593.7681 886.0846 22390.1500
v 593.7080 886.1074 22390.1500
v 593.8907 886.0412 22390.1500
v 593.8303 886.0629 22390.1500
v 594.0141 885.9999 22390.1500
v 593.9532 886.0206 22390.1500
v 594.1382 885.9608 22390.1500
v 594.0770 885.9804 22390.1500
v 594.2629 885.9238 22390.1500
v 594.2014 885.9424 22390.1500
v 594.3882 885.8891 22390.1500
v 594.3264 885.9066 22390.1500
v 594.5142 885.8565 22390.1500
v 594.4520 885.8729 22390.1500
v 594.6407 885.8262 22390.1500
v 594.5782 885.8414 22390.1500
v 594.7677 885.7980 22390.1500
v 594.7050 885.8122 22390.1500
v 594.8952 885.7720 22390.1500
v 594.8322 885.7852 22390.1500
v 595.0231 885.7484 22390.1500
v 594.9599 885.7604 22390.1500
v 595.1514 885.7269 22390.1500
v 595.0880 885.7378 22390.1500
v 595.2800 885.7076 22390.1500
v 595.2165 885.7175 22390.1500
v 595.4090 885.6907 22390.1500
v 595.3453 885.6993 22390.1500
v 595.5383 885.6760 22390.1500
v 595.4744 885.6835 22390.1500
v 595.6678 885.6635 22390.1500
v 595.6038 885.6699 22390.1500
v 595.7974 885.6533 22390.1500
v 595.7334 885.6586 22390.1500
v 595.9273 885.6453 22390.1500
v 595.8632 885.6495 22390.1500
v 596.0573 885.6396 22390.1500
v 595.9930 885.6428 22390.1500
v 596.1873 885.6362 22390.1500
v 596.1230 885.6382 22390.1500
v 596.3174 885.6351 22390.1500
v 596.2531 885.6360 22390.1500
v 596.4474 885.6362 22390.1500
v 596.3832 885.6360 22390.1500
v 596.5775 885.6396 22390.1500
v 596.5132 885.6382 22390.1500
v 596.7075 885.6453 22390.1500
v 596.6432 885.6428 22390.1500
v 596.8373 885.6533 22390.1500
v 596.7731 885.6497 22390.1500
v 596.9670 885.6635 22390.1500
v 596.9029 885.6587 22390.1500
v 597.0965 885.6760 22390.1500
v 597.0325 885.6700 22390.1500
v 597.2257 885.6907 22390.1500
v 597.1618 885.6837 22390.1500
v 597.3547 885.7076 22390.1500
v 597.2910 885.6995 22390.1500
v 597.4833 885.7269 22390.1500
v 597.4197 885.7177 22390.1500
v 597.6116 885.7484 22390.1500
v 597.5482 885.7380 22390.1500
v 597.7396 885.7720 22390.1500
v 597.6763 885.7606 22390.1500
v 597.8671 885.7980 22390.1500
v 597.8040 885.7855 22390.1500
v 597.9941 885.8262 22390.1500
v 597.9312 885.8125 22390.1500
v 598.1205 885.8565 22390.1500
v 598.0580 885.8418 22390.1500
v 598.2465 885.8891 22390.1500
v 598.1841 885.8733 22390.1500
v 598.3718 885.9238 22390.1500
v 598.3098 885.9069 22390.1500
v 598.4966 885.9608 22390.1500
v 598.4348 885.9428 22390.1500
v 598.6206 885.9999 22390.1500
v 598.5592 885.9808 22390.1500
v 598.7440 886.0412 22390.1500
v 598.6829 886.0211 22390.1500
v 598.8666 886.0846 22390.1500
v 598.8059 886.0634 22390.1500
v 598.9885 886.1302 22390.1500
v 598.9282 886.1079 22390.1500
v 599.1095 886.1779 22390.1500
v 599.0496 886.1545 22390.1500
v 599.2297 886.2277 22390.1500
v 599.1702 886.2033 22390.1500
v 599.3490 886.2795 22390.1500
v 599.2899 886.2542 22390.1500
v 599.4673 886.3334 22390.1500
v 599.4088 886.3071 22390.1500
v 599.5848 886.3895 22390.1500
v 599.5266 886.3621 22390.1500
v 599.7012 886.4475 22390.1500
v 599.6436 886.4191 22390.1500
v 599.8166 886.5076 22390.1500
v 599.7594 886.4781 22390.1500
v 599.9309 886.5696 22390.1500
v 599.8743 886.5392 22390.1500
v 600.0441 886.6337 22390.1500
v 599.9880 886.6023 22390.1500
v 600.1562 886.6997 22390.1500
v 600.1006 886.6674 22390.1500
v 600.2672 886.7677 22390.1500
v 600.2122 886.7343 22390.1500
v 600.3768 886.8376 22390.1500
v 600.3224 886.8033 22390.1500
v 600.4853 886.9094 22390.1500
v 600.4316 886.8741 22390.1500
v 600.5925 886.9831 22390.1500
v 600.5394 886.9469 22390.1500
v 600.6984 887.0586 22390.1500
v 600.6459 887.0215 22390.1500
v 600.8030 887.1360 22390.1500
v 600.7512 887.0980 22390.1500
v 600.9062 887.2151 22390.1500
v 600.8550 887.1763 22390.1500
v 601.0080 887.2961 22390.1500
v 600.9575 887.2563 22390.1500
v 601.1084 887.3789 22390.1500
v 601.0586 887.3383 22390.1500
v 601.2073 887.4634 22390.1500
v 601.1583 887.4219 22390.1500
v 601.3047 887.5496 22390.1500
v 601.2564 887.5072 22390.1500
v 601.4006 887.6375 22390.1500
v 601.3530 887.5942 22390.1500
v 601.4950 887.7270 22390.1500
v 601.4482 887.6830 22390.1500
v 601.5878 887.8182 22390.1500
v 601.5417 887.7733 22390.1500
v 601.6790 887.9109 22390.1500
v 601.6337 887.8653 22390.1500
v 601.7685 888.0054 22390.1500
v 601.7241 887.9589 22390.1500
v 601.8564 888.1013 22390.1500
v 601.8127 888.0540 22390.1500
v 601.9426 888.1987 22390.1500
v 601.8998 888.1507 22390.1500
v 602.0271 888.2976 22390.1500
v 601.9851 888.2489 22390.1500
v 602.1098 888.3979 22390.1500
v 602.0687 888.3486 22390.1500
v 602.1908 888.4998 22390.1500
v 602.1506 888.4496 22390.1500
v 602.2700 888.6030 22390.1500
v 602.2307 888.5521 22390.1500
v 602.3474 888.7076 22390.1500
v 602.3089 888.6561 22390.1500
v 602.4229 888.8135 22390.1500
v 602.3854 888.7613 22390.1500
v 602.4966 888.9207 22390.1500
v 602.4600 888.8679 22390.1500
v 602.5684 889.0292 22390.1500
v 602.5327 888.9757 22390.1500
v 602.6383 889.1389 22390.1500
v 602.6035 889.0848 22390.1500
v 602.7063 889.2498 22390.1500
v 602.6724 889.1951 22390.1500
v 602.7723 889.3619 22390.1500
v 602.7394 889.3066 22390.1500
v 602.8364 889.4751 22390.1500
v 602.8044 889.4193 22390.1500
v 602.8984 889.5894 22390.1500
v 602.8675 889.5330 22390.1500
v 602.9585 889.7048 22390.1500
v 602.9285 889.6479 22390.1500
v 603.0165 889.8212 22390.1500
v 602.9876 889.7638 22390.1500
v 603.0725 889.9386 22390.1500
v 603.0446 889.8807 22390.1500
v 603.1265 890.0570 22390.1500
v 603.0995 889.9986 22390.1500
v 603.1783 890.1763 22390.1500
v 603.1525 890.1174 22390.1500
v 603.2281 890.2965 22390.1500
v 603.2032 890.2372 22390.1500
v 603.2758 890.4175 22390.1500
v 603.2520 890.3578 22390.1500
v 603.3214 890.5394 22390.1500
v 603.2986 890.4792 22390.1500
v 603.3648 890.6620 22390.1500
v 603.3431 890.6015 22390.1500
v 603.4061 890.7853 22390.1500
v 603.3854 890.7245 22390.1500
v 603.4452 890.9094 22390.1500
v 603.4256 890.8482 22390.1500
v 603.4821 891.0342 22390.1500
v 603.4636 890.9726 22390.1500
v 603.5169 891.1595 22390.1500
v 603.4995 891.0977 22390.1500
v 603.5495 891.2855 22390.1500
v 603.5331 891.2233 22390.1500
v 603.5798 891.4119 22390.1500
v 603.5646 891.3495 22390.1500
v 603.6080 891.5389 22390.1500
v 603.5938 891.4763 22390.1500
v 603.6339 891.6664 22390.1500
v 603.6208 891.6035 22390.1500
v 603.6577 891.7943 22390.1500
v 603.6456 891.7311 22390.1500
v 603.6791 891.9226 22390.1500
v 603.6682 891.8593 22390.1500
v 603.6984 892.0513 22390.1500
v 603.6885 891.9877 22390.1500
v 603.7153 892.1802 22390.1500
v 603.7067 892.1166 22390.1500
v 603.7300 892.3095 22390.1500
v 603.7225 892.2457 22390.1500
v 603.7425 892.4390 22390.1500
v 603.7361 892.3750 22390.1500
v 603.7527 892.5687 22390.1500
v 603.7474 892.5046 22390.1500
v 603.7607 892.6985 22390.1500
v 603.7565 892.6344 22390.1500
v 603.7664 892.8285 22390.1500
v 603.7632 892.7643 22390.1500
v 603.7697 892.9586 22390.1500
v 603.7678 892.8943 22390.1500
v 603.7700 893.0244 22390.1500
v 603.7709 893.0886 22445.1400
v 601.5878 898.3590 22445.1400
v 596.3174 900.5421 22445.1400
v 591.0469 898.3590 22445.1400
v 588.8639 893.0886 22445.1400
v 591.0469 887.8182 22445.1400
v 596.3174 885.6351 22445.1400
v 601.5878 887.8182 22445.1400
v 611.2244 893.0886 22501.9100
v 611.2221 893.3488 22501.9100
v 611.2227 893.2202 22501.9100
v 611.2153 893.6089 22501.9100
v 611.2181 893.4803 22501.9100
v 611.2039 893.8688 22501.9100
v 611.2090 893.7403 22501.9100
v 611.1880 894.1285 22501.9100
v 611.1953 894.0001 22501.9100
v 611.1677 894.3878 22501.9100
v 611.1772 894.2596 22501.9100
v 611.1427 894.6468 22501.9100
v 611.1545 894.5188 22501.9100
v 611.1133 894.9053 22501.9100
v 611.1273 894.7775 22501.9100
v 611.0793 895.1633 22501.9100
v 611.0955 895.0357 22501.9100
v 611.0408 895.4206 22501.9100
v 611.0593 895.2933 22501.9100
v 610.9979 895.6772 22501.9100
v 611.0186 895.5503 22501.9100
v 610.9505 895.9330 22501.9100
v 610.9733 895.8065 22501.9100
v 610.8986 896.1879 22501.9100
v 610.9237 896.0618 22501.9100
v 610.8423 896.4420 22501.9100
v 610.8696 896.3163 22501.9100
v 610.7816 896.6949 22501.9100
v 610.8110 896.5698 22501.9100
v 610.7164 896.9468 22501.9100
v 610.7480 896.8222 22501.9100
v 610.6469 897.1975 22501.9100
v 610.6807 897.0735 22501.9100
v 610.5730 897.4470 22501.9100
v 610.6089 897.3235 22501.9100
v 610.4948 897.6951 22501.9100
v 610.5329 897.5723 22501.9100
v 610.4122 897.9418 22501.9100
v 610.4525 897.8198 22501.9100
v 610.3254 898.1871 22501.9100
v 610.3677 898.0657 22501.9100
v 610.2343 898.4308 22501.9100
v 610.2787 898.3102 22501.9100
v 610.1389 898.6729 22501.9100
v 610.1855 898.5530 22501.9100
v 610.0393 898.9132 22501.9100
v 610.0880 898.7943 22501.9100
v 609.9356 899.1519 22501.9100
v 609.9863 899.0337 22501.9100
v 609.8277 899.3885 22501.9100
v 609.8805 899.2714 22501.9100
v 609.7157 899.6234 22501.9100
v 609.7705 899.5071 22501.9100
v 609.5996 899.8563 22501.9100
v 609.6565 899.7409 22501.9100
v 609.4795 900.0870 22501.9100
v 609.5383 899.9727 22501.9100
v 609.3553 900.3157 22501.9100
v 609.4162 900.2024 22501.9100
v 609.2272 900.5421 22501.9100
v 609.2900 900.4299 22501.9100
v 609.0952 900.7663 22501.9100
v 609.1599 900.6552 22501.9100
v 608.9592 900.9881 22501.9100
v 609.0259 900.8782 22501.9100
v 608.8195 901.2075 22501.9100
v 608.8881 901.0988 22501.9100
v 608.6758 901.4245 22501.9100
v 608.7463 901.3170 22501.9100
v 608.5284 901.6389 22501.9100
v 608.6008 901.5326 22501.9100
v 608.3774 901.8507 22501.9100
v 608.4516 901.7457 22501.9100
v 608.2227 902.0599 22501.9100
v 608.2986 901.9562 22501.9100
v 608.0643 902.2663 22501.9100
v 608.1421 902.1639 22501.9100
v 607.9023 902.4699 22501.9100
v 607.9819 902.3689 22501.9100
v 607.7368 902.6707 22501.9100
v 607.8181 902.5710 22501.9100
v 607.5678 902.8685 22501.9100
v 607.6509 902.7703 22501.9100
v 607.3954 903.0634 22501.9100
v 607.4802 902.9667 22501.9100
v 607.2197 903.2551 22501.9100
v 607.3061 903.1600 22501.9100
v 607.0406 903.4438 22501.9100
v 607.1287 903.3502 22501.9100
v 606.8582 903.6295 22501.9100
v 606.9479 903.5374 22501.9100
v 606.6727 903.8118 22501.9100
v 606.7640 903.7213 22501.9100
v 606.4839 903.9909 22501.9100
v 606.5768 903.9020 22501.9100
v 606.2921 904.1667 22501.9100
v 606.3865 904.0793 22501.9100
v 606.0972 904.3391 22501.9100
v 606.1932 904.2534 22501.9100
v 605.8994 904.5081 22501.9100
v 605.9968 904.4241 22501.9100
v 605.6987 904.6735 22501.9100
v 605.7975 904.5913 22501.9100
v 605.4951 904.8354 22501.9100
v 605.5953 904.7550 22501.9100
v 605.2886 904.9938 22501.9100
v 605.3903 904.9152 22501.9100
v 605.0795 905.1486 22501.9100
v 605.1825 905.0717 22501.9100
v 604.8677 905.2997 22501.9100
v 604.9720 905.2245 22501.9100
v 604.6533 905.4471 22501.9100
v 604.7589 905.3738 22501.9100
v 604.4363 905.5906 22501.9100
v 604.5432 905.5192 22501.9100
v 604.2169 905.7305 22501.9100
v 604.3250 905.6609 22501.9100
v 603.9951 905.8664 22501.9100
v 604.1044 905.7987 22501.9100
v 603.7709 905.9984 22501.9100
v 603.8813 905.9327 22501.9100
v 603.5444 906.1266 22501.9100
v 603.6561 906.0627 22501.9100
v 603.3158 906.2507 22501.9100
v 603.4285 906.1888 22501.9100
v 603.0850 906.3708 22501.9100
v 603.1988 906.3110 22501.9100
v 602.8522 906.4869 22501.9100
v 602.9670 906.4290 22501.9100
v 602.6174 906.5989 22501.9100
v 602.7332 906.5431 22501.9100
v 602.3806 906.7068 22501.9100
v 602.4974 906.6530 22501.9100
v 602.1420 906.8105 22501.9100
v 602.2597 906.7588 22501.9100
v 601.9016 906.9102 22501.9100
v 602.0202 906.8604 22501.9100
v 601.6595 907.0055 22501.9100
v 601.7790 906.9578 22501.9100
v 601.4159 907.0966 22501.9100
v 601.5361 907.0510 22501.9100
v 601.1706 907.1835 22501.9100
v 601.2916 907.1400 22501.9100
v 600.9239 907.2660 22501.9100
v 601.0457 907.2247 22501.9100
v 600.6758 907.3442 22501.9100
v 600.7982 907.3051 22501.9100
v 600.4263 907.4182 22501.9100
v 600.5494 907.3810 22501.9100
v 600.1756 907.4877 22501.9100
v 600.2993 907.4528 22501.9100
v 599.9237 907.5528 22501.9100
v 600.0480 907.5201 22501.9100
v 599.6707 907.6135 22501.9100
v 599.7956 907.5829 22501.9100
v 599.4167 907.6699 22501.9100
v 599.5421 907.6415 22501.9100
v 599.1617 907.7217 22501.9100
v 599.2877 907.6955 22501.9100
v 598.9059 907.7691 22501.9100
v 599.0323 907.7451 22501.9100
v 598.6494 907.8121 22501.9100
v 598.7761 907.7903 22501.9100
v 598.3920 907.8505 22501.9100
v 598.5191 907.8309 22501.9100
v 598.1341 907.8845 22501.9100
v 598.2615 907.8671 22501.9100
v 597.8756 907.9139 22501.9100
v 598.0033 907.8988 22501.9100
v 597.6166 907.9389 22501.9100
v 597.7446 907.9260 22501.9100
v 597.3572 907.9593 22501.9100
v 597.4854 907.9486 22501.9100
v 597.0975 907.9752 22501.9100
v 597.2258 907.9667 22501.9100
v 596.8376 907.9865 22501.9100
v 596.9661 907.9803 22501.9100
v 596.5775 907.9933 22501.9100
v 596.7061 907.9894 22501.9100
v 596.3174 907.9956 22501.9100
v 596.4459 907.9939 22501.9100
v 596.0572 907.9933 22501.9100
v 596.1858 907.9939 22501.9100
v 595.7971 907.9865 22501.9100
v 595.9257 907.9893 22501.9100
v 595.5372 907.9752 22501.9100
v 595.6657 907.9802 22501.9100
v 595.2775 907.9593 22501.9100
v 595.4059 907.9666 22501.9100
v 595.0181 907.9389 22501.9100
v 595.1464 907.9484 22501.9100
v 594.7592 907.9139 22501.9100
v 594.8872 907.9257 22501.9100
v 594.5007 907.8845 22501.9100
v 594.6285 907.8985 22501.9100
v 594.2427 907.8505 22501.9100
v 594.3703 907.8668 22501.9100
v 593.9854 907.8121 22501.9100
v 594.1127 907.8305 22501.9100
v 593.7288 907.7691 22501.9100
v 593.8557 907.7898 22501.9100
v 593.4730 907.7217 22501.9100
v 593.5995 907.7446 22501.9100
v 593.2180 907.6699 22501.9100
v 593.3442 907.6949 22501.9100
v 592.9641 907.6135 22501.9100
v 593.0897 907.6408 22501.9100
v 592.7111 907.5528 22501.9100
v 592.8362 907.5823 22501.9100
v 592.4592 907.4877 22501.9100
v 592.5838 907.5193 22501.9100
v 592.2084 907.4182 22501.9100
v 592.3325 907.4520 22501.9100
v 591.9590 907.3442 22501.9100
v 592.0825 907.3802 22501.9100
v 591.7109 907.2660 22501.9100
v 591.8337 907.3041 22501.9100
v 591.4641 907.1835 22501.9100
v 591.5862 907.2237 22501.9100
v 591.2189 907.0966 22501.9100
v 591.3403 907.1390 22501.9100
v 590.9752 907.0055 22501.9100
v 591.0958 907.0500 22501.9100
v 590.7331 906.9102 22501.9100
v 590.8530 906.9567 22501.9100
v 590.4927 906.8105 22501.9100
v 590.6118 906.8593 22501.9100
v 590.2542 906.7068 22501.9100
v 590.3723 906.7576 22501.9100
v 590.0174 906.5989 22501.9100
v 590.1346 906.6517 22501.9100
v 589.7826 906.4869 22501.9100
v 589.8989 906.5417 22501.9100
v 589.5497 906.3708 22501.9100
v 589.6651 906.4277 22501.9100
v 589.3190 906.2507 22501.9100
v 589.4333 906.3096 22501.9100
v 589.0903 906.1266 22501.9100
v 589.2036 906.1874 22501.9100
v 588.8639 905.9984 22501.9100
v 588.9761 906.0613 22501.9100
v 588.6397 905.8664 22501.9100
v 588.7508 905.9312 22501.9100
v 588.4179 905.7305 22501.9100
v 588.5278 905.7972 22501.9100
v 588.1984 905.5906 22501.9100
v 588.3072 905.6593 22501.9100
v 587.9815 905.4471 22501.9100
v 588.0891 905.5176 22501.9100
v 587.7671 905.2997 22501.9100
v 587.8734 905.3721 22501.9100
v 587.5553 905.1486 22501.9100
v 587.6603 905.2228 22501.9100
v 587.3461 904.9938 22501.9100
v 587.4498 905.0699 22501.9100
v 587.1397 904.8354 22501.9100
v 587.2421 904.9133 22501.9100
v 586.9361 904.6735 22501.9100
v 587.0371 904.7531 22501.9100
v 586.7354 904.5081 22501.9100
v 586.8349 904.5894 22501.9100
v 586.5375 904.3391 22501.9100
v 586.6357 904.4221 22501.9100
v 586.3427 904.1667 22501.9100
v 586.4393 904.2515 22501.9100
v 586.1508 903.9909 22501.9100
v 586.2460 904.0773 22501.9100
v 585.9621 903.8118 22501.9100
v 586.0558 903.8999 22501.9100
v 585.7766 903.6295 22501.9100
v 585.8687 903.7192 22501.9100
v 585.5942 903.4438 22501.9100
v 585.6847 903.5352 22501.9100
v 585.4151 903.2551 22501.9100
v 585.5040 903.3480 22501.9100
v 585.2393 903.0634 22501.9100
v 585.3266 903.1578 22501.9100
v 585.0670 902.8685 22501.9100
v 585.1525 902.9644 22501.9100
v 584.8979 902.6707 22501.9100
v 584.9819 902.7681 22501.9100
v 584.7325 902.4699 22501.9100
v 584.8147 902.5687 22501.9100
v 584.5705 902.2663 22501.9100
v 584.6510 902.3666 22501.9100
v 584.4121 902.0599 22501.9100
v 584.4908 902.1615 22501.9100
v 584.2574 901.8507 22501.9100
v 584.3343 901.9537 22501.9100
v 584.1063 901.6389 22501.9100
v 584.1814 901.7433 22501.9100
v 583.9589 901.4245 22501.9100
v 584.0322 901.5302 22501.9100
v 583.8153 901.2075 22501.9100
v 583.8868 901.3145 22501.9100
v 583.6755 900.9881 22501.9100
v 583.7451 901.0963 22501.9100
v 583.5396 900.7663 22501.9100
v 583.6072 900.8756 22501.9100
v 583.4075 900.5421 22501.9100
v 583.4733 900.6526 22501.9100
v 583.2794 900.3157 22501.9100
v 583.3433 900.4273 22501.9100
v 583.1553 900.0870 22501.9100
v 583.2172 900.1998 22501.9100
v 583.0352 899.8563 22501.9100
v 583.0950 899.9700 22501.9100
v 582.9191 899.6234 22501.9100
v 582.9769 899.7382 22501.9100
v 582.8071 899.3885 22501.9100
v 582.8629 899.5044 22501.9100
v 582.6992 899.1519 22501.9100
v 582.7530 899.2686 22501.9100
v 582.5954 898.9132 22501.9100
v 582.6472 899.0309 22501.9100
v 582.4958 898.6729 22501.9100
v 582.5456 898.7914 22501.9100
v 582.4005 898.4308 22501.9100
v 582.4482 898.5502 22501.9100
v 582.3094 898.1871 22501.9100
v 582.3550 898.3074 22501.9100
v 582.2225 897.9418 22501.9100
v 582.2660 898.0629 22501.9100
v 582.1400 897.6951 22501.9100
v 582.1813 897.8169 22501.9100
v 582.0618 897.4470 22501.9100
v 582.1010 897.5695 22501.9100
v 581.9879 897.1975 22501.9100
v 582.0249 897.3207 22501.9100
v 581.9183 896.9468 22501.9100
v 581.9532 897.0706 22501.9100
v 581.8532 896.6949 22501.9100
v 581.8859 896.8193 22501.9100
v 581.7925 896.4420 22501.9100
v 581.8230 896.5668 22501.9100
v 581.7361 896.1879 22501.9100
v 581.7645 896.3134 22501.9100
v 581.6843 895.9330 22501.9100
v 581.7104 896.0589 22501.9100
v 581.6368 895.6772 22501.9100
v 581.6608 895.8035 22501.9100
v 581.5939 895.4206 22501.9100
v 581.6157 895.5473 22501.9100
v 581.5555 895.1633 22501.9100
v 581.5750 895.2903 22501.9100
v 581.5215 894.9053 22501.9100
v 581.5389 895.0327 22501.9100
v 581.4921 894.6468 22501.9100
v 581.5071 894.7745 22501.9100
v 581.4671 894.3878 22501.9100
v 581.4800 894.5158 22501.9100
v 581.4467 894.1285 22501.9100
v 581.4573 894.2566 22501.9100
v 581.4308 893.8688 22501.9100
v 581.4392 893.9971 22501.9100
v 581.4195 893.6089 22501.9100
v 581.4257 893.7373 22501.9100
v 581.4127 893.3488 22501.9100
v 581.4166 893.4773 22501.9100
v 581.4104 893.0886 22501.9100
v 581.4120 893.2172 22501.9100
v 581.4127 892.8284 22501.9100
v 581.4121 892.9570 22501.9100
v 581.4195 892.5684 22501.9100
v 581.4167 892.6969 22501.9100
v 581.4308 892.3084 22501.9100
v 581.4258 892.4370 22501.9100
v 581.4467 892.0488 22501.9100
v 581.4394 892.1771 22501.9100
v 581.4671 891.7894 22501.9100
v 581.4576 891.9176 22501.9100
v 581.4921 891.5304 22501.9100
v 581.4803 891.6584 22501.9100
v 581.5215 891.2719 22501.9100
v 581.5075 891.3997 22501.9100
v 581.5555 891.0140 22501.9100
v 581.5392 891.1415 22501.9100
v 581.5939 890.7567 22501.9100
v 581.5755 890.8839 22501.9100
v 581.6368 890.5001 22501.9100
v 581.6162 890.6270 22501.9100
v 581.6843 890.2442 22501.9100
v 581.6614 890.3707 22501.9100
v 581.7361 889.9893 22501.9100
v 581.7111 890.1154 22501.9100
v 581.7925 889.7353 22501.9100
v 581.7652 889.8609 22501.9100
v 581.8532 889.4823 22501.9100
v 581.8237 889.6074 22501.9100
v 581.9183 889.2304 22501.9100
v 581.8867 889.3550 22501.9100
v 581.9879 888.9797 22501.9100
v 581.9540 889.1038 22501.9100
v 582.0618 888.7302 22501.9100
v 582.0258 888.8537 22501.9100
v 582.1400 888.4821 22501.9100
v 582.1019 888.6049 22501.9100
v 582.2225 888.2354 22501.9100
v 582.1823 888.3575 22501.9100
v 582.3094 887.9901 22501.9100
v 582.2670 888.1115 22501.9100
v 582.4005 887.7464 22501.9100
v 582.3560 887.8671 22501.9100
v 582.4958 887.5043 22501.9100
v 582.4493 887.6242 22501.9100
v 582.5954 887.2640 22501.9100
v 582.5468 887.3830 22501.9100
v 582.6992 887.0254 22501.9100
v 582.6484 887.1436 22501.9100
v 582.8071 886.7886 22501.9100
v 582.7543 886.9059 22501.9100
v 582.9191 886.5538 22501.9100
v 582.8642 886.6701 22501.9100
v 583.0352 886.3210 22501.9100
v 582.9783 886.4363 22501.9100
v 583.1553 886.0902 22501.9100
v 583.0964 886.2045 22501.9100
v 583.2794 885.8616 22501.9100
v 583.2186 885.9749 22501.9100
v 583.4075 885.6351 22501.9100
v 583.3447 885.7473 22501.9100
v 583.5396 885.4109 22501.9100
v 583.4748 885.5220 22501.9100
v 583.6755 885.1891 22501.9100
v 583.6088 885.2991 22501.9100
v 583.8153 884.9697 22501.9100
v 583.7467 885.0784 22501.9100
v 583.9589 884.7527 22501.9100
v 583.8884 884.8603 22501.9100
v 584.1063 884.5383 22501.9100
v 584.0339 884.6446 22501.9100
v 584.2574 884.3265 22501.9100
v 584.1832 884.4315 22501.9100
v 584.4121 884.1174 22501.9100
v 584.3361 884.2211 22501.9100
v 584.5705 883.9109 22501.9100
v 584.4927 884.0133 22501.9100
v 584.7325 883.7073 22501.9100
v 584.6529 883.8083 22501.9100
v 584.8979 883.5066 22501.9100
v 584.8166 883.6061 22501.9100
v 585.0670 883.3088 22501.9100
v 584.9838 883.4069 22501.9100
v 585.2393 883.1139 22501.9100
v 585.1545 883.2106 22501.9100
v 585.4151 882.9221 22501.9100
v 585.3287 883.0173 22501.9100
v 585.5942 882.7333 22501.9100
v 585.5061 882.8270 22501.9100
v 585.7766 882.5478 22501.9100
v 585.6868 882.6399 22501.9100
v 585.9621 882.3654 22501.9100
v 585.8708 882.4559 22501.9100
v 586.1508 882.1863 22501.9100
v 586.0580 882.2753 22501.9100
v 586.3427 882.0106 22501.9100
v 586.2482 882.0978 22501.9100
v 586.5375 881.8381 22501.9100
v 586.4416 881.9238 22501.9100
v 586.7354 881.6692 22501.9100
v 586.6379 881.7531 22501.9100
v 586.9361 881.5037 22501.9100
v 586.8372 881.5859 22501.9100
v 587.1397 881.3417 22501.9100
v 587.0394 881.4222 22501.9100
v 587.3461 881.1833 22501.9100
v 587.2444 881.2621 22501.9100
v 587.5553 881.0286 22501.9100
v 587.4523 881.1055 22501.9100
v 587.7671 880.8775 22501.9100
v 587.6627 880.9526 22501.9100
v 587.9815 880.7302 22501.9100
v 587.8759 880.8035 22501.9100
v 588.1984 880.5865 22501.9100
v 588.0916 880.6580 22501.9100
v 588.4179 880.4468 22501.9100
v 588.3098 880.5164 22501.9100
v 588.6397 880.3109 22501.9100
v 588.5304 880.3785 22501.9100
v 588.8639 880.1788 22501.9100
v 588.7534 880.2445 22501.9100
v 589.0903 880.0507 22501.9100
v 588.9787 880.1145 22501.9100
v 589.3190 879.9265 22501.9100
v 589.2062 879.9884 22501.9100
v 589.5497 879.8064 22501.9100
v 589.4360 879.8663 22501.9100
v 589.7826 879.6903 22501.9100
v 589.6678 879.7482 22501.9100
v 590.0174 879.5783 22501.9100
v 589.9016 879.6342 22501.9100
v 590.2542 879.4704 22501.9100
v 590.1374 879.5242 22501.9100
v 590.4927 879.3666 22501.9100
v 590.3751 879.4185 22501.9100
v 590.7331 879.2671 22501.9100
v 590.6146 879.3168 22501.9100
v 590.9752 879.1718 22501.9100
v 590.8558 879.2194 22501.9100
v 591.2189 879.0806 22501.9100
v 591.0986 879.1262 22501.9100
v 591.4641 878.9938 22501.9100
v 591.3431 879.0372 22501.9100
v 591.7109 878.9112 22501.9100
v 591.5891 878.9526 22501.9100
v 591.9590 878.8330 22501.9100
v 591.8365 878.8722 22501.9100
v 592.2084 878.7591 22501.9100
v 592.0853 878.7961 22501.9100
v 592.4592 878.6896 22501.9100
v 592.3354 878.7245 22501.9100
v 592.7111 878.6245 22501.9100
v 592.5867 878.6572 22501.9100
v 592.9641 878.5637 22501.9100
v 592.8391 878.5942 22501.9100
v 593.2180 878.5074 22501.9100
v 593.0927 878.5358 22501.9100
v 593.4730 878.4555 22501.9100
v 593.3471 878.4817 22501.9100
v 593.7288 878.4081 22501.9100
v 593.6025 878.4321 22501.9100
v 593.9854 878.3652 22501.9100
v 593.8587 878.3870 22501.9100
v 594.2427 878.3267 22501.9100
v 594.1157 878.3463 22501.9100
v 594.5007 878.2927 22501.9100
v 594.3733 878.3101 22501.9100
v 594.7592 878.2633 22501.9100
v 594.6315 878.2784 22501.9100
v 595.0181 878.2383 22501.9100
v 594.8902 878.2512 22501.9100
v 595.2775 878.2180 22501.9100
v 595.1494 878.2286 22501.9100
v 595.5372 878.2020 22501.9100
v 595.4089 878.2104 22501.9100
v 595.7971 878.1907 22501.9100
v 595.6687 878.1969 22501.9100
v 596.0572 878.1839 22501.9100
v 595.9287 878.1878 22501.9100
v 596.3174 878.1816 22501.9100
v 596.1888 878.1833 22501.9100
v 596.5775 878.1839 22501.9100
v 596.4490 878.1833 22501.9100
v 596.8376 878.1907 22501.9100
v 596.7090 878.1879 22501.9100
v 597.0975 878.2020 22501.9100
v 596.9691 878.1970 22501.9100
v 597.3572 878.2180 22501.9100
v 597.2289 878.2106 22501.9100
v 597.6166 878.2383 22501.9100
v 597.4884 878.2288 22501.9100
v 597.8756 878.2633 22501.9100
v 597.7476 878.2515 22501.9100
v 598.1341 878.2927 22501.9100
v 598.0063 878.2787 22501.9100
v 598.3920 878.3267 22501.9100
v 598.2645 878.3105 22501.9100
v 598.6494 878.3652 22501.9100
v 598.5221 878.3467 22501.9100
v 598.9059 878.4081 22501.9100
v 598.7791 878.3875 22501.9100
v 599.1617 878.4555 22501.9100
v 599.0352 878.4326 22501.9100
v 599.4167 878.5074 22501.9100
v 599.2906 878.4823 22501.9100
v 599.6707 878.5637 22501.9100
v 599.5450 878.5364 22501.9100
v 599.9237 878.6245 22501.9100
v 599.7985 878.5950 22501.9100
v 600.1756 878.6896 22501.9100
v 600.0510 878.6579 22501.9100
v 600.4263 878.7591 22501.9100
v 600.3022 878.7253 22501.9100
v 600.6758 878.8330 22501.9100
v 600.5523 878.7970 22501.9100
v 600.9239 878.9112 22501.9100
v 600.8011 878.8731 22501.9100
v 601.1706 878.9938 22501.9100
v 601.0485 878.9535 22501.9100
v 601.4159 879.0806 22501.9100
v 601.2945 879.0382 22501.9100
v 601.6595 879.1718 22501.9100
v 601.5389 879.1273 22501.9100
v 601.9016 879.2671 22501.9100
v 601.7818 879.2205 22501.9100
v 602.1420 879.3666 22501.9100
v 602.0230 879.3180 22501.9100
v 602.3806 879.4704 22501.9100
v 602.2625 879.4197 22501.9100
v 602.6174 879.5783 22501.9100
v 602.5001 879.5255 22501.9100
v 602.8522 879.6903 22501.9100
v 602.7358 879.6354 22501.9100
v 603.0850 879.8064 22501.9100
v 602.9697 879.7495 22501.9100
v 603.3158 879.9265 22501.9100
v 603.2015 879.8677 22501.9100
v 603.5444 880.0507 22501.9100
v 603.4312 879.9898 22501.9100
v 603.7709 880.1788 22501.9100
v 603.6587 880.1160 22501.9100
v 603.9951 880.3109 22501.9100
v 603.8840 880.2460 22501.9100
v 604.2169 880.4468 22501.9100
v 604.1069 880.3801 22501.9100
v 604.4363 880.5865 22501.9100
v 604.3276 880.5179 22501.9100
v 604.6533 880.7302 22501.9100
v 604.5457 880.6597 22501.9100
v 604.8677 880.8775 22501.9100
v 604.7614 880.8052 22501.9100
v 605.0795 881.0286 22501.9100
v 604.9745 880.9544 22501.9100
v 605.2886 881.1833 22501.9100
v 605.1849 881.1074 22501.9100
v 605.4951 881.3417 22501.9100
v 605.3927 881.2639 22501.9100
v 605.6987 881.5037 22501.9100
v 605.5977 881.4241 22501.9100
v 605.8994 881.6692 22501.9100
v 605.7998 881.5878 22501.9100
v 606.0972 881.8381 22501.9100
v 605.9991 881.7551 22501.9100
v 606.2921 882.0106 22501.9100
v 606.1954 881.9258 22501.9100
v 606.4839 882.1863 22501.9100
v 606.3887 882.0999 22501.9100
v 606.6727 882.3654 22501.9100
v 606.5790 882.2773 22501.9100
v 606.8582 882.5478 22501.9100
v 606.7661 882.4581 22501.9100
v 607.0406 882.7333 22501.9100
v 606.9500 882.6420 22501.9100
v 607.2197 882.9221 22501.9100
v 607.1307 882.8292 22501.9100
v 607.3954 883.1139 22501.9100
v 607.3082 883.0195 22501.9100
v 607.5678 883.3088 22501.9100
v 607.4822 883.2128 22501.9100
v 607.7368 883.5066 22501.9100
v 607.6528 883.4092 22501.9100
v 607.9023 883.7073 22501.9100
v 607.8201 883.6085 22501.9100
v 608.0643 883.9109 22501.9100
v 607.9838 883.8107 22501.9100
v 608.2227 884.1174 22501.9100
v 608.1439 884.0157 22501.9100
v 608.3774 884.3265 22501.9100
v 608.3004 884.2234 22501.9100
v 608.5284 884.5383 22501.9100
v 608.4533 884.4340 22501.9100
v 608.6758 884.7527 22501.9100
v 608.6025 884.6471 22501.9100
v 608.8195 884.9697 22501.9100
v 608.7480 884.8628 22501.9100
v 608.9592 885.1891 22501.9100
v 608.8896 885.0810 22501.9100
v 609.0952 885.4109 22501.9100
v 609.0275 885.3016 22501.9100
v 609.2272 885.6351 22501.9100
v 609.1614 885.5246 22501.9100
v 609.3553 885.8616 22501.9100
v 609.2915 885.7499 22501.9100
v 609.4795 886.0902 22501.9100
v 609.4176 885.9775 22501.9100
v 609.5996 886.3210 22501.9100
v 609.5397 886.2072 22501.9100
v 609.7157 886.5538 22501.9100
v 609.6578 886.4390 22501.9100
v 609.8277 886.7886 22501.9100
v 609.7719 886.6729 22501.9100
v 609.9356 887.0254 22501.9100
v 609.8818 886.9086 22501.9100
v 610.0393 887.2640 22501.9100
v 609.9875 887.1463 22501.9100
v 610.1389 887.5043 22501.9100
v 610.0892 887.3858 22501.9100
v 610.2343 887.7464 22501.9100
v 610.1866 887.6270 22501.9100
v 610.3254 887.9901 22501.9100
v 610.2798 887.8699 22501.9100
v 610.4122 888.2354 22501.9100
v 610.3688 888.1144 22501.9100
v 610.4948 888.4821 22501.9100
v 610.4534 888.3604 22501.9100
v 610.5730 888.7302 22501.9100
v 610.5338 888.6078 22501.9100
v 610.6469 888.9797 22501.9100
v 610.6098 888.8566 22501.9100
v 610.7164 889.2304 22501.9100
v 610.6815 889.1066 22501.9100
v 610.7816 889.4823 22501.9100
v 610.7488 889.3579 22501.9100
v 610.8423 889.7353 22501.9100
v 610.8117 889.6104 22501.9100
v 610.8986 889.9893 22501.9100
v 610.8702 889.8639 22501.9100
v 610.9505 890.2442 22501.9100
v 610.9243 890.1183 22501.9100
v 610.9979 890.5001 22501.9100
v 610.9739 890.3737 22501.9100
v 611.0408 890.7567 22501.9100
v 611.0190 890.6299 22501.9100
v 611.0793 891.0140 22501.9100
v 611.0598 890.8869 22501.9100
v 611.1133 891.2719 22501.9100
v 611.0959 891.1445 22501.9100
v 611.1427 891.5304 22501.9100
v 611.1276 891.4027 22501.9100
v 611.1677 891.7894 22501.9100
v 611.1547 891.6614 22501.9100
v 611.1880 892.0488 22501.9100
v 611.1774 891.9206 22501.9100
v 611.2039 892.3084 22501.9100
v 611.1955 892.1801 22501.9100
v 611.2153 892.5684 22501.9100
v 611.2091 892.4399 22501.9100
v 611.2221 892.8284 22501.9100
v 611.2181 892.7000 22501.9100
v 611.2227 892.9600 22501.9100
v 611.2244 893.0886 22524.2700
v 611.2221 892.8284 22524.2700
v 611.2238 892.9570 22524.2700
v 611.2153 892.5684 22524.2700
v 611.2192 892.6969 22524.2700
v 611.2039 892.3084 22524.2700
v 611.2101 892.4369 22524.2700
v 611.1880 892.0488 22524.2700
v 611.1965 892.1771 22524.2700
v 611.1677 891.7894 22524.2700
v 611.1783 891.9175 22524.2700
v 611.1427 891.5304 22524.2700
v 611.1556 891.6583 22524.2700
v 611.1133 891.2719 22524.2700
v 611.1284 891.3996 22524.2700
v 611.0793 891.0140 22524.2700
v 611.0966 891.1414 22524.2700
v 611.0408 890.7567 22524.2700
v 611.0604 890.8837 22524.2700
v 610.9979 890.5001 22524.2700
v 611.0197 890.6268 22524.2700
v 610.9505 890.2442 22524.2700
v 610.9745 890.3705 22524.2700
v 610.8986 889.9893 22524.2700
v 610.9248 890.1152 22524.2700
v 610.8423 889.7353 22524.2700
v 610.8707 889.8607 22524.2700
v 610.7816 889.4823 22524.2700
v 610.8121 889.6072 22524.2700
v 610.7164 889.2304 22524.2700
v 610.7491 889.3547 22524.2700
v 610.6469 888.9797 22524.2700
v 610.6818 889.1035 22524.2700
v 610.5730 888.7302 22524.2700
v 610.6100 888.8533 22524.2700
v 610.4948 888.4821 22524.2700
v 610.5340 888.6046 22524.2700
v 610.4122 888.2354 22524.2700
v 610.4536 888.3571 22524.2700
v 610.3254 887.9901 22524.2700
v 610.3688 888.1111 22524.2700
v 610.2343 887.7464 22524.2700
v 610.2798 887.8666 22524.2700
v 610.1389 887.5043 22524.2700
v 610.1865 887.6238 22524.2700
v 610.0393 887.2640 22524.2700
v 610.0891 887.3826 22524.2700
v 609.9356 887.0254 22524.2700
v 609.9874 887.1431 22524.2700
v 609.8277 886.7886 22524.2700
v 609.8815 886.9054 22524.2700
v 609.7157 886.5538 22524.2700
v 609.7715 886.6696 22524.2700
v 609.5996 886.3210 22524.2700
v 609.6575 886.4358 22524.2700
v 609.4795 886.0902 22524.2700
v 609.5394 886.2040 22524.2700
v 609.3553 885.8616 22524.2700
v 609.4172 885.9743 22524.2700
v 609.2272 885.6351 22524.2700
v 609.2910 885.7468 22524.2700
v 609.0952 885.4109 22524.2700
v 609.1609 885.5214 22524.2700
v 608.9592 885.1891 22524.2700
v 609.0269 885.2985 22524.2700
v 608.8195 884.9697 22524.2700
v 608.8890 885.0778 22524.2700
v 608.6758 884.7527 22524.2700
v 608.7473 884.8596 22524.2700
v 608.5284 884.5383 22524.2700
v 608.6017 884.6440 22524.2700
v 608.3774 884.3265 22524.2700
v 608.4525 884.4308 22524.2700
v 608.2227 884.1174 22524.2700
v 608.2996 884.2204 22524.2700
v 608.0643 883.9109 22524.2700
v 608.1429 884.0126 22524.2700
v 607.9023 883.7073 22524.2700
v 607.9828 883.8076 22524.2700
v 607.7368 883.5066 22524.2700
v 607.8190 883.6055 22524.2700
v 607.5678 883.3088 22524.2700
v 607.6518 883.4061 22524.2700
v 607.3954 883.1139 22524.2700
v 607.4811 883.2098 22524.2700
v 607.2197 882.9221 22524.2700
v 607.3069 883.0165 22524.2700
v 607.0406 882.7333 22524.2700
v 607.1295 882.8262 22524.2700
v 606.8582 882.5478 22524.2700
v 606.9487 882.6391 22524.2700
v 606.6727 882.3654 22524.2700
v 606.7648 882.4551 22524.2700
v 606.4839 882.1863 22524.2700
v 606.5776 882.2744 22524.2700
v 606.2921 882.0106 22524.2700
v 606.3873 882.0970 22524.2700
v 606.0972 881.8381 22524.2700
v 606.1939 881.9229 22524.2700
v 605.8994 881.6692 22524.2700
v 605.9976 881.7523 22524.2700
v 605.6987 881.5037 22524.2700
v 605.7982 881.5851 22524.2700
v 605.4951 881.3417 22524.2700
v 605.5960 881.4213 22524.2700
v 605.2886 881.1833 22524.2700
v 605.3910 881.2612 22524.2700
v 605.0795 881.0286 22524.2700
v 605.1832 881.1046 22524.2700
v 604.8677 880.8775 22524.2700
v 604.9727 880.9517 22524.2700
v 604.6533 880.7302 22524.2700
v 604.7595 880.8025 22524.2700
v 604.4363 880.5865 22524.2700
v 604.5438 880.6570 22524.2700
v 604.2169 880.4468 22524.2700
v 604.3256 880.5154 22524.2700
v 603.9951 880.3109 22524.2700
v 604.1050 880.3775 22524.2700
v 603.7709 880.1788 22524.2700
v 603.8820 880.2435 22524.2700
v 603.5444 880.0507 22524.2700
v 603.6566 880.1135 22524.2700
v 603.3158 879.9265 22524.2700
v 603.4291 879.9874 22524.2700
v 603.0850 879.8064 22524.2700
v 603.1993 879.8652 22524.2700
v 602.8522 879.6903 22524.2700
v 602.9675 879.7472 22524.2700
v 602.6174 879.5783 22524.2700
v 602.7336 879.6331 22524.2700
v 602.3806 879.4704 22524.2700
v 602.4979 879.5232 22524.2700
v 602.1420 879.3666 22524.2700
v 602.2601 879.4174 22524.2700
v 601.9016 879.2671 22524.2700
v 602.0206 879.3158 22524.2700
v 601.6595 879.1718 22524.2700
v 601.7794 879.2183 22524.2700
v 601.4159 879.0806 22524.2700
v 601.5365 879.1251 22524.2700
v 601.1706 878.9938 22524.2700
v 601.2920 879.0362 22524.2700
v 600.9239 878.9112 22524.2700
v 601.0460 878.9515 22524.2700
v 600.6758 878.8330 22524.2700
v 600.7986 878.8711 22524.2700
v 600.4263 878.7591 22524.2700
v 600.5497 878.7950 22524.2700
v 600.1756 878.6896 22524.2700
v 600.2996 878.7234 22524.2700
v 599.9237 878.6245 22524.2700
v 600.0483 878.6561 22524.2700
v 599.6707 878.5637 22524.2700
v 599.7959 878.5931 22524.2700
v 599.4167 878.5074 22524.2700
v 599.5424 878.5347 22524.2700
v 599.1617 878.4555 22524.2700
v 599.2879 878.4806 22524.2700
v 598.9059 878.4081 22524.2700
v 599.0325 878.4310 22524.2700
v 598.6494 878.3652 22524.2700
v 598.7762 878.3858 22524.2700
v 598.3920 878.3267 22524.2700
v 598.5193 878.3452 22524.2700
v 598.1341 878.2927 22524.2700
v 598.2617 878.3090 22524.2700
v 597.8756 878.2633 22524.2700
v 598.0034 878.2773 22524.2700
v 597.6166 878.2383 22524.2700
v 597.7446 878.2501 22524.2700
v 597.3572 878.2180 22524.2700
v 597.4855 878.2275 22524.2700
v 597.0975 878.2020 22524.2700
v 597.2260 878.2094 22524.2700
v 596.8376 878.1907 22524.2700
v 596.9661 878.1957 22524.2700
v 596.5775 878.1839 22524.2700
v 596.7061 878.1867 22524.2700
v 596.3174 878.1816 22524.2700
v 596.4460 878.1822 22524.2700
v 596.0572 878.1839 22524.2700
v 596.1858 878.1822 22524.2700
v 595.7971 878.1907 22524.2700
v 595.9257 878.1868 22524.2700
v 595.5372 878.2020 22524.2700
v 595.6656 878.1959 22524.2700
v 595.2775 878.2180 22524.2700
v 595.4058 878.2095 22524.2700
v 595.0181 878.2383 22524.2700
v 595.1463 878.2277 22524.2700
v 594.7592 878.2633 22524.2700
v 594.8871 878.2504 22524.2700
v 594.5007 878.2927 22524.2700
v 594.6284 878.2776 22524.2700
v 594.2427 878.3267 22524.2700
v 594.3701 878.3093 22524.2700
v 593.9854 878.3652 22524.2700
v 594.1125 878.3456 22524.2700
v 593.7288 878.4081 22524.2700
v 593.8555 878.3863 22524.2700
v 593.4730 878.4555 22524.2700
v 593.5993 878.4315 22524.2700
v 593.2180 878.5074 22524.2700
v 593.3439 878.4812 22524.2700
v 592.9641 878.5637 22524.2700
v 593.0895 878.5353 22524.2700
v 592.7111 878.6245 22524.2700
v 592.8359 878.5939 22524.2700
v 592.4592 878.6896 22524.2700
v 592.5835 878.6568 22524.2700
v 592.2084 878.7591 22524.2700
v 592.3322 878.7242 22524.2700
v 591.9590 878.8330 22524.2700
v 592.0821 878.7959 22524.2700
v 591.7109 878.9112 22524.2700
v 591.8333 878.8720 22524.2700
v 591.4641 878.9938 22524.2700
v 591.5859 878.9525 22524.2700
v 591.2189 879.0806 22524.2700
v 591.3399 879.0372 22524.2700
v 590.9752 879.1718 22524.2700
v 591.0955 879.1262 22524.2700
v 590.7331 879.2671 22524.2700
v 590.8525 879.2194 22524.2700
v 590.4927 879.3666 22524.2700
v 590.6113 879.3170 22524.2700
v 590.2542 879.4704 22524.2700
v 590.3718 879.4186 22524.2700
v 590.0174 879.5783 22524.2700
v 590.1342 879.5245 22524.2700
v 589.7826 879.6903 22524.2700
v 589.8984 879.6345 22524.2700
v 589.5497 879.8064 22524.2700
v 589.6646 879.7485 22524.2700
v 589.3190 879.9265 22524.2700
v 589.4327 879.8666 22524.2700
v 589.0903 880.0507 22524.2700
v 589.2031 879.9888 22524.2700
v 588.8639 880.1788 22524.2700
v 588.9755 880.1150 22524.2700
v 588.6397 880.3109 22524.2700
v 588.7502 880.2451 22524.2700
v 588.4179 880.4468 22524.2700
v 588.5272 880.3791 22524.2700
v 588.1984 880.5865 22524.2700
v 588.3066 880.5170 22524.2700
v 587.9815 880.7302 22524.2700
v 588.0884 880.6587 22524.2700
v 587.7671 880.8775 22524.2700
v 587.8727 880.8042 22524.2700
v 587.5553 881.0286 22524.2700
v 587.6596 880.9535 22524.2700
v 587.3461 881.1833 22524.2700
v 587.4492 881.1064 22524.2700
v 587.1397 881.3417 22524.2700
v 587.2414 881.2630 22524.2700
v 586.9361 881.5037 22524.2700
v 587.0364 881.4232 22524.2700
v 586.7354 881.6692 22524.2700
v 586.8342 881.5870 22524.2700
v 586.5375 881.8381 22524.2700
v 586.6349 881.7542 22524.2700
v 586.3427 882.0106 22524.2700
v 586.4386 881.9249 22524.2700
v 586.1508 882.1863 22524.2700
v 586.2452 882.0991 22524.2700
v 585.9621 882.3654 22524.2700
v 586.0550 882.2765 22524.2700
v 585.7766 882.5478 22524.2700
v 585.8679 882.4573 22524.2700
v 585.5942 882.7333 22524.2700
v 585.6839 882.6412 22524.2700
v 585.4151 882.9221 22524.2700
v 585.5032 882.8284 22524.2700
v 585.2393 883.1139 22524.2700
v 585.3258 883.0187 22524.2700
v 585.0670 883.3088 22524.2700
v 585.1517 883.2121 22524.2700
v 584.8979 883.5066 22524.2700
v 584.9810 883.4084 22524.2700
v 584.7325 883.7073 22524.2700
v 584.8138 883.6078 22524.2700
v 584.5705 883.9109 22524.2700
v 584.6501 883.8100 22524.2700
v 584.4121 884.1174 22524.2700
v 584.4899 884.0150 22524.2700
v 584.2574 884.3265 22524.2700
v 584.3334 884.2228 22524.2700
v 584.1063 884.5383 22524.2700
v 584.1805 884.4333 22524.2700
v 583.9589 884.7527 22524.2700
v 584.0313 884.6464 22524.2700
v 583.8153 884.9697 22524.2700
v 583.8858 884.8621 22524.2700
v 583.6755 885.1891 22524.2700
v 583.7441 885.0804 22524.2700
v 583.5396 885.4109 22524.2700
v 583.6063 885.3010 22524.2700
v 583.4075 885.6351 22524.2700
v 583.4723 885.5240 22524.2700
v 583.2794 885.8616 22524.2700
v 583.3423 885.7494 22524.2700
v 583.1553 886.0902 22524.2700
v 583.2161 885.9769 22524.2700
v 583.0352 886.3210 22524.2700
v 583.0940 886.2067 22524.2700
v 582.9191 886.5538 22524.2700
v 582.9760 886.4385 22524.2700
v 582.8071 886.7886 22524.2700
v 582.8619 886.6724 22524.2700
v 582.6992 887.0254 22524.2700
v 582.7520 886.9081 22524.2700
v 582.5954 887.2640 22524.2700
v 582.6462 887.1458 22524.2700
v 582.4958 887.5043 22524.2700
v 582.5446 887.3853 22524.2700
v 582.4005 887.7464 22524.2700
v 582.4471 887.6266 22524.2700
v 582.3094 887.9901 22524.2700
v 582.3539 887.8695 22524.2700
v 582.2225 888.2354 22524.2700
v 582.2650 888.1140 22524.2700
v 582.1400 888.4821 22524.2700
v 582.1802 888.3600 22524.2700
v 582.0618 888.7302 22524.2700
v 582.0999 888.6074 22524.2700
v 581.9879 888.9797 22524.2700
v 582.0239 888.8563 22524.2700
v 581.9183 889.2304 22524.2700
v 581.9521 889.1063 22524.2700
v 581.8532 889.4823 22524.2700
v 581.8848 889.3577 22524.2700
v 581.7925 889.7353 22524.2700
v 581.8219 889.6101 22524.2700
v 581.7361 889.9893 22524.2700
v 581.7634 889.8636 22524.2700
v 581.6843 890.2442 22524.2700
v 581.7094 890.1181 22524.2700
v 581.6368 890.5001 22524.2700
v 581.6597 890.3735 22524.2700
v 581.5939 890.7567 22524.2700
v 581.6146 890.6298 22524.2700
v 581.5555 891.0140 22524.2700
v 581.5739 890.8867 22524.2700
v 581.5215 891.2719 22524.2700
v 581.5377 891.1443 22524.2700
v 581.4921 891.5304 22524.2700
v 581.5060 891.4026 22524.2700
v 581.4671 891.7894 22524.2700
v 581.4789 891.6613 22524.2700
v 581.4467 892.0488 22524.2700
v 581.4562 891.9205 22524.2700
v 581.4308 892.3084 22524.2700
v 581.4381 892.1801 22524.2700
v 581.4195 892.5684 22524.2700
v 581.4245 892.4399 22524.2700
v 581.4127 892.8284 22524.2700
v 581.4155 892.6999 22524.2700
v 581.4104 893.0886 22524.2700
v 581.4109 892.9600 22524.2700
v 581.4127 893.3488 22524.2700
v 581.4109 893.2202 22524.2700
v 581.4195 893.6089 22524.2700
v 581.4155 893.4803 22524.2700
v 581.4308 893.8688 22524.2700
v 581.4246 893.7404 22524.2700
v 581.4467 894.1285 22524.2700
v 581.4383 894.0002 22524.2700
v 581.4671 894.3878 22524.2700
v 581.4565 894.2597 22524.2700
v 581.4921 894.6468 22524.2700
v 581.4792 894.5189 22524.2700
v 581.5215 894.9053 22524.2700
v 581.5064 894.7776 22524.2700
v 581.5555 895.1633 22524.2700
v 581.5381 895.0358 22524.2700
v 581.5939 895.4206 22524.2700
v 581.5743 895.2935 22524.2700
v 581.6368 895.6772 22524.2700
v 581.6151 895.5505 22524.2700
v 581.6843 895.9330 22524.2700
v 581.6603 895.8067 22524.2700
v 581.7361 896.1879 22524.2700
v 581.7100 896.0621 22524.2700
v 581.7925 896.4420 22524.2700
v 581.7641 896.3165 22524.2700
v 581.8532 896.6949 22524.2700
v 581.8226 896.5701 22524.2700
v 581.9183 896.9468 22524.2700
v 581.8856 896.8224 22524.2700
v 581.9879 897.1975 22524.2700
v 581.9529 897.0738 22524.2700
v 582.0618 897.4470 22524.2700
v 582.0247 897.3239 22524.2700
v 582.1400 897.6951 22524.2700
v 582.1008 897.5727 22524.2700
v 582.2225 897.9418 22524.2700
v 582.1812 897.8201 22524.2700
v 582.3094 898.1871 22524.2700
v 582.2659 898.0661 22524.2700
v 582.4005 898.4308 22524.2700
v 582.3549 898.3105 22524.2700
v 582.4958 898.6729 22524.2700
v 582.4482 898.5535 22524.2700
v 582.5954 898.9132 22524.2700
v 582.5457 898.7947 22524.2700
v 582.6992 899.1519 22524.2700
v 582.6474 899.0341 22524.2700
v 582.8071 899.3885 22524.2700
v 582.7532 899.2718 22524.2700
v 582.9191 899.6234 22524.2700
v 582.8632 899.5076 22524.2700
v 583.0352 899.8563 22524.2700
v 582.9773 899.7414 22524.2700
v 583.1553 900.0870 22524.2700
v 583.0954 899.9732 22524.2700
v 583.2794 900.3157 22524.2700
v 583.2176 900.2029 22524.2700
v 583.4075 900.5421 22524.2700
v 583.3438 900.4305 22524.2700
v 583.5396 900.7663 22524.2700
v 583.4738 900.6558 22524.2700
v 583.6755 900.9881 22524.2700
v 583.6078 900.8788 22524.2700
v 583.8153 901.2075 22524.2700
v 583.7458 901.0994 22524.2700
v 583.9589 901.4245 22524.2700
v 583.8875 901.3176 22524.2700
v 584.1063 901.6389 22524.2700
v 584.0330 901.5333 22524.2700
v 584.2574 901.8507 22524.2700
v 584.1823 901.7463 22524.2700
v 584.4121 902.0599 22524.2700
v 584.3352 901.9568 22524.2700
v 584.5705 902.2663 22524.2700
v 584.4918 902.1646 22524.2700
v 584.7325 902.4699 22524.2700
v 584.6520 902.3696 22524.2700
v 584.8979 902.6707 22524.2700
v 584.8157 902.5718 22524.2700
v 585.0670 902.8685 22524.2700
v 584.9830 902.7711 22524.2700
v 585.2393 903.0634 22524.2700
v 585.1537 902.9674 22524.2700
v 585.4151 903.2551 22524.2700
v 585.3278 903.1607 22524.2700
v 585.5942 903.4438 22524.2700
v 585.5052 903.3510 22524.2700
v 585.7766 903.6295 22524.2700
v 585.6860 903.5381 22524.2700
v 585.9621 903.8118 22524.2700
v 585.8700 903.7221 22524.2700
v 586.1508 903.9909 22524.2700
v 586.0572 903.9028 22524.2700
v 586.3427 904.1667 22524.2700
v 586.2475 904.0802 22524.2700
v 586.5375 904.3391 22524.2700
v 586.4409 904.2543 22524.2700
v 586.7354 904.5081 22524.2700
v 586.6372 904.4249 22524.2700
v 586.9361 904.6735 22524.2700
v 586.8365 904.5922 22524.2700
v 587.1397 904.8354 22524.2700
v 587.0388 904.7559 22524.2700
v 587.3461 904.9938 22524.2700
v 587.2438 904.9160 22524.2700
v 587.5553 905.1486 22524.2700
v 587.4516 905.0726 22524.2700
v 587.7671 905.2997 22524.2700
v 587.6620 905.2255 22524.2700
v 587.9815 905.4471 22524.2700
v 587.8752 905.3747 22524.2700
v 588.1984 905.5906 22524.2700
v 588.0909 905.5201 22524.2700
v 588.4179 905.7305 22524.2700
v 588.3091 905.6619 22524.2700
v 588.6397 905.8664 22524.2700
v 588.5298 905.7997 22524.2700
v 588.8639 905.9984 22524.2700
v 588.7528 905.9337 22524.2700
v 589.0903 906.1266 22524.2700
v 588.9781 906.0637 22524.2700
v 589.3190 906.2507 22524.2700
v 589.2057 906.1898 22524.2700
v 589.5497 906.3708 22524.2700
v 589.4354 906.3120 22524.2700
v 589.7826 906.4869 22524.2700
v 589.6672 906.4301 22524.2700
v 590.0174 906.5989 22524.2700
v 589.9011 906.5441 22524.2700
v 590.2542 906.7068 22524.2700
v 590.1369 906.6540 22524.2700
v 590.4927 906.8105 22524.2700
v 590.3746 906.7598 22524.2700
v 590.7331 906.9102 22524.2700
v 590.6141 906.8615 22524.2700
v 590.9752 907.0055 22524.2700
v 590.8553 906.9589 22524.2700
v 591.2189 907.0966 22524.2700
v 591.0983 907.0521 22524.2700
v 591.4641 907.1835 22524.2700
v 591.3427 907.1411 22524.2700
v 591.7109 907.2660 22524.2700
v 591.5887 907.2257 22524.2700
v 591.9590 907.3442 22524.2700
v 591.8362 907.3061 22524.2700
v 592.2084 907.4182 22524.2700
v 592.0850 907.3821 22524.2700
v 592.4592 907.4877 22524.2700
v 592.3351 907.4539 22524.2700
v 592.7111 907.5528 22524.2700
v 592.5864 907.5212 22524.2700
v 592.9641 907.6135 22524.2700
v 592.8389 907.5840 22524.2700
v 593.2180 907.6699 22524.2700
v 593.0924 907.6426 22524.2700
v 593.4730 907.7217 22524.2700
v 593.3469 907.6967 22524.2700
v 593.7288 907.7691 22524.2700
v 593.6023 907.7463 22524.2700
v 593.9854 907.8121 22524.2700
v 593.8585 907.7914 22524.2700
v 594.2427 907.8505 22524.2700
v 594.1155 907.8321 22524.2700
v 594.5007 907.8845 22524.2700
v 594.3731 907.8683 22524.2700
v 594.7592 907.9139 22524.2700
v 594.6313 907.9000 22524.2700
v 595.0181 907.9389 22524.2700
v 594.8901 907.9271 22524.2700
v 595.2775 907.9593 22524.2700
v 595.1493 907.9498 22524.2700
v 595.5372 907.9752 22524.2700
v 595.4088 907.9679 22524.2700
v 595.7971 907.9865 22524.2700
v 595.6686 907.9815 22524.2700
v 596.0572 907.9933 22524.2700
v 595.9286 907.9905 22524.2700
v 596.3174 907.9956 22524.2700
v 596.1888 907.9951 22524.2700
v 596.5775 907.9933 22524.2700
v 596.4490 907.9950 22524.2700
v 596.8376 907.9865 22524.2700
v 596.7091 907.9905 22524.2700
v 597.0975 907.9752 22524.2700
v 596.9691 907.9813 22524.2700
v 597.3572 907.9593 22524.2700
v 597.2289 907.9677 22524.2700
v 597.6166 907.9389 22524.2700
v 597.4885 907.9495 22524.2700
v 597.8756 907.9139 22524.2700
v 597.7476 907.9268 22524.2700
v 598.1341 907.8845 22524.2700
v 598.0064 907.8996 22524.2700
v 598.3920 907.8505 22524.2700
v 598.2646 907.8679 22524.2700
v 598.6494 907.8121 22524.2700
v 598.5223 907.8317 22524.2700
v 598.9059 907.7691 22524.2700
v 598.7792 907.7909 22524.2700
v 599.1617 907.7217 22524.2700
v 599.0355 907.7457 22524.2700
v 599.4167 907.6699 22524.2700
v 599.2908 907.6960 22524.2700
v 599.6707 907.6135 22524.2700
v 599.5453 907.6419 22524.2700
v 599.9237 907.5528 22524.2700
v 599.7988 907.5834 22524.2700
v 600.1756 907.4877 22524.2700
v 600.0513 907.5204 22524.2700
v 600.4263 907.4182 22524.2700
v 600.3026 907.4531 22524.2700
v 600.6758 907.3442 22524.2700
v 600.5526 907.3813 22524.2700
v 600.9239 907.2660 22524.2700
v 600.8015 907.3052 22524.2700
v 601.1706 907.1835 22524.2700
v 601.0489 907.2248 22524.2700
v 601.4159 907.0966 22524.2700
v 601.2949 907.1401 22524.2700
v 601.6595 907.0055 22524.2700
v 601.5393 907.0510 22524.2700
v 601.9016 906.9102 22524.2700
v 601.7822 906.9578 22524.2700
v 602.1420 906.8105 22524.2700
v 602.0234 906.8603 22524.2700
v 602.3806 906.7068 22524.2700
v 602.2629 906.7586 22524.2700
v 602.6174 906.5989 22524.2700
v 602.5005 906.6528 22524.2700
v 602.8522 906.4869 22524.2700
v 602.7363 906.5428 22524.2700
v 603.0850 906.3708 22524.2700
v 602.9702 906.4287 22524.2700
v 603.3158 906.2507 22524.2700
v 603.2020 906.3106 22524.2700
v 603.5444 906.1266 22524.2700
v 603.4317 906.1884 22524.2700
v 603.7709 905.9984 22524.2700
v 603.6592 906.0623 22524.2700
v 603.9951 905.8664 22524.2700
v 603.8845 905.9321 22524.2700
v 604.2169 905.7305 22524.2700
v 604.1075 905.7981 22524.2700
v 604.4363 905.5906 22524.2700
v 604.3282 905.6602 22524.2700
v 604.6533 905.4471 22524.2700
v 604.5463 905.5185 22524.2700
v 604.8677 905.2997 22524.2700
v 604.7620 905.3730 22524.2700
v 605.0795 905.1486 22524.2700
v 604.9752 905.2238 22524.2700
v 605.2886 904.9938 22524.2700
v 605.1856 905.0708 22524.2700
v 605.4951 904.8354 22524.2700
v 605.3934 904.9142 22524.2700
v 605.6987 904.6735 22524.2700
v 605.5984 904.7540 22524.2700
v 605.8994 904.5081 22524.2700
v 605.8005 904.5903 22524.2700
v 606.0972 904.3391 22524.2700
v 605.9998 904.4230 22524.2700
v 606.2921 904.1667 22524.2700
v 606.1962 904.2523 22524.2700
v 606.4839 903.9909 22524.2700
v 606.3895 904.0782 22524.2700
v 606.6727 903.8118 22524.2700
v 606.5798 903.9007 22524.2700
v 606.8582 903.6295 22524.2700
v 606.7669 903.7200 22524.2700
v 607.0406 903.4438 22524.2700
v 606.9509 903.5360 22524.2700
v 607.2197 903.2551 22524.2700
v 607.1315 903.3488 22524.2700
v 607.3954 903.0634 22524.2700
v 607.3090 903.1585 22524.2700
v 607.5678 902.8685 22524.2700
v 607.4830 902.9651 22524.2700
v 607.7368 902.6707 22524.2700
v 607.6537 902.7688 22524.2700
v 607.9023 902.4699 22524.2700
v 607.8209 902.5695 22524.2700
v 608.0643 902.2663 22524.2700
v 607.9846 902.3672 22524.2700
v 608.2227 902.0599 22524.2700
v 608.1448 902.1622 22524.2700
v 608.3774 901.8507 22524.2700
v 608.3013 901.9544 22524.2700
v 608.5284 901.6389 22524.2700
v 608.4543 901.7439 22524.2700
v 608.6758 901.4245 22524.2700
v 608.6035 901.5308 22524.2700
v 608.8195 901.2075 22524.2700
v 608.7490 901.3151 22524.2700
v 608.9592 900.9881 22524.2700
v 608.8906 901.0969 22524.2700
v 609.0952 900.7663 22524.2700
v 609.0284 900.8762 22524.2700
v 609.2272 900.5421 22524.2700
v 609.1624 900.6532 22524.2700
v 609.3553 900.3157 22524.2700
v 609.2925 900.4279 22524.2700
v 609.4795 900.0870 22524.2700
v 609.4186 900.2003 22524.2700
v 609.5996 899.8563 22524.2700
v 609.5407 899.9706 22524.2700
v 609.7157 899.6234 22524.2700
v 609.6588 899.7387 22524.2700
v 609.8277 899.3885 22524.2700
v 609.7728 899.5049 22524.2700
v 609.9356 899.1519 22524.2700
v 609.8828 899.2690 22524.2700
v 610.0393 898.9132 22524.2700
v 609.9886 899.0314 22524.2700
v 610.1389 898.6729 22524.2700
v 610.0902 898.7919 22524.2700
v 610.2343 898.4308 22524.2700
v 610.1876 898.5507 22524.2700
v 610.3254 898.1871 22524.2700
v 610.2809 898.3077 22524.2700
v 610.4122 897.9418 22524.2700
v 610.3698 898.0632 22524.2700
v 610.4948 897.6951 22524.2700
v 610.4545 897.8173 22524.2700
v 610.5730 897.4470 22524.2700
v 610.5349 897.5698 22524.2700
v 610.6469 897.1975 22524.2700
v 610.6109 897.3210 22524.2700
v 610.7164 896.9468 22524.2700
v 610.6826 897.0709 22524.2700
v 610.7816 896.6949 22524.2700
v 610.7499 896.8196 22524.2700
v 610.8423 896.4420 22524.2700
v 610.8129 896.5671 22524.2700
v 610.8986 896.1879 22524.2700
v 610.8713 896.3136 22524.2700
v 610.9505 895.9330 22524.2700
v 610.9254 896.0591 22524.2700
v 610.9979 895.6772 22524.2700
v 610.9750 895.8037 22524.2700
v 611.0408 895.4206 22524.2700
v 611.0202 895.5475 22524.2700
v 611.0793 895.1633 22524.2700
v 611.0609 895.2905 22524.2700
v 611.1133 894.9053 22524.2700
v 611.0970 895.0329 22524.2700
v 611.1427 894.6468 22524.2700
v 611.1287 894.7747 22524.2700
v 611.1677 894.3878 22524.2700
v 611.1559 894.5159 22524.2700
v 611.1880 894.1285 22524.2700
v 611.1785 894.2567 22524.2700
v 611.2039 893.8688 22524.2700
v 611.1967 893.9971 22524.2700
v 611.2153 893.6089 22524.2700
v 611.2103 893.7374 22524.2700
v 611.2221 893.3488 22524.2700
v 611.2193 893.4774 22524.2700
v 611.2238 893.2172 22524.2700
v 611.2244 893.0886 22513.2700
v 606.8582 882.5478 22513.2700
v 596.3174 878.1816 22513.2700
v 585.7766 882.5478 22513.2700
v 581.4104 893.0886 22513.2700
v 585.7766 903.6295 22513.2700
v 596.3174 907.9956 22513.2700
v 606.8582 903.6295 22513.2700
v 74.5728 296.7974 22419.9200
v 223.6427 296.7974 22419.9200
v 149.9691 297.1227 22419.9200
v 74.5728 147.7275 22419.9200
v 74.2476 223.1239 22419.9200
v 223.6427 147.7275 22419.9200
v 148.2463 147.4023 22419.9200
v 223.9679 221.4011 22419.9200
v 745.3494 89.4156 22524.2700
v -0.0000 89.4156 22524.2700
v 368.3676 88.9156 22524.2700
v -0.0000 87.5522 22520.5400
v -0.0041 88.4947 22522.4300
v 745.3494 87.5522 22520.5400
v 368.3676 87.0522 22520.5400
v 745.3453 88.4947 22522.4300
v -0.0000 85.6888 22524.2700
v -0.0041 86.6313 22522.3700
v 745.3494 85.6888 22524.2700
v 368.3676 85.1888 22524.2700
v 745.3453 86.6313 22522.3700
v -0.0000 18.9801 22524.2700
v -0.1456 52.7199 22524.2700
v 745.3494 18.9801 22524.2700
v 368.3676 18.4801 22524.2700
v 745.2039 52.7199 22524.2700
v -0.0000 16.7780 22522.4200
v -0.0000 16.7851 22522.4600
v -0.0000 16.7816 22522.4400
v -0.0000 16.7929 22522.4900
v -0.0000 16.7890 22522.4800
v -0.0000 16.8013 22522.5300
v -0.0000 16.7972 22522.5100
v -0.0000 16.8104 22522.5700
v -0.0000 16.8059 22522.5500
v -0.0000 16.8202 22522.6100
v -0.0000 16.8154 22522.5900
v -0.0000 16.8306 22522.6500
v -0.0000 16.8255 22522.6300
v -0.0000 16.8417 22522.6800
v -0.0000 16.8362 22522.6700
v -0.0000 16.8535 22522.7200
v -0.0000 16.8477 22522.7000
v -0.0000 16.8658 22522.7600
v -0.0000 16.8597 22522.7400
v -0.0000 16.8789 22522.7900
v -0.0000 16.8724 22522.7800
v -0.0000 16.8925 22522.8300
v -0.0000 16.8858 22522.8100
v -0.0000 16.9068 22522.8700
v -0.0000 16.8998 22522.8500
v -0.0000 16.9218 22522.9000
v -0.0001 16.9144 22522.8900
v -0.0000 16.9373 22522.9400
v -0.0001 16.9296 22522.9200
v -0.0000 16.9535 22522.9700
v -0.0001 16.9455 22522.9600
v -0.0000 16.9703 22523.0100
v -0.0001 16.9620 22522.9900
v -0.0000 16.9877 22523.0400
v -0.0001 16.9791 22523.0300
v -0.0000 17.0058 22523.0800
v -0.0001 16.9969 22523.0600
v -0.0000 17.0244 22523.1100
v -0.0001 17.0152 22523.1000
v -0.0000 17.0436 22523.1500
v -0.0001 17.0341 22523.1300
v -0.0000 17.0634 22523.1800
v -0.0001 17.0536 22523.1700
v -0.0000 17.0838 22523.2100
v -0.0001 17.0737 22523.2000
v -0.0000 17.1048 22523.2500
v -0.0001 17.0944 22523.2300
v -0.0000 17.1263 22523.2800
v -0.0001 17.1157 22523.2600
v -0.0000 17.1484 22523.3100
v -0.0001 17.1375 22523.3000
v -0.0000 17.1711 22523.3400
v -0.0001 17.1599 22523.3300
v -0.0000 17.1943 22523.3800
v -0.0001 17.1828 22523.3600
v -0.0000 17.2180 22523.4100
v -0.0001 17.2063 22523.3900
v -0.0000 17.2423 22523.4400
v -0.0001 17.2303 22523.4200
v -0.0000 17.2672 22523.4700
v -0.0001 17.2549 22523.4500
v -0.0000 17.2925 22523.5000
v -0.0001 17.2800 22523.4800
v -0.0000 17.3184 22523.5300
v -0.0001 17.3056 22523.5100
v -0.0000 17.3447 22523.5500
v -0.0001 17.3317 22523.5400
v -0.0000 17.3716 22523.5800
v -0.0001 17.3583 22523.5700
v -0.0000 17.3989 22523.6100
v -0.0001 17.3854 22523.6000
v -0.0000 17.4268 22523.6400
v -0.0001 17.4130 22523.6200
v -0.0000 17.4551 22523.6700
v -0.0001 17.4411 22523.6500
v -0.0000 17.4839 22523.6900
v -0.0001 17.4696 22523.6800
v -0.0000 17.5131 22523.7200
v -0.0001 17.4986 22523.7100
v -0.0000 17.5428 22523.7400
v -0.0001 17.5281 22523.7300
v -0.0000 17.5729 22523.7700
v -0.0001 17.5580 22523.7600
v -0.0000 17.6034 22523.7900
v -0.0001 17.5883 22523.7800
v -0.0000 17.6344 22523.8200
v -0.0001 17.6191 22523.8000
v -0.0000 17.6658 22523.8400
v -0.0001 17.6502 22523.8300
v -0.0000 17.6975 22523.8600
v -0.0001 17.6818 22523.8500
v -0.0000 17.7297 22523.8800
v -0.0001 17.7138 22523.8700
v -0.0000 17.7622 22523.9100
v -0.0001 17.7461 22523.8900
v -0.0000 17.7951 22523.9300
v -0.0001 17.7789 22523.9200
v -0.0000 17.8284 22523.9500
v -0.0001 17.8120 22523.9400
v -0.0000 17.8620 22523.9700
v -0.0001 17.8454 22523.9600
v -0.0000 17.8960 22523.9900
v -0.0001 17.8792 22523.9800
v -0.0000 17.9303 22524.0000
v -0.0001 17.9134 22524.0000
v -0.0000 17.9649 22524.0200
v -0.0001 17.9478 22524.0100
v -0.0000 17.9999 22524.0400
v -0.0001 17.9826 22524.0300
v -0.0000 18.0351 22524.0600
v -0.0001 18.0177 22524.0500
v -0.0000 18.0706 22524.0700
v -0.0001 18.0530 22524.0600
v -0.0000 18.1064 22524.0900
v -0.0001 18.0887 22524.0800
v -0.0000 18.1424 22524.1000
v -0.0001 18.1246 22524.1000
v -0.0000 18.1787 22524.1200
v -0.0001 18.1608 22524.1100
v -0.0000 18.2153 22524.1300
v -0.0001 18.1972 22524.1200
v -0.0000 18.2521 22524.1400
v -0.0001 18.2339 22524.1400
v -0.0000 18.2891 22524.1600
v -0.0001 18.2708 22524.1500
v -0.0000 18.3263 22524.1700
v -0.0001 18.3079 22524.1600
v -0.0000 18.3637 22524.1800
v -0.0001 18.3452 22524.1700
v -0.0000 18.4013 22524.1900
v -0.0001 18.3828 22524.1900
v -0.0000 18.4391 22524.2000
v -0.0001 18.4204 22524.2000
v -0.0000 18.4771 22524.2100
v -0.0001 18.4583 22524.2100
v -0.0000 18.5152 22524.2200
v -0.0001 18.4963 22524.2100
v -0.0000 18.5534 22524.2200
v -0.0001 18.5345 22524.2200
v -0.0000 18.5918 22524.2300
v -0.0001 18.5728 22524.2300
v -0.0000 18.6303 22524.2400
v -0.0001 18.6113 22524.2400
v -0.0000 18.6689 22524.2400
v -0.0001 18.6498 22524.2400
v -0.0000 18.7076 22524.2500
v -0.0001 18.6884 22524.2500
v -0.0000 18.7463 22524.2500
v -0.0001 18.7272 22524.2500
v -0.0000 18.7852 22524.2600
v -0.0001 18.7660 22524.2600
v -0.0000 18.8241 22524.2600
v -0.0001 18.8049 22524.2600
v -0.0000 18.8630 22524.2600
v -0.0001 18.8438 22524.2600
v -0.0000 18.9020 22524.2700
v -0.0001 18.8828 22524.2600
v -0.0000 18.9410 22524.2700
v -0.0001 18.9218 22524.2700
v -0.0001 18.9608 22524.2700
v 745.3494 16.7780 22522.4200
v 745.3494 16.7851 22522.4600
v 745.3494 16.7816 22522.4400
v 745.3494 16.7929 22522.4900
v 745.3494 16.7890 22522.4800
v 745.3494 16.8013 22522.5300
v 745.3494 16.7972 22522.5100
v 745.3494 16.8104 22522.5700
v 745.3494 16.8059 22522.5500
v 745.3494 16.8202 22522.6100
v 745.3494 16.8154 22522.5900
v 745.3494 16.8306 22522.6500
v 745.3494 16.8255 22522.6300
v 745.3494 16.8417 22522.6800
v 745.3494 16.8362 22522.6700
v 745.3494 16.8535 22522.7200
v 745.3494 16.8477 22522.7000
v 745.3494 16.8658 22522.7600
v 745.3494 16.8597 22522.7400
v 745.3494 16.8789 22522.7900
v 745.3494 16.8724 22522.7800
v 745.3494 16.8925 22522.8300
v 745.3494 16.8858 22522.8100
v 745.3494 16.9068 22522.8700
v 745.3494 16.8998 22522.8500
v 745.3494 16.9218 22522.9000
v 745.3494 16.9144 22522.8900
v 745.3494 16.9373 22522.9400
v 745.3494 16.9296 22522.9200
v 745.3494 16.9535 22522.9700
v 745.3494 16.9455 22522.9600
v 745.3494 16.9703 22523.0100
v 745.3494 16.9620 22522.9900
v 745.3494 16.9877 22523.0400
v 745.3494 16.9791 22523.0300
v 745.3494 17.0058 22523.0800
v 745.3494 16.9969 22523.0600
v 745.3494 17.0244 22523.1100
v 745.3494 17.0152 22523.1000
v 745.3494 17.0436 22523.1500
v 745.3494 17.0341 22523.1300
v 745.3494 17.0634 22523.1800
v 745.3494 17.0536 22523.1700
v 745.3494 17.0838 22523.2100
v 745.3494 17.0737 22523.2000
v 745.3494 17.1048 22523.2500
v 745.3494 17.0944 22523.2300
v 745.3494 17.1263 22523.2800
v 745.3494 17.1157 22523.2600
v 745.3494 17.1484 22523.3100
v 745.3494 17.1375 22523.3000
v 745.3494 17.1711 22523.3400
v 745.3494 17.1599 22523.3300
v 745.3494 17.1943 22523.3800
v 745.3494 17.1828 22523.3600
v 745.3494 17.2180 22523.4100
v 745.3494 17.2063 22523.3900
v 745.3494 17.2423 22523.4400
v 745.3494 17.2303 22523.4200
v 745.3494 17.2672 22523.4700
v 745.3494 17.2549 22523.4500
v 745.3494 17.2925 22523.5000
v 745.3494 17.2800 22523.4800
v 745.3494 17.3184 22523.5300
v 745.3494 17.3056 22523.5100
v 745.3494 17.3447 22523.5500
v 745.3494 17.3317 22523.5400
v 745.3494 17.3716 22523.5800
v 745.3494 17.3583 22523.5700
v 745.3494 17.3989 22523.6100
v 745.3494 17.3854 22523.6000
v 745.3494 17.4268 22523.6400
v 745.3494 17.4130 22523.6200
v 745.3494 17.4551 22523.6700
v 745.3494 17.4411 22523.6500
v 745.3494 17.4839 22523.6900
v 745.3494 17.4696 22523.6800
v 745.3494 17.5131 22523.7200
v 745.3494 17.4986 22523.7100
v 745.3494 17.5428 22523.7400
v 745.3494 17.5281 22523.7300
v 745.3494 17.5729 22523.7700
v 745.3494 17.5580 22523.7600
v 745.3494 17.6034 22523.7900
v 745.3494 17.5883 22523.7800
v 745.3494 17.6344 22523.8200
v 745.3494 17.6191 22523.8000
v 745.3494 17.6658 22523.8400
v 745.3494 17.6502 22523.8300
v 745.3494 17.6975 22523.8600
v 745.3494 17.6818 22523.8500
v 745.3494 17.7297 22523.8800
v 745.3494 17.7138 22523.8700
v 745.3494 17.7622 22523.9100
v 745.3494 17.7461 22523.8900
v 745.3494 17.7951 22523.9300
v 745.3494 17.7789 22523.9200
v 745.3494 17.8284 22523.9500
v 745.3494 17.8120 22523.9400
v 745.3494 17.8620 22523.9700
v 745.3494 17.8454 22523.9600
v 745.3494 17.8960 22523.9900
v 745.3494 17.8792 22523.9800
v 745.3494 17.9303 22524.0000
v 745.3494 17.9134 22524.0000
v 745.3494 17.9649 22524.0200
v 745.3494 17.9478 22524.0100
v 745.3494 17.9999 22524.0400
v 745.3494 17.9826 22524.0300
v 745.3494 18.0351 22524.0600
v 745.3494 18.0177 22524.0500
v 745.3494 18.0706 22524.0700
v 745.3494 18.0530 22524.0600
v 745.3494 18.1064 22524.0900
v 745.3494 18.0887 22524.0800
v 745.3494 18.1424 22524.1000
v 745.3494 18.1246 22524.1000
v 745.3494 18.1787 22524.1200
v 745.3494 18.1608 22524.1100
v 745.3494 18.2153 22524.1300
v 745.3493 18.1972 22524.1200
v 745.3494 18.2521 22524.1400
v 745.3493 18.2339 22524.1400
v 745.3494 18.2891 22524.1600
v 745.3493 18.2708 22524.1500
v 745.3494 18.3263 22524.1700
v 745.3493 18.3079 22524.1600
v 745.3494 18.3637 22524.1800
v 745.3493 18.3452 22524.1700
v 745.3494 18.4013 22524.1900
v 745.3493 18.3828 22524.1900
v 745.3494 18.4391 22524.2000
v 745.3493 18.4204 22524.2000
v 745.3494 18.4771 22524.2100
v 745.3493 18.4583 22524.2100
v 745.3494 18.5152 22524.2200
v 745.3493 18.4963 22524.2100
v 745.3494 18.5534 22524.2200
v 745.3493 18.5345 22524.2200
v 745.3494 18.5918 22524.2300
v 745.3493 18.5728 22524.2300
v 745.3494 18.6303 22524.2400
v 745.3493 18.6113 22524.2400
v 745.3494 18.6689 22524.2400
v 745.3493 18.6498 22524.2400
v 745.3494 18.7076 22524.2500
v 745.3493 18.6884 22524.2500
v 745.3494 18.7463 22524.2500
v 745.3493 18.7272 22524.2500
v 745.3494 18.7852 22524.2600
v 745.3493 18.7660 22524.2600
v 745.3494 18.8241 22524.2600
v 745.3493 18.8049 22524.2600
v 745.3494 18.8630 22524.2600
v 745.3493 18.8438 22524.2600
v 745.3494 18.9020 22524.2700
v 745.3493 18.8828 22524.2600
v 745.3494 18.9410 22524.2700
v 745.3493 18.9218 22524.2700
v 745.3493 18.9608 22524.2700
v 745.3494 16.7790 22522.4200
v 745.3542 17.8668 22523.3300
v -0.0000 16.7790 22522.4200
v 0.0048 17.8668 22523.3300
v 368.3676 16.2790 22522.4200
v -0.0000 0.0028 22427.2600
v -0.0366 8.4878 22475.6000
v 745.3494 0.0028 22427.2600
v 368.3676 -0.4972 22427.2600
v 745.3128 8.4878 22475.6000
v -0.0000 6.1577 22419.9200
v 0.0134 3.0447 22423.6500
v 745.3494 6.1577 22419.9200
v 368.3676 5.6577 22419.9200
v 745.3629 3.0447 22423.6500
v 745.3494 1116.6820 22419.9200
v -0.0000 1116.6820 22419.9200
v 368.3676 1116.1820 22419.9200
v -0.0000 1116.6820 22524.2700
v -0.0000 1116.6820 22471.2600
v 745.3494 1116.6820 22524.2700
v 368.3676 1116.1820 22524.2700
v 745.3494 1116.6820 22471.2600
v -0.0000 130.4273 22524.2700
v -0.5000 629.2537 22524.2700
v 745.3494 130.4273 22524.2700
v 368.3676 129.9273 22524.2700
v 744.8494 629.2537 22524.2700
v -0.0000 128.5639 22520.5400
v -0.0041 129.5063 22522.4300
v 745.3494 128.5639 22520.5400
v 368.3676 128.0639 22520.5400
v 745.3453 129.5063 22522.4300
v -0.0000 126.7005 22524.2700
v -0.0041 127.6430 22522.3700
v 745.3494 126.7005 22524.2700
v 368.3676 126.2005 22524.2700
v 745.3453 127.6430 22522.3700
v -0.0814 108.2735 22524.2700
v 745.2681 108.2735 22524.2700
v 0.5000 555.0024 22419.9200
v -0.0048 17.8922 22523.3600
v 745.3446 17.8922 22523.3600
v 745.8494 555.0024 22419.9200
v 74.5728 967.6119 22419.9200
v 74.5728 967.6119 22390.1500
v 74.5728 967.6119 22404.8000
v 74.5728 818.5420 22390.1500
v 74.2476 893.9384 22390.1500
v 74.5728 818.5420 22419.9200
v 74.5728 818.5420 22404.8000
v 74.2476 893.9384 22419.9200
v 223.6427 967.6119 22419.9200
v 223.6427 967.6119 22390.1500
v 223.6427 967.6119 22404.8000
v 149.9691 967.9371 22390.1500
v 149.9691 967.9371 22419.9200
v 223.6427 818.5420 22419.9200
v 223.6427 818.5420 22390.1500
v 223.6427 818.5420 22404.8000
v 223.9679 892.2155 22390.1500
v 223.9679 892.2155 22419.9200
v 148.2463 818.2168 22390.1500
v 148.2463 818.2168 22419.9200
v 670.8523 818.5420 22419.9200
v 670.8523 818.5420 22390.1500
v 670.8523 818.5420 22404.8000
v 670.8523 967.6119 22390.1500
v 671.1776 892.2155 22390.1500
v 670.8523 967.6119 22419.9200
v 670.8523 967.6119 22404.8000
v 671.1776 892.2155 22419.9200
v 521.7824 818.5420 22419.9200
v 521.7824 818.5420 22390.1500
v 521.7824 818.5420 22404.8000
v 595.4559 818.2168 22390.1500
v 595.4559 818.2168 22419.9200
v 521.7824 967.6119 22419.9200
v 521.7824 967.6119 22390.1500
v 521.7824 967.6119 22404.8000
v 521.4572 893.9384 22390.1500
v 521.4572 893.9384 22419.9200
v 597.1788 967.9371 22390.1500
v 597.1788 967.9371 22419.9200
v 521.7824 296.7974 22419.9200
v 521.7824 296.7974 22390.1500
v 521.7824 296.7974 22404.8000
v 521.7824 147.7275 22390.1500
v 521.4572 223.1239 22390.1500
v 521.7824 147.7275 22419.9200
v 521.7824 147.7275 22404.8000
v 521.4572 223.1239 22419.9200
v 670.8523 296.7974 22419.9200
v 670.8523 296.7974 22390.1500
v 670.8523 296.7974 22404.8000
v 597.1788 297.1227 22390.1500
v 597.1788 297.1227 22419.9200
v 670.8523 147.7275 22419.9200
v 670.8523 147.7275 22390.1500
v 670.8523 147.7275 22404.8000
v 671.1776 221.4011 22390.1500
v 671.1776 221.4011 22419.9200
v 595.4559 147.4023 22390.1500
v 595.4559 147.4023 22419.9200
v 74.5728 296.7974 22390.1500
v 74.5728 296.7974 22404.8000
v 74.5728 147.7275 22390.1500
v 74.2476 223.1239 22390.1500
v 74.5728 147.7275 22404.8000
v 223.6427 296.7974 22390.1500
v 223.6427 296.7974 22404.8000
v 149.9691 297.1227 22390.1500
v 223.6427 147.7275 22390.1500
v 223.6427 147.7275 22404.8000
v 223.9679 221.4011 22390.1500
v 148.2463 147.4023 22390.1500
v 156.4855 893.0872 22390.1500 0.0000 0.0000 0.0000
v 156.4673 893.6071 22390.1500 0.0000 0.0000 0.0000
v 156.4752 893.3501 22390.1500 0.0000 0.0000 0.0000
v 156.4130 894.1245 22390.1500 0.0000 0.0000 0.0000
v 156.4387 893.8687 22390.1500 0.0000 0.0000 0.0000
v 156.3226 894.6368 22390.1500 0.0000 0.0000 0.0000
v 156.3662 894.3834 22390.1500 0.0000 0.0000 0.0000
v 156.1968 895.1416 22390.1500 0.0000 0.0000 0.0000
v 156.2579 894.8918 22390.1500 0.0000 0.0000 0.0000
v 156.0360 895.6364 22390.1500 0.0000 0.0000 0.0000
v 156.1144 895.3915 22390.1500 0.0000 0.0000 0.0000
v 155.8411 896.1188 22390.1500 0.0000 0.0000 0.0000
v 155.9364 895.8799 22390.1500 0.0000 0.0000 0.0000
v 155.6131 896.5864 22390.1500 0.0000 0.0000 0.0000
v 155.7247 896.3548 22390.1500 0.0000 0.0000 0.0000
v 155.3529 897.0369 22390.1500 0.0000 0.0000 0.0000
v 155.4805 896.8137 22390.1500 0.0000 0.0000 0.0000
v 155.0620 897.4682 22390.1500 0.0000 0.0000 0.0000
v 155.2048 897.2544 22390.1500 0.0000 0.0000 0.0000
v 154.7417 897.8782 22390.1500 0.0000 0.0000 0.0000
v 154.8991 897.6749 22390.1500 0.0000 0.0000 0.0000
v 154.3936 898.2648 22390.1500 0.0000 0.0000 0.0000
v 154.5648 898.0729 22390.1500 0.0000 0.0000 0.0000
v 154.0194 898.6262 22390.1500 0.0000 0.0000 0.0000
v 154.2035 898.4468 22390.1500 0.0000 0.0000 0.0000
v 153.6208 898.9606 22390.1500 0.0000 0.0000 0.0000
v 153.8171 898.7944 22390.1500 0.0000 0.0000 0.0000
v 153.2000 899.2664 22390.1500 0.0000 0.0000 0.0000
v 153.4073 899.1143 22390.1500 0.0000 0.0000 0.0000
v 152.7588 899.5421 22390.1500 0.0000 0.0000 0.0000
v 152.9762 899.4048 22390.1500 0.0000 0.0000 0.0000
v 152.2994 899.7863 22390.1500 0.0000 0.0000 0.0000
v 152.5259 899.6646 22390.1500 0.0000 0.0000 0.0000
v 151.8241 899.9979 22390.1500 0.0000 0.0000 0.0000
v 152.0586 899.8923 22390.1500 0.0000 0.0000 0.0000
v 151.3353 900.1758 22390.1500 0.0000 0.0000 0.0000
v 151.5765 900.0869 22390.1500 0.0000 0.0000 0.0000
v 150.8352 900.3193 22390.1500 0.0000 0.0000 0.0000
v 151.0820 900.2473 22390.1500 0.0000 0.0000 0.0000
v 150.3263 900.4274 22390.1500 0.0000 0.0000 0.0000
v 150.5776 900.3729 22390.1500 0.0000 0.0000 0.0000
v 149.8111 900.4998 22390.1500 0.0000 0.0000 0.0000
v 150.0656 900.4629 22390.1500 0.0000 0.0000 0.0000
v 149.2921 900.5361 22390.1500 0.0000 0.0000 0.0000
v 149.5486 900.5170 22390.1500 0.0000 0.0000 0.0000
v 148.7719 900.5361 22390.1500 0.0000 0.0000 0.0000
v 149.0290 900.5350 22390.1500 0.0000 0.0000 0.0000
v 148.2529 900.4998 22390.1500 0.0000 0.0000 0.0000
v 148.5095 900.5166 22390.1500 0.0000 0.0000 0.0000
v 147.7377 900.4274 22390.1500 0.0000 0.0000 0.0000
v 147.9925 900.4621 22390.1500 0.0000 0.0000 0.0000
v 147.2289 900.3193 22390.1500 0.0000 0.0000 0.0000
v 147.4806 900.3716 22390.1500 0.0000 0.0000 0.0000
v 146.7288 900.1758 22390.1500 0.0000 0.0000 0.0000
v 146.9762 900.2456 22390.1500 0.0000 0.0000 0.0000
v 146.2399 899.9979 22390.1500 0.0000 0.0000 0.0000
v 146.4819 900.0848 22390.1500 0.0000 0.0000 0.0000
v 145.7646 899.7863 22390.1500 0.0000 0.0000 0.0000
v 146.0000 899.8898 22390.1500 0.0000 0.0000 0.0000
v 145.3053 899.5421 22390.1500 0.0000 0.0000 0.0000
v 145.5328 899.6618 22390.1500 0.0000 0.0000 0.0000
v 144.8641 899.2664 22390.1500 0.0000 0.0000 0.0000
v 145.0827 899.4017 22390.1500 0.0000 0.0000 0.0000
v 144.4432 898.9606 22390.1500 0.0000 0.0000 0.0000
v 144.6519 899.1108 22390.1500 0.0000 0.0000 0.0000
v 144.0446 898.6262 22390.1500 0.0000 0.0000 0.0000
v 144.2423 898.7906 22390.1500 0.0000 0.0000 0.0000
v 143.6704 898.2648 22390.1500 0.0000 0.0000 0.0000
v 143.8562 898.4426 22390.1500 0.0000 0.0000 0.0000
v 143.3223 897.8782 22390.1500 0.0000 0.0000 0.0000
v 143.4952 898.0685 22390.1500 0.0000 0.0000 0.0000
v 143.0020 897.4682 22390.1500 0.0000 0.0000 0.0000
v 143.1612 897.6701 22390.1500 0.0000 0.0000 0.0000
v 142.7111 897.0369 22390.1500 0.0000 0.0000 0.0000
v 142.8558 897.2495 22390.1500 0.0000 0.0000 0.0000
v 142.4510 896.5864 22390.1500 0.0000 0.0000 0.0000
v 142.5805 896.8085 22390.1500 0.0000 0.0000 0.0000
v 142.2229 896.1188 22390.1500 0.0000 0.0000 0.0000
v 142.3366 896.3494 22390.1500 0.0000 0.0000 0.0000
v 142.0280 895.6364 22390.1500 0.0000 0.0000 0.0000
v 142.1254 895.8744 22390.1500 0.0000 0.0000 0.0000
v 141.8672 895.1416 22390.1500 0.0000 0.0000 0.0000
v 141.9478 895.3858 22390.1500 0.0000 0.0000 0.0000
v 141.7414 894.6368 22390.1500 0.0000 0.0000 0.0000
v 141.8047 894.8860 22390.1500 0.0000 0.0000 0.0000
v 141.6511 894.1245 22390.1500 0.0000 0.0000 0.0000
v 141.6968 894.3775 22390.1500 0.0000 0.0000 0.0000
v 141.5967 893.6071 22390.1500 0.0000 0.0000 0.0000
v 141.6247 893.8627 22390.1500 0.0000 0.0000 0.0000
v 141.5785 893.0872 22390.1500 0.0000 0.0000 0.0000
v 141.5886 893.3441 22390.1500 0.0000 0.0000 0.0000
v 141.5967 892.5672 22390.1500 0.0000 0.0000 0.0000
v 141.5888 892.8242 22390.1500 0.0000 0.0000 0.0000
v 141.6511 892.0498 22390.1500 0.0000 0.0000 0.0000
v 141.6253 892.3057 22390.1500 0.0000 0.0000 0.0000
v 141.7414 891.5375 22390.1500 0.0000 0.0000 0.0000
v 141.6979 891.7909 22390.1500 0.0000 0.0000 0.0000
v 141.8672 891.0327 22390.1500 0.0000 0.0000 0.0000
v 141.8062 891.2825 22390.1500 0.0000 0.0000 0.0000
v 142.0280 890.5379 22390.1500 0.0000 0.0000 0.0000
v 141.9496 890.7828 22390.1500 0.0000 0.0000 0.0000
v 142.2229 890.0555 22390.1500 0.0000 0.0000 0.0000
v 142.1276 890.2944 22390.1500 0.0000 0.0000 0.0000
v 142.4510 889.5880 22390.1500 0.0000 0.0000 0.0000
v 142.3393 889.8195 22390.1500 0.0000 0.0000 0.0000
v 142.7111 889.1374 22390.1500 0.0000 0.0000 0.0000
v 142.5835 889.3607 22390.1500 0.0000 0.0000 0.0000
v 143.0020 888.7061 22390.1500 0.0000 0.0000 0.0000
v 142.8592 888.9199 22390.1500 0.0000 0.0000 0.0000
v 143.3223 888.2961 22390.1500 0.0000 0.0000 0.0000
v 143.1649 888.4995 22390.1500 0.0000 0.0000 0.0000
v 143.6704 887.9095 22390.1500 0.0000 0.0000 0.0000
v 143.4992 888.1014 22390.1500 0.0000 0.0000 0.0000
v 144.0446 887.5482 22390.1500 0.0000 0.0000 0.0000
v 143.8605 887.7275 22390.1500 0.0000 0.0000 0.0000
v 144.4432 887.2137 22390.1500 0.0000 0.0000 0.0000
v 144.2469 887.3799 22390.1500 0.0000 0.0000 0.0000
v 144.8641 886.9080 22390.1500 0.0000 0.0000 0.0000
v 144.6567 887.0600 22390.1500 0.0000 0.0000 0.0000
v 145.3053 886.6323 22390.1500 0.0000 0.0000 0.0000
v 145.0878 886.7695 22390.1500 0.0000 0.0000 0.0000
v 145.7646 886.3880 22390.1500 0.0000 0.0000 0.0000
v 145.5381 886.5097 22390.1500 0.0000 0.0000 0.0000
v 146.2399 886.1764 22390.1500 0.0000 0.0000 0.0000
v 146.0055 886.2820 22390.1500 0.0000 0.0000 0.0000
v 146.7288 885.9985 22390.1500 0.0000 0.0000 0.0000
v 146.4875 886.0875 22390.1500 0.0000 0.0000 0.0000
v 147.2289 885.8550 22390.1500 0.0000 0.0000 0.0000
v 146.9820 885.9270 22390.1500 0.0000 0.0000 0.0000
v 147.7377 885.7469 22390.1500 0.0000 0.0000 0.0000
v 147.4865 885.8015 22390.1500 0.0000 0.0000 0.0000
v 148.2529 885.6745 22390.1500 0.0000 0.0000 0.0000
v 147.9985 885.7114 22390.1500 0.0000 0.0000 0.0000
v 148.7719 885.6382 22390.1500 0.0000 0.0000 0.0000
v 148.5155 885.6573 22390.1500 0.0000 0.0000 0.0000
v 149.2921 885.6382 22390.1500 0.0000 0.0000 0.0000
v 149.0350 885.6393 22390.1500 0.0000 0.0000 0.0000
v 149.8111 885.6745 22390.1500 0.0000 0.0000 0.0000
v 149.5546 885.6577 22390.1500 0.0000 0.0000 0.0000
v 150.3263 885.7469 22390.1500 0.0000 0.0000 0.0000
v 150.0715 885.7122 22390.1500 0.0000 0.0000 0.0000
v 150.8352 885.8550 22390.1500 0.0000 0.0000 0.0000
v 150.5834 885.8027 22390.1500 0.0000 0.0000 0.0000
v 151.3353 885.9985 22390.1500 0.0000 0.0000 0.0000
v 151.0878 885.9287 22390.1500 0.0000 0.0000 0.0000
v 151.8241 886.1764 22390.1500 0.0000 0.0000 0.0000
v 151.5821 886.0895 22390.1500 0.0000 0.0000 0.0000
v 152.2994 886.3880 22390.1500 0.0000 0.0000 0.0000
v 152.0641 886.2845 22390.1500 0.0000 0.0000 0.0000
v 152.7588 886.6323 22390.1500 0.0000 0.0000 0.0000
v 152.5312 886.5125 22390.1500 0.0000 0.0000 0.0000
v 153.2000 886.9080 22390.1500 0.0000 0.0000 0.0000
v 152.9813 886.7726 22390.1500 0.0000 0.0000 0.0000
v 153.6208 887.2137 22390.1500 0.0000 0.0000 0.0000
v 153.4122 887.0635 22390.1500 0.0000 0.0000 0.0000
v 154.0194 887.5482 22390.1500 0.0000 0.0000 0.0000
v 153.8217 887.3837 22390.1500 0.0000 0.0000 0.0000
v 154.3936 887.9095 22390.1500 0.0000 0.0000 0.0000
v 154.2079 887.7318 22390.1500 0.0000 0.0000 0.0000
v 154.7417 888.2961 22390.1500 0.0000 0.0000 0.0000
v 154.5688 888.1058 22390.1500 0.0000 0.0000 0.0000
v 155.0620 888.7061 22390.1500 0.0000 0.0000 0.0000
v 154.9028 888.5042 22390.1500 0.0000 0.0000 0.0000
v 155.3529 889.1374 22390.1500 0.0000 0.0000 0.0000
v 155.2082 888.9249 22390.1500 0.0000 0.0000 0.0000
v 155.6131 889.5880 22390.1500 0.0000 0.0000 0.0000
v 155.4835 889.3658 22390.1500 0.0000 0.0000 0.0000
v 155.8411 890.0555 22390.1500 0.0000 0.0000 0.0000
v 155.7274 889.8250 22390.1500 0.0000 0.0000 0.0000
v 156.0360 890.5379 22390.1500 0.0000 0.0000 0.0000
v 155.9386 890.2999 22390.1500 0.0000 0.0000 0.0000
v 156.1968 891.0327 22390.1500 0.0000 0.0000 0.0000
v 156.1162 890.7885 22390.1500 0.0000 0.0000 0.0000
v 156.3226 891.5375 22390.1500 0.0000 0.0000 0.0000
v 156.2593 891.2883 22390.1500 0.0000 0.0000 0.0000
v 156.4130 892.0498 22390.1500 0.0000 0.0000 0.0000
v 156.3672 891.7968 22390.1500 0.0000 0.0000 0.0000
v 156.4474 892.5746 22390.1500 0.0000 0.0000 0.0000
v 163.9390 893.0872 22501.9100 0.0000 0.0000 0.0000
v 163.9027 894.1270 22501.9100 0.0000 0.0000 0.0000
v 163.9184 893.6130 22501.9100 0.0000 0.0000 0.0000
v 163.7939 895.1618 22501.9100 0.0000 0.0000 0.0000
v 163.8454 894.6501 22501.9100 0.0000 0.0000 0.0000
v 163.6133 896.1865 22501.9100 0.0000 0.0000 0.0000
v 163.7003 895.6797 22501.9100 0.0000 0.0000 0.0000
v 163.3615 897.1961 22501.9100 0.0000 0.0000 0.0000
v 163.4837 896.6966 22501.9100 0.0000 0.0000 0.0000
v 163.0400 898.1857 22501.9100 0.0000 0.0000 0.0000
v 163.1967 897.6959 22501.9100 0.0000 0.0000 0.0000
v 162.6502 899.1504 22501.9100 0.0000 0.0000 0.0000
v 162.8408 898.6727 22501.9100 0.0000 0.0000 0.0000
v 162.1941 900.0856 22501.9100 0.0000 0.0000 0.0000
v 162.4175 899.6224 22501.9100 0.0000 0.0000 0.0000
v 161.6739 900.9866 22501.9100 0.0000 0.0000 0.0000
v 161.9290 900.5402 22501.9100 0.0000 0.0000 0.0000
v 161.0920 901.8492 22501.9100 0.0000 0.0000 0.0000
v 161.3777 901.4217 22501.9100 0.0000 0.0000 0.0000
v 160.4514 902.6692 22501.9100 0.0000 0.0000 0.0000
v 160.7662 902.2626 22501.9100 0.0000 0.0000 0.0000
v 159.7552 903.4424 22501.9100 0.0000 0.0000 0.0000
v 160.0976 903.0588 22501.9100 0.0000 0.0000 0.0000
v 159.0067 904.1652 22501.9100 0.0000 0.0000 0.0000
v 159.3751 903.8063 22501.9100 0.0000 0.0000 0.0000
v 158.2097 904.8340 22501.9100 0.0000 0.0000 0.0000
v 158.6021 904.5018 22501.9100 0.0000 0.0000 0.0000
v 157.3679 905.4456 22501.9100 0.0000 0.0000 0.0000
v 157.7826 905.1415 22501.9100 0.0000 0.0000 0.0000
v 156.4855 905.9970 22501.9100 0.0000 0.0000 0.0000
v 156.9204 905.7225 22501.9100 0.0000 0.0000 0.0000
v 155.5668 906.4855 22501.9100 0.0000 0.0000 0.0000
v 156.0198 906.2421 22501.9100 0.0000 0.0000 0.0000
v 154.6163 906.9087 22501.9100 0.0000 0.0000 0.0000
v 155.0851 906.6974 22501.9100 0.0000 0.0000 0.0000
v 153.6385 907.2645 22501.9100 0.0000 0.0000 0.0000
v 154.1210 907.0865 22501.9100 0.0000 0.0000 0.0000
v 152.6383 907.5513 22501.9100 0.0000 0.0000 0.0000
v 153.1320 907.4074 22501.9100 0.0000 0.0000 0.0000
v 151.6206 907.7677 22501.9100 0.0000 0.0000 0.0000
v 152.1231 907.6586 22501.9100 0.0000 0.0000 0.0000
v 150.5902 907.9125 22501.9100 0.0000 0.0000 0.0000
v 151.0991 907.8387 22501.9100 0.0000 0.0000 0.0000
v 149.5523 907.9850 22501.9100 0.0000 0.0000 0.0000
v 150.0651 907.9470 22501.9100 0.0000 0.0000 0.0000
v 148.5118 907.9850 22501.9100 0.0000 0.0000 0.0000
v 149.0260 907.9828 22501.9100 0.0000 0.0000 0.0000
v 147.4738 907.9125 22501.9100 0.0000 0.0000 0.0000
v 147.9870 907.9461 22501.9100 0.0000 0.0000 0.0000
v 146.4434 907.7677 22501.9100 0.0000 0.0000 0.0000
v 146.9530 907.8370 22501.9100 0.0000 0.0000 0.0000
v 145.4257 907.5513 22501.9100 0.0000 0.0000 0.0000
v 145.9292 907.6561 22501.9100 0.0000 0.0000 0.0000
v 144.4255 907.2645 22501.9100 0.0000 0.0000 0.0000
v 144.9204 907.4041 22501.9100 0.0000 0.0000 0.0000
v 143.4478 906.9087 22501.9100 0.0000 0.0000 0.0000
v 143.9317 907.0824 22501.9100 0.0000 0.0000 0.0000
v 142.4972 906.4855 22501.9100 0.0000 0.0000 0.0000
v 142.9679 906.6926 22501.9100 0.0000 0.0000 0.0000
v 141.5785 905.9970 22501.9100 0.0000 0.0000 0.0000
v 142.0336 906.2364 22501.9100 0.0000 0.0000 0.0000
v 140.6961 905.4456 22501.9100 0.0000 0.0000 0.0000
v 141.1334 905.7162 22501.9100 0.0000 0.0000 0.0000
v 139.8544 904.8340 22501.9100 0.0000 0.0000 0.0000
v 140.2717 905.1345 22501.9100 0.0000 0.0000 0.0000
v 139.0573 904.1652 22501.9100 0.0000 0.0000 0.0000
v 139.4527 904.4940 22501.9100 0.0000 0.0000 0.0000
v 138.3088 903.4424 22501.9100 0.0000 0.0000 0.0000
v 138.6803 903.7980 22501.9100 0.0000 0.0000 0.0000
v 137.6126 902.6692 22501.9100 0.0000 0.0000 0.0000
v 137.9584 903.0498 22501.9100 0.0000 0.0000 0.0000
v 136.9720 901.8492 22501.9100 0.0000 0.0000 0.0000
v 137.2904 902.2531 22501.9100 0.0000 0.0000 0.0000
v 136.3902 900.9866 22501.9100 0.0000 0.0000 0.0000
v 136.6796 901.4117 22501.9100 0.0000 0.0000 0.0000
v 135.8699 900.0856 22501.9100 0.0000 0.0000 0.0000
v 136.1290 900.5298 22501.9100 0.0000 0.0000 0.0000
v 135.4138 899.1504 22501.9100 0.0000 0.0000 0.0000
v 135.6413 899.6116 22501.9100 0.0000 0.0000 0.0000
v 135.0240 898.1857 22501.9100 0.0000 0.0000 0.0000
v 135.2188 898.6616 22501.9100 0.0000 0.0000 0.0000
v 134.7025 897.1961 22501.9100 0.0000 0.0000 0.0000
v 134.8636 897.6844 22501.9100 0.0000 0.0000 0.0000
v 134.4508 896.1865 22501.9100 0.0000 0.0000 0.0000
v 134.5774 896.6849 22501.9100 0.0000 0.0000 0.0000
v 134.2701 895.1618 22501.9100 0.0000 0.0000 0.0000
v 134.3616 895.6678 22501.9100 0.0000 0.0000 0.0000
v 134.1613 894.1270 22501.9100 0.0000 0.0000 0.0000
v 134.2173 894.6382 22501.9100 0.0000 0.0000 0.0000
v 134.1250 893.0872 22501.9100 0.0000 0.0000 0.0000
v 134.1452 893.6010 22501.9100 0.0000 0.0000 0.0000
v 134.1613 892.0473 22501.9100 0.0000 0.0000 0.0000
v 134.1457 892.5613 22501.9100 0.0000 0.0000 0.0000
v 134.2701 891.0125 22501.9100 0.0000 0.0000 0.0000
v 134.2186 891.5242 22501.9100 0.0000 0.0000 0.0000
v 134.4508 889.9878 22501.9100 0.0000 0.0000 0.0000
v 134.3637 890.4946 22501.9100 0.0000 0.0000 0.0000
v 134.7025 888.9782 22501.9100 0.0000 0.0000 0.0000
v 134.5803 889.4777 22501.9100 0.0000 0.0000 0.0000
v 135.0240 887.9886 22501.9100 0.0000 0.0000 0.0000
v 134.8673 888.4785 22501.9100 0.0000 0.0000 0.0000
v 135.4138 887.0239 22501.9100 0.0000 0.0000 0.0000
v 135.2233 887.5016 22501.9100 0.0000 0.0000 0.0000
v 135.8699 886.0887 22501.9100 0.0000 0.0000 0.0000
v 135.6465 886.5519 22501.9100 0.0000 0.0000 0.0000
v 136.3902 885.1877 22501.9100 0.0000 0.0000 0.0000
v 136.1350 885.6342 22501.9100 0.0000 0.0000 0.0000
v 136.9720 884.3251 22501.9100 0.0000 0.0000 0.0000
v 136.6863 884.7526 22501.9100 0.0000 0.0000 0.0000
v 137.6126 883.5051 22501.9100 0.0000 0.0000 0.0000
v 137.2978 883.9117 22501.9100 0.0000 0.0000 0.0000
v 138.3088 882.7319 22501.9100 0.0000 0.0000 0.0000
v 137.9664 883.1155 22501.9100 0.0000 0.0000 0.0000
v 139.0573 882.0091 22501.9100 0.0000 0.0000 0.0000
v 138.6890 882.3680 22501.9100 0.0000 0.0000 0.0000
v 139.8544 881.3403 22501.9100 0.0000 0.0000 0.0000
v 139.4619 881.6725 22501.9100 0.0000 0.0000 0.0000
v 140.6961 880.7287 22501.9100 0.0000 0.0000 0.0000
v 140.2814 881.0328 22501.9100 0.0000 0.0000 0.0000
v 141.5785 880.1773 22501.9100 0.0000 0.0000 0.0000
v 141.1436 880.4518 22501.9100 0.0000 0.0000 0.0000
v 142.4972 879.6888 22501.9100 0.0000 0.0000 0.0000
v 142.0442 879.9323 22501.9100 0.0000 0.0000 0.0000
v 143.4478 879.2656 22501.9100 0.0000 0.0000 0.0000
v 142.9789 879.4769 22501.9100 0.0000 0.0000 0.0000
v 144.4255 878.9098 22501.9100 0.0000 0.0000 0.0000
v 143.9431 879.0878 22501.9100 0.0000 0.0000 0.0000
v 145.4257 878.6230 22501.9100 0.0000 0.0000 0.0000
v 144.9320 878.7669 22501.9100 0.0000 0.0000 0.0000
v 146.4434 878.4066 22501.9100 0.0000 0.0000 0.0000
v 145.9409 878.5157 22501.9100 0.0000 0.0000 0.0000
v 147.4738 878.2618 22501.9100 0.0000 0.0000 0.0000
v 146.9649 878.3356 22501.9100 0.0000 0.0000 0.0000
v 148.5118 878.1893 22501.9100 0.0000 0.0000 0.0000
v 147.9989 878.2274 22501.9100 0.0000 0.0000 0.0000
v 149.5523 878.1893 22501.9100 0.0000 0.0000 0.0000
v 149.0380 878.1915 22501.9100 0.0000 0.0000 0.0000
v 150.5902 878.2618 22501.9100 0.0000 0.0000 0.0000
v 150.0771 878.2282 22501.9100 0.0000 0.0000 0.0000
v 151.6206 878.4066 22501.9100 0.0000 0.0000 0.0000
v 151.1110 878.3373 22501.9100 0.0000 0.0000 0.0000
v 152.6383 878.6230 22501.9100 0.0000 0.0000 0.0000
v 152.1349 878.5182 22501.9100 0.0000 0.0000 0.0000
v 153.6385 878.9098 22501.9100 0.0000 0.0000 0.0000
v 153.1436 878.7702 22501.9100 0.0000 0.0000 0.0000
v 154.6163 879.2656 22501.9100 0.0000 0.0000 0.0000
v 154.1323 879.0919 22501.9100 0.0000 0.0000 0.0000
v 155.5668 879.6888 22501.9100 0.0000 0.0000 0.0000
v 155.0961 879.4818 22501.9100 0.0000 0.0000 0.0000
v 156.4855 880.1773 22501.9100 0.0000 0.0000 0.0000
v 156.0304 879.9379 22501.9100 0.0000 0.0000 0.0000
v 157.3679 880.7287 22501.9100 0.0000 0.0000 0.0000
v 156.9306 880.4581 22501.9100 0.0000 0.0000 0.0000
v 158.2097 881.3403 22501.9100 0.0000 0.0000 0.0000
v 157.7923 881.0399 22501.9100 0.0000 0.0000 0.0000
v 159.0067 882.0091 22501.9100 0.0000 0.0000 0.0000
v 158.6113 881.6803 22501.9100 0.0000 0.0000 0.0000
v 159.7552 882.7319 22501.9100 0.0000 0.0000 0.0000
v 159.3837 882.3763 22501.9100 0.0000 0.0000 0.0000
v 160.4514 883.5051 22501.9100 0.0000 0.0000 0.0000
v 160.1057 883.1245 22501.9100 0.0000 0.0000 0.0000
v 161.0920 884.3251 22501.9100 0.0000 0.0000 0.0000
v 160.7736 883.9212 22501.9100 0.0000 0.0000 0.0000
v 161.6739 885.1877 22501.9100 0.0000 0.0000 0.0000
v 161.3844 884.7626 22501.9100 0.0000 0.0000 0.0000
v 162.1941 886.0887 22501.9100 0.0000 0.0000 0.0000
v 161.9350 885.6445 22501.9100 0.0000 0.0000 0.0000
v 162.6502 887.0239 22501.9100 0.0000 0.0000 0.0000
v 162.4228 886.5627 22501.9100 0.0000 0.0000 0.0000
v 163.0400 887.9886 22501.9100 0.0000 0.0000 0.0000
v 162.8453 887.5128 22501.9100 0.0000 0.0000 0.0000
v 163.3615 888.9782 22501.9100 0.0000 0.0000 0.0000
v 163.2005 888.4899 22501.9100 0.0000 0.0000 0.0000
v 163.6133 889.9878 22501.9100 0.0000 0.0000 0.0000
v 163.4866 889.4894 22501.9100 0.0000 0.0000 0.0000
v 163.7939 891.0125 22501.9100 0.0000 0.0000 0.0000
v 163.7024 890.5065 22501.9100 0.0000 0.0000 0.0000
v 163.8628 892.0621 22501.9100 0.0000 0.0000 0.0000

o Shape_0
usemtl material_1
f 1 2 3
f 2 4 5
f 4 6 7
f 6 8 9
f 8 10 11
f 10 12 13
f 12 14 15
f 14 16 17
f 16 18 19
f 18 20 21
f 20 22 23
f 22 24 25
f 24 26 27
f 26 28 29
f 28 30 31
f 30 32 33
f 32 34 35
f 34 36 37
f 36 38 39
f 38 40 41
f 40 42 43
f 42 44 45
f 44 46 47
f 46 48 49
f 48 50 51
f 50 52 53
f 52 54 55
f 54 56 57
f 56 58 59
f 58 60 61
f 60 62 63
f 62 64 65
f 64 66 67
f 66 68 69
f 68 70 71
f 70 72 73
f 72 74 75
f 74 76 77
f 76 78 79
f 78 80 81
f 80 82 83
f 82 84 85
f 84 86 87
f 86 88 89
f 88 90 91
f 90 92 93
f 92 94 95
f 94 96 97
f 96 98 99
f 98 100 101
f 100 102 103
f 102 104 105
f 104 106 107
f 106 108 109
f 108 110 111
f 110 112 113
f 112 114 115
f 114 116 117
f 116 118 119
f 118 120 121
f 120 122 123
f 122 124 125
f 124 126 127
f 126 128 129
f 128 130 131
f 130 132 133
f 132 134 135
f 134 136 137
f 136 138 139
f 138 140 141
f 140 142 143
f 142 144 145
f 144 146 147
f 146 148 149
f 148 150 151
f 150 152 153
f 152 154 155
f 154 156 157
f 156 158 159
f 158 160 161
f 160 162 163
f 162 164 165
f 164 166 167
f 166 168 169
f 168 170 171
f 170 172 173
f 172 174 175
f 174 176 177
f 176 178 179
f 178 180 181
f 180 182 183
f 182 184 185
f 184 186 187
f 186 188 189
f 188 190 191
f 190 192 193
f 192 194 195
f 194 196 197
f 196 198 199
f 198 200 201
f 200 202 203
f 202 204 205
f 204 206 207
f 206 208 209
f 208 210 211
f 210 212 213
f 212 214 215
f 214 216 217
f 216 218 219
f 218 220 221
f 220 222 223
f 222 224 225
f 224 226 227
f 226 228 229
f 228 230 231
f 230 232 233
f 232 234 235
f 234 236 237
f 236 238 239
f 238 240 241
f 240 242 243
f 242 244 245
f 244 246 247
f 246 248 249
f 248 250 251
f 250 252 253
f 252 254 255
f 254 256 257
f 256 258 259
f 258 260 261
f 260 262 263
f 262 264 265
f 264 266 267
f 266 268 269
f 268 270 271
f 270 272 273
f 272 274 275
f 274 276 277
f 276 278 279
f 278 280 281
f 280 282 283
f 282 284 285
f 284 286 287
f 286 288 289
f 288 290 291
f 290 292 293
f 292 294 295
f 294 296 297
f 296 298 299
f 298 300 301
f 300 302 303
f 302 304 305
f 304 306 307
f 306 308 309
f 308 310 311
f 310 312 313
f 312 314 315
f 314 316 317
f 316 318 319
f 318 320 321
f 320 322 323
f 322 324 325
f 324 326 327
f 326 328 329
f 328 330 331
f 330 332 333
f 332 334 335
f 334 336 337
f 336 338 339
f 338 340 341
f 340 342 343
f 342 344 345
f 344 346 347
f 346 348 349
f 348 350 351
f 350 352 353
f 352 354 355
f 354 356 357
f 356 358 359
f 358 360 361
f 360 362 363
f 362 364 365
f 364 366 367
f 366 368 369
f 368 370 371
f 370 372 373
f 372 374 375
f 374 376 377
f 376 378 379
f 378 380 381
f 380 382 383
f 382 384 385
f 384 386 387
f 386 388 389
f 388 390 391
f 390 392 393
f 392 394 395
f 394 396 397
f 396 398 399
f 398 400 401
f 400 402 403
f 402 404 405
f 404 406 407
f 406 408 409
f 408 410 411
f 410 412 413
f 412 414 415
f 414 416 417
f 416 418 419
f 418 420 421
f 420 422 423
f 422 424 425
f 424 426 427
f 426 428 429
f 428 430 431
f 430 432 433
f 432 434 435
f 434 436 437
f 436 438 439
f 438 440 441
f 440 442 443
f 442 444 445
f 444 446 447
f 446 448 449
f 448 450 451
f 450 452 453
f 452 454 455
f 454 456 457
f 456 458 459
f 458 460 461
f 460 462 463
f 462 464 465
f 464 466 467
f 466 468 469
f 468 470 471
f 470 472 473
f 472 474 475
f 474 476 477
f 476 478 479
f 478 480 481
f 480 482 483
f 482 484 485
f 484 486 487
f 486 488 489
f 488 490 491
f 490 492 493
f 492 494 495
f 494 496 497
f 496 498 499
f 498 500 501
f 500 502 503
f 502 504 505
f 504 506 507
f 506 508 509
f 508 510 511
f 510 512 513
f 512 514 515
f 514 516 517
f 516 518 519
f 518 520 521
f 520 522 523
f 522 524 525
f 524 526 527
f 526 528 529
f 528 530 531
f 530 532 533
f 532 534 535
f 534 536 537
f 536 538 539
f 538 540 541
f 540 542 543
f 542 544 545
f 544 546 547
f 546 548 549
f 548 550 551
f 550 552 553
f 552 554 555
f 554 556 557
f 556 558 559
f 558 560 561
f 560 562 563
f 562 564 565
f 564 566 567
f 566 568 569
f 568 570 571
f 570 572 573
f 572 574 575
f 574 576 577
f 576 578 579
f 578 580 581
f 580 582 583
f 582 584 585
f 584 586 587
f 586 588 589
f 588 590 591
f 590 592 593
f 592 594 595
f 594 596 597
f 596 598 599
f 598 600 601
f 600 602 603
f 602 604 605
f 604 606 607
f 606 608 609
f 608 610 611
f 610 612 613
f 612 614 615
f 614 616 617
f 616 618 619
f 618 620 621
f 620 622 623
f 622 624 625
f 624 626 627
f 626 628 629
f 628 630 631
f 630 632 633
f 632 634 635
f 634 636 637
f 636 638 639
f 638 640 641
f 640 642 643
f 642 644 645
f 644 646 647
f 646 648 649
f 648 650 651
f 650 652 653
f 652 654 655
f 654 656 657
f 656 658 659
f 658 660 661
f 660 662 663
f 662 664 665
f 664 666 667
f 666 668 669
f 668 670 671
f 670 672 673
f 672 674 675
f 674 676 677
f 676 678 679
f 678 680 681
f 680 682 683
f 682 684 685
f 684 686 687
f 686 688 689
f 688 690 691
f 690 692 693
f 692 694 695
f 694 696 697
f 696 698 699
f 698 700 701
f 700 702 703
f 702 704 705
f 704 706 707
f 706 708 709
f 708 710 711
f 710 712 713
f 712 714 715
f 714 716 717
f 716 718 719
f 718 1 720

o Shape_1
usemtl material_1
f 721 722 723
f 722 724 725
f 724 726 727
f 726 728 729
f 728 730 731
f 730 732 733
f 732 734 735
f 734 736 737
f 736 738 739
f 738 740 741
f 740 742 743
f 742 744 745
f 744 746 747
f 746 748 749
f 748 750 751
f 750 752 753
f 752 754 755
f 754 756 757
f 756 758 759
f 758 760 761
f 760 762 763
f 762 764 765
f 764 766 767
f 766 768 769
f 768 770 771
f 770 772 773
f 772 774 775
f 774 776 777
f 776 778 779
f 778 780 781
f 780 782 783
f 782 784 785
f 784 786 787
f 786 788 789
f 788 790 791
f 790 792 793
f 792 794 795
f 794 796 797
f 796 798 799
f 798 800 801
f 800 802 803
f 802 804 805
f 804 806 807
f 806 808 809
f 808 810 811
f 810 812 813
f 812 814 815
f 814 816 817
f 816 818 819
f 818 820 821
f 820 822 823
f 822 824 825
f 824 826 827
f 826 828 829
f 828 830 831
f 830 832 833
f 832 834 835
f 834 836 837
f 836 838 839
f 838 840 841
f 840 842 843
f 842 844 845
f 844 846 847
f 846 848 849
f 848 850 851
f 850 852 853
f 852 854 855
f 854 856 857
f 856 858 859
f 858 860 861
f 860 862 863
f 862 864 865
f 864 866 867
f 866 868 869
f 868 870 871
f 870 872 873
f 872 874 875
f 874 876 877
f 876 878 879
f 878 880 881
f 880 882 883
f 882 884 885
f 884 886 887
f 886 888 889
f 888 890 891
f 890 892 893
f 892 894 895
f 894 896 897
f 896 898 899
f 898 900 901
f 900 902 903
f 902 904 905
f 904 906 907
f 906 908 909
f 908 910 911
f 910 912 913
f 912 914 915
f 914 916 917
f 916 918 919
f 918 920 921
f 920 922 923
f 922 924 925
f 924 926 927
f 926 928 929
f 928 930 931
f 930 932 933
f 932 934 935
f 934 936 937
f 936 938 939
f 938 940 941
f 940 942 943
f 942 944 945
f 944 946 947
f 946 948 949
f 948 950 951
f 950 952 953
f 952 954 955
f 954 956 957
f 956 958 959
f 958 960 961
f 960 962 963
f 962 964 965
f 964 966 967
f 966 968 969
f 968 970 971
f 970 972 973
f 972 974 975
f 974 976 977
f 976 978 979
f 978 980 981
f 980 982 983
f 982 984 985
f 984 986 987
f 986 988 989
f 988 990 991
f 990 992 993
f 992 994 995
f 994 996 997
f 996 998 999
f 998 1000 1001
f 1000 1002 1003
f 1002 1004 1005
f 1004 1006 1007
f 1006 1008 1009
f 1008 1010 1011
f 1010 1012 1013
f 1012 1014 1015
f 1014 1016 1017
f 1016 1018 1019
f 1018 1020 1021
f 1020 1022 1023
f 1022 1024 1025
f 1024 1026 1027
f 1026 1028 1029
f 1028 1030 1031
f 1030 1032 1033
f 1032 1034 1035
f 1034 1036 1037
f 1036 1038 1039
f 1038 1040 1041
f 1040 1042 1043
f 1042 1044 1045
f 1044 1046 1047
f 1046 1048 1049
f 1048 1050 1051
f 1050 1052 1053
f 1052 1054 1055
f 1054 1056 1057
f 1056 1058 1059
f 1058 1060 1061
f 1060 1062 1063
f 1062 1064 1065
f 1064 1066 1067
f 1066 1068 1069
f 1068 1070 1071
f 1070 1072 1073
f 1072 1074 1075
f 1074 1076 1077
f 1076 1078 1079
f 1078 1080 1081
f 1080 1082 1083
f 1082 1084 1085
f 1084 1086 1087
f 1086 1088 1089
f 1088 1090 1091
f 1090 1092 1093
f 1092 1094 1095
f 1094 1096 1097
f 1096 1098 1099
f 1098 1100 1101
f 1100 1102 1103
f 1102 1104 1105
f 1104 1106 1107
f 1106 1108 1109
f 1108 1110 1111
f 1110 1112 1113
f 1112 1114 1115
f 1114 1116 1117
f 1116 1118 1119
f 1118 1120 1121
f 1120 1122 1123
f 1122 1124 1125
f 1124 1126 1127
f 1126 1128 1129
f 1128 1130 1131
f 1130 1132 1133
f 1132 1134 1135
f 1134 1136 1137
f 1136 1138 1139
f 1138 1140 1141
f 1140 1142 1143
f 1142 1144 1145
f 1144 1146 1147
f 1146 1148 1149
f 1148 1150 1151
f 1150 1152 1153
f 1152 1154 1155
f 1154 1156 1157
f 1156 1158 1159
f 1158 1160 1161
f 1160 1162 1163
f 1162 1164 1165
f 1164 1166 1167
f 1166 1168 1169
f 1168 1170 1171
f 1170 1172 1173
f 1172 1174 1175
f 1174 1176 1177
f 1176 1178 1179
f 1178 1180 1181
f 1180 1182 1183
f 1182 1184 1185
f 1184 1186 1187
f 1186 1188 1189
f 1188 1190 1191
f 1190 1192 1193
f 1192 1194 1195
f 1194 1196 1197
f 1196 1198 1199
f 1198 1200 1201
f 1200 1202 1203
f 1202 1204 1205
f 1204 1206 1207
f 1206 1208 1209
f 1208 1210 1211
f 1210 1212 1213
f 1212 1214 1215
f 1214 1216 1217
f 1216 1218 1219
f 1218 1220 1221
f 1220 1222 1223
f 1222 1224 1225
f 1224 1226 1227
f 1226 1228 1229
f 1228 1230 1231
f 1230 1232 1233
f 1232 1234 1235
f 1234 1236 1237
f 1236 1238 1239
f 1238 1240 1241
f 1240 1242 1243
f 1242 1244 1245
f 1244 1246 1247
f 1246 1248 1249
f 1248 1250 1251
f 1250 1252 1253
f 1252 1254 1255
f 1254 1256 1257
f 1256 1258 1259
f 1258 1260 1261
f 1260 1262 1263
f 1262 1264 1265
f 1264 1266 1267
f 1266 1268 1269
f 1268 1270 1271
f 1270 1272 1273
f 1272 1274 1275
f 1274 1276 1277
f 1276 1278 1279
f 1278 1280 1281
f 1280 1282 1283
f 1282 1284 1285
f 1284 1286 1287
f 1286 1288 1289
f 1288 1290 1291
f 1290 1292 1293
f 1292 1294 1295
f 1294 1296 1297
f 1296 1298 1299
f 1298 1300 1301
f 1300 1302 1303
f 1302 1304 1305
f 1304 1306 1307
f 1306 1308 1309
f 1308 1310 1311
f 1310 1312 1313
f 1312 1314 1315
f 1314 1316 1317
f 1316 1318 1319
f 1318 1320 1321
f 1320 1322 1323
f 1322 1324 1325
f 1324 1326 1327
f 1326 1328 1329
f 1328 1330 1331
f 1330 1332 1333
f 1332 1334 1335
f 1334 1336 1337
f 1336 1338 1339
f 1338 1340 1341
f 1340 1342 1343
f 1342 1344 1345
f 1344 1346 1347
f 1346 1348 1349
f 1348 1350 1351
f 1350 1352 1353
f 1352 1354 1355
f 1354 1356 1357
f 1356 1358 1359
f 1358 1360 1361
f 1360 1362 1363
f 1362 1364 1365
f 1364 1366 1367
f 1366 1368 1369
f 1368 1370 1371
f 1370 1372 1373
f 1372 1374 1375
f 1374 1376 1377
f 1376 1378 1379
f 1378 1380 1381
f 1380 1382 1383
f 1382 1384 1385
f 1384 1386 1387
f 1386 1388 1389
f 1388 1390 1391
f 1390 1392 1393
f 1392 1394 1395
f 1394 1396 1397
f 1396 1398 1399
f 1398 1400 1401
f 1400 1402 1403
f 1402 1404 1405
f 1404 1406 1407
f 1406 1408 1409
f 1408 1410 1411
f 1410 1412 1413
f 1412 1414 1415
f 1414 1416 1417
f 1416 1418 1419
f 1418 1420 1421
f 1420 1422 1423
f 1422 1424 1425
f 1424 1426 1427
f 1426 1428 1429
f 1428 1430 1431
f 1430 1432 1433
f 1432 1434 1435
f 1434 1436 1437
f 1436 1438 1439
f 1438 721 1440

o Shape_2
usemtl material_1
f 1 721 1441
f 1 721 1441

o Shape_3
usemtl material_1
f 630 810 1442
f 630 810 1442

o Shape_4
usemtl material_1
f 540 900 1443
f 540 900 1443

o Shape_5
usemtl material_1
f 450 990 1444
f 450 990 1444

o Shape_6
usemtl material_1
f 360 1080 1445
f 360 1080 1445

o Shape_7
usemtl material_1
f 270 1170 1446
f 270 1170 1446

o Shape_8
usemtl material_1
f 180 1260 1447
f 180 1260 1447

o Shape_9
usemtl material_1
f 90 1350 1448
f 90 1350 1448

o Shape_10
usemtl material_1
f 1 721 1441
f 1 721 1441

o Shape_11
usemtl material_1
f 1449 1450 1451
f 1450 1452 1453
f 1452 1454 1455
f 1454 1456 1457
f 1456 1458 1459
f 1458 1460 1461
f 1460 1462 1463
f 1462 1464 1465
f 1464 1466 1467
f 1466 1468 1469
f 1468 1470 1471
f 1470 1472 1473
f 1472 1474 1475
f 1474 1476 1477
f 1476 1478 1479
f 1478 1480 1481
f 1480 1482 1483
f 1482 1484 1485
f 1484 1486 1487
f 1486 1488 1489
f 1488 1490 1491
f 1490 1492 1493
f 1492 1494 1495
f 1494 1496 1497
f 1496 1498 1499
f 1498 1500 1501
f 1500 1502 1503
f 1502 1504 1505
f 1504 1506 1507
f 1506 1508 1509
f 1508 1510 1511
f 1510 1512 1513
f 1512 1514 1515
f 1514 1516 1517
f 1516 1518 1519
f 1518 1520 1521
f 1520 1522 1523
f 1522 1524 1525
f 1524 1526 1527
f 1526 1528 1529
f 1528 1530 1531
f 1530 1532 1533
f 1532 1534 1535
f 1534 1536 1537
f 1536 1538 1539
f 1538 1540 1541
f 1540 1542 1543
f 1542 1544 1545
f 1544 1546 1547
f 1546 1548 1549
f 1548 1550 1551
f 1550 1552 1553
f 1552 1554 1555
f 1554 1556 1557
f 1556 1558 1559
f 1558 1560 1561
f 1560 1562 1563
f 1562 1564 1565
f 1564 1566 1567
f 1566 1568 1569
f 1568 1570 1571
f 1570 1572 1573
f 1572 1574 1575
f 1574 1576 1577
f 1576 1578 1579
f 1578 1580 1581
f 1580 1582 1583
f 1582 1584 1585
f 1584 1586 1587
f 1586 1588 1589
f 1588 1590 1591
f 1590 1592 1593
f 1592 1594 1595
f 1594 1596 1597
f 1596 1598 1599
f 1598 1600 1601
f 1600 1602 1603
f 1602 1604 1605
f 1604 1606 1607
f 1606 1608 1609
f 1608 1610 1611
f 1610 1612 1613
f 1612 1614 1615
f 1614 1616 1617
f 1616 1618 1619
f 1618 1620 1621
f 1620 1622 1623
f 1622 1624 1625
f 1624 1626 1627
f 1626 1628 1629
f 1628 1630 1631
f 1630 1632 1633
f 1632 1634 1635
f 1634 1636 1637
f 1636 1638 1639
f 1638 1640 1641
f 1640 1642 1643
f 1642 1644 1645
f 1644 1646 1647
f 1646 1648 1649
f 1648 1650 1651
f 1650 1652 1653
f 1652 1654 1655
f 1654 1656 1657
f 1656 1658 1659
f 1658 1660 1661
f 1660 1662 1663
f 1662 1664 1665
f 1664 1666 1667
f 1666 1668 1669
f 1668 1670 1671
f 1670 1672 1673
f 1672 1674 1675
f 1674 1676 1677
f 1676 1678 1679
f 1678 1680 1681
f 1680 1682 1683
f 1682 1684 1685
f 1684 1686 1687
f 1686 1688 1689
f 1688 1690 1691
f 1690 1692 1693
f 1692 1694 1695
f 1694 1696 1697
f 1696 1698 1699
f 1698 1700 1701
f 1700 1702 1703
f 1702 1704 1705
f 1704 1706 1707
f 1706 1708 1709
f 1708 1710 1711
f 1710 1712 1713
f 1712 1714 1715
f 1714 1716 1717
f 1716 1718 1719
f 1718 1720 1721
f 1720 1722 1723
f 1722 1724 1725
f 1724 1726 1727
f 1726 1728 1729
f 1728 1730 1731
f 1730 1732 1733
f 1732 1734 1735
f 1734 1736 1737
f 1736 1738 1739
f 1738 1740 1741
f 1740 1742 1743
f 1742 1744 1745
f 1744 1746 1747
f 1746 1748 1749
f 1748 1750 1751
f 1750 1752 1753
f 1752 1754 1755
f 1754 1756 1757
f 1756 1758 1759
f 1758 1760 1761
f 1760 1762 1763
f 1762 1764 1765
f 1764 1766 1767
f 1766 1768 1769
f 1768 1770 1771
f 1770 1772 1773
f 1772 1774 1775
f 1774 1776 1777
f 1776 1778 1779
f 1778 1780 1781
f 1780 1782 1783
f 1782 1784 1785
f 1784 1786 1787
f 1786 1788 1789
f 1788 1790 1791
f 1790 1792 1793
f 1792 1794 1795
f 1794 1796 1797
f 1796 1798 1799
f 1798 1800 1801
f 1800 1802 1803
f 1802 1804 1805
f 1804 1806 1807
f 1806 1808 1809
f 1808 1810 1811
f 1810 1812 1813
f 1812 1814 1815
f 1814 1816 1817
f 1816 1818 1819
f 1818 1820 1821
f 1820 1822 1823
f 1822 1824 1825
f 1824 1826 1827
f 1826 1828 1829
f 1828 1830 1831
f 1830 1832 1833
f 1832 1834 1835
f 1834 1836 1837
f 1836 1838 1839
f 1838 1840 1841
f 1840 1842 1843
f 1842 1844 1845
f 1844 1846 1847
f 1846 1848 1849
f 1848 1850 1851
f 1850 1852 1853
f 1852 1854 1855
f 1854 1856 1857
f 1856 1858 1859
f 1858 1860 1861
f 1860 1862 1863
f 1862 1864 1865
f 1864 1866 1867
f 1866 1868 1869
f 1868 1870 1871
f 1870 1872 1873
f 1872 1874 1875
f 1874 1876 1877
f 1876 1878 1879
f 1878 1880 1881
f 1880 1882 1883
f 1882 1884 1885
f 1884 1886 1887
f 1886 1888 1889
f 1888 1890 1891
f 1890 1892 1893
f 1892 1894 1895
f 1894 1896 1897
f 1896 1898 1899
f 1898 1900 1901
f 1900 1902 1903
f 1902 1904 1905
f 1904 1906 1907
f 1906 1908 1909
f 1908 1910 1911
f 1910 1912 1913
f 1912 1914 1915
f 1914 1916 1917
f 1916 1918 1919
f 1918 1920 1921
f 1920 1922 1923
f 1922 1924 1925
f 1924 1926 1927
f 1926 1928 1929
f 1928 1930 1931
f 1930 1932 1933
f 1932 1934 1935
f 1934 1936 1937
f 1936 1938 1939
f 1938 1940 1941
f 1940 1942 1943
f 1942 1944 1945
f 1944 1946 1947
f 1946 1948 1949
f 1948 1950 1951
f 1950 1952 1953
f 1952 1954 1955
f 1954 1956 1957
f 1956 1958 1959
f 1958 1960 1961
f 1960 1962 1963
f 1962 1964 1965
f 1964 1966 1967
f 1966 1968 1969
f 1968 1970 1971
f 1970 1972 1973
f 1972 1974 1975
f 1974 1976 1977
f 1976 1978 1979
f 1978 1980 1981
f 1980 1982 1983
f 1982 1984 1985
f 1984 1986 1987
f 1986 1988 1989
f 1988 1990 1991
f 1990 1992 1993
f 1992 1994 1995
f 1994 1996 1997
f 1996 1998 1999
f 1998 2000 2001
f 2000 2002 2003
f 2002 2004 2005
f 2004 2006 2007
f 2006 2008 2009
f 2008 2010 2011
f 2010 2012 2013
f 2012 2014 2015
f 2014 2016 2017
f 2016 2018 2019
f 2018 2020 2021
f 2020 2022 2023
f 2022 2024 2025
f 2024 2026 2027
f 2026 2028 2029
f 2028 2030 2031
f 2030 2032 2033
f 2032 2034 2035
f 2034 2036 2037
f 2036 2038 2039
f 2038 2040 2041
f 2040 2042 2043
f 2042 2044 2045
f 2044 2046 2047
f 2046 2048 2049
f 2048 2050 2051
f 2050 2052 2053
f 2052 2054 2055
f 2054 2056 2057
f 2056 2058 2059
f 2058 2060 2061
f 2060 2062 2063
f 2062 2064 2065
f 2064 2066 2067
f 2066 2068 2069
f 2068 2070 2071
f 2070 2072 2073
f 2072 2074 2075
f 2074 2076 2077
f 2076 2078 2079
f 2078 2080 2081
f 2080 2082 2083
f 2082 2084 2085
f 2084 2086 2087
f 2086 2088 2089
f 2088 2090 2091
f 2090 2092 2093
f 2092 2094 2095
f 2094 2096 2097
f 2096 2098 2099
f 2098 2100 2101
f 2100 2102 2103
f 2102 2104 2105
f 2104 2106 2107
f 2106 2108 2109
f 2108 2110 2111
f 2110 2112 2113
f 2112 2114 2115
f 2114 2116 2117
f 2116 2118 2119
f 2118 2120 2121
f 2120 2122 2123
f 2122 2124 2125
f 2124 2126 2127
f 2126 2128 2129
f 2128 2130 2131
f 2130 2132 2133
f 2132 2134 2135
f 2134 2136 2137
f 2136 2138 2139
f 2138 2140 2141
f 2140 2142 2143
f 2142 2144 2145
f 2144 2146 2147
f 2146 2148 2149
f 2148 2150 2151
f 2150 2152 2153
f 2152 2154 2155
f 2154 2156 2157
f 2156 2158 2159
f 2158 2160 2161
f 2160 2162 2163
f 2162 2164 2165
f 2164 2166 2167
f 2166 1449 2168

o Shape_12
usemtl material_1
f 2169 2170 2171
f 2170 2172 2173
f 2172 2174 2175
f 2174 2176 2177
f 2176 2178 2179
f 2178 2180 2181
f 2180 2182 2183
f 2182 2184 2185
f 2184 2186 2187
f 2186 2188 2189
f 2188 2190 2191
f 2190 2192 2193
f 2192 2194 2195
f 2194 2196 2197
f 2196 2198 2199
f 2198 2200 2201
f 2200 2202 2203
f 2202 2204 2205
f 2204 2206 2207
f 2206 2208 2209
f 2208 2210 2211
f 2210 2212 2213
f 2212 2214 2215
f 2214 2216 2217
f 2216 2218 2219
f 2218 2220 2221
f 2220 2222 2223
f 2222 2224 2225
f 2224 2226 2227
f 2226 2228 2229
f 2228 2230 2231
f 2230 2232 2233
f 2232 2234 2235
f 2234 2236 2237
f 2236 2238 2239
f 2238 2240 2241
f 2240 2242 2243
f 2242 2244 2245
f 2244 2246 2247
f 2246 2248 2249
f 2248 2250 2251
f 2250 2252 2253
f 2252 2254 2255
f 2254 2256 2257
f 2256 2258 2259
f 2258 2260 2261
f 2260 2262 2263
f 2262 2264 2265
f 2264 2266 2267
f 2266 2268 2269
f 2268 2270 2271
f 2270 2272 2273
f 2272 2274 2275
f 2274 2276 2277
f 2276 2278 2279
f 2278 2280 2281
f 2280 2282 2283
f 2282 2284 2285
f 2284 2286 2287
f 2286 2288 2289
f 2288 2290 2291
f 2290 2292 2293
f 2292 2294 2295
f 2294 2296 2297
f 2296 2298 2299
f 2298 2300 2301
f 2300 2302 2303
f 2302 2304 2305
f 2304 2306 2307
f 2306 2308 2309
f 2308 2310 2311
f 2310 2312 2313
f 2312 2314 2315
f 2314 2316 2317
f 2316 2318 2319
f 2318 2320 2321
f 2320 2322 2323
f 2322 2324 2325
f 2324 2326 2327
f 2326 2328 2329
f 2328 2330 2331
f 2330 2332 2333
f 2332 2334 2335
f 2334 2336 2337
f 2336 2338 2339
f 2338 2340 2341
f 2340 2342 2343
f 2342 2344 2345
f 2344 2346 2347
f 2346 2348 2349
f 2348 2350 2351
f 2350 2352 2353
f 2352 2354 2355
f 2354 2356 2357
f 2356 2358 2359
f 2358 2360 2361
f 2360 2362 2363
f 2362 2364 2365
f 2364 2366 2367
f 2366 2368 2369
f 2368 2370 2371
f 2370 2372 2373
f 2372 2374 2375
f 2374 2376 2377
f 2376 2378 2379
f 2378 2380 2381
f 2380 2382 2383
f 2382 2384 2385
f 2384 2386 2387
f 2386 2388 2389
f 2388 2390 2391
f 2390 2392 2393
f 2392 2394 2395
f 2394 2396 2397
f 2396 2398 2399
f 2398 2400 2401
f 2400 2402 2403
f 2402 2404 2405
f 2404 2406 2407
f 2406 2408 2409
f 2408 2410 2411
f 2410 2412 2413
f 2412 2414 2415
f 2414 2416 2417
f 2416 2418 2419
f 2418 2420 2421
f 2420 2422 2423
f 2422 2424 2425
f 2424 2426 2427
f 2426 2428 2429
f 2428 2430 2431
f 2430 2432 2433
f 2432 2434 2435
f 2434 2436 2437
f 2436 2438 2439
f 2438 2440 2441
f 2440 2442 2443
f 2442 2444 2445
f 2444 2446 2447
f 2446 2448 2449
f 2448 2450 2451
f 2450 2452 2453
f 2452 2454 2455
f 2454 2456 2457
f 2456 2458 2459
f 2458 2460 2461
f 2460 2462 2463
f 2462 2464 2465
f 2464 2466 2467
f 2466 2468 2469
f 2468 2470 2471
f 2470 2472 2473
f 2472 2474 2475
f 2474 2476 2477
f 2476 2478 2479
f 2478 2480 2481
f 2480 2482 2483
f 2482 2484 2485
f 2484 2486 2487
f 2486 2488 2489
f 2488 2490 2491
f 2490 2492 2493
f 2492 2494 2495
f 2494 2496 2497
f 2496 2498 2499
f 2498 2500 2501
f 2500 2502 2503
f 2502 2504 2505
f 2504 2506 2507
f 2506 2508 2509
f 2508 2510 2511
f 2510 2512 2513
f 2512 2514 2515
f 2514 2516 2517
f 2516 2518 2519
f 2518 2520 2521
f 2520 2522 2523
f 2522 2524 2525
f 2524 2526 2527
f 2526 2528 2529
f 2528 2530 2531
f 2530 2532 2533
f 2532 2534 2535
f 2534 2536 2537
f 2536 2538 2539
f 2538 2540 2541
f 2540 2542 2543
f 2542 2544 2545
f 2544 2546 2547
f 2546 2548 2549
f 2548 2550 2551
f 2550 2552 2553
f 2552 2554 2555
f 2554 2556 2557
f 2556 2558 2559
f 2558 2560 2561
f 2560 2562 2563
f 2562 2564 2565
f 2564 2566 2567
f 2566 2568 2569
f 2568 2570 2571
f 2570 2572 2573
f 2572 2574 2575
f 2574 2576 2577
f 2576 2578 2579
f 2578 2580 2581
f 2580 2582 2583
f 2582 2584 2585
f 2584 2586 2587
f 2586 2588 2589
f 2588 2590 2591
f 2590 2592 2593
f 2592 2594 2595
f 2594 2596 2597
f 2596 2598 2599
f 2598 2600 2601
f 2600 2602 2603
f 2602 2604 2605
f 2604 2606 2607
f 2606 2608 2609
f 2608 2610 2611
f 2610 2612 2613
f 2612 2614 2615
f 2614 2616 2617
f 2616 2618 2619
f 2618 2620 2621
f 2620 2622 2623
f 2622 2624 2625
f 2624 2626 2627
f 2626 2628 2629
f 2628 2630 2631
f 2630 2632 2633
f 2632 2634 2635
f 2634 2636 2637
f 2636 2638 2639
f 2638 2640 2641
f 2640 2642 2643
f 2642 2644 2645
f 2644 2646 2647
f 2646 2648 2649
f 2648 2650 2651
f 2650 2652 2653
f 2652 2654 2655
f 2654 2656 2657
f 2656 2658 2659
f 2658 2660 2661
f 2660 2662 2663
f 2662 2664 2665
f 2664 2666 2667
f 2666 2668 2669
f 2668 2670 2671
f 2670 2672 2673
f 2672 2674 2675
f 2674 2676 2677
f 2676 2678 2679
f 2678 2680 2681
f 2680 2682 2683
f 2682 2684 2685
f 2684 2686 2687
f 2686 2688 2689
f 2688 2690 2691
f 2690 2692 2693
f 2692 2694 2695
f 2694 2696 2697
f 2696 2698 2699
f 2698 2700 2701
f 2700 2702 2703
f 2702 2704 2705
f 2704 2706 2707
f 2706 2708 2709
f 2708 2710 2711
f 2710 2712 2713
f 2712 2714 2715
f 2714 2716 2717
f 2716 2718 2719
f 2718 2720 2721
f 2720 2722 2723
f 2722 2724 2725
f 2724 2726 2727
f 2726 2728 2729
f 2728 2730 2731
f 2730 2732 2733
f 2732 2734 2735
f 2734 2736 2737
f 2736 2738 2739
f 2738 2740 2741
f 2740 2742 2743
f 2742 2744 2745
f 2744 2746 2747
f 2746 2748 2749
f 2748 2750 2751
f 2750 2752 2753
f 2752 2754 2755
f 2754 2756 2757
f 2756 2758 2759
f 2758 2760 2761
f 2760 2762 2763
f 2762 2764 2765
f 2764 2766 2767
f 2766 2768 2769
f 2768 2770 2771
f 2770 2772 2773
f 2772 2774 2775
f 2774 2776 2777
f 2776 2778 2779
f 2778 2780 2781
f 2780 2782 2783
f 2782 2784 2785
f 2784 2786 2787
f 2786 2788 2789
f 2788 2790 2791
f 2790 2792 2793
f 2792 2794 2795
f 2794 2796 2797
f 2796 2798 2799
f 2798 2800 2801
f 2800 2802 2803
f 2802 2804 2805
f 2804 2806 2807
f 2806 2808 2809
f 2808 2810 2811
f 2810 2812 2813
f 2812 2814 2815
f 2814 2816 2817
f 2816 2818 2819
f 2818 2820 2821
f 2820 2822 2823
f 2822 2824 2825
f 2824 2826 2827
f 2826 2828 2829
f 2828 2830 2831
f 2830 2832 2833
f 2832 2834 2835
f 2834 2836 2837
f 2836 2838 2839
f 2838 2840 2841
f 2840 2842 2843
f 2842 2844 2845
f 2844 2846 2847
f 2846 2848 2849
f 2848 2850 2851
f 2850 2852 2853
f 2852 2854 2855
f 2854 2856 2857
f 2856 2858 2859
f 2858 2860 2861
f 2860 2862 2863
f 2862 2864 2865
f 2864 2866 2867
f 2866 2868 2869
f 2868 2870 2871
f 2870 2872 2873
f 2872 2874 2875
f 2874 2876 2877
f 2876 2878 2879
f 2878 2880 2881
f 2880 2882 2883
f 2882 2884 2885
f 2884 2886 2887
f 2886 2169 2888

o Shape_13
usemtl material_1
f 1449 2169 2889
f 1449 2169 2889

o Shape_14
usemtl material_1
f 2078 2258 2890
f 2078 2258 2890

o Shape_15
usemtl material_1
f 1988 2348 2891
f 1988 2348 2891

o Shape_16
usemtl material_1
f 1898 2438 2892
f 1898 2438 2892

o Shape_17
usemtl material_1
f 1808 2528 2893
f 1808 2528 2893

o Shape_18
usemtl material_1
f 1718 2618 2894
f 1718 2618 2894

o Shape_19
usemtl material_1
f 1628 2708 2895
f 1628 2708 2895

o Shape_20
usemtl material_1
f 1538 2798 2896
f 1538 2798 2896

o Shape_21
usemtl material_1
f 1449 2169 2889
f 1449 2169 2889

o Shape_22
usemtl material_1
f 2897 2898 2899
f 2898 2900 2901
f 2900 2902 2903
f 2902 2904 2905
f 2904 2906 2907
f 2906 2908 2909
f 2908 2910 2911
f 2910 2912 2913
f 2912 2914 2915
f 2914 2916 2917
f 2916 2918 2919
f 2918 2920 2921
f 2920 2922 2923
f 2922 2924 2925
f 2924 2926 2927
f 2926 2928 2929
f 2928 2930 2931
f 2930 2932 2933
f 2932 2934 2935
f 2934 2936 2937
f 2936 2938 2939
f 2938 2940 2941
f 2940 2942 2943
f 2942 2944 2945
f 2944 2946 2947
f 2946 2948 2949
f 2948 2950 2951
f 2950 2952 2953
f 2952 2954 2955
f 2954 2956 2957
f 2956 2958 2959
f 2958 2960 2961
f 2960 2962 2963
f 2962 2964 2965
f 2964 2966 2967
f 2966 2968 2969
f 2968 2970 2971
f 2970 2972 2973
f 2972 2974 2975
f 2974 2976 2977
f 2976 2978 2979
f 2978 2980 2981
f 2980 2982 2983
f 2982 2984 2985
f 2984 2986 2987
f 2986 2988 2989
f 2988 2990 2991
f 2990 2992 2993
f 2992 2994 2995
f 2994 2996 2997
f 2996 2998 2999
f 2998 3000 3001
f 3000 3002 3003
f 3002 3004 3005
f 3004 3006 3007
f 3006 3008 3009
f 3008 3010 3011
f 3010 3012 3013
f 3012 3014 3015
f 3014 3016 3017
f 3016 3018 3019
f 3018 3020 3021
f 3020 3022 3023
f 3022 3024 3025
f 3024 3026 3027
f 3026 3028 3029
f 3028 3030 3031
f 3030 3032 3033
f 3032 3034 3035
f 3034 3036 3037
f 3036 3038 3039
f 3038 3040 3041
f 3040 3042 3043
f 3042 3044 3045
f 3044 3046 3047
f 3046 3048 3049
f 3048 3050 3051
f 3050 3052 3053
f 3052 3054 3055
f 3054 3056 3057
f 3056 3058 3059
f 3058 3060 3061
f 3060 3062 3063
f 3062 3064 3065
f 3064 3066 3067
f 3066 3068 3069
f 3068 3070 3071
f 3070 3072 3073
f 3072 3074 3075
f 3074 3076 3077
f 3076 3078 3079
f 3078 3080 3081
f 3080 3082 3083
f 3082 3084 3085
f 3084 3086 3087
f 3086 3088 3089
f 3088 3090 3091
f 3090 3092 3093
f 3092 3094 3095
f 3094 3096 3097
f 3096 3098 3099
f 3098 3100 3101
f 3100 3102 3103
f 3102 3104 3105
f 3104 3106 3107
f 3106 3108 3109
f 3108 3110 3111
f 3110 3112 3113
f 3112 3114 3115
f 3114 3116 3117
f 3116 3118 3119
f 3118 3120 3121
f 3120 3122 3123
f 3122 3124 3125
f 3124 3126 3127
f 3126 3128 3129
f 3128 3130 3131
f 3130 3132 3133
f 3132 3134 3135
f 3134 3136 3137
f 3136 3138 3139
f 3138 3140 3141
f 3140 3142 3143
f 3142 3144 3145
f 3144 3146 3147
f 3146 3148 3149
f 3148 3150 3151
f 3150 3152 3153
f 3152 3154 3155
f 3154 3156 3157
f 3156 3158 3159
f 3158 3160 3161
f 3160 3162 3163
f 3162 3164 3165
f 3164 3166 3167
f 3166 3168 3169
f 3168 3170 3171
f 3170 3172 3173
f 3172 3174 3175
f 3174 3176 3177
f 3176 3178 3179
f 3178 3180 3181
f 3180 3182 3183
f 3182 3184 3185
f 3184 3186 3187
f 3186 3188 3189
f 3188 3190 3191
f 3190 3192 3193
f 3192 3194 3195
f 3194 3196 3197
f 3196 3198 3199
f 3198 3200 3201
f 3200 3202 3203
f 3202 3204 3205
f 3204 3206 3207
f 3206 3208 3209
f 3208 3210 3211
f 3210 3212 3213
f 3212 3214 3215
f 3214 3216 3217
f 3216 3218 3219
f 3218 3220 3221
f 3220 3222 3223
f 3222 3224 3225
f 3224 3226 3227
f 3226 3228 3229
f 3228 3230 3231
f 3230 3232 3233
f 3232 3234 3235
f 3234 3236 3237
f 3236 3238 3239
f 3238 3240 3241
f 3240 3242 3243
f 3242 3244 3245
f 3244 3246 3247
f 3246 3248 3249
f 3248 3250 3251
f 3250 3252 3253
f 3252 3254 3255
f 3254 3256 3257
f 3256 3258 3259
f 3258 3260 3261
f 3260 3262 3263
f 3262 3264 3265
f 3264 3266 3267
f 3266 3268 3269
f 3268 3270 3271
f 3270 3272 3273
f 3272 3274 3275
f 3274 3276 3277
f 3276 3278 3279
f 3278 3280 3281
f 3280 3282 3283
f 3282 3284 3285
f 3284 3286 3287
f 3286 3288 3289
f 3288 3290 3291
f 3290 3292 3293
f 3292 3294 3295
f 3294 3296 3297
f 3296 3298 3299
f 3298 3300 3301
f 3300 3302 3303
f 3302 3304 3305
f 3304 3306 3307
f 3306 3308 3309
f 3308 3310 3311
f 3310 3312 3313
f 3312 3314 3315
f 3314 3316 3317
f 3316 3318 3319
f 3318 3320 3321
f 3320 3322 3323
f 3322 3324 3325
f 3324 3326 3327
f 3326 3328 3329
f 3328 3330 3331
f 3330 3332 3333
f 3332 3334 3335
f 3334 3336 3337
f 3336 3338 3339
f 3338 3340 3341
f 3340 3342 3343
f 3342 3344 3345
f 3344 3346 3347
f 3346 3348 3349
f 3348 3350 3351
f 3350 3352 3353
f 3352 3354 3355
f 3354 3356 3357
f 3356 3358 3359
f 3358 3360 3361
f 3360 3362 3363
f 3362 3364 3365
f 3364 3366 3367
f 3366 3368 3369
f 3368 3370 3371
f 3370 3372 3373
f 3372 3374 3375
f 3374 3376 3377
f 3376 3378 3379
f 3378 3380 3381
f 3380 3382 3383
f 3382 3384 3385
f 3384 3386 3387
f 3386 3388 3389
f 3388 3390 3391
f 3390 3392 3393
f 3392 3394 3395
f 3394 3396 3397
f 3396 3398 3399
f 3398 3400 3401
f 3400 3402 3403
f 3402 3404 3405
f 3404 3406 3407
f 3406 3408 3409
f 3408 3410 3411
f 3410 3412 3413
f 3412 3414 3415
f 3414 3416 3417
f 3416 3418 3419
f 3418 3420 3421
f 3420 3422 3423
f 3422 3424 3425
f 3424 3426 3427
f 3426 3428 3429
f 3428 3430 3431
f 3430 3432 3433
f 3432 3434 3435
f 3434 3436 3437
f 3436 3438 3439
f 3438 3440 3441
f 3440 3442 3443
f 3442 3444 3445
f 3444 3446 3447
f 3446 3448 3449
f 3448 3450 3451
f 3450 3452 3453
f 3452 3454 3455
f 3454 3456 3457
f 3456 3458 3459
f 3458 3460 3461
f 3460 3462 3463
f 3462 3464 3465
f 3464 3466 3467
f 3466 3468 3469
f 3468 3470 3471
f 3470 3472 3473
f 3472 3474 3475
f 3474 3476 3477
f 3476 3478 3479
f 3478 3480 3481
f 3480 3482 3483
f 3482 3484 3485
f 3484 3486 3487
f 3486 3488 3489
f 3488 3490 3491
f 3490 3492 3493
f 3492 3494 3495
f 3494 3496 3497
f 3496 3498 3499
f 3498 3500 3501
f 3500 3502 3503
f 3502 3504 3505
f 3504 3506 3507
f 3506 3508 3509
f 3508 3510 3511
f 3510 3512 3513
f 3512 3514 3515
f 3514 3516 3517
f 3516 3518 3519
f 3518 3520 3521
f 3520 3522 3523
f 3522 3524 3525
f 3524 3526 3527
f 3526 3528 3529
f 3528 3530 3531
f 3530 3532 3533
f 3532 3534 3535
f 3534 3536 3537
f 3536 3538 3539
f 3538 3540 3541
f 3540 3542 3543
f 3542 3544 3545
f 3544 3546 3547
f 3546 3548 3549
f 3548 3550 3551
f 3550 3552 3553
f 3552 3554 3555
f 3554 3556 3557
f 3556 3558 3559
f 3558 3560 3561
f 3560 3562 3563
f 3562 3564 3565
f 3564 3566 3567
f 3566 3568 3569
f 3568 3570 3571
f 3570 3572 3573
f 3572 3574 3575
f 3574 3576 3577
f 3576 3578 3579
f 3578 3580 3581
f 3580 3582 3583
f 3582 3584 3585
f 3584 3586 3587
f 3586 3588 3589
f 3588 3590 3591
f 3590 3592 3593
f 3592 3594 3595
f 3594 3596 3597
f 3596 3598 3599
f 3598 3600 3601
f 3600 3602 3603
f 3602 3604 3605
f 3604 3606 3607
f 3606 3608 3609
f 3608 3610 3611
f 3610 3612 3613
f 3612 3614 3615
f 3614 2897 3616

o Shape_23
usemtl material_1
f 3617 3618 3619
f 3618 3620 3621
f 3620 3622 3623
f 3622 3624 3625
f 3624 3626 3627
f 3626 3628 3629
f 3628 3630 3631
f 3630 3632 3633
f 3632 3634 3635
f 3634 3636 3637
f 3636 3638 3639
f 3638 3640 3641
f 3640 3642 3643
f 3642 3644 3645
f 3644 3646 3647
f 3646 3648 3649
f 3648 3650 3651
f 3650 3652 3653
f 3652 3654 3655
f 3654 3656 3657
f 3656 3658 3659
f 3658 3660 3661
f 3660 3662 3663
f 3662 3664 3665
f 3664 3666 3667
f 3666 3668 3669
f 3668 3670 3671
f 3670 3672 3673
f 3672 3674 3675
f 3674 3676 3677
f 3676 3678 3679
f 3678 3680 3681
f 3680 3682 3683
f 3682 3684 3685
f 3684 3686 3687
f 3686 3688 3689
f 3688 3690 3691
f 3690 3692 3693
f 3692 3694 3695
f 3694 3696 3697
f 3696 3698 3699
f 3698 3700 3701
f 3700 3702 3703
f 3702 3704 3705
f 3704 3706 3707
f 3706 3708 3709
f 3708 3710 3711
f 3710 3712 3713
f 3712 3714 3715
f 3714 3716 3717
f 3716 3718 3719
f 3718 3720 3721
f 3720 3722 3723
f 3722 3724 3725
f 3724 3726 3727
f 3726 3728 3729
f 3728 3730 3731
f 3730 3732 3733
f 3732 3734 3735
f 3734 3736 3737
f 3736 3738 3739
f 3738 3740 3741
f 3740 3742 3743
f 3742 3744 3745
f 3744 3746 3747
f 3746 3748 3749
f 3748 3750 3751
f 3750 3752 3753
f 3752 3754 3755
f 3754 3756 3757
f 3756 3758 3759
f 3758 3760 3761
f 3760 3762 3763
f 3762 3764 3765
f 3764 3766 3767
f 3766 3768 3769
f 3768 3770 3771
f 3770 3772 3773
f 3772 3774 3775
f 3774 3776 3777
f 3776 3778 3779
f 3778 3780 3781
f 3780 3782 3783
f 3782 3784 3785
f 3784 3786 3787
f 3786 3788 3789
f 3788 3790 3791
f 3790 3792 3793
f 3792 3794 3795
f 3794 3796 3797
f 3796 3798 3799
f 3798 3800 3801
f 3800 3802 3803
f 3802 3804 3805
f 3804 3806 3807
f 3806 3808 3809
f 3808 3810 3811
f 3810 3812 3813
f 3812 3814 3815
f 3814 3816 3817
f 3816 3818 3819
f 3818 3820 3821
f 3820 3822 3823
f 3822 3824 3825
f 3824 3826 3827
f 3826 3828 3829
f 3828 3830 3831
f 3830 3832 3833
f 3832 3834 3835
f 3834 3836 3837
f 3836 3838 3839
f 3838 3840 3841
f 3840 3842 3843
f 3842 3844 3845
f 3844 3846 3847
f 3846 3848 3849
f 3848 3850 3851
f 3850 3852 3853
f 3852 3854 3855
f 3854 3856 3857
f 3856 3858 3859
f 3858 3860 3861
f 3860 3862 3863
f 3862 3864 3865
f 3864 3866 3867
f 3866 3868 3869
f 3868 3870 3871
f 3870 3872 3873
f 3872 3874 3875
f 3874 3876 3877
f 3876 3878 3879
f 3878 3880 3881
f 3880 3882 3883
f 3882 3884 3885
f 3884 3886 3887
f 3886 3888 3889
f 3888 3890 3891
f 3890 3892 3893
f 3892 3894 3895
f 3894 3896 3897
f 3896 3898 3899
f 3898 3900 3901
f 3900 3902 3903
f 3902 3904 3905
f 3904 3906 3907
f 3906 3908 3909
f 3908 3910 3911
f 3910 3912 3913
f 3912 3914 3915
f 3914 3916 3917
f 3916 3918 3919
f 3918 3920 3921
f 3920 3922 3923
f 3922 3924 3925
f 3924 3926 3927
f 3926 3928 3929
f 3928 3930 3931
f 3930 3932 3933
f 3932 3934 3935
f 3934 3936 3937
f 3936 3938 3939
f 3938 3940 3941
f 3940 3942 3943
f 3942 3944 3945
f 3944 3946 3947
f 3946 3948 3949
f 3948 3950 3951
f 3950 3952 3953
f 3952 3954 3955
f 3954 3956 3957
f 3956 3958 3959
f 3958 3960 3961
f 3960 3962 3963
f 3962 3964 3965
f 3964 3966 3967
f 3966 3968 3969
f 3968 3970 3971
f 3970 3972 3973
f 3972 3974 3975
f 3974 3976 3977
f 3976 3978 3979
f 3978 3980 3981
f 3980 3982 3983
f 3982 3984 3985
f 3984 3986 3987
f 3986 3988 3989
f 3988 3990 3991
f 3990 3992 3993
f 3992 3994 3995
f 3994 3996 3997
f 3996 3998 3999
f 3998 4000 4001
f 4000 4002 4003
f 4002 4004 4005
f 4004 4006 4007
f 4006 4008 4009
f 4008 4010 4011
f 4010 4012 4013
f 4012 4014 4015
f 4014 4016 4017
f 4016 4018 4019
f 4018 4020 4021
f 4020 4022 4023
f 4022 4024 4025
f 4024 4026 4027
f 4026 4028 4029
f 4028 4030 4031
f 4030 4032 4033
f 4032 4034 4035
f 4034 4036 4037
f 4036 4038 4039
f 4038 4040 4041
f 4040 4042 4043
f 4042 4044 4045
f 4044 4046 4047
f 4046 4048 4049
f 4048 4050 4051
f 4050 4052 4053
f 4052 4054 4055
f 4054 4056 4057
f 4056 4058 4059
f 4058 4060 4061
f 4060 4062 4063
f 4062 4064 4065
f 4064 4066 4067
f 4066 4068 4069
f 4068 4070 4071
f 4070 4072 4073
f 4072 4074 4075
f 4074 4076 4077
f 4076 4078 4079
f 4078 4080 4081
f 4080 4082 4083
f 4082 4084 4085
f 4084 4086 4087
f 4086 4088 4089
f 4088 4090 4091
f 4090 4092 4093
f 4092 4094 4095
f 4094 4096 4097
f 4096 4098 4099
f 4098 4100 4101
f 4100 4102 4103
f 4102 4104 4105
f 4104 4106 4107
f 4106 4108 4109
f 4108 4110 4111
f 4110 4112 4113
f 4112 4114 4115
f 4114 4116 4117
f 4116 4118 4119
f 4118 4120 4121
f 4120 4122 4123
f 4122 4124 4125
f 4124 4126 4127
f 4126 4128 4129
f 4128 4130 4131
f 4130 4132 4133
f 4132 4134 4135
f 4134 4136 4137
f 4136 4138 4139
f 4138 4140 4141
f 4140 4142 4143
f 4142 4144 4145
f 4144 4146 4147
f 4146 4148 4149
f 4148 4150 4151
f 4150 4152 4153
f 4152 4154 4155
f 4154 4156 4157
f 4156 4158 4159
f 4158 4160 4161
f 4160 4162 4163
f 4162 4164 4165
f 4164 4166 4167
f 4166 4168 4169
f 4168 4170 4171
f 4170 4172 4173
f 4172 4174 4175
f 4174 4176 4177
f 4176 4178 4179
f 4178 4180 4181
f 4180 4182 4183
f 4182 4184 4185
f 4184 4186 4187
f 4186 4188 4189
f 4188 4190 4191
f 4190 4192 4193
f 4192 4194 4195
f 4194 4196 4197
f 4196 4198 4199
f 4198 4200 4201
f 4200 4202 4203
f 4202 4204 4205
f 4204 4206 4207
f 4206 4208 4209
f 4208 4210 4211
f 4210 4212 4213
f 4212 4214 4215
f 4214 4216 4217
f 4216 4218 4219
f 4218 4220 4221
f 4220 4222 4223
f 4222 4224 4225
f 4224 4226 4227
f 4226 4228 4229
f 4228 4230 4231
f 4230 4232 4233
f 4232 4234 4235
f 4234 4236 4237
f 4236 4238 4239
f 4238 4240 4241
f 4240 4242 4243
f 4242 4244 4245
f 4244 4246 4247
f 4246 4248 4249
f 4248 4250 4251
f 4250 4252 4253
f 4252 4254 4255
f 4254 4256 4257
f 4256 4258 4259
f 4258 4260 4261
f 4260 4262 4263
f 4262 4264 4265
f 4264 4266 4267
f 4266 4268 4269
f 4268 4270 4271
f 4270 4272 4273
f 4272 4274 4275
f 4274 4276 4277
f 4276 4278 4279
f 4278 4280 4281
f 4280 4282 4283
f 4282 4284 4285
f 4284 4286 4287
f 4286 4288 4289
f 4288 4290 4291
f 4290 4292 4293
f 4292 4294 4295
f 4294 4296 4297
f 4296 4298 4299
f 4298 4300 4301
f 4300 4302 4303
f 4302 4304 4305
f 4304 4306 4307
f 4306 4308 4309
f 4308 4310 4311
f 4310 4312 4313
f 4312 4314 4315
f 4314 4316 4317
f 4316 4318 4319
f 4318 4320 4321
f 4320 4322 4323
f 4322 4324 4325
f 4324 4326 4327
f 4326 4328 4329
f 4328 4330 4331
f 4330 4332 4333
f 4332 4334 4335
f 4334 3617 4336

o Shape_24
usemtl material_1
f 2897 3617 4337
f 2897 3617 4337

o Shape_25
usemtl material_1
f 3526 3706 4338
f 3526 3706 4338

o Shape_26
usemtl material_1
f 3436 3796 4339
f 3436 3796 4339

o Shape_27
usemtl material_1
f 3346 3886 4340
f 3346 3886 4340

o Shape_28
usemtl material_1
f 3256 3976 4341
f 3256 3976 4341

o Shape_29
usemtl material_1
f 3166 4066 4342
f 3166 4066 4342

o Shape_30
usemtl material_1
f 3076 4156 4343
f 3076 4156 4343

o Shape_31
usemtl material_1
f 2986 4246 4344
f 2986 4246 4344

o Shape_32
usemtl material_1
f 2897 3617 4337
f 2897 3617 4337

o Shape_33
usemtl material_1
f 4345 4346 4347
f 4346 4348 4349
f 4348 4350 4351
f 4350 4352 4353
f 4352 4354 4355
f 4354 4356 4357
f 4356 4358 4359
f 4358 4360 4361
f 4360 4362 4363
f 4362 4364 4365
f 4364 4366 4367
f 4366 4368 4369
f 4368 4370 4371
f 4370 4372 4373
f 4372 4374 4375
f 4374 4376 4377
f 4376 4378 4379
f 4378 4380 4381
f 4380 4382 4383
f 4382 4384 4385
f 4384 4386 4387
f 4386 4388 4389
f 4388 4390 4391
f 4390 4392 4393
f 4392 4394 4395
f 4394 4396 4397
f 4396 4398 4399
f 4398 4400 4401
f 4400 4402 4403
f 4402 4404 4405
f 4404 4406 4407
f 4406 4408 4409
f 4408 4410 4411
f 4410 4412 4413
f 4412 4414 4415
f 4414 4416 4417
f 4416 4418 4419
f 4418 4420 4421
f 4420 4422 4423
f 4422 4424 4425
f 4424 4426 4427
f 4426 4428 4429
f 4428 4430 4431
f 4430 4432 4433
f 4432 4434 4435
f 4434 4436 4437
f 4436 4438 4439
f 4438 4440 4441
f 4440 4442 4443
f 4442 4444 4445
f 4444 4446 4447
f 4446 4448 4449
f 4448 4450 4451
f 4450 4452 4453
f 4452 4454 4455
f 4454 4456 4457
f 4456 4458 4459
f 4458 4460 4461
f 4460 4462 4463
f 4462 4464 4465
f 4464 4466 4467
f 4466 4468 4469
f 4468 4470 4471
f 4470 4472 4473
f 4472 4474 4475
f 4474 4476 4477
f 4476 4478 4479
f 4478 4480 4481
f 4480 4482 4483
f 4482 4484 4485
f 4484 4486 4487
f 4486 4488 4489
f 4488 4490 4491
f 4490 4492 4493
f 4492 4494 4495
f 4494 4496 4497
f 4496 4498 4499
f 4498 4500 4501
f 4500 4502 4503
f 4502 4504 4505
f 4504 4506 4507
f 4506 4508 4509
f 4508 4510 4511
f 4510 4512 4513
f 4512 4514 4515
f 4514 4516 4517
f 4516 4518 4519
f 4518 4520 4521
f 4520 4522 4523
f 4522 4524 4525
f 4524 4526 4527
f 4526 4528 4529
f 4528 4530 4531
f 4530 4532 4533
f 4532 4534 4535
f 4534 4536 4537
f 4536 4538 4539
f 4538 4540 4541
f 4540 4542 4543
f 4542 4544 4545
f 4544 4546 4547
f 4546 4548 4549
f 4548 4550 4551
f 4550 4552 4553
f 4552 4554 4555
f 4554 4556 4557
f 4556 4558 4559
f 4558 4560 4561
f 4560 4562 4563
f 4562 4564 4565
f 4564 4566 4567
f 4566 4568 4569
f 4568 4570 4571
f 4570 4572 4573
f 4572 4574 4575
f 4574 4576 4577
f 4576 4578 4579
f 4578 4580 4581
f 4580 4582 4583
f 4582 4584 4585
f 4584 4586 4587
f 4586 4588 4589
f 4588 4590 4591
f 4590 4592 4593
f 4592 4594 4595
f 4594 4596 4597
f 4596 4598 4599
f 4598 4600 4601
f 4600 4602 4603
f 4602 4604 4605
f 4604 4606 4607
f 4606 4608 4609
f 4608 4610 4611
f 4610 4612 4613
f 4612 4614 4615
f 4614 4616 4617
f 4616 4618 4619
f 4618 4620 4621
f 4620 4622 4623
f 4622 4624 4625
f 4624 4626 4627
f 4626 4628 4629
f 4628 4630 4631
f 4630 4632 4633
f 4632 4634 4635
f 4634 4636 4637
f 4636 4638 4639
f 4638 4640 4641
f 4640 4642 4643
f 4642 4644 4645
f 4644 4646 4647
f 4646 4648 4649
f 4648 4650 4651
f 4650 4652 4653
f 4652 4654 4655
f 4654 4656 4657
f 4656 4658 4659
f 4658 4660 4661
f 4660 4662 4663
f 4662 4664 4665
f 4664 4666 4667
f 4666 4668 4669
f 4668 4670 4671
f 4670 4672 4673
f 4672 4674 4675
f 4674 4676 4677
f 4676 4678 4679
f 4678 4680 4681
f 4680 4682 4683
f 4682 4684 4685
f 4684 4686 4687
f 4686 4688 4689
f 4688 4690 4691
f 4690 4692 4693
f 4692 4694 4695
f 4694 4696 4697
f 4696 4698 4699
f 4698 4700 4701
f 4700 4702 4703
f 4702 4704 4705
f 4704 4706 4707
f 4706 4708 4709
f 4708 4710 4711
f 4710 4712 4713
f 4712 4714 4715
f 4714 4716 4717
f 4716 4718 4719
f 4718 4720 4721
f 4720 4722 4723
f 4722 4724 4725
f 4724 4726 4727
f 4726 4728 4729
f 4728 4730 4731
f 4730 4732 4733
f 4732 4734 4735
f 4734 4736 4737
f 4736 4738 4739
f 4738 4740 4741
f 4740 4742 4743
f 4742 4744 4745
f 4744 4746 4747
f 4746 4748 4749
f 4748 4750 4751
f 4750 4752 4753
f 4752 4754 4755
f 4754 4756 4757
f 4756 4758 4759
f 4758 4760 4761
f 4760 4762 4763
f 4762 4764 4765
f 4764 4766 4767
f 4766 4768 4769
f 4768 4770 4771
f 4770 4772 4773
f 4772 4774 4775
f 4774 4776 4777
f 4776 4778 4779
f 4778 4780 4781
f 4780 4782 4783
f 4782 4784 4785
f 4784 4786 4787
f 4786 4788 4789
f 4788 4790 4791
f 4790 4792 4793
f 4792 4794 4795
f 4794 4796 4797
f 4796 4798 4799
f 4798 4800 4801
f 4800 4802 4803
f 4802 4804 4805
f 4804 4806 4807
f 4806 4808 4809
f 4808 4810 4811
f 4810 4812 4813
f 4812 4814 4815
f 4814 4816 4817
f 4816 4818 4819
f 4818 4820 4821
f 4820 4822 4823
f 4822 4824 4825
f 4824 4826 4827
f 4826 4828 4829
f 4828 4830 4831
f 4830 4832 4833
f 4832 4834 4835
f 4834 4836 4837
f 4836 4838 4839
f 4838 4840 4841
f 4840 4842 4843
f 4842 4844 4845
f 4844 4846 4847
f 4846 4848 4849
f 4848 4850 4851
f 4850 4852 4853
f 4852 4854 4855
f 4854 4856 4857
f 4856 4858 4859
f 4858 4860 4861
f 4860 4862 4863
f 4862 4864 4865
f 4864 4866 4867
f 4866 4868 4869
f 4868 4870 4871
f 4870 4872 4873
f 4872 4874 4875
f 4874 4876 4877
f 4876 4878 4879
f 4878 4880 4881
f 4880 4882 4883
f 4882 4884 4885
f 4884 4886 4887
f 4886 4888 4889
f 4888 4890 4891
f 4890 4892 4893
f 4892 4894 4895
f 4894 4896 4897
f 4896 4898 4899
f 4898 4900 4901
f 4900 4902 4903
f 4902 4904 4905
f 4904 4906 4907
f 4906 4908 4909
f 4908 4910 4911
f 4910 4912 4913
f 4912 4914 4915
f 4914 4916 4917
f 4916 4918 4919
f 4918 4920 4921
f 4920 4922 4923
f 4922 4924 4925
f 4924 4926 4927
f 4926 4928 4929
f 4928 4930 4931
f 4930 4932 4933
f 4932 4934 4935
f 4934 4936 4937
f 4936 4938 4939
f 4938 4940 4941
f 4940 4942 4943
f 4942 4944 4945
f 4944 4946 4947
f 4946 4948 4949
f 4948 4950 4951
f 4950 4952 4953
f 4952 4954 4955
f 4954 4956 4957
f 4956 4958 4959
f 4958 4960 4961
f 4960 4962 4963
f 4962 4964 4965
f 4964 4966 4967
f 4966 4968 4969
f 4968 4970 4971
f 4970 4972 4973
f 4972 4974 4975
f 4974 4976 4977
f 4976 4978 4979
f 4978 4980 4981
f 4980 4982 4983
f 4982 4984 4985
f 4984 4986 4987
f 4986 4988 4989
f 4988 4990 4991
f 4990 4992 4993
f 4992 4994 4995
f 4994 4996 4997
f 4996 4998 4999
f 4998 5000 5001
f 5000 5002 5003
f 5002 5004 5005
f 5004 5006 5007
f 5006 5008 5009
f 5008 5010 5011
f 5010 5012 5013
f 5012 5014 5015
f 5014 5016 5017
f 5016 5018 5019
f 5018 5020 5021
f 5020 5022 5023
f 5022 5024 5025
f 5024 5026 5027
f 5026 5028 5029
f 5028 5030 5031
f 5030 5032 5033
f 5032 5034 5035
f 5034 5036 5037
f 5036 5038 5039
f 5038 5040 5041
f 5040 5042 5043
f 5042 5044 5045
f 5044 5046 5047
f 5046 5048 5049
f 5048 5050 5051
f 5050 5052 5053
f 5052 5054 5055
f 5054 5056 5057
f 5056 5058 5059
f 5058 5060 5061
f 5060 5062 5063
f 5062 4345 5064

o Shape_34
usemtl material_1
f 5065 5066 5067
f 5066 5068 5069
f 5068 5070 5071
f 5070 5072 5073
f 5072 5074 5075
f 5074 5076 5077
f 5076 5078 5079
f 5078 5080 5081
f 5080 5082 5083
f 5082 5084 5085
f 5084 5086 5087
f 5086 5088 5089
f 5088 5090 5091
f 5090 5092 5093
f 5092 5094 5095
f 5094 5096 5097
f 5096 5098 5099
f 5098 5100 5101
f 5100 5102 5103
f 5102 5104 5105
f 5104 5106 5107
f 5106 5108 5109
f 5108 5110 5111
f 5110 5112 5113
f 5112 5114 5115
f 5114 5116 5117
f 5116 5118 5119
f 5118 5120 5121
f 5120 5122 5123
f 5122 5124 5125
f 5124 5126 5127
f 5126 5128 5129
f 5128 5130 5131
f 5130 5132 5133
f 5132 5134 5135
f 5134 5136 5137
f 5136 5138 5139
f 5138 5140 5141
f 5140 5142 5143
f 5142 5144 5145
f 5144 5146 5147
f 5146 5148 5149
f 5148 5150 5151
f 5150 5152 5153
f 5152 5154 5155
f 5154 5156 5157
f 5156 5158 5159
f 5158 5160 5161
f 5160 5162 5163
f 5162 5164 5165
f 5164 5166 5167
f 5166 5168 5169
f 5168 5170 5171
f 5170 5172 5173
f 5172 5174 5175
f 5174 5176 5177
f 5176 5178 5179
f 5178 5180 5181
f 5180 5182 5183
f 5182 5184 5185
f 5184 5186 5187
f 5186 5188 5189
f 5188 5190 5191
f 5190 5192 5193
f 5192 5194 5195
f 5194 5196 5197
f 5196 5198 5199
f 5198 5200 5201
f 5200 5202 5203
f 5202 5204 5205
f 5204 5206 5207
f 5206 5208 5209
f 5208 5210 5211
f 5210 5212 5213
f 5212 5214 5215
f 5214 5216 5217
f 5216 5218 5219
f 5218 5220 5221
f 5220 5222 5223
f 5222 5224 5225
f 5224 5226 5227
f 5226 5228 5229
f 5228 5230 5231
f 5230 5232 5233
f 5232 5234 5235
f 5234 5236 5237
f 5236 5238 5239
f 5238 5240 5241
f 5240 5242 5243
f 5242 5244 5245
f 5244 5246 5247
f 5246 5248 5249
f 5248 5250 5251
f 5250 5252 5253
f 5252 5254 5255
f 5254 5256 5257
f 5256 5258 5259
f 5258 5260 5261
f 5260 5262 5263
f 5262 5264 5265
f 5264 5266 5267
f 5266 5268 5269
f 5268 5270 5271
f 5270 5272 5273
f 5272 5274 5275
f 5274 5276 5277
f 5276 5278 5279
f 5278 5280 5281
f 5280 5282 5283
f 5282 5284 5285
f 5284 5286 5287
f 5286 5288 5289
f 5288 5290 5291
f 5290 5292 5293
f 5292 5294 5295
f 5294 5296 5297
f 5296 5298 5299
f 5298 5300 5301
f 5300 5302 5303
f 5302 5304 5305
f 5304 5306 5307
f 5306 5308 5309
f 5308 5310 5311
f 5310 5312 5313
f 5312 5314 5315
f 5314 5316 5317
f 5316 5318 5319
f 5318 5320 5321
f 5320 5322 5323
f 5322 5324 5325
f 5324 5326 5327
f 5326 5328 5329
f 5328 5330 5331
f 5330 5332 5333
f 5332 5334 5335
f 5334 5336 5337
f 5336 5338 5339
f 5338 5340 5341
f 5340 5342 5343
f 5342 5344 5345
f 5344 5346 5347
f 5346 5348 5349
f 5348 5350 5351
f 5350 5352 5353
f 5352 5354 5355
f 5354 5356 5357
f 5356 5358 5359
f 5358 5360 5361
f 5360 5362 5363
f 5362 5364 5365
f 5364 5366 5367
f 5366 5368 5369
f 5368 5370 5371
f 5370 5372 5373
f 5372 5374 5375
f 5374 5376 5377
f 5376 5378 5379
f 5378 5380 5381
f 5380 5382 5383
f 5382 5384 5385
f 5384 5386 5387
f 5386 5388 5389
f 5388 5390 5391
f 5390 5392 5393
f 5392 5394 5395
f 5394 5396 5397
f 5396 5398 5399
f 5398 5400 5401
f 5400 5402 5403
f 5402 5404 5405
f 5404 5406 5407
f 5406 5408 5409
f 5408 5410 5411
f 5410 5412 5413
f 5412 5414 5415
f 5414 5416 5417
f 5416 5418 5419
f 5418 5420 5421
f 5420 5422 5423
f 5422 5424 5425
f 5424 5426 5427
f 5426 5428 5429
f 5428 5430 5431
f 5430 5432 5433
f 5432 5434 5435
f 5434 5436 5437
f 5436 5438 5439
f 5438 5440 5441
f 5440 5442 5443
f 5442 5444 5445
f 5444 5446 5447
f 5446 5448 5449
f 5448 5450 5451
f 5450 5452 5453
f 5452 5454 5455
f 5454 5456 5457
f 5456 5458 5459
f 5458 5460 5461
f 5460 5462 5463
f 5462 5464 5465
f 5464 5466 5467
f 5466 5468 5469
f 5468 5470 5471
f 5470 5472 5473
f 5472 5474 5475
f 5474 5476 5477
f 5476 5478 5479
f 5478 5480 5481
f 5480 5482 5483
f 5482 5484 5485
f 5484 5486 5487
f 5486 5488 5489
f 5488 5490 5491
f 5490 5492 5493
f 5492 5494 5495
f 5494 5496 5497
f 5496 5498 5499
f 5498 5500 5501
f 5500 5502 5503
f 5502 5504 5505
f 5504 5506 5507
f 5506 5508 5509
f 5508 5510 5511
f 5510 5512 5513
f 5512 5514 5515
f 5514 5516 5517
f 5516 5518 5519
f 5518 5520 5521
f 5520 5522 5523
f 5522 5524 5525
f 5524 5526 5527
f 5526 5528 5529
f 5528 5530 5531
f 5530 5532 5533
f 5532 5534 5535
f 5534 5536 5537
f 5536 5538 5539
f 5538 5540 5541
f 5540 5542 5543
f 5542 5544 5545
f 5544 5546 5547
f 5546 5548 5549
f 5548 5550 5551
f 5550 5552 5553
f 5552 5554 5555
f 5554 5556 5557
f 5556 5558 5559
f 5558 5560 5561
f 5560 5562 5563
f 5562 5564 5565
f 5564 5566 5567
f 5566 5568 5569
f 5568 5570 5571
f 5570 5572 5573
f 5572 5574 5575
f 5574 5576 5577
f 5576 5578 5579
f 5578 5580 5581
f 5580 5582 5583
f 5582 5584 5585
f 5584 5586 5587
f 5586 5588 5589
f 5588 5590 5591
f 5590 5592 5593
f 5592 5594 5595
f 5594 5596 5597
f 5596 5598 5599
f 5598 5600 5601
f 5600 5602 5603
f 5602 5604 5605
f 5604 5606 5607
f 5606 5608 5609
f 5608 5610 5611
f 5610 5612 5613
f 5612 5614 5615
f 5614 5616 5617
f 5616 5618 5619
f 5618 5620 5621
f 5620 5622 5623
f 5622 5624 5625
f 5624 5626 5627
f 5626 5628 5629
f 5628 5630 5631
f 5630 5632 5633
f 5632 5634 5635
f 5634 5636 5637
f 5636 5638 5639
f 5638 5640 5641
f 5640 5642 5643
f 5642 5644 5645
f 5644 5646 5647
f 5646 5648 5649
f 5648 5650 5651
f 5650 5652 5653
f 5652 5654 5655
f 5654 5656 5657
f 5656 5658 5659
f 5658 5660 5661
f 5660 5662 5663
f 5662 5664 5665
f 5664 5666 5667
f 5666 5668 5669
f 5668 5670 5671
f 5670 5672 5673
f 5672 5674 5675
f 5674 5676 5677
f 5676 5678 5679
f 5678 5680 5681
f 5680 5682 5683
f 5682 5684 5685
f 5684 5686 5687
f 5686 5688 5689
f 5688 5690 5691
f 5690 5692 5693
f 5692 5694 5695
f 5694 5696 5697
f 5696 5698 5699
f 5698 5700 5701
f 5700 5702 5703
f 5702 5704 5705
f 5704 5706 5707
f 5706 5708 5709
f 5708 5710 5711
f 5710 5712 5713
f 5712 5714 5715
f 5714 5716 5717
f 5716 5718 5719
f 5718 5720 5721
f 5720 5722 5723
f 5722 5724 5725
f 5724 5726 5727
f 5726 5728 5729
f 5728 5730 5731
f 5730 5732 5733
f 5732 5734 5735
f 5734 5736 5737
f 5736 5738 5739
f 5738 5740 5741
f 5740 5742 5743
f 5742 5744 5745
f 5744 5746 5747
f 5746 5748 5749
f 5748 5750 5751
f 5750 5752 5753
f 5752 5754 5755
f 5754 5756 5757
f 5756 5758 5759
f 5758 5760 5761
f 5760 5762 5763
f 5762 5764 5765
f 5764 5766 5767
f 5766 5768 5769
f 5768 5770 5771
f 5770 5772 5773
f 5772 5774 5775
f 5774 5776 5777
f 5776 5778 5779
f 5778 5780 5781
f 5780 5782 5783
f 5782 5065 5784

o Shape_35
usemtl material_1
f 4345 5065 5785
f 4345 5065 5785

o Shape_36
usemtl material_1
f 4974 5154 5786
f 4974 5154 5786

o Shape_37
usemtl material_1
f 4884 5244 5787
f 4884 5244 5787

o Shape_38
usemtl material_1
f 4794 5334 5788
f 4794 5334 5788

o Shape_39
usemtl material_1
f 4704 5424 5789
f 4704 5424 5789

o Shape_40
usemtl material_1
f 4614 5514 5790
f 4614 5514 5790

o Shape_41
usemtl material_1
f 4524 5604 5791
f 4524 5604 5791

o Shape_42
usemtl material_1
f 4434 5694 5792
f 4434 5694 5792

o Shape_43
usemtl material_1
f 4345 5065 5785
f 4345 5065 5785

o Shape_44
usemtl material_1
f 5793 5794 5795
f 5794 5796 5797
f 5796 5798 5799
f 5798 5800 5801
f 5800 5802 5803
f 5802 5804 5805
f 5804 5806 5807
f 5806 5808 5809
f 5808 5810 5811
f 5810 5812 5813
f 5812 5814 5815
f 5814 5816 5817
f 5816 5818 5819
f 5818 5820 5821
f 5820 5822 5823
f 5822 5824 5825
f 5824 5826 5827
f 5826 5828 5829
f 5828 5830 5831
f 5830 5832 5833
f 5832 5834 5835
f 5834 5836 5837
f 5836 5838 5839
f 5838 5840 5841
f 5840 5842 5843
f 5842 5844 5845
f 5844 5846 5847
f 5846 5848 5849
f 5848 5850 5851
f 5850 5852 5853
f 5852 5854 5855
f 5854 5856 5857
f 5856 5858 5859
f 5858 5860 5861
f 5860 5862 5863
f 5862 5864 5865
f 5864 5866 5867
f 5866 5868 5869
f 5868 5870 5871
f 5870 5872 5873
f 5872 5874 5875
f 5874 5876 5877
f 5876 5878 5879
f 5878 5880 5881
f 5880 5882 5883
f 5882 5884 5885
f 5884 5886 5887
f 5886 5888 5889
f 5888 5890 5891
f 5890 5892 5893
f 5892 5894 5895
f 5894 5896 5897
f 5896 5898 5899
f 5898 5900 5901
f 5900 5902 5903
f 5902 5904 5905
f 5904 5906 5907
f 5906 5908 5909
f 5908 5910 5911
f 5910 5912 5913
f 5912 5914 5915
f 5914 5916 5917
f 5916 5918 5919
f 5918 5920 5921
f 5920 5922 5923
f 5922 5924 5925
f 5924 5926 5927
f 5926 5928 5929
f 5928 5930 5931
f 5930 5932 5933
f 5932 5934 5935
f 5934 5936 5937
f 5936 5938 5939
f 5938 5940 5941
f 5940 5942 5943
f 5942 5944 5945
f 5944 5946 5947
f 5946 5948 5949
f 5948 5950 5951
f 5950 5952 5953
f 5952 5954 5955
f 5954 5956 5957
f 5956 5958 5959
f 5958 5960 5961
f 5960 5962 5963
f 5962 5964 5965
f 5964 5966 5967
f 5966 5968 5969
f 5968 5970 5971
f 5970 5972 5973
f 5972 5974 5975
f 5974 5976 5977
f 5976 5978 5979
f 5978 5980 5981
f 5980 5982 5983
f 5982 5984 5985
f 5984 5986 5987
f 5986 5988 5989
f 5988 5990 5991
f 5990 5992 5993
f 5992 5994 5995
f 5994 5996 5997
f 5996 5998 5999
f 5998 6000 6001
f 6000 6002 6003
f 6002 6004 6005
f 6004 6006 6007
f 6006 6008 6009
f 6008 6010 6011
f 6010 6012 6013
f 6012 6014 6015
f 6014 6016 6017
f 6016 6018 6019
f 6018 6020 6021
f 6020 6022 6023
f 6022 6024 6025
f 6024 6026 6027
f 6026 6028 6029
f 6028 6030 6031
f 6030 6032 6033
f 6032 6034 6035
f 6034 6036 6037
f 6036 6038 6039
f 6038 6040 6041
f 6040 6042 6043
f 6042 6044 6045
f 6044 6046 6047
f 6046 6048 6049
f 6048 6050 6051
f 6050 6052 6053
f 6052 6054 6055
f 6054 6056 6057
f 6056 6058 6059
f 6058 6060 6061
f 6060 6062 6063
f 6062 6064 6065
f 6064 6066 6067
f 6066 6068 6069
f 6068 6070 6071
f 6070 6072 6073
f 6072 6074 6075
f 6074 6076 6077
f 6076 6078 6079
f 6078 6080 6081
f 6080 6082 6083
f 6082 6084 6085
f 6084 6086 6087
f 6086 6088 6089
f 6088 6090 6091
f 6090 6092 6093
f 6092 6094 6095
f 6094 6096 6097
f 6096 6098 6099
f 6098 6100 6101
f 6100 6102 6103
f 6102 6104 6105
f 6104 6106 6107
f 6106 6108 6109
f 6108 6110 6111
f 6110 6112 6113
f 6112 6114 6115
f 6114 6116 6117
f 6116 6118 6119
f 6118 6120 6121
f 6120 6122 6123
f 6122 6124 6125
f 6124 6126 6127
f 6126 6128 6129
f 6128 6130 6131
f 6130 6132 6133
f 6132 6134 6135
f 6134 6136 6137
f 6136 6138 6139
f 6138 6140 6141
f 6140 6142 6143
f 6142 6144 6145
f 6144 6146 6147
f 6146 6148 6149
f 6148 6150 6151
f 6150 6152 6153
f 6152 6154 6155
f 6154 6156 6157
f 6156 6158 6159
f 6158 6160 6161
f 6160 6162 6163
f 6162 6164 6165
f 6164 6166 6167
f 6166 6168 6169
f 6168 6170 6171
f 6170 6172 6173
f 6172 6174 6175
f 6174 6176 6177
f 6176 6178 6179
f 6178 6180 6181
f 6180 6182 6183
f 6182 6184 6185
f 6184 6186 6187
f 6186 6188 6189
f 6188 6190 6191
f 6190 6192 6193
f 6192 6194 6195
f 6194 6196 6197
f 6196 6198 6199
f 6198 6200 6201
f 6200 6202 6203
f 6202 6204 6205
f 6204 6206 6207
f 6206 6208 6209
f 6208 6210 6211
f 6210 6212 6213
f 6212 6214 6215
f 6214 6216 6217
f 6216 6218 6219
f 6218 6220 6221
f 6220 6222 6223
f 6222 6224 6225
f 6224 6226 6227
f 6226 6228 6229
f 6228 6230 6231
f 6230 6232 6233
f 6232 6234 6235
f 6234 6236 6237
f 6236 6238 6239
f 6238 6240 6241
f 6240 6242 6243
f 6242 6244 6245
f 6244 6246 6247
f 6246 6248 6249
f 6248 6250 6251
f 6250 6252 6253
f 6252 6254 6255
f 6254 6256 6257
f 6256 6258 6259
f 6258 6260 6261
f 6260 6262 6263
f 6262 6264 6265
f 6264 6266 6267
f 6266 6268 6269
f 6268 6270 6271
f 6270 6272 6273
f 6272 6274 6275
f 6274 6276 6277
f 6276 6278 6279
f 6278 6280 6281
f 6280 6282 6283
f 6282 6284 6285
f 6284 6286 6287
f 6286 6288 6289
f 6288 6290 6291
f 6290 6292 6293
f 6292 6294 6295
f 6294 6296 6297
f 6296 6298 6299
f 6298 6300 6301
f 6300 6302 6303
f 6302 6304 6305
f 6304 6306 6307
f 6306 6308 6309
f 6308 6310 6311
f 6310 6312 6313
f 6312 6314 6315
f 6314 6316 6317
f 6316 6318 6319
f 6318 6320 6321
f 6320 6322 6323
f 6322 6324 6325
f 6324 6326 6327
f 6326 6328 6329
f 6328 6330 6331
f 6330 6332 6333
f 6332 6334 6335
f 6334 6336 6337
f 6336 6338 6339
f 6338 6340 6341
f 6340 6342 6343
f 6342 6344 6345
f 6344 6346 6347
f 6346 6348 6349
f 6348 6350 6351
f 6350 6352 6353
f 6352 6354 6355
f 6354 6356 6357
f 6356 6358 6359
f 6358 6360 6361
f 6360 6362 6363
f 6362 6364 6365
f 6364 6366 6367
f 6366 6368 6369
f 6368 6370 6371
f 6370 6372 6373
f 6372 6374 6375
f 6374 6376 6377
f 6376 6378 6379
f 6378 6380 6381
f 6380 6382 6383
f 6382 6384 6385
f 6384 6386 6387
f 6386 6388 6389
f 6388 6390 6391
f 6390 6392 6393
f 6392 6394 6395
f 6394 6396 6397
f 6396 6398 6399
f 6398 6400 6401
f 6400 6402 6403
f 6402 6404 6405
f 6404 6406 6407
f 6406 6408 6409
f 6408 6410 6411
f 6410 6412 6413
f 6412 6414 6415
f 6414 6416 6417
f 6416 6418 6419
f 6418 6420 6421
f 6420 6422 6423
f 6422 6424 6425
f 6424 6426 6427
f 6426 6428 6429
f 6428 6430 6431
f 6430 6432 6433
f 6432 6434 6435
f 6434 6436 6437
f 6436 6438 6439
f 6438 6440 6441
f 6440 6442 6443
f 6442 6444 6445
f 6444 6446 6447
f 6446 6448 6449
f 6448 6450 6451
f 6450 6452 6453
f 6452 6454 6455
f 6454 6456 6457
f 6456 6458 6459
f 6458 6460 6461
f 6460 6462 6463
f 6462 6464 6465
f 6464 6466 6467
f 6466 6468 6469
f 6468 6470 6471
f 6470 6472 6473
f 6472 6474 6475
f 6474 6476 6477
f 6476 6478 6479
f 6478 6480 6481
f 6480 6482 6483
f 6482 6484 6485
f 6484 6486 6487
f 6486 6488 6489
f 6488 6490 6491
f 6490 6492 6493
f 6492 6494 6495
f 6494 6496 6497
f 6496 6498 6499
f 6498 6500 6501
f 6500 6502 6503
f 6502 6504 6505
f 6504 6506 6507
f 6506 6508 6509
f 6508 6510 6511
f 6510 5793 6512

o Shape_45
usemtl material_1
f 6513 6514 6515
f 6514 6516 6517
f 6516 6518 6519
f 6518 6520 6521
f 6520 6522 6523
f 6522 6524 6525
f 6524 6526 6527
f 6526 6528 6529
f 6528 6530 6531
f 6530 6532 6533
f 6532 6534 6535
f 6534 6536 6537
f 6536 6538 6539
f 6538 6540 6541
f 6540 6542 6543
f 6542 6544 6545
f 6544 6546 6547
f 6546 6548 6549
f 6548 6550 6551
f 6550 6552 6553
f 6552 6554 6555
f 6554 6556 6557
f 6556 6558 6559
f 6558 6560 6561
f 6560 6562 6563
f 6562 6564 6565
f 6564 6566 6567
f 6566 6568 6569
f 6568 6570 6571
f 6570 6572 6573
f 6572 6574 6575
f 6574 6576 6577
f 6576 6578 6579
f 6578 6580 6581
f 6580 6582 6583
f 6582 6584 6585
f 6584 6586 6587
f 6586 6588 6589
f 6588 6590 6591
f 6590 6592 6593
f 6592 6594 6595
f 6594 6596 6597
f 6596 6598 6599
f 6598 6600 6601
f 6600 6602 6603
f 6602 6604 6605
f 6604 6606 6607
f 6606 6608 6609
f 6608 6610 6611
f 6610 6612 6613
f 6612 6614 6615
f 6614 6616 6617
f 6616 6618 6619
f 6618 6620 6621
f 6620 6622 6623
f 6622 6624 6625
f 6624 6626 6627
f 6626 6628 6629
f 6628 6630 6631
f 6630 6632 6633
f 6632 6634 6635
f 6634 6636 6637
f 6636 6638 6639
f 6638 6640 6641
f 6640 6642 6643
f 6642 6644 6645
f 6644 6646 6647
f 6646 6648 6649
f 6648 6650 6651
f 6650 6652 6653
f 6652 6654 6655
f 6654 6656 6657
f 6656 6658 6659
f 6658 6660 6661
f 6660 6662 6663
f 6662 6664 6665
f 6664 6666 6667
f 6666 6668 6669
f 6668 6670 6671
f 6670 6672 6673
f 6672 6674 6675
f 6674 6676 6677
f 6676 6678 6679
f 6678 6680 6681
f 6680 6682 6683
f 6682 6684 6685
f 6684 6686 6687
f 6686 6688 6689
f 6688 6690 6691
f 6690 6692 6693
f 6692 6694 6695
f 6694 6696 6697
f 6696 6698 6699
f 6698 6700 6701
f 6700 6702 6703
f 6702 6704 6705
f 6704 6706 6707
f 6706 6708 6709
f 6708 6710 6711
f 6710 6712 6713
f 6712 6714 6715
f 6714 6716 6717
f 6716 6718 6719
f 6718 6720 6721
f 6720 6722 6723
f 6722 6724 6725
f 6724 6726 6727
f 6726 6728 6729
f 6728 6730 6731
f 6730 6732 6733
f 6732 6734 6735
f 6734 6736 6737
f 6736 6738 6739
f 6738 6740 6741
f 6740 6742 6743
f 6742 6744 6745
f 6744 6746 6747
f 6746 6748 6749
f 6748 6750 6751
f 6750 6752 6753
f 6752 6754 6755
f 6754 6756 6757
f 6756 6758 6759
f 6758 6760 6761
f 6760 6762 6763
f 6762 6764 6765
f 6764 6766 6767
f 6766 6768 6769
f 6768 6770 6771
f 6770 6772 6773
f 6772 6774 6775
f 6774 6776 6777
f 6776 6778 6779
f 6778 6780 6781
f 6780 6782 6783
f 6782 6784 6785
f 6784 6786 6787
f 6786 6788 6789
f 6788 6790 6791
f 6790 6792 6793
f 6792 6794 6795
f 6794 6796 6797
f 6796 6798 6799
f 6798 6800 6801
f 6800 6802 6803
f 6802 6804 6805
f 6804 6806 6807
f 6806 6808 6809
f 6808 6810 6811
f 6810 6812 6813
f 6812 6814 6815
f 6814 6816 6817
f 6816 6818 6819
f 6818 6820 6821
f 6820 6822 6823
f 6822 6824 6825
f 6824 6826 6827
f 6826 6828 6829
f 6828 6830 6831
f 6830 6832 6833
f 6832 6834 6835
f 6834 6836 6837
f 6836 6838 6839
f 6838 6840 6841
f 6840 6842 6843
f 6842 6844 6845
f 6844 6846 6847
f 6846 6848 6849
f 6848 6850 6851
f 6850 6852 6853
f 6852 6854 6855
f 6854 6856 6857
f 6856 6858 6859
f 6858 6860 6861
f 6860 6862 6863
f 6862 6864 6865
f 6864 6866 6867
f 6866 6868 6869
f 6868 6870 6871
f 6870 6872 6873
f 6872 6874 6875
f 6874 6876 6877
f 6876 6878 6879
f 6878 6880 6881
f 6880 6882 6883
f 6882 6884 6885
f 6884 6886 6887
f 6886 6888 6889
f 6888 6890 6891
f 6890 6892 6893
f 6892 6894 6895
f 6894 6896 6897
f 6896 6898 6899
f 6898 6900 6901
f 6900 6902 6903
f 6902 6904 6905
f 6904 6906 6907
f 6906 6908 6909
f 6908 6910 6911
f 6910 6912 6913
f 6912 6914 6915
f 6914 6916 6917
f 6916 6918 6919
f 6918 6920 6921
f 6920 6922 6923
f 6922 6924 6925
f 6924 6926 6927
f 6926 6928 6929
f 6928 6930 6931
f 6930 6932 6933
f 6932 6934 6935
f 6934 6936 6937
f 6936 6938 6939
f 6938 6940 6941
f 6940 6942 6943
f 6942 6944 6945
f 6944 6946 6947
f 6946 6948 6949
f 6948 6950 6951
f 6950 6952 6953
f 6952 6954 6955
f 6954 6956 6957
f 6956 6958 6959
f 6958 6960 6961
f 6960 6962 6963
f 6962 6964 6965
f 6964 6966 6967
f 6966 6968 6969
f 6968 6970 6971
f 6970 6972 6973
f 6972 6974 6975
f 6974 6976 6977
f 6976 6978 6979
f 6978 6980 6981
f 6980 6982 6983
f 6982 6984 6985
f 6984 6986 6987
f 6986 6988 6989
f 6988 6990 6991
f 6990 6992 6993
f 6992 6994 6995
f 6994 6996 6997
f 6996 6998 6999
f 6998 7000 7001
f 7000 7002 7003
f 7002 7004 7005
f 7004 7006 7007
f 7006 7008 7009
f 7008 7010 7011
f 7010 7012 7013
f 7012 7014 7015
f 7014 7016 7017
f 7016 7018 7019
f 7018 7020 7021
f 7020 7022 7023
f 7022 7024 7025
f 7024 7026 7027
f 7026 7028 7029
f 7028 7030 7031
f 7030 7032 7033
f 7032 7034 7035
f 7034 7036 7037
f 7036 7038 7039
f 7038 7040 7041
f 7040 7042 7043
f 7042 7044 7045
f 7044 7046 7047
f 7046 7048 7049
f 7048 7050 7051
f 7050 7052 7053
f 7052 7054 7055
f 7054 7056 7057
f 7056 7058 7059
f 7058 7060 7061
f 7060 7062 7063
f 7062 7064 7065
f 7064 7066 7067
f 7066 7068 7069
f 7068 7070 7071
f 7070 7072 7073
f 7072 7074 7075
f 7074 7076 7077
f 7076 7078 7079
f 7078 7080 7081
f 7080 7082 7083
f 7082 7084 7085
f 7084 7086 7087
f 7086 7088 7089
f 7088 7090 7091
f 7090 7092 7093
f 7092 7094 7095
f 7094 7096 7097
f 7096 7098 7099
f 7098 7100 7101
f 7100 7102 7103
f 7102 7104 7105
f 7104 7106 7107
f 7106 7108 7109
f 7108 7110 7111
f 7110 7112 7113
f 7112 7114 7115
f 7114 7116 7117
f 7116 7118 7119
f 7118 7120 7121
f 7120 7122 7123
f 7122 7124 7125
f 7124 7126 7127
f 7126 7128 7129
f 7128 7130 7131
f 7130 7132 7133
f 7132 7134 7135
f 7134 7136 7137
f 7136 7138 7139
f 7138 7140 7141
f 7140 7142 7143
f 7142 7144 7145
f 7144 7146 7147
f 7146 7148 7149
f 7148 7150 7151
f 7150 7152 7153
f 7152 7154 7155
f 7154 7156 7157
f 7156 7158 7159
f 7158 7160 7161
f 7160 7162 7163
f 7162 7164 7165
f 7164 7166 7167
f 7166 7168 7169
f 7168 7170 7171
f 7170 7172 7173
f 7172 7174 7175
f 7174 7176 7177
f 7176 7178 7179
f 7178 7180 7181
f 7180 7182 7183
f 7182 7184 7185
f 7184 7186 7187
f 7186 7188 7189
f 7188 7190 7191
f 7190 7192 7193
f 7192 7194 7195
f 7194 7196 7197
f 7196 7198 7199
f 7198 7200 7201
f 7200 7202 7203
f 7202 7204 7205
f 7204 7206 7207
f 7206 7208 7209
f 7208 7210 7211
f 7210 7212 7213
f 7212 7214 7215
f 7214 7216 7217
f 7216 7218 7219
f 7218 7220 7221
f 7220 7222 7223
f 7222 7224 7225
f 7224 7226 7227
f 7226 7228 7229
f 7228 7230 7231
f 7230 6513 7232

o Shape_46
usemtl material_1
f 5793 6513 7233
f 5793 6513 7233

o Shape_47
usemtl material_1
f 6422 6602 7234
f 6422 6602 7234

o Shape_48
usemtl material_1
f 6332 6692 7235
f 6332 6692 7235

o Shape_49
usemtl material_1
f 6242 6782 7236
f 6242 6782 7236

o Shape_50
usemtl material_1
f 6152 6872 7237
f 6152 6872 7237

o Shape_51
usemtl material_1
f 6062 6962 7238
f 6062 6962 7238

o Shape_52
usemtl material_1
f 5972 7052 7239
f 5972 7052 7239

o Shape_53
usemtl material_1
f 5882 7142 7240
f 5882 7142 7240

o Shape_54
usemtl material_1
f 5793 6513 7233
f 5793 6513 7233

o Shape_55
usemtl material_1
f 7241 7242 7243
f 7242 7244 7245
f 7244 7246 7247
f 7246 7248 7249
f 7248 7250 7251
f 7250 7252 7253
f 7252 7254 7255
f 7254 7256 7257
f 7256 7258 7259
f 7258 7260 7261
f 7260 7262 7263
f 7262 7264 7265
f 7264 7266 7267
f 7266 7268 7269
f 7268 7270 7271
f 7270 7272 7273
f 7272 7274 7275
f 7274 7276 7277
f 7276 7278 7279
f 7278 7280 7281
f 7280 7282 7283
f 7282 7284 7285
f 7284 7286 7287
f 7286 7288 7289
f 7288 7290 7291
f 7290 7292 7293
f 7292 7294 7295
f 7294 7296 7297
f 7296 7298 7299
f 7298 7300 7301
f 7300 7302 7303
f 7302 7304 7305
f 7304 7306 7307
f 7306 7308 7309
f 7308 7310 7311
f 7310 7312 7313
f 7312 7314 7315
f 7314 7316 7317
f 7316 7318 7319
f 7318 7320 7321
f 7320 7322 7323
f 7322 7324 7325
f 7324 7326 7327
f 7326 7328 7329
f 7328 7330 7331
f 7330 7332 7333
f 7332 7334 7335
f 7334 7336 7337
f 7336 7338 7339
f 7338 7340 7341
f 7340 7342 7343
f 7342 7344 7345
f 7344 7346 7347
f 7346 7348 7349
f 7348 7350 7351
f 7350 7352 7353
f 7352 7354 7355
f 7354 7356 7357
f 7356 7358 7359
f 7358 7360 7361
f 7360 7362 7363
f 7362 7364 7365
f 7364 7366 7367
f 7366 7368 7369
f 7368 7370 7371
f 7370 7372 7373
f 7372 7374 7375
f 7374 7376 7377
f 7376 7378 7379
f 7378 7380 7381
f 7380 7382 7383
f 7382 7384 7385
f 7384 7386 7387
f 7386 7388 7389
f 7388 7390 7391
f 7390 7392 7393
f 7392 7394 7395
f 7394 7396 7397
f 7396 7398 7399
f 7398 7400 7401
f 7400 7402 7403
f 7402 7404 7405
f 7404 7406 7407
f 7406 7408 7409
f 7408 7410 7411
f 7410 7412 7413
f 7412 7414 7415
f 7414 7416 7417
f 7416 7418 7419
f 7418 7420 7421
f 7420 7422 7423
f 7422 7424 7425
f 7424 7426 7427
f 7426 7428 7429
f 7428 7430 7431
f 7430 7432 7433
f 7432 7434 7435
f 7434 7436 7437
f 7436 7438 7439
f 7438 7440 7441
f 7440 7442 7443
f 7442 7444 7445
f 7444 7446 7447
f 7446 7448 7449
f 7448 7450 7451
f 7450 7452 7453
f 7452 7454 7455
f 7454 7456 7457
f 7456 7458 7459
f 7458 7460 7461
f 7460 7462 7463
f 7462 7464 7465
f 7464 7466 7467
f 7466 7468 7469
f 7468 7470 7471
f 7470 7472 7473
f 7472 7474 7475
f 7474 7476 7477
f 7476 7478 7479
f 7478 7480 7481
f 7480 7482 7483
f 7482 7484 7485
f 7484 7486 7487
f 7486 7488 7489
f 7488 7490 7491
f 7490 7492 7493
f 7492 7494 7495
f 7494 7496 7497
f 7496 7498 7499
f 7498 7500 7501
f 7500 7502 7503
f 7502 7504 7505
f 7504 7506 7507
f 7506 7508 7509
f 7508 7510 7511
f 7510 7512 7513
f 7512 7514 7515
f 7514 7516 7517
f 7516 7518 7519
f 7518 7520 7521
f 7520 7522 7523
f 7522 7524 7525
f 7524 7526 7527
f 7526 7528 7529
f 7528 7530 7531
f 7530 7532 7533
f 7532 7534 7535
f 7534 7536 7537
f 7536 7538 7539
f 7538 7540 7541
f 7540 7542 7543
f 7542 7544 7545
f 7544 7546 7547
f 7546 7548 7549
f 7548 7550 7551
f 7550 7552 7553
f 7552 7554 7555
f 7554 7556 7557
f 7556 7558 7559
f 7558 7560 7561
f 7560 7562 7563
f 7562 7564 7565
f 7564 7566 7567
f 7566 7568 7569
f 7568 7570 7571
f 7570 7572 7573
f 7572 7574 7575
f 7574 7576 7577
f 7576 7578 7579
f 7578 7580 7581
f 7580 7582 7583
f 7582 7584 7585
f 7584 7586 7587
f 7586 7588 7589
f 7588 7590 7591
f 7590 7592 7593
f 7592 7594 7595
f 7594 7596 7597
f 7596 7598 7599
f 7598 7600 7601
f 7600 7602 7603
f 7602 7604 7605
f 7604 7606 7607
f 7606 7608 7609
f 7608 7610 7611
f 7610 7612 7613
f 7612 7614 7615
f 7614 7616 7617
f 7616 7618 7619
f 7618 7620 7621
f 7620 7622 7623
f 7622 7624 7625
f 7624 7626 7627
f 7626 7628 7629
f 7628 7630 7631
f 7630 7632 7633
f 7632 7634 7635
f 7634 7636 7637
f 7636 7638 7639
f 7638 7640 7641
f 7640 7642 7643
f 7642 7644 7645
f 7644 7646 7647
f 7646 7648 7649
f 7648 7650 7651
f 7650 7652 7653
f 7652 7654 7655
f 7654 7656 7657
f 7656 7658 7659
f 7658 7660 7661
f 7660 7662 7663
f 7662 7664 7665
f 7664 7666 7667
f 7666 7668 7669
f 7668 7670 7671
f 7670 7672 7673
f 7672 7674 7675
f 7674 7676 7677
f 7676 7678 7679
f 7678 7680 7681
f 7680 7682 7683
f 7682 7684 7685
f 7684 7686 7687
f 7686 7688 7689
f 7688 7690 7691
f 7690 7692 7693
f 7692 7694 7695
f 7694 7696 7697
f 7696 7698 7699
f 7698 7700 7701
f 7700 7702 7703
f 7702 7704 7705
f 7704 7706 7707
f 7706 7708 7709
f 7708 7710 7711
f 7710 7712 7713
f 7712 7714 7715
f 7714 7716 7717
f 7716 7718 7719
f 7718 7720 7721
f 7720 7722 7723
f 7722 7724 7725
f 7724 7726 7727
f 7726 7728 7729
f 7728 7730 7731
f 7730 7732 7733
f 7732 7734 7735
f 7734 7736 7737
f 7736 7738 7739
f 7738 7740 7741
f 7740 7742 7743
f 7742 7744 7745
f 7744 7746 7747
f 7746 7748 7749
f 7748 7750 7751
f 7750 7752 7753
f 7752 7754 7755
f 7754 7756 7757
f 7756 7758 7759
f 7758 7760 7761
f 7760 7762 7763
f 7762 7764 7765
f 7764 7766 7767
f 7766 7768 7769
f 7768 7770 7771
f 7770 7772 7773
f 7772 7774 7775
f 7774 7776 7777
f 7776 7778 7779
f 7778 7780 7781
f 7780 7782 7783
f 7782 7784 7785
f 7784 7786 7787
f 7786 7788 7789
f 7788 7790 7791
f 7790 7792 7793
f 7792 7794 7795
f 7794 7796 7797
f 7796 7798 7799
f 7798 7800 7801
f 7800 7802 7803
f 7802 7804 7805
f 7804 7806 7807
f 7806 7808 7809
f 7808 7810 7811
f 7810 7812 7813
f 7812 7814 7815
f 7814 7816 7817
f 7816 7818 7819
f 7818 7820 7821
f 7820 7822 7823
f 7822 7824 7825
f 7824 7826 7827
f 7826 7828 7829
f 7828 7830 7831
f 7830 7832 7833
f 7832 7834 7835
f 7834 7836 7837
f 7836 7838 7839
f 7838 7840 7841
f 7840 7842 7843
f 7842 7844 7845
f 7844 7846 7847
f 7846 7848 7849
f 7848 7850 7851
f 7850 7852 7853
f 7852 7854 7855
f 7854 7856 7857
f 7856 7858 7859
f 7858 7860 7861
f 7860 7862 7863
f 7862 7864 7865
f 7864 7866 7867
f 7866 7868 7869
f 7868 7870 7871
f 7870 7872 7873
f 7872 7874 7875
f 7874 7876 7877
f 7876 7878 7879
f 7878 7880 7881
f 7880 7882 7883
f 7882 7884 7885
f 7884 7886 7887
f 7886 7888 7889
f 7888 7890 7891
f 7890 7892 7893
f 7892 7894 7895
f 7894 7896 7897
f 7896 7898 7899
f 7898 7900 7901
f 7900 7902 7903
f 7902 7904 7905
f 7904 7906 7907
f 7906 7908 7909
f 7908 7910 7911
f 7910 7912 7913
f 7912 7914 7915
f 7914 7916 7917
f 7916 7918 7919
f 7918 7920 7921
f 7920 7922 7923
f 7922 7924 7925
f 7924 7926 7927
f 7926 7928 7929
f 7928 7930 7931
f 7930 7932 7933
f 7932 7934 7935
f 7934 7936 7937
f 7936 7938 7939
f 7938 7940 7941
f 7940 7942 7943
f 7942 7944 7945
f 7944 7946 7947
f 7946 7948 7949
f 7948 7950 7951
f 7950 7952 7953
f 7952 7954 7955
f 7954 7956 7957
f 7956 7958 7959
f 7958 7241 7960

o Shape_56
usemtl material_1
f 7961 7962 7963
f 7962 7964 7965
f 7964 7966 7967
f 7966 7968 7969
f 7968 7970 7971
f 7970 7972 7973
f 7972 7974 7975
f 7974 7976 7977
f 7976 7978 7979
f 7978 7980 7981
f 7980 7982 7983
f 7982 7984 7985
f 7984 7986 7987
f 7986 7988 7989
f 7988 7990 7991
f 7990 7992 7993
f 7992 7994 7995
f 7994 7996 7997
f 7996 7998 7999
f 7998 8000 8001
f 8000 8002 8003
f 8002 8004 8005
f 8004 8006 8007
f 8006 8008 8009
f 8008 8010 8011
f 8010 8012 8013
f 8012 8014 8015
f 8014 8016 8017
f 8016 8018 8019
f 8018 8020 8021
f 8020 8022 8023
f 8022 8024 8025
f 8024 8026 8027
f 8026 8028 8029
f 8028 8030 8031
f 8030 8032 8033
f 8032 8034 8035
f 8034 8036 8037
f 8036 8038 8039
f 8038 8040 8041
f 8040 8042 8043
f 8042 8044 8045
f 8044 8046 8047
f 8046 8048 8049
f 8048 8050 8051
f 8050 8052 8053
f 8052 8054 8055
f 8054 8056 8057
f 8056 8058 8059
f 8058 8060 8061
f 8060 8062 8063
f 8062 8064 8065
f 8064 8066 8067
f 8066 8068 8069
f 8068 8070 8071
f 8070 8072 8073
f 8072 8074 8075
f 8074 8076 8077
f 8076 8078 8079
f 8078 8080 8081
f 8080 8082 8083
f 8082 8084 8085
f 8084 8086 8087
f 8086 8088 8089
f 8088 8090 8091
f 8090 8092 8093
f 8092 8094 8095
f 8094 8096 8097
f 8096 8098 8099
f 8098 8100 8101
f 8100 8102 8103
f 8102 8104 8105
f 8104 8106 8107
f 8106 8108 8109
f 8108 8110 8111
f 8110 8112 8113
f 8112 8114 8115
f 8114 8116 8117
f 8116 8118 8119
f 8118 8120 8121
f 8120 8122 8123
f 8122 8124 8125
f 8124 8126 8127
f 8126 8128 8129
f 8128 8130 8131
f 8130 8132 8133
f 8132 8134 8135
f 8134 8136 8137
f 8136 8138 8139
f 8138 8140 8141
f 8140 8142 8143
f 8142 8144 8145
f 8144 8146 8147
f 8146 8148 8149
f 8148 8150 8151
f 8150 8152 8153
f 8152 8154 8155
f 8154 8156 8157
f 8156 8158 8159
f 8158 8160 8161
f 8160 8162 8163
f 8162 8164 8165
f 8164 8166 8167
f 8166 8168 8169
f 8168 8170 8171
f 8170 8172 8173
f 8172 8174 8175
f 8174 8176 8177
f 8176 8178 8179
f 8178 8180 8181
f 8180 8182 8183
f 8182 8184 8185
f 8184 8186 8187
f 8186 8188 8189
f 8188 8190 8191
f 8190 8192 8193
f 8192 8194 8195
f 8194 8196 8197
f 8196 8198 8199
f 8198 8200 8201
f 8200 8202 8203
f 8202 8204 8205
f 8204 8206 8207
f 8206 8208 8209
f 8208 8210 8211
f 8210 8212 8213
f 8212 8214 8215
f 8214 8216 8217
f 8216 8218 8219
f 8218 8220 8221
f 8220 8222 8223
f 8222 8224 8225
f 8224 8226 8227
f 8226 8228 8229
f 8228 8230 8231
f 8230 8232 8233
f 8232 8234 8235
f 8234 8236 8237
f 8236 8238 8239
f 8238 8240 8241
f 8240 8242 8243
f 8242 8244 8245
f 8244 8246 8247
f 8246 8248 8249
f 8248 8250 8251
f 8250 8252 8253
f 8252 8254 8255
f 8254 8256 8257
f 8256 8258 8259
f 8258 8260 8261
f 8260 8262 8263
f 8262 8264 8265
f 8264 8266 8267
f 8266 8268 8269
f 8268 8270 8271
f 8270 8272 8273
f 8272 8274 8275
f 8274 8276 8277
f 8276 8278 8279
f 8278 8280 8281
f 8280 8282 8283
f 8282 8284 8285
f 8284 8286 8287
f 8286 8288 8289
f 8288 8290 8291
f 8290 8292 8293
f 8292 8294 8295
f 8294 8296 8297
f 8296 8298 8299
f 8298 8300 8301
f 8300 8302 8303
f 8302 8304 8305
f 8304 8306 8307
f 8306 8308 8309
f 8308 8310 8311
f 8310 8312 8313
f 8312 8314 8315
f 8314 8316 8317
f 8316 8318 8319
f 8318 8320 8321
f 8320 8322 8323
f 8322 8324 8325
f 8324 8326 8327
f 8326 8328 8329
f 8328 8330 8331
f 8330 8332 8333
f 8332 8334 8335
f 8334 8336 8337
f 8336 8338 8339
f 8338 8340 8341
f 8340 8342 8343
f 8342 8344 8345
f 8344 8346 8347
f 8346 8348 8349
f 8348 8350 8351
f 8350 8352 8353
f 8352 8354 8355
f 8354 8356 8357
f 8356 8358 8359
f 8358 8360 8361
f 8360 8362 8363
f 8362 8364 8365
f 8364 8366 8367
f 8366 8368 8369
f 8368 8370 8371
f 8370 8372 8373
f 8372 8374 8375
f 8374 8376 8377
f 8376 8378 8379
f 8378 8380 8381
f 8380 8382 8383
f 8382 8384 8385
f 8384 8386 8387
f 8386 8388 8389
f 8388 8390 8391
f 8390 8392 8393
f 8392 8394 8395
f 8394 8396 8397
f 8396 8398 8399
f 8398 8400 8401
f 8400 8402 8403
f 8402 8404 8405
f 8404 8406 8407
f 8406 8408 8409
f 8408 8410 8411
f 8410 8412 8413
f 8412 8414 8415
f 8414 8416 8417
f 8416 8418 8419
f 8418 8420 8421
f 8420 8422 8423
f 8422 8424 8425
f 8424 8426 8427
f 8426 8428 8429
f 8428 8430 8431
f 8430 8432 8433
f 8432 8434 8435
f 8434 8436 8437
f 8436 8438 8439
f 8438 8440 8441
f 8440 8442 8443
f 8442 8444 8445
f 8444 8446 8447
f 8446 8448 8449
f 8448 8450 8451
f 8450 8452 8453
f 8452 8454 8455
f 8454 8456 8457
f 8456 8458 8459
f 8458 8460 8461
f 8460 8462 8463
f 8462 8464 8465
f 8464 8466 8467
f 8466 8468 8469
f 8468 8470 8471
f 8470 8472 8473
f 8472 8474 8475
f 8474 8476 8477
f 8476 8478 8479
f 8478 8480 8481
f 8480 8482 8483
f 8482 8484 8485
f 8484 8486 8487
f 8486 8488 8489
f 8488 8490 8491
f 8490 8492 8493
f 8492 8494 8495
f 8494 8496 8497
f 8496 8498 8499
f 8498 8500 8501
f 8500 8502 8503
f 8502 8504 8505
f 8504 8506 8507
f 8506 8508 8509
f 8508 8510 8511
f 8510 8512 8513
f 8512 8514 8515
f 8514 8516 8517
f 8516 8518 8519
f 8518 8520 8521
f 8520 8522 8523
f 8522 8524 8525
f 8524 8526 8527
f 8526 8528 8529
f 8528 8530 8531
f 8530 8532 8533
f 8532 8534 8535
f 8534 8536 8537
f 8536 8538 8539
f 8538 8540 8541
f 8540 8542 8543
f 8542 8544 8545
f 8544 8546 8547
f 8546 8548 8549
f 8548 8550 8551
f 8550 8552 8553
f 8552 8554 8555
f 8554 8556 8557
f 8556 8558 8559
f 8558 8560 8561
f 8560 8562 8563
f 8562 8564 8565
f 8564 8566 8567
f 8566 8568 8569
f 8568 8570 8571
f 8570 8572 8573
f 8572 8574 8575
f 8574 8576 8577
f 8576 8578 8579
f 8578 8580 8581
f 8580 8582 8583
f 8582 8584 8585
f 8584 8586 8587
f 8586 8588 8589
f 8588 8590 8591
f 8590 8592 8593
f 8592 8594 8595
f 8594 8596 8597
f 8596 8598 8599
f 8598 8600 8601
f 8600 8602 8603
f 8602 8604 8605
f 8604 8606 8607
f 8606 8608 8609
f 8608 8610 8611
f 8610 8612 8613
f 8612 8614 8615
f 8614 8616 8617
f 8616 8618 8619
f 8618 8620 8621
f 8620 8622 8623
f 8622 8624 8625
f 8624 8626 8627
f 8626 8628 8629
f 8628 8630 8631
f 8630 8632 8633
f 8632 8634 8635
f 8634 8636 8637
f 8636 8638 8639
f 8638 8640 8641
f 8640 8642 8643
f 8642 8644 8645
f 8644 8646 8647
f 8646 8648 8649
f 8648 8650 8651
f 8650 8652 8653
f 8652 8654 8655
f 8654 8656 8657
f 8656 8658 8659
f 8658 8660 8661
f 8660 8662 8663
f 8662 8664 8665
f 8664 8666 8667
f 8666 8668 8669
f 8668 8670 8671
f 8670 8672 8673
f 8672 8674 8675
f 8674 8676 8677
f 8676 8678 8679
f 8678 7961 8680

o Shape_57
usemtl material_1
f 7241 7961 8681
f 7241 7961 8681

o Shape_58
usemtl material_1
f 7870 8050 8682
f 7870 8050 8682

o Shape_59
usemtl material_1
f 7780 8140 8683
f 7780 8140 8683

o Shape_60
usemtl material_1
f 7690 8230 8684
f 7690 8230 8684

o Shape_61
usemtl material_1
f 7600 8320 8685
f 7600 8320 8685

o Shape_62
usemtl material_1
f 7510 8410 8686
f 7510 8410 8686

o Shape_63
usemtl material_1
f 7420 8500 8687
f 7420 8500 8687

o Shape_64
usemtl material_1
f 7330 8590 8688
f 7330 8590 8688

o Shape_65
usemtl material_1
f 7241 7961 8681
f 7241 7961 8681

o Shape_66
usemtl material_1
f 8689 8690 8691
f 8690 8692 8693
f 8692 8694 8695
f 8694 8696 8697
f 8696 8698 8699
f 8698 8700 8701
f 8700 8702 8703
f 8702 8704 8705
f 8704 8706 8707
f 8706 8708 8709
f 8708 8710 8711
f 8710 8712 8713
f 8712 8714 8715
f 8714 8716 8717
f 8716 8718 8719
f 8718 8720 8721
f 8720 8722 8723
f 8722 8724 8725
f 8724 8726 8727
f 8726 8728 8729
f 8728 8730 8731
f 8730 8732 8733
f 8732 8734 8735
f 8734 8736 8737
f 8736 8738 8739
f 8738 8740 8741
f 8740 8742 8743
f 8742 8744 8745
f 8744 8746 8747
f 8746 8748 8749
f 8748 8750 8751
f 8750 8752 8753
f 8752 8754 8755
f 8754 8756 8757
f 8756 8758 8759
f 8758 8760 8761
f 8760 8762 8763
f 8762 8764 8765
f 8764 8766 8767
f 8766 8768 8769
f 8768 8770 8771
f 8770 8772 8773
f 8772 8774 8775
f 8774 8776 8777
f 8776 8778 8779
f 8778 8780 8781
f 8780 8782 8783
f 8782 8784 8785
f 8784 8786 8787
f 8786 8788 8789
f 8788 8790 8791
f 8790 8792 8793
f 8792 8794 8795
f 8794 8796 8797
f 8796 8798 8799
f 8798 8800 8801
f 8800 8802 8803
f 8802 8804 8805
f 8804 8806 8807
f 8806 8808 8809
f 8808 8810 8811
f 8810 8812 8813
f 8812 8814 8815
f 8814 8816 8817
f 8816 8818 8819
f 8818 8820 8821
f 8820 8822 8823
f 8822 8824 8825
f 8824 8826 8827
f 8826 8828 8829
f 8828 8830 8831
f 8830 8832 8833
f 8832 8834 8835
f 8834 8836 8837
f 8836 8838 8839
f 8838 8840 8841
f 8840 8842 8843
f 8842 8844 8845
f 8844 8846 8847
f 8846 8848 8849
f 8848 8850 8851
f 8850 8852 8853
f 8852 8854 8855
f 8854 8856 8857
f 8856 8858 8859
f 8858 8860 8861
f 8860 8862 8863
f 8862 8864 8865
f 8864 8866 8867
f 8866 8868 8869
f 8868 8870 8871
f 8870 8872 8873
f 8872 8874 8875
f 8874 8876 8877
f 8876 8878 8879
f 8878 8880 8881
f 8880 8882 8883
f 8882 8884 8885
f 8884 8886 8887
f 8886 8888 8889
f 8888 8890 8891
f 8890 8892 8893
f 8892 8894 8895
f 8894 8896 8897
f 8896 8898 8899
f 8898 8900 8901
f 8900 8902 8903
f 8902 8904 8905
f 8904 8906 8907
f 8906 8908 8909
f 8908 8910 8911
f 8910 8912 8913
f 8912 8914 8915
f 8914 8916 8917
f 8916 8918 8919
f 8918 8920 8921
f 8920 8922 8923
f 8922 8924 8925
f 8924 8926 8927
f 8926 8928 8929
f 8928 8930 8931
f 8930 8932 8933
f 8932 8934 8935
f 8934 8936 8937
f 8936 8938 8939
f 8938 8940 8941
f 8940 8942 8943
f 8942 8944 8945
f 8944 8946 8947
f 8946 8948 8949
f 8948 8950 8951
f 8950 8952 8953
f 8952 8954 8955
f 8954 8956 8957
f 8956 8958 8959
f 8958 8960 8961
f 8960 8962 8963
f 8962 8964 8965
f 8964 8966 8967
f 8966 8968 8969
f 8968 8970 8971
f 8970 8972 8973
f 8972 8974 8975
f 8974 8976 8977
f 8976 8978 8979
f 8978 8980 8981
f 8980 8982 8983
f 8982 8984 8985
f 8984 8986 8987
f 8986 8988 8989
f 8988 8990 8991
f 8990 8992 8993
f 8992 8994 8995
f 8994 8996 8997
f 8996 8998 8999
f 8998 9000 9001
f 9000 9002 9003
f 9002 9004 9005
f 9004 9006 9007
f 9006 9008 9009
f 9008 9010 9011
f 9010 9012 9013
f 9012 9014 9015
f 9014 9016 9017
f 9016 9018 9019
f 9018 9020 9021
f 9020 9022 9023
f 9022 9024 9025
f 9024 9026 9027
f 9026 9028 9029
f 9028 9030 9031
f 9030 9032 9033
f 9032 9034 9035
f 9034 9036 9037
f 9036 9038 9039
f 9038 9040 9041
f 9040 9042 9043
f 9042 9044 9045
f 9044 9046 9047
f 9046 9048 9049
f 9048 9050 9051
f 9050 9052 9053
f 9052 9054 9055
f 9054 9056 9057
f 9056 9058 9059
f 9058 9060 9061
f 9060 9062 9063
f 9062 9064 9065
f 9064 9066 9067
f 9066 9068 9069
f 9068 9070 9071
f 9070 9072 9073
f 9072 9074 9075
f 9074 9076 9077
f 9076 9078 9079
f 9078 9080 9081
f 9080 9082 9083
f 9082 9084 9085
f 9084 9086 9087
f 9086 9088 9089
f 9088 9090 9091
f 9090 9092 9093
f 9092 9094 9095
f 9094 9096 9097
f 9096 9098 9099
f 9098 9100 9101
f 9100 9102 9103
f 9102 9104 9105
f 9104 9106 9107
f 9106 9108 9109
f 9108 9110 9111
f 9110 9112 9113
f 9112 9114 9115
f 9114 9116 9117
f 9116 9118 9119
f 9118 9120 9121
f 9120 9122 9123
f 9122 9124 9125
f 9124 9126 9127
f 9126 9128 9129
f 9128 9130 9131
f 9130 9132 9133
f 9132 9134 9135
f 9134 9136 9137
f 9136 9138 9139
f 9138 9140 9141
f 9140 9142 9143
f 9142 9144 9145
f 9144 9146 9147
f 9146 9148 9149
f 9148 9150 9151
f 9150 9152 9153
f 9152 9154 9155
f 9154 9156 9157
f 9156 9158 9159
f 9158 9160 9161
f 9160 9162 9163
f 9162 9164 9165
f 9164 9166 9167
f 9166 9168 9169
f 9168 9170 9171
f 9170 9172 9173
f 9172 9174 9175
f 9174 9176 9177
f 9176 9178 9179
f 9178 9180 9181
f 9180 9182 9183
f 9182 9184 9185
f 9184 9186 9187
f 9186 9188 9189
f 9188 9190 9191
f 9190 9192 9193
f 9192 9194 9195
f 9194 9196 9197
f 9196 9198 9199
f 9198 9200 9201
f 9200 9202 9203
f 9202 9204 9205
f 9204 9206 9207
f 9206 9208 9209
f 9208 9210 9211
f 9210 9212 9213
f 9212 9214 9215
f 9214 9216 9217
f 9216 9218 9219
f 9218 9220 9221
f 9220 9222 9223
f 9222 9224 9225
f 9224 9226 9227
f 9226 9228 9229
f 9228 9230 9231
f 9230 9232 9233
f 9232 9234 9235
f 9234 9236 9237
f 9236 9238 9239
f 9238 9240 9241
f 9240 9242 9243
f 9242 9244 9245
f 9244 9246 9247
f 9246 9248 9249
f 9248 9250 9251
f 9250 9252 9253
f 9252 9254 9255
f 9254 9256 9257
f 9256 9258 9259
f 9258 9260 9261
f 9260 9262 9263
f 9262 9264 9265
f 9264 9266 9267
f 9266 9268 9269
f 9268 9270 9271
f 9270 9272 9273
f 9272 9274 9275
f 9274 9276 9277
f 9276 9278 9279
f 9278 9280 9281
f 9280 9282 9283
f 9282 9284 9285
f 9284 9286 9287
f 9286 9288 9289
f 9288 9290 9291
f 9290 9292 9293
f 9292 9294 9295
f 9294 9296 9297
f 9296 9298 9299
f 9298 9300 9301
f 9300 9302 9303
f 9302 9304 9305
f 9304 9306 9307
f 9306 9308 9309
f 9308 9310 9311
f 9310 9312 9313
f 9312 9314 9315
f 9314 9316 9317
f 9316 9318 9319
f 9318 9320 9321
f 9320 9322 9323
f 9322 9324 9325
f 9324 9326 9327
f 9326 9328 9329
f 9328 9330 9331
f 9330 9332 9333
f 9332 9334 9335
f 9334 9336 9337
f 9336 9338 9339
f 9338 9340 9341
f 9340 9342 9343
f 9342 9344 9345
f 9344 9346 9347
f 9346 9348 9349
f 9348 9350 9351
f 9350 9352 9353
f 9352 9354 9355
f 9354 9356 9357
f 9356 9358 9359
f 9358 9360 9361
f 9360 9362 9363
f 9362 9364 9365
f 9364 9366 9367
f 9366 9368 9369
f 9368 9370 9371
f 9370 9372 9373
f 9372 9374 9375
f 9374 9376 9377
f 9376 9378 9379
f 9378 9380 9381
f 9380 9382 9383
f 9382 9384 9385
f 9384 9386 9387
f 9386 9388 9389
f 9388 9390 9391
f 9390 9392 9393
f 9392 9394 9395
f 9394 9396 9397
f 9396 9398 9399
f 9398 9400 9401
f 9400 9402 9403
f 9402 9404 9405
f 9404 9406 9407
f 9406 8689 9408

o Shape_67
usemtl material_1
f 9409 9410 9411
f 9410 9412 9413
f 9412 9414 9415
f 9414 9416 9417
f 9416 9418 9419
f 9418 9420 9421
f 9420 9422 9423
f 9422 9424 9425
f 9424 9426 9427
f 9426 9428 9429
f 9428 9430 9431
f 9430 9432 9433
f 9432 9434 9435
f 9434 9436 9437
f 9436 9438 9439
f 9438 9440 9441
f 9440 9442 9443
f 9442 9444 9445
f 9444 9446 9447
f 9446 9448 9449
f 9448 9450 9451
f 9450 9452 9453
f 9452 9454 9455
f 9454 9456 9457
f 9456 9458 9459
f 9458 9460 9461
f 9460 9462 9463
f 9462 9464 9465
f 9464 9466 9467
f 9466 9468 9469
f 9468 9470 9471
f 9470 9472 9473
f 9472 9474 9475
f 9474 9476 9477
f 9476 9478 9479
f 9478 9480 9481
f 9480 9482 9483
f 9482 9484 9485
f 9484 9486 9487
f 9486 9488 9489
f 9488 9490 9491
f 9490 9492 9493
f 9492 9494 9495
f 9494 9496 9497
f 9496 9498 9499
f 9498 9500 9501
f 9500 9502 9503
f 9502 9504 9505
f 9504 9506 9507
f 9506 9508 9509
f 9508 9510 9511
f 9510 9512 9513
f 9512 9514 9515
f 9514 9516 9517
f 9516 9518 9519
f 9518 9520 9521
f 9520 9522 9523
f 9522 9524 9525
f 9524 9526 9527
f 9526 9528 9529
f 9528 9530 9531
f 9530 9532 9533
f 9532 9534 9535
f 9534 9536 9537
f 9536 9538 9539
f 9538 9540 9541
f 9540 9542 9543
f 9542 9544 9545
f 9544 9546 9547
f 9546 9548 9549
f 9548 9550 9551
f 9550 9552 9553
f 9552 9554 9555
f 9554 9556 9557
f 9556 9558 9559
f 9558 9560 9561
f 9560 9562 9563
f 9562 9564 9565
f 9564 9566 9567
f 9566 9568 9569
f 9568 9570 9571
f 9570 9572 9573
f 9572 9574 9575
f 9574 9576 9577
f 9576 9578 9579
f 9578 9580 9581
f 9580 9582 9583
f 9582 9584 9585
f 9584 9586 9587
f 9586 9588 9589
f 9588 9590 9591
f 9590 9592 9593
f 9592 9594 9595
f 9594 9596 9597
f 9596 9598 9599
f 9598 9600 9601
f 9600 9602 9603
f 9602 9604 9605
f 9604 9606 9607
f 9606 9608 9609
f 9608 9610 9611
f 9610 9612 9613
f 9612 9614 9615
f 9614 9616 9617
f 9616 9618 9619
f 9618 9620 9621
f 9620 9622 9623
f 9622 9624 9625
f 9624 9626 9627
f 9626 9628 9629
f 9628 9630 9631
f 9630 9632 9633
f 9632 9634 9635
f 9634 9636 9637
f 9636 9638 9639
f 9638 9640 9641
f 9640 9642 9643
f 9642 9644 9645
f 9644 9646 9647
f 9646 9648 9649
f 9648 9650 9651
f 9650 9652 9653
f 9652 9654 9655
f 9654 9656 9657
f 9656 9658 9659
f 9658 9660 9661
f 9660 9662 9663
f 9662 9664 9665
f 9664 9666 9667
f 9666 9668 9669
f 9668 9670 9671
f 9670 9672 9673
f 9672 9674 9675
f 9674 9676 9677
f 9676 9678 9679
f 9678 9680 9681
f 9680 9682 9683
f 9682 9684 9685
f 9684 9686 9687
f 9686 9688 9689
f 9688 9690 9691
f 9690 9692 9693
f 9692 9694 9695
f 9694 9696 9697
f 9696 9698 9699
f 9698 9700 9701
f 9700 9702 9703
f 9702 9704 9705
f 9704 9706 9707
f 9706 9708 9709
f 9708 9710 9711
f 9710 9712 9713
f 9712 9714 9715
f 9714 9716 9717
f 9716 9718 9719
f 9718 9720 9721
f 9720 9722 9723
f 9722 9724 9725
f 9724 9726 9727
f 9726 9728 9729
f 9728 9730 9731
f 9730 9732 9733
f 9732 9734 9735
f 9734 9736 9737
f 9736 9738 9739
f 9738 9740 9741
f 9740 9742 9743
f 9742 9744 9745
f 9744 9746 9747
f 9746 9748 9749
f 9748 9750 9751
f 9750 9752 9753
f 9752 9754 9755
f 9754 9756 9757
f 9756 9758 9759
f 9758 9760 9761
f 9760 9762 9763
f 9762 9764 9765
f 9764 9766 9767
f 9766 9768 9769
f 9768 9770 9771
f 9770 9772 9773
f 9772 9774 9775
f 9774 9776 9777
f 9776 9778 9779
f 9778 9780 9781
f 9780 9782 9783
f 9782 9784 9785
f 9784 9786 9787
f 9786 9788 9789
f 9788 9790 9791
f 9790 9792 9793
f 9792 9794 9795
f 9794 9796 9797
f 9796 9798 9799
f 9798 9800 9801
f 9800 9802 9803
f 9802 9804 9805
f 9804 9806 9807
f 9806 9808 9809
f 9808 9810 9811
f 9810 9812 9813
f 9812 9814 9815
f 9814 9816 9817
f 9816 9818 9819
f 9818 9820 9821
f 9820 9822 9823
f 9822 9824 9825
f 9824 9826 9827
f 9826 9828 9829
f 9828 9830 9831
f 9830 9832 9833
f 9832 9834 9835
f 9834 9836 9837
f 9836 9838 9839
f 9838 9840 9841
f 9840 9842 9843
f 9842 9844 9845
f 9844 9846 9847
f 9846 9848 9849
f 9848 9850 9851
f 9850 9852 9853
f 9852 9854 9855
f 9854 9856 9857
f 9856 9858 9859
f 9858 9860 9861
f 9860 9862 9863
f 9862 9864 9865
f 9864 9866 9867
f 9866 9868 9869
f 9868 9870 9871
f 9870 9872 9873
f 9872 9874 9875
f 9874 9876 9877
f 9876 9878 9879
f 9878 9880 9881
f 9880 9882 9883
f 9882 9884 9885
f 9884 9886 9887
f 9886 9888 9889
f 9888 9890 9891
f 9890 9892 9893
f 9892 9894 9895
f 9894 9896 9897
f 9896 9898 9899
f 9898 9900 9901
f 9900 9902 9903
f 9902 9904 9905
f 9904 9906 9907
f 9906 9908 9909
f 9908 9910 9911
f 9910 9912 9913
f 9912 9914 9915
f 9914 9916 9917
f 9916 9918 9919
f 9918 9920 9921
f 9920 9922 9923
f 9922 9924 9925
f 9924 9926 9927
f 9926 9928 9929
f 9928 9930 9931
f 9930 9932 9933
f 9932 9934 9935
f 9934 9936 9937
f 9936 9938 9939
f 9938 9940 9941
f 9940 9942 9943
f 9942 9944 9945
f 9944 9946 9947
f 9946 9948 9949
f 9948 9950 9951
f 9950 9952 9953
f 9952 9954 9955
f 9954 9956 9957
f 9956 9958 9959
f 9958 9960 9961
f 9960 9962 9963
f 9962 9964 9965
f 9964 9966 9967
f 9966 9968 9969
f 9968 9970 9971
f 9970 9972 9973
f 9972 9974 9975
f 9974 9976 9977
f 9976 9978 9979
f 9978 9980 9981
f 9980 9982 9983
f 9982 9984 9985
f 9984 9986 9987
f 9986 9988 9989
f 9988 9990 9991
f 9990 9992 9993
f 9992 9994 9995
f 9994 9996 9997
f 9996 9998 9999
f 9998 10000 10001
f 10000 10002 10003
f 10002 10004 10005
f 10004 10006 10007
f 10006 10008 10009
f 10008 10010 10011
f 10010 10012 10013
f 10012 10014 10015
f 10014 10016 10017
f 10016 10018 10019
f 10018 10020 10021
f 10020 10022 10023
f 10022 10024 10025
f 10024 10026 10027
f 10026 10028 10029
f 10028 10030 10031
f 10030 10032 10033
f 10032 10034 10035
f 10034 10036 10037
f 10036 10038 10039
f 10038 10040 10041
f 10040 10042 10043
f 10042 10044 10045
f 10044 10046 10047
f 10046 10048 10049
f 10048 10050 10051
f 10050 10052 10053
f 10052 10054 10055
f 10054 10056 10057
f 10056 10058 10059
f 10058 10060 10061
f 10060 10062 10063
f 10062 10064 10065
f 10064 10066 10067
f 10066 10068 10069
f 10068 10070 10071
f 10070 10072 10073
f 10072 10074 10075
f 10074 10076 10077
f 10076 10078 10079
f 10078 10080 10081
f 10080 10082 10083
f 10082 10084 10085
f 10084 10086 10087
f 10086 10088 10089
f 10088 10090 10091
f 10090 10092 10093
f 10092 10094 10095
f 10094 10096 10097
f 10096 10098 10099
f 10098 10100 10101
f 10100 10102 10103
f 10102 10104 10105
f 10104 10106 10107
f 10106 10108 10109
f 10108 10110 10111
f 10110 10112 10113
f 10112 10114 10115
f 10114 10116 10117
f 10116 10118 10119
f 10118 10120 10121
f 10120 10122 10123
f 10122 10124 10125
f 10124 10126 10127
f 10126 9409 10128

o Shape_68
usemtl material_1
f 8689 9409 10129
f 8689 9409 10129

o Shape_69
usemtl material_1
f 9318 9498 10130
f 9318 9498 10130

o Shape_70
usemtl material_1
f 9228 9588 10131
f 9228 9588 10131

o Shape_71
usemtl material_1
f 9138 9678 10132
f 9138 9678 10132

o Shape_72
usemtl material_1
f 9048 9768 10133
f 9048 9768 10133

o Shape_73
usemtl material_1
f 8958 9858 10134
f 8958 9858 10134

o Shape_74
usemtl material_1
f 8868 9948 10135
f 8868 9948 10135

o Shape_75
usemtl material_1
f 8778 10038 10136
f 8778 10038 10136

o Shape_76
usemtl material_1
f 8689 9409 10129
f 8689 9409 10129

o Shape_77
usemtl material_1
f 10137 10138 10139
f 10138 10140 10141
f 10140 10142 10143
f 10142 10144 10145
f 10144 10146 10147
f 10146 10148 10149
f 10148 10150 10151
f 10150 10152 10153
f 10152 10154 10155
f 10154 10156 10157
f 10156 10158 10159
f 10158 10160 10161
f 10160 10162 10163
f 10162 10164 10165
f 10164 10166 10167
f 10166 10168 10169
f 10168 10170 10171
f 10170 10172 10173
f 10172 10174 10175
f 10174 10176 10177
f 10176 10178 10179
f 10178 10180 10181
f 10180 10182 10183
f 10182 10184 10185
f 10184 10186 10187
f 10186 10188 10189
f 10188 10190 10191
f 10190 10192 10193
f 10192 10194 10195
f 10194 10196 10197
f 10196 10198 10199
f 10198 10200 10201
f 10200 10202 10203
f 10202 10204 10205
f 10204 10206 10207
f 10206 10208 10209
f 10208 10210 10211
f 10210 10212 10213
f 10212 10214 10215
f 10214 10216 10217
f 10216 10218 10219
f 10218 10220 10221
f 10220 10222 10223
f 10222 10224 10225
f 10224 10226 10227
f 10226 10228 10229
f 10228 10230 10231
f 10230 10232 10233
f 10232 10234 10235
f 10234 10236 10237
f 10236 10238 10239
f 10238 10240 10241
f 10240 10242 10243
f 10242 10244 10245
f 10244 10246 10247
f 10246 10248 10249
f 10248 10250 10251
f 10250 10252 10253
f 10252 10254 10255
f 10254 10256 10257
f 10256 10258 10259
f 10258 10260 10261
f 10260 10262 10263
f 10262 10264 10265
f 10264 10266 10267
f 10266 10268 10269
f 10268 10270 10271
f 10270 10272 10273
f 10272 10274 10275
f 10274 10276 10277
f 10276 10278 10279
f 10278 10280 10281
f 10280 10282 10283
f 10282 10284 10285
f 10284 10286 10287
f 10286 10288 10289
f 10288 10290 10291
f 10290 10292 10293
f 10292 10294 10295
f 10294 10296 10297
f 10296 10298 10299
f 10298 10300 10301
f 10300 10302 10303
f 10302 10304 10305
f 10304 10306 10307
f 10306 10308 10309
f 10308 10310 10311
f 10310 10312 10313
f 10312 10314 10315
f 10314 10316 10317
f 10316 10318 10319
f 10318 10320 10321
f 10320 10322 10323
f 10322 10324 10325
f 10324 10326 10327
f 10326 10328 10329
f 10328 10330 10331
f 10330 10332 10333
f 10332 10334 10335
f 10334 10336 10337
f 10336 10338 10339
f 10338 10340 10341
f 10340 10342 10343
f 10342 10344 10345
f 10344 10346 10347
f 10346 10348 10349
f 10348 10350 10351
f 10350 10352 10353
f 10352 10354 10355
f 10354 10356 10357
f 10356 10358 10359
f 10358 10360 10361
f 10360 10362 10363
f 10362 10364 10365
f 10364 10366 10367
f 10366 10368 10369
f 10368 10370 10371
f 10370 10372 10373
f 10372 10374 10375
f 10374 10376 10377
f 10376 10378 10379
f 10378 10380 10381
f 10380 10382 10383
f 10382 10384 10385
f 10384 10386 10387
f 10386 10388 10389
f 10388 10390 10391
f 10390 10392 10393
f 10392 10394 10395
f 10394 10396 10397
f 10396 10398 10399
f 10398 10400 10401
f 10400 10402 10403
f 10402 10404 10405
f 10404 10406 10407
f 10406 10408 10409
f 10408 10410 10411
f 10410 10412 10413
f 10412 10414 10415
f 10414 10416 10417
f 10416 10418 10419
f 10418 10420 10421
f 10420 10422 10423
f 10422 10424 10425
f 10424 10426 10427
f 10426 10428 10429
f 10428 10430 10431
f 10430 10432 10433
f 10432 10434 10435
f 10434 10436 10437
f 10436 10438 10439
f 10438 10440 10441
f 10440 10442 10443
f 10442 10444 10445
f 10444 10446 10447
f 10446 10448 10449
f 10448 10450 10451
f 10450 10452 10453
f 10452 10454 10455
f 10454 10456 10457
f 10456 10458 10459
f 10458 10460 10461
f 10460 10462 10463
f 10462 10464 10465
f 10464 10466 10467
f 10466 10468 10469
f 10468 10470 10471
f 10470 10472 10473
f 10472 10474 10475
f 10474 10476 10477
f 10476 10478 10479
f 10478 10480 10481
f 10480 10482 10483
f 10482 10484 10485
f 10484 10486 10487
f 10486 10488 10489
f 10488 10490 10491
f 10490 10492 10493
f 10492 10494 10495
f 10494 10496 10497
f 10496 10498 10499
f 10498 10500 10501
f 10500 10502 10503
f 10502 10504 10505
f 10504 10506 10507
f 10506 10508 10509
f 10508 10510 10511
f 10510 10512 10513
f 10512 10514 10515
f 10514 10516 10517
f 10516 10518 10519
f 10518 10520 10521
f 10520 10522 10523
f 10522 10524 10525
f 10524 10526 10527
f 10526 10528 10529
f 10528 10530 10531
f 10530 10532 10533
f 10532 10534 10535
f 10534 10536 10537
f 10536 10538 10539
f 10538 10540 10541
f 10540 10542 10543
f 10542 10544 10545
f 10544 10546 10547
f 10546 10548 10549
f 10548 10550 10551
f 10550 10552 10553
f 10552 10554 10555
f 10554 10556 10557
f 10556 10558 10559
f 10558 10560 10561
f 10560 10562 10563
f 10562 10564 10565
f 10564 10566 10567
f 10566 10568 10569
f 10568 10570 10571
f 10570 10572 10573
f 10572 10574 10575
f 10574 10576 10577
f 10576 10578 10579
f 10578 10580 10581
f 10580 10582 10583
f 10582 10584 10585
f 10584 10586 10587
f 10586 10588 10589
f 10588 10590 10591
f 10590 10592 10593
f 10592 10594 10595
f 10594 10596 10597
f 10596 10598 10599
f 10598 10600 10601
f 10600 10602 10603
f 10602 10604 10605
f 10604 10606 10607
f 10606 10608 10609
f 10608 10610 10611
f 10610 10612 10613
f 10612 10614 10615
f 10614 10616 10617
f 10616 10618 10619
f 10618 10620 10621
f 10620 10622 10623
f 10622 10624 10625
f 10624 10626 10627
f 10626 10628 10629
f 10628 10630 10631
f 10630 10632 10633
f 10632 10634 10635
f 10634 10636 10637
f 10636 10638 10639
f 10638 10640 10641
f 10640 10642 10643
f 10642 10644 10645
f 10644 10646 10647
f 10646 10648 10649
f 10648 10650 10651
f 10650 10652 10653
f 10652 10654 10655
f 10654 10656 10657
f 10656 10658 10659
f 10658 10660 10661
f 10660 10662 10663
f 10662 10664 10665
f 10664 10666 10667
f 10666 10668 10669
f 10668 10670 10671
f 10670 10672 10673
f 10672 10674 10675
f 10674 10676 10677
f 10676 10678 10679
f 10678 10680 10681
f 10680 10682 10683
f 10682 10684 10685
f 10684 10686 10687
f 10686 10688 10689
f 10688 10690 10691
f 10690 10692 10693
f 10692 10694 10695
f 10694 10696 10697
f 10696 10698 10699
f 10698 10700 10701
f 10700 10702 10703
f 10702 10704 10705
f 10704 10706 10707
f 10706 10708 10709
f 10708 10710 10711
f 10710 10712 10713
f 10712 10714 10715
f 10714 10716 10717
f 10716 10718 10719
f 10718 10720 10721
f 10720 10722 10723
f 10722 10724 10725
f 10724 10726 10727
f 10726 10728 10729
f 10728 10730 10731
f 10730 10732 10733
f 10732 10734 10735
f 10734 10736 10737
f 10736 10738 10739
f 10738 10740 10741
f 10740 10742 10743
f 10742 10744 10745
f 10744 10746 10747
f 10746 10748 10749
f 10748 10750 10751
f 10750 10752 10753
f 10752 10754 10755
f 10754 10756 10757
f 10756 10758 10759
f 10758 10760 10761
f 10760 10762 10763
f 10762 10764 10765
f 10764 10766 10767
f 10766 10768 10769
f 10768 10770 10771
f 10770 10772 10773
f 10772 10774 10775
f 10774 10776 10777
f 10776 10778 10779
f 10778 10780 10781
f 10780 10782 10783
f 10782 10784 10785
f 10784 10786 10787
f 10786 10788 10789
f 10788 10790 10791
f 10790 10792 10793
f 10792 10794 10795
f 10794 10796 10797
f 10796 10798 10799
f 10798 10800 10801
f 10800 10802 10803
f 10802 10804 10805
f 10804 10806 10807
f 10806 10808 10809
f 10808 10810 10811
f 10810 10812 10813
f 10812 10814 10815
f 10814 10816 10817
f 10816 10818 10819
f 10818 10820 10821
f 10820 10822 10823
f 10822 10824 10825
f 10824 10826 10827
f 10826 10828 10829
f 10828 10830 10831
f 10830 10832 10833
f 10832 10834 10835
f 10834 10836 10837
f 10836 10838 10839
f 10838 10840 10841
f 10840 10842 10843
f 10842 10844 10845
f 10844 10846 10847
f 10846 10848 10849
f 10848 10850 10851
f 10850 10852 10853
f 10852 10854 10855
f 10854 10137 10856

o Shape_78
usemtl material_1
f 10857 10858 10859
f 10858 10860 10861
f 10860 10862 10863
f 10862 10864 10865
f 10864 10866 10867
f 10866 10868 10869
f 10868 10870 10871
f 10870 10872 10873
f 10872 10874 10875
f 10874 10876 10877
f 10876 10878 10879
f 10878 10880 10881
f 10880 10882 10883
f 10882 10884 10885
f 10884 10886 10887
f 10886 10888 10889
f 10888 10890 10891
f 10890 10892 10893
f 10892 10894 10895
f 10894 10896 10897
f 10896 10898 10899
f 10898 10900 10901
f 10900 10902 10903
f 10902 10904 10905
f 10904 10906 10907
f 10906 10908 10909
f 10908 10910 10911
f 10910 10912 10913
f 10912 10914 10915
f 10914 10916 10917
f 10916 10918 10919
f 10918 10920 10921
f 10920 10922 10923
f 10922 10924 10925
f 10924 10926 10927
f 10926 10928 10929
f 10928 10930 10931
f 10930 10932 10933
f 10932 10934 10935
f 10934 10936 10937
f 10936 10938 10939
f 10938 10940 10941
f 10940 10942 10943
f 10942 10944 10945
f 10944 10946 10947
f 10946 10948 10949
f 10948 10950 10951
f 10950 10952 10953
f 10952 10954 10955
f 10954 10956 10957
f 10956 10958 10959
f 10958 10960 10961
f 10960 10962 10963
f 10962 10964 10965
f 10964 10966 10967
f 10966 10968 10969
f 10968 10970 10971
f 10970 10972 10973
f 10972 10974 10975
f 10974 10976 10977
f 10976 10978 10979
f 10978 10980 10981
f 10980 10982 10983
f 10982 10984 10985
f 10984 10986 10987
f 10986 10988 10989
f 10988 10990 10991
f 10990 10992 10993
f 10992 10994 10995
f 10994 10996 10997
f 10996 10998 10999
f 10998 11000 11001
f 11000 11002 11003
f 11002 11004 11005
f 11004 11006 11007
f 11006 11008 11009
f 11008 11010 11011
f 11010 11012 11013
f 11012 11014 11015
f 11014 11016 11017
f 11016 11018 11019
f 11018 11020 11021
f 11020 11022 11023
f 11022 11024 11025
f 11024 11026 11027
f 11026 11028 11029
f 11028 11030 11031
f 11030 11032 11033
f 11032 11034 11035
f 11034 11036 11037
f 11036 11038 11039
f 11038 11040 11041
f 11040 11042 11043
f 11042 11044 11045
f 11044 11046 11047
f 11046 11048 11049
f 11048 11050 11051
f 11050 11052 11053
f 11052 11054 11055
f 11054 11056 11057
f 11056 11058 11059
f 11058 11060 11061
f 11060 11062 11063
f 11062 11064 11065
f 11064 11066 11067
f 11066 11068 11069
f 11068 11070 11071
f 11070 11072 11073
f 11072 11074 11075
f 11074 11076 11077
f 11076 11078 11079
f 11078 11080 11081
f 11080 11082 11083
f 11082 11084 11085
f 11084 11086 11087
f 11086 11088 11089
f 11088 11090 11091
f 11090 11092 11093
f 11092 11094 11095
f 11094 11096 11097
f 11096 11098 11099
f 11098 11100 11101
f 11100 11102 11103
f 11102 11104 11105
f 11104 11106 11107
f 11106 11108 11109
f 11108 11110 11111
f 11110 11112 11113
f 11112 11114 11115
f 11114 11116 11117
f 11116 11118 11119
f 11118 11120 11121
f 11120 11122 11123
f 11122 11124 11125
f 11124 11126 11127
f 11126 11128 11129
f 11128 11130 11131
f 11130 11132 11133
f 11132 11134 11135
f 11134 11136 11137
f 11136 11138 11139
f 11138 11140 11141
f 11140 11142 11143
f 11142 11144 11145
f 11144 11146 11147
f 11146 11148 11149
f 11148 11150 11151
f 11150 11152 11153
f 11152 11154 11155
f 11154 11156 11157
f 11156 11158 11159
f 11158 11160 11161
f 11160 11162 11163
f 11162 11164 11165
f 11164 11166 11167
f 11166 11168 11169
f 11168 11170 11171
f 11170 11172 11173
f 11172 11174 11175
f 11174 11176 11177
f 11176 11178 11179
f 11178 11180 11181
f 11180 11182 11183
f 11182 11184 11185
f 11184 11186 11187
f 11186 11188 11189
f 11188 11190 11191
f 11190 11192 11193
f 11192 11194 11195
f 11194 11196 11197
f 11196 11198 11199
f 11198 11200 11201
f 11200 11202 11203
f 11202 11204 11205
f 11204 11206 11207
f 11206 11208 11209
f 11208 11210 11211
f 11210 11212 11213
f 11212 11214 11215
f 11214 11216 11217
f 11216 11218 11219
f 11218 11220 11221
f 11220 11222 11223
f 11222 11224 11225
f 11224 11226 11227
f 11226 11228 11229
f 11228 11230 11231
f 11230 11232 11233
f 11232 11234 11235
f 11234 11236 11237
f 11236 11238 11239
f 11238 11240 11241
f 11240 11242 11243
f 11242 11244 11245
f 11244 11246 11247
f 11246 11248 11249
f 11248 11250 11251
f 11250 11252 11253
f 11252 11254 11255
f 11254 11256 11257
f 11256 11258 11259
f 11258 11260 11261
f 11260 11262 11263
f 11262 11264 11265
f 11264 11266 11267
f 11266 11268 11269
f 11268 11270 11271
f 11270 11272 11273
f 11272 11274 11275
f 11274 11276 11277
f 11276 11278 11279
f 11278 11280 11281
f 11280 11282 11283
f 11282 11284 11285
f 11284 11286 11287
f 11286 11288 11289
f 11288 11290 11291
f 11290 11292 11293
f 11292 11294 11295
f 11294 11296 11297
f 11296 11298 11299
f 11298 11300 11301
f 11300 11302 11303
f 11302 11304 11305
f 11304 11306 11307
f 11306 11308 11309
f 11308 11310 11311
f 11310 11312 11313
f 11312 11314 11315
f 11314 11316 11317
f 11316 11318 11319
f 11318 11320 11321
f 11320 11322 11323
f 11322 11324 11325
f 11324 11326 11327
f 11326 11328 11329
f 11328 11330 11331
f 11330 11332 11333
f 11332 11334 11335
f 11334 11336 11337
f 11336 11338 11339
f 11338 11340 11341
f 11340 11342 11343
f 11342 11344 11345
f 11344 11346 11347
f 11346 11348 11349
f 11348 11350 11351
f 11350 11352 11353
f 11352 11354 11355
f 11354 11356 11357
f 11356 11358 11359
f 11358 11360 11361
f 11360 11362 11363
f 11362 11364 11365
f 11364 11366 11367
f 11366 11368 11369
f 11368 11370 11371
f 11370 11372 11373
f 11372 11374 11375
f 11374 11376 11377
f 11376 11378 11379
f 11378 11380 11381
f 11380 11382 11383
f 11382 11384 11385
f 11384 11386 11387
f 11386 11388 11389
f 11388 11390 11391
f 11390 11392 11393
f 11392 11394 11395
f 11394 11396 11397
f 11396 11398 11399
f 11398 11400 11401
f 11400 11402 11403
f 11402 11404 11405
f 11404 11406 11407
f 11406 11408 11409
f 11408 11410 11411
f 11410 11412 11413
f 11412 11414 11415
f 11414 11416 11417
f 11416 11418 11419
f 11418 11420 11421
f 11420 11422 11423
f 11422 11424 11425
f 11424 11426 11427
f 11426 11428 11429
f 11428 11430 11431
f 11430 11432 11433
f 11432 11434 11435
f 11434 11436 11437
f 11436 11438 11439
f 11438 11440 11441
f 11440 11442 11443
f 11442 11444 11445
f 11444 11446 11447
f 11446 11448 11449
f 11448 11450 11451
f 11450 11452 11453
f 11452 11454 11455
f 11454 11456 11457
f 11456 11458 11459
f 11458 11460 11461
f 11460 11462 11463
f 11462 11464 11465
f 11464 11466 11467
f 11466 11468 11469
f 11468 11470 11471
f 11470 11472 11473
f 11472 11474 11475
f 11474 11476 11477
f 11476 11478 11479
f 11478 11480 11481
f 11480 11482 11483
f 11482 11484 11485
f 11484 11486 11487
f 11486 11488 11489
f 11488 11490 11491
f 11490 11492 11493
f 11492 11494 11495
f 11494 11496 11497
f 11496 11498 11499
f 11498 11500 11501
f 11500 11502 11503
f 11502 11504 11505
f 11504 11506 11507
f 11506 11508 11509
f 11508 11510 11511
f 11510 11512 11513
f 11512 11514 11515
f 11514 11516 11517
f 11516 11518 11519
f 11518 11520 11521
f 11520 11522 11523
f 11522 11524 11525
f 11524 11526 11527
f 11526 11528 11529
f 11528 11530 11531
f 11530 11532 11533
f 11532 11534 11535
f 11534 11536 11537
f 11536 11538 11539
f 11538 11540 11541
f 11540 11542 11543
f 11542 11544 11545
f 11544 11546 11547
f 11546 11548 11549
f 11548 11550 11551
f 11550 11552 11553
f 11552 11554 11555
f 11554 11556 11557
f 11556 11558 11559
f 11558 11560 11561
f 11560 11562 11563
f 11562 11564 11565
f 11564 11566 11567
f 11566 11568 11569
f 11568 11570 11571
f 11570 11572 11573
f 11572 11574 11575
f 11574 10857 11576

o Shape_79
usemtl material_1
f 10137 10857 11577
f 10137 10857 11577

o Shape_80
usemtl material_1
f 10766 10946 11578
f 10766 10946 11578

o Shape_81
usemtl material_1
f 10676 11036 11579
f 10676 11036 11579

o Shape_82
usemtl material_1
f 10586 11126 11580
f 10586 11126 11580

o Shape_83
usemtl material_1
f 10496 11216 11581
f 10496 11216 11581

o Shape_84
usemtl material_1
f 10406 11306 11582
f 10406 11306 11582

o Shape_85
usemtl material_1
f 10316 11396 11583
f 10316 11396 11583

o Shape_86
usemtl material_1
f 10226 11486 11584
f 10226 11486 11584

o Shape_87
usemtl material_1
f 10137 10857 11577
f 10137 10857 11577

o Shape_88
usemtl material_1
f 11585 11586 11587
f 11585 11586 11587

o Shape_89
usemtl material_1
f 11588 11585 11589
f 11588 11585 11589

o Shape_90
usemtl material_1
f 11590 11588 11591
f 11590 11588 11591

o Shape_91
usemtl material_1
f 11586 11590 11592
f 11586 11590 11592

o Shape_92
usemtl material_1
f 11593 11594 11595
f 11593 11594 11595

o Shape_93
usemtl material_1
f 11596 11594 11597
f 11596 11594 11597

o Shape_94
usemtl material_1
f 11598 11596 11599
f 11598 11596 11599

o Shape_95
usemtl material_1
f 11598 11593 11600
f 11598 11593 11600

o Shape_96
usemtl material_1
f 11598 11596 11599
f 11598 11596 11599

o Shape_97
usemtl material_1
f 11601 11596 11602
f 11601 11596 11602

o Shape_98
usemtl material_1
f 11603 11601 11604
f 11603 11601 11604

o Shape_99
usemtl material_1
f 11603 11598 11605
f 11603 11598 11605

o Shape_100
usemtl material_1
f 11603 11601 11604
f 11603 11601 11604

o Shape_101
usemtl material_1
f 11606 11601 11607
f 11606 11601 11607

o Shape_102
usemtl material_1
f 11608 11606 11609
f 11608 11606 11609

o Shape_103
usemtl material_1
f 11608 11603 11610
f 11608 11603 11610

o Shape_104
usemtl material_1
f 11611 11612 11613
f 11612 11614 11615
f 11614 11616 11617
f 11616 11618 11619
f 11618 11620 11621
f 11620 11622 11623
f 11622 11624 11625
f 11624 11626 11627
f 11626 11628 11629
f 11628 11630 11631
f 11630 11632 11633
f 11632 11634 11635
f 11634 11636 11637
f 11636 11638 11639
f 11638 11640 11641
f 11640 11642 11643
f 11642 11644 11645
f 11644 11646 11647
f 11646 11648 11649
f 11648 11650 11651
f 11650 11652 11653
f 11652 11654 11655
f 11654 11656 11657
f 11656 11658 11659
f 11658 11660 11661
f 11660 11662 11663
f 11662 11664 11665
f 11664 11666 11667
f 11666 11668 11669
f 11668 11670 11671
f 11670 11672 11673
f 11672 11674 11675
f 11674 11676 11677
f 11676 11678 11679
f 11678 11680 11681
f 11680 11682 11683
f 11682 11684 11685
f 11684 11686 11687
f 11686 11688 11689
f 11688 11690 11691
f 11690 11692 11693
f 11692 11694 11695
f 11694 11696 11697
f 11696 11698 11699
f 11698 11700 11701
f 11700 11702 11703
f 11702 11704 11705
f 11704 11706 11707
f 11706 11708 11709
f 11708 11710 11711
f 11710 11712 11713
f 11712 11714 11715
f 11714 11716 11717
f 11716 11718 11719
f 11718 11720 11721
f 11720 11722 11723
f 11722 11724 11725
f 11724 11726 11727
f 11726 11728 11729
f 11728 11730 11731
f 11730 11732 11733
f 11732 11734 11735
f 11734 11736 11737
f 11736 11738 11739
f 11738 11740 11741
f 11740 11742 11743
f 11742 11744 11745
f 11744 11746 11747
f 11746 11748 11749
f 11748 11750 11751
f 11750 11752 11753
f 11752 11754 11755
f 11754 11756 11757
f 11756 11758 11759
f 11758 11760 11761
f 11760 11762 11763
f 11762 11764 11765
f 11764 11766 11767
f 11766 11768 11769
f 11768 11606 11770

o Shape_105
usemtl material_1
f 11771 11772 11773
f 11772 11774 11775
f 11774 11776 11777
f 11776 11778 11779
f 11778 11780 11781
f 11780 11782 11783
f 11782 11784 11785
f 11784 11786 11787
f 11786 11788 11789
f 11788 11790 11791
f 11790 11792 11793
f 11792 11794 11795
f 11794 11796 11797
f 11796 11798 11799
f 11798 11800 11801
f 11800 11802 11803
f 11802 11804 11805
f 11804 11806 11807
f 11806 11808 11809
f 11808 11810 11811
f 11810 11812 11813
f 11812 11814 11815
f 11814 11816 11817
f 11816 11818 11819
f 11818 11820 11821
f 11820 11822 11823
f 11822 11824 11825
f 11824 11826 11827
f 11826 11828 11829
f 11828 11830 11831
f 11830 11832 11833
f 11832 11834 11835
f 11834 11836 11837
f 11836 11838 11839
f 11838 11840 11841
f 11840 11842 11843
f 11842 11844 11845
f 11844 11846 11847
f 11846 11848 11849
f 11848 11850 11851
f 11850 11852 11853
f 11852 11854 11855
f 11854 11856 11857
f 11856 11858 11859
f 11858 11860 11861
f 11860 11862 11863
f 11862 11864 11865
f 11864 11866 11867
f 11866 11868 11869
f 11868 11870 11871
f 11870 11872 11873
f 11872 11874 11875
f 11874 11876 11877
f 11876 11878 11879
f 11878 11880 11881
f 11880 11882 11883
f 11882 11884 11885
f 11884 11886 11887
f 11886 11888 11889
f 11888 11890 11891
f 11890 11892 11893
f 11892 11894 11895
f 11894 11896 11897
f 11896 11898 11899
f 11898 11900 11901
f 11900 11902 11903
f 11902 11904 11905
f 11904 11906 11907
f 11906 11908 11909
f 11908 11910 11911
f 11910 11912 11913
f 11912 11914 11915
f 11914 11916 11917
f 11916 11918 11919
f 11918 11920 11921
f 11920 11922 11923
f 11922 11924 11925
f 11924 11926 11927
f 11926 11928 11929
f 11928 11608 11930

o Shape_106
usemtl material_1
f 11608 11931 11932
f 11608 11931 11932

o Shape_107
usemtl material_1
f 11606 11933 11934
f 11606 11933 11934

o Shape_108
usemtl material_1
f 11931 11933 11935
f 11931 11933 11935

o Shape_109
usemtl material_1
f 11936 11933 11937
f 11936 11933 11937

o Shape_110
usemtl material_1
f 11938 11936 11939
f 11938 11936 11939

o Shape_111
usemtl material_1
f 11938 11931 11940
f 11938 11931 11940

o Shape_112
usemtl material_1
f 11938 11936 11939
f 11938 11936 11939

o Shape_113
usemtl material_1
f 11941 11936 11942
f 11941 11936 11942

o Shape_114
usemtl material_1
f 11943 11941 11944
f 11943 11941 11944

o Shape_115
usemtl material_1
f 11943 11938 11945
f 11943 11938 11945

o Shape_116
usemtl material_1
f 11946 11947 11948
f 11946 11947 11948

o Shape_117
usemtl material_1
f 11949 11947 11950
f 11949 11947 11950

o Shape_118
usemtl material_1
f 11951 11949 11952
f 11951 11949 11952

o Shape_119
usemtl material_1
f 11951 11946 11953
f 11951 11946 11953

o Shape_120
usemtl material_1
f 11951 11949 11952
f 11951 11949 11952

o Shape_121
usemtl material_1
f 11954 11949 11955
f 11954 11949 11955

o Shape_122
usemtl material_1
f 11956 11954 11957
f 11956 11954 11957

o Shape_123
usemtl material_1
f 11956 11951 11958
f 11956 11951 11958

o Shape_124
usemtl material_1
f 11956 11954 11957
f 11956 11954 11957

o Shape_125
usemtl material_1
f 11959 11954 11960
f 11959 11954 11960

o Shape_126
usemtl material_1
f 11961 11959 11962
f 11961 11959 11962

o Shape_127
usemtl material_1
f 11961 11956 11963
f 11961 11956 11963

o Shape_128
usemtl material_1
f 11961 11959 11962
f 11961 11959 11962

o Shape_129
usemtl material_1
f 11964 11959 11965
f 11964 11959 11965

o Shape_130
usemtl material_1
f 11966 11964 11967
f 11966 11964 11967

o Shape_131
usemtl material_1
f 11966 11961 11968
f 11966 11961 11968

o Shape_132
usemtl material_1
f 11966 11964 11967
f 11966 11964 11967

o Shape_133
usemtl material_1
f 11594 11964 11969
f 11594 11964 11969

o Shape_134
usemtl material_1
f 11593 11594 11595
f 11593 11594 11595

o Shape_135
usemtl material_1
f 11593 11966 11970
f 11593 11966 11970

o Shape_136
usemtl material_1
f 11964 11959 11965
f 11964 11959 11965

o Shape_137
usemtl material_1
f 11959 11954 11960
f 11959 11954 11960

o Shape_138
usemtl material_1
f 11954 11949 11955
f 11954 11949 11955

o Shape_139
usemtl material_1
f 11949 11947 11950
f 11949 11947 11950

o Shape_140
usemtl material_1
f 11947 11941 11971
f 11947 11941 11971

o Shape_141
usemtl material_1
f 11941 11936 11942
f 11941 11936 11942

o Shape_142
usemtl material_1
f 11936 11933 11937
f 11936 11933 11937

o Shape_143
usemtl material_1
f 11933 11606 11972
f 11933 11606 11972

o Shape_144
usemtl material_1
f 11606 11601 11607
f 11606 11601 11607

o Shape_145
usemtl material_1
f 11601 11596 11602
f 11601 11596 11602

o Shape_146
usemtl material_1
f 11596 11594 11597
f 11596 11594 11597

o Shape_147
usemtl material_1
f 11594 11964 11969
f 11594 11964 11969

o Shape_148
usemtl material_1
f 11598 11593 11600
f 11598 11593 11600

o Shape_149
usemtl material_1
f 11603 11598 11605
f 11603 11598 11605

o Shape_150
usemtl material_1
f 11608 11603 11610
f 11608 11603 11610

o Shape_151
usemtl material_1
f 11931 11608 11973
f 11931 11608 11973

o Shape_152
usemtl material_1
f 11938 11931 11940
f 11938 11931 11940

o Shape_153
usemtl material_1
f 11943 11938 11945
f 11943 11938 11945

o Shape_154
usemtl material_1
f 11946 11943 11974
f 11946 11943 11974

o Shape_155
usemtl material_1
f 11951 11946 11953
f 11951 11946 11953

o Shape_156
usemtl material_1
f 11956 11951 11958
f 11956 11951 11958

o Shape_157
usemtl material_1
f 11961 11956 11963
f 11961 11956 11963

o Shape_158
usemtl material_1
f 11966 11961 11968
f 11966 11961 11968

o Shape_159
usemtl material_1
f 11593 11966 11970
f 11593 11966 11970

o Shape_160
usemtl material_1
f 11975 11976 11977
f 11975 11976 11977

o Shape_161
usemtl material_1
f 11978 11976 11979
f 11978 11976 11979

o Shape_162
usemtl material_1
f 11980 11978 11981
f 11980 11978 11981

o Shape_163
usemtl material_1
f 11980 11975 11982
f 11980 11975 11982

o Shape_164
usemtl material_1
f 11983 11984 11985
f 11983 11984 11985

o Shape_165
usemtl material_1
f 11976 11984 11986
f 11976 11984 11986

o Shape_166
usemtl material_1
f 11975 11976 11977
f 11975 11976 11977

o Shape_167
usemtl material_1
f 11975 11983 11987
f 11975 11983 11987

o Shape_168
usemtl material_1
f 11988 11989 11990
f 11988 11989 11990

o Shape_169
usemtl material_1
f 11984 11989 11991
f 11984 11989 11991

o Shape_170
usemtl material_1
f 11983 11984 11985
f 11983 11984 11985

o Shape_171
usemtl material_1
f 11983 11988 11992
f 11983 11988 11992

o Shape_172
usemtl material_1
f 11980 11978 11981
f 11980 11978 11981

o Shape_173
usemtl material_1
f 11989 11978 11993
f 11989 11978 11993

o Shape_174
usemtl material_1
f 11988 11989 11990
f 11988 11989 11990

o Shape_175
usemtl material_1
f 11988 11980 11994
f 11988 11980 11994

o Shape_176
usemtl material_1
f 11978 11976 11979
f 11978 11976 11979

o Shape_177
usemtl material_1
f 11976 11984 11986
f 11976 11984 11986

o Shape_178
usemtl material_1
f 11984 11989 11991
f 11984 11989 11991

o Shape_179
usemtl material_1
f 11989 11978 11993
f 11989 11978 11993

o Shape_180
usemtl material_1
f 11995 11996 11997
f 11995 11996 11997

o Shape_181
usemtl material_1
f 11998 11996 11999
f 11998 11996 11999

o Shape_182
usemtl material_1
f 12000 11998 12001
f 12000 11998 12001

o Shape_183
usemtl material_1
f 12000 11995 12002
f 12000 11995 12002

o Shape_184
usemtl material_1
f 12003 12004 12005
f 12003 12004 12005

o Shape_185
usemtl material_1
f 11996 12004 12006
f 11996 12004 12006

o Shape_186
usemtl material_1
f 11995 11996 11997
f 11995 11996 11997

o Shape_187
usemtl material_1
f 11995 12003 12007
f 11995 12003 12007

o Shape_188
usemtl material_1
f 12008 12009 12010
f 12008 12009 12010

o Shape_189
usemtl material_1
f 12004 12009 12011
f 12004 12009 12011

o Shape_190
usemtl material_1
f 12003 12004 12005
f 12003 12004 12005

o Shape_191
usemtl material_1
f 12003 12008 12012
f 12003 12008 12012

o Shape_192
usemtl material_1
f 12000 11998 12001
f 12000 11998 12001

o Shape_193
usemtl material_1
f 12009 11998 12013
f 12009 11998 12013

o Shape_194
usemtl material_1
f 12008 12009 12010
f 12008 12009 12010

o Shape_195
usemtl material_1
f 12008 12000 12014
f 12008 12000 12014

o Shape_196
usemtl material_1
f 11998 11996 11999
f 11998 11996 11999

o Shape_197
usemtl material_1
f 11996 12004 12006
f 11996 12004 12006

o Shape_198
usemtl material_1
f 12004 12009 12011
f 12004 12009 12011

o Shape_199
usemtl material_1
f 12009 11998 12013
f 12009 11998 12013

o Shape_200
usemtl material_1
f 12015 12016 12017
f 12015 12016 12017

o Shape_201
usemtl material_1
f 12018 12016 12019
f 12018 12016 12019

o Shape_202
usemtl material_1
f 12020 12018 12021
f 12020 12018 12021

o Shape_203
usemtl material_1
f 12020 12015 12022
f 12020 12015 12022

o Shape_204
usemtl material_1
f 12023 12024 12025
f 12023 12024 12025

o Shape_205
usemtl material_1
f 12016 12024 12026
f 12016 12024 12026

o Shape_206
usemtl material_1
f 12015 12016 12017
f 12015 12016 12017

o Shape_207
usemtl material_1
f 12015 12023 12027
f 12015 12023 12027

o Shape_208
usemtl material_1
f 12028 12029 12030
f 12028 12029 12030

o Shape_209
usemtl material_1
f 12024 12029 12031
f 12024 12029 12031

o Shape_210
usemtl material_1
f 12023 12024 12025
f 12023 12024 12025

o Shape_211
usemtl material_1
f 12023 12028 12032
f 12023 12028 12032

o Shape_212
usemtl material_1
f 12020 12018 12021
f 12020 12018 12021

o Shape_213
usemtl material_1
f 12029 12018 12033
f 12029 12018 12033

o Shape_214
usemtl material_1
f 12028 12029 12030
f 12028 12029 12030

o Shape_215
usemtl material_1
f 12028 12020 12034
f 12028 12020 12034

o Shape_216
usemtl material_1
f 12018 12016 12019
f 12018 12016 12019

o Shape_217
usemtl material_1
f 12016 12024 12026
f 12016 12024 12026

o Shape_218
usemtl material_1
f 12024 12029 12031
f 12024 12029 12031

o Shape_219
usemtl material_1
f 12029 12018 12033
f 12029 12018 12033

o Shape_220
usemtl material_1
f 11585 12035 12036
f 11585 12035 12036

o Shape_221
usemtl material_1
f 12037 12035 12038
f 12037 12035 12038

o Shape_222
usemtl material_1
f 11588 12037 12039
f 11588 12037 12039

o Shape_223
usemtl material_1
f 11588 11585 11589
f 11588 11585 11589

o Shape_224
usemtl material_1
f 11586 12040 12041
f 11586 12040 12041

o Shape_225
usemtl material_1
f 12035 12040 12042
f 12035 12040 12042

o Shape_226
usemtl material_1
f 11585 12035 12036
f 11585 12035 12036

o Shape_227
usemtl material_1
f 11585 11586 11587
f 11585 11586 11587

o Shape_228
usemtl material_1
f 11590 12043 12044
f 11590 12043 12044

o Shape_229
usemtl material_1
f 12040 12043 12045
f 12040 12043 12045

o Shape_230
usemtl material_1
f 11586 12040 12041
f 11586 12040 12041

o Shape_231
usemtl material_1
f 11586 11590 11592
f 11586 11590 11592

o Shape_232
usemtl material_1
f 11588 12037 12039
f 11588 12037 12039

o Shape_233
usemtl material_1
f 12043 12037 12046
f 12043 12037 12046

o Shape_234
usemtl material_1
f 11590 12043 12044
f 11590 12043 12044

o Shape_235
usemtl material_1
f 11590 11588 11591
f 11590 11588 11591

o Shape_236
usemtl material_1
f 12037 12035 12038
f 12037 12035 12038

o Shape_237
usemtl material_1
f 12035 12040 12042
f 12035 12040 12042

o Shape_238
usemtl material_1
f 12040 12043 12045
f 12040 12043 12045

o Shape_239
usemtl material_1
f 12043 12037 12046
f 12043 12037 12046

o Shape_240
usemtl material_1
f 12047 12048 12049
f 12048 12050 12051
f 12050 12052 12053
f 12052 12054 12055
f 12054 12056 12057
f 12056 12058 12059
f 12058 12060 12061
f 12060 12062 12063
f 12062 12064 12065
f 12064 12066 12067
f 12066 12068 12069
f 12068 12070 12071
f 12070 12072 12073
f 12072 12074 12075
f 12074 12076 12077
f 12076 12078 12079
f 12078 12080 12081
f 12080 12082 12083
f 12082 12084 12085
f 12084 12086 12087
f 12086 12088 12089
f 12088 12090 12091
f 12090 12092 12093
f 12092 12094 12095
f 12094 12096 12097
f 12096 12098 12099
f 12098 12100 12101
f 12100 12102 12103
f 12102 12104 12105
f 12104 12106 12107
f 12106 12108 12109
f 12108 12110 12111
f 12110 12112 12113
f 12112 12114 12115
f 12114 12116 12117
f 12116 12118 12119
f 12118 12120 12121
f 12120 12122 12123
f 12122 12124 12125
f 12124 12126 12127
f 12126 12128 12129
f 12128 12130 12131
f 12130 12132 12133
f 12132 12134 12135
f 12134 12136 12137
f 12136 12138 12139
f 12138 12140 12141
f 12140 12142 12143
f 12142 12144 12145
f 12144 12146 12147
f 12146 12148 12149
f 12148 12150 12151
f 12150 12152 12153
f 12152 12154 12155
f 12154 12156 12157
f 12156 12158 12159
f 12158 12160 12161
f 12160 12162 12163
f 12162 12164 12165
f 12164 12166 12167
f 12166 12168 12169
f 12168 12170 12171
f 12170 12172 12173
f 12172 12174 12175
f 12174 12176 12177
f 12176 12178 12179
f 12178 12180 12181
f 12180 12182 12183
f 12182 12184 12185
f 12184 12186 12187
f 12186 12188 12189
f 12188 12190 12191
f 12190 12192 12193
f 12192 12194 12195
f 12194 12196 12197
f 12196 12198 12199
f 12198 12200 12201
f 12200 12202 12203
f 12202 12204 12205
f 12204 12206 12207
f 12206 12208 12209
f 12208 12210 12211
f 12210 12212 12213
f 12212 12214 12215
f 12214 12216 12217
f 12216 12218 12219
f 12218 12220 12221
f 12220 12222 12223
f 12222 12047 12224

o Shape_241
usemtl material_1
f 12225 12226 12227
f 12226 12228 12229
f 12228 12230 12231
f 12230 12232 12233
f 12232 12234 12235
f 12234 12236 12237
f 12236 12238 12239
f 12238 12240 12241
f 12240 12242 12243
f 12242 12244 12245
f 12244 12246 12247
f 12246 12248 12249
f 12248 12250 12251
f 12250 12252 12253
f 12252 12254 12255
f 12254 12256 12257
f 12256 12258 12259
f 12258 12260 12261
f 12260 12262 12263
f 12262 12264 12265
f 12264 12266 12267
f 12266 12268 12269
f 12268 12270 12271
f 12270 12272 12273
f 12272 12274 12275
f 12274 12276 12277
f 12276 12278 12279
f 12278 12280 12281
f 12280 12282 12283
f 12282 12284 12285
f 12284 12286 12287
f 12286 12288 12289
f 12288 12290 12291
f 12290 12292 12293
f 12292 12294 12295
f 12294 12296 12297
f 12296 12298 12299
f 12298 12300 12301
f 12300 12302 12303
f 12302 12304 12305
f 12304 12306 12307
f 12306 12308 12309
f 12308 12310 12311
f 12310 12312 12313
f 12312 12314 12315
f 12314 12316 12317
f 12316 12318 12319
f 12318 12320 12321
f 12320 12322 12323
f 12322 12324 12325
f 12324 12326 12327
f 12326 12328 12329
f 12328 12330 12331
f 12330 12332 12333
f 12332 12334 12335
f 12334 12336 12337
f 12336 12338 12339
f 12338 12340 12341
f 12340 12342 12343
f 12342 12344 12345
f 12344 12346 12347
f 12346 12348 12349
f 12348 12350 12351
f 12350 12352 12353
f 12352 12354 12355
f 12354 12356 12357
f 12356 12358 12359
f 12358 12360 12361
f 12360 12362 12363
f 12362 12364 12365
f 12364 12366 12367
f 12366 12368 12369
f 12368 12370 12371
f 12370 12372 12373
f 12372 12374 12375
f 12374 12376 12377
f 12376 12378 12379
f 12378 12380 12381
f 12380 12382 12383
f 12382 12384 12385
f 12384 12386 12387
f 12386 12388 12389
f 12388 12390 12391
f 12390 12392 12393
f 12392 12394 12395
f 12394 12396 12397
f 12396 12398 12399
f 12398 12400 12401
f 12400 12225 12402

