mtllib 15190_D-009.mtl

v 163.1844 631.6552 15896.5400
v 163.1836 631.7470 15896.5400
v 163.1838 631.7016 15896.5400
v 163.1812 631.8389 15896.5400
v 163.1821 631.7935 15896.5400
v 163.1772 631.9307 15896.5400
v 163.1789 631.8853 15896.5400
v 163.1715 632.0223 15896.5400
v 163.1741 631.9770 15896.5400
v 163.1643 632.1139 15896.5400
v 163.1677 632.0687 15896.5400
v 163.1555 632.2054 15896.5400
v 163.1597 632.1602 15896.5400
v 163.1451 632.2966 15896.5400
v 163.1501 632.2515 15896.5400
v 163.1331 632.3878 15896.5400
v 163.1389 632.3427 15896.5400
v 163.1196 632.4786 15896.5400
v 163.1261 632.4337 15896.5400
v 163.1044 632.5692 15896.5400
v 163.1117 632.5244 15896.5400
v 163.0876 632.6595 15896.5400
v 163.0957 632.6149 15896.5400
v 163.0693 632.7496 15896.5400
v 163.0782 632.7050 15896.5400
v 163.0495 632.8392 15896.5400
v 163.0591 632.7949 15896.5400
v 163.0280 632.9286 15896.5400
v 163.0384 632.8844 15896.5400
v 163.0050 633.0175 15896.5400
v 163.0162 632.9735 15896.5400
v 162.9805 633.1060 15896.5400
v 162.9924 633.0623 15896.5400
v 162.9544 633.1942 15896.5400
v 162.9671 633.1505 15896.5400
v 162.9267 633.2817 15896.5400
v 162.9402 633.2384 15896.5400
v 162.8976 633.3689 15896.5400
v 162.9118 633.3257 15896.5400
v 162.8669 633.4554 15896.5400
v 162.8819 633.4126 15896.5400
v 162.8347 633.5415 15896.5400
v 162.8505 633.4989 15896.5400
v 162.8011 633.6270 15896.5400
v 162.8175 633.5847 15896.5400
v 162.7659 633.7119 15896.5400
v 162.7831 633.6699 15896.5400
v 162.7293 633.7961 15896.5400
v 162.7472 633.7544 15896.5400
v 162.6912 633.8797 15896.5400
v 162.7098 633.8383 15896.5400
v 162.6516 633.9626 15896.5400
v 162.6710 633.9216 15896.5400
v 162.6106 634.0449 15896.5400
v 162.6307 634.0042 15896.5400
v 162.5682 634.1263 15896.5400
v 162.5890 634.0860 15896.5400
v 162.5244 634.2071 15896.5400
v 162.5459 634.1671 15896.5400
v 162.4792 634.2870 15896.5400
v 162.5013 634.2474 15896.5400
v 162.4325 634.3662 15896.5400
v 162.4554 634.3270 15896.5400
v 162.3845 634.4445 15896.5400
v 162.4081 634.4057 15896.5400
v 162.3352 634.5220 15896.5400
v 162.3594 634.4836 15896.5400
v 162.2845 634.5986 15896.5400
v 162.3093 634.5607 15896.5400
v 162.2324 634.6743 15896.5400
v 162.2580 634.6368 15896.5400
v 162.1791 634.7491 15896.5400
v 162.2053 634.7120 15896.5400
v 162.1244 634.8230 15896.5400
v 162.1513 634.7864 15896.5400
v 162.0685 634.8959 15896.5400
v 162.0960 634.8597 15896.5400
v 162.0113 634.9678 15896.5400
v 162.0394 634.9321 15896.5400
v 161.9529 635.0386 15896.5400
v 161.9816 635.0035 15896.5400
v 161.8932 635.1085 15896.5400
v 161.9225 635.0739 15896.5400
v 161.8323 635.1773 15896.5400
v 161.8623 635.1432 15896.5400
v 161.7703 635.2451 15896.5400
v 161.8008 635.2114 15896.5400
v 161.7070 635.3117 15896.5400
v 161.7381 635.2786 15896.5400
v 161.6426 635.3772 15896.5400
v 161.6743 635.3447 15896.5400
v 161.5771 635.4416 15896.5400
v 161.6094 635.4096 15896.5400
v 161.5105 635.5048 15896.5400
v 161.5433 635.4734 15896.5400
v 161.4427 635.5669 15896.5400
v 161.4761 635.5361 15896.5400
v 161.3739 635.6277 15896.5400
v 161.4078 635.5975 15896.5400
v 161.3041 635.6874 15896.5400
v 161.3385 635.6578 15896.5400
v 161.2332 635.7458 15896.5400
v 161.2681 635.7169 15896.5400
v 161.1613 635.8030 15896.5400
v 161.1967 635.7747 15896.5400
v 161.0884 635.8590 15896.5400
v 161.1243 635.8312 15896.5400
v 161.0146 635.9136 15896.5400
v 161.0509 635.8865 15896.5400
v 160.9398 635.9670 15896.5400
v 160.9766 635.9404 15896.5400
v 160.8641 636.0190 15896.5400
v 160.9014 635.9932 15896.5400
v 160.7874 636.0697 15896.5400
v 160.8252 636.0445 15896.5400
v 160.7100 636.1191 15896.5400
v 160.7482 636.0945 15896.5400
v 160.6316 636.1671 15896.5400
v 160.6702 636.1432 15896.5400
v 160.5525 636.2137 15896.5400
v 160.5915 636.1905 15896.5400
v 160.4725 636.2590 15896.5400
v 160.5119 636.2365 15896.5400
v 160.3918 636.3028 15896.5400
v 160.4316 636.2809 15896.5400
v 160.3103 636.3452 15896.5400
v 160.3505 636.3241 15896.5400
v 160.2281 636.3862 15896.5400
v 160.2686 636.3658 15896.5400
v 160.1452 636.4258 15896.5400
v 160.1861 636.4060 15896.5400
v 160.0616 636.4639 15896.5400
v 160.1028 636.4448 15896.5400
v 159.9773 636.5005 15896.5400
v 160.0189 636.4822 15896.5400
v 159.8924 636.5356 15896.5400
v 159.9343 636.5181 15896.5400
v 159.8070 636.5693 15896.5400
v 159.8491 636.5525 15896.5400
v 159.7209 636.6015 15896.5400
v 159.7634 636.5854 15896.5400
v 159.6343 636.6321 15896.5400
v 159.6770 636.6168 15896.5400
v 159.5472 636.6613 15896.5400
v 159.5902 636.6467 15896.5400
v 159.4596 636.6889 15896.5400
v 159.5028 636.6751 15896.5400
v 159.3715 636.7150 15896.5400
v 159.4150 636.7019 15896.5400
v 159.2830 636.7396 15896.5400
v 159.3266 636.7272 15896.5400
v 159.1940 636.7626 15896.5400
v 159.2379 636.7510 15896.5400
v 159.1047 636.7840 15896.5400
v 159.1488 636.7732 15896.5400
v 159.0150 636.8039 15896.5400
v 159.0593 636.7939 15896.5400
v 158.9250 636.8222 15896.5400
v 158.9694 636.8130 15896.5400
v 158.8346 636.8390 15896.5400
v 158.8792 636.8305 15896.5400
v 158.7440 636.8541 15896.5400
v 158.7888 636.8464 15896.5400
v 158.6532 636.8677 15896.5400
v 158.6980 636.8608 15896.5400
v 158.5621 636.8797 15896.5400
v 158.6071 636.8736 15896.5400
v 158.4708 636.8901 15896.5400
v 158.5159 636.8848 15896.5400
v 158.3794 636.8989 15896.5400
v 158.4245 636.8943 15896.5400
v 158.2878 636.9061 15896.5400
v 158.3330 636.9023 15896.5400
v 158.1961 636.9117 15896.5400
v 158.2414 636.9088 15896.5400
v 158.1043 636.9157 15896.5400
v 158.1496 636.9135 15896.5400
v 158.0125 636.9182 15896.5400
v 158.0578 636.9167 15896.5400
v 157.9206 636.9189 15896.5400
v 157.9660 636.9183 15896.5400
v 157.8287 636.9182 15896.5400
v 157.8741 636.9183 15896.5400
v 157.7369 636.9157 15896.5400
v 157.7823 636.9167 15896.5400
v 157.6451 636.9117 15896.5400
v 157.6905 636.9135 15896.5400
v 157.5534 636.9061 15896.5400
v 157.5987 636.9087 15896.5400
v 157.4618 636.8989 15896.5400
v 157.5071 636.9023 15896.5400
v 157.3704 636.8901 15896.5400
v 157.4156 636.8942 15896.5400
v 157.2791 636.8797 15896.5400
v 157.3242 636.8846 15896.5400
v 157.1880 636.8677 15896.5400
v 157.2330 636.8734 15896.5400
v 157.0972 636.8541 15896.5400
v 157.1421 636.8607 15896.5400
v 157.0065 636.8390 15896.5400
v 157.0514 636.8463 15896.5400
v 156.9162 636.8222 15896.5400
v 156.9609 636.8303 15896.5400
v 156.8262 636.8039 15896.5400
v 156.8707 636.8127 15896.5400
v 156.7365 636.7840 15896.5400
v 156.7809 636.7936 15896.5400
v 156.6472 636.7626 15896.5400
v 156.6914 636.7729 15896.5400
v 156.5582 636.7396 15896.5400
v 156.6022 636.7507 15896.5400
v 156.4697 636.7150 15896.5400
v 156.5135 636.7269 15896.5400
v 156.3816 636.6889 15896.5400
v 156.4252 636.7016 15896.5400
v 156.2940 636.6613 15896.5400
v 156.3374 636.6747 15896.5400
v 156.2069 636.6321 15896.5400
v 156.2500 636.6464 15896.5400
v 156.1203 636.6015 15896.5400
v 156.1631 636.6165 15896.5400
v 156.0342 636.5693 15896.5400
v 156.0768 636.5850 15896.5400
v 155.9487 636.5356 15896.5400
v 155.9911 636.5521 15896.5400
v 155.8639 636.5005 15896.5400
v 155.9059 636.5177 15896.5400
v 155.7796 636.4639 15896.5400
v 155.8213 636.4818 15896.5400
v 155.6960 636.4258 15896.5400
v 155.7374 636.4444 15896.5400
v 155.6131 636.3862 15896.5400
v 155.6542 636.4056 15896.5400
v 155.5309 636.3452 15896.5400
v 155.5716 636.3653 15896.5400
v 155.4494 636.3028 15896.5400
v 155.4898 636.3236 15896.5400
v 155.3687 636.2590 15896.5400
v 155.4087 636.2805 15896.5400
v 155.2887 636.2137 15896.5400
v 155.3283 636.2359 15896.5400
v 155.2095 636.1671 15896.5400
v 155.2488 636.1899 15896.5400
v 155.1312 636.1191 15896.5400
v 155.1700 636.1426 15896.5400
v 155.0537 636.0697 15896.5400
v 155.0921 636.0939 15896.5400
v 154.9771 636.0190 15896.5400
v 155.0151 636.0439 15896.5400
v 154.9014 635.9670 15896.5400
v 154.9389 635.9926 15896.5400
v 154.8266 635.9136 15896.5400
v 154.8637 635.9398 15896.5400
v 154.7528 635.8590 15896.5400
v 154.7894 635.8859 15896.5400
v 154.6799 635.8030 15896.5400
v 154.7160 635.8306 15896.5400
v 154.6080 635.7458 15896.5400
v 154.6436 635.7740 15896.5400
v 154.5371 635.6874 15896.5400
v 154.5723 635.7162 15896.5400
v 154.4672 635.6277 15896.5400
v 154.5019 635.6571 15896.5400
v 154.3984 635.5669 15896.5400
v 154.4326 635.5969 15896.5400
v 154.3307 635.5048 15896.5400
v 154.3643 635.5353 15896.5400
v 154.2641 635.4416 15896.5400
v 154.2971 635.4727 15896.5400
v 154.1985 635.3772 15896.5400
v 154.2311 635.4089 15896.5400
v 154.1341 635.3117 15896.5400
v 154.1661 635.3439 15896.5400
v 154.0709 635.2451 15896.5400
v 154.1023 635.2778 15896.5400
v 154.0088 635.1773 15896.5400
v 154.0397 635.2106 15896.5400
v 153.9480 635.1085 15896.5400
v 153.9782 635.1424 15896.5400
v 153.8883 635.0386 15896.5400
v 153.9179 635.0731 15896.5400
v 153.8299 634.9678 15896.5400
v 153.8589 635.0027 15896.5400
v 153.7727 634.8959 15896.5400
v 153.8011 634.9313 15896.5400
v 153.7168 634.8230 15896.5400
v 153.7446 634.8589 15896.5400
v 153.6621 634.7491 15896.5400
v 153.6893 634.7855 15896.5400
v 153.6088 634.6743 15896.5400
v 153.6353 634.7112 15896.5400
v 153.5567 634.5986 15896.5400
v 153.5826 634.6359 15896.5400
v 153.5060 634.5220 15896.5400
v 153.5312 634.5598 15896.5400
v 153.4566 634.4445 15896.5400
v 153.4812 634.4827 15896.5400
v 153.4087 634.3662 15896.5400
v 153.4325 634.4048 15896.5400
v 153.3620 634.2870 15896.5400
v 153.3852 634.3260 15896.5400
v 153.3168 634.2071 15896.5400
v 153.3393 634.2465 15896.5400
v 153.2729 634.1263 15896.5400
v 153.2948 634.1661 15896.5400
v 153.2305 634.0449 15896.5400
v 153.2517 634.0850 15896.5400
v 153.1895 633.9626 15896.5400
v 153.2100 634.0032 15896.5400
v 153.1500 633.8797 15896.5400
v 153.1697 633.9206 15896.5400
v 153.1119 633.7961 15896.5400
v 153.1309 633.8373 15896.5400
v 153.0753 633.7119 15896.5400
v 153.0936 633.7534 15896.5400
v 153.0401 633.6270 15896.5400
v 153.0577 633.6689 15896.5400
v 153.0064 633.5415 15896.5400
v 153.0233 633.5837 15896.5400
v 152.9743 633.4554 15896.5400
v 152.9903 633.4979 15896.5400
v 152.9436 633.3689 15896.5400
v 152.9589 633.4116 15896.5400
v 152.9144 633.2817 15896.5400
v 152.9290 633.3248 15896.5400
v 152.8868 633.1942 15896.5400
v 152.9007 633.2374 15896.5400
v 152.8607 633.1060 15896.5400
v 152.8738 633.1495 15896.5400
v 152.8362 633.0175 15896.5400
v 152.8485 633.0612 15896.5400
v 152.8132 632.9286 15896.5400
v 152.8247 632.9725 15896.5400
v 152.7917 632.8392 15896.5400
v 152.8025 632.8834 15896.5400
v 152.7718 632.7496 15896.5400
v 152.7819 632.7938 15896.5400
v 152.7535 632.6595 15896.5400
v 152.7628 632.7040 15896.5400
v 152.7368 632.5692 15896.5400
v 152.7453 632.6138 15896.5400
v 152.7216 632.4786 15896.5400
v 152.7293 632.5233 15896.5400
v 152.7080 632.3878 15896.5400
v 152.7150 632.4326 15896.5400
v 152.6960 632.2966 15896.5400
v 152.7022 632.3416 15896.5400
v 152.6857 632.2054 15896.5400
v 152.6910 632.2504 15896.5400
v 152.6768 632.1139 15896.5400
v 152.6814 632.1591 15896.5400
v 152.6696 632.0223 15896.5400
v 152.6734 632.0676 15896.5400
v 152.6640 631.9307 15896.5400
v 152.6670 631.9760 15896.5400
v 152.6600 631.8389 15896.5400
v 152.6622 631.8842 15896.5400
v 152.6576 631.7470 15896.5400
v 152.6590 631.7924 15896.5400
v 152.6568 631.6552 15896.5400
v 152.6574 631.7006 15896.5400
v 152.6576 631.5633 15896.5400
v 152.6574 631.6087 15896.5400
v 152.6600 631.4714 15896.5400
v 152.6590 631.5168 15896.5400
v 152.6640 631.3797 15896.5400
v 152.6622 631.4250 15896.5400
v 152.6696 631.2880 15896.5400
v 152.6671 631.3333 15896.5400
v 152.6768 631.1964 15896.5400
v 152.6735 631.2416 15896.5400
v 152.6857 631.1049 15896.5400
v 152.6815 631.1501 15896.5400
v 152.6960 631.0137 15896.5400
v 152.6911 631.0588 15896.5400
v 152.7080 630.9226 15896.5400
v 152.7023 630.9676 15896.5400
v 152.7216 630.8317 15896.5400
v 152.7151 630.8766 15896.5400
v 152.7368 630.7411 15896.5400
v 152.7295 630.7859 15896.5400
v 152.7535 630.6508 15896.5400
v 152.7455 630.6954 15896.5400
v 152.7718 630.5607 15896.5400
v 152.7630 630.6053 15896.5400
v 152.7917 630.4711 15896.5400
v 152.7821 630.5154 15896.5400
v 152.8132 630.3817 15896.5400
v 152.8028 630.4259 15896.5400
v 152.8362 630.2928 15896.5400
v 152.8250 630.3368 15896.5400
v 152.8607 630.2043 15896.5400
v 152.8488 630.2480 15896.5400
v 152.8868 630.1161 15896.5400
v 152.8741 630.1598 15896.5400
v 152.9144 630.0286 15896.5400
v 152.9010 630.0719 15896.5400
v 152.9436 629.9415 15896.5400
v 152.9294 629.9846 15896.5400
v 152.9743 629.8549 15896.5400
v 152.9593 629.8977 15896.5400
v 153.0064 629.7688 15896.5400
v 152.9907 629.8114 15896.5400
v 153.0401 629.6833 15896.5400
v 153.0237 629.7256 15896.5400
v 153.0753 629.5984 15896.5400
v 153.0581 629.6404 15896.5400
v 153.1119 629.5142 15896.5400
v 153.0940 629.5559 15896.5400
v 153.1500 629.4306 15896.5400
v 153.1313 629.4720 15896.5400
v 153.1895 629.3477 15896.5400
v 153.1702 629.3887 15896.5400
v 153.2305 629.2654 15896.5400
v 153.2104 629.3062 15896.5400
v 153.2729 629.1840 15896.5400
v 153.2522 629.2243 15896.5400
v 153.3168 629.1032 15896.5400
v 153.2953 629.1432 15896.5400
v 153.3620 629.0233 15896.5400
v 153.3398 629.0629 15896.5400
v 153.4087 628.9441 15896.5400
v 153.3858 628.9833 15896.5400
v 153.4566 628.8658 15896.5400
v 153.4331 628.9046 15896.5400
v 153.5060 628.7883 15896.5400
v 153.4818 628.8267 15896.5400
v 153.5567 628.7117 15896.5400
v 153.5318 628.7496 15896.5400
v 153.6088 628.6360 15896.5400
v 153.5832 628.6735 15896.5400
v 153.6621 628.5612 15896.5400
v 153.6359 628.5983 15896.5400
v 153.7168 628.4874 15896.5400
v 153.6899 628.5239 15896.5400
v 153.7727 628.4144 15896.5400
v 153.7452 628.4506 15896.5400
v 153.8299 628.3425 15896.5400
v 153.8018 628.3782 15896.5400
v 153.8883 628.2717 15896.5400
v 153.8596 628.3068 15896.5400
v 153.9480 628.2018 15896.5400
v 153.9186 628.2365 15896.5400
v 154.0088 628.1330 15896.5400
v 153.9789 628.1671 15896.5400
v 154.0709 628.0652 15896.5400
v 154.0404 628.0989 15896.5400
v 154.1341 627.9987 15896.5400
v 154.1030 628.0317 15896.5400
v 154.1985 627.9331 15896.5400
v 154.1669 627.9656 15896.5400
v 154.2641 627.8687 15896.5400
v 154.2318 627.9007 15896.5400
v 154.3307 627.8055 15896.5400
v 154.2979 627.8369 15896.5400
v 154.3984 627.7434 15896.5400
v 154.3651 627.7742 15896.5400
v 154.4672 627.6826 15896.5400
v 154.4334 627.7128 15896.5400
v 154.5371 627.6229 15896.5400
v 154.5027 627.6525 15896.5400
v 154.6080 627.5645 15896.5400
v 154.5731 627.5934 15896.5400
v 154.6799 627.5073 15896.5400
v 154.6445 627.5356 15896.5400
v 154.7528 627.4513 15896.5400
v 154.7169 627.4791 15896.5400
v 154.8266 627.3967 15896.5400
v 154.7902 627.4238 15896.5400
v 154.9014 627.3433 15896.5400
v 154.8646 627.3699 15896.5400
v 154.9771 627.2913 15896.5400
v 154.9398 627.3172 15896.5400
v 155.0537 627.2406 15896.5400
v 155.0160 627.2658 15896.5400
v 155.1312 627.1912 15896.5400
v 155.0930 627.2158 15896.5400
v 155.2095 627.1432 15896.5400
v 155.1709 627.1671 15896.5400
v 155.2887 627.0966 15896.5400
v 155.2497 627.1198 15896.5400
v 155.3687 627.0513 15896.5400
v 155.3292 627.0739 15896.5400
v 155.4494 627.0075 15896.5400
v 155.4096 627.0294 15896.5400
v 155.5309 626.9651 15896.5400
v 155.4907 626.9863 15896.5400
v 155.6131 626.9241 15896.5400
v 155.5726 626.9445 15896.5400
v 155.6960 626.8846 15896.5400
v 155.6551 626.9043 15896.5400
v 155.7796 626.8464 15896.5400
v 155.7384 626.8655 15896.5400
v 155.8639 626.8098 15896.5400
v 155.8223 626.8281 15896.5400
v 155.9487 626.7747 15896.5400
v 155.9069 626.7922 15896.5400
v 156.0342 626.7410 15896.5400
v 155.9921 626.7578 15896.5400
v 156.1203 626.7088 15896.5400
v 156.0778 626.7249 15896.5400
v 156.2069 626.6782 15896.5400
v 156.1641 626.6935 15896.5400
v 156.2940 626.6490 15896.5400
v 156.2510 626.6636 15896.5400
v 156.3816 626.6214 15896.5400
v 156.3384 626.6353 15896.5400
v 156.4697 626.5953 15896.5400
v 156.4262 626.6084 15896.5400
v 156.5582 626.5707 15896.5400
v 156.5145 626.5831 15896.5400
v 156.6472 626.5477 15896.5400
v 156.6033 626.5593 15896.5400
v 156.7365 626.5263 15896.5400
v 156.6924 626.5371 15896.5400
v 156.8262 626.5064 15896.5400
v 156.7819 626.5164 15896.5400
v 156.9162 626.4881 15896.5400
v 156.8718 626.4973 15896.5400
v 157.0065 626.4714 15896.5400
v 156.9619 626.4798 15896.5400
v 157.0972 626.4562 15896.5400
v 157.0524 626.4639 15896.5400
v 157.1880 626.4426 15896.5400
v 157.1431 626.4495 15896.5400
v 157.2791 626.4306 15896.5400
v 157.2341 626.4368 15896.5400
v 157.3704 626.4202 15896.5400
v 157.3253 626.4255 15896.5400
v 157.4618 626.4114 15896.5400
v 157.4166 626.4160 15896.5400
v 157.5534 626.4042 15896.5400
v 157.5082 626.4080 15896.5400
v 157.6451 626.3986 15896.5400
v 157.5998 626.4016 15896.5400
v 157.7369 626.3946 15896.5400
v 157.6915 626.3968 15896.5400
v 157.8287 626.3922 15896.5400
v 157.7833 626.3936 15896.5400
v 157.9206 626.3914 15896.5400
v 157.8752 626.3920 15896.5400
v 158.0125 626.3922 15896.5400
v 157.9671 626.3920 15896.5400
v 158.1043 626.3946 15896.5400
v 158.0589 626.3936 15896.5400
v 158.1961 626.3986 15896.5400
v 158.1507 626.3968 15896.5400
v 158.2878 626.4042 15896.5400
v 158.2424 626.4016 15896.5400
v 158.3794 626.4114 15896.5400
v 158.3341 626.4080 15896.5400
v 158.4708 626.4202 15896.5400
v 158.4256 626.4161 15896.5400
v 158.5621 626.4306 15896.5400
v 158.5170 626.4257 15896.5400
v 158.6532 626.4426 15896.5400
v 158.6081 626.4369 15896.5400
v 158.7440 626.4562 15896.5400
v 158.6991 626.4496 15896.5400
v 158.8346 626.4714 15896.5400
v 158.7898 626.4641 15896.5400
v 158.9250 626.4881 15896.5400
v 158.8803 626.4800 15896.5400
v 159.0150 626.5064 15896.5400
v 158.9705 626.4976 15896.5400
v 159.1047 626.5263 15896.5400
v 159.0603 626.5167 15896.5400
v 159.1940 626.5477 15896.5400
v 159.1498 626.5374 15896.5400
v 159.2830 626.5707 15896.5400
v 159.2390 626.5596 15896.5400
v 159.3715 626.5953 15896.5400
v 159.3277 626.5834 15896.5400
v 159.4596 626.6214 15896.5400
v 159.4160 626.6087 15896.5400
v 159.5472 626.6490 15896.5400
v 159.5038 626.6356 15896.5400
v 159.6343 626.6782 15896.5400
v 159.5912 626.6639 15896.5400
v 159.7209 626.7088 15896.5400
v 159.6780 626.6938 15896.5400
v 159.8070 626.7410 15896.5400
v 159.7644 626.7253 15896.5400
v 159.8924 626.7747 15896.5400
v 159.8501 626.7582 15896.5400
v 159.9773 626.8098 15896.5400
v 159.9353 626.7927 15896.5400
v 160.0616 626.8464 15896.5400
v 160.0198 626.8286 15896.5400
v 160.1452 626.8846 15896.5400
v 160.1038 626.8659 15896.5400
v 160.2281 626.9241 15896.5400
v 160.1870 626.9047 15896.5400
v 160.3103 626.9651 15896.5400
v 160.2696 626.9450 15896.5400
v 160.3918 627.0075 15896.5400
v 160.3514 626.9868 15896.5400
v 160.4725 627.0513 15896.5400
v 160.4325 627.0298 15896.5400
v 160.5525 627.0966 15896.5400
v 160.5129 627.0744 15896.5400
v 160.6316 627.1432 15896.5400
v 160.5924 627.1204 15896.5400
v 160.7100 627.1912 15896.5400
v 160.6711 627.1677 15896.5400
v 160.7874 627.2406 15896.5400
v 160.7490 627.2164 15896.5400
v 160.8641 627.2913 15896.5400
v 160.8261 627.2664 15896.5400
v 160.9398 627.3433 15896.5400
v 160.9022 627.3177 15896.5400
v 161.0146 627.3967 15896.5400
v 160.9775 627.3705 15896.5400
v 161.0884 627.4513 15896.5400
v 161.0518 627.4245 15896.5400
v 161.1613 627.5073 15896.5400
v 161.1252 627.4797 15896.5400
v 161.2332 627.5645 15896.5400
v 161.1975 627.5363 15896.5400
v 161.3041 627.6229 15896.5400
v 161.2689 627.5941 15896.5400
v 161.3739 627.6826 15896.5400
v 161.3393 627.6532 15896.5400
v 161.4427 627.7434 15896.5400
v 161.4086 627.7135 15896.5400
v 161.5105 627.8055 15896.5400
v 161.4769 627.7750 15896.5400
v 161.5771 627.8687 15896.5400
v 161.5440 627.8376 15896.5400
v 161.6426 627.9331 15896.5400
v 161.6101 627.9014 15896.5400
v 161.7070 627.9987 15896.5400
v 161.6751 627.9664 15896.5400
v 161.7703 628.0652 15896.5400
v 161.7389 628.0325 15896.5400
v 161.8323 628.1330 15896.5400
v 161.8015 628.0997 15896.5400
v 161.8932 628.2018 15896.5400
v 161.8630 628.1679 15896.5400
v 161.9529 628.2717 15896.5400
v 161.9232 628.2372 15896.5400
v 162.0113 628.3425 15896.5400
v 161.9823 628.3076 15896.5400
v 162.0685 628.4144 15896.5400
v 162.0401 628.3790 15896.5400
v 162.1244 628.4874 15896.5400
v 162.0966 628.4514 15896.5400
v 162.1791 628.5612 15896.5400
v 162.1519 628.5248 15896.5400
v 162.2324 628.6360 15896.5400
v 162.2059 628.5991 15896.5400
v 162.2845 628.7117 15896.5400
v 162.2586 628.6744 15896.5400
v 162.3352 628.7883 15896.5400
v 162.3099 628.7505 15896.5400
v 162.3845 628.8658 15896.5400
v 162.3600 628.8276 15896.5400
v 162.4325 628.9441 15896.5400
v 162.4086 628.9055 15896.5400
v 162.4792 629.0233 15896.5400
v 162.4559 628.9843 15896.5400
v 162.5244 629.1032 15896.5400
v 162.5019 629.0638 15896.5400
v 162.5682 629.1840 15896.5400
v 162.5464 629.1442 15896.5400
v 162.6106 629.2654 15896.5400
v 162.5895 629.2253 15896.5400
v 162.6516 629.3477 15896.5400
v 162.6312 629.3071 15896.5400
v 162.6912 629.4306 15896.5400
v 162.6715 629.3897 15896.5400
v 162.7293 629.5142 15896.5400
v 162.7103 629.4730 15896.5400
v 162.7659 629.5984 15896.5400
v 162.7476 629.5569 15896.5400
v 162.8011 629.6833 15896.5400
v 162.7835 629.6414 15896.5400
v 162.8347 629.7688 15896.5400
v 162.8179 629.7266 15896.5400
v 162.8669 629.8549 15896.5400
v 162.8508 629.8124 15896.5400
v 162.8976 629.9415 15896.5400
v 162.8822 629.8987 15896.5400
v 162.9267 630.0286 15896.5400
v 162.9121 629.9855 15896.5400
v 162.9544 630.1161 15896.5400
v 162.9405 630.0729 15896.5400
v 162.9805 630.2043 15896.5400
v 162.9674 630.1608 15896.5400
v 163.0050 630.2928 15896.5400
v 162.9927 630.2491 15896.5400
v 163.0280 630.3817 15896.5400
v 163.0164 630.3378 15896.5400
v 163.0495 630.4711 15896.5400
v 163.0387 630.4269 15896.5400
v 163.0693 630.5607 15896.5400
v 163.0593 630.5165 15896.5400
v 163.0876 630.6508 15896.5400
v 163.0784 630.6063 15896.5400
v 163.1044 630.7411 15896.5400
v 163.0959 630.6965 15896.5400
v 163.1196 630.8317 15896.5400
v 163.1119 630.7870 15896.5400
v 163.1331 630.9226 15896.5400
v 163.1262 630.8777 15896.5400
v 163.1451 631.0137 15896.5400
v 163.1390 630.9687 15896.5400
v 163.1555 631.1049 15896.5400
v 163.1502 631.0599 15896.5400
v 163.1643 631.1964 15896.5400
v 163.1598 631.1512 15896.5400
v 163.1715 631.2880 15896.5400
v 163.1678 631.2427 15896.5400
v 163.1772 631.3797 15896.5400
v 163.1742 631.3344 15896.5400
v 163.1812 631.4714 15896.5400
v 163.1790 631.4261 15896.5400
v 163.1836 631.5633 15896.5400
v 163.1822 631.5179 15896.5400
v 163.1838 631.6097 15896.5400
v 163.1844 157.9155 15896.5400
v 163.1836 158.0074 15896.5400
v 163.1838 157.9620 15896.5400
v 163.1812 158.0992 15896.5400
v 163.1821 158.0538 15896.5400
v 163.1772 158.1910 15896.5400
v 163.1789 158.1456 15896.5400
v 163.1715 158.2827 15896.5400
v 163.1741 158.2374 15896.5400
v 163.1643 158.3743 15896.5400
v 163.1677 158.3290 15896.5400
v 163.1555 158.4657 15896.5400
v 163.1597 158.4205 15896.5400
v 163.1451 158.5570 15896.5400
v 163.1501 158.5119 15896.5400
v 163.1331 158.6481 15896.5400
v 163.1389 158.6030 15896.5400
v 163.1196 158.7389 15896.5400
v 163.1261 158.6940 15896.5400
v 163.1044 158.8295 15896.5400
v 163.1117 158.7847 15896.5400
v 163.0876 158.9199 15896.5400
v 163.0957 158.8752 15896.5400
v 163.0693 159.0099 15896.5400
v 163.0782 158.9654 15896.5400
v 163.0495 159.0996 15896.5400
v 163.0591 159.0552 15896.5400
v 163.0280 159.1889 15896.5400
v 163.0384 159.1447 15896.5400
v 163.0050 159.2779 15896.5400
v 163.0162 159.2339 15896.5400
v 162.9805 159.3664 15896.5400
v 162.9924 159.3226 15896.5400
v 162.9544 159.4545 15896.5400
v 162.9671 159.4109 15896.5400
v 162.9267 159.5421 15896.5400
v 162.9402 159.4987 15896.5400
v 162.8976 159.6292 15896.5400
v 162.9118 159.5861 15896.5400
v 162.8669 159.7158 15896.5400
v 162.8819 159.6729 15896.5400
v 162.8347 159.8019 15896.5400
v 162.8505 159.7593 15896.5400
v 162.8011 159.8873 15896.5400
v 162.8175 159.8450 15896.5400
v 162.7659 159.9722 15896.5400
v 162.7831 159.9302 15896.5400
v 162.7293 160.0565 15896.5400
v 162.7472 160.0148 15896.5400
v 162.6912 160.1401 15896.5400
v 162.7098 160.0987 15896.5400
v 162.6516 160.2230 15896.5400
v 162.6710 160.1819 15896.5400
v 162.6106 160.3052 15896.5400
v 162.6307 160.2645 15896.5400
v 162.5682 160.3867 15896.5400
v 162.5890 160.3463 15896.5400
v 162.5244 160.4674 15896.5400
v 162.5459 160.4274 15896.5400
v 162.4792 160.5474 15896.5400
v 162.5013 160.5078 15896.5400
v 162.4325 160.6265 15896.5400
v 162.4554 160.5873 15896.5400
v 162.3845 160.7049 15896.5400
v 162.4081 160.6661 15896.5400
v 162.3352 160.7823 15896.5400
v 162.3594 160.7440 15896.5400
v 162.2845 160.8590 15896.5400
v 162.3093 160.8210 15896.5400
v 162.2324 160.9347 15896.5400
v 162.2580 160.8971 15896.5400
v 162.1791 161.0095 15896.5400
v 162.2053 160.9724 15896.5400
v 162.1244 161.0833 15896.5400
v 162.1513 161.0467 15896.5400
v 162.0685 161.1562 15896.5400
v 162.0960 161.1201 15896.5400
v 162.0113 161.2281 15896.5400
v 162.0394 161.1924 15896.5400
v 161.9529 161.2990 15896.5400
v 161.9816 161.2638 15896.5400
v 161.8932 161.3689 15896.5400
v 161.9225 161.3342 15896.5400
v 161.8323 161.4377 15896.5400
v 161.8623 161.4035 15896.5400
v 161.7703 161.5054 15896.5400
v 161.8008 161.4718 15896.5400
v 161.7070 161.5720 15896.5400
v 161.7381 161.5390 15896.5400
v 161.6426 161.6375 15896.5400
v 161.6743 161.6050 15896.5400
v 161.5771 161.7019 15896.5400
v 161.6094 161.6700 15896.5400
v 161.5105 161.7652 15896.5400
v 161.5433 161.7338 15896.5400
v 161.4427 161.8272 15896.5400
v 161.4761 161.7964 15896.5400
v 161.3739 161.8881 15896.5400
v 161.4078 161.8579 15896.5400
v 161.3041 161.9478 15896.5400
v 161.3385 161.9181 15896.5400
v 161.2332 162.0062 15896.5400
v 161.2681 161.9772 15896.5400
v 161.1613 162.0634 15896.5400
v 161.1967 162.0350 15896.5400
v 161.0884 162.1193 15896.5400
v 161.1243 162.0915 15896.5400
v 161.0146 162.1740 15896.5400
v 161.0509 162.1468 15896.5400
v 160.9398 162.2273 15896.5400
v 160.9766 162.2008 15896.5400
v 160.8641 162.2794 15896.5400
v 160.9014 162.2535 15896.5400
v 160.7874 162.3301 15896.5400
v 160.8252 162.3048 15896.5400
v 160.7100 162.3794 15896.5400
v 160.7482 162.3549 15896.5400
v 160.6316 162.4274 15896.5400
v 160.6702 162.4035 15896.5400
v 160.5525 162.4741 15896.5400
v 160.5915 162.4508 15896.5400
v 160.4725 162.5193 15896.5400
v 160.5119 162.4968 15896.5400
v 160.3918 162.5631 15896.5400
v 160.4316 162.5413 15896.5400
v 160.3103 162.6056 15896.5400
v 160.3505 162.5844 15896.5400
v 160.2281 162.6465 15896.5400
v 160.2686 162.6261 15896.5400
v 160.1452 162.6861 15896.5400
v 160.1861 162.6664 15896.5400
v 160.0616 162.7242 15896.5400
v 160.1028 162.7052 15896.5400
v 159.9773 162.7608 15896.5400
v 160.0189 162.7425 15896.5400
v 159.8924 162.7960 15896.5400
v 159.9343 162.7784 15896.5400
v 159.8070 162.8297 15896.5400
v 159.8491 162.8128 15896.5400
v 159.7209 162.8618 15896.5400
v 159.7634 162.8457 15896.5400
v 159.6343 162.8925 15896.5400
v 159.6770 162.8772 15896.5400
v 159.5472 162.9216 15896.5400
v 159.5902 162.9070 15896.5400
v 159.4596 162.9493 15896.5400
v 159.5028 162.9354 15896.5400
v 159.3715 162.9754 15896.5400
v 159.4150 162.9623 15896.5400
v 159.2830 162.9999 15896.5400
v 159.3266 162.9876 15896.5400
v 159.1940 163.0229 15896.5400
v 159.2379 163.0114 15896.5400
v 159.1047 163.0444 15896.5400
v 159.1488 163.0336 15896.5400
v 159.0150 163.0642 15896.5400
v 159.0593 163.0542 15896.5400
v 158.9250 163.0826 15896.5400
v 158.9694 163.0733 15896.5400
v 158.8346 163.0993 15896.5400
v 158.8792 163.0908 15896.5400
v 158.7440 163.1145 15896.5400
v 158.7888 163.1068 15896.5400
v 158.6532 163.1281 15896.5400
v 158.6980 163.1211 15896.5400
v 158.5621 163.1400 15896.5400
v 158.6071 163.1339 15896.5400
v 158.4708 163.1504 15896.5400
v 158.5159 163.1451 15896.5400
v 158.3794 163.1592 15896.5400
v 158.4245 163.1547 15896.5400
v 158.2878 163.1664 15896.5400
v 158.3330 163.1627 15896.5400
v 158.1961 163.1721 15896.5400
v 158.2414 163.1691 15896.5400
v 158.1043 163.1761 15896.5400
v 158.1496 163.1739 15896.5400
v 158.0125 163.1785 15896.5400
v 158.0578 163.1771 15896.5400
v 157.9206 163.1793 15896.5400
v 157.9660 163.1787 15896.5400
v 157.8287 163.1785 15896.5400
v 157.8741 163.1787 15896.5400
v 157.7369 163.1761 15896.5400
v 157.7823 163.1770 15896.5400
v 157.6451 163.1721 15896.5400
v 157.6905 163.1738 15896.5400
v 157.5534 163.1664 15896.5400
v 157.5987 163.1690 15896.5400
v 157.4618 163.1592 15896.5400
v 157.5071 163.1626 15896.5400
v 157.3704 163.1504 15896.5400
v 157.4156 163.1546 15896.5400
v 157.2791 163.1400 15896.5400
v 157.3242 163.1450 15896.5400
v 157.1880 163.1281 15896.5400
v 157.2330 163.1338 15896.5400
v 157.0972 163.1145 15896.5400
v 157.1421 163.1210 15896.5400
v 157.0065 163.0993 15896.5400
v 157.0514 163.1066 15896.5400
v 156.9162 163.0826 15896.5400
v 156.9609 163.0906 15896.5400
v 156.8262 163.0642 15896.5400
v 156.8707 163.0731 15896.5400
v 156.7365 163.0444 15896.5400
v 156.7809 163.0540 15896.5400
v 156.6472 163.0229 15896.5400
v 156.6914 163.0333 15896.5400
v 156.5582 162.9999 15896.5400
v 156.6022 163.0111 15896.5400
v 156.4697 162.9754 15896.5400
v 156.5135 162.9873 15896.5400
v 156.3816 162.9493 15896.5400
v 156.4252 162.9620 15896.5400
v 156.2940 162.9216 15896.5400
v 156.3374 162.9351 15896.5400
v 156.2069 162.8925 15896.5400
v 156.2500 162.9067 15896.5400
v 156.1203 162.8618 15896.5400
v 156.1631 162.8768 15896.5400
v 156.0342 162.8297 15896.5400
v 156.0768 162.8454 15896.5400
v 155.9487 162.7960 15896.5400
v 155.9911 162.8124 15896.5400
v 155.8639 162.7608 15896.5400
v 155.9059 162.7780 15896.5400
v 155.7796 162.7242 15896.5400
v 155.8213 162.7421 15896.5400
v 155.6960 162.6861 15896.5400
v 155.7374 162.7047 15896.5400
v 155.6131 162.6465 15896.5400
v 155.6542 162.6659 15896.5400
v 155.5309 162.6056 15896.5400
v 155.5716 162.6256 15896.5400
v 155.4494 162.5631 15896.5400
v 155.4898 162.5839 15896.5400
v 155.3687 162.5193 15896.5400
v 155.4087 162.5408 15896.5400
v 155.2887 162.4741 15896.5400
v 155.3283 162.4962 15896.5400
v 155.2095 162.4274 15896.5400
v 155.2488 162.4503 15896.5400
v 155.1312 162.3794 15896.5400
v 155.1700 162.4030 15896.5400
v 155.0537 162.3301 15896.5400
v 155.0921 162.3543 15896.5400
v 154.9771 162.2794 15896.5400
v 155.0151 162.3043 15896.5400
v 154.9014 162.2273 15896.5400
v 154.9389 162.2529 15896.5400
v 154.8266 162.1740 15896.5400
v 154.8637 162.2002 15896.5400
v 154.7528 162.1193 15896.5400
v 154.7894 162.1462 15896.5400
v 154.6799 162.0634 15896.5400
v 154.7160 162.0909 15896.5400
v 154.6080 162.0062 15896.5400
v 154.6436 162.0343 15896.5400
v 154.5371 161.9478 15896.5400
v 154.5723 161.9765 15896.5400
v 154.4672 161.8881 15896.5400
v 154.5019 161.9174 15896.5400
v 154.3984 161.8272 15896.5400
v 154.4326 161.8572 15896.5400
v 154.3307 161.7652 15896.5400
v 154.3643 161.7957 15896.5400
v 154.2641 161.7019 15896.5400
v 154.2971 161.7330 15896.5400
v 154.1985 161.6375 15896.5400
v 154.2311 161.6692 15896.5400
v 154.1341 161.5720 15896.5400
v 154.1661 161.6043 15896.5400
v 154.0709 161.5054 15896.5400
v 154.1023 161.5382 15896.5400
v 154.0088 161.4377 15896.5400
v 154.0397 161.4710 15896.5400
v 153.9480 161.3689 15896.5400
v 153.9782 161.4027 15896.5400
v 153.8883 161.2990 15896.5400
v 153.9179 161.3334 15896.5400
v 153.8299 161.2281 15896.5400
v 153.8589 161.2630 15896.5400
v 153.7727 161.1562 15896.5400
v 153.8011 161.1916 15896.5400
v 153.7168 161.0833 15896.5400
v 153.7446 161.1192 15896.5400
v 153.6621 161.0095 15896.5400
v 153.6893 161.0459 15896.5400
v 153.6088 160.9347 15896.5400
v 153.6353 160.9715 15896.5400
v 153.5567 160.8590 15896.5400
v 153.5826 160.8963 15896.5400
v 153.5060 160.7823 15896.5400
v 153.5312 160.8201 15896.5400
v 153.4566 160.7049 15896.5400
v 153.4812 160.7431 15896.5400
v 153.4087 160.6265 15896.5400
v 153.4325 160.6651 15896.5400
v 153.3620 160.5474 15896.5400
v 153.3852 160.5864 15896.5400
v 153.3168 160.4674 15896.5400
v 153.3393 160.5069 15896.5400
v 153.2729 160.3867 15896.5400
v 153.2948 160.4265 15896.5400
v 153.2305 160.3052 15896.5400
v 153.2517 160.3454 15896.5400
v 153.1895 160.2230 15896.5400
v 153.2100 160.2635 15896.5400
v 153.1500 160.1401 15896.5400
v 153.1697 160.1810 15896.5400
v 153.1119 160.0565 15896.5400
v 153.1309 160.0977 15896.5400
v 153.0753 159.9722 15896.5400
v 153.0936 160.0138 15896.5400
v 153.0401 159.8873 15896.5400
v 153.0577 159.9292 15896.5400
v 153.0064 159.8019 15896.5400
v 153.0233 159.8440 15896.5400
v 152.9743 159.7158 15896.5400
v 152.9903 159.7583 15896.5400
v 152.9436 159.6292 15896.5400
v 152.9589 159.6720 15896.5400
v 152.9144 159.5421 15896.5400
v 152.9290 159.5851 15896.5400
v 152.8868 159.4545 15896.5400
v 152.9007 159.4977 15896.5400
v 152.8607 159.3664 15896.5400
v 152.8738 159.4099 15896.5400
v 152.8362 159.2779 15896.5400
v 152.8485 159.3216 15896.5400
v 152.8132 159.1889 15896.5400
v 152.8247 159.2328 15896.5400
v 152.7917 159.0996 15896.5400
v 152.8025 159.1437 15896.5400
v 152.7718 159.0099 15896.5400
v 152.7819 159.0542 15896.5400
v 152.7535 158.9199 15896.5400
v 152.7628 158.9643 15896.5400
v 152.7368 158.8295 15896.5400
v 152.7453 158.8741 15896.5400
v 152.7216 158.7389 15896.5400
v 152.7293 158.7837 15896.5400
v 152.7080 158.6481 15896.5400
v 152.7150 158.6929 15896.5400
v 152.6960 158.5570 15896.5400
v 152.7022 158.6020 15896.5400
v 152.6857 158.4657 15896.5400
v 152.6910 158.5108 15896.5400
v 152.6768 158.3743 15896.5400
v 152.6814 158.4194 15896.5400
v 152.6696 158.2827 15896.5400
v 152.6734 158.3279 15896.5400
v 152.6640 158.1910 15896.5400
v 152.6670 158.2363 15896.5400
v 152.6600 158.0992 15896.5400
v 152.6622 158.1445 15896.5400
v 152.6576 158.0074 15896.5400
v 152.6590 158.0527 15896.5400
v 152.6568 157.9155 15896.5400
v 152.6574 157.9609 15896.5400
v 152.6576 157.8236 15896.5400
v 152.6574 157.8690 15896.5400
v 152.6600 157.7318 15896.5400
v 152.6590 157.7772 15896.5400
v 152.6640 157.6400 15896.5400
v 152.6622 157.6854 15896.5400
v 152.6696 157.5483 15896.5400
v 152.6671 157.5936 15896.5400
v 152.6768 157.4567 15896.5400
v 152.6735 157.5020 15896.5400
v 152.6857 157.3653 15896.5400
v 152.6815 157.4105 15896.5400
v 152.6960 157.2740 15896.5400
v 152.6911 157.3191 15896.5400
v 152.7080 157.1829 15896.5400
v 152.7023 157.2280 15896.5400
v 152.7216 157.0921 15896.5400
v 152.7151 157.1370 15896.5400
v 152.7368 157.0014 15896.5400
v 152.7295 157.0463 15896.5400
v 152.7535 156.9111 15896.5400
v 152.7455 156.9558 15896.5400
v 152.7718 156.8211 15896.5400
v 152.7630 156.8656 15896.5400
v 152.7917 156.7314 15896.5400
v 152.7821 156.7758 15896.5400
v 152.8132 156.6421 15896.5400
v 152.8028 156.6863 15896.5400
v 152.8362 156.5531 15896.5400
v 152.8250 156.5971 15896.5400
v 152.8607 156.4646 15896.5400
v 152.8488 156.5084 15896.5400
v 152.8868 156.3765 15896.5400
v 152.8741 156.4201 15896.5400
v 152.9144 156.2889 15896.5400
v 152.9010 156.3323 15896.5400
v 152.9436 156.2018 15896.5400
v 152.9294 156.2449 15896.5400
v 152.9743 156.1152 15896.5400
v 152.9593 156.1581 15896.5400
v 153.0064 156.0291 15896.5400
v 152.9907 156.0717 15896.5400
v 153.0401 155.9436 15896.5400
v 153.0237 155.9860 15896.5400
v 153.0753 155.8588 15896.5400
v 153.0581 155.9008 15896.5400
v 153.1119 155.7745 15896.5400
v 153.0940 155.8162 15896.5400
v 153.1500 155.6909 15896.5400
v 153.1313 155.7323 15896.5400
v 153.1895 155.6080 15896.5400
v 153.1702 155.6491 15896.5400
v 153.2305 155.5258 15896.5400
v 153.2104 155.5665 15896.5400
v 153.2729 155.4443 15896.5400
v 153.2522 155.4847 15896.5400
v 153.3168 155.3636 15896.5400
v 153.2953 155.4036 15896.5400
v 153.3620 155.2836 15896.5400
v 153.3398 155.3232 15896.5400
v 153.4087 155.2045 15896.5400
v 153.3858 155.2437 15896.5400
v 153.4566 155.1261 15896.5400
v 153.4331 155.1649 15896.5400
v 153.5060 155.0486 15896.5400
v 153.4818 155.0870 15896.5400
v 153.5567 154.9720 15896.5400
v 153.5318 155.0100 15896.5400
v 153.6088 154.8963 15896.5400
v 153.5832 154.9339 15896.5400
v 153.6621 154.8215 15896.5400
v 153.6359 154.8586 15896.5400
v 153.7168 154.7477 15896.5400
v 153.6899 154.7843 15896.5400
v 153.7727 154.6748 15896.5400
v 153.7452 154.7109 15896.5400
v 153.8299 154.6029 15896.5400
v 153.8018 154.6385 15896.5400
v 153.8883 154.5320 15896.5400
v 153.8596 154.5672 15896.5400
v 153.9480 154.4622 15896.5400
v 153.9186 154.4968 15896.5400
v 154.0088 154.3933 15896.5400
v 153.9789 154.4275 15896.5400
v 154.0709 154.3256 15896.5400
v 154.0404 154.3592 15896.5400
v 154.1341 154.2590 15896.5400
v 154.1030 154.2921 15896.5400
v 154.1985 154.1935 15896.5400
v 154.1669 154.2260 15896.5400
v 154.2641 154.1291 15896.5400
v 154.2318 154.1610 15896.5400
v 154.3307 154.0658 15896.5400
v 154.2979 154.0972 15896.5400
v 154.3984 154.0038 15896.5400
v 154.3651 154.0346 15896.5400
v 154.4672 153.9429 15896.5400
v 154.4334 153.9731 15896.5400
v 154.5371 153.8832 15896.5400
v 154.5027 153.9129 15896.5400
v 154.6080 153.8248 15896.5400
v 154.5731 153.8538 15896.5400
v 154.6799 153.7676 15896.5400
v 154.6445 153.7960 15896.5400
v 154.7528 153.7117 15896.5400
v 154.7169 153.7395 15896.5400
v 154.8266 153.6570 15896.5400
v 154.7902 153.6842 15896.5400
v 154.9014 153.6037 15896.5400
v 154.8646 153.6302 15896.5400
v 154.9771 153.5516 15896.5400
v 154.9398 153.5775 15896.5400
v 155.0537 153.5009 15896.5400
v 155.0160 153.5262 15896.5400
v 155.1312 153.4516 15896.5400
v 155.0930 153.4761 15896.5400
v 155.2095 153.4036 15896.5400
v 155.1709 153.4275 15896.5400
v 155.2887 153.3569 15896.5400
v 155.2497 153.3802 15896.5400
v 155.3687 153.3117 15896.5400
v 155.3292 153.3342 15896.5400
v 155.4494 153.2679 15896.5400
v 155.4096 153.2897 15896.5400
v 155.5309 153.2254 15896.5400
v 155.4907 153.2466 15896.5400
v 155.6131 153.1844 15896.5400
v 155.5726 153.2049 15896.5400
v 155.6960 153.1449 15896.5400
v 155.6551 153.1646 15896.5400
v 155.7796 153.1068 15896.5400
v 155.7384 153.1258 15896.5400
v 155.8639 153.0702 15896.5400
v 155.8223 153.0885 15896.5400
v 155.9487 153.0350 15896.5400
v 155.9069 153.0526 15896.5400
v 156.0342 153.0013 15896.5400
v 155.9921 153.0182 15896.5400
v 156.1203 152.9692 15896.5400
v 156.0778 152.9853 15896.5400
v 156.2069 152.9385 15896.5400
v 156.1641 152.9538 15896.5400
v 156.2940 152.9093 15896.5400
v 156.2510 152.9240 15896.5400
v 156.3816 152.8817 15896.5400
v 156.3384 152.8956 15896.5400
v 156.4697 152.8556 15896.5400
v 156.4262 152.8687 15896.5400
v 156.5582 152.8311 15896.5400
v 156.5145 152.8434 15896.5400
v 156.6472 152.8081 15896.5400
v 156.6033 152.8196 15896.5400
v 156.7365 152.7866 15896.5400
v 156.6924 152.7974 15896.5400
v 156.8262 152.7668 15896.5400
v 156.7819 152.7768 15896.5400
v 156.9162 152.7484 15896.5400
v 156.8718 152.7577 15896.5400
v 157.0065 152.7317 15896.5400
v 156.9619 152.7402 15896.5400
v 157.0972 152.7165 15896.5400
v 157.0524 152.7242 15896.5400
v 157.1880 152.7030 15896.5400
v 157.1431 152.7099 15896.5400
v 157.2791 152.6910 15896.5400
v 157.2341 152.6971 15896.5400
v 157.3704 152.6806 15896.5400
v 157.3253 152.6859 15896.5400
v 157.4618 152.6718 15896.5400
v 157.4166 152.6763 15896.5400
v 157.5534 152.6646 15896.5400
v 157.5082 152.6683 15896.5400
v 157.6451 152.6589 15896.5400
v 157.5998 152.6619 15896.5400
v 157.7369 152.6549 15896.5400
v 157.6915 152.6571 15896.5400
v 157.8287 152.6525 15896.5400
v 157.7833 152.6539 15896.5400
v 157.9206 152.6517 15896.5400
v 157.8752 152.6523 15896.5400
v 158.0125 152.6525 15896.5400
v 157.9671 152.6523 15896.5400
v 158.1043 152.6549 15896.5400
v 158.0589 152.6539 15896.5400
v 158.1961 152.6589 15896.5400
v 158.1507 152.6572 15896.5400
v 158.2878 152.6646 15896.5400
v 158.2424 152.6620 15896.5400
v 158.3794 152.6718 15896.5400
v 158.3341 152.6684 15896.5400
v 158.4708 152.6806 15896.5400
v 158.4256 152.6764 15896.5400
v 158.5621 152.6910 15896.5400
v 158.5170 152.6860 15896.5400
v 158.6532 152.7030 15896.5400
v 158.6081 152.6972 15896.5400
v 158.7440 152.7165 15896.5400
v 158.6991 152.7100 15896.5400
v 158.8346 152.7317 15896.5400
v 158.7898 152.7244 15896.5400
v 158.9250 152.7484 15896.5400
v 158.8803 152.7404 15896.5400
v 159.0150 152.7668 15896.5400
v 158.9705 152.7579 15896.5400
v 159.1047 152.7866 15896.5400
v 159.0603 152.7770 15896.5400
v 159.1940 152.8081 15896.5400
v 159.1498 152.7977 15896.5400
v 159.2830 152.8311 15896.5400
v 159.2390 152.8199 15896.5400
v 159.3715 152.8556 15896.5400
v 159.3277 152.8437 15896.5400
v 159.4596 152.8817 15896.5400
v 159.4160 152.8690 15896.5400
v 159.5472 152.9093 15896.5400
v 159.5038 152.8959 15896.5400
v 159.6343 152.9385 15896.5400
v 159.5912 152.9243 15896.5400
v 159.7209 152.9692 15896.5400
v 159.6780 152.9542 15896.5400
v 159.8070 153.0013 15896.5400
v 159.7644 152.9856 15896.5400
v 159.8924 153.0350 15896.5400
v 159.8501 153.0186 15896.5400
v 159.9773 153.0702 15896.5400
v 159.9353 153.0530 15896.5400
v 160.0616 153.1068 15896.5400
v 160.0198 153.0889 15896.5400
v 160.1452 153.1449 15896.5400
v 160.1038 153.1263 15896.5400
v 160.2281 153.1844 15896.5400
v 160.1870 153.1651 15896.5400
v 160.3103 153.2254 15896.5400
v 160.2696 153.2054 15896.5400
v 160.3918 153.2679 15896.5400
v 160.3514 153.2471 15896.5400
v 160.4725 153.3117 15896.5400
v 160.4325 153.2902 15896.5400
v 160.5525 153.3569 15896.5400
v 160.5129 153.3347 15896.5400
v 160.6316 153.4036 15896.5400
v 160.5924 153.3807 15896.5400
v 160.7100 153.4516 15896.5400
v 160.6711 153.4280 15896.5400
v 160.7874 153.5009 15896.5400
v 160.7490 153.4767 15896.5400
v 160.8641 153.5516 15896.5400
v 160.8261 153.5267 15896.5400
v 160.9398 153.6037 15896.5400
v 160.9022 153.5781 15896.5400
v 161.0146 153.6570 15896.5400
v 160.9775 153.6308 15896.5400
v 161.0884 153.7117 15896.5400
v 161.0518 153.6848 15896.5400
v 161.1613 153.7676 15896.5400
v 161.1252 153.7401 15896.5400
v 161.2332 153.8248 15896.5400
v 161.1975 153.7967 15896.5400
v 161.3041 153.8832 15896.5400
v 161.2689 153.8545 15896.5400
v 161.3739 153.9429 15896.5400
v 161.3393 153.9135 15896.5400
v 161.4427 154.0038 15896.5400
v 161.4086 153.9738 15896.5400
v 161.5105 154.0658 15896.5400
v 161.4769 154.0353 15896.5400
v 161.5771 154.1291 15896.5400
v 161.5440 154.0979 15896.5400
v 161.6426 154.1935 15896.5400
v 161.6101 154.1618 15896.5400
v 161.7070 154.2590 15896.5400
v 161.6751 154.2267 15896.5400
v 161.7703 154.3256 15896.5400
v 161.7389 154.2928 15896.5400
v 161.8323 154.3933 15896.5400
v 161.8015 154.3600 15896.5400
v 161.8932 154.4622 15896.5400
v 161.8630 154.4283 15896.5400
v 161.9529 154.5320 15896.5400
v 161.9232 154.4976 15896.5400
v 162.0113 154.6029 15896.5400
v 161.9823 154.5680 15896.5400
v 162.0685 154.6748 15896.5400
v 162.0401 154.6394 15896.5400
v 162.1244 154.7477 15896.5400
v 162.0966 154.7118 15896.5400
v 162.1791 154.8215 15896.5400
v 162.1519 154.7852 15896.5400
v 162.2324 154.8963 15896.5400
v 162.2059 154.8595 15896.5400
v 162.2845 154.9720 15896.5400
v 162.2586 154.9347 15896.5400
v 162.3352 155.0486 15896.5400
v 162.3099 155.0109 15896.5400
v 162.3845 155.1261 15896.5400
v 162.3600 155.0879 15896.5400
v 162.4325 155.2045 15896.5400
v 162.4086 155.1658 15896.5400
v 162.4792 155.2836 15896.5400
v 162.4559 155.2446 15896.5400
v 162.5244 155.3636 15896.5400
v 162.5019 155.3242 15896.5400
v 162.5682 155.4443 15896.5400
v 162.5464 155.4045 15896.5400
v 162.6106 155.5258 15896.5400
v 162.5895 155.4856 15896.5400
v 162.6516 155.6080 15896.5400
v 162.6312 155.5675 15896.5400
v 162.6912 155.6909 15896.5400
v 162.6715 155.6500 15896.5400
v 162.7293 155.7745 15896.5400
v 162.7103 155.7333 15896.5400
v 162.7659 155.8588 15896.5400
v 162.7476 155.8172 15896.5400
v 162.8011 155.9436 15896.5400
v 162.7835 155.9018 15896.5400
v 162.8347 156.0291 15896.5400
v 162.8179 155.9870 15896.5400
v 162.8669 156.1152 15896.5400
v 162.8508 156.0727 15896.5400
v 162.8976 156.2018 15896.5400
v 162.8822 156.1590 15896.5400
v 162.9267 156.2889 15896.5400
v 162.9121 156.2459 15896.5400
v 162.9544 156.3765 15896.5400
v 162.9405 156.3333 15896.5400
v 162.9805 156.4646 15896.5400
v 162.9674 156.4211 15896.5400
v 163.0050 156.5531 15896.5400
v 162.9927 156.5094 15896.5400
v 163.0280 156.6421 15896.5400
v 163.0164 156.5982 15896.5400
v 163.0495 156.7314 15896.5400
v 163.0387 156.6873 15896.5400
v 163.0693 156.8211 15896.5400
v 163.0593 156.7768 15896.5400
v 163.0876 156.9111 15896.5400
v 163.0784 156.8667 15896.5400
v 163.1044 157.0014 15896.5400
v 163.0959 156.9568 15896.5400
v 163.1196 157.0921 15896.5400
v 163.1119 157.0473 15896.5400
v 163.1331 157.1829 15896.5400
v 163.1262 157.1380 15896.5400
v 163.1451 157.2740 15896.5400
v 163.1390 157.2290 15896.5400
v 163.1555 157.3653 15896.5400
v 163.1502 157.3202 15896.5400
v 163.1643 157.4567 15896.5400
v 163.1598 157.4116 15896.5400
v 163.1715 157.5483 15896.5400
v 163.1678 157.5031 15896.5400
v 163.1772 157.6400 15896.5400
v 163.1742 157.5947 15896.5400
v 163.1812 157.7318 15896.5400
v 163.1790 157.6864 15896.5400
v 163.1836 157.8236 15896.5400
v 163.1822 157.7782 15896.5400
v 163.1838 157.8701 15896.5400
v 0.0033 789.5684 15970.3200
v 0.0033 0.0023 15970.3200
v 0.5033 390.2227 15970.3200
v 789.5735 0.0023 15928.1000
v 390.2257 -0.4970 15949.4800
v 789.5735 789.5684 15928.1000
v 790.0735 390.2227 15928.1000
v 390.2257 789.0691 15949.4800
v 168.4481 631.6552 15961.3100
v 168.4465 631.4714 15961.3100
v 168.4477 631.5622 15961.3100
v 168.4417 631.2877 15961.3100
v 168.4445 631.3785 15961.3100
v 168.4337 631.1042 15961.3100
v 168.4381 631.1949 15961.3100
v 168.4225 630.9208 15961.3100
v 168.4284 631.0114 15961.3100
v 168.4081 630.7376 15961.3100
v 168.4156 630.8281 15961.3100
v 168.3905 630.5547 15961.3100
v 168.3996 630.6451 15961.3100
v 168.3697 630.3722 15961.3100
v 168.3803 630.4623 15961.3100
v 168.3457 630.1900 15961.3200
v 168.3579 630.2800 15961.3200
v 168.3185 630.0083 15961.3200
v 168.3323 630.0980 15961.3200
v 168.2882 629.8271 15961.3200
v 168.3036 629.9166 15961.3200
v 168.2547 629.6464 15961.3200
v 168.2717 629.7356 15961.3200
v 168.2181 629.4664 15961.3200
v 168.2366 629.5552 15961.3200
v 168.1783 629.2870 15961.3300
v 168.1984 629.3755 15961.3200
v 168.1354 629.1083 15961.3300
v 168.1570 629.1965 15961.3300
v 168.0894 628.9304 15961.3300
v 168.1125 629.0182 15961.3300
v 168.0403 628.7534 15961.3300
v 168.0650 628.8408 15961.3300
v 167.9881 628.5772 15961.3300
v 168.0143 628.6641 15961.3300
v 167.9329 628.4020 15961.3400
v 167.9606 628.4885 15961.3400
v 167.8746 628.2277 15961.3400
v 167.9038 628.3137 15961.3400
v 167.8132 628.0545 15961.3400
v 167.8439 628.1400 15961.3400
v 167.7489 627.8824 15961.3500
v 167.7811 627.9673 15961.3500
v 167.6816 627.7115 15961.3500
v 167.7152 627.7958 15961.3500
v 167.6113 627.5417 15961.3600
v 167.6464 627.6254 15961.3500
v 167.5380 627.3732 15961.3600
v 167.5746 627.4564 15961.3600
v 167.4618 627.2060 15961.3600
v 167.4998 627.2885 15961.3600
v 167.3827 627.0402 15961.3700
v 167.4221 627.1219 15961.3700
v 167.3007 626.8757 15961.3700
v 167.3416 626.9568 15961.3700
v 167.2159 626.7128 15961.3800
v 167.2581 626.7932 15961.3700
v 167.1282 626.5513 15961.3800
v 167.1719 626.6309 15961.3800
v 167.0377 626.3914 15961.3900
v 167.0828 626.4702 15961.3800
v 166.9445 626.2331 15961.3900
v 166.9909 626.3111 15961.3900
v 166.8484 626.0764 15961.4000
v 166.8962 626.1536 15961.3900
v 166.7497 625.9214 15961.4000
v 166.7989 625.9978 15961.4000
v 166.6483 625.7682 15961.4100
v 166.6988 625.8438 15961.4000
v 166.5443 625.6168 15961.4100
v 166.5960 625.6914 15961.4100
v 166.4376 625.4672 15961.4200
v 166.4906 625.5409 15961.4200
v 166.3283 625.3195 15961.4200
v 166.3826 625.3923 15961.4200
v 166.2164 625.1738 15961.4300
v 166.2720 625.2455 15961.4300
v 166.1020 625.0300 15961.4400
v 166.1589 625.1008 15961.4300
v 165.9852 624.8882 15961.4400
v 166.0432 624.9580 15961.4400
v 165.8658 624.7485 15961.4500
v 165.9251 624.8173 15961.4500
v 165.7441 624.6108 15961.4600
v 165.8046 624.6786 15961.4500
v 165.6199 624.4754 15961.4600
v 165.6816 624.5421 15961.4600
v 165.4935 624.3421 15961.4700
v 165.5563 624.4077 15961.4600
v 165.3647 624.2111 15961.4800
v 165.4286 624.2755 15961.4700
v 165.2336 624.0823 15961.4800
v 165.2987 624.1456 15961.4800
v 165.1004 623.9558 15961.4900
v 165.1665 624.0180 15961.4900
v 164.9649 623.8317 15961.5000
v 165.0321 623.8927 15961.4900
v 164.8273 623.7099 15961.5000
v 164.8956 623.7698 15961.5000
v 164.6876 623.5906 15961.5100
v 164.7569 623.6492 15961.5100
v 164.5458 623.4737 15961.5200
v 164.6161 623.5312 15961.5200
v 164.4020 623.3593 15961.5300
v 164.4733 623.4155 15961.5200
v 164.2562 623.2475 15961.5300
v 164.3285 623.3024 15961.5300
v 164.1085 623.1382 15961.5400
v 164.1818 623.1919 15961.5400
v 163.9589 623.0315 15961.5500
v 164.0331 623.0839 15961.5500
v 163.8075 622.9274 15961.5600
v 163.8826 622.9785 15961.5500
v 163.6543 622.8260 15961.5700
v 163.7302 622.8758 15961.5600
v 163.4993 622.7273 15961.5800
v 163.5761 622.7758 15961.5700
v 163.3427 622.6313 15961.5800
v 163.4203 622.6784 15961.5800
v 163.1844 622.5380 15961.5900
v 163.2628 622.5838 15961.5900
v 163.0244 622.4476 15961.6000
v 163.1037 622.4919 15961.6000
v 162.8630 622.3599 15961.6100
v 162.9430 622.4028 15961.6000
v 162.7000 622.2750 15961.6200
v 162.7807 622.3166 15961.6100
v 162.5356 622.1931 15961.6300
v 162.6170 622.2332 15961.6200
v 162.3697 622.1140 15961.6400
v 162.4519 622.1527 15961.6300
v 162.2025 622.0378 15961.6400
v 162.2853 622.0751 15961.6400
v 162.0340 621.9645 15961.6500
v 162.1175 622.0004 15961.6500
v 161.8643 621.8942 15961.6600
v 161.9483 621.9286 15961.6600
v 161.6933 621.8268 15961.6700
v 161.7780 621.8597 15961.6700
v 161.5212 621.7625 15961.6800
v 161.6064 621.7939 15961.6800
v 161.3480 621.7012 15961.6900
v 161.4338 621.7311 15961.6900
v 161.1738 621.6429 15961.7000
v 161.2600 621.6713 15961.6900
v 160.9986 621.5876 15961.7100
v 161.0853 621.6146 15961.7000
v 160.8224 621.5354 15961.7200
v 160.9096 621.5609 15961.7100
v 160.6453 621.4863 15961.7300
v 160.7329 621.5102 15961.7200
v 160.4674 621.4403 15961.7400
v 160.5555 621.4626 15961.7300
v 160.2888 621.3974 15961.7500
v 160.3772 621.4182 15961.7400
v 160.1094 621.3577 15961.7600
v 160.1981 621.3769 15961.7500
v 159.9293 621.3210 15961.7700
v 160.0184 621.3387 15961.7600
v 159.7487 621.2875 15961.7800
v 159.8380 621.3037 15961.7700
v 159.5675 621.2572 15961.7900
v 159.6571 621.2718 15961.7800
v 159.3857 621.2300 15961.7900
v 159.4756 621.2431 15961.7900
v 159.2036 621.2061 15961.8000
v 159.2937 621.2175 15961.8000
v 159.0210 621.1853 15961.8100
v 159.1113 621.1951 15961.8100
v 158.8381 621.1677 15961.8200
v 158.9286 621.1760 15961.8200
v 158.6550 621.1533 15961.8300
v 158.7455 621.1600 15961.8300
v 158.4716 621.1420 15961.8400
v 158.5622 621.1472 15961.8400
v 158.2880 621.1340 15961.8500
v 158.3787 621.1376 15961.8500
v 158.1043 621.1292 15961.8600
v 158.1951 621.1312 15961.8600
v 157.9206 621.1276 15961.8700
v 158.0114 621.1280 15961.8700
v 157.7369 621.1292 15961.8800
v 157.8277 621.1280 15961.8800
v 157.5532 621.1340 15961.8900
v 157.6440 621.1312 15961.8900
v 157.3696 621.1420 15961.9000
v 157.4603 621.1377 15961.9000
v 157.1862 621.1533 15961.9100
v 157.2768 621.1473 15961.9100
v 157.0031 621.1677 15961.9200
v 157.0936 621.1602 15961.9200
v 156.8202 621.1853 15961.9300
v 156.9105 621.1761 15961.9300
v 156.6376 621.2061 15961.9400
v 156.7278 621.1954 15961.9400
v 156.4554 621.2300 15961.9500
v 156.5454 621.2178 15961.9500
v 156.2737 621.2572 15961.9600
v 156.3635 621.2434 15961.9600
v 156.0925 621.2875 15961.9700
v 156.1820 621.2722 15961.9700
v 155.9118 621.3210 15961.9800
v 156.0011 621.3041 15961.9800
v 155.7318 621.3577 15961.9900
v 155.8207 621.3392 15961.9900
v 155.5524 621.3974 15962.0000
v 155.6410 621.3774 15962.0000
v 155.3737 621.4403 15962.0100
v 155.4619 621.4187 15962.0000
v 155.1959 621.4863 15962.0200
v 155.2837 621.4632 15962.0100
v 155.0188 621.5354 15962.0300
v 155.1062 621.5107 15962.0200
v 154.8426 621.5876 15962.0400
v 154.9296 621.5615 15962.0300
v 154.6674 621.6429 15962.0500
v 154.7539 621.6152 15962.0400
v 154.4931 621.7012 15962.0600
v 154.5791 621.6720 15962.0500
v 154.3200 621.7625 15962.0700
v 154.4054 621.7318 15962.0600
v 154.1479 621.8268 15962.0800
v 154.2328 621.7947 15962.0700
v 153.9769 621.8942 15962.0800
v 154.0612 621.8605 15962.0800
v 153.8071 621.9645 15962.0900
v 153.8909 621.9294 15962.0900
v 153.6386 622.0378 15962.1000
v 153.7218 622.0012 15962.1000
v 153.4715 622.1140 15962.1100
v 153.5539 622.0759 15962.1100
v 153.3056 622.1931 15962.1200
v 153.3874 622.1536 15962.1200
v 153.1412 622.2750 15962.1300
v 153.2223 622.2342 15962.1200
v 152.9782 622.3599 15962.1400
v 153.0586 622.3176 15962.1300
v 152.8167 622.4476 15962.1500
v 152.8963 622.4039 15962.1400
v 152.6568 622.5380 15962.1500
v 152.7357 622.4930 15962.1500
v 152.4985 622.6313 15962.1600
v 152.5765 622.5848 15962.1600
v 152.3418 622.7273 15962.1700
v 152.4191 622.6795 15962.1700
v 152.1869 622.8260 15962.1800
v 152.2632 622.7769 15962.1800
v 152.0337 622.9274 15962.1900
v 152.1092 622.8770 15962.1800
v 151.8822 623.0315 15962.2000
v 151.9568 622.9797 15962.1900
v 151.7327 623.1382 15962.2000
v 151.8064 623.0851 15962.2000
v 151.5849 623.2475 15962.2100
v 151.6577 623.1931 15962.2100
v 151.4392 623.3593 15962.2200
v 151.5110 623.3037 15962.2200
v 151.2954 623.4737 15962.2300
v 151.3662 623.4169 15962.2200
v 151.1536 623.5906 15962.2400
v 151.2234 623.5325 15962.2300
v 151.0139 623.7099 15962.2400
v 151.0827 623.6506 15962.2400
v 150.8763 623.8317 15962.2500
v 150.9440 623.7712 15962.2500
v 150.7408 623.9558 15962.2600
v 150.8075 623.8942 15962.2500
v 150.6075 624.0823 15962.2600
v 150.6731 624.0195 15962.2600
v 150.4765 624.2111 15962.2700
v 150.5410 624.1471 15962.2700
v 150.3477 624.3421 15962.2800
v 150.4111 624.2770 15962.2700
v 150.2212 624.4754 15962.2900
v 150.2834 624.4092 15962.2800
v 150.0971 624.6108 15962.2900
v 150.1581 624.5436 15962.2900
v 149.9753 624.7485 15962.3000
v 150.0352 624.6802 15962.2900
v 149.8560 624.8882 15962.3000
v 149.9147 624.8188 15962.3000
v 149.7392 625.0300 15962.3100
v 149.7966 624.9597 15962.3100
v 149.6248 625.1738 15962.3200
v 149.6810 625.1024 15962.3100
v 149.5129 625.3195 15962.3200
v 149.5679 625.2473 15962.3200
v 149.4036 625.4672 15962.3300
v 149.4573 625.3940 15962.3300
v 149.2969 625.6168 15962.3300
v 149.3493 625.5427 15962.3300
v 149.1929 625.7682 15962.3400
v 149.2440 625.6932 15962.3400
v 149.0914 625.9214 15962.3500
v 149.1412 625.8455 15962.3400
v 148.9927 626.0764 15962.3500
v 149.0412 625.9996 15962.3500
v 148.8967 626.2331 15962.3600
v 148.9438 626.1555 15962.3500
v 148.8035 626.3914 15962.3600
v 148.8492 626.3129 15962.3600
v 148.7130 626.5513 15962.3700
v 148.7574 626.4720 15962.3600
v 148.6253 626.7128 15962.3700
v 148.6683 626.6328 15962.3700
v 148.5405 626.8757 15962.3800
v 148.5820 626.7950 15962.3700
v 148.4585 627.0402 15962.3800
v 148.4987 626.9587 15962.3800
v 148.3794 627.2060 15962.3800
v 148.4181 627.1239 15962.3800
v 148.3032 627.3732 15962.3900
v 148.3405 627.2904 15962.3900
v 148.2299 627.5417 15962.3900
v 148.2658 627.4583 15962.3900
v 148.1596 627.7115 15962.4000
v 148.1940 627.6274 15962.3900
v 148.0923 627.8824 15962.4000
v 148.1252 627.7978 15962.4000
v 148.0279 628.0545 15962.4000
v 148.0594 627.9693 15962.4000
v 147.9666 628.2277 15962.4100
v 147.9965 628.1420 15962.4000
v 147.9083 628.4020 15962.4100
v 147.9367 628.3157 15962.4100
v 147.8530 628.5772 15962.4100
v 147.8800 628.4905 15962.4100
v 147.8009 628.7534 15962.4100
v 147.8263 628.6662 15962.4100
v 147.7518 628.9304 15962.4200
v 147.7756 628.8428 15962.4200
v 147.7057 629.1083 15962.4200
v 147.7281 629.0203 15962.4200
v 147.6629 629.2870 15962.4200
v 147.6837 629.1986 15962.4200
v 147.6231 629.4664 15962.4200
v 147.6423 629.3776 15962.4200
v 147.5865 629.6464 15962.4300
v 147.6042 629.5573 15962.4200
v 147.5530 629.8271 15962.4300
v 147.5691 629.7377 15962.4300
v 147.5227 630.0083 15962.4300
v 147.5372 629.9186 15962.4300
v 147.4955 630.1900 15962.4300
v 147.5085 630.1002 15962.4300
v 147.4715 630.3722 15962.4300
v 147.4830 630.2821 15962.4300
v 147.4507 630.5547 15962.4300
v 147.4606 630.4645 15962.4300
v 147.4331 630.7376 15962.4300
v 147.4414 630.6472 15962.4300
v 147.4187 630.9208 15962.4300
v 147.4254 630.8302 15962.4300
v 147.4075 631.1042 15962.4400
v 147.4126 631.0135 15962.4300
v 147.3995 631.2877 15962.4400
v 147.4030 631.1970 15962.4400
v 147.3946 631.4714 15962.4400
v 147.3966 631.3806 15962.4400
v 147.3930 631.6552 15962.4400
v 147.3934 631.5643 15962.4400
v 147.3946 631.8389 15962.4400
v 147.3934 631.7481 15962.4400
v 147.3995 632.0226 15962.4400
v 147.3967 631.9318 15962.4400
v 147.4075 632.2061 15962.4400
v 147.4031 632.1154 15962.4400
v 147.4187 632.3895 15962.4300
v 147.4127 632.2989 15962.4300
v 147.4331 632.5727 15962.4300
v 147.4256 632.4822 15962.4300
v 147.4507 632.7556 15962.4300
v 147.4416 632.6652 15962.4300
v 147.4715 632.9381 15962.4300
v 147.4608 632.8480 15962.4300
v 147.4955 633.1203 15962.4300
v 147.4832 633.0303 15962.4300
v 147.5227 633.3020 15962.4300
v 147.5088 633.2123 15962.4300
v 147.5530 633.4832 15962.4300
v 147.5376 633.3937 15962.4300
v 147.5865 633.6639 15962.4300
v 147.5695 633.5747 15962.4300
v 147.6231 633.8439 15962.4200
v 147.6046 633.7551 15962.4200
v 147.6629 634.0233 15962.4200
v 147.6428 633.9348 15962.4200
v 147.7057 634.2020 15962.4200
v 147.6842 634.1138 15962.4200
v 147.7518 634.3799 15962.4200
v 147.7286 634.2921 15962.4200
v 147.8009 634.5569 15962.4100
v 147.7762 634.4695 15962.4200
v 147.8530 634.7331 15962.4100
v 147.8269 634.6462 15962.4100
v 147.9083 634.9083 15962.4100
v 147.8806 634.8218 15962.4100
v 147.9666 635.0826 15962.4100
v 147.9374 634.9966 15962.4100
v 148.0279 635.2558 15962.4000
v 147.9972 635.1703 15962.4000
v 148.0923 635.4279 15962.4000
v 148.0601 635.3430 15962.4000
v 148.1596 635.5988 15962.4000
v 148.1260 635.5145 15962.4000
v 148.2299 635.7686 15962.3900
v 148.1948 635.6849 15962.3900
v 148.3032 635.9371 15962.3900
v 148.2666 635.8540 15962.3900
v 148.3794 636.1043 15962.3800
v 148.3414 636.0219 15962.3900
v 148.4585 636.2701 15962.3800
v 148.4190 636.1884 15962.3800
v 148.5405 636.4346 15962.3800
v 148.4996 636.3535 15962.3800
v 148.6253 636.5975 15962.3700
v 148.5830 636.5172 15962.3700
v 148.7130 636.7590 15962.3700
v 148.6693 636.6794 15962.3700
v 148.8035 636.9189 15962.3600
v 148.7584 636.8401 15962.3600
v 148.8967 637.0773 15962.3600
v 148.8503 636.9992 15962.3600
v 148.9927 637.2339 15962.3500
v 148.9449 637.1567 15962.3500
v 149.0914 637.3889 15962.3500
v 149.0423 637.3125 15962.3500
v 149.1929 637.5421 15962.3400
v 149.1424 637.4666 15962.3400
v 149.2969 637.6935 15962.3300
v 149.2452 637.6189 15962.3400
v 149.4036 637.8431 15962.3300
v 149.3506 637.7694 15962.3300
v 149.5129 637.9908 15962.3200
v 149.4586 637.9180 15962.3300
v 149.6248 638.1365 15962.3200
v 149.5692 638.0648 15962.3200
v 149.7392 638.2803 15962.3100
v 149.6823 638.2095 15962.3100
v 149.8560 638.4221 15962.3000
v 149.7979 638.3523 15962.3100
v 149.9753 638.5618 15962.3000
v 149.9161 638.4930 15962.3000
v 150.0971 638.6995 15962.2900
v 150.0366 638.6317 15962.2900
v 150.2212 638.8349 15962.2900
v 150.1596 638.7682 15962.2900
v 150.3477 638.9682 15962.2800
v 150.2849 638.9026 15962.2800
v 150.4765 639.0992 15962.2700
v 150.4126 639.0348 15962.2700
v 150.6075 639.2280 15962.2600
v 150.5425 639.1647 15962.2700
v 150.7408 639.3545 15962.2600
v 150.6747 639.2923 15962.2600
v 150.8763 639.4786 15962.2500
v 150.8091 639.4176 15962.2500
v 151.0139 639.6004 15962.2400
v 150.9456 639.5405 15962.2500
v 151.1536 639.7197 15962.2400
v 151.0843 639.6611 15962.2400
v 151.2954 639.8366 15962.2300
v 151.2251 639.7792 15962.2300
v 151.4392 639.9510 15962.2200
v 151.3679 639.8948 15962.2200
v 151.5849 640.0628 15962.2100
v 151.5127 640.0079 15962.2200
v 151.7327 640.1721 15962.2000
v 151.6594 640.1184 15962.2100
v 151.8822 640.2788 15962.2000
v 151.8081 640.2264 15962.2000
v 152.0337 640.3829 15962.1900
v 151.9586 640.3318 15962.1900
v 152.1869 640.4843 15962.1800
v 152.1109 640.4345 15962.1800
v 152.3418 640.5830 15962.1700
v 152.2650 640.5345 15962.1800
v 152.4985 640.6790 15962.1600
v 152.4209 640.6319 15962.1700
v 152.6568 640.7723 15962.1500
v 152.5784 640.7266 15962.1600
v 152.8167 640.8627 15962.1500
v 152.7375 640.8184 15962.1500
v 152.9782 640.9504 15962.1400
v 152.8982 640.9075 15962.1400
v 153.1412 641.0353 15962.1300
v 153.0605 640.9937 15962.1300
v 153.3056 641.1172 15962.1200
v 153.2242 641.0771 15962.1200
v 153.4715 641.1964 15962.1100
v 153.3893 641.1576 15962.1200
v 153.6386 641.2725 15962.1000
v 153.5558 641.2352 15962.1100
v 153.8071 641.3458 15962.0900
v 153.7237 641.3100 15962.1000
v 153.9769 641.4161 15962.0800
v 153.8929 641.3818 15962.0900
v 154.1479 641.4835 15962.0800
v 154.0632 641.4506 15962.0800
v 154.3200 641.5478 15962.0700
v 154.2348 641.5164 15962.0700
v 154.4931 641.6091 15962.0600
v 154.4074 641.5792 15962.0600
v 154.6674 641.6674 15962.0500
v 154.5812 641.6390 15962.0500
v 154.8426 641.7227 15962.0400
v 154.7559 641.6958 15962.0400
v 155.0188 641.7749 15962.0300
v 154.9316 641.7495 15962.0300
v 155.1959 641.8240 15962.0200
v 155.1082 641.8001 15962.0200
v 155.3737 641.8700 15962.0100
v 155.2857 641.8477 15962.0100
v 155.5524 641.9129 15962.0000
v 155.4640 641.8921 15962.0000
v 155.7318 641.9526 15961.9900
v 155.6431 641.9334 15962.0000
v 155.9118 641.9893 15961.9800
v 155.8228 641.9716 15961.9900
v 156.0925 642.0228 15961.9700
v 156.0031 642.0066 15961.9800
v 156.2737 642.0531 15961.9600
v 156.1841 642.0385 15961.9700
v 156.4554 642.0803 15961.9500
v 156.3656 642.0672 15961.9600
v 156.6376 642.1042 15961.9400
v 156.5475 642.0928 15961.9500
v 156.8202 642.1251 15961.9300
v 156.7299 642.1152 15961.9400
v 157.0031 642.1426 15961.9200
v 156.9126 642.1343 15961.9300
v 157.1862 642.1570 15961.9100
v 157.0957 642.1503 15961.9200
v 157.3696 642.1683 15961.9000
v 157.2790 642.1631 15961.9100
v 157.5532 642.1763 15961.8900
v 157.4624 642.1727 15961.9000
v 157.7369 642.1811 15961.8800
v 157.6461 642.1791 15961.8900
v 157.9206 642.1827 15961.8700
v 157.8298 642.1823 15961.8800
v 158.1043 642.1811 15961.8600
v 158.0135 642.1823 15961.8700
v 158.2880 642.1763 15961.8500
v 158.1972 642.1791 15961.8600
v 158.4716 642.1683 15961.8400
v 158.3809 642.1726 15961.8500
v 158.6550 642.1570 15961.8300
v 158.5643 642.1630 15961.8400
v 158.8381 642.1426 15961.8200
v 158.7476 642.1501 15961.8300
v 159.0210 642.1251 15961.8100
v 158.9307 642.1342 15961.8200
v 159.2036 642.1042 15961.8000
v 159.1134 642.1149 15961.8100
v 159.3857 642.0803 15961.7900
v 159.2958 642.0925 15961.8000
v 159.5675 642.0531 15961.7900
v 159.4777 642.0669 15961.7900
v 159.7487 642.0228 15961.7800
v 159.6592 642.0381 15961.7800
v 159.9293 641.9893 15961.7700
v 159.8401 642.0062 15961.7700
v 160.1094 641.9526 15961.7600
v 160.0205 641.9711 15961.7600
v 160.2888 641.9129 15961.7500
v 160.2002 641.9329 15961.7500
v 160.4674 641.8700 15961.7400
v 160.3792 641.8916 15961.7400
v 160.6453 641.8240 15961.7300
v 160.5575 641.8471 15961.7300
v 160.8224 641.7749 15961.7200
v 160.7350 641.7996 15961.7200
v 160.9986 641.7227 15961.7100
v 160.9116 641.7489 15961.7100
v 161.1738 641.6674 15961.7000
v 161.0873 641.6951 15961.7000
v 161.3480 641.6091 15961.6900
v 161.2620 641.6384 15961.6900
v 161.5212 641.5478 15961.6800
v 161.4358 641.5785 15961.6900
v 161.6933 641.4835 15961.6700
v 161.6084 641.5156 15961.6800
v 161.8643 641.4161 15961.6600
v 161.7799 641.4498 15961.6700
v 162.0340 641.3458 15961.6500
v 161.9503 641.3809 15961.6600
v 162.2025 641.2725 15961.6400
v 162.1194 641.3091 15961.6500
v 162.3697 641.1964 15961.6400
v 162.2873 641.2344 15961.6400
v 162.5356 641.1172 15961.6300
v 162.4538 641.1567 15961.6300
v 162.7000 641.0353 15961.6200
v 162.6189 641.0762 15961.6200
v 162.8630 640.9504 15961.6100
v 162.7826 640.9927 15961.6100
v 163.0244 640.8627 15961.6000
v 162.9448 640.9064 15961.6000
v 163.1844 640.7723 15961.5900
v 163.1055 640.8173 15961.6000
v 163.3427 640.6790 15961.5800
v 163.2646 640.7255 15961.5900
v 163.4993 640.5830 15961.5800
v 163.4221 640.6308 15961.5800
v 163.6543 640.4843 15961.5700
v 163.5779 640.5334 15961.5700
v 163.8075 640.3829 15961.5600
v 163.7320 640.4333 15961.5600
v 163.9589 640.2788 15961.5500
v 163.8843 640.3306 15961.5500
v 164.1085 640.1721 15961.5400
v 164.0348 640.2252 15961.5500
v 164.2562 640.0628 15961.5300
v 164.1835 640.1172 15961.5400
v 164.4020 639.9510 15961.5300
v 164.3302 640.0066 15961.5300
v 164.5458 639.8366 15961.5200
v 164.4750 639.8934 15961.5200
v 164.6876 639.7197 15961.5100
v 164.6178 639.7778 15961.5200
v 164.8273 639.6004 15961.5000
v 164.7585 639.6597 15961.5100
v 164.9649 639.4786 15961.5000
v 164.8971 639.5391 15961.5000
v 165.1004 639.3545 15961.4900
v 165.0337 639.4161 15961.4900
v 165.2336 639.2280 15961.4800
v 165.1680 639.2908 15961.4900
v 165.3647 639.0992 15961.4800
v 165.3002 639.1632 15961.4800
v 165.4935 638.9682 15961.4700
v 165.4301 639.0333 15961.4700
v 165.6199 638.8349 15961.4600
v 165.5577 638.9011 15961.4600
v 165.7441 638.6995 15961.4600
v 165.6830 638.7667 15961.4600
v 165.8658 638.5618 15961.4500
v 165.8060 638.6301 15961.4500
v 165.9852 638.4221 15961.4400
v 165.9265 638.4915 15961.4500
v 166.1020 638.2803 15961.4400
v 166.0446 638.3507 15961.4400
v 166.2164 638.1365 15961.4300
v 166.1602 638.2079 15961.4300
v 166.3283 637.9908 15961.4200
v 166.2733 638.0630 15961.4300
v 166.4376 637.8431 15961.4200
v 166.3839 637.9163 15961.4200
v 166.5443 637.6935 15961.4100
v 166.4919 637.7676 15961.4200
v 166.6483 637.5421 15961.4100
v 166.5972 637.6171 15961.4100
v 166.7497 637.3889 15961.4000
v 166.7000 637.4648 15961.4000
v 166.8484 637.2339 15961.4000
v 166.8000 637.3107 15961.4000
v 166.9445 637.0773 15961.3900
v 166.8974 637.1549 15961.3900
v 167.0377 636.9189 15961.3900
v 166.9920 636.9974 15961.3900
v 167.1282 636.7590 15961.3800
v 167.0838 636.8383 15961.3800
v 167.2159 636.5975 15961.3800
v 167.1729 636.6776 15961.3800
v 167.3007 636.4346 15961.3700
v 167.2591 636.5153 15961.3700
v 167.3827 636.2701 15961.3700
v 167.3425 636.3516 15961.3700
v 167.4618 636.1043 15961.3600
v 167.4230 636.1864 15961.3700
v 167.5380 635.9371 15961.3600
v 167.5007 636.0199 15961.3600
v 167.6113 635.7686 15961.3600
v 167.5754 635.8521 15961.3600
v 167.6816 635.5988 15961.3500
v 167.6472 635.6829 15961.3500
v 167.7489 635.4279 15961.3500
v 167.7160 635.5125 15961.3500
v 167.8132 635.2558 15961.3400
v 167.7818 635.3410 15961.3500
v 167.8746 635.0826 15961.3400
v 167.8447 635.1683 15961.3400
v 167.9329 634.9083 15961.3400
v 167.9044 634.9946 15961.3400
v 167.9881 634.7331 15961.3300
v 167.9612 634.8198 15961.3400
v 168.0403 634.5569 15961.3300
v 168.0149 634.6441 15961.3300
v 168.0894 634.3799 15961.3300
v 168.0655 634.4675 15961.3300
v 168.1354 634.2020 15961.3300
v 168.1131 634.2900 15961.3300
v 168.1783 634.0233 15961.3300
v 168.1575 634.1118 15961.3300
v 168.2181 633.8439 15961.3200
v 168.1988 633.9327 15961.3200
v 168.2547 633.6639 15961.3200
v 168.2370 633.7530 15961.3200
v 168.2882 633.4832 15961.3200
v 168.2720 633.5726 15961.3200
v 168.3185 633.3020 15961.3200
v 168.3039 633.3917 15961.3200
v 168.3457 633.1203 15961.3200
v 168.3327 633.2102 15961.3200
v 168.3697 632.9381 15961.3100
v 168.3582 633.0282 15961.3200
v 168.3905 632.7556 15961.3100
v 168.3806 632.8458 15961.3100
v 168.4081 632.5727 15961.3100
v 168.3998 632.6631 15961.3100
v 168.4225 632.3895 15961.3100
v 168.4158 632.4801 15961.3100
v 168.4337 632.2061 15961.3100
v 168.4286 632.2968 15961.3100
v 168.4417 632.0226 15961.3100
v 168.4382 632.1133 15961.3100
v 168.4465 631.8389 15961.3100
v 168.4445 631.9297 15961.3100
v 168.4477 631.7460 15961.3100
v 168.4481 157.9155 15961.3100
v 168.4465 157.7318 15961.3100
v 168.4477 157.8226 15961.3100
v 168.4417 157.5481 15961.3100
v 168.4445 157.6389 15961.3100
v 168.4337 157.3645 15961.3100
v 168.4381 157.4552 15961.3100
v 168.4225 157.1811 15961.3100
v 168.4284 157.2717 15961.3100
v 168.4081 156.9980 15961.3100
v 168.4156 157.0885 15961.3100
v 168.3905 156.8151 15961.3100
v 168.3996 156.9054 15961.3100
v 168.3697 156.6325 15961.3100
v 168.3803 156.7227 15961.3100
v 168.3457 156.4503 15961.3200
v 168.3579 156.5403 15961.3200
v 168.3185 156.2686 15961.3200
v 168.3323 156.3584 15961.3200
v 168.2882 156.0874 15961.3200
v 168.3036 156.1769 15961.3200
v 168.2547 155.9068 15961.3200
v 168.2717 155.9960 15961.3200
v 168.2181 155.7267 15961.3200
v 168.2366 155.8156 15961.3200
v 168.1783 155.5473 15961.3300
v 168.1984 155.6359 15961.3200
v 168.1354 155.3687 15961.3300
v 168.1570 155.4569 15961.3300
v 168.0894 155.1908 15961.3300
v 168.1125 155.2786 15961.3300
v 168.0403 155.0137 15961.3300
v 168.0650 155.1011 15961.3300
v 167.9881 154.8375 15961.3300
v 168.0143 154.9245 15961.3300
v 167.9329 154.6623 15961.3400
v 167.9606 154.7488 15961.3400
v 167.8746 154.4881 15961.3400
v 167.9038 154.5741 15961.3400
v 167.8132 154.3149 15961.3400
v 167.8439 154.4003 15961.3400
v 167.7489 154.1428 15961.3500
v 167.7811 154.2277 15961.3500
v 167.6816 153.9718 15961.3500
v 167.7152 154.0562 15961.3500
v 167.6113 153.8021 15961.3600
v 167.6464 153.8858 15961.3500
v 167.5380 153.6336 15961.3600
v 167.5746 153.7167 15961.3600
v 167.4618 153.4664 15961.3600
v 167.4998 153.5488 15961.3600
v 167.3827 153.3005 15961.3700
v 167.4221 153.3823 15961.3700
v 167.3007 153.1361 15961.3700
v 167.3416 153.2172 15961.3700
v 167.2159 152.9731 15961.3800
v 167.2581 153.0535 15961.3700
v 167.1282 152.8116 15961.3800
v 167.1719 152.8913 15961.3800
v 167.0377 152.6517 15961.3900
v 167.0828 152.7306 15961.3800
v 166.9445 152.4934 15961.3900
v 166.9909 152.5714 15961.3900
v 166.8484 152.3367 15961.4000
v 166.8962 152.4140 15961.3900
v 166.7497 152.1818 15961.4000
v 166.7989 152.2581 15961.4000
v 166.6483 152.0286 15961.4100
v 166.6988 152.1041 15961.4000
v 166.5443 151.8772 15961.4100
v 166.5960 151.9518 15961.4100
v 166.4376 151.7276 15961.4200
v 166.4906 151.8013 15961.4200
v 166.3283 151.5799 15961.4200
v 166.3826 151.6526 15961.4200
v 166.2164 151.4341 15961.4300
v 166.2720 151.5059 15961.4300
v 166.1020 151.2903 15961.4400
v 166.1589 151.3611 15961.4300
v 165.9852 151.1485 15961.4400
v 166.0432 151.2183 15961.4400
v 165.8658 151.0088 15961.4500
v 165.9251 151.0776 15961.4500
v 165.7441 150.8712 15961.4600
v 165.8046 150.9389 15961.4500
v 165.6199 150.7357 15961.4600
v 165.6816 150.8024 15961.4600
v 165.4935 150.6024 15961.4700
v 165.5563 150.6680 15961.4600
v 165.3647 150.4714 15961.4800
v 165.4286 150.5359 15961.4700
v 165.2336 150.3426 15961.4800
v 165.2987 150.4060 15961.4800
v 165.1004 150.2161 15961.4900
v 165.1665 150.2784 15961.4900
v 164.9649 150.0920 15961.5000
v 165.0321 150.1531 15961.4900
v 164.8273 149.9703 15961.5000
v 164.8956 150.0301 15961.5000
v 164.6876 149.8509 15961.5100
v 164.7569 149.9096 15961.5100
v 164.5458 149.7341 15961.5200
v 164.6161 149.7915 15961.5200
v 164.4020 149.6197 15961.5300
v 164.4733 149.6759 15961.5200
v 164.2562 149.5078 15961.5300
v 164.3285 149.5628 15961.5300
v 164.1085 149.3985 15961.5400
v 164.1818 149.4522 15961.5400
v 163.9589 149.2918 15961.5500
v 164.0331 149.3442 15961.5500
v 163.8075 149.1878 15961.5600
v 163.8826 149.2389 15961.5500
v 163.6543 149.0863 15961.5700
v 163.7302 149.1361 15961.5600
v 163.4993 148.9876 15961.5800
v 163.5761 149.0361 15961.5700
v 163.3427 148.8916 15961.5800
v 163.4203 148.9387 15961.5800
v 163.1844 148.7984 15961.5900
v 163.2628 148.8441 15961.5900
v 163.0244 148.7079 15961.6000
v 163.1037 148.7523 15961.6000
v 162.8630 148.6202 15961.6100
v 162.9430 148.6632 15961.6000
v 162.7000 148.5354 15961.6200
v 162.7807 148.5770 15961.6100
v 162.5356 148.4534 15961.6300
v 162.6170 148.4936 15961.6200
v 162.3697 148.3743 15961.6400
v 162.4519 148.4130 15961.6300
v 162.2025 148.2981 15961.6400
v 162.2853 148.3354 15961.6400
v 162.0340 148.2248 15961.6500
v 162.1175 148.2607 15961.6500
v 161.8643 148.1545 15961.6600
v 161.9483 148.1889 15961.6600
v 161.6933 148.0872 15961.6700
v 161.7780 148.1201 15961.6700
v 161.5212 148.0228 15961.6800
v 161.6064 148.0543 15961.6800
v 161.3480 147.9615 15961.6900
v 161.4338 147.9914 15961.6900
v 161.1738 147.9032 15961.7000
v 161.2600 147.9316 15961.6900
v 160.9986 147.8479 15961.7100
v 161.0853 147.8749 15961.7000
v 160.8224 147.7958 15961.7200
v 160.9096 147.8212 15961.7100
v 160.6453 147.7467 15961.7300
v 160.7329 147.7706 15961.7200
v 160.4674 147.7007 15961.7400
v 160.5555 147.7230 15961.7300
v 160.2888 147.6578 15961.7500
v 160.3772 147.6786 15961.7400
v 160.1094 147.6180 15961.7600
v 160.1981 147.6373 15961.7500
v 159.9293 147.5814 15961.7700
v 160.0184 147.5991 15961.7600
v 159.7487 147.5479 15961.7800
v 159.8380 147.5640 15961.7700
v 159.5675 147.5176 15961.7900
v 159.6571 147.5322 15961.7800
v 159.3857 147.4904 15961.7900
v 159.4756 147.5034 15961.7900
v 159.2036 147.4664 15961.8000
v 159.2937 147.4779 15961.8000
v 159.0210 147.4456 15961.8100
v 159.1113 147.4555 15961.8100
v 158.8381 147.4280 15961.8200
v 158.9286 147.4363 15961.8200
v 158.6550 147.4136 15961.8300
v 158.7455 147.4203 15961.8300
v 158.4716 147.4024 15961.8400
v 158.5622 147.4075 15961.8400
v 158.2880 147.3944 15961.8500
v 158.3787 147.3979 15961.8500
v 158.1043 147.3896 15961.8600
v 158.1951 147.3915 15961.8600
v 157.9206 147.3880 15961.8700
v 158.0114 147.3883 15961.8700
v 157.7369 147.3896 15961.8800
v 157.8277 147.3884 15961.8800
v 157.5532 147.3944 15961.8900
v 157.6440 147.3916 15961.8900
v 157.3696 147.4024 15961.9000
v 157.4603 147.3980 15961.9000
v 157.1862 147.4136 15961.9100
v 157.2768 147.4077 15961.9100
v 157.0031 147.4280 15961.9200
v 157.0936 147.4205 15961.9200
v 156.8202 147.4456 15961.9300
v 156.9105 147.4365 15961.9300
v 156.6376 147.4664 15961.9400
v 156.7278 147.4557 15961.9400
v 156.4554 147.4904 15961.9500
v 156.5454 147.4781 15961.9500
v 156.2737 147.5176 15961.9600
v 156.3635 147.5037 15961.9600
v 156.0925 147.5479 15961.9700
v 156.1820 147.5325 15961.9700
v 155.9118 147.5814 15961.9800
v 156.0011 147.5644 15961.9800
v 155.7318 147.6180 15961.9900
v 155.8207 147.5995 15961.9900
v 155.5524 147.6578 15962.0000
v 155.6410 147.6377 15962.0000
v 155.3737 147.7007 15962.0100
v 155.4619 147.6791 15962.0000
v 155.1959 147.7467 15962.0200
v 155.2837 147.7235 15962.0100
v 155.0188 147.7958 15962.0300
v 155.1062 147.7711 15962.0200
v 154.8426 147.8479 15962.0400
v 154.9296 147.8218 15962.0300
v 154.6674 147.9032 15962.0500
v 154.7539 147.8755 15962.0400
v 154.4931 147.9615 15962.0600
v 154.5791 147.9323 15962.0500
v 154.3200 148.0228 15962.0700
v 154.4054 147.9921 15962.0600
v 154.1479 148.0872 15962.0800
v 154.2328 148.0550 15962.0700
v 153.9769 148.1545 15962.0800
v 154.0612 148.1209 15962.0800
v 153.8071 148.2248 15962.0900
v 153.8909 148.1897 15962.0900
v 153.6386 148.2981 15962.1000
v 153.7218 148.2615 15962.1000
v 153.4715 148.3743 15962.1100
v 153.5539 148.3363 15962.1100
v 153.3056 148.4534 15962.1200
v 153.3874 148.4139 15962.1200
v 153.1412 148.5354 15962.1300
v 153.2223 148.4945 15962.1200
v 152.9782 148.6202 15962.1400
v 153.0586 148.5779 15962.1300
v 152.8167 148.7079 15962.1500
v 152.8963 148.6642 15962.1400
v 152.6568 148.7984 15962.1500
v 152.7357 148.7533 15962.1500
v 152.4985 148.8916 15962.1600
v 152.5765 148.8452 15962.1600
v 152.3418 148.9876 15962.1700
v 152.4191 148.9398 15962.1700
v 152.1869 149.0863 15962.1800
v 152.2632 149.0372 15962.1800
v 152.0337 149.1878 15962.1900
v 152.1092 149.1373 15962.1800
v 151.8822 149.2918 15962.2000
v 151.9568 149.2401 15962.1900
v 151.7327 149.3985 15962.2000
v 151.8064 149.3455 15962.2000
v 151.5849 149.5078 15962.2100
v 151.6577 149.4535 15962.2100
v 151.4392 149.6197 15962.2200
v 151.5110 149.5641 15962.2200
v 151.2954 149.7341 15962.2300
v 151.3662 149.6772 15962.2200
v 151.1536 149.8509 15962.2400
v 151.2234 149.7929 15962.2300
v 151.0139 149.9703 15962.2400
v 151.0827 149.9110 15962.2400
v 150.8763 150.0920 15962.2500
v 150.9440 150.0315 15962.2500
v 150.7408 150.2161 15962.2600
v 150.8075 150.1545 15962.2500
v 150.6075 150.3426 15962.2600
v 150.6731 150.2798 15962.2600
v 150.4765 150.4714 15962.2700
v 150.5410 150.4075 15962.2700
v 150.3477 150.6024 15962.2800
v 150.4111 150.5374 15962.2700
v 150.2212 150.7357 15962.2900
v 150.2834 150.6696 15962.2800
v 150.0971 150.8712 15962.2900
v 150.1581 150.8040 15962.2900
v 149.9753 151.0088 15962.3000
v 150.0352 150.9405 15962.2900
v 149.8560 151.1485 15962.3000
v 149.9147 151.0792 15962.3000
v 149.7392 151.2903 15962.3100
v 149.7966 151.2200 15962.3100
v 149.6248 151.4341 15962.3200
v 149.6810 151.3628 15962.3100
v 149.5129 151.5799 15962.3200
v 149.5679 151.5076 15962.3200
v 149.4036 151.7276 15962.3300
v 149.4573 151.6543 15962.3300
v 149.2969 151.8772 15962.3300
v 149.3493 151.8030 15962.3300
v 149.1929 152.0286 15962.3400
v 149.2440 151.9535 15962.3400
v 149.0914 152.1818 15962.3500
v 149.1412 152.1058 15962.3400
v 148.9927 152.3367 15962.3500
v 149.0412 152.2599 15962.3500
v 148.8967 152.4934 15962.3600
v 148.9438 152.4158 15962.3500
v 148.8035 152.6517 15962.3600
v 148.8492 152.5733 15962.3600
v 148.7130 152.8116 15962.3700
v 148.7574 152.7324 15962.3600
v 148.6253 152.9731 15962.3700
v 148.6683 152.8931 15962.3700
v 148.5405 153.1361 15962.3800
v 148.5820 153.0554 15962.3700
v 148.4585 153.3005 15962.3800
v 148.4987 153.2191 15962.3800
v 148.3794 153.4664 15962.3800
v 148.4181 153.3842 15962.3800
v 148.3032 153.6336 15962.3900
v 148.3405 153.5508 15962.3900
v 148.2299 153.8021 15962.3900
v 148.2658 153.7186 15962.3900
v 148.1596 153.9718 15962.4000
v 148.1940 153.8878 15962.3900
v 148.0923 154.1428 15962.4000
v 148.1252 154.0581 15962.4000
v 148.0279 154.3149 15962.4000
v 148.0594 154.2297 15962.4000
v 147.9666 154.4881 15962.4100
v 147.9965 154.4023 15962.4000
v 147.9083 154.6623 15962.4100
v 147.9367 154.5761 15962.4100
v 147.8530 154.8375 15962.4100
v 147.8800 154.7508 15962.4100
v 147.8009 155.0137 15962.4100
v 147.8263 154.9265 15962.4100
v 147.7518 155.1908 15962.4200
v 147.7756 155.1031 15962.4200
v 147.7057 155.3687 15962.4200
v 147.7281 155.2806 15962.4200
v 147.6629 155.5473 15962.4200
v 147.6837 155.4589 15962.4200
v 147.6231 155.7267 15962.4200
v 147.6423 155.6380 15962.4200
v 147.5865 155.9068 15962.4300
v 147.6042 155.8177 15962.4200
v 147.5530 156.0874 15962.4300
v 147.5691 155.9980 15962.4300
v 147.5227 156.2686 15962.4300
v 147.5372 156.1790 15962.4300
v 147.4955 156.4503 15962.4300
v 147.5085 156.3605 15962.4300
v 147.4715 156.6325 15962.4300
v 147.4830 156.5424 15962.4300
v 147.4507 156.8151 15962.4300
v 147.4606 156.7248 15962.4300
v 147.4331 156.9980 15962.4300
v 147.4414 156.9075 15962.4300
v 147.4187 157.1811 15962.4300
v 147.4254 157.0906 15962.4300
v 147.4075 157.3645 15962.4400
v 147.4126 157.2739 15962.4300
v 147.3995 157.5481 15962.4400
v 147.4030 157.4574 15962.4400
v 147.3946 157.7318 15962.4400
v 147.3966 157.6410 15962.4400
v 147.3930 157.9155 15962.4400
v 147.3934 157.8247 15962.4400
v 147.3946 158.0992 15962.4400
v 147.3934 158.0084 15962.4400
v 147.3995 158.2829 15962.4400
v 147.3967 158.1921 15962.4400
v 147.4075 158.4665 15962.4400
v 147.4031 158.3758 15962.4400
v 147.4187 158.6499 15962.4300
v 147.4127 158.5592 15962.4300
v 147.4331 158.8330 15962.4300
v 147.4256 158.7425 15962.4300
v 147.4507 159.0159 15962.4300
v 147.4416 158.9256 15962.4300
v 147.4715 159.1985 15962.4300
v 147.4608 159.1083 15962.4300
v 147.4955 159.3806 15962.4300
v 147.4832 159.2907 15962.4300
v 147.5227 159.5624 15962.4300
v 147.5088 159.4726 15962.4300
v 147.5530 159.7436 15962.4300
v 147.5376 159.6541 15962.4300
v 147.5865 159.9243 15962.4300
v 147.5695 159.8350 15962.4300
v 147.6231 160.1043 15962.4200
v 147.6046 160.0154 15962.4200
v 147.6629 160.2837 15962.4200
v 147.6428 160.1951 15962.4200
v 147.7057 160.4623 15962.4200
v 147.6842 160.3741 15962.4200
v 147.7518 160.6402 15962.4200
v 147.7286 160.5524 15962.4200
v 147.8009 160.8173 15962.4100
v 147.7762 160.7299 15962.4200
v 147.8530 160.9935 15962.4100
v 147.8269 160.9065 15962.4100
v 147.9083 161.1687 15962.4100
v 147.8806 161.0822 15962.4100
v 147.9666 161.3429 15962.4100
v 147.9374 161.2569 15962.4100
v 148.0279 161.5161 15962.4000
v 147.9972 161.4307 15962.4000
v 148.0923 161.6882 15962.4000
v 148.0601 161.6033 15962.4000
v 148.1596 161.8592 15962.4000
v 148.1260 161.7748 15962.4000
v 148.2299 162.0289 15962.3900
v 148.1948 161.9452 15962.3900
v 148.3032 162.1974 15962.3900
v 148.2666 162.1143 15962.3900
v 148.3794 162.3646 15962.3800
v 148.3414 162.2822 15962.3900
v 148.4585 162.5305 15962.3800
v 148.4190 162.4487 15962.3800
v 148.5405 162.6949 15962.3800
v 148.4996 162.6138 15962.3800
v 148.6253 162.8579 15962.3700
v 148.5830 162.7775 15962.3700
v 148.7130 163.0193 15962.3700
v 148.6693 162.9397 15962.3700
v 148.8035 163.1793 15962.3600
v 148.7584 163.1004 15962.3600
v 148.8967 163.3376 15962.3600
v 148.8503 163.2596 15962.3600
v 148.9927 163.4942 15962.3500
v 148.9449 163.4170 15962.3500
v 149.0914 163.6492 15962.3500
v 149.0423 163.5728 15962.3500
v 149.1929 163.8024 15962.3400
v 149.1424 163.7269 15962.3400
v 149.2969 163.9539 15962.3300
v 149.2452 163.8792 15962.3400
v 149.4036 164.1034 15962.3300
v 149.3506 164.0297 15962.3300
v 149.5129 164.2511 15962.3200
v 149.4586 164.1784 15962.3300
v 149.6248 164.3969 15962.3200
v 149.5692 164.3251 15962.3200
v 149.7392 164.5407 15962.3100
v 149.6823 164.4699 15962.3100
v 149.8560 164.6825 15962.3000
v 149.7979 164.6127 15962.3100
v 149.9753 164.8222 15962.3000
v 149.9161 164.7534 15962.3000
v 150.0971 164.9598 15962.2900
v 150.0366 164.8921 15962.2900
v 150.2212 165.0953 15962.2900
v 150.1596 165.0286 15962.2900
v 150.3477 165.2285 15962.2800
v 150.2849 165.1629 15962.2800
v 150.4765 165.3596 15962.2700
v 150.4126 165.2951 15962.2700
v 150.6075 165.4884 15962.2600
v 150.5425 165.4250 15962.2700
v 150.7408 165.6149 15962.2600
v 150.6747 165.5526 15962.2600
v 150.8763 165.7390 15962.2500
v 150.8091 165.6779 15962.2500
v 151.0139 165.8607 15962.2400
v 150.9456 165.8009 15962.2500
v 151.1536 165.9801 15962.2400
v 151.0843 165.9214 15962.2400
v 151.2954 166.0969 15962.2300
v 151.2251 166.0395 15962.2300
v 151.4392 166.2113 15962.2200
v 151.3679 166.1551 15962.2200
v 151.5849 166.3232 15962.2100
v 151.5127 166.2682 15962.2200
v 151.7327 166.4325 15962.2000
v 151.6594 166.3788 15962.2100
v 151.8822 166.5392 15962.2000
v 151.8081 166.4868 15962.2000
v 152.0337 166.6432 15962.1900
v 151.9586 166.5921 15962.1900
v 152.1869 166.7446 15962.1800
v 152.1109 166.6949 15962.1800
v 152.3418 166.8434 15962.1700
v 152.2650 166.7949 15962.1800
v 152.4985 166.9394 15962.1600
v 152.4209 166.8923 15962.1700
v 152.6568 167.0326 15962.1500
v 152.5784 166.9869 15962.1600
v 152.8167 167.1231 15962.1500
v 152.7375 167.0787 15962.1500
v 152.9782 167.2108 15962.1400
v 152.8982 167.1678 15962.1400
v 153.1412 167.2956 15962.1300
v 153.0605 167.2540 15962.1300
v 153.3056 167.3776 15962.1200
v 153.2242 167.3374 15962.1200
v 153.4715 167.4567 15962.1100
v 153.3893 167.4180 15962.1200
v 153.6386 167.5329 15962.1000
v 153.5558 167.4956 15962.1100
v 153.8071 167.6062 15962.0900
v 153.7237 167.5703 15962.1000
v 153.9769 167.6765 15962.0800
v 153.8929 167.6421 15962.0900
v 154.1479 167.7438 15962.0800
v 154.0632 167.7109 15962.0800
v 154.3200 167.8082 15962.0700
v 154.2348 167.7767 15962.0700
v 154.4931 167.8695 15962.0600
v 154.4074 167.8396 15962.0600
v 154.6674 167.9278 15962.0500
v 154.5812 167.8994 15962.0500
v 154.8426 167.9830 15962.0400
v 154.7559 167.9561 15962.0400
v 155.0188 168.0352 15962.0300
v 154.9316 168.0098 15962.0300
v 155.1959 168.0843 15962.0200
v 155.1082 168.0605 15962.0200
v 155.3737 168.1303 15962.0100
v 155.2857 168.1080 15962.0100
v 155.5524 168.1732 15962.0000
v 155.4640 168.1524 15962.0000
v 155.7318 168.2130 15961.9900
v 155.6431 168.1937 15962.0000
v 155.9118 168.2496 15961.9800
v 155.8228 168.2319 15961.9900
v 156.0925 168.2831 15961.9700
v 156.0031 168.2670 15961.9800
v 156.2737 168.3134 15961.9600
v 156.1841 168.2988 15961.9700
v 156.4554 168.3406 15961.9500
v 156.3656 168.3276 15961.9600
v 156.6376 168.3646 15961.9400
v 156.5475 168.3531 15961.9500
v 156.8202 168.3854 15961.9300
v 156.7299 168.3755 15961.9400
v 157.0031 168.4030 15961.9200
v 156.9126 168.3947 15961.9300
v 157.1862 168.4174 15961.9100
v 157.0957 168.4107 15961.9200
v 157.3696 168.4286 15961.9000
v 157.2790 168.4235 15961.9100
v 157.5532 168.4366 15961.8900
v 157.4624 168.4331 15961.9000
v 157.7369 168.4414 15961.8800
v 157.6461 168.4395 15961.8900
v 157.9206 168.4430 15961.8700
v 157.8298 168.4427 15961.8800
v 158.1043 168.4414 15961.8600
v 158.0135 168.4426 15961.8700
v 158.2880 168.4366 15961.8500
v 158.1972 168.4394 15961.8600
v 158.4716 168.4286 15961.8400
v 158.3809 168.4330 15961.8500
v 158.6550 168.4174 15961.8300
v 158.5643 168.4233 15961.8400
v 158.8381 168.4030 15961.8200
v 158.7476 168.4105 15961.8300
v 159.0210 168.3854 15961.8100
v 158.9307 168.3945 15961.8200
v 159.2036 168.3646 15961.8000
v 159.1134 168.3753 15961.8100
v 159.3857 168.3406 15961.7900
v 159.2958 168.3528 15961.8000
v 159.5675 168.3134 15961.7900
v 159.4777 168.3273 15961.7900
v 159.7487 168.2831 15961.7800
v 159.6592 168.2985 15961.7800
v 159.9293 168.2496 15961.7700
v 159.8401 168.2666 15961.7700
v 160.1094 168.2130 15961.7600
v 160.0205 168.2315 15961.7600
v 160.2888 168.1732 15961.7500
v 160.2002 168.1933 15961.7500
v 160.4674 168.1303 15961.7400
v 160.3792 168.1519 15961.7400
v 160.6453 168.0843 15961.7300
v 160.5575 168.1075 15961.7300
v 160.8224 168.0352 15961.7200
v 160.7350 168.0599 15961.7200
v 160.9986 167.9830 15961.7100
v 160.9116 168.0092 15961.7100
v 161.1738 167.9278 15961.7000
v 161.0873 167.9555 15961.7000
v 161.3480 167.8695 15961.6900
v 161.2620 167.8987 15961.6900
v 161.5212 167.8082 15961.6800
v 161.4358 167.8389 15961.6900
v 161.6933 167.7438 15961.6700
v 161.6084 167.7760 15961.6800
v 161.8643 167.6765 15961.6600
v 161.7799 167.7101 15961.6700
v 162.0340 167.6062 15961.6500
v 161.9503 167.6413 15961.6600
v 162.2025 167.5329 15961.6400
v 162.1194 167.5695 15961.6500
v 162.3697 167.4567 15961.6400
v 162.2873 167.4947 15961.6400
v 162.5356 167.3776 15961.6300
v 162.4538 167.4171 15961.6300
v 162.7000 167.2956 15961.6200
v 162.6189 167.3365 15961.6200
v 162.8630 167.2108 15961.6100
v 162.7826 167.2531 15961.6100
v 163.0244 167.1231 15961.6000
v 162.9448 167.1668 15961.6000
v 163.1844 167.0326 15961.5900
v 163.1055 167.0777 15961.6000
v 163.3427 166.9394 15961.5800
v 163.2646 166.9858 15961.5900
v 163.4993 166.8434 15961.5800
v 163.4221 166.8912 15961.5800
v 163.6543 166.7446 15961.5700
v 163.5779 166.7938 15961.5700
v 163.8075 166.6432 15961.5600
v 163.7320 166.6937 15961.5600
v 163.9589 166.5392 15961.5500
v 163.8843 166.5909 15961.5500
v 164.1085 166.4325 15961.5400
v 164.0348 166.4855 15961.5500
v 164.2562 166.3232 15961.5300
v 164.1835 166.3775 15961.5400
v 164.4020 166.2113 15961.5300
v 164.3302 166.2669 15961.5300
v 164.5458 166.0969 15961.5200
v 164.4750 166.1538 15961.5200
v 164.6876 165.9801 15961.5100
v 164.6178 166.0381 15961.5200
v 164.8273 165.8607 15961.5000
v 164.7585 165.9200 15961.5100
v 164.9649 165.7390 15961.5000
v 164.8971 165.7995 15961.5000
v 165.1004 165.6149 15961.4900
v 165.0337 165.6765 15961.4900
v 165.2336 165.4884 15961.4800
v 165.1680 165.5512 15961.4900
v 165.3647 165.3596 15961.4800
v 165.3002 165.4235 15961.4800
v 165.4935 165.2285 15961.4700
v 165.4301 165.2936 15961.4700
v 165.6199 165.0953 15961.4600
v 165.5577 165.1614 15961.4600
v 165.7441 164.9598 15961.4600
v 165.6830 165.0270 15961.4600
v 165.8658 164.8222 15961.4500
v 165.8060 164.8905 15961.4500
v 165.9852 164.6825 15961.4400
v 165.9265 164.7518 15961.4500
v 166.1020 164.5407 15961.4400
v 166.0446 164.6110 15961.4400
v 166.2164 164.3969 15961.4300
v 166.1602 164.4682 15961.4300
v 166.3283 164.2511 15961.4200
v 166.2733 164.3234 15961.4300
v 166.4376 164.1034 15961.4200
v 166.3839 164.1767 15961.4200
v 166.5443 163.9539 15961.4100
v 166.4919 164.0280 15961.4200
v 166.6483 163.8024 15961.4100
v 166.5972 163.8775 15961.4100
v 166.7497 163.6492 15961.4000
v 166.7000 163.7252 15961.4000
v 166.8484 163.4942 15961.4000
v 166.8000 163.5710 15961.4000
v 166.9445 163.3376 15961.3900
v 166.8974 163.4152 15961.3900
v 167.0377 163.1793 15961.3900
v 166.9920 163.2577 15961.3900
v 167.1282 163.0193 15961.3800
v 167.0838 163.0986 15961.3800
v 167.2159 162.8579 15961.3800
v 167.1729 162.9379 15961.3800
v 167.3007 162.6949 15961.3700
v 167.2591 162.7756 15961.3700
v 167.3827 162.5305 15961.3700
v 167.3425 162.6119 15961.3700
v 167.4618 162.3646 15961.3600
v 167.4230 162.4468 15961.3700
v 167.5380 162.1974 15961.3600
v 167.5007 162.2802 15961.3600
v 167.6113 162.0289 15961.3600
v 167.5754 162.1124 15961.3600
v 167.6816 161.8592 15961.3500
v 167.6472 161.9432 15961.3500
v 167.7489 161.6882 15961.3500
v 167.7160 161.7729 15961.3500
v 167.8132 161.5161 15961.3400
v 167.7818 161.6013 15961.3500
v 167.8746 161.3429 15961.3400
v 167.8447 161.4287 15961.3400
v 167.9329 161.1687 15961.3400
v 167.9044 161.2549 15961.3400
v 167.9881 160.9935 15961.3300
v 167.9612 161.0802 15961.3400
v 168.0403 160.8173 15961.3300
v 168.0149 160.9045 15961.3300
v 168.0894 160.6402 15961.3300
v 168.0655 160.7278 15961.3300
v 168.1354 160.4623 15961.3300
v 168.1131 160.5504 15961.3300
v 168.1783 160.2837 15961.3300
v 168.1575 160.3721 15961.3300
v 168.2181 160.1043 15961.3200
v 168.1988 160.1930 15961.3200
v 168.2547 159.9243 15961.3200
v 168.2370 160.0133 15961.3200
v 168.2882 159.7436 15961.3200
v 168.2720 159.8329 15961.3200
v 168.3185 159.5624 15961.3200
v 168.3039 159.6520 15961.3200
v 168.3457 159.3806 15961.3200
v 168.3327 159.4705 15961.3200
v 168.3697 159.1985 15961.3100
v 168.3582 159.2886 15961.3200
v 168.3905 159.0159 15961.3100
v 168.3806 159.1062 15961.3100
v 168.4081 158.8330 15961.3100
v 168.3998 158.9235 15961.3100
v 168.4225 158.6499 15961.3100
v 168.4158 158.7404 15961.3100
v 168.4337 158.4665 15961.3100
v 168.4286 158.5571 15961.3100
v 168.4417 158.2829 15961.3100
v 168.4382 158.3736 15961.3100
v 168.4465 158.0992 15961.3100
v 168.4445 158.1900 15961.3100
v 168.4477 158.0063 15961.3100
v 652.1890 631.6552 15935.4500
v 652.1874 631.4714 15935.4500
v 652.1885 631.5622 15935.4500
v 652.1826 631.2877 15935.4500
v 652.1853 631.3785 15935.4500
v 652.1746 631.1042 15935.4500
v 652.1789 631.1949 15935.4500
v 652.1633 630.9208 15935.4500
v 652.1693 631.0114 15935.4500
v 652.1489 630.7376 15935.4500
v 652.1564 630.8281 15935.4500
v 652.1313 630.5547 15935.4500
v 652.1404 630.6451 15935.4500
v 652.1105 630.3722 15935.4500
v 652.1212 630.4623 15935.4500
v 652.0865 630.1900 15935.4500
v 652.0988 630.2800 15935.4500
v 652.0593 630.0083 15935.4500
v 652.0732 630.0980 15935.4500
v 652.0291 629.8271 15935.4600
v 652.0444 629.9166 15935.4600
v 651.9955 629.6464 15935.4600
v 652.0125 629.7356 15935.4600
v 651.9589 629.4664 15935.4600
v 651.9774 629.5552 15935.4600
v 651.9191 629.2870 15935.4600
v 651.9392 629.3755 15935.4600
v 651.8762 629.1083 15935.4600
v 651.8978 629.1965 15935.4600
v 651.8303 628.9304 15935.4700
v 651.8534 629.0182 15935.4600
v 651.7811 628.7534 15935.4700
v 651.8058 628.8408 15935.4700
v 651.7289 628.5772 15935.4700
v 651.7551 628.6641 15935.4700
v 651.6737 628.4020 15935.4700
v 651.7014 628.4885 15935.4700
v 651.6154 628.2277 15935.4800
v 651.6446 628.3137 15935.4800
v 651.5541 628.0545 15935.4800
v 651.5848 628.1400 15935.4800
v 651.4897 627.8824 15935.4800
v 651.5219 627.9673 15935.4800
v 651.4224 627.7115 15935.4900
v 651.4561 627.7958 15935.4900
v 651.3521 627.5417 15935.4900
v 651.3872 627.6254 15935.4900
v 651.2788 627.3732 15935.5000
v 651.3154 627.4564 15935.4900
v 651.2026 627.2060 15935.5000
v 651.2407 627.2885 15935.5000
v 651.1235 627.0402 15935.5000
v 651.1630 627.1219 15935.5000
v 651.0415 626.8757 15935.5100
v 651.0824 626.9568 15935.5100
v 650.9567 626.7128 15935.5100
v 650.9990 626.7932 15935.5100
v 650.8690 626.5513 15935.5200
v 650.9127 626.6309 15935.5200
v 650.7786 626.3914 15935.5200
v 650.8236 626.4702 15935.5200
v 650.6853 626.2331 15935.5300
v 650.7317 626.3111 15935.5200
v 650.5893 626.0764 15935.5300
v 650.6371 626.1536 15935.5300
v 650.4905 625.9214 15935.5400
v 650.5397 625.9978 15935.5400
v 650.3892 625.7682 15935.5400
v 650.4396 625.8438 15935.5400
v 650.2851 625.6168 15935.5500
v 650.3369 625.6914 15935.5500
v 650.1784 625.4672 15935.5500
v 650.2314 625.5409 15935.5500
v 650.0691 625.3195 15935.5600
v 650.1234 625.3923 15935.5600
v 649.9572 625.1738 15935.5700
v 650.0128 625.2455 15935.5600
v 649.8428 625.0300 15935.5700
v 649.8997 625.1008 15935.5700
v 649.7260 624.8882 15935.5800
v 649.7841 624.9580 15935.5800
v 649.6066 624.7485 15935.5800
v 649.6660 624.8173 15935.5800
v 649.4849 624.6108 15935.5900
v 649.5453 624.6786 15935.5900
v 649.3608 624.4754 15935.6000
v 649.4224 624.5421 15935.5900
v 649.2343 624.3421 15935.6000
v 649.2971 624.4077 15935.6000
v 649.1055 624.2111 15935.6100
v 649.1694 624.2755 15935.6100
v 648.9745 624.0823 15935.6200
v 649.0395 624.1456 15935.6200
v 648.8412 623.9558 15935.6300
v 648.9073 624.0180 15935.6200
v 648.7057 623.8317 15935.6300
v 648.7729 623.8927 15935.6300
v 648.5681 623.7099 15935.6400
v 648.6364 623.7698 15935.6400
v 648.4284 623.5906 15935.6500
v 648.4977 623.6492 15935.6400
v 648.2866 623.4737 15935.6600
v 648.3569 623.5312 15935.6500
v 648.1428 623.3593 15935.6600
v 648.2141 623.4155 15935.6600
v 647.9971 623.2475 15935.6700
v 648.0693 623.3024 15935.6700
v 647.8494 623.1382 15935.6800
v 647.9226 623.1919 15935.6700
v 647.6998 623.0315 15935.6900
v 647.7739 623.0839 15935.6800
v 647.5483 622.9274 15935.7000
v 647.6234 622.9785 15935.6900
v 647.3951 622.8260 15935.7000
v 647.4711 622.8758 15935.7000
v 647.2402 622.7273 15935.7100
v 647.3170 622.7758 15935.7100
v 647.0835 622.6313 15935.7200
v 647.1611 622.6784 15935.7200
v 646.9252 622.5380 15935.7300
v 647.0037 622.5838 15935.7200
v 646.7653 622.4476 15935.7400
v 646.8445 622.4919 15935.7300
v 646.6038 622.3599 15935.7500
v 646.6838 622.4028 15935.7400
v 646.4408 622.2750 15935.7500
v 646.5215 622.3166 15935.7500
v 646.2764 622.1931 15935.7600
v 646.3578 622.2332 15935.7600
v 646.1105 622.1140 15935.7700
v 646.1927 622.1527 15935.7700
v 645.9434 622.0378 15935.7800
v 646.0261 622.0751 15935.7800
v 645.7748 621.9645 15935.7900
v 645.8583 622.0004 15935.7900
v 645.6051 621.8942 15935.8000
v 645.6891 621.9286 15935.7900
v 645.4341 621.8268 15935.8100
v 645.5188 621.8597 15935.8000
v 645.2620 621.7625 15935.8200
v 645.3472 621.7939 15935.8100
v 645.0889 621.7012 15935.8300
v 645.1746 621.7311 15935.8200
v 644.9146 621.6429 15935.8400
v 645.0009 621.6713 15935.8300
v 644.7394 621.5876 15935.8500
v 644.8261 621.6146 15935.8400
v 644.5632 621.5354 15935.8500
v 644.6504 621.5609 15935.8500
v 644.3862 621.4863 15935.8600
v 644.4738 621.5102 15935.8600
v 644.2083 621.4403 15935.8700
v 644.2963 621.4626 15935.8700
v 644.0296 621.3974 15935.8800
v 644.1180 621.4182 15935.8800
v 643.8502 621.3577 15935.8900
v 643.9390 621.3769 15935.8900
v 643.6702 621.3210 15935.9000
v 643.7592 621.3387 15935.9000
v 643.4895 621.2875 15935.9100
v 643.5789 621.3037 15935.9100
v 643.3083 621.2572 15935.9200
v 643.3979 621.2718 15935.9200
v 643.1266 621.2300 15935.9300
v 643.2164 621.2431 15935.9300
v 642.9444 621.2061 15935.9400
v 643.0345 621.2175 15935.9400
v 642.7618 621.1853 15935.9500
v 642.8521 621.1951 15935.9500
v 642.5790 621.1677 15935.9600
v 642.6694 621.1760 15935.9600
v 642.3958 621.1533 15935.9700
v 642.4863 621.1600 15935.9700
v 642.2124 621.1420 15935.9800
v 642.3030 621.1472 15935.9800
v 642.0288 621.1340 15935.9900
v 642.1196 621.1376 15935.9900
v 641.8452 621.1292 15936.0000
v 641.9359 621.1312 15936.0000
v 641.6614 621.1276 15936.0100
v 641.7522 621.1280 15936.0000
v 641.4777 621.1292 15936.0200
v 641.5685 621.1280 15936.0100
v 641.2940 621.1340 15936.0300
v 641.3848 621.1312 15936.0200
v 641.1105 621.1420 15936.0400
v 641.2012 621.1377 15936.0300
v 640.9271 621.1533 15936.0500
v 641.0176 621.1473 15936.0400
v 640.7439 621.1677 15936.0600
v 640.8344 621.1602 15936.0500
v 640.5610 621.1853 15936.0700
v 640.6514 621.1761 15936.0600
v 640.3784 621.2061 15936.0800
v 640.4686 621.1954 15936.0700
v 640.1963 621.2300 15936.0900
v 640.2863 621.2178 15936.0800
v 640.0145 621.2572 15936.1000
v 640.1043 621.2434 15936.0900
v 639.8333 621.2875 15936.1100
v 639.9229 621.2722 15936.1000
v 639.6526 621.3210 15936.1200
v 639.7419 621.3041 15936.1100
v 639.4726 621.3577 15936.1300
v 639.5615 621.3392 15936.1200
v 639.2932 621.3974 15936.1400
v 639.3818 621.3774 15936.1300
v 639.1146 621.4403 15936.1500
v 639.2028 621.4187 15936.1400
v 638.9367 621.4863 15936.1600
v 639.0245 621.4632 15936.1500
v 638.7596 621.5354 15936.1700
v 638.8470 621.5107 15936.1600
v 638.5834 621.5876 15936.1700
v 638.6704 621.5615 15936.1700
v 638.4082 621.6429 15936.1800
v 638.4947 621.6152 15936.1800
v 638.2340 621.7012 15936.1900
v 638.3199 621.6720 15936.1900
v 638.0608 621.7625 15936.2000
v 638.1462 621.7318 15936.2000
v 637.8887 621.8268 15936.2100
v 637.9736 621.7947 15936.2100
v 637.7177 621.8942 15936.2200
v 637.8021 621.8605 15936.2200
v 637.5480 621.9645 15936.2300
v 637.6317 621.9294 15936.2300
v 637.3795 622.0378 15936.2400
v 637.4626 622.0012 15936.2300
v 637.2123 622.1140 15936.2500
v 637.2947 622.0759 15936.2400
v 637.0464 622.1931 15936.2600
v 637.1282 622.1536 15936.2500
v 636.8820 622.2750 15936.2700
v 636.9631 622.2342 15936.2600
v 636.7191 622.3599 15936.2700
v 636.7994 622.3176 15936.2700
v 636.5576 622.4476 15936.2800
v 636.6371 622.4039 15936.2800
v 636.3976 622.5380 15936.2900
v 636.4765 622.4930 15936.2900
v 636.2393 622.6313 15936.3000
v 636.3174 622.5848 15936.3000
v 636.0826 622.7273 15936.3100
v 636.1599 622.6795 15936.3000
v 635.9277 622.8260 15936.3200
v 636.0041 622.7769 15936.3100
v 635.7745 622.9274 15936.3200
v 635.8500 622.8770 15936.3200
v 635.6230 623.0315 15936.3300
v 635.6977 622.9797 15936.3300
v 635.4734 623.1382 15936.3400
v 635.5472 623.0851 15936.3400
v 635.3258 623.2475 15936.3500
v 635.3986 623.1931 15936.3400
v 635.1800 623.3593 15936.3600
v 635.2518 623.3037 15936.3500
v 635.0362 623.4737 15936.3600
v 635.1071 623.4169 15936.3600
v 634.8944 623.5906 15936.3700
v 634.9642 623.5325 15936.3700
v 634.7547 623.7099 15936.3800
v 634.8235 623.6506 15936.3800
v 634.6171 623.8317 15936.3900
v 634.6849 623.7712 15936.3800
v 634.4816 623.9558 15936.3900
v 634.5483 623.8942 15936.3900
v 634.3484 624.0823 15936.4000
v 634.4139 624.0195 15936.4000
v 634.2173 624.2111 15936.4100
v 634.2818 624.1471 15936.4000
v 634.0885 624.3421 15936.4200
v 634.1519 624.2770 15936.4100
v 633.9620 624.4754 15936.4200
v 634.0243 624.4092 15936.4200
v 633.8380 624.6108 15936.4300
v 633.8990 624.5436 15936.4200
v 633.7162 624.7485 15936.4300
v 633.7761 624.6802 15936.4300
v 633.5969 624.8882 15936.4400
v 633.6555 624.8188 15936.4400
v 633.4800 625.0300 15936.4500
v 633.5374 624.9597 15936.4400
v 633.3656 625.1738 15936.4500
v 633.4218 625.1024 15936.4500
v 633.2537 625.3195 15936.4600
v 633.3087 625.2473 15936.4600
v 633.1445 625.4672 15936.4600
v 633.1981 625.3940 15936.4600
v 633.0378 625.6168 15936.4700
v 633.0901 625.5427 15936.4700
v 632.9337 625.7682 15936.4800
v 632.9848 625.6932 15936.4700
v 632.8323 625.9214 15936.4800
v 632.8821 625.8455 15936.4800
v 632.7335 626.0764 15936.4900
v 632.7820 625.9996 15936.4800
v 632.6376 626.2331 15936.4900
v 632.6846 626.1555 15936.4900
v 632.5443 626.3914 15936.5000
v 632.5900 626.3129 15936.5000
v 632.4538 626.5513 15936.5000
v 632.4982 626.4720 15936.5000
v 632.3661 626.7128 15936.5100
v 632.4091 626.6328 15936.5000
v 632.2813 626.8757 15936.5100
v 632.3229 626.7950 15936.5100
v 632.1993 627.0402 15936.5200
v 632.2395 626.9587 15936.5100
v 632.1202 627.2060 15936.5200
v 632.1589 627.1239 15936.5200
v 632.0440 627.3732 15936.5200
v 632.0813 627.2904 15936.5200
v 631.9708 627.5417 15936.5300
v 632.0066 627.4583 15936.5300
v 631.9005 627.7115 15936.5300
v 631.9348 627.6274 15936.5300
v 631.8331 627.8824 15936.5400
v 631.8660 627.7978 15936.5300
v 631.7687 628.0545 15936.5400
v 631.8002 627.9693 15936.5400
v 631.7074 628.2277 15936.5400
v 631.7374 628.1420 15936.5400
v 631.6491 628.4020 15936.5400
v 631.6776 628.3157 15936.5400
v 631.5939 628.5772 15936.5500
v 631.6208 628.4905 15936.5500
v 631.5417 628.7534 15936.5500
v 631.5671 628.6662 15936.5500
v 631.4926 628.9304 15936.5500
v 631.5165 628.8428 15936.5500
v 631.4466 629.1083 15936.5600
v 631.4689 629.0203 15936.5500
v 631.4037 629.2870 15936.5600
v 631.4245 629.1986 15936.5600
v 631.3639 629.4664 15936.5600
v 631.3832 629.3776 15936.5600
v 631.3273 629.6464 15936.5600
v 631.3450 629.5573 15936.5600
v 631.2938 629.8271 15936.5600
v 631.3099 629.7377 15936.5600
v 631.2635 630.0083 15936.5700
v 631.2781 629.9186 15936.5700
v 631.2363 630.1900 15936.5700
v 631.2493 630.1002 15936.5700
v 631.2123 630.3722 15936.5700
v 631.2238 630.2821 15936.5700
v 631.1915 630.5547 15936.5700
v 631.2014 630.4645 15936.5700
v 631.1740 630.7376 15936.5700
v 631.1823 630.6472 15936.5700
v 631.1595 630.9208 15936.5700
v 631.1663 630.8302 15936.5700
v 631.1483 631.1042 15936.5700
v 631.1534 631.0135 15936.5700
v 631.1403 631.2877 15936.5700
v 631.1439 631.1970 15936.5700
v 631.1355 631.4714 15936.5700
v 631.1375 631.3806 15936.5700
v 631.1339 631.6552 15936.5700
v 631.1343 631.5643 15936.5700
v 631.1355 631.8389 15936.5700
v 631.1343 631.7481 15936.5700
v 631.1403 632.0226 15936.5700
v 631.1375 631.9318 15936.5700
v 631.1483 632.2061 15936.5700
v 631.1439 632.1154 15936.5700
v 631.1595 632.3895 15936.5700
v 631.1536 632.2989 15936.5700
v 631.1740 632.5727 15936.5700
v 631.1664 632.4822 15936.5700
v 631.1915 632.7556 15936.5700
v 631.1824 632.6652 15936.5700
v 631.2123 632.9381 15936.5700
v 631.2017 632.8480 15936.5700
v 631.2363 633.1203 15936.5700
v 631.2241 633.0303 15936.5700
v 631.2635 633.3020 15936.5700
v 631.2496 633.2123 15936.5700
v 631.2938 633.4832 15936.5600
v 631.2784 633.3937 15936.5600
v 631.3273 633.6639 15936.5600
v 631.3104 633.5747 15936.5600
v 631.3639 633.8439 15936.5600
v 631.3454 633.7551 15936.5600
v 631.4037 634.0233 15936.5600
v 631.3837 633.9348 15936.5600
v 631.4466 634.2020 15936.5600
v 631.4250 634.1138 15936.5600
v 631.4926 634.3799 15936.5500
v 631.4695 634.2921 15936.5500
v 631.5417 634.5569 15936.5500
v 631.5170 634.4695 15936.5500
v 631.5939 634.7331 15936.5500
v 631.5677 634.6462 15936.5500
v 631.6491 634.9083 15936.5400
v 631.6215 634.8218 15936.5500
v 631.7074 635.0826 15936.5400
v 631.6782 634.9966 15936.5400
v 631.7687 635.2558 15936.5400
v 631.7380 635.1703 15936.5400
v 631.8331 635.4279 15936.5400
v 631.8009 635.3430 15936.5400
v 631.9005 635.5988 15936.5300
v 631.8668 635.5145 15936.5300
v 631.9708 635.7686 15936.5300
v 631.9356 635.6849 15936.5300
v 632.0440 635.9371 15936.5200
v 632.0074 635.8540 15936.5300
v 632.1202 636.1043 15936.5200
v 632.0822 636.0219 15936.5200
v 632.1993 636.2701 15936.5200
v 632.1599 636.1884 15936.5200
v 632.2813 636.4346 15936.5100
v 632.2404 636.3535 15936.5100
v 632.3661 636.5975 15936.5100
v 632.3239 636.5172 15936.5100
v 632.4538 636.7590 15936.5000
v 632.4102 636.6794 15936.5000
v 632.5443 636.9189 15936.5000
v 632.4992 636.8401 15936.5000
v 632.6376 637.0773 15936.4900
v 632.5911 636.9992 15936.5000
v 632.7335 637.2339 15936.4900
v 632.6857 637.1567 15936.4900
v 632.8323 637.3889 15936.4800
v 632.7831 637.3125 15936.4800
v 632.9337 637.5421 15936.4800
v 632.8832 637.4666 15936.4800
v 633.0378 637.6935 15936.4700
v 632.9860 637.6189 15936.4700
v 633.1445 637.8431 15936.4600
v 633.0914 637.7694 15936.4700
v 633.2537 637.9908 15936.4600
v 633.1994 637.9180 15936.4600
v 633.3656 638.1365 15936.4500
v 633.3100 638.0648 15936.4600
v 633.4800 638.2803 15936.4500
v 633.4232 638.2095 15936.4500
v 633.5969 638.4221 15936.4400
v 633.5388 638.3523 15936.4400
v 633.7162 638.5618 15936.4300
v 633.6569 638.4930 15936.4400
v 633.8380 638.6995 15936.4300
v 633.7775 638.6317 15936.4300
v 633.9620 638.8349 15936.4200
v 633.9004 638.7682 15936.4200
v 634.0885 638.9682 15936.4200
v 634.0258 638.9026 15936.4200
v 634.2173 639.0992 15936.4100
v 634.1534 639.0348 15936.4100
v 634.3484 639.2280 15936.4000
v 634.2833 639.1647 15936.4000
v 634.4816 639.3545 15936.3900
v 634.4155 639.2923 15936.4000
v 634.6171 639.4786 15936.3900
v 634.5499 639.4176 15936.3900
v 634.7547 639.6004 15936.3800
v 634.6865 639.5405 15936.3800
v 634.8944 639.7197 15936.3700
v 634.8251 639.6611 15936.3800
v 635.0362 639.8366 15936.3600
v 634.9659 639.7792 15936.3700
v 635.1800 639.9510 15936.3600
v 635.1087 639.8948 15936.3600
v 635.3258 640.0628 15936.3500
v 635.2535 640.0079 15936.3500
v 635.4734 640.1721 15936.3400
v 635.4003 640.1184 15936.3400
v 635.6230 640.2788 15936.3300
v 635.5489 640.2264 15936.3400
v 635.7745 640.3829 15936.3200
v 635.6994 640.3318 15936.3300
v 635.9277 640.4843 15936.3200
v 635.8517 640.4345 15936.3200
v 636.0826 640.5830 15936.3100
v 636.0059 640.5345 15936.3100
v 636.2393 640.6790 15936.3000
v 636.1617 640.6319 15936.3000
v 636.3976 640.7723 15936.2900
v 636.3192 640.7266 15936.3000
v 636.5576 640.8627 15936.2800
v 636.4783 640.8184 15936.2900
v 636.7191 640.9504 15936.2700
v 636.6390 640.9075 15936.2800
v 636.8820 641.0353 15936.2700
v 636.8013 640.9937 15936.2700
v 637.0464 641.1172 15936.2600
v 636.9650 641.0771 15936.2600
v 637.2123 641.1964 15936.2500
v 637.1301 641.1576 15936.2500
v 637.3795 641.2725 15936.2400
v 637.2967 641.2352 15936.2400
v 637.5480 641.3458 15936.2300
v 637.4645 641.3100 15936.2300
v 637.7177 641.4161 15936.2200
v 637.6337 641.3818 15936.2300
v 637.8887 641.4835 15936.2100
v 637.8040 641.4506 15936.2200
v 638.0608 641.5478 15936.2000
v 637.9756 641.5164 15936.2100
v 638.2340 641.6091 15936.1900
v 638.1483 641.5792 15936.2000
v 638.4082 641.6674 15936.1800
v 638.3220 641.6390 15936.1900
v 638.5834 641.7227 15936.1700
v 638.4967 641.6958 15936.1800
v 638.7596 641.7749 15936.1700
v 638.6724 641.7495 15936.1700
v 638.9367 641.8240 15936.1600
v 638.8491 641.8001 15936.1600
v 639.1146 641.8700 15936.1500
v 639.0266 641.8477 15936.1500
v 639.2932 641.9129 15936.1400
v 639.2048 641.8921 15936.1400
v 639.4726 641.9526 15936.1300
v 639.3839 641.9334 15936.1300
v 639.6526 641.9893 15936.1200
v 639.5636 641.9716 15936.1200
v 639.8333 642.0228 15936.1100
v 639.7440 642.0066 15936.1100
v 640.0145 642.0531 15936.1000
v 639.9249 642.0385 15936.1000
v 640.1963 642.0803 15936.0900
v 640.1064 642.0672 15936.0900
v 640.3784 642.1042 15936.0800
v 640.2883 642.0928 15936.0800
v 640.5610 642.1251 15936.0700
v 640.4707 642.1152 15936.0700
v 640.7439 642.1426 15936.0600
v 640.6534 642.1343 15936.0600
v 640.9271 642.1570 15936.0500
v 640.8365 642.1503 15936.0500
v 641.1105 642.1683 15936.0400
v 641.0198 642.1631 15936.0400
v 641.2940 642.1763 15936.0300
v 641.2032 642.1727 15936.0300
v 641.4777 642.1811 15936.0200
v 641.3869 642.1791 15936.0200
v 641.6614 642.1827 15936.0100
v 641.5706 642.1823 15936.0100
v 641.8452 642.1811 15936.0000
v 641.7543 642.1823 15936.0000
v 642.0288 642.1763 15935.9900
v 641.9380 642.1791 15936.0000
v 642.2124 642.1683 15935.9800
v 642.1217 642.1726 15935.9900
v 642.3958 642.1570 15935.9700
v 642.3052 642.1630 15935.9800
v 642.5790 642.1426 15935.9600
v 642.4885 642.1501 15935.9700
v 642.7618 642.1251 15935.9500
v 642.6715 642.1342 15935.9600
v 642.9444 642.1042 15935.9400
v 642.8542 642.1149 15935.9500
v 643.1266 642.0803 15935.9300
v 643.0366 642.0925 15935.9400
v 643.3083 642.0531 15935.9200
v 643.2185 642.0669 15935.9300
v 643.4895 642.0228 15935.9100
v 643.4000 642.0381 15935.9200
v 643.6702 641.9893 15935.9000
v 643.5809 642.0062 15935.9100
v 643.8502 641.9526 15935.8900
v 643.7613 641.9711 15935.9000
v 644.0296 641.9129 15935.8800
v 643.9410 641.9329 15935.8900
v 644.2083 641.8700 15935.8700
v 644.1201 641.8916 15935.8800
v 644.3862 641.8240 15935.8600
v 644.2983 641.8471 15935.8700
v 644.5632 641.7749 15935.8500
v 644.4758 641.7996 15935.8600
v 644.7394 641.7227 15935.8500
v 644.6524 641.7489 15935.8500
v 644.9146 641.6674 15935.8400
v 644.8281 641.6951 15935.8400
v 645.0889 641.6091 15935.8300
v 645.0029 641.6384 15935.8300
v 645.2620 641.5478 15935.8200
v 645.1766 641.5785 15935.8200
v 645.4341 641.4835 15935.8100
v 645.3492 641.5156 15935.8100
v 645.6051 641.4161 15935.8000
v 645.5208 641.4498 15935.8000
v 645.7748 641.3458 15935.7900
v 645.6911 641.3809 15935.7900
v 645.9434 641.2725 15935.7800
v 645.8602 641.3091 15935.7900
v 646.1105 641.1964 15935.7700
v 646.0281 641.2344 15935.7800
v 646.2764 641.1172 15935.7600
v 646.1946 641.1567 15935.7700
v 646.4408 641.0353 15935.7500
v 646.3597 641.0762 15935.7600
v 646.6038 640.9504 15935.7500
v 646.5234 640.9927 15935.7500
v 646.7653 640.8627 15935.7400
v 646.6857 640.9064 15935.7400
v 646.9252 640.7723 15935.7300
v 646.8464 640.8173 15935.7300
v 647.0835 640.6790 15935.7200
v 647.0055 640.7255 15935.7200
v 647.2402 640.5830 15935.7100
v 647.1630 640.6308 15935.7200
v 647.3951 640.4843 15935.7000
v 647.3188 640.5334 15935.7100
v 647.5483 640.3829 15935.7000
v 647.4728 640.4333 15935.7000
v 647.6998 640.2788 15935.6900
v 647.6252 640.3306 15935.6900
v 647.8494 640.1721 15935.6800
v 647.7756 640.2252 15935.6800
v 647.9971 640.0628 15935.6700
v 647.9243 640.1172 15935.6700
v 648.1428 639.9510 15935.6600
v 648.0710 640.0066 15935.6700
v 648.2866 639.8366 15935.6600
v 648.2158 639.8934 15935.6600
v 648.4284 639.7197 15935.6500
v 648.3586 639.7778 15935.6500
v 648.5681 639.6004 15935.6400
v 648.4993 639.6597 15935.6400
v 648.7057 639.4786 15935.6300
v 648.6380 639.5391 15935.6400
v 648.8412 639.3545 15935.6300
v 648.7745 639.4161 15935.6300
v 648.9745 639.2280 15935.6200
v 648.9089 639.2908 15935.6200
v 649.1055 639.0992 15935.6100
v 649.0410 639.1632 15935.6200
v 649.2343 638.9682 15935.6000
v 649.1710 639.0333 15935.6100
v 649.3608 638.8349 15935.6000
v 649.2986 638.9011 15935.6000
v 649.4849 638.6995 15935.5900
v 649.4238 638.7667 15935.5900
v 649.6066 638.5618 15935.5800
v 649.5468 638.6301 15935.5900
v 649.7260 638.4221 15935.5800
v 649.6673 638.4915 15935.5800
v 649.8428 638.2803 15935.5700
v 649.7854 638.3507 15935.5800
v 649.9572 638.1365 15935.5700
v 649.9010 638.2079 15935.5700
v 650.0691 637.9908 15935.5600
v 650.0141 638.0630 15935.5600
v 650.1784 637.8431 15935.5500
v 650.1247 637.9163 15935.5600
v 650.2851 637.6935 15935.5500
v 650.2327 637.7676 15935.5500
v 650.3892 637.5421 15935.5400
v 650.3381 637.6171 15935.5500
v 650.4905 637.3889 15935.5400
v 650.4408 637.4648 15935.5400
v 650.5893 637.2339 15935.5300
v 650.5408 637.3107 15935.5400
v 650.6853 637.0773 15935.5300
v 650.6382 637.1549 15935.5300
v 650.7786 636.9189 15935.5200
v 650.7328 636.9974 15935.5200
v 650.8690 636.7590 15935.5200
v 650.8246 636.8383 15935.5200
v 650.9567 636.5975 15935.5100
v 650.9137 636.6776 15935.5200
v 651.0415 636.4346 15935.5100
v 650.9999 636.5153 15935.5100
v 651.1235 636.2701 15935.5000
v 651.0834 636.3516 15935.5100
v 651.2026 636.1043 15935.5000
v 651.1639 636.1864 15935.5000
v 651.2788 635.9371 15935.5000
v 651.2415 636.0199 15935.5000
v 651.3521 635.7686 15935.4900
v 651.3162 635.8521 15935.4900
v 651.4224 635.5988 15935.4900
v 651.3880 635.6829 15935.4900
v 651.4897 635.4279 15935.4800
v 651.4568 635.5125 15935.4900
v 651.5541 635.2558 15935.4800
v 651.5226 635.3410 15935.4800
v 651.6154 635.0826 15935.4800
v 651.5854 635.1683 15935.4800
v 651.6737 634.9083 15935.4700
v 651.6453 634.9946 15935.4800
v 651.7289 634.7331 15935.4700
v 651.7020 634.8198 15935.4700
v 651.7811 634.5569 15935.4700
v 651.7557 634.6441 15935.4700
v 651.8303 634.3799 15935.4700
v 651.8063 634.4675 15935.4700
v 651.8762 634.2020 15935.4600
v 651.8539 634.2900 15935.4600
v 651.9191 634.0233 15935.4600
v 651.8983 634.1118 15935.4600
v 651.9589 633.8439 15935.4600
v 651.9396 633.9327 15935.4600
v 651.9955 633.6639 15935.4600
v 651.9778 633.7530 15935.4600
v 652.0291 633.4832 15935.4600
v 652.0129 633.5726 15935.4600
v 652.0593 633.3020 15935.4500
v 652.0447 633.3917 15935.4600
v 652.0865 633.1203 15935.4500
v 652.0735 633.2102 15935.4500
v 652.1105 632.9381 15935.4500
v 652.0991 633.0282 15935.4500
v 652.1313 632.7556 15935.4500
v 652.1214 632.8458 15935.4500
v 652.1489 632.5727 15935.4500
v 652.1406 632.6631 15935.4500
v 652.1633 632.3895 15935.4500
v 652.1566 632.4801 15935.4500
v 652.1746 632.2061 15935.4500
v 652.1694 632.2968 15935.4500
v 652.1826 632.0226 15935.4500
v 652.1790 632.1133 15935.4500
v 652.1874 631.8389 15935.4500
v 652.1854 631.9297 15935.4500
v 652.1886 631.7460 15935.4500
v 652.1890 157.9155 15935.4500
v 652.1874 157.7318 15935.4500
v 652.1885 157.8226 15935.4500
v 652.1826 157.5481 15935.4500
v 652.1853 157.6389 15935.4500
v 652.1746 157.3645 15935.4500
v 652.1789 157.4552 15935.4500
v 652.1633 157.1811 15935.4500
v 652.1693 157.2717 15935.4500
v 652.1489 156.9980 15935.4500
v 652.1564 157.0885 15935.4500
v 652.1313 156.8151 15935.4500
v 652.1404 156.9054 15935.4500
v 652.1105 156.6325 15935.4500
v 652.1212 156.7227 15935.4500
v 652.0865 156.4503 15935.4500
v 652.0988 156.5403 15935.4500
v 652.0593 156.2686 15935.4500
v 652.0732 156.3584 15935.4500
v 652.0291 156.0874 15935.4600
v 652.0444 156.1769 15935.4600
v 651.9955 155.9068 15935.4600
v 652.0125 155.9960 15935.4600
v 651.9589 155.7267 15935.4600
v 651.9774 155.8156 15935.4600
v 651.9191 155.5473 15935.4600
v 651.9392 155.6359 15935.4600
v 651.8762 155.3687 15935.4600
v 651.8978 155.4569 15935.4600
v 651.8303 155.1908 15935.4700
v 651.8534 155.2786 15935.4600
v 651.7811 155.0137 15935.4700
v 651.8058 155.1011 15935.4700
v 651.7289 154.8375 15935.4700
v 651.7551 154.9245 15935.4700
v 651.6737 154.6623 15935.4700
v 651.7014 154.7488 15935.4700
v 651.6154 154.4881 15935.4800
v 651.6446 154.5741 15935.4800
v 651.5541 154.3149 15935.4800
v 651.5848 154.4003 15935.4800
v 651.4897 154.1428 15935.4800
v 651.5219 154.2277 15935.4800
v 651.4224 153.9718 15935.4900
v 651.4561 154.0562 15935.4900
v 651.3521 153.8021 15935.4900
v 651.3872 153.8858 15935.4900
v 651.2788 153.6336 15935.5000
v 651.3154 153.7167 15935.4900
v 651.2026 153.4664 15935.5000
v 651.2407 153.5488 15935.5000
v 651.1235 153.3005 15935.5000
v 651.1630 153.3823 15935.5000
v 651.0415 153.1361 15935.5100
v 651.0824 153.2172 15935.5100
v 650.9567 152.9731 15935.5100
v 650.9990 153.0535 15935.5100
v 650.8690 152.8116 15935.5200
v 650.9127 152.8913 15935.5200
v 650.7786 152.6517 15935.5200
v 650.8236 152.7306 15935.5200
v 650.6853 152.4934 15935.5300
v 650.7317 152.5714 15935.5200
v 650.5893 152.3367 15935.5300
v 650.6371 152.4140 15935.5300
v 650.4905 152.1818 15935.5400
v 650.5397 152.2581 15935.5400
v 650.3892 152.0286 15935.5400
v 650.4396 152.1041 15935.5400
v 650.2851 151.8772 15935.5500
v 650.3369 151.9518 15935.5500
v 650.1784 151.7276 15935.5500
v 650.2314 151.8013 15935.5500
v 650.0691 151.5799 15935.5600
v 650.1234 151.6526 15935.5600
v 649.9572 151.4341 15935.5700
v 650.0128 151.5059 15935.5600
v 649.8428 151.2903 15935.5700
v 649.8997 151.3611 15935.5700
v 649.7260 151.1485 15935.5800
v 649.7841 151.2183 15935.5800
v 649.6066 151.0088 15935.5800
v 649.6660 151.0776 15935.5800
v 649.4849 150.8712 15935.5900
v 649.5453 150.9389 15935.5900
v 649.3608 150.7357 15935.6000
v 649.4224 150.8024 15935.5900
v 649.2343 150.6024 15935.6000
v 649.2971 150.6680 15935.6000
v 649.1055 150.4714 15935.6100
v 649.1694 150.5359 15935.6100
v 648.9745 150.3426 15935.6200
v 649.0395 150.4060 15935.6200
v 648.8412 150.2161 15935.6300
v 648.9073 150.2784 15935.6200
v 648.7057 150.0920 15935.6300
v 648.7729 150.1531 15935.6300
v 648.5681 149.9703 15935.6400
v 648.6364 150.0301 15935.6400
v 648.4284 149.8509 15935.6500
v 648.4977 149.9096 15935.6400
v 648.2866 149.7341 15935.6600
v 648.3569 149.7915 15935.6500
v 648.1428 149.6197 15935.6600
v 648.2141 149.6759 15935.6600
v 647.9971 149.5078 15935.6700
v 648.0693 149.5628 15935.6700
v 647.8494 149.3985 15935.6800
v 647.9226 149.4522 15935.6700
v 647.6998 149.2918 15935.6900
v 647.7739 149.3442 15935.6800
v 647.5483 149.1878 15935.7000
v 647.6234 149.2389 15935.6900
v 647.3951 149.0863 15935.7000
v 647.4711 149.1361 15935.7000
v 647.2402 148.9876 15935.7100
v 647.3170 149.0361 15935.7100
v 647.0835 148.8916 15935.7200
v 647.1611 148.9387 15935.7200
v 646.9252 148.7984 15935.7300
v 647.0037 148.8441 15935.7200
v 646.7653 148.7079 15935.7400
v 646.8445 148.7523 15935.7300
v 646.6038 148.6202 15935.7500
v 646.6838 148.6632 15935.7400
v 646.4408 148.5354 15935.7500
v 646.5215 148.5770 15935.7500
v 646.2764 148.4534 15935.7600
v 646.3578 148.4936 15935.7600
v 646.1105 148.3743 15935.7700
v 646.1927 148.4130 15935.7700
v 645.9434 148.2981 15935.7800
v 646.0261 148.3354 15935.7800
v 645.7748 148.2248 15935.7900
v 645.8583 148.2607 15935.7900
v 645.6051 148.1545 15935.8000
v 645.6891 148.1889 15935.7900
v 645.4341 148.0872 15935.8100
v 645.5188 148.1201 15935.8000
v 645.2620 148.0228 15935.8200
v 645.3472 148.0543 15935.8100
v 645.0889 147.9615 15935.8300
v 645.1746 147.9914 15935.8200
v 644.9146 147.9032 15935.8400
v 645.0009 147.9316 15935.8300
v 644.7394 147.8479 15935.8500
v 644.8261 147.8749 15935.8400
v 644.5632 147.7958 15935.8500
v 644.6504 147.8212 15935.8500
v 644.3862 147.7467 15935.8600
v 644.4738 147.7706 15935.8600
v 644.2083 147.7007 15935.8700
v 644.2963 147.7230 15935.8700
v 644.0296 147.6578 15935.8800
v 644.1180 147.6786 15935.8800
v 643.8502 147.6180 15935.8900
v 643.9390 147.6373 15935.8900
v 643.6702 147.5814 15935.9000
v 643.7592 147.5991 15935.9000
v 643.4895 147.5479 15935.9100
v 643.5789 147.5640 15935.9100
v 643.3083 147.5176 15935.9200
v 643.3979 147.5322 15935.9200
v 643.1266 147.4904 15935.9300
v 643.2164 147.5034 15935.9300
v 642.9444 147.4664 15935.9400
v 643.0345 147.4779 15935.9400
v 642.7618 147.4456 15935.9500
v 642.8521 147.4555 15935.9500
v 642.5790 147.4280 15935.9600
v 642.6694 147.4363 15935.9600
v 642.3958 147.4136 15935.9700
v 642.4863 147.4203 15935.9700
v 642.2124 147.4024 15935.9800
v 642.3030 147.4075 15935.9800
v 642.0288 147.3944 15935.9900
v 642.1196 147.3979 15935.9900
v 641.8452 147.3896 15936.0000
v 641.9359 147.3915 15936.0000
v 641.6614 147.3880 15936.0100
v 641.7522 147.3883 15936.0000
v 641.4777 147.3896 15936.0200
v 641.5685 147.3884 15936.0100
v 641.2940 147.3944 15936.0300
v 641.3848 147.3916 15936.0200
v 641.1105 147.4024 15936.0400
v 641.2012 147.3980 15936.0300
v 640.9271 147.4136 15936.0500
v 641.0176 147.4077 15936.0400
v 640.7439 147.4280 15936.0600
v 640.8344 147.4205 15936.0500
v 640.5610 147.4456 15936.0700
v 640.6514 147.4365 15936.0600
v 640.3784 147.4664 15936.0800
v 640.4686 147.4557 15936.0700
v 640.1963 147.4904 15936.0900
v 640.2863 147.4781 15936.0800
v 640.0145 147.5176 15936.1000
v 640.1043 147.5037 15936.0900
v 639.8333 147.5479 15936.1100
v 639.9229 147.5325 15936.1000
v 639.6526 147.5814 15936.1200
v 639.7419 147.5644 15936.1100
v 639.4726 147.6180 15936.1300
v 639.5615 147.5995 15936.1200
v 639.2932 147.6578 15936.1400
v 639.3818 147.6377 15936.1300
v 639.1146 147.7007 15936.1500
v 639.2028 147.6791 15936.1400
v 638.9367 147.7467 15936.1600
v 639.0245 147.7235 15936.1500
v 638.7596 147.7958 15936.1700
v 638.8470 147.7711 15936.1600
v 638.5834 147.8479 15936.1700
v 638.6704 147.8218 15936.1700
v 638.4082 147.9032 15936.1800
v 638.4947 147.8755 15936.1800
v 638.2340 147.9615 15936.1900
v 638.3199 147.9323 15936.1900
v 638.0608 148.0228 15936.2000
v 638.1462 147.9921 15936.2000
v 637.8887 148.0872 15936.2100
v 637.9736 148.0550 15936.2100
v 637.7177 148.1545 15936.2200
v 637.8021 148.1209 15936.2200
v 637.5480 148.2248 15936.2300
v 637.6317 148.1897 15936.2300
v 637.3795 148.2981 15936.2400
v 637.4626 148.2615 15936.2300
v 637.2123 148.3743 15936.2500
v 637.2947 148.3363 15936.2400
v 637.0464 148.4534 15936.2600
v 637.1282 148.4139 15936.2500
v 636.8820 148.5354 15936.2700
v 636.9631 148.4945 15936.2600
v 636.7191 148.6202 15936.2700
v 636.7994 148.5779 15936.2700
v 636.5576 148.7079 15936.2800
v 636.6371 148.6642 15936.2800
v 636.3976 148.7984 15936.2900
v 636.4765 148.7533 15936.2900
v 636.2393 148.8916 15936.3000
v 636.3174 148.8452 15936.3000
v 636.0826 148.9876 15936.3100
v 636.1599 148.9398 15936.3000
v 635.9277 149.0863 15936.3200
v 636.0041 149.0372 15936.3100
v 635.7745 149.1878 15936.3200
v 635.8500 149.1373 15936.3200
v 635.6230 149.2918 15936.3300
v 635.6977 149.2401 15936.3300
v 635.4734 149.3985 15936.3400
v 635.5472 149.3455 15936.3400
v 635.3258 149.5078 15936.3500
v 635.3986 149.4535 15936.3400
v 635.1800 149.6197 15936.3600
v 635.2518 149.5641 15936.3500
v 635.0362 149.7341 15936.3600
v 635.1071 149.6772 15936.3600
v 634.8944 149.8509 15936.3700
v 634.9642 149.7929 15936.3700
v 634.7547 149.9703 15936.3800
v 634.8235 149.9110 15936.3800
v 634.6171 150.0920 15936.3900
v 634.6849 150.0315 15936.3800
v 634.4816 150.2161 15936.3900
v 634.5483 150.1545 15936.3900
v 634.3484 150.3426 15936.4000
v 634.4139 150.2798 15936.4000
v 634.2173 150.4714 15936.4100
v 634.2818 150.4075 15936.4000
v 634.0885 150.6024 15936.4200
v 634.1519 150.5374 15936.4100
v 633.9620 150.7357 15936.4200
v 634.0243 150.6696 15936.4200
v 633.8380 150.8712 15936.4300
v 633.8990 150.8040 15936.4200
v 633.7162 151.0088 15936.4300
v 633.7761 150.9405 15936.4300
v 633.5969 151.1485 15936.4400
v 633.6555 151.0792 15936.4400
v 633.4800 151.2903 15936.4500
v 633.5374 151.2200 15936.4400
v 633.3656 151.4341 15936.4500
v 633.4218 151.3628 15936.4500
v 633.2537 151.5799 15936.4600
v 633.3087 151.5076 15936.4600
v 633.1445 151.7276 15936.4600
v 633.1981 151.6543 15936.4600
v 633.0378 151.8772 15936.4700
v 633.0901 151.8030 15936.4700
v 632.9337 152.0286 15936.4800
v 632.9848 151.9535 15936.4700
v 632.8323 152.1818 15936.4800
v 632.8821 152.1058 15936.4800
v 632.7335 152.3367 15936.4900
v 632.7820 152.2599 15936.4800
v 632.6376 152.4934 15936.4900
v 632.6846 152.4158 15936.4900
v 632.5443 152.6517 15936.5000
v 632.5900 152.5733 15936.5000
v 632.4538 152.8116 15936.5000
v 632.4982 152.7324 15936.5000
v 632.3661 152.9731 15936.5100
v 632.4091 152.8931 15936.5000
v 632.2813 153.1361 15936.5100
v 632.3229 153.0554 15936.5100
v 632.1993 153.3005 15936.5200
v 632.2395 153.2191 15936.5100
v 632.1202 153.4664 15936.5200
v 632.1589 153.3842 15936.5200
v 632.0440 153.6336 15936.5200
v 632.0813 153.5508 15936.5200
v 631.9708 153.8021 15936.5300
v 632.0066 153.7186 15936.5300
v 631.9005 153.9718 15936.5300
v 631.9348 153.8878 15936.5300
v 631.8331 154.1428 15936.5400
v 631.8660 154.0581 15936.5300
v 631.7687 154.3149 15936.5400
v 631.8002 154.2297 15936.5400
v 631.7074 154.4881 15936.5400
v 631.7374 154.4023 15936.5400
v 631.6491 154.6623 15936.5400
v 631.6776 154.5761 15936.5400
v 631.5939 154.8375 15936.5500
v 631.6208 154.7508 15936.5500
v 631.5417 155.0137 15936.5500
v 631.5671 154.9265 15936.5500
v 631.4926 155.1908 15936.5500
v 631.5165 155.1031 15936.5500
v 631.4466 155.3687 15936.5600
v 631.4689 155.2806 15936.5500
v 631.4037 155.5473 15936.5600
v 631.4245 155.4589 15936.5600
v 631.3639 155.7267 15936.5600
v 631.3832 155.6380 15936.5600
v 631.3273 155.9068 15936.5600
v 631.3450 155.8177 15936.5600
v 631.2938 156.0874 15936.5600
v 631.3099 155.9980 15936.5600
v 631.2635 156.2686 15936.5700
v 631.2781 156.1790 15936.5700
v 631.2363 156.4503 15936.5700
v 631.2493 156.3605 15936.5700
v 631.2123 156.6325 15936.5700
v 631.2238 156.5424 15936.5700
v 631.1915 156.8151 15936.5700
v 631.2014 156.7248 15936.5700
v 631.1740 156.9980 15936.5700
v 631.1823 156.9075 15936.5700
v 631.1595 157.1811 15936.5700
v 631.1663 157.0906 15936.5700
v 631.1483 157.3645 15936.5700
v 631.1534 157.2739 15936.5700
v 631.1403 157.5481 15936.5700
v 631.1439 157.4574 15936.5700
v 631.1355 157.7318 15936.5700
v 631.1375 157.6410 15936.5700
v 631.1339 157.9155 15936.5700
v 631.1343 157.8247 15936.5700
v 631.1355 158.0992 15936.5700
v 631.1343 158.0084 15936.5700
v 631.1403 158.2829 15936.5700
v 631.1375 158.1921 15936.5700
v 631.1483 158.4665 15936.5700
v 631.1439 158.3758 15936.5700
v 631.1595 158.6499 15936.5700
v 631.1536 158.5592 15936.5700
v 631.1740 158.8330 15936.5700
v 631.1664 158.7425 15936.5700
v 631.1915 159.0159 15936.5700
v 631.1824 158.9256 15936.5700
v 631.2123 159.1985 15936.5700
v 631.2017 159.1083 15936.5700
v 631.2363 159.3806 15936.5700
v 631.2241 159.2907 15936.5700
v 631.2635 159.5624 15936.5700
v 631.2496 159.4726 15936.5700
v 631.2938 159.7436 15936.5600
v 631.2784 159.6541 15936.5600
v 631.3273 159.9243 15936.5600
v 631.3104 159.8350 15936.5600
v 631.3639 160.1043 15936.5600
v 631.3454 160.0154 15936.5600
v 631.4037 160.2837 15936.5600
v 631.3837 160.1951 15936.5600
v 631.4466 160.4623 15936.5600
v 631.4250 160.3741 15936.5600
v 631.4926 160.6402 15936.5500
v 631.4695 160.5524 15936.5500
v 631.5417 160.8173 15936.5500
v 631.5170 160.7299 15936.5500
v 631.5939 160.9935 15936.5500
v 631.5677 160.9065 15936.5500
v 631.6491 161.1687 15936.5400
v 631.6215 161.0822 15936.5500
v 631.7074 161.3429 15936.5400
v 631.6782 161.2569 15936.5400
v 631.7687 161.5161 15936.5400
v 631.7380 161.4307 15936.5400
v 631.8331 161.6882 15936.5400
v 631.8009 161.6033 15936.5400
v 631.9005 161.8592 15936.5300
v 631.8668 161.7748 15936.5300
v 631.9708 162.0289 15936.5300
v 631.9356 161.9452 15936.5300
v 632.0440 162.1974 15936.5200
v 632.0074 162.1143 15936.5300
v 632.1202 162.3646 15936.5200
v 632.0822 162.2822 15936.5200
v 632.1993 162.5305 15936.5200
v 632.1599 162.4487 15936.5200
v 632.2813 162.6949 15936.5100
v 632.2404 162.6138 15936.5100
v 632.3661 162.8579 15936.5100
v 632.3239 162.7775 15936.5100
v 632.4538 163.0193 15936.5000
v 632.4102 162.9397 15936.5000
v 632.5443 163.1793 15936.5000
v 632.4992 163.1004 15936.5000
v 632.6376 163.3376 15936.4900
v 632.5911 163.2596 15936.5000
v 632.7335 163.4942 15936.4900
v 632.6857 163.4170 15936.4900
v 632.8323 163.6492 15936.4800
v 632.7831 163.5728 15936.4800
v 632.9337 163.8024 15936.4800
v 632.8832 163.7269 15936.4800
v 633.0378 163.9539 15936.4700
v 632.9860 163.8792 15936.4700
v 633.1445 164.1034 15936.4600
v 633.0914 164.0297 15936.4700
v 633.2537 164.2511 15936.4600
v 633.1994 164.1784 15936.4600
v 633.3656 164.3969 15936.4500
v 633.3100 164.3251 15936.4600
v 633.4800 164.5407 15936.4500
v 633.4232 164.4699 15936.4500
v 633.5969 164.6825 15936.4400
v 633.5388 164.6127 15936.4400
v 633.7162 164.8222 15936.4300
v 633.6569 164.7534 15936.4400
v 633.8380 164.9598 15936.4300
v 633.7775 164.8921 15936.4300
v 633.9620 165.0953 15936.4200
v 633.9004 165.0286 15936.4200
v 634.0885 165.2285 15936.4200
v 634.0258 165.1629 15936.4200
v 634.2173 165.3596 15936.4100
v 634.1534 165.2951 15936.4100
v 634.3484 165.4884 15936.4000
v 634.2833 165.4250 15936.4000
v 634.4816 165.6149 15936.3900
v 634.4155 165.5526 15936.4000
v 634.6171 165.7390 15936.3900
v 634.5499 165.6779 15936.3900
v 634.7547 165.8607 15936.3800
v 634.6865 165.8009 15936.3800
v 634.8944 165.9801 15936.3700
v 634.8251 165.9214 15936.3800
v 635.0362 166.0969 15936.3600
v 634.9659 166.0395 15936.3700
v 635.1800 166.2113 15936.3600
v 635.1087 166.1551 15936.3600
v 635.3258 166.3232 15936.3500
v 635.2535 166.2682 15936.3500
v 635.4734 166.4325 15936.3400
v 635.4003 166.3788 15936.3400
v 635.6230 166.5392 15936.3300
v 635.5489 166.4868 15936.3400
v 635.7745 166.6432 15936.3200
v 635.6994 166.5921 15936.3300
v 635.9277 166.7446 15936.3200
v 635.8517 166.6949 15936.3200
v 636.0826 166.8434 15936.3100
v 636.0059 166.7949 15936.3100
v 636.2393 166.9394 15936.3000
v 636.1617 166.8923 15936.3000
v 636.3976 167.0326 15936.2900
v 636.3192 166.9869 15936.3000
v 636.5576 167.1231 15936.2800
v 636.4783 167.0787 15936.2900
v 636.7191 167.2108 15936.2700
v 636.6390 167.1678 15936.2800
v 636.8820 167.2956 15936.2700
v 636.8013 167.2540 15936.2700
v 637.0464 167.3776 15936.2600
v 636.9650 167.3374 15936.2600
v 637.2123 167.4567 15936.2500
v 637.1301 167.4180 15936.2500
v 637.3795 167.5329 15936.2400
v 637.2967 167.4956 15936.2400
v 637.5480 167.6062 15936.2300
v 637.4645 167.5703 15936.2300
v 637.7177 167.6765 15936.2200
v 637.6337 167.6421 15936.2300
v 637.8887 167.7438 15936.2100
v 637.8040 167.7109 15936.2200
v 638.0608 167.8082 15936.2000
v 637.9756 167.7767 15936.2100
v 638.2340 167.8695 15936.1900
v 638.1483 167.8396 15936.2000
v 638.4082 167.9278 15936.1800
v 638.3220 167.8994 15936.1900
v 638.5834 167.9830 15936.1700
v 638.4967 167.9561 15936.1800
v 638.7596 168.0352 15936.1700
v 638.6724 168.0098 15936.1700
v 638.9367 168.0843 15936.1600
v 638.8491 168.0605 15936.1600
v 639.1146 168.1303 15936.1500
v 639.0266 168.1080 15936.1500
v 639.2932 168.1732 15936.1400
v 639.2048 168.1524 15936.1400
v 639.4726 168.2130 15936.1300
v 639.3839 168.1937 15936.1300
v 639.6526 168.2496 15936.1200
v 639.5636 168.2319 15936.1200
v 639.8333 168.2831 15936.1100
v 639.7440 168.2670 15936.1100
v 640.0145 168.3134 15936.1000
v 639.9249 168.2988 15936.1000
v 640.1963 168.3406 15936.0900
v 640.1064 168.3276 15936.0900
v 640.3784 168.3646 15936.0800
v 640.2883 168.3531 15936.0800
v 640.5610 168.3854 15936.0700
v 640.4707 168.3755 15936.0700
v 640.7439 168.4030 15936.0600
v 640.6534 168.3947 15936.0600
v 640.9271 168.4174 15936.0500
v 640.8365 168.4107 15936.0500
v 641.1105 168.4286 15936.0400
v 641.0198 168.4235 15936.0400
v 641.2940 168.4366 15936.0300
v 641.2032 168.4331 15936.0300
v 641.4777 168.4414 15936.0200
v 641.3869 168.4395 15936.0200
v 641.6614 168.4430 15936.0100
v 641.5706 168.4427 15936.0100
v 641.8452 168.4414 15936.0000
v 641.7543 168.4426 15936.0000
v 642.0288 168.4366 15935.9900
v 641.9380 168.4394 15936.0000
v 642.2124 168.4286 15935.9800
v 642.1217 168.4330 15935.9900
v 642.3958 168.4174 15935.9700
v 642.3052 168.4233 15935.9800
v 642.5790 168.4030 15935.9600
v 642.4885 168.4105 15935.9700
v 642.7618 168.3854 15935.9500
v 642.6715 168.3945 15935.9600
v 642.9444 168.3646 15935.9400
v 642.8542 168.3753 15935.9500
v 643.1266 168.3406 15935.9300
v 643.0366 168.3528 15935.9400
v 643.3083 168.3134 15935.9200
v 643.2185 168.3273 15935.9300
v 643.4895 168.2831 15935.9100
v 643.4000 168.2985 15935.9200
v 643.6702 168.2496 15935.9000
v 643.5809 168.2666 15935.9100
v 643.8502 168.2130 15935.8900
v 643.7613 168.2315 15935.9000
v 644.0296 168.1732 15935.8800
v 643.9410 168.1933 15935.8900
v 644.2083 168.1303 15935.8700
v 644.1201 168.1519 15935.8800
v 644.3862 168.0843 15935.8600
v 644.2983 168.1075 15935.8700
v 644.5632 168.0352 15935.8500
v 644.4758 168.0599 15935.8600
v 644.7394 167.9830 15935.8500
v 644.6524 168.0092 15935.8500
v 644.9146 167.9278 15935.8400
v 644.8281 167.9555 15935.8400
v 645.0889 167.8695 15935.8300
v 645.0029 167.8987 15935.8300
v 645.2620 167.8082 15935.8200
v 645.1766 167.8389 15935.8200
v 645.4341 167.7438 15935.8100
v 645.3492 167.7760 15935.8100
v 645.6051 167.6765 15935.8000
v 645.5208 167.7101 15935.8000
v 645.7748 167.6062 15935.7900
v 645.6911 167.6413 15935.7900
v 645.9434 167.5329 15935.7800
v 645.8602 167.5695 15935.7900
v 646.1105 167.4567 15935.7700
v 646.0281 167.4947 15935.7800
v 646.2764 167.3776 15935.7600
v 646.1946 167.4171 15935.7700
v 646.4408 167.2956 15935.7500
v 646.3597 167.3365 15935.7600
v 646.6038 167.2108 15935.7500
v 646.5234 167.2531 15935.7500
v 646.7653 167.1231 15935.7400
v 646.6857 167.1668 15935.7400
v 646.9252 167.0326 15935.7300
v 646.8464 167.0777 15935.7300
v 647.0835 166.9394 15935.7200
v 647.0055 166.9858 15935.7200
v 647.2402 166.8434 15935.7100
v 647.1630 166.8912 15935.7200
v 647.3951 166.7446 15935.7000
v 647.3188 166.7938 15935.7100
v 647.5483 166.6432 15935.7000
v 647.4728 166.6937 15935.7000
v 647.6998 166.5392 15935.6900
v 647.6252 166.5909 15935.6900
v 647.8494 166.4325 15935.6800
v 647.7756 166.4855 15935.6800
v 647.9971 166.3232 15935.6700
v 647.9243 166.3775 15935.6700
v 648.1428 166.2113 15935.6600
v 648.0710 166.2669 15935.6700
v 648.2866 166.0969 15935.6600
v 648.2158 166.1538 15935.6600
v 648.4284 165.9801 15935.6500
v 648.3586 166.0381 15935.6500
v 648.5681 165.8607 15935.6400
v 648.4993 165.9200 15935.6400
v 648.7057 165.7390 15935.6300
v 648.6380 165.7995 15935.6400
v 648.8412 165.6149 15935.6300
v 648.7745 165.6765 15935.6300
v 648.9745 165.4884 15935.6200
v 648.9089 165.5512 15935.6200
v 649.1055 165.3596 15935.6100
v 649.0410 165.4235 15935.6200
v 649.2343 165.2285 15935.6000
v 649.1710 165.2936 15935.6100
v 649.3608 165.0953 15935.6000
v 649.2986 165.1614 15935.6000
v 649.4849 164.9598 15935.5900
v 649.4238 165.0270 15935.5900
v 649.6066 164.8222 15935.5800
v 649.5468 164.8905 15935.5900
v 649.7260 164.6825 15935.5800
v 649.6673 164.7518 15935.5800
v 649.8428 164.5407 15935.5700
v 649.7854 164.6110 15935.5800
v 649.9572 164.3969 15935.5700
v 649.9010 164.4682 15935.5700
v 650.0691 164.2511 15935.5600
v 650.0141 164.3234 15935.5600
v 650.1784 164.1034 15935.5500
v 650.1247 164.1767 15935.5600
v 650.2851 163.9539 15935.5500
v 650.2327 164.0280 15935.5500
v 650.3892 163.8024 15935.5400
v 650.3381 163.8775 15935.5500
v 650.4905 163.6492 15935.5400
v 650.4408 163.7252 15935.5400
v 650.5893 163.4942 15935.5300
v 650.5408 163.5710 15935.5400
v 650.6853 163.3376 15935.5300
v 650.6382 163.4152 15935.5300
v 650.7786 163.1793 15935.5200
v 650.7328 163.2577 15935.5200
v 650.8690 163.0193 15935.5200
v 650.8246 163.0986 15935.5200
v 650.9567 162.8579 15935.5100
v 650.9137 162.9379 15935.5200
v 651.0415 162.6949 15935.5100
v 650.9999 162.7756 15935.5100
v 651.1235 162.5305 15935.5000
v 651.0834 162.6119 15935.5100
v 651.2026 162.3646 15935.5000
v 651.1639 162.4468 15935.5000
v 651.2788 162.1974 15935.5000
v 651.2415 162.2802 15935.5000
v 651.3521 162.0289 15935.4900
v 651.3162 162.1124 15935.4900
v 651.4224 161.8592 15935.4900
v 651.3880 161.9432 15935.4900
v 651.4897 161.6882 15935.4800
v 651.4568 161.7729 15935.4900
v 651.5541 161.5161 15935.4800
v 651.5226 161.6013 15935.4800
v 651.6154 161.3429 15935.4800
v 651.5854 161.4287 15935.4800
v 651.6737 161.1687 15935.4700
v 651.6453 161.2549 15935.4800
v 651.7289 160.9935 15935.4700
v 651.7020 161.0802 15935.4700
v 651.7811 160.8173 15935.4700
v 651.7557 160.9045 15935.4700
v 651.8303 160.6402 15935.4700
v 651.8063 160.7278 15935.4700
v 651.8762 160.4623 15935.4600
v 651.8539 160.5504 15935.4600
v 651.9191 160.2837 15935.4600
v 651.8983 160.3721 15935.4600
v 651.9589 160.1043 15935.4600
v 651.9396 160.1930 15935.4600
v 651.9955 159.9243 15935.4600
v 651.9778 160.0133 15935.4600
v 652.0291 159.7436 15935.4600
v 652.0129 159.8329 15935.4600
v 652.0593 159.5624 15935.4500
v 652.0447 159.6520 15935.4600
v 652.0865 159.3806 15935.4500
v 652.0735 159.4705 15935.4500
v 652.1105 159.1985 15935.4500
v 652.0991 159.2886 15935.4500
v 652.1313 159.0159 15935.4500
v 652.1214 159.1062 15935.4500
v 652.1489 158.8330 15935.4500
v 652.1406 158.9235 15935.4500
v 652.1633 158.6499 15935.4500
v 652.1566 158.7404 15935.4500
v 652.1746 158.4665 15935.4500
v 652.1694 158.5571 15935.4500
v 652.1826 158.2829 15935.4500
v 652.1790 158.3736 15935.4500
v 652.1874 158.0992 15935.4500
v 652.1854 158.1900 15935.4500
v 652.1886 158.0063 15935.4500
v 10.5431 789.5684 15896.5400
v 10.5431 0.0023 15896.5400
v 11.0431 390.2227 15896.5400
v 5.3341 0.0253 15932.8400
v 5.3341 789.5914 15932.8400
v 168.4481 631.6552 15941.3900
v 168.4465 631.8389 15941.3900
v 168.4469 631.7481 15941.3900
v 168.4417 632.0226 15941.3900
v 168.4437 631.9318 15941.3900
v 168.4337 632.2061 15941.3900
v 168.4373 632.1154 15941.3900
v 168.4225 632.3895 15941.3900
v 168.4276 632.2988 15941.3900
v 168.4081 632.5727 15941.3900
v 168.4148 632.4821 15941.3900
v 168.3905 632.7556 15941.3900
v 168.3988 632.6652 15941.3900
v 168.3697 632.9381 15941.3900
v 168.3795 632.8479 15941.3900
v 168.3457 633.1203 15941.3900
v 168.3571 633.0302 15941.3900
v 168.3185 633.3020 15941.3900
v 168.3315 633.2122 15941.3900
v 168.2882 633.4832 15941.3900
v 168.3028 633.3936 15941.3900
v 168.2547 633.6639 15941.3900
v 168.2709 633.5745 15941.3900
v 168.2181 633.8439 15941.3900
v 168.2358 633.7549 15941.3900
v 168.1783 634.0233 15941.3900
v 168.1976 633.9346 15941.3900
v 168.1354 634.2020 15941.3900
v 168.1562 634.1136 15941.3900
v 168.0894 634.3799 15941.3900
v 168.1118 634.2919 15941.3900
v 168.0403 634.5569 15941.3900
v 168.0642 634.4693 15941.3900
v 167.9881 634.7331 15941.3900
v 168.0135 634.6459 15941.3900
v 167.9329 634.9083 15941.3900
v 167.9598 634.8216 15941.3900
v 167.8746 635.0826 15941.3900
v 167.9030 634.9963 15941.3900
v 167.8132 635.2558 15941.3900
v 167.8432 635.1700 15941.3900
v 167.7489 635.4279 15941.3900
v 167.7803 635.3427 15941.3900
v 167.6816 635.5988 15941.3900
v 167.7145 635.5142 15941.3900
v 167.6113 635.7686 15941.3900
v 167.6456 635.6846 15941.3900
v 167.5380 635.9371 15941.3900
v 167.5738 635.8536 15941.3900
v 167.4618 636.1043 15941.3900
v 167.4991 636.0215 15941.3900
v 167.3827 636.2701 15941.3900
v 167.4214 636.1880 15941.3900
v 167.3007 636.4346 15941.3900
v 167.3409 636.3531 15941.3900
v 167.2159 636.5975 15941.3900
v 167.2574 636.5168 15941.3900
v 167.1282 636.7590 15941.3900
v 167.1712 636.6790 15941.3900
v 167.0377 636.9189 15941.3900
v 167.0821 636.8397 15941.3900
v 166.9445 637.0773 15941.3900
v 166.9902 636.9988 15941.3900
v 166.8484 637.2339 15941.3900
v 166.8956 637.1562 15941.3900
v 166.7497 637.3889 15941.3900
v 166.7982 637.3121 15941.3900
v 166.6483 637.5421 15941.3900
v 166.6981 637.4661 15941.3900
v 166.5443 637.6935 15941.3900
v 166.5954 637.6185 15941.3900
v 166.4376 637.8431 15941.3900
v 166.4900 637.7689 15941.3900
v 166.3283 637.9908 15941.3900
v 166.3820 637.9175 15941.3900
v 166.2164 638.1365 15941.3900
v 166.2714 638.0643 15941.3900
v 166.1020 638.2803 15941.3900
v 166.1582 638.2090 15941.3900
v 165.9852 638.4221 15941.3900
v 166.0426 638.3518 15941.3900
v 165.8658 638.5618 15941.3900
v 165.9245 638.4926 15941.3900
v 165.7441 638.6995 15941.3900
v 165.8040 638.6312 15941.3900
v 165.6199 638.8349 15941.3900
v 165.6810 638.7677 15941.3900
v 165.4935 638.9682 15941.3900
v 165.5557 638.9020 15941.3900
v 165.3647 639.0992 15941.3900
v 165.4281 639.0342 15941.3900
v 165.2336 639.2280 15941.3900
v 165.2981 639.1641 15941.3900
v 165.1004 639.3545 15941.3900
v 165.1660 639.2917 15941.3900
v 164.9649 639.4786 15941.3900
v 165.0316 639.4170 15941.3900
v 164.8273 639.6004 15941.3900
v 164.8950 639.5399 15941.3900
v 164.6876 639.7197 15941.3900
v 164.7564 639.6605 15941.3900
v 164.5458 639.8366 15941.3900
v 164.6156 639.7785 15941.3900
v 164.4020 639.9510 15941.3900
v 164.4728 639.8941 15941.3900
v 164.2562 640.0628 15941.3900
v 164.3280 640.0072 15941.3900
v 164.1085 640.1721 15941.3900
v 164.1813 640.1178 15941.3900
v 163.9589 640.2788 15941.3900
v 164.0326 640.2258 15941.3900
v 163.8075 640.3829 15941.3900
v 163.8821 640.3311 15941.3900
v 163.6543 640.4843 15941.3900
v 163.7298 640.4338 15941.3900
v 163.4993 640.5830 15941.3900
v 163.5757 640.5339 15941.3900
v 163.3427 640.6790 15941.3900
v 163.4199 640.6312 15941.3900
v 163.1844 640.7723 15941.3900
v 163.2624 640.7258 15941.3900
v 163.0244 640.8627 15941.3900
v 163.1033 640.8177 15941.3900
v 162.8630 640.9504 15941.3900
v 162.9426 640.9067 15941.3900
v 162.7000 641.0353 15941.3900
v 162.7803 640.9930 15941.3900
v 162.5356 641.1172 15941.3900
v 162.6167 641.0764 15941.3900
v 162.3697 641.1964 15941.3900
v 162.4515 641.1569 15941.3900
v 162.2025 641.2725 15941.3900
v 162.2850 641.2345 15941.3900
v 162.0340 641.3458 15941.3900
v 162.1171 641.3093 15941.3900
v 161.8643 641.4161 15941.3900
v 161.9480 641.3810 15941.3900
v 161.6933 641.4835 15941.3900
v 161.7777 641.4498 15941.3900
v 161.5212 641.5478 15941.3900
v 161.6061 641.5156 15941.3900
v 161.3480 641.6091 15941.3900
v 161.4335 641.5784 15941.3900
v 161.1738 641.6674 15941.3900
v 161.2598 641.6382 15941.3900
v 160.9986 641.7227 15941.3900
v 161.0850 641.6950 15941.3900
v 160.8224 641.7749 15941.3900
v 160.9093 641.7487 15941.3900
v 160.6453 641.8240 15941.3900
v 160.7327 641.7993 15941.3900
v 160.4674 641.8700 15941.3900
v 160.5553 641.8469 15941.3900
v 160.2888 641.9129 15941.3900
v 160.3770 641.8913 15941.3900
v 160.1094 641.9526 15941.3900
v 160.1980 641.9326 15941.3900
v 159.9293 641.9893 15941.3900
v 160.0182 641.9708 15941.3900
v 159.7487 642.0228 15941.3900
v 159.8379 642.0058 15941.3900
v 159.5675 642.0531 15941.3900
v 159.6570 642.0377 15941.3900
v 159.3857 642.0803 15941.3900
v 159.4755 642.0664 15941.3900
v 159.2036 642.1042 15941.3900
v 159.2935 642.0920 15941.3900
v 159.0210 642.1251 15941.3900
v 159.1112 642.1144 15941.3900
v 158.8381 642.1426 15941.3900
v 158.9285 642.1335 15941.3900
v 158.6550 642.1570 15941.3900
v 158.7455 642.1495 15941.3900
v 158.4716 642.1683 15941.3900
v 158.5622 642.1624 15941.3900
v 158.2880 642.1763 15941.3900
v 158.3787 642.1719 15941.3900
v 158.1043 642.1811 15941.3900
v 158.1951 642.1783 15941.3900
v 157.9206 642.1827 15941.3900
v 158.0114 642.1815 15941.3900
v 157.7369 642.1811 15941.3900
v 157.8277 642.1815 15941.3900
v 157.5532 642.1763 15941.3900
v 157.6440 642.1783 15941.3900
v 157.3696 642.1683 15941.3900
v 157.4604 642.1718 15941.3900
v 157.1862 642.1570 15941.3900
v 157.2769 642.1622 15941.3900
v 157.0031 642.1426 15941.3900
v 157.0936 642.1494 15941.3900
v 156.8202 642.1251 15941.3900
v 156.9106 642.1334 15941.3900
v 156.6376 642.1042 15941.3900
v 156.7279 642.1141 15941.3900
v 156.4554 642.0803 15941.3900
v 156.5455 642.0917 15941.3900
v 156.2737 642.0531 15941.3900
v 156.3636 642.0661 15941.3900
v 156.0925 642.0228 15941.3900
v 156.1821 642.0374 15941.3900
v 155.9118 641.9893 15941.3900
v 156.0012 642.0054 15941.3900
v 155.7318 641.9526 15941.3900
v 155.8208 641.9703 15941.3900
v 155.5524 641.9129 15941.3900
v 155.6411 641.9321 15941.3900
v 155.3737 641.8700 15941.3900
v 155.4621 641.8908 15941.3900
v 155.1959 641.8240 15941.3900
v 155.2839 641.8463 15941.3900
v 155.0188 641.7749 15941.3900
v 155.1064 641.7988 15941.3900
v 154.8426 641.7227 15941.3900
v 154.9298 641.7481 15941.3900
v 154.6674 641.6674 15941.3900
v 154.7541 641.6944 15941.3900
v 154.4931 641.6091 15941.3900
v 154.5794 641.6376 15941.3900
v 154.3200 641.5478 15941.3900
v 154.4057 641.5778 15941.3900
v 154.1479 641.4835 15941.3900
v 154.2330 641.5149 15941.3900
v 153.9769 641.4161 15941.3900
v 154.0615 641.4490 15941.3900
v 153.8071 641.3458 15941.3900
v 153.8912 641.3802 15941.3900
v 153.6386 641.2725 15941.3900
v 153.7221 641.3084 15941.3900
v 153.4715 641.1964 15941.3900
v 153.5542 641.2336 15941.3900
v 153.3056 641.1172 15941.3900
v 153.3878 641.1560 15941.3900
v 153.1412 641.0353 15941.3900
v 153.2226 641.0754 15941.3900
v 152.9782 640.9504 15941.3900
v 153.0589 640.9920 15941.3900
v 152.8167 640.8627 15941.3900
v 152.8967 640.9058 15941.3900
v 152.6568 640.7723 15941.3900
v 152.7361 640.8167 15941.3900
v 152.4985 640.6790 15941.3900
v 152.5770 640.7248 15941.3900
v 152.3418 640.5830 15941.3900
v 152.4195 640.6301 15941.3900
v 152.1869 640.4843 15941.3900
v 152.2637 640.5328 15941.3900
v 152.0337 640.3829 15941.3900
v 152.1096 640.4327 15941.3900
v 151.8822 640.2788 15941.3900
v 151.9573 640.3299 15941.3900
v 151.7327 640.1721 15941.3900
v 151.8068 640.2245 15941.3900
v 151.5849 640.0628 15941.3900
v 151.6582 640.1165 15941.3900
v 151.4392 639.9510 15941.3900
v 151.5115 640.0059 15941.3900
v 151.2954 639.8366 15941.3900
v 151.3667 639.8928 15941.3900
v 151.1536 639.7197 15941.3900
v 151.2239 639.7772 15941.3900
v 151.0139 639.6004 15941.3900
v 151.0832 639.6591 15941.3900
v 150.8763 639.4786 15941.3900
v 150.9446 639.5385 15941.3900
v 150.7408 639.3545 15941.3900
v 150.8080 639.4156 15941.3900
v 150.6075 639.2280 15941.3900
v 150.6737 639.2903 15941.3900
v 150.4765 639.0992 15941.3900
v 150.5415 639.1626 15941.3900
v 150.3477 638.9682 15941.3900
v 150.4116 639.0327 15941.3900
v 150.2212 638.8349 15941.3900
v 150.2840 638.9005 15941.3900
v 150.0971 638.6995 15941.3900
v 150.1587 638.7661 15941.3900
v 149.9753 638.5618 15941.3900
v 150.0358 638.6296 15941.3900
v 149.8560 638.4221 15941.3900
v 149.9153 638.4909 15941.3900
v 149.7392 638.2803 15941.3900
v 149.7972 638.3502 15941.3900
v 149.6248 638.1365 15941.3900
v 149.6816 638.2074 15941.3900
v 149.5129 637.9908 15941.3900
v 149.5685 638.0626 15941.3900
v 149.4036 637.8431 15941.3900
v 149.4580 637.9158 15941.3900
v 149.2969 637.6935 15941.3900
v 149.3500 637.7672 15941.3900
v 149.1929 637.5421 15941.3900
v 149.2446 637.6167 15941.3900
v 149.0914 637.3889 15941.3900
v 149.1419 637.4644 15941.3900
v 148.9927 637.2339 15941.3900
v 149.0419 637.3103 15941.3900
v 148.8967 637.0773 15941.3900
v 148.9445 637.1545 15941.3900
v 148.8035 636.9189 15941.3900
v 148.8499 636.9969 15941.3900
v 148.7130 636.7590 15941.3900
v 148.7581 636.8378 15941.3900
v 148.6253 636.5975 15941.3900
v 148.6690 636.6771 15941.3900
v 148.5405 636.4346 15941.3900
v 148.5828 636.5149 15941.3900
v 148.4585 636.2701 15941.3900
v 148.4994 636.3512 15941.3900
v 148.3794 636.1043 15941.3900
v 148.4188 636.1861 15941.3900
v 148.3032 635.9371 15941.3900
v 148.3412 636.0195 15941.3900
v 148.2299 635.7686 15941.3900
v 148.2665 635.8517 15941.3900
v 148.1596 635.5988 15941.3900
v 148.1947 635.6826 15941.3900
v 148.0923 635.4279 15941.3900
v 148.1259 635.5122 15941.3900
v 148.0279 635.2558 15941.3900
v 148.0601 635.3407 15941.3900
v 147.9666 635.0826 15941.3900
v 147.9973 635.1680 15941.3900
v 147.9083 634.9083 15941.3900
v 147.9375 634.9943 15941.3900
v 147.8530 634.7331 15941.3900
v 147.8807 634.8196 15941.3900
v 147.8009 634.5569 15941.3900
v 147.8270 634.6439 15941.3900
v 147.7518 634.3799 15941.3900
v 147.7764 634.4673 15941.3900
v 147.7057 634.2020 15941.3900
v 147.7289 634.2898 15941.3900
v 147.6629 634.0233 15941.3900
v 147.6844 634.1115 15941.3900
v 147.6231 633.8439 15941.3900
v 147.6431 633.9325 15941.3900
v 147.5865 633.6639 15941.3900
v 147.6050 633.7528 15941.3900
v 147.5530 633.4832 15941.3900
v 147.5699 633.5724 15941.3900
v 147.5227 633.3020 15941.3900
v 147.5380 633.3915 15941.3900
v 147.4955 633.1203 15941.3900
v 147.5093 633.2101 15941.3900
v 147.4715 632.9381 15941.3900
v 147.4838 633.0281 15941.3900
v 147.4507 632.7556 15941.3900
v 147.4614 632.8458 15941.3900
v 147.4331 632.5727 15941.3900
v 147.4422 632.6630 15941.3900
v 147.4187 632.3895 15941.3900
v 147.4262 632.4800 15941.3900
v 147.4075 632.2061 15941.3900
v 147.4134 632.2968 15941.3900
v 147.3995 632.0226 15941.3900
v 147.4038 632.1133 15941.3900
v 147.3946 631.8389 15941.3900
v 147.3974 631.9296 15941.3900
v 147.3930 631.6552 15941.3900
v 147.3942 631.7460 15941.3900
v 147.3946 631.4714 15941.3900
v 147.3943 631.5623 15941.3900
v 147.3995 631.2877 15941.3900
v 147.3975 631.3785 15941.3900
v 147.4075 631.1042 15941.3900
v 147.4039 631.1949 15941.3900
v 147.4187 630.9208 15941.3900
v 147.4135 631.0115 15941.3900
v 147.4331 630.7376 15941.3900
v 147.4264 630.8282 15941.3900
v 147.4507 630.5547 15941.3900
v 147.4424 630.6451 15941.3900
v 147.4715 630.3722 15941.3900
v 147.4616 630.4625 15941.3900
v 147.4955 630.1900 15941.3900
v 147.4840 630.2801 15941.3900
v 147.5227 630.0083 15941.3900
v 147.5096 630.0981 15941.3900
v 147.5530 629.8271 15941.3900
v 147.5384 629.9167 15941.3900
v 147.5865 629.6464 15941.3900
v 147.5703 629.7358 15941.3900
v 147.6231 629.4664 15941.3900
v 147.6054 629.5554 15941.3900
v 147.6629 629.2870 15941.3900
v 147.6436 629.3757 15941.3900
v 147.7057 629.1083 15941.3900
v 147.6850 629.1967 15941.3900
v 147.7518 628.9304 15941.3900
v 147.7294 629.0184 15941.3900
v 147.8009 628.7534 15941.3900
v 147.7770 628.8410 15941.3900
v 147.8530 628.5772 15941.3900
v 147.8276 628.6644 15941.3900
v 147.9083 628.4020 15941.3900
v 147.8814 628.4887 15941.3900
v 147.9666 628.2277 15941.3900
v 147.9382 628.3140 15941.3900
v 148.0279 628.0545 15941.3900
v 147.9980 628.1403 15941.3900
v 148.0923 627.8824 15941.3900
v 148.0609 627.9676 15941.3900
v 148.1596 627.7115 15941.3900
v 148.1267 627.7961 15941.3900
v 148.2299 627.5417 15941.3900
v 148.1956 627.6257 15941.3900
v 148.3032 627.3732 15941.3900
v 148.2673 627.4567 15941.3900
v 148.3794 627.2060 15941.3900
v 148.3421 627.2888 15941.3900
v 148.4585 627.0402 15941.3900
v 148.4198 627.1223 15941.3900
v 148.5405 626.8757 15941.3900
v 148.5003 626.9572 15941.3900
v 148.6253 626.7128 15941.3900
v 148.5837 626.7935 15941.3900
v 148.7130 626.5513 15941.3900
v 148.6700 626.6313 15941.3900
v 148.8035 626.3914 15941.3900
v 148.7591 626.4706 15941.3900
v 148.8967 626.2331 15941.3900
v 148.8510 626.3115 15941.3900
v 148.9927 626.0764 15941.3900
v 148.9456 626.1541 15941.3900
v 149.0914 625.9214 15941.3900
v 149.0430 625.9982 15941.3900
v 149.1929 625.7682 15941.3900
v 149.1431 625.8442 15941.3900
v 149.2969 625.6168 15941.3900
v 149.2458 625.6919 15941.3900
v 149.4036 625.4672 15941.3900
v 149.3512 625.5414 15941.3900
v 149.5129 625.3195 15941.3900
v 149.4592 625.3928 15941.3900
v 149.6248 625.1738 15941.3900
v 149.5698 625.2460 15941.3900
v 149.7392 625.0300 15941.3900
v 149.6829 625.1013 15941.3900
v 149.8560 624.8882 15941.3900
v 149.7986 624.9585 15941.3900
v 149.9753 624.7485 15941.3900
v 149.9167 624.8177 15941.3900
v 150.0971 624.6108 15941.3900
v 150.0372 624.6791 15941.3900
v 150.2212 624.4754 15941.3900
v 150.1602 624.5426 15941.3900
v 150.3477 624.3421 15941.3900
v 150.2855 624.4083 15941.3900
v 150.4765 624.2111 15941.3900
v 150.4131 624.2761 15941.3900
v 150.6075 624.0823 15941.3900
v 150.5430 624.1462 15941.3900
v 150.7408 623.9558 15941.3900
v 150.6752 624.0186 15941.3900
v 150.8763 623.8317 15941.3900
v 150.8096 623.8933 15941.3900
v 151.0139 623.7099 15941.3900
v 150.9462 623.7704 15941.3900
v 151.1536 623.5906 15941.3900
v 151.0848 623.6498 15941.3900
v 151.2954 623.4737 15941.3900
v 151.2256 623.5318 15941.3900
v 151.4392 623.3593 15941.3900
v 151.3684 623.4162 15941.3900
v 151.5849 623.2475 15941.3900
v 151.5132 623.3031 15941.3900
v 151.7327 623.1382 15941.3900
v 151.6599 623.1925 15941.3900
v 151.8822 623.0315 15941.3900
v 151.8085 623.0845 15941.3900
v 152.0337 622.9274 15941.3900
v 151.9590 622.9792 15941.3900
v 152.1869 622.8260 15941.3900
v 152.1114 622.8765 15941.3900
v 152.3418 622.7273 15941.3900
v 152.2655 622.7764 15941.3900
v 152.4985 622.6313 15941.3900
v 152.4213 622.6791 15941.3900
v 152.6568 622.5380 15941.3900
v 152.5788 622.5845 15941.3900
v 152.8167 622.4476 15941.3900
v 152.7379 622.4926 15941.3900
v 152.9782 622.3599 15941.3900
v 152.8986 622.4036 15941.3900
v 153.1412 622.2750 15941.3900
v 153.0608 622.3173 15941.3900
v 153.3056 622.1931 15941.3900
v 153.2245 622.2339 15941.3900
v 153.4715 622.1140 15941.3900
v 153.3897 622.1534 15941.3900
v 153.6386 622.0378 15941.3900
v 153.5562 622.0758 15941.3900
v 153.8071 621.9645 15941.3900
v 153.7240 622.0011 15941.3900
v 153.9769 621.8942 15941.3900
v 153.8932 621.9293 15941.3900
v 154.1479 621.8268 15941.3900
v 154.0635 621.8605 15941.3900
v 154.3200 621.7625 15941.3900
v 154.2350 621.7947 15941.3900
v 154.4931 621.7012 15941.3900
v 154.4077 621.7319 15941.3900
v 154.6674 621.6429 15941.3900
v 154.5814 621.6721 15941.3900
v 154.8426 621.5876 15941.3900
v 154.7561 621.6153 15941.3900
v 155.0188 621.5354 15941.3900
v 154.9319 621.5616 15941.3900
v 155.1959 621.4863 15941.3900
v 155.1085 621.5110 15941.3900
v 155.3737 621.4403 15941.3900
v 155.2859 621.4634 15941.3900
v 155.5524 621.3974 15941.3900
v 155.4642 621.4190 15941.3900
v 155.7318 621.3577 15941.3900
v 155.6432 621.3777 15941.3900
v 155.9118 621.3210 15941.3900
v 155.8229 621.3395 15941.3900
v 156.0925 621.2875 15941.3900
v 156.0033 621.3045 15941.3900
v 156.2737 621.2572 15941.3900
v 156.1842 621.2726 15941.3900
v 156.4554 621.2300 15941.3900
v 156.3657 621.2439 15941.3900
v 156.6376 621.2061 15941.3900
v 156.5476 621.2183 15941.3900
v 156.8202 621.1853 15941.3900
v 156.7300 621.1960 15941.3900
v 157.0031 621.1677 15941.3900
v 156.9127 621.1768 15941.3900
v 157.1862 621.1533 15941.3900
v 157.0957 621.1608 15941.3900
v 157.3696 621.1420 15941.3900
v 157.2790 621.1479 15941.3900
v 157.5532 621.1340 15941.3900
v 157.4625 621.1384 15941.3900
v 157.7369 621.1292 15941.3900
v 157.6461 621.1320 15941.3900
v 157.9206 621.1276 15941.3900
v 157.8298 621.1288 15941.3900
v 158.1043 621.1292 15941.3900
v 158.0135 621.1288 15941.3900
v 158.2880 621.1340 15941.3900
v 158.1972 621.1320 15941.3900
v 158.4716 621.1420 15941.3900
v 158.3808 621.1385 15941.3900
v 158.6550 621.1533 15941.3900
v 158.5643 621.1481 15941.3900
v 158.8381 621.1677 15941.3900
v 158.7476 621.1609 15941.3900
v 159.0210 621.1853 15941.3900
v 158.9306 621.1770 15941.3900
v 159.2036 621.2061 15941.3900
v 159.1133 621.1962 15941.3900
v 159.3857 621.2300 15941.3900
v 159.2957 621.2186 15941.3900
v 159.5675 621.2572 15941.3900
v 159.4776 621.2442 15941.3900
v 159.7487 621.2875 15941.3900
v 159.6590 621.2729 15941.3900
v 159.9293 621.3210 15941.3900
v 159.8400 621.3049 15941.3900
v 160.1094 621.3577 15941.3900
v 160.0203 621.3400 15941.3900
v 160.2888 621.3974 15941.3900
v 160.2000 621.3782 15941.3900
v 160.4674 621.4403 15941.3900
v 160.3790 621.4195 15941.3900
v 160.6453 621.4863 15941.3900
v 160.5573 621.4640 15941.3900
v 160.8224 621.5354 15941.3900
v 160.7348 621.5115 15941.3900
v 160.9986 621.5876 15941.3900
v 160.9114 621.5622 15941.3900
v 161.1738 621.6429 15941.3900
v 161.0871 621.6160 15941.3900
v 161.3480 621.7012 15941.3900
v 161.2618 621.6727 15941.3900
v 161.5212 621.7625 15941.3900
v 161.4355 621.7325 15941.3900
v 161.6933 621.8268 15941.3900
v 161.6081 621.7954 15941.3900
v 161.8643 621.8942 15941.3900
v 161.7796 621.8613 15941.3900
v 162.0340 621.9645 15941.3900
v 161.9500 621.9301 15941.3900
v 162.2025 622.0378 15941.3900
v 162.1191 622.0019 15941.3900
v 162.3697 622.1140 15941.3900
v 162.2869 622.0767 15941.3900
v 162.5356 622.1931 15941.3900
v 162.4534 622.1543 15941.3900
v 162.7000 622.2750 15941.3900
v 162.6185 622.2349 15941.3900
v 162.8630 622.3599 15941.3900
v 162.7822 622.3183 15941.3900
v 163.0244 622.4476 15941.3900
v 162.9445 622.4046 15941.3900
v 163.1844 622.5380 15941.3900
v 163.1051 622.4937 15941.3900
v 163.3427 622.6313 15941.3900
v 163.2642 622.5856 15941.3900
v 163.4993 622.7273 15941.3900
v 163.4217 622.6802 15941.3900
v 163.6543 622.8260 15941.3900
v 163.5775 622.7775 15941.3900
v 163.8075 622.9274 15941.3900
v 163.7316 622.8776 15941.3900
v 163.9589 623.0315 15941.3900
v 163.8839 622.9804 15941.3900
v 164.1085 623.1382 15941.3900
v 164.0344 623.0858 15941.3900
v 164.2562 623.2475 15941.3900
v 164.1830 623.1938 15941.3900
v 164.4020 623.3593 15941.3900
v 164.3297 623.3044 15941.3900
v 164.5458 623.4737 15941.3900
v 164.4745 623.4175 15941.3900
v 164.6876 623.5906 15941.3900
v 164.6172 623.5331 15941.3900
v 164.8273 623.7099 15941.3900
v 164.7580 623.6512 15941.3900
v 164.9649 623.8317 15941.3900
v 164.8966 623.7718 15941.3900
v 165.1004 623.9558 15941.3900
v 165.0331 623.8947 15941.3900
v 165.2336 624.0823 15941.3900
v 165.1675 624.0201 15941.3900
v 165.3647 624.2111 15941.3900
v 165.2996 624.1477 15941.3900
v 165.4935 624.3421 15941.3900
v 165.4295 624.2776 15941.3900
v 165.6199 624.4754 15941.3900
v 165.5571 624.4098 15941.3900
v 165.7441 624.6108 15941.3900
v 165.6824 624.5442 15941.3900
v 165.8658 624.7485 15941.3900
v 165.8054 624.6807 15941.3900
v 165.9852 624.8882 15941.3900
v 165.9259 624.8194 15941.3900
v 166.1020 625.0300 15941.3900
v 166.0440 624.9601 15941.3900
v 166.2164 625.1738 15941.3900
v 166.1596 625.1029 15941.3900
v 166.3283 625.3195 15941.3900
v 166.2727 625.2477 15941.3900
v 166.4376 625.4672 15941.3900
v 166.3832 625.3945 15941.3900
v 166.5443 625.6168 15941.3900
v 166.4912 625.5431 15941.3900
v 166.6483 625.7682 15941.3900
v 166.5966 625.6936 15941.3900
v 166.7497 625.9214 15941.3900
v 166.6993 625.8459 15941.3900
v 166.8484 626.0764 15941.3900
v 166.7993 626.0001 15941.3900
v 166.9445 626.2331 15941.3900
v 166.8967 626.1558 15941.3900
v 167.0377 626.3914 15941.3900
v 166.9913 626.3134 15941.3900
v 167.1282 626.5513 15941.3900
v 167.0831 626.4725 15941.3900
v 167.2159 626.7128 15941.3900
v 167.1722 626.6332 15941.3900
v 167.3007 626.8757 15941.3900
v 167.2584 626.7954 15941.3900
v 167.3827 627.0402 15941.3900
v 167.3418 626.9591 15941.3900
v 167.4618 627.2060 15941.3900
v 167.4223 627.1242 15941.3900
v 167.5380 627.3732 15941.3900
v 167.5000 627.2908 15941.3900
v 167.6113 627.5417 15941.3900
v 167.5747 627.4586 15941.3900
v 167.6816 627.7115 15941.3900
v 167.6464 627.6277 15941.3900
v 167.7489 627.8824 15941.3900
v 167.7152 627.7981 15941.3900
v 167.8132 628.0545 15941.3900
v 167.7811 627.9696 15941.3900
v 167.8746 628.2277 15941.3900
v 167.8439 628.1423 15941.3900
v 167.9329 628.4020 15941.3900
v 167.9037 628.3160 15941.3900
v 167.9881 628.5772 15941.3900
v 167.9604 628.4907 15941.3900
v 168.0403 628.7534 15941.3900
v 168.0141 628.6664 15941.3900
v 168.0894 628.9304 15941.3900
v 168.0648 628.8430 15941.3900
v 168.1354 629.1083 15941.3900
v 168.1123 629.0205 15941.3900
v 168.1783 629.2870 15941.3900
v 168.1567 629.1988 15941.3900
v 168.2181 629.4664 15941.3900
v 168.1980 629.3778 15941.3900
v 168.2547 629.6464 15941.3900
v 168.2362 629.5575 15941.3900
v 168.2882 629.8271 15941.3900
v 168.2713 629.7379 15941.3900
v 168.3185 630.0083 15941.3900
v 168.3031 629.9188 15941.3900
v 168.3457 630.1900 15941.3900
v 168.3319 630.1003 15941.3900
v 168.3697 630.3722 15941.3900
v 168.3574 630.2822 15941.3900
v 168.3905 630.5547 15941.3900
v 168.3798 630.4645 15941.3900
v 168.4081 630.7376 15941.3900
v 168.3990 630.6473 15941.3900
v 168.4225 630.9208 15941.3900
v 168.4150 630.8303 15941.3900
v 168.4337 631.1042 15941.3900
v 168.4278 631.0135 15941.3900
v 168.4417 631.2877 15941.3900
v 168.4374 631.1970 15941.3900
v 168.4465 631.4714 15941.3900
v 168.4438 631.3807 15941.3900
v 168.4469 631.5643 15941.3900
v 163.1844 631.6552 15941.3900
v 163.1836 631.5633 15941.3900
v 163.1842 631.6087 15941.3900
v 163.1812 631.4714 15941.3900
v 163.1825 631.5168 15941.3900
v 163.1772 631.3797 15941.3900
v 163.1793 631.4250 15941.3900
v 163.1715 631.2880 15941.3900
v 163.1745 631.3333 15941.3900
v 163.1643 631.1964 15941.3900
v 163.1681 631.2416 15941.3900
v 163.1555 631.1049 15941.3900
v 163.1601 631.1501 15941.3900
v 163.1451 631.0137 15941.3900
v 163.1505 631.0588 15941.3900
v 163.1331 630.9226 15941.3900
v 163.1393 630.9676 15941.3900
v 163.1196 630.8317 15941.3900
v 163.1265 630.8766 15941.3900
v 163.1044 630.7411 15941.3900
v 163.1121 630.7858 15941.3900
v 163.0876 630.6508 15941.3900
v 163.0961 630.6954 15941.3900
v 163.0693 630.5607 15941.3900
v 163.0786 630.6052 15941.3900
v 163.0495 630.4711 15941.3900
v 163.0595 630.5153 15941.3900
v 163.0280 630.3817 15941.3900
v 163.0388 630.4258 15941.3900
v 163.0050 630.2928 15941.3900
v 163.0166 630.3367 15941.3900
v 162.9805 630.2043 15941.3900
v 162.9928 630.2480 15941.3900
v 162.9544 630.1161 15941.3900
v 162.9675 630.1597 15941.3900
v 162.9267 630.0286 15941.3900
v 162.9406 630.0718 15941.3900
v 162.8976 629.9415 15941.3900
v 162.9122 629.9844 15941.3900
v 162.8669 629.8549 15941.3900
v 162.8823 629.8976 15941.3900
v 162.8347 629.7688 15941.3900
v 162.8508 629.8112 15941.3900
v 162.8011 629.6833 15941.3900
v 162.8179 629.7255 15941.3900
v 162.7659 629.5984 15941.3900
v 162.7835 629.6403 15941.3900
v 162.7293 629.5142 15941.3900
v 162.7476 629.5557 15941.3900
v 162.6912 629.4306 15941.3900
v 162.7102 629.4718 15941.3900
v 162.6516 629.3477 15941.3900
v 162.6714 629.3885 15941.3900
v 162.6106 629.2654 15941.3900
v 162.6311 629.3060 15941.3900
v 162.5682 629.1840 15941.3900
v 162.5894 629.2241 15941.3900
v 162.5244 629.1032 15941.3900
v 162.5462 629.1430 15941.3900
v 162.4792 629.0233 15941.3900
v 162.5017 629.0627 15941.3900
v 162.4325 628.9441 15941.3900
v 162.4557 628.9832 15941.3900
v 162.3845 628.8658 15941.3900
v 162.4084 628.9044 15941.3900
v 162.3352 628.7883 15941.3900
v 162.3597 628.8265 15941.3900
v 162.2845 628.7117 15941.3900
v 162.3097 628.7495 15941.3900
v 162.2324 628.6360 15941.3900
v 162.2583 628.6733 15941.3900
v 162.1791 628.5612 15941.3900
v 162.2056 628.5980 15941.3900
v 162.1244 628.4874 15941.3900
v 162.1516 628.5237 15941.3900
v 162.0685 628.4144 15941.3900
v 162.0963 628.4504 15941.3900
v 162.0113 628.3425 15941.3900
v 162.0397 628.3780 15941.3900
v 161.9529 628.2717 15941.3900
v 161.9819 628.3066 15941.3900
v 161.8932 628.2018 15941.3900
v 161.9229 628.2362 15941.3900
v 161.8323 628.1330 15941.3900
v 161.8626 628.1669 15941.3900
v 161.7703 628.0652 15941.3900
v 161.8011 628.0986 15941.3900
v 161.7070 627.9987 15941.3900
v 161.7384 628.0314 15941.3900
v 161.6426 627.9331 15941.3900
v 161.6746 627.9653 15941.3900
v 161.5771 627.8687 15941.3900
v 161.6096 627.9004 15941.3900
v 161.5105 627.8055 15941.3900
v 161.5435 627.8366 15941.3900
v 161.4427 627.7434 15941.3900
v 161.4763 627.7739 15941.3900
v 161.3739 627.6826 15941.3900
v 161.4081 627.7125 15941.3900
v 161.3041 627.6229 15941.3900
v 161.3387 627.6522 15941.3900
v 161.2332 627.5645 15941.3900
v 161.2684 627.5931 15941.3900
v 161.1613 627.5073 15941.3900
v 161.1969 627.5353 15941.3900
v 161.0884 627.4513 15941.3900
v 161.1245 627.4788 15941.3900
v 161.0146 627.3967 15941.3900
v 161.0512 627.4235 15941.3900
v 160.9398 627.3433 15941.3900
v 160.9769 627.3695 15941.3900
v 160.8641 627.2913 15941.3900
v 160.9016 627.3168 15941.3900
v 160.7874 627.2406 15941.3900
v 160.8254 627.2655 15941.3900
v 160.7100 627.1912 15941.3900
v 160.7484 627.2155 15941.3900
v 160.6316 627.1432 15941.3900
v 160.6705 627.1667 15941.3900
v 160.5525 627.0966 15941.3900
v 160.5917 627.1194 15941.3900
v 160.4725 627.0513 15941.3900
v 160.5121 627.0735 15941.3900
v 160.3918 627.0075 15941.3900
v 160.4318 627.0290 15941.3900
v 160.3103 626.9651 15941.3900
v 160.3507 626.9859 15941.3900
v 160.2281 626.9241 15941.3900
v 160.2688 626.9442 15941.3900
v 160.1452 626.8846 15941.3900
v 160.1862 626.9039 15941.3900
v 160.0616 626.8464 15941.3900
v 160.1030 626.8651 15941.3900
v 159.9773 626.8098 15941.3900
v 160.0190 626.8278 15941.3900
v 159.8924 626.7747 15941.3900
v 159.9345 626.7919 15941.3900
v 159.8070 626.7410 15941.3900
v 159.8493 626.7574 15941.3900
v 159.7209 626.7088 15941.3900
v 159.7635 626.7245 15941.3900
v 159.6343 626.6782 15941.3900
v 159.6772 626.6931 15941.3900
v 159.5472 626.6490 15941.3900
v 159.5903 626.6632 15941.3900
v 159.4596 626.6214 15941.3900
v 159.5029 626.6348 15941.3900
v 159.3715 626.5953 15941.3900
v 159.4151 626.6080 15941.3900
v 159.2830 626.5707 15941.3900
v 159.3268 626.5827 15941.3900
v 159.1940 626.5477 15941.3900
v 159.2380 626.5589 15941.3900
v 159.1047 626.5263 15941.3900
v 159.1489 626.5367 15941.3900
v 159.0150 626.5064 15941.3900
v 159.0594 626.5161 15941.3900
v 158.9250 626.4881 15941.3900
v 158.9695 626.4969 15941.3900
v 158.8346 626.4714 15941.3900
v 158.8793 626.4794 15941.3900
v 158.7440 626.4562 15941.3900
v 158.7888 626.4635 15941.3900
v 158.6532 626.4426 15941.3900
v 158.6981 626.4491 15941.3900
v 158.5621 626.4306 15941.3900
v 158.6071 626.4363 15941.3900
v 158.4708 626.4202 15941.3900
v 158.5159 626.4252 15941.3900
v 158.3794 626.4114 15941.3900
v 158.4246 626.4156 15941.3900
v 158.2878 626.4042 15941.3900
v 158.3331 626.4076 15941.3900
v 158.1961 626.3986 15941.3900
v 158.2414 626.4012 15941.3900
v 158.1043 626.3946 15941.3900
v 158.1497 626.3964 15941.3900
v 158.0125 626.3922 15941.3900
v 158.0578 626.3932 15941.3900
v 157.9206 626.3914 15941.3900
v 157.9660 626.3916 15941.3900
v 157.8287 626.3922 15941.3900
v 157.8741 626.3916 15941.3900
v 157.7369 626.3946 15941.3900
v 157.7823 626.3932 15941.3900
v 157.6451 626.3986 15941.3900
v 157.6905 626.3964 15941.3900
v 157.5534 626.4042 15941.3900
v 157.5987 626.4012 15941.3900
v 157.4618 626.4114 15941.3900
v 157.5071 626.4077 15941.3900
v 157.3704 626.4202 15941.3900
v 157.4155 626.4156 15941.3900
v 157.2791 626.4306 15941.3900
v 157.3242 626.4253 15941.3900
v 157.1880 626.4426 15941.3900
v 157.2330 626.4365 15941.3900
v 157.0972 626.4562 15941.3900
v 157.1420 626.4493 15941.3900
v 157.0065 626.4714 15941.3900
v 157.0513 626.4637 15941.3900
v 156.9162 626.4881 15941.3900
v 156.9608 626.4796 15941.3900
v 156.8262 626.5064 15941.3900
v 156.8706 626.4971 15941.3900
v 156.7365 626.5263 15941.3900
v 156.7808 626.5163 15941.3900
v 156.6472 626.5477 15941.3900
v 156.6913 626.5369 15941.3900
v 156.5582 626.5707 15941.3900
v 156.6021 626.5592 15941.3900
v 156.4697 626.5953 15941.3900
v 156.5134 626.5829 15941.3900
v 156.3816 626.6214 15941.3900
v 156.4251 626.6083 15941.3900
v 156.2940 626.6490 15941.3900
v 156.3372 626.6352 15941.3900
v 156.2069 626.6782 15941.3900
v 156.2499 626.6636 15941.3900
v 156.1203 626.7088 15941.3900
v 156.1630 626.6935 15941.3900
v 156.0342 626.7410 15941.3900
v 156.0767 626.7249 15941.3900
v 155.9487 626.7747 15941.3900
v 155.9909 626.7578 15941.3900
v 155.8639 626.8098 15941.3900
v 155.9057 626.7922 15941.3900
v 155.7796 626.8464 15941.3900
v 155.8212 626.8282 15941.3900
v 155.6960 626.8846 15941.3900
v 155.7373 626.8655 15941.3900
v 155.6131 626.9241 15941.3900
v 155.6540 626.9044 15941.3900
v 155.5309 626.9651 15941.3900
v 155.5714 626.9446 15941.3900
v 155.4494 627.0075 15941.3900
v 155.4896 626.9864 15941.3900
v 155.3687 627.0513 15941.3900
v 155.4085 627.0295 15941.3900
v 155.2887 627.0966 15941.3900
v 155.3281 627.0740 15941.3900
v 155.2095 627.1432 15941.3900
v 155.2486 627.1200 15941.3900
v 155.1312 627.1912 15941.3900
v 155.1698 627.1673 15941.3900
v 155.0537 627.2406 15941.3900
v 155.0919 627.2160 15941.3900
v 154.9771 627.2913 15941.3900
v 155.0149 627.2661 15941.3900
v 154.9014 627.3433 15941.3900
v 154.9387 627.3174 15941.3900
v 154.8266 627.3967 15941.3900
v 154.8635 627.3701 15941.3900
v 154.7528 627.4513 15941.3900
v 154.7892 627.4241 15941.3900
v 154.6799 627.5073 15941.3900
v 154.7158 627.4794 15941.3900
v 154.6080 627.5645 15941.3900
v 154.6434 627.5360 15941.3900
v 154.5371 627.6229 15941.3900
v 154.5720 627.5938 15941.3900
v 154.4672 627.6826 15941.3900
v 154.5016 627.6529 15941.3900
v 154.3984 627.7434 15941.3900
v 154.4323 627.7132 15941.3900
v 154.3307 627.8055 15941.3900
v 154.3640 627.7747 15941.3900
v 154.2641 627.8687 15941.3900
v 154.2969 627.8373 15941.3900
v 154.1985 627.9331 15941.3900
v 154.2308 627.9011 15941.3900
v 154.1341 627.9987 15941.3900
v 154.1658 627.9661 15941.3900
v 154.0709 628.0652 15941.3900
v 154.1020 628.0322 15941.3900
v 154.0088 628.1330 15941.3900
v 154.0394 628.0994 15941.3900
v 153.9480 628.2018 15941.3900
v 153.9779 628.1677 15941.3900
v 153.8883 628.2717 15941.3900
v 153.9176 628.2370 15941.3900
v 153.8299 628.3425 15941.3900
v 153.8586 628.3074 15941.3900
v 153.7727 628.4144 15941.3900
v 153.8008 628.3788 15941.3900
v 153.7168 628.4874 15941.3900
v 153.7442 628.4512 15941.3900
v 153.6621 628.5612 15941.3900
v 153.6889 628.5246 15941.3900
v 153.6088 628.6360 15941.3900
v 153.6350 628.5989 15941.3900
v 153.5567 628.7117 15941.3900
v 153.5823 628.6741 15941.3900
v 153.5060 628.7883 15941.3900
v 153.5309 628.7503 15941.3900
v 153.4566 628.8658 15941.3900
v 153.4809 628.8274 15941.3900
v 153.4087 628.9441 15941.3900
v 153.4322 628.9053 15941.3900
v 153.3620 629.0233 15941.3900
v 153.3849 628.9841 15941.3900
v 153.3168 629.1032 15941.3900
v 153.3390 629.0636 15941.3900
v 153.2729 629.1840 15941.3900
v 153.2944 629.1440 15941.3900
v 153.2305 629.2654 15941.3900
v 153.2513 629.2251 15941.3900
v 153.1895 629.3477 15941.3900
v 153.2096 629.3069 15941.3900
v 153.1500 629.4306 15941.3900
v 153.1694 629.3895 15941.3900
v 153.1119 629.5142 15941.3900
v 153.1305 629.4728 15941.3900
v 153.0753 629.5984 15941.3900
v 153.0932 629.5567 15941.3900
v 153.0401 629.6833 15941.3900
v 153.0573 629.6413 15941.3900
v 153.0064 629.7688 15941.3900
v 153.0229 629.7264 15941.3900
v 152.9743 629.8549 15941.3900
v 152.9900 629.8123 15941.3900
v 152.9436 629.9415 15941.3900
v 152.9586 629.8986 15941.3900
v 152.9144 630.0286 15941.3900
v 152.9287 629.9854 15941.3900
v 152.8868 630.1161 15941.3900
v 152.9003 630.0728 15941.3900
v 152.8607 630.2043 15941.3900
v 152.8734 630.1606 15941.3900
v 152.8362 630.2928 15941.3900
v 152.8481 630.2490 15941.3900
v 152.8132 630.3817 15941.3900
v 152.8243 630.3377 15941.3900
v 152.7917 630.4711 15941.3900
v 152.8021 630.4269 15941.3900
v 152.7718 630.5607 15941.3900
v 152.7815 630.5164 15941.3900
v 152.7535 630.6508 15941.3900
v 152.7624 630.6063 15941.3900
v 152.7368 630.7411 15941.3900
v 152.7449 630.6964 15941.3900
v 152.7216 630.8317 15941.3900
v 152.7289 630.7869 15941.3900
v 152.7080 630.9226 15941.3900
v 152.7146 630.8776 15941.3900
v 152.6960 631.0137 15941.3900
v 152.7018 630.9686 15941.3900
v 152.6857 631.1049 15941.3900
v 152.6906 631.0598 15941.3900
v 152.6768 631.1964 15941.3900
v 152.6810 631.1512 15941.3900
v 152.6696 631.2880 15941.3900
v 152.6730 631.2427 15941.3900
v 152.6640 631.3797 15941.3900
v 152.6666 631.3344 15941.3900
v 152.6600 631.4714 15941.3900
v 152.6618 631.4261 15941.3900
v 152.6576 631.5633 15941.3900
v 152.6586 631.5179 15941.3900
v 152.6568 631.6552 15941.3900
v 152.6570 631.6097 15941.3900
v 152.6576 631.7470 15941.3900
v 152.6570 631.7016 15941.3900
v 152.6600 631.8389 15941.3900
v 152.6586 631.7935 15941.3900
v 152.6640 631.9307 15941.3900
v 152.6618 631.8853 15941.3900
v 152.6696 632.0223 15941.3900
v 152.6667 631.9771 15941.3900
v 152.6768 632.1139 15941.3900
v 152.6731 632.0687 15941.3900
v 152.6857 632.2054 15941.3900
v 152.6811 632.1602 15941.3900
v 152.6960 632.2966 15941.3900
v 152.6907 632.2516 15941.3900
v 152.7080 632.3878 15941.3900
v 152.7019 632.3427 15941.3900
v 152.7216 632.4786 15941.3900
v 152.7147 632.4337 15941.3900
v 152.7368 632.5692 15941.3900
v 152.7291 632.5245 15941.3900
v 152.7535 632.6595 15941.3900
v 152.7451 632.6149 15941.3900
v 152.7718 632.7496 15941.3900
v 152.7626 632.7051 15941.3900
v 152.7917 632.8392 15941.3900
v 152.7817 632.7950 15941.3900
v 152.8132 632.9286 15941.3900
v 152.8024 632.8845 15941.3900
v 152.8362 633.0175 15941.3900
v 152.8246 632.9736 15941.3900
v 152.8607 633.1060 15941.3900
v 152.8484 633.0624 15941.3900
v 152.8868 633.1942 15941.3900
v 152.8737 633.1506 15941.3900
v 152.9144 633.2817 15941.3900
v 152.9006 633.2385 15941.3900
v 152.9436 633.3689 15941.3900
v 152.9290 633.3259 15941.3900
v 152.9743 633.4554 15941.3900
v 152.9589 633.4127 15941.3900
v 153.0064 633.5415 15941.3900
v 152.9903 633.4991 15941.3900
v 153.0401 633.6270 15941.3900
v 153.0233 633.5848 15941.3900
v 153.0753 633.7119 15941.3900
v 153.0577 633.6700 15941.3900
v 153.1119 633.7961 15941.3900
v 153.0936 633.7546 15941.3900
v 153.1500 633.8797 15941.3900
v 153.1310 633.8385 15941.3900
v 153.1895 633.9626 15941.3900
v 153.1698 633.9218 15941.3900
v 153.2305 634.0449 15941.3900
v 153.2101 634.0043 15941.3900
v 153.2729 634.1263 15941.3900
v 153.2518 634.0862 15941.3900
v 153.3168 634.2071 15941.3900
v 153.2950 634.1673 15941.3900
v 153.3620 634.2870 15941.3900
v 153.3395 634.2476 15941.3900
v 153.4087 634.3662 15941.3900
v 153.3854 634.3271 15941.3900
v 153.4566 634.4445 15941.3900
v 153.4328 634.4059 15941.3900
v 153.5060 634.5220 15941.3900
v 153.4814 634.4838 15941.3900
v 153.5567 634.5986 15941.3900
v 153.5315 634.5609 15941.3900
v 153.6088 634.6743 15941.3900
v 153.5829 634.6370 15941.3900
v 153.6621 634.7491 15941.3900
v 153.6356 634.7123 15941.3900
v 153.7168 634.8230 15941.3900
v 153.6896 634.7866 15941.3900
v 153.7727 634.8959 15941.3900
v 153.7449 634.8600 15941.3900
v 153.8299 634.9678 15941.3900
v 153.8015 634.9324 15941.3900
v 153.8883 635.0386 15941.3900
v 153.8593 635.0037 15941.3900
v 153.9480 635.1085 15941.3900
v 153.9183 635.0741 15941.3900
v 154.0088 635.1773 15941.3900
v 153.9786 635.1434 15941.3900
v 154.0709 635.2451 15941.3900
v 154.0401 635.2117 15941.3900
v 154.1341 635.3117 15941.3900
v 154.1028 635.2789 15941.3900
v 154.1985 635.3772 15941.3900
v 154.1666 635.3450 15941.3900
v 154.2641 635.4416 15941.3900
v 154.2315 635.4099 15941.3900
v 154.3307 635.5048 15941.3900
v 154.2976 635.4738 15941.3900
v 154.3984 635.5669 15941.3900
v 154.3648 635.5364 15941.3900
v 154.4672 635.6277 15941.3900
v 154.4331 635.5978 15941.3900
v 154.5371 635.6874 15941.3900
v 154.5024 635.6581 15941.3900
v 154.6080 635.7458 15941.3900
v 154.5728 635.7172 15941.3900
v 154.6799 635.8030 15941.3900
v 154.6442 635.7750 15941.3900
v 154.7528 635.8590 15941.3900
v 154.7166 635.8315 15941.3900
v 154.8266 635.9136 15941.3900
v 154.7900 635.8868 15941.3900
v 154.9014 635.9670 15941.3900
v 154.8643 635.9408 15941.3900
v 154.9771 636.0190 15941.3900
v 154.9396 635.9935 15941.3900
v 155.0537 636.0697 15941.3900
v 155.0158 636.0449 15941.3900
v 155.1312 636.1191 15941.3900
v 155.0928 636.0948 15941.3900
v 155.2095 636.1671 15941.3900
v 155.1707 636.1436 15941.3900
v 155.2887 636.2137 15941.3900
v 155.2495 636.1909 15941.3900
v 155.3687 636.2590 15941.3900
v 155.3290 636.2368 15941.3900
v 155.4494 636.3028 15941.3900
v 155.4094 636.2813 15941.3900
v 155.5309 636.3452 15941.3900
v 155.4905 636.3244 15941.3900
v 155.6131 636.3862 15941.3900
v 155.5724 636.3661 15941.3900
v 155.6960 636.4258 15941.3900
v 155.6550 636.4064 15941.3900
v 155.7796 636.4639 15941.3900
v 155.7382 636.4452 15941.3900
v 155.8639 636.5005 15941.3900
v 155.8221 636.4825 15941.3900
v 155.9487 636.5356 15941.3900
v 155.9067 636.5184 15941.3900
v 156.0342 636.5693 15941.3900
v 155.9919 636.5529 15941.3900
v 156.1203 636.6015 15941.3900
v 156.0777 636.5858 15941.3900
v 156.2069 636.6321 15941.3900
v 156.1640 636.6172 15941.3900
v 156.2940 636.6613 15941.3900
v 156.2509 636.6471 15941.3900
v 156.3816 636.6889 15941.3900
v 156.3382 636.6755 15941.3900
v 156.4697 636.7150 15941.3900
v 156.4261 636.7023 15941.3900
v 156.5582 636.7396 15941.3900
v 156.5144 636.7276 15941.3900
v 156.6472 636.7626 15941.3900
v 156.6032 636.7514 15941.3900
v 156.7365 636.7840 15941.3900
v 156.6923 636.7736 15941.3900
v 156.8262 636.8039 15941.3900
v 156.7818 636.7943 15941.3900
v 156.9162 636.8222 15941.3900
v 156.8717 636.8134 15941.3900
v 157.0065 636.8390 15941.3900
v 156.9619 636.8309 15941.3900
v 157.0972 636.8541 15941.3900
v 157.0523 636.8468 15941.3900
v 157.1880 636.8677 15941.3900
v 157.1431 636.8612 15941.3900
v 157.2791 636.8797 15941.3900
v 157.2341 636.8740 15941.3900
v 157.3704 636.8901 15941.3900
v 157.3252 636.8851 15941.3900
v 157.4618 636.8989 15941.3900
v 157.4166 636.8948 15941.3900
v 157.5534 636.9061 15941.3900
v 157.5081 636.9028 15941.3900
v 157.6451 636.9117 15941.3900
v 157.5998 636.9091 15941.3900
v 157.7369 636.9157 15941.3900
v 157.6915 636.9139 15941.3900
v 157.8287 636.9182 15941.3900
v 157.7833 636.9171 15941.3900
v 157.9206 636.9189 15941.3900
v 157.8752 636.9188 15941.3900
v 158.0125 636.9182 15941.3900
v 157.9671 636.9187 15941.3900
v 158.1043 636.9157 15941.3900
v 158.0589 636.9171 15941.3900
v 158.1961 636.9117 15941.3900
v 158.1507 636.9139 15941.3900
v 158.2878 636.9061 15941.3900
v 158.2425 636.9091 15941.3900
v 158.3794 636.8989 15941.3900
v 158.3341 636.9026 15941.3900
v 158.4708 636.8901 15941.3900
v 158.4256 636.8947 15941.3900
v 158.5621 636.8797 15941.3900
v 158.5170 636.8850 15941.3900
v 158.6532 636.8677 15941.3900
v 158.6082 636.8738 15941.3900
v 158.7440 636.8541 15941.3900
v 158.6991 636.8610 15941.3900
v 158.8346 636.8390 15941.3900
v 158.7899 636.8467 15941.3900
v 158.9250 636.8222 15941.3900
v 158.8804 636.8307 15941.3900
v 159.0150 636.8039 15941.3900
v 158.9705 636.8132 15941.3900
v 159.1047 636.7840 15941.3900
v 159.0604 636.7941 15941.3900
v 159.1940 636.7626 15941.3900
v 159.1499 636.7734 15941.3900
v 159.2830 636.7396 15941.3900
v 159.2390 636.7512 15941.3900
v 159.3715 636.7150 15941.3900
v 159.3278 636.7274 15941.3900
v 159.4596 636.6889 15941.3900
v 159.4161 636.7020 15941.3900
v 159.5472 636.6613 15941.3900
v 159.5039 636.6752 15941.3900
v 159.6343 636.6321 15941.3900
v 159.5913 636.6467 15941.3900
v 159.7209 636.6015 15941.3900
v 159.6782 636.6168 15941.3900
v 159.8070 636.5693 15941.3900
v 159.7645 636.5854 15941.3900
v 159.8924 636.5356 15941.3900
v 159.8503 636.5525 15941.3900
v 159.9773 636.5005 15941.3900
v 159.9354 636.5181 15941.3900
v 160.0616 636.4639 15941.3900
v 160.0200 636.4821 15941.3900
v 160.1452 636.4258 15941.3900
v 160.1039 636.4448 15941.3900
v 160.2281 636.3862 15941.3900
v 160.1872 636.4059 15941.3900
v 160.3103 636.3452 15941.3900
v 160.2697 636.3657 15941.3900
v 160.3918 636.3028 15941.3900
v 160.3516 636.3239 15941.3900
v 160.4725 636.2590 15941.3900
v 160.4327 636.2808 15941.3900
v 160.5525 636.2137 15941.3900
v 160.5131 636.2363 15941.3900
v 160.6316 636.1671 15941.3900
v 160.5926 636.1903 15941.3900
v 160.7100 636.1191 15941.3900
v 160.6714 636.1430 15941.3900
v 160.7874 636.0697 15941.3900
v 160.7493 636.0943 15941.3900
v 160.8641 636.0190 15941.3900
v 160.8263 636.0443 15941.3900
v 160.9398 635.9670 15941.3900
v 160.9025 635.9929 15941.3900
v 161.0146 635.9136 15941.3900
v 160.9777 635.9402 15941.3900
v 161.0884 635.8590 15941.3900
v 161.0520 635.8862 15941.3900
v 161.1613 635.8030 15941.3900
v 161.1254 635.8309 15941.3900
v 161.2332 635.7458 15941.3900
v 161.1978 635.7743 15941.3900
v 161.3041 635.6874 15941.3900
v 161.2692 635.7165 15941.3900
v 161.3739 635.6277 15941.3900
v 161.3395 635.6574 15941.3900
v 161.4427 635.5669 15941.3900
v 161.4089 635.5971 15941.3900
v 161.5105 635.5048 15941.3900
v 161.4771 635.5356 15941.3900
v 161.5771 635.4416 15941.3900
v 161.5443 635.4730 15941.3900
v 161.6426 635.3772 15941.3900
v 161.6104 635.4092 15941.3900
v 161.7070 635.3117 15941.3900
v 161.6754 635.3442 15941.3900
v 161.7703 635.2451 15941.3900
v 161.7392 635.2781 15941.3900
v 161.8323 635.1773 15941.3900
v 161.8018 635.2109 15941.3900
v 161.8932 635.1085 15941.3900
v 161.8633 635.1426 15941.3900
v 161.9529 635.0386 15941.3900
v 161.9235 635.0733 15941.3900
v 162.0113 634.9678 15941.3900
v 161.9826 635.0029 15941.3900
v 162.0685 634.8959 15941.3900
v 162.0404 634.9315 15941.3900
v 162.1244 634.8230 15941.3900
v 162.0969 634.8591 15941.3900
v 162.1791 634.7491 15941.3900
v 162.1522 634.7858 15941.3900
v 162.2324 634.6743 15941.3900
v 162.2062 634.7114 15941.3900
v 162.2845 634.5986 15941.3900
v 162.2589 634.6362 15941.3900
v 162.3352 634.5220 15941.3900
v 162.3103 634.5600 15941.3900
v 162.3845 634.4445 15941.3900
v 162.3603 634.4829 15941.3900
v 162.4325 634.3662 15941.3900
v 162.4090 634.4050 15941.3900
v 162.4792 634.2870 15941.3900
v 162.4563 634.3263 15941.3900
v 162.5244 634.2071 15941.3900
v 162.5022 634.2467 15941.3900
v 162.5682 634.1263 15941.3900
v 162.5467 634.1663 15941.3900
v 162.6106 634.0449 15941.3900
v 162.5899 634.0852 15941.3900
v 162.6516 633.9626 15941.3900
v 162.6316 634.0034 15941.3900
v 162.6912 633.8797 15941.3900
v 162.6718 633.9208 15941.3900
v 162.7293 633.7961 15941.3900
v 162.7106 633.8375 15941.3900
v 162.7659 633.7119 15941.3900
v 162.7480 633.7536 15941.3900
v 162.8011 633.6270 15941.3900
v 162.7839 633.6690 15941.3900
v 162.8347 633.5415 15941.3900
v 162.8183 633.5839 15941.3900
v 162.8669 633.4554 15941.3900
v 162.8512 633.4980 15941.3900
v 162.8976 633.3689 15941.3900
v 162.8826 633.4117 15941.3900
v 162.9267 633.2817 15941.3900
v 162.9125 633.3249 15941.3900
v 162.9544 633.1942 15941.3900
v 162.9409 633.2375 15941.3900
v 162.9805 633.1060 15941.3900
v 162.9677 633.1497 15941.3900
v 163.0050 633.0175 15941.3900
v 162.9931 633.0613 15941.3900
v 163.0280 632.9286 15941.3900
v 163.0168 632.9726 15941.3900
v 163.0495 632.8392 15941.3900
v 163.0390 632.8834 15941.3900
v 163.0693 632.7496 15941.3900
v 163.0597 632.7939 15941.3900
v 163.0876 632.6595 15941.3900
v 163.0788 632.7040 15941.3900
v 163.1044 632.5692 15941.3900
v 163.0963 632.6139 15941.3900
v 163.1196 632.4786 15941.3900
v 163.1123 632.5234 15941.3900
v 163.1331 632.3878 15941.3900
v 163.1266 632.4327 15941.3900
v 163.1451 632.2966 15941.3900
v 163.1394 632.3417 15941.3900
v 163.1555 632.2054 15941.3900
v 163.1506 632.2505 15941.3900
v 163.1643 632.1139 15941.3900
v 163.1602 632.1591 15941.3900
v 163.1715 632.0223 15941.3900
v 163.1682 632.0676 15941.3900
v 163.1772 631.9307 15941.3900
v 163.1746 631.9760 15941.3900
v 163.1812 631.8389 15941.3900
v 163.1794 631.8842 15941.3900
v 163.1836 631.7470 15941.3900
v 163.1826 631.7924 15941.3900
v 163.1842 631.7006 15941.3900
v 157.7989 631.6092 15952.0800
v 157.8345 639.0668 15952.0000
v 157.9206 642.1827 15951.8000
v 158.0066 639.1317 15951.5900
v 158.0423 631.7011 15951.5100
v 158.0066 624.2435 15951.5900
v 157.9206 621.1276 15951.8000
v 157.8345 624.1786 15952.0000
v 168.4481 157.9155 15941.3900
v 168.4465 158.0992 15941.3900
v 168.4469 158.0084 15941.3900
v 168.4417 158.2829 15941.3900
v 168.4437 158.1921 15941.3900
v 168.4337 158.4665 15941.3900
v 168.4373 158.3757 15941.3900
v 168.4225 158.6499 15941.3900
v 168.4276 158.5592 15941.3900
v 168.4081 158.8330 15941.3900
v 168.4148 158.7425 15941.3900
v 168.3905 159.0159 15941.3900
v 168.3988 158.9255 15941.3900
v 168.3697 159.1985 15941.3900
v 168.3795 159.1082 15941.3900
v 168.3457 159.3806 15941.3900
v 168.3571 159.2906 15941.3900
v 168.3185 159.5624 15941.3900
v 168.3315 159.4725 15941.3900
v 168.2882 159.7436 15941.3900
v 168.3028 159.6540 15941.3900
v 168.2547 159.9243 15941.3900
v 168.2709 159.8349 15941.3900
v 168.2181 160.1043 15941.3900
v 168.2358 160.0152 15941.3900
v 168.1783 160.2837 15941.3900
v 168.1976 160.1949 15941.3900
v 168.1354 160.4623 15941.3900
v 168.1562 160.3739 15941.3900
v 168.0894 160.6402 15941.3900
v 168.1118 160.5522 15941.3900
v 168.0403 160.8173 15941.3900
v 168.0642 160.7297 15941.3900
v 167.9881 160.9935 15941.3900
v 168.0135 160.9063 15941.3900
v 167.9329 161.1687 15941.3900
v 167.9598 161.0820 15941.3900
v 167.8746 161.3429 15941.3900
v 167.9030 161.2567 15941.3900
v 167.8132 161.5161 15941.3900
v 167.8432 161.4304 15941.3900
v 167.7489 161.6882 15941.3900
v 167.7803 161.6030 15941.3900
v 167.6816 161.8592 15941.3900
v 167.7145 161.7746 15941.3900
v 167.6113 162.0289 15941.3900
v 167.6456 161.9449 15941.3900
v 167.5380 162.1974 15941.3900
v 167.5738 162.1140 15941.3900
v 167.4618 162.3646 15941.3900
v 167.4991 162.2818 15941.3900
v 167.3827 162.5305 15941.3900
v 167.4214 162.4483 15941.3900
v 167.3007 162.6949 15941.3900
v 167.3409 162.6135 15941.3900
v 167.2159 162.8579 15941.3900
v 167.2574 162.7771 15941.3900
v 167.1282 163.0193 15941.3900
v 167.1712 162.9394 15941.3900
v 167.0377 163.1793 15941.3900
v 167.0821 163.1000 15941.3900
v 166.9445 163.3376 15941.3900
v 166.9902 163.2591 15941.3900
v 166.8484 163.4942 15941.3900
v 166.8956 163.4166 15941.3900
v 166.7497 163.6492 15941.3900
v 166.7982 163.5724 15941.3900
v 166.6483 163.8024 15941.3900
v 166.6981 163.7265 15941.3900
v 166.5443 163.9539 15941.3900
v 166.5954 163.8788 15941.3900
v 166.4376 164.1034 15941.3900
v 166.4900 164.0293 15941.3900
v 166.3283 164.2511 15941.3900
v 166.3820 164.1779 15941.3900
v 166.2164 164.3969 15941.3900
v 166.2714 164.3246 15941.3900
v 166.1020 164.5407 15941.3900
v 166.1582 164.4694 15941.3900
v 165.9852 164.6825 15941.3900
v 166.0426 164.6122 15941.3900
v 165.8658 164.8222 15941.3900
v 165.9245 164.7529 15941.3900
v 165.7441 164.9598 15941.3900
v 165.8040 164.8915 15941.3900
v 165.6199 165.0953 15941.3900
v 165.6810 165.0280 15941.3900
v 165.4935 165.2285 15941.3900
v 165.5557 165.1624 15941.3900
v 165.3647 165.3596 15941.3900
v 165.4281 165.2946 15941.3900
v 165.2336 165.4884 15941.3900
v 165.2981 165.4245 15941.3900
v 165.1004 165.6149 15941.3900
v 165.1660 165.5521 15941.3900
v 164.9649 165.7390 15941.3900
v 165.0316 165.6774 15941.3900
v 164.8273 165.8607 15941.3900
v 164.8950 165.8003 15941.3900
v 164.6876 165.9801 15941.3900
v 164.7564 165.9208 15941.3900
v 164.5458 166.0969 15941.3900
v 164.6156 166.0389 15941.3900
v 164.4020 166.2113 15941.3900
v 164.4728 166.1545 15941.3900
v 164.2562 166.3232 15941.3900
v 164.3280 166.2676 15941.3900
v 164.1085 166.4325 15941.3900
v 164.1813 166.3781 15941.3900
v 163.9589 166.5392 15941.3900
v 164.0326 166.4861 15941.3900
v 163.8075 166.6432 15941.3900
v 163.8821 166.5915 15941.3900
v 163.6543 166.7446 15941.3900
v 163.7298 166.6942 15941.3900
v 163.4993 166.8434 15941.3900
v 163.5757 166.7942 15941.3900
v 163.3427 166.9394 15941.3900
v 163.4199 166.8916 15941.3900
v 163.1844 167.0326 15941.3900
v 163.2624 166.9862 15941.3900
v 163.0244 167.1231 15941.3900
v 163.1033 167.0780 15941.3900
v 162.8630 167.2108 15941.3900
v 162.9426 167.1671 15941.3900
v 162.7000 167.2956 15941.3900
v 162.7803 167.2533 15941.3900
v 162.5356 167.3776 15941.3900
v 162.6167 167.3367 15941.3900
v 162.3697 167.4567 15941.3900
v 162.4515 167.4172 15941.3900
v 162.2025 167.5329 15941.3900
v 162.2850 167.4949 15941.3900
v 162.0340 167.6062 15941.3900
v 162.1171 167.5696 15941.3900
v 161.8643 167.6765 15941.3900
v 161.9480 167.6413 15941.3900
v 161.6933 167.7438 15941.3900
v 161.7777 167.7102 15941.3900
v 161.5212 167.8082 15941.3900
v 161.6061 167.7760 15941.3900
v 161.3480 167.8695 15941.3900
v 161.4335 167.8388 15941.3900
v 161.1738 167.9278 15941.3900
v 161.2598 167.8986 15941.3900
v 160.9986 167.9830 15941.3900
v 161.0850 167.9554 15941.3900
v 160.8224 168.0352 15941.3900
v 160.9093 168.0090 15941.3900
v 160.6453 168.0843 15941.3900
v 160.7327 168.0597 15941.3900
v 160.4674 168.1303 15941.3900
v 160.5553 168.1072 15941.3900
v 160.2888 168.1732 15941.3900
v 160.3770 168.1516 15941.3900
v 160.1094 168.2130 15941.3900
v 160.1980 168.1929 15941.3900
v 159.9293 168.2496 15941.3900
v 160.0182 168.2311 15941.3900
v 159.7487 168.2831 15941.3900
v 159.8379 168.2662 15941.3900
v 159.5675 168.3134 15941.3900
v 159.6570 168.2980 15941.3900
v 159.3857 168.3406 15941.3900
v 159.4755 168.3268 15941.3900
v 159.2036 168.3646 15941.3900
v 159.2935 168.3523 15941.3900
v 159.0210 168.3854 15941.3900
v 159.1112 168.3747 15941.3900
v 158.8381 168.4030 15941.3900
v 158.9285 168.3939 15941.3900
v 158.6550 168.4174 15941.3900
v 158.7455 168.4099 15941.3900
v 158.4716 168.4286 15941.3900
v 158.5622 168.4227 15941.3900
v 158.2880 168.4366 15941.3900
v 158.3787 168.4323 15941.3900
v 158.1043 168.4414 15941.3900
v 158.1951 168.4387 15941.3900
v 157.9206 168.4430 15941.3900
v 158.0114 168.4418 15941.3900
v 157.7369 168.4414 15941.3900
v 157.8277 168.4418 15941.3900
v 157.5532 168.4366 15941.3900
v 157.6440 168.4386 15941.3900
v 157.3696 168.4286 15941.3900
v 157.4604 168.4322 15941.3900
v 157.1862 168.4174 15941.3900
v 157.2769 168.4225 15941.3900
v 157.0031 168.4030 15941.3900
v 157.0936 168.4097 15941.3900
v 156.8202 168.3854 15941.3900
v 156.9106 168.3937 15941.3900
v 156.6376 168.3646 15941.3900
v 156.7279 168.3745 15941.3900
v 156.4554 168.3406 15941.3900
v 156.5455 168.3521 15941.3900
v 156.2737 168.3134 15941.3900
v 156.3636 168.3265 15941.3900
v 156.0925 168.2831 15941.3900
v 156.1821 168.2977 15941.3900
v 155.9118 168.2496 15941.3900
v 156.0012 168.2658 15941.3900
v 155.7318 168.2130 15941.3900
v 155.8208 168.2307 15941.3900
v 155.5524 168.1732 15941.3900
v 155.6411 168.1925 15941.3900
v 155.3737 168.1303 15941.3900
v 155.4621 168.1511 15941.3900
v 155.1959 168.0843 15941.3900
v 155.2839 168.1067 15941.3900
v 155.0188 168.0352 15941.3900
v 155.1064 168.0591 15941.3900
v 154.8426 167.9830 15941.3900
v 154.9298 168.0085 15941.3900
v 154.6674 167.9278 15941.3900
v 154.7541 167.9547 15941.3900
v 154.4931 167.8695 15941.3900
v 154.5794 167.8979 15941.3900
v 154.3200 167.8082 15941.3900
v 154.4057 167.8381 15941.3900
v 154.1479 167.7438 15941.3900
v 154.2330 167.7752 15941.3900
v 153.9769 167.6765 15941.3900
v 154.0615 167.7094 15941.3900
v 153.8071 167.6062 15941.3900
v 153.8912 167.6405 15941.3900
v 153.6386 167.5329 15941.3900
v 153.7221 167.5687 15941.3900
v 153.4715 167.4567 15941.3900
v 153.5542 167.4940 15941.3900
v 153.3056 167.3776 15941.3900
v 153.3878 167.4163 15941.3900
v 153.1412 167.2956 15941.3900
v 153.2226 167.3358 15941.3900
v 152.9782 167.2108 15941.3900
v 153.0589 167.2523 15941.3900
v 152.8167 167.1231 15941.3900
v 152.8967 167.1661 15941.3900
v 152.6568 167.0326 15941.3900
v 152.7361 167.0770 15941.3900
v 152.4985 166.9394 15941.3900
v 152.5770 166.9851 15941.3900
v 152.3418 166.8434 15941.3900
v 152.4195 166.8905 15941.3900
v 152.1869 166.7446 15941.3900
v 152.2637 166.7931 15941.3900
v 152.0337 166.6432 15941.3900
v 152.1096 166.6930 15941.3900
v 151.8822 166.5392 15941.3900
v 151.9573 166.5903 15941.3900
v 151.7327 166.4325 15941.3900
v 151.8068 166.4849 15941.3900
v 151.5849 166.3232 15941.3900
v 151.6582 166.3769 15941.3900
v 151.4392 166.2113 15941.3900
v 151.5115 166.2663 15941.3900
v 151.2954 166.0969 15941.3900
v 151.3667 166.1532 15941.3900
v 151.1536 165.9801 15941.3900
v 151.2239 166.0375 15941.3900
v 151.0139 165.8607 15941.3900
v 151.0832 165.9194 15941.3900
v 150.8763 165.7390 15941.3900
v 150.9446 165.7989 15941.3900
v 150.7408 165.6149 15941.3900
v 150.8080 165.6759 15941.3900
v 150.6075 165.4884 15941.3900
v 150.6737 165.5506 15941.3900
v 150.4765 165.3596 15941.3900
v 150.5415 165.4230 15941.3900
v 150.3477 165.2285 15941.3900
v 150.4116 165.2930 15941.3900
v 150.2212 165.0953 15941.3900
v 150.2840 165.1609 15941.3900
v 150.0971 164.9598 15941.3900
v 150.1587 165.0265 15941.3900
v 149.9753 164.8222 15941.3900
v 150.0358 164.8899 15941.3900
v 149.8560 164.6825 15941.3900
v 149.9153 164.7513 15941.3900
v 149.7392 164.5407 15941.3900
v 149.7972 164.6105 15941.3900
v 149.6248 164.3969 15941.3900
v 149.6816 164.4677 15941.3900
v 149.5129 164.2511 15941.3900
v 149.5685 164.3229 15941.3900
v 149.4036 164.1034 15941.3900
v 149.4580 164.1762 15941.3900
v 149.2969 163.9539 15941.3900
v 149.3500 164.0275 15941.3900
v 149.1929 163.8024 15941.3900
v 149.2446 163.8770 15941.3900
v 149.0914 163.6492 15941.3900
v 149.1419 163.7247 15941.3900
v 148.9927 163.4942 15941.3900
v 149.0419 163.5706 15941.3900
v 148.8967 163.3376 15941.3900
v 148.9445 163.4148 15941.3900
v 148.8035 163.1793 15941.3900
v 148.8499 163.2573 15941.3900
v 148.7130 163.0193 15941.3900
v 148.7581 163.0982 15941.3900
v 148.6253 162.8579 15941.3900
v 148.6690 162.9375 15941.3900
v 148.5405 162.6949 15941.3900
v 148.5828 162.7753 15941.3900
v 148.4585 162.5305 15941.3900
v 148.4994 162.6116 15941.3900
v 148.3794 162.3646 15941.3900
v 148.4188 162.4464 15941.3900
v 148.3032 162.1974 15941.3900
v 148.3412 162.2799 15941.3900
v 148.2299 162.0289 15941.3900
v 148.2665 162.1121 15941.3900
v 148.1596 161.8592 15941.3900
v 148.1947 161.9429 15941.3900
v 148.0923 161.6882 15941.3900
v 148.1259 161.7726 15941.3900
v 148.0279 161.5161 15941.3900
v 148.0601 161.6010 15941.3900
v 147.9666 161.3429 15941.3900
v 147.9973 161.4284 15941.3900
v 147.9083 161.1687 15941.3900
v 147.9375 161.2547 15941.3900
v 147.8530 160.9935 15941.3900
v 147.8807 161.0799 15941.3900
v 147.8009 160.8173 15941.3900
v 147.8270 160.9042 15941.3900
v 147.7518 160.6402 15941.3900
v 147.7764 160.7276 15941.3900
v 147.7057 160.4623 15941.3900
v 147.7289 160.5502 15941.3900
v 147.6629 160.2837 15941.3900
v 147.6844 160.3719 15941.3900
v 147.6231 160.1043 15941.3900
v 147.6431 160.1929 15941.3900
v 147.5865 159.9243 15941.3900
v 147.6050 160.0132 15941.3900
v 147.5530 159.7436 15941.3900
v 147.5699 159.8328 15941.3900
v 147.5227 159.5624 15941.3900
v 147.5380 159.6519 15941.3900
v 147.4955 159.3806 15941.3900
v 147.5093 159.4704 15941.3900
v 147.4715 159.1985 15941.3900
v 147.4838 159.2885 15941.3900
v 147.4507 159.0159 15941.3900
v 147.4614 159.1061 15941.3900
v 147.4331 158.8330 15941.3900
v 147.4422 158.9234 15941.3900
v 147.4187 158.6499 15941.3900
v 147.4262 158.7404 15941.3900
v 147.4075 158.4665 15941.3900
v 147.4134 158.5571 15941.3900
v 147.3995 158.2829 15941.3900
v 147.4038 158.3736 15941.3900
v 147.3946 158.0992 15941.3900
v 147.3974 158.1900 15941.3900
v 147.3930 157.9155 15941.3900
v 147.3942 158.0063 15941.3900
v 147.3946 157.7318 15941.3900
v 147.3943 157.8226 15941.3900
v 147.3995 157.5481 15941.3900
v 147.3975 157.6389 15941.3900
v 147.4075 157.3645 15941.3900
v 147.4039 157.4553 15941.3900
v 147.4187 157.1811 15941.3900
v 147.4135 157.2718 15941.3900
v 147.4331 156.9980 15941.3900
v 147.4264 157.0885 15941.3900
v 147.4507 156.8151 15941.3900
v 147.4424 156.9055 15941.3900
v 147.4715 156.6325 15941.3900
v 147.4616 156.7228 15941.3900
v 147.4955 156.4503 15941.3900
v 147.4840 156.5404 15941.3900
v 147.5227 156.2686 15941.3900
v 147.5096 156.3585 15941.3900
v 147.5530 156.0874 15941.3900
v 147.5384 156.1770 15941.3900
v 147.5865 155.9068 15941.3900
v 147.5703 155.9961 15941.3900
v 147.6231 155.7267 15941.3900
v 147.6054 155.8158 15941.3900
v 147.6629 155.5473 15941.3900
v 147.6436 155.6361 15941.3900
v 147.7057 155.3687 15941.3900
v 147.6850 155.4570 15941.3900
v 147.7518 155.1908 15941.3900
v 147.7294 155.2788 15941.3900
v 147.8009 155.0137 15941.3900
v 147.7770 155.1013 15941.3900
v 147.8530 154.8375 15941.3900
v 147.8276 154.9247 15941.3900
v 147.9083 154.6623 15941.3900
v 147.8814 154.7490 15941.3900
v 147.9666 154.4881 15941.3900
v 147.9382 154.5743 15941.3900
v 148.0279 154.3149 15941.3900
v 147.9980 154.4006 15941.3900
v 148.0923 154.1428 15941.3900
v 148.0609 154.2280 15941.3900
v 148.1596 153.9718 15941.3900
v 148.1267 154.0564 15941.3900
v 148.2299 153.8021 15941.3900
v 148.1956 153.8861 15941.3900
v 148.3032 153.6336 15941.3900
v 148.2673 153.7170 15941.3900
v 148.3794 153.4664 15941.3900
v 148.3421 153.5492 15941.3900
v 148.4585 153.3005 15941.3900
v 148.4198 153.3827 15941.3900
v 148.5405 153.1361 15941.3900
v 148.5003 153.2175 15941.3900
v 148.6253 152.9731 15941.3900
v 148.5837 153.0538 15941.3900
v 148.7130 152.8116 15941.3900
v 148.6700 152.8916 15941.3900
v 148.8035 152.6517 15941.3900
v 148.7591 152.7310 15941.3900
v 148.8967 152.4934 15941.3900
v 148.8510 152.5719 15941.3900
v 148.9927 152.3367 15941.3900
v 148.9456 152.4144 15941.3900
v 149.0914 152.1818 15941.3900
v 149.0430 152.2586 15941.3900
v 149.1929 152.0286 15941.3900
v 149.1431 152.1045 15941.3900
v 149.2969 151.8772 15941.3900
v 149.2458 151.9522 15941.3900
v 149.4036 151.7276 15941.3900
v 149.3512 151.8017 15941.3900
v 149.5129 151.5799 15941.3900
v 149.4592 151.6531 15941.3900
v 149.6248 151.4341 15941.3900
v 149.5698 151.5064 15941.3900
v 149.7392 151.2903 15941.3900
v 149.6829 151.3616 15941.3900
v 149.8560 151.1485 15941.3900
v 149.7986 151.2188 15941.3900
v 149.9753 151.0088 15941.3900
v 149.9167 151.0781 15941.3900
v 150.0971 150.8712 15941.3900
v 150.0372 150.9395 15941.3900
v 150.2212 150.7357 15941.3900
v 150.1602 150.8029 15941.3900
v 150.3477 150.6024 15941.3900
v 150.2855 150.6686 15941.3900
v 150.4765 150.4714 15941.3900
v 150.4131 150.5365 15941.3900
v 150.6075 150.3426 15941.3900
v 150.5430 150.4065 15941.3900
v 150.7408 150.2161 15941.3900
v 150.6752 150.2789 15941.3900
v 150.8763 150.0920 15941.3900
v 150.8096 150.1537 15941.3900
v 151.0139 149.9703 15941.3900
v 150.9462 150.0307 15941.3900
v 151.1536 149.8509 15941.3900
v 151.0848 149.9102 15941.3900
v 151.2954 149.7341 15941.3900
v 151.2256 149.7921 15941.3900
v 151.4392 149.6197 15941.3900
v 151.3684 149.6765 15941.3900
v 151.5849 149.5078 15941.3900
v 151.5132 149.5634 15941.3900
v 151.7327 149.3985 15941.3900
v 151.6599 149.4529 15941.3900
v 151.8822 149.2918 15941.3900
v 151.8085 149.3449 15941.3900
v 152.0337 149.1878 15941.3900
v 151.9590 149.2395 15941.3900
v 152.1869 149.0863 15941.3900
v 152.1114 149.1368 15941.3900
v 152.3418 148.9876 15941.3900
v 152.2655 149.0368 15941.3900
v 152.4985 148.8916 15941.3900
v 152.4213 148.9394 15941.3900
v 152.6568 148.7984 15941.3900
v 152.5788 148.8448 15941.3900
v 152.8167 148.7079 15941.3900
v 152.7379 148.7530 15941.3900
v 152.9782 148.6202 15941.3900
v 152.8986 148.6639 15941.3900
v 153.1412 148.5354 15941.3900
v 153.0608 148.5777 15941.3900
v 153.3056 148.4534 15941.3900
v 153.2245 148.4943 15941.3900
v 153.4715 148.3743 15941.3900
v 153.3897 148.4138 15941.3900
v 153.6386 148.2981 15941.3900
v 153.5562 148.3361 15941.3900
v 153.8071 148.2248 15941.3900
v 153.7240 148.2614 15941.3900
v 153.9769 148.1545 15941.3900
v 153.8932 148.1897 15941.3900
v 154.1479 148.0872 15941.3900
v 154.0635 148.1208 15941.3900
v 154.3200 148.0228 15941.3900
v 154.2350 148.0550 15941.3900
v 154.4931 147.9615 15941.3900
v 154.4077 147.9922 15941.3900
v 154.6674 147.9032 15941.3900
v 154.5814 147.9324 15941.3900
v 154.8426 147.8479 15941.3900
v 154.7561 147.8756 15941.3900
v 155.0188 147.7958 15941.3900
v 154.9319 147.8219 15941.3900
v 155.1959 147.7467 15941.3900
v 155.1085 147.7713 15941.3900
v 155.3737 147.7007 15941.3900
v 155.2859 147.7238 15941.3900
v 155.5524 147.6578 15941.3900
v 155.4642 147.6794 15941.3900
v 155.7318 147.6180 15941.3900
v 155.6432 147.6380 15941.3900
v 155.9118 147.5814 15941.3900
v 155.8229 147.5999 15941.3900
v 156.0925 147.5479 15941.3900
v 156.0033 147.5648 15941.3900
v 156.2737 147.5176 15941.3900
v 156.1842 147.5329 15941.3900
v 156.4554 147.4904 15941.3900
v 156.3657 147.5042 15941.3900
v 156.6376 147.4664 15941.3900
v 156.5476 147.4787 15941.3900
v 156.8202 147.4456 15941.3900
v 156.7300 147.4563 15941.3900
v 157.0031 147.4280 15941.3900
v 156.9127 147.4371 15941.3900
v 157.1862 147.4136 15941.3900
v 157.0957 147.4211 15941.3900
v 157.3696 147.4024 15941.3900
v 157.2790 147.4083 15941.3900
v 157.5532 147.3944 15941.3900
v 157.4625 147.3987 15941.3900
v 157.7369 147.3896 15941.3900
v 157.6461 147.3923 15941.3900
v 157.9206 147.3880 15941.3900
v 157.8298 147.3891 15941.3900
v 158.1043 147.3896 15941.3900
v 158.0135 147.3892 15941.3900
v 158.2880 147.3944 15941.3900
v 158.1972 147.3924 15941.3900
v 158.4716 147.4024 15941.3900
v 158.3808 147.3988 15941.3900
v 158.6550 147.4136 15941.3900
v 158.5643 147.4084 15941.3900
v 158.8381 147.4280 15941.3900
v 158.7476 147.4213 15941.3900
v 159.0210 147.4456 15941.3900
v 158.9306 147.4373 15941.3900
v 159.2036 147.4664 15941.3900
v 159.1133 147.4565 15941.3900
v 159.3857 147.4904 15941.3900
v 159.2957 147.4789 15941.3900
v 159.5675 147.5176 15941.3900
v 159.4776 147.5045 15941.3900
v 159.7487 147.5479 15941.3900
v 159.6590 147.5333 15941.3900
v 159.9293 147.5814 15941.3900
v 159.8400 147.5652 15941.3900
v 160.1094 147.6180 15941.3900
v 160.0203 147.6003 15941.3900
v 160.2888 147.6578 15941.3900
v 160.2000 147.6385 15941.3900
v 160.4674 147.7007 15941.3900
v 160.3790 147.6799 15941.3900
v 160.6453 147.7467 15941.3900
v 160.5573 147.7243 15941.3900
v 160.8224 147.7958 15941.3900
v 160.7348 147.7719 15941.3900
v 160.9986 147.8479 15941.3900
v 160.9114 147.8225 15941.3900
v 161.1738 147.9032 15941.3900
v 161.0871 147.8763 15941.3900
v 161.3480 147.9615 15941.3900
v 161.2618 147.9331 15941.3900
v 161.5212 148.0228 15941.3900
v 161.4355 147.9929 15941.3900
v 161.6933 148.0872 15941.3900
v 161.6081 148.0558 15941.3900
v 161.8643 148.1545 15941.3900
v 161.7796 148.1216 15941.3900
v 162.0340 148.2248 15941.3900
v 161.9500 148.1905 15941.3900
v 162.2025 148.2981 15941.3900
v 162.1191 148.2623 15941.3900
v 162.3697 148.3743 15941.3900
v 162.2869 148.3370 15941.3900
v 162.5356 148.4534 15941.3900
v 162.4534 148.4147 15941.3900
v 162.7000 148.5354 15941.3900
v 162.6185 148.4952 15941.3900
v 162.8630 148.6202 15941.3900
v 162.7822 148.5786 15941.3900
v 163.0244 148.7079 15941.3900
v 162.9445 148.6649 15941.3900
v 163.1844 148.7984 15941.3900
v 163.1051 148.7540 15941.3900
v 163.3427 148.8916 15941.3900
v 163.2642 148.8459 15941.3900
v 163.4993 148.9876 15941.3900
v 163.4217 148.9405 15941.3900
v 163.6543 149.0863 15941.3900
v 163.5775 149.0379 15941.3900
v 163.8075 149.1878 15941.3900
v 163.7316 149.1380 15941.3900
v 163.9589 149.2918 15941.3900
v 163.8839 149.2407 15941.3900
v 164.1085 149.3985 15941.3900
v 164.0344 149.3461 15941.3900
v 164.2562 149.5078 15941.3900
v 164.1830 149.4541 15941.3900
v 164.4020 149.6197 15941.3900
v 164.3297 149.5647 15941.3900
v 164.5458 149.7341 15941.3900
v 164.4745 149.6778 15941.3900
v 164.6876 149.8509 15941.3900
v 164.6172 149.7935 15941.3900
v 164.8273 149.9703 15941.3900
v 164.7580 149.9116 15941.3900
v 164.9649 150.0920 15941.3900
v 164.8966 150.0321 15941.3900
v 165.1004 150.2161 15941.3900
v 165.0331 150.1551 15941.3900
v 165.2336 150.3426 15941.3900
v 165.1675 150.2804 15941.3900
v 165.3647 150.4714 15941.3900
v 165.2996 150.4080 15941.3900
v 165.4935 150.6024 15941.3900
v 165.4295 150.5380 15941.3900
v 165.6199 150.7357 15941.3900
v 165.5571 150.6701 15941.3900
v 165.7441 150.8712 15941.3900
v 165.6824 150.8045 15941.3900
v 165.8658 151.0088 15941.3900
v 165.8054 150.9411 15941.3900
v 165.9852 151.1485 15941.3900
v 165.9259 151.0797 15941.3900
v 166.1020 151.2903 15941.3900
v 166.0440 151.2205 15941.3900
v 166.2164 151.4341 15941.3900
v 166.1596 151.3633 15941.3900
v 166.3283 151.5799 15941.3900
v 166.2727 151.5081 15941.3900
v 166.4376 151.7276 15941.3900
v 166.3832 151.6548 15941.3900
v 166.5443 151.8772 15941.3900
v 166.4912 151.8035 15941.3900
v 166.6483 152.0286 15941.3900
v 166.5966 151.9540 15941.3900
v 166.7497 152.1818 15941.3900
v 166.6993 152.1063 15941.3900
v 166.8484 152.3367 15941.3900
v 166.7993 152.2604 15941.3900
v 166.9445 152.4934 15941.3900
v 166.8967 152.4162 15941.3900
v 167.0377 152.6517 15941.3900
v 166.9913 152.5737 15941.3900
v 167.1282 152.8116 15941.3900
v 167.0831 152.7328 15941.3900
v 167.2159 152.9731 15941.3900
v 167.1722 152.8935 15941.3900
v 167.3007 153.1361 15941.3900
v 167.2584 153.0557 15941.3900
v 167.3827 153.3005 15941.3900
v 167.3418 153.2194 15941.3900
v 167.4618 153.4664 15941.3900
v 167.4223 153.3846 15941.3900
v 167.5380 153.6336 15941.3900
v 167.5000 153.5511 15941.3900
v 167.6113 153.8021 15941.3900
v 167.5747 153.7189 15941.3900
v 167.6816 153.9718 15941.3900
v 167.6464 153.8881 15941.3900
v 167.7489 154.1428 15941.3900
v 167.7152 154.0584 15941.3900
v 167.8132 154.3149 15941.3900
v 167.7811 154.2299 15941.3900
v 167.8746 154.4881 15941.3900
v 167.8439 154.4026 15941.3900
v 167.9329 154.6623 15941.3900
v 167.9037 154.5763 15941.3900
v 167.9881 154.8375 15941.3900
v 167.9604 154.7511 15941.3900
v 168.0403 155.0137 15941.3900
v 168.0141 154.9268 15941.3900
v 168.0894 155.1908 15941.3900
v 168.0648 155.1034 15941.3900
v 168.1354 155.3687 15941.3900
v 168.1123 155.2808 15941.3900
v 168.1783 155.5473 15941.3900
v 168.1567 155.4591 15941.3900
v 168.2181 155.7267 15941.3900
v 168.1980 155.6381 15941.3900
v 168.2547 155.9068 15941.3900
v 168.2362 155.8178 15941.3900
v 168.2882 156.0874 15941.3900
v 168.2713 155.9982 15941.3900
v 168.3185 156.2686 15941.3900
v 168.3031 156.1791 15941.3900
v 168.3457 156.4503 15941.3900
v 168.3319 156.3606 15941.3900
v 168.3697 156.6325 15941.3900
v 168.3574 156.5425 15941.3900
v 168.3905 156.8151 15941.3900
v 168.3798 156.7249 15941.3900
v 168.4081 156.9980 15941.3900
v 168.3990 156.9076 15941.3900
v 168.4225 157.1811 15941.3900
v 168.4150 157.0906 15941.3900
v 168.4337 157.3645 15941.3900
v 168.4278 157.2739 15941.3900
v 168.4417 157.5481 15941.3900
v 168.4374 157.4574 15941.3900
v 168.4465 157.7318 15941.3900
v 168.4438 157.6410 15941.3900
v 168.4469 157.8247 15941.3900
v 163.1844 157.9155 15941.3900
v 163.1836 157.8236 15941.3900
v 163.1842 157.8690 15941.3900
v 163.1812 157.7318 15941.3900
v 163.1825 157.7772 15941.3900
v 163.1772 157.6400 15941.3900
v 163.1793 157.6854 15941.3900
v 163.1715 157.5483 15941.3900
v 163.1745 157.5936 15941.3900
v 163.1643 157.4567 15941.3900
v 163.1681 157.5020 15941.3900
v 163.1555 157.3653 15941.3900
v 163.1601 157.4105 15941.3900
v 163.1451 157.2740 15941.3900
v 163.1505 157.3191 15941.3900
v 163.1331 157.1829 15941.3900
v 163.1393 157.2279 15941.3900
v 163.1196 157.0921 15941.3900
v 163.1265 157.1369 15941.3900
v 163.1044 157.0014 15941.3900
v 163.1121 157.0462 15941.3900
v 163.0876 156.9111 15941.3900
v 163.0961 156.9557 15941.3900
v 163.0693 156.8211 15941.3900
v 163.0786 156.8656 15941.3900
v 163.0495 156.7314 15941.3900
v 163.0595 156.7757 15941.3900
v 163.0280 156.6421 15941.3900
v 163.0388 156.6862 15941.3900
v 163.0050 156.5531 15941.3900
v 163.0166 156.5970 15941.3900
v 162.9805 156.4646 15941.3900
v 162.9928 156.5083 15941.3900
v 162.9544 156.3765 15941.3900
v 162.9675 156.4200 15941.3900
v 162.9267 156.2889 15941.3900
v 162.9406 156.3321 15941.3900
v 162.8976 156.2018 15941.3900
v 162.9122 156.2448 15941.3900
v 162.8669 156.1152 15941.3900
v 162.8823 156.1579 15941.3900
v 162.8347 156.0291 15941.3900
v 162.8508 156.0716 15941.3900
v 162.8011 155.9436 15941.3900
v 162.8179 155.9858 15941.3900
v 162.7659 155.8588 15941.3900
v 162.7835 155.9007 15941.3900
v 162.7293 155.7745 15941.3900
v 162.7476 155.8161 15941.3900
v 162.6912 155.6909 15941.3900
v 162.7102 155.7322 15941.3900
v 162.6516 155.6080 15941.3900
v 162.6714 155.6489 15941.3900
v 162.6106 155.5258 15941.3900
v 162.6311 155.5663 15941.3900
v 162.5682 155.4443 15941.3900
v 162.5894 155.4845 15941.3900
v 162.5244 155.3636 15941.3900
v 162.5462 155.4034 15941.3900
v 162.4792 155.2836 15941.3900
v 162.5017 155.3230 15941.3900
v 162.4325 155.2045 15941.3900
v 162.4557 155.2435 15941.3900
v 162.3845 155.1261 15941.3900
v 162.4084 155.1647 15941.3900
v 162.3352 155.0486 15941.3900
v 162.3597 155.0868 15941.3900
v 162.2845 154.9720 15941.3900
v 162.3097 155.0098 15941.3900
v 162.2324 154.8963 15941.3900
v 162.2583 154.9336 15941.3900
v 162.1791 154.8215 15941.3900
v 162.2056 154.8584 15941.3900
v 162.1244 154.7477 15941.3900
v 162.1516 154.7841 15941.3900
v 162.0685 154.6748 15941.3900
v 162.0963 154.7107 15941.3900
v 162.0113 154.6029 15941.3900
v 162.0397 154.6383 15941.3900
v 161.9529 154.5320 15941.3900
v 161.9819 154.5669 15941.3900
v 161.8932 154.4622 15941.3900
v 161.9229 154.4966 15941.3900
v 161.8323 154.3933 15941.3900
v 161.8626 154.4272 15941.3900
v 161.7703 154.3256 15941.3900
v 161.8011 154.3589 15941.3900
v 161.7070 154.2590 15941.3900
v 161.7384 154.2918 15941.3900
v 161.6426 154.1935 15941.3900
v 161.6746 154.2257 15941.3900
v 161.5771 154.1291 15941.3900
v 161.6096 154.1607 15941.3900
v 161.5105 154.0658 15941.3900
v 161.5435 154.0969 15941.3900
v 161.4427 154.0038 15941.3900
v 161.4763 154.0343 15941.3900
v 161.3739 153.9429 15941.3900
v 161.4081 153.9728 15941.3900
v 161.3041 153.8832 15941.3900
v 161.3387 153.9126 15941.3900
v 161.2332 153.8248 15941.3900
v 161.2684 153.8535 15941.3900
v 161.1613 153.7676 15941.3900
v 161.1969 153.7957 15941.3900
v 161.0884 153.7117 15941.3900
v 161.1245 153.7391 15941.3900
v 161.0146 153.6570 15941.3900
v 161.0512 153.6839 15941.3900
v 160.9398 153.6037 15941.3900
v 160.9769 153.6299 15941.3900
v 160.8641 153.5516 15941.3900
v 160.9016 153.5772 15941.3900
v 160.7874 153.5009 15941.3900
v 160.8254 153.5258 15941.3900
v 160.7100 153.4516 15941.3900
v 160.7484 153.4758 15941.3900
v 160.6316 153.4036 15941.3900
v 160.6705 153.4271 15941.3900
v 160.5525 153.3569 15941.3900
v 160.5917 153.3798 15941.3900
v 160.4725 153.3117 15941.3900
v 160.5121 153.3339 15941.3900
v 160.3918 153.2679 15941.3900
v 160.4318 153.2894 15941.3900
v 160.3103 153.2254 15941.3900
v 160.3507 153.2462 15941.3900
v 160.2281 153.1844 15941.3900
v 160.2688 153.2045 15941.3900
v 160.1452 153.1449 15941.3900
v 160.1862 153.1643 15941.3900
v 160.0616 153.1068 15941.3900
v 160.1030 153.1254 15941.3900
v 159.9773 153.0702 15941.3900
v 160.0190 153.0881 15941.3900
v 159.8924 153.0350 15941.3900
v 159.9345 153.0522 15941.3900
v 159.8070 153.0013 15941.3900
v 159.8493 153.0178 15941.3900
v 159.7209 152.9692 15941.3900
v 159.7635 152.9849 15941.3900
v 159.6343 152.9385 15941.3900
v 159.6772 152.9535 15941.3900
v 159.5472 152.9093 15941.3900
v 159.5903 152.9236 15941.3900
v 159.4596 152.8817 15941.3900
v 159.5029 152.8952 15941.3900
v 159.3715 152.8556 15941.3900
v 159.4151 152.8683 15941.3900
v 159.2830 152.8311 15941.3900
v 159.3268 152.8430 15941.3900
v 159.1940 152.8081 15941.3900
v 159.2380 152.8193 15941.3900
v 159.1047 152.7866 15941.3900
v 159.1489 152.7970 15941.3900
v 159.0150 152.7668 15941.3900
v 159.0594 152.7764 15941.3900
v 158.9250 152.7484 15941.3900
v 158.9695 152.7573 15941.3900
v 158.8346 152.7317 15941.3900
v 158.8793 152.7398 15941.3900
v 158.7440 152.7165 15941.3900
v 158.7888 152.7238 15941.3900
v 158.6532 152.7030 15941.3900
v 158.6981 152.7095 15941.3900
v 158.5621 152.6910 15941.3900
v 158.6071 152.6967 15941.3900
v 158.4708 152.6806 15941.3900
v 158.5159 152.6855 15941.3900
v 158.3794 152.6718 15941.3900
v 158.4246 152.6759 15941.3900
v 158.2878 152.6646 15941.3900
v 158.3331 152.6679 15941.3900
v 158.1961 152.6589 15941.3900
v 158.2414 152.6615 15941.3900
v 158.1043 152.6549 15941.3900
v 158.1497 152.6567 15941.3900
v 158.0125 152.6525 15941.3900
v 158.0578 152.6535 15941.3900
v 157.9206 152.6517 15941.3900
v 157.9660 152.6519 15941.3900
v 157.8287 152.6525 15941.3900
v 157.8741 152.6519 15941.3900
v 157.7369 152.6549 15941.3900
v 157.7823 152.6535 15941.3900
v 157.6451 152.6589 15941.3900
v 157.6905 152.6568 15941.3900
v 157.5534 152.6646 15941.3900
v 157.5987 152.6616 15941.3900
v 157.4618 152.6718 15941.3900
v 157.5071 152.6680 15941.3900
v 157.3704 152.6806 15941.3900
v 157.4155 152.6760 15941.3900
v 157.2791 152.6910 15941.3900
v 157.3242 152.6856 15941.3900
v 157.1880 152.7030 15941.3900
v 157.2330 152.6968 15941.3900
v 157.0972 152.7165 15941.3900
v 157.1420 152.7096 15941.3900
v 157.0065 152.7317 15941.3900
v 157.0513 152.7240 15941.3900
v 156.9162 152.7484 15941.3900
v 156.9608 152.7400 15941.3900
v 156.8262 152.7668 15941.3900
v 156.8706 152.7575 15941.3900
v 156.7365 152.7866 15941.3900
v 156.7808 152.7766 15941.3900
v 156.6472 152.8081 15941.3900
v 156.6913 152.7973 15941.3900
v 156.5582 152.8311 15941.3900
v 156.6021 152.8195 15941.3900
v 156.4697 152.8556 15941.3900
v 156.5134 152.8433 15941.3900
v 156.3816 152.8817 15941.3900
v 156.4251 152.8686 15941.3900
v 156.2940 152.9093 15941.3900
v 156.3372 152.8955 15941.3900
v 156.2069 152.9385 15941.3900
v 156.2499 152.9239 15941.3900
v 156.1203 152.9692 15941.3900
v 156.1630 152.9538 15941.3900
v 156.0342 153.0013 15941.3900
v 156.0767 152.9853 15941.3900
v 155.9487 153.0350 15941.3900
v 155.9909 153.0182 15941.3900
v 155.8639 153.0702 15941.3900
v 155.9057 153.0526 15941.3900
v 155.7796 153.1068 15941.3900
v 155.8212 153.0885 15941.3900
v 155.6960 153.1449 15941.3900
v 155.7373 153.1259 15941.3900
v 155.6131 153.1844 15941.3900
v 155.6540 153.1647 15941.3900
v 155.5309 153.2254 15941.3900
v 155.5714 153.2050 15941.3900
v 155.4494 153.2679 15941.3900
v 155.4896 153.2467 15941.3900
v 155.3687 153.3117 15941.3900
v 155.4085 153.2899 15941.3900
v 155.2887 153.3569 15941.3900
v 155.3281 153.3344 15941.3900
v 155.2095 153.4036 15941.3900
v 155.2486 153.3803 15941.3900
v 155.1312 153.4516 15941.3900
v 155.1698 153.4277 15941.3900
v 155.0537 153.5009 15941.3900
v 155.0919 153.4764 15941.3900
v 154.9771 153.5516 15941.3900
v 155.0149 153.5264 15941.3900
v 154.9014 153.6037 15941.3900
v 154.9387 153.5778 15941.3900
v 154.8266 153.6570 15941.3900
v 154.8635 153.6305 15941.3900
v 154.7528 153.7117 15941.3900
v 154.7892 153.6845 15941.3900
v 154.6799 153.7676 15941.3900
v 154.7158 153.7398 15941.3900
v 154.6080 153.8248 15941.3900
v 154.6434 153.7964 15941.3900
v 154.5371 153.8832 15941.3900
v 154.5720 153.8542 15941.3900
v 154.4672 153.9429 15941.3900
v 154.5016 153.9132 15941.3900
v 154.3984 154.0038 15941.3900
v 154.4323 153.9735 15941.3900
v 154.3307 154.0658 15941.3900
v 154.3640 154.0350 15941.3900
v 154.2641 154.1291 15941.3900
v 154.2969 154.0977 15941.3900
v 154.1985 154.1935 15941.3900
v 154.2308 154.1615 15941.3900
v 154.1341 154.2590 15941.3900
v 154.1658 154.2265 15941.3900
v 154.0709 154.3256 15941.3900
v 154.1020 154.2925 15941.3900
v 154.0088 154.3933 15941.3900
v 154.0394 154.3597 15941.3900
v 153.9480 154.4622 15941.3900
v 153.9779 154.4280 15941.3900
v 153.8883 154.5320 15941.3900
v 153.9176 154.4974 15941.3900
v 153.8299 154.6029 15941.3900
v 153.8586 154.5677 15941.3900
v 153.7727 154.6748 15941.3900
v 153.8008 154.6391 15941.3900
v 153.7168 154.7477 15941.3900
v 153.7442 154.7115 15941.3900
v 153.6621 154.8215 15941.3900
v 153.6889 154.7849 15941.3900
v 153.6088 154.8963 15941.3900
v 153.6350 154.8592 15941.3900
v 153.5567 154.9720 15941.3900
v 153.5823 154.9345 15941.3900
v 153.5060 155.0486 15941.3900
v 153.5309 155.0107 15941.3900
v 153.4566 155.1261 15941.3900
v 153.4809 155.0877 15941.3900
v 153.4087 155.2045 15941.3900
v 153.4322 155.1656 15941.3900
v 153.3620 155.2836 15941.3900
v 153.3849 155.2444 15941.3900
v 153.3168 155.3636 15941.3900
v 153.3390 155.3240 15941.3900
v 153.2729 155.4443 15941.3900
v 153.2944 155.4043 15941.3900
v 153.2305 155.5258 15941.3900
v 153.2513 155.4854 15941.3900
v 153.1895 155.6080 15941.3900
v 153.2096 155.5673 15941.3900
v 153.1500 155.6909 15941.3900
v 153.1694 155.6499 15941.3900
v 153.1119 155.7745 15941.3900
v 153.1305 155.7331 15941.3900
v 153.0753 155.8588 15941.3900
v 153.0932 155.8171 15941.3900
v 153.0401 155.9436 15941.3900
v 153.0573 155.9016 15941.3900
v 153.0064 156.0291 15941.3900
v 153.0229 155.9868 15941.3900
v 152.9743 156.1152 15941.3900
v 152.9900 156.0726 15941.3900
v 152.9436 156.2018 15941.3900
v 152.9586 156.1589 15941.3900
v 152.9144 156.2889 15941.3900
v 152.9287 156.2458 15941.3900
v 152.8868 156.3765 15941.3900
v 152.9003 156.3332 15941.3900
v 152.8607 156.4646 15941.3900
v 152.8734 156.4210 15941.3900
v 152.8362 156.5531 15941.3900
v 152.8481 156.5093 15941.3900
v 152.8132 156.6421 15941.3900
v 152.8243 156.5981 15941.3900
v 152.7917 156.7314 15941.3900
v 152.8021 156.6872 15941.3900
v 152.7718 156.8211 15941.3900
v 152.7815 156.7767 15941.3900
v 152.7535 156.9111 15941.3900
v 152.7624 156.8666 15941.3900
v 152.7368 157.0014 15941.3900
v 152.7449 156.9568 15941.3900
v 152.7216 157.0921 15941.3900
v 152.7289 157.0472 15941.3900
v 152.7080 157.1829 15941.3900
v 152.7146 157.1380 15941.3900
v 152.6960 157.2740 15941.3900
v 152.7018 157.2290 15941.3900
v 152.6857 157.3653 15941.3900
v 152.6906 157.3201 15941.3900
v 152.6768 157.4567 15941.3900
v 152.6810 157.4115 15941.3900
v 152.6696 157.5483 15941.3900
v 152.6730 157.5030 15941.3900
v 152.6640 157.6400 15941.3900
v 152.6666 157.5947 15941.3900
v 152.6600 157.7318 15941.3900
v 152.6618 157.6864 15941.3900
v 152.6576 157.8236 15941.3900
v 152.6586 157.7782 15941.3900
v 152.6568 157.9155 15941.3900
v 152.6570 157.8701 15941.3900
v 152.6576 158.0074 15941.3900
v 152.6570 157.9620 15941.3900
v 152.6600 158.0992 15941.3900
v 152.6586 158.0538 15941.3900
v 152.6640 158.1910 15941.3900
v 152.6618 158.1456 15941.3900
v 152.6696 158.2827 15941.3900
v 152.6667 158.2374 15941.3900
v 152.6768 158.3743 15941.3900
v 152.6731 158.3290 15941.3900
v 152.6857 158.4657 15941.3900
v 152.6811 158.4205 15941.3900
v 152.6960 158.5570 15941.3900
v 152.6907 158.5119 15941.3900
v 152.7080 158.6481 15941.3900
v 152.7019 158.6031 15941.3900
v 152.7216 158.7389 15941.3900
v 152.7147 158.6941 15941.3900
v 152.7368 158.8295 15941.3900
v 152.7291 158.7848 15941.3900
v 152.7535 158.9199 15941.3900
v 152.7451 158.8753 15941.3900
v 152.7718 159.0099 15941.3900
v 152.7626 158.9654 15941.3900
v 152.7917 159.0996 15941.3900
v 152.7817 159.0553 15941.3900
v 152.8132 159.1889 15941.3900
v 152.8024 159.1448 15941.3900
v 152.8362 159.2779 15941.3900
v 152.8246 159.2340 15941.3900
v 152.8607 159.3664 15941.3900
v 152.8484 159.3227 15941.3900
v 152.8868 159.4545 15941.3900
v 152.8737 159.4110 15941.3900
v 152.9144 159.5421 15941.3900
v 152.9006 159.4989 15941.3900
v 152.9436 159.6292 15941.3900
v 152.9290 159.5862 15941.3900
v 152.9743 159.7158 15941.3900
v 152.9589 159.6731 15941.3900
v 153.0064 159.8019 15941.3900
v 152.9903 159.7594 15941.3900
v 153.0401 159.8873 15941.3900
v 153.0233 159.8452 15941.3900
v 153.0753 159.9722 15941.3900
v 153.0577 159.9303 15941.3900
v 153.1119 160.0565 15941.3900
v 153.0936 160.0149 15941.3900
v 153.1500 160.1401 15941.3900
v 153.1310 160.0988 15941.3900
v 153.1895 160.2230 15941.3900
v 153.1698 160.1821 15941.3900
v 153.2305 160.3052 15941.3900
v 153.2101 160.2647 15941.3900
v 153.2729 160.3867 15941.3900
v 153.2518 160.3465 15941.3900
v 153.3168 160.4674 15941.3900
v 153.2950 160.4276 15941.3900
v 153.3620 160.5474 15941.3900
v 153.3395 160.5080 15941.3900
v 153.4087 160.6265 15941.3900
v 153.3854 160.5875 15941.3900
v 153.4566 160.7049 15941.3900
v 153.4328 160.6663 15941.3900
v 153.5060 160.7823 15941.3900
v 153.4814 160.7442 15941.3900
v 153.5567 160.8590 15941.3900
v 153.5315 160.8212 15941.3900
v 153.6088 160.9347 15941.3900
v 153.5829 160.8974 15941.3900
v 153.6621 161.0095 15941.3900
v 153.6356 160.9726 15941.3900
v 153.7168 161.0833 15941.3900
v 153.6896 161.0469 15941.3900
v 153.7727 161.1562 15941.3900
v 153.7449 161.1203 15941.3900
v 153.8299 161.2281 15941.3900
v 153.8015 161.1927 15941.3900
v 153.8883 161.2990 15941.3900
v 153.8593 161.2641 15941.3900
v 153.9480 161.3689 15941.3900
v 153.9183 161.3344 15941.3900
v 154.0088 161.4377 15941.3900
v 153.9786 161.4038 15941.3900
v 154.0709 161.5054 15941.3900
v 154.0401 161.4720 15941.3900
v 154.1341 161.5720 15941.3900
v 154.1028 161.5392 15941.3900
v 154.1985 161.6375 15941.3900
v 154.1666 161.6053 15941.3900
v 154.2641 161.7019 15941.3900
v 154.2315 161.6703 15941.3900
v 154.3307 161.7652 15941.3900
v 154.2976 161.7341 15941.3900
v 154.3984 161.8272 15941.3900
v 154.3648 161.7967 15941.3900
v 154.4672 161.8881 15941.3900
v 154.4331 161.8582 15941.3900
v 154.5371 161.9478 15941.3900
v 154.5024 161.9184 15941.3900
v 154.6080 162.0062 15941.3900
v 154.5728 161.9775 15941.3900
v 154.6799 162.0634 15941.3900
v 154.6442 162.0353 15941.3900
v 154.7528 162.1193 15941.3900
v 154.7166 162.0919 15941.3900
v 154.8266 162.1740 15941.3900
v 154.7900 162.1471 15941.3900
v 154.9014 162.2273 15941.3900
v 154.8643 162.2011 15941.3900
v 154.9771 162.2794 15941.3900
v 154.9396 162.2538 15941.3900
v 155.0537 162.3301 15941.3900
v 155.0158 162.3052 15941.3900
v 155.1312 162.3794 15941.3900
v 155.0928 162.3552 15941.3900
v 155.2095 162.4274 15941.3900
v 155.1707 162.4039 15941.3900
v 155.2887 162.4741 15941.3900
v 155.2495 162.4512 15941.3900
v 155.3687 162.5193 15941.3900
v 155.3290 162.4971 15941.3900
v 155.4494 162.5631 15941.3900
v 155.4094 162.5416 15941.3900
v 155.5309 162.6056 15941.3900
v 155.4905 162.5848 15941.3900
v 155.6131 162.6465 15941.3900
v 155.5724 162.6265 15941.3900
v 155.6960 162.6861 15941.3900
v 155.6550 162.6667 15941.3900
v 155.7796 162.7242 15941.3900
v 155.7382 162.7056 15941.3900
v 155.8639 162.7608 15941.3900
v 155.8221 162.7429 15941.3900
v 155.9487 162.7960 15941.3900
v 155.9067 162.7788 15941.3900
v 156.0342 162.8297 15941.3900
v 155.9919 162.8132 15941.3900
v 156.1203 162.8618 15941.3900
v 156.0777 162.8461 15941.3900
v 156.2069 162.8925 15941.3900
v 156.1640 162.8775 15941.3900
v 156.2940 162.9216 15941.3900
v 156.2509 162.9074 15941.3900
v 156.3816 162.9493 15941.3900
v 156.3382 162.9358 15941.3900
v 156.4697 162.9754 15941.3900
v 156.4261 162.9627 15941.3900
v 156.5582 162.9999 15941.3900
v 156.5144 162.9880 15941.3900
v 156.6472 163.0229 15941.3900
v 156.6032 163.0117 15941.3900
v 156.7365 163.0444 15941.3900
v 156.6923 163.0340 15941.3900
v 156.8262 163.0642 15941.3900
v 156.7818 163.0546 15941.3900
v 156.9162 163.0826 15941.3900
v 156.8717 163.0737 15941.3900
v 157.0065 163.0993 15941.3900
v 156.9619 163.0912 15941.3900
v 157.0972 163.1145 15941.3900
v 157.0523 163.1072 15941.3900
v 157.1880 163.1281 15941.3900
v 157.1431 163.1215 15941.3900
v 157.2791 163.1400 15941.3900
v 157.2341 163.1343 15941.3900
v 157.3704 163.1504 15941.3900
v 157.3252 163.1455 15941.3900
v 157.4618 163.1592 15941.3900
v 157.4166 163.1551 15941.3900
v 157.5534 163.1664 15941.3900
v 157.5081 163.1631 15941.3900
v 157.6451 163.1721 15941.3900
v 157.5998 163.1695 15941.3900
v 157.7369 163.1761 15941.3900
v 157.6915 163.1743 15941.3900
v 157.8287 163.1785 15941.3900
v 157.7833 163.1775 15941.3900
v 157.9206 163.1793 15941.3900
v 157.8752 163.1791 15941.3900
v 158.0125 163.1785 15941.3900
v 157.9671 163.1791 15941.3900
v 158.1043 163.1761 15941.3900
v 158.0589 163.1775 15941.3900
v 158.1961 163.1721 15941.3900
v 158.1507 163.1742 15941.3900
v 158.2878 163.1664 15941.3900
v 158.2425 163.1694 15941.3900
v 158.3794 163.1592 15941.3900
v 158.3341 163.1630 15941.3900
v 158.4708 163.1504 15941.3900
v 158.4256 163.1550 15941.3900
v 158.5621 163.1400 15941.3900
v 158.5170 163.1454 15941.3900
v 158.6532 163.1281 15941.3900
v 158.6082 163.1342 15941.3900
v 158.7440 163.1145 15941.3900
v 158.6991 163.1214 15941.3900
v 158.8346 163.0993 15941.3900
v 158.7899 163.1070 15941.3900
v 158.9250 163.0826 15941.3900
v 158.8804 163.0910 15941.3900
v 159.0150 163.0642 15941.3900
v 158.9705 163.0735 15941.3900
v 159.1047 163.0444 15941.3900
v 159.0604 163.0544 15941.3900
v 159.1940 163.0229 15941.3900
v 159.1499 163.0337 15941.3900
v 159.2830 162.9999 15941.3900
v 159.2390 163.0115 15941.3900
v 159.3715 162.9754 15941.3900
v 159.3278 162.9877 15941.3900
v 159.4596 162.9493 15941.3900
v 159.4161 162.9624 15941.3900
v 159.5472 162.9216 15941.3900
v 159.5039 162.9355 15941.3900
v 159.6343 162.8925 15941.3900
v 159.5913 162.9071 15941.3900
v 159.7209 162.8618 15941.3900
v 159.6782 162.8772 15941.3900
v 159.8070 162.8297 15941.3900
v 159.7645 162.8457 15941.3900
v 159.8924 162.7960 15941.3900
v 159.8503 162.8128 15941.3900
v 159.9773 162.7608 15941.3900
v 159.9354 162.7784 15941.3900
v 160.0616 162.7242 15941.3900
v 160.0200 162.7425 15941.3900
v 160.1452 162.6861 15941.3900
v 160.1039 162.7051 15941.3900
v 160.2281 162.6465 15941.3900
v 160.1872 162.6663 15941.3900
v 160.3103 162.6056 15941.3900
v 160.2697 162.6260 15941.3900
v 160.3918 162.5631 15941.3900
v 160.3516 162.5843 15941.3900
v 160.4725 162.5193 15941.3900
v 160.4327 162.5411 15941.3900
v 160.5525 162.4741 15941.3900
v 160.5131 162.4966 15941.3900
v 160.6316 162.4274 15941.3900
v 160.5926 162.4507 15941.3900
v 160.7100 162.3794 15941.3900
v 160.6714 162.4033 15941.3900
v 160.7874 162.3301 15941.3900
v 160.7493 162.3546 15941.3900
v 160.8641 162.2794 15941.3900
v 160.8263 162.3046 15941.3900
v 160.9398 162.2273 15941.3900
v 160.9025 162.2532 15941.3900
v 161.0146 162.1740 15941.3900
v 160.9777 162.2005 15941.3900
v 161.0884 162.1193 15941.3900
v 161.0520 162.1465 15941.3900
v 161.1613 162.0634 15941.3900
v 161.1254 162.0912 15941.3900
v 161.2332 162.0062 15941.3900
v 161.1978 162.0346 15941.3900
v 161.3041 161.9478 15941.3900
v 161.2692 161.9768 15941.3900
v 161.3739 161.8881 15941.3900
v 161.3395 161.9178 15941.3900
v 161.4427 161.8272 15941.3900
v 161.4089 161.8575 15941.3900
v 161.5105 161.7652 15941.3900
v 161.4771 161.7960 15941.3900
v 161.5771 161.7019 15941.3900
v 161.5443 161.7333 15941.3900
v 161.6426 161.6375 15941.3900
v 161.6104 161.6695 15941.3900
v 161.7070 161.5720 15941.3900
v 161.6754 161.6046 15941.3900
v 161.7703 161.5054 15941.3900
v 161.7392 161.5385 15941.3900
v 161.8323 161.4377 15941.3900
v 161.8018 161.4713 15941.3900
v 161.8932 161.3689 15941.3900
v 161.8633 161.4030 15941.3900
v 161.9529 161.2990 15941.3900
v 161.9235 161.3336 15941.3900
v 162.0113 161.2281 15941.3900
v 161.9826 161.2633 15941.3900
v 162.0685 161.1562 15941.3900
v 162.0404 161.1919 15941.3900
v 162.1244 161.0833 15941.3900
v 162.0969 161.1195 15941.3900
v 162.1791 161.0095 15941.3900
v 162.1522 161.0461 15941.3900
v 162.2324 160.9347 15941.3900
v 162.2062 160.9718 15941.3900
v 162.2845 160.8590 15941.3900
v 162.2589 160.8965 15941.3900
v 162.3352 160.7823 15941.3900
v 162.3103 160.8203 15941.3900
v 162.3845 160.7049 15941.3900
v 162.3603 160.7433 15941.3900
v 162.4325 160.6265 15941.3900
v 162.4090 160.6654 15941.3900
v 162.4792 160.5474 15941.3900
v 162.4563 160.5866 15941.3900
v 162.5244 160.4674 15941.3900
v 162.5022 160.5070 15941.3900
v 162.5682 160.3867 15941.3900
v 162.5467 160.4267 15941.3900
v 162.6106 160.3052 15941.3900
v 162.5899 160.3456 15941.3900
v 162.6516 160.2230 15941.3900
v 162.6316 160.2637 15941.3900
v 162.6912 160.1401 15941.3900
v 162.6718 160.1811 15941.3900
v 162.7293 160.0565 15941.3900
v 162.7106 160.0979 15941.3900
v 162.7659 159.9722 15941.3900
v 162.7480 160.0139 15941.3900
v 162.8011 159.8873 15941.3900
v 162.7839 159.9294 15941.3900
v 162.8347 159.8019 15941.3900
v 162.8183 159.8442 15941.3900
v 162.8669 159.7158 15941.3900
v 162.8512 159.7584 15941.3900
v 162.8976 159.6292 15941.3900
v 162.8826 159.6721 15941.3900
v 162.9267 159.5421 15941.3900
v 162.9125 159.5852 15941.3900
v 162.9544 159.4545 15941.3900
v 162.9409 159.4978 15941.3900
v 162.9805 159.3664 15941.3900
v 162.9677 159.4100 15941.3900
v 163.0050 159.2779 15941.3900
v 162.9931 159.3217 15941.3900
v 163.0280 159.1889 15941.3900
v 163.0168 159.2329 15941.3900
v 163.0495 159.0996 15941.3900
v 163.0390 159.1438 15941.3900
v 163.0693 159.0099 15941.3900
v 163.0597 159.0543 15941.3900
v 163.0876 158.9199 15941.3900
v 163.0788 158.9644 15941.3900
v 163.1044 158.8295 15941.3900
v 163.0963 158.8742 15941.3900
v 163.1196 158.7389 15941.3900
v 163.1123 158.7838 15941.3900
v 163.1331 158.6481 15941.3900
v 163.1266 158.6930 15941.3900
v 163.1451 158.5570 15941.3900
v 163.1394 158.6020 15941.3900
v 163.1555 158.4657 15941.3900
v 163.1506 158.5108 15941.3900
v 163.1643 158.3743 15941.3900
v 163.1602 158.4195 15941.3900
v 163.1715 158.2827 15941.3900
v 163.1682 158.3280 15941.3900
v 163.1772 158.1910 15941.3900
v 163.1746 158.2363 15941.3900
v 163.1812 158.0992 15941.3900
v 163.1794 158.1446 15941.3900
v 163.1836 158.0074 15941.3900
v 163.1826 158.0527 15941.3900
v 163.1842 157.9609 15941.3900
v 157.7989 157.8696 15952.0800
v 157.8345 165.3271 15952.0000
v 157.9206 168.4430 15951.8000
v 158.0066 165.3921 15951.5900
v 158.0423 157.9614 15951.5100
v 158.0066 150.5039 15951.5900
v 157.9206 147.3880 15951.8000
v 157.8345 150.4389 15952.0000
v 652.1890 631.6552 15915.5500
v 652.1874 631.4714 15915.5500
v 652.1885 631.5622 15915.5500
v 652.1826 631.2877 15915.5500
v 652.1853 631.3785 15915.5500
v 652.1746 631.1042 15915.5500
v 652.1789 631.1949 15915.5500
v 652.1633 630.9208 15915.5500
v 652.1693 631.0114 15915.5500
v 652.1489 630.7376 15915.5500
v 652.1564 630.8281 15915.5500
v 652.1313 630.5547 15915.5500
v 652.1404 630.6451 15915.5500
v 652.1105 630.3722 15915.5500
v 652.1212 630.4623 15915.5500
v 652.0865 630.1900 15915.5500
v 652.0988 630.2800 15915.5500
v 652.0593 630.0083 15915.5500
v 652.0732 630.0980 15915.5500
v 652.0291 629.8271 15915.5500
v 652.0444 629.9166 15915.5500
v 651.9955 629.6464 15915.5500
v 652.0125 629.7356 15915.5500
v 651.9589 629.4664 15915.5500
v 651.9774 629.5552 15915.5500
v 651.9191 629.2870 15915.5500
v 651.9392 629.3755 15915.5500
v 651.8762 629.1083 15915.5500
v 651.8978 629.1965 15915.5500
v 651.8303 628.9304 15915.5500
v 651.8534 629.0182 15915.5500
v 651.7811 628.7534 15915.5500
v 651.8058 628.8408 15915.5500
v 651.7289 628.5772 15915.5500
v 651.7551 628.6641 15915.5500
v 651.6737 628.4020 15915.5500
v 651.7014 628.4885 15915.5500
v 651.6154 628.2277 15915.5500
v 651.6446 628.3137 15915.5500
v 651.5541 628.0545 15915.5500
v 651.5848 628.1400 15915.5500
v 651.4897 627.8824 15915.5500
v 651.5219 627.9673 15915.5500
v 651.4224 627.7115 15915.5500
v 651.4561 627.7958 15915.5500
v 651.3521 627.5417 15915.5500
v 651.3872 627.6254 15915.5500
v 651.2788 627.3732 15915.5500
v 651.3154 627.4564 15915.5500
v 651.2026 627.2060 15915.5500
v 651.2407 627.2885 15915.5500
v 651.1235 627.0402 15915.5500
v 651.1630 627.1219 15915.5500
v 651.0415 626.8757 15915.5500
v 651.0824 626.9568 15915.5500
v 650.9567 626.7128 15915.5500
v 650.9990 626.7932 15915.5500
v 650.8690 626.5513 15915.5500
v 650.9127 626.6309 15915.5500
v 650.7786 626.3914 15915.5500
v 650.8236 626.4702 15915.5500
v 650.6853 626.2331 15915.5500
v 650.7317 626.3111 15915.5500
v 650.5893 626.0764 15915.5500
v 650.6371 626.1536 15915.5500
v 650.4905 625.9214 15915.5500
v 650.5397 625.9978 15915.5500
v 650.3892 625.7682 15915.5500
v 650.4396 625.8438 15915.5500
v 650.2851 625.6168 15915.5500
v 650.3369 625.6914 15915.5500
v 650.1784 625.4672 15915.5500
v 650.2314 625.5409 15915.5500
v 650.0691 625.3195 15915.5500
v 650.1234 625.3923 15915.5500
v 649.9572 625.1738 15915.5500
v 650.0128 625.2455 15915.5500
v 649.8428 625.0300 15915.5500
v 649.8997 625.1008 15915.5500
v 649.7260 624.8882 15915.5500
v 649.7841 624.9580 15915.5500
v 649.6066 624.7485 15915.5500
v 649.6660 624.8173 15915.5500
v 649.4849 624.6108 15915.5500
v 649.5453 624.6786 15915.5500
v 649.3608 624.4754 15915.5500
v 649.4224 624.5421 15915.5500
v 649.2343 624.3421 15915.5500
v 649.2971 624.4077 15915.5500
v 649.1055 624.2111 15915.5500
v 649.1694 624.2755 15915.5500
v 648.9745 624.0823 15915.5500
v 649.0395 624.1456 15915.5500
v 648.8412 623.9558 15915.5500
v 648.9073 624.0180 15915.5500
v 648.7057 623.8317 15915.5500
v 648.7729 623.8927 15915.5500
v 648.5681 623.7099 15915.5500
v 648.6364 623.7698 15915.5500
v 648.4284 623.5906 15915.5500
v 648.4977 623.6492 15915.5500
v 648.2866 623.4737 15915.5500
v 648.3569 623.5312 15915.5500
v 648.1428 623.3593 15915.5500
v 648.2141 623.4155 15915.5500
v 647.9971 623.2475 15915.5500
v 648.0693 623.3024 15915.5500
v 647.8494 623.1382 15915.5500
v 647.9226 623.1919 15915.5500
v 647.6998 623.0315 15915.5500
v 647.7739 623.0839 15915.5500
v 647.5483 622.9274 15915.5500
v 647.6234 622.9785 15915.5500
v 647.3951 622.8260 15915.5500
v 647.4711 622.8758 15915.5500
v 647.2402 622.7273 15915.5500
v 647.3170 622.7758 15915.5500
v 647.0835 622.6313 15915.5500
v 647.1611 622.6784 15915.5500
v 646.9252 622.5380 15915.5500
v 647.0037 622.5838 15915.5500
v 646.7653 622.4476 15915.5500
v 646.8445 622.4919 15915.5500
v 646.6038 622.3599 15915.5500
v 646.6838 622.4028 15915.5500
v 646.4408 622.2750 15915.5500
v 646.5215 622.3166 15915.5500
v 646.2764 622.1931 15915.5500
v 646.3578 622.2332 15915.5500
v 646.1105 622.1140 15915.5500
v 646.1927 622.1527 15915.5500
v 645.9434 622.0378 15915.5500
v 646.0261 622.0751 15915.5500
v 645.7748 621.9645 15915.5500
v 645.8583 622.0004 15915.5500
v 645.6051 621.8942 15915.5500
v 645.6891 621.9286 15915.5500
v 645.4341 621.8268 15915.5500
v 645.5188 621.8597 15915.5500
v 645.2620 621.7625 15915.5500
v 645.3472 621.7939 15915.5500
v 645.0889 621.7012 15915.5500
v 645.1746 621.7311 15915.5500
v 644.9146 621.6429 15915.5500
v 645.0009 621.6713 15915.5500
v 644.7394 621.5876 15915.5500
v 644.8261 621.6146 15915.5500
v 644.5632 621.5354 15915.5500
v 644.6504 621.5609 15915.5500
v 644.3862 621.4863 15915.5500
v 644.4738 621.5102 15915.5500
v 644.2083 621.4403 15915.5500
v 644.2963 621.4626 15915.5500
v 644.0296 621.3974 15915.5500
v 644.1180 621.4182 15915.5500
v 643.8502 621.3577 15915.5500
v 643.9390 621.3769 15915.5500
v 643.6702 621.3210 15915.5500
v 643.7592 621.3387 15915.5500
v 643.4895 621.2875 15915.5500
v 643.5789 621.3037 15915.5500
v 643.3083 621.2572 15915.5500
v 643.3979 621.2718 15915.5500
v 643.1266 621.2300 15915.5500
v 643.2164 621.2431 15915.5500
v 642.9444 621.2061 15915.5500
v 643.0345 621.2175 15915.5500
v 642.7618 621.1853 15915.5500
v 642.8521 621.1951 15915.5500
v 642.5790 621.1677 15915.5500
v 642.6694 621.1760 15915.5500
v 642.3958 621.1533 15915.5500
v 642.4863 621.1600 15915.5500
v 642.2124 621.1420 15915.5500
v 642.3030 621.1472 15915.5500
v 642.0288 621.1340 15915.5500
v 642.1196 621.1376 15915.5500
v 641.8452 621.1292 15915.5500
v 641.9359 621.1312 15915.5500
v 641.6614 621.1276 15915.5500
v 641.7522 621.1280 15915.5500
v 641.4777 621.1292 15915.5500
v 641.5685 621.1280 15915.5500
v 641.2940 621.1340 15915.5500
v 641.3848 621.1312 15915.5500
v 641.1105 621.1420 15915.5500
v 641.2012 621.1377 15915.5500
v 640.9271 621.1533 15915.5500
v 641.0176 621.1473 15915.5500
v 640.7439 621.1677 15915.5500
v 640.8344 621.1602 15915.5500
v 640.5610 621.1853 15915.5500
v 640.6514 621.1761 15915.5500
v 640.3784 621.2061 15915.5500
v 640.4686 621.1954 15915.5500
v 640.1963 621.2300 15915.5500
v 640.2863 621.2178 15915.5500
v 640.0145 621.2572 15915.5500
v 640.1043 621.2434 15915.5500
v 639.8333 621.2875 15915.5500
v 639.9229 621.2722 15915.5500
v 639.6526 621.3210 15915.5500
v 639.7419 621.3041 15915.5500
v 639.4726 621.3577 15915.5500
v 639.5615 621.3392 15915.5500
v 639.2932 621.3974 15915.5500
v 639.3818 621.3774 15915.5500
v 639.1146 621.4403 15915.5500
v 639.2028 621.4187 15915.5500
v 638.9367 621.4863 15915.5500
v 639.0245 621.4632 15915.5500
v 638.7596 621.5354 15915.5500
v 638.8470 621.5107 15915.5500
v 638.5834 621.5876 15915.5500
v 638.6704 621.5615 15915.5500
v 638.4082 621.6429 15915.5500
v 638.4947 621.6152 15915.5500
v 638.2340 621.7012 15915.5500
v 638.3199 621.6720 15915.5500
v 638.0608 621.7625 15915.5500
v 638.1462 621.7318 15915.5500
v 637.8887 621.8268 15915.5500
v 637.9736 621.7947 15915.5500
v 637.7177 621.8942 15915.5500
v 637.8021 621.8605 15915.5500
v 637.5480 621.9645 15915.5500
v 637.6317 621.9294 15915.5500
v 637.3795 622.0378 15915.5500
v 637.4626 622.0012 15915.5500
v 637.2123 622.1140 15915.5500
v 637.2947 622.0759 15915.5500
v 637.0464 622.1931 15915.5500
v 637.1282 622.1536 15915.5500
v 636.8820 622.2750 15915.5500
v 636.9631 622.2342 15915.5500
v 636.7191 622.3599 15915.5500
v 636.7994 622.3176 15915.5500
v 636.5576 622.4476 15915.5500
v 636.6371 622.4039 15915.5500
v 636.3976 622.5380 15915.5500
v 636.4765 622.4930 15915.5500
v 636.2393 622.6313 15915.5500
v 636.3174 622.5848 15915.5500
v 636.0826 622.7273 15915.5500
v 636.1599 622.6795 15915.5500
v 635.9277 622.8260 15915.5500
v 636.0041 622.7769 15915.5500
v 635.7745 622.9274 15915.5500
v 635.8500 622.8770 15915.5500
v 635.6230 623.0315 15915.5500
v 635.6977 622.9797 15915.5500
v 635.4734 623.1382 15915.5500
v 635.5472 623.0851 15915.5500
v 635.3258 623.2475 15915.5500
v 635.3986 623.1931 15915.5500
v 635.1800 623.3593 15915.5500
v 635.2518 623.3037 15915.5500
v 635.0362 623.4737 15915.5500
v 635.1071 623.4169 15915.5500
v 634.8944 623.5906 15915.5500
v 634.9642 623.5325 15915.5500
v 634.7547 623.7099 15915.5500
v 634.8235 623.6506 15915.5500
v 634.6171 623.8317 15915.5500
v 634.6849 623.7712 15915.5500
v 634.4816 623.9558 15915.5500
v 634.5483 623.8942 15915.5500
v 634.3484 624.0823 15915.5500
v 634.4139 624.0195 15915.5500
v 634.2173 624.2111 15915.5500
v 634.2818 624.1471 15915.5500
v 634.0885 624.3421 15915.5500
v 634.1519 624.2770 15915.5500
v 633.9620 624.4754 15915.5500
v 634.0243 624.4092 15915.5500
v 633.8380 624.6108 15915.5500
v 633.8990 624.5436 15915.5500
v 633.7162 624.7485 15915.5500
v 633.7761 624.6802 15915.5500
v 633.5969 624.8882 15915.5500
v 633.6555 624.8188 15915.5500
v 633.4800 625.0300 15915.5500
v 633.5374 624.9597 15915.5500
v 633.3656 625.1738 15915.5500
v 633.4218 625.1024 15915.5500
v 633.2537 625.3195 15915.5500
v 633.3087 625.2473 15915.5500
v 633.1445 625.4672 15915.5500
v 633.1981 625.3940 15915.5500
v 633.0378 625.6168 15915.5500
v 633.0901 625.5427 15915.5500
v 632.9337 625.7682 15915.5500
v 632.9848 625.6932 15915.5500
v 632.8323 625.9214 15915.5500
v 632.8821 625.8455 15915.5500
v 632.7335 626.0764 15915.5500
v 632.7820 625.9996 15915.5500
v 632.6376 626.2331 15915.5500
v 632.6846 626.1555 15915.5500
v 632.5443 626.3914 15915.5500
v 632.5900 626.3129 15915.5500
v 632.4538 626.5513 15915.5500
v 632.4982 626.4720 15915.5500
v 632.3661 626.7128 15915.5500
v 632.4091 626.6328 15915.5500
v 632.2813 626.8757 15915.5500
v 632.3229 626.7950 15915.5500
v 632.1993 627.0402 15915.5500
v 632.2395 626.9587 15915.5500
v 632.1202 627.2060 15915.5500
v 632.1589 627.1239 15915.5500
v 632.0440 627.3732 15915.5500
v 632.0813 627.2904 15915.5500
v 631.9708 627.5417 15915.5500
v 632.0066 627.4583 15915.5500
v 631.9005 627.7115 15915.5500
v 631.9348 627.6274 15915.5500
v 631.8331 627.8824 15915.5500
v 631.8660 627.7978 15915.5500
v 631.7687 628.0545 15915.5500
v 631.8002 627.9693 15915.5500
v 631.7074 628.2277 15915.5500
v 631.7374 628.1420 15915.5500
v 631.6491 628.4020 15915.5500
v 631.6776 628.3157 15915.5500
v 631.5939 628.5772 15915.5500
v 631.6208 628.4905 15915.5500
v 631.5417 628.7534 15915.5500
v 631.5671 628.6662 15915.5500
v 631.4926 628.9304 15915.5500
v 631.5165 628.8428 15915.5500
v 631.4466 629.1083 15915.5500
v 631.4689 629.0203 15915.5500
v 631.4037 629.2870 15915.5500
v 631.4245 629.1986 15915.5500
v 631.3639 629.4664 15915.5500
v 631.3832 629.3776 15915.5500
v 631.3273 629.6464 15915.5500
v 631.3450 629.5573 15915.5500
v 631.2938 629.8271 15915.5500
v 631.3099 629.7377 15915.5500
v 631.2635 630.0083 15915.5500
v 631.2781 629.9186 15915.5500
v 631.2363 630.1900 15915.5500
v 631.2493 630.1002 15915.5500
v 631.2123 630.3722 15915.5500
v 631.2238 630.2821 15915.5500
v 631.1915 630.5547 15915.5500
v 631.2014 630.4645 15915.5500
v 631.1740 630.7376 15915.5500
v 631.1823 630.6472 15915.5500
v 631.1595 630.9208 15915.5500
v 631.1663 630.8302 15915.5500
v 631.1483 631.1042 15915.5500
v 631.1534 631.0135 15915.5500
v 631.1403 631.2877 15915.5500
v 631.1439 631.1970 15915.5500
v 631.1355 631.4714 15915.5500
v 631.1375 631.3806 15915.5500
v 631.1339 631.6552 15915.5500
v 631.1343 631.5643 15915.5500
v 631.1355 631.8389 15915.5500
v 631.1343 631.7481 15915.5500
v 631.1403 632.0226 15915.5500
v 631.1375 631.9318 15915.5500
v 631.1483 632.2061 15915.5500
v 631.1439 632.1154 15915.5500
v 631.1595 632.3895 15915.5500
v 631.1536 632.2989 15915.5500
v 631.1740 632.5727 15915.5500
v 631.1664 632.4822 15915.5500
v 631.1915 632.7556 15915.5500
v 631.1824 632.6652 15915.5500
v 631.2123 632.9381 15915.5500
v 631.2017 632.8480 15915.5500
v 631.2363 633.1203 15915.5500
v 631.2241 633.0303 15915.5500
v 631.2635 633.3020 15915.5500
v 631.2496 633.2123 15915.5500
v 631.2938 633.4832 15915.5500
v 631.2784 633.3937 15915.5500
v 631.3273 633.6639 15915.5500
v 631.3104 633.5747 15915.5500
v 631.3639 633.8439 15915.5500
v 631.3454 633.7551 15915.5500
v 631.4037 634.0233 15915.5500
v 631.3837 633.9348 15915.5500
v 631.4466 634.2020 15915.5500
v 631.4250 634.1138 15915.5500
v 631.4926 634.3799 15915.5500
v 631.4695 634.2921 15915.5500
v 631.5417 634.5569 15915.5500
v 631.5170 634.4695 15915.5500
v 631.5939 634.7331 15915.5500
v 631.5677 634.6462 15915.5500
v 631.6491 634.9083 15915.5500
v 631.6215 634.8218 15915.5500
v 631.7074 635.0826 15915.5500
v 631.6782 634.9966 15915.5500
v 631.7687 635.2558 15915.5500
v 631.7380 635.1703 15915.5500
v 631.8331 635.4279 15915.5500
v 631.8009 635.3430 15915.5500
v 631.9005 635.5988 15915.5500
v 631.8668 635.5145 15915.5500
v 631.9708 635.7686 15915.5500
v 631.9356 635.6849 15915.5500
v 632.0440 635.9371 15915.5500
v 632.0074 635.8540 15915.5500
v 632.1202 636.1043 15915.5500
v 632.0822 636.0219 15915.5500
v 632.1993 636.2701 15915.5500
v 632.1599 636.1884 15915.5500
v 632.2813 636.4346 15915.5500
v 632.2404 636.3535 15915.5500
v 632.3661 636.5975 15915.5500
v 632.3239 636.5172 15915.5500
v 632.4538 636.7590 15915.5500
v 632.4102 636.6794 15915.5500
v 632.5443 636.9189 15915.5500
v 632.4992 636.8401 15915.5500
v 632.6376 637.0773 15915.5500
v 632.5911 636.9992 15915.5500
v 632.7335 637.2339 15915.5500
v 632.6857 637.1567 15915.5500
v 632.8323 637.3889 15915.5500
v 632.7831 637.3125 15915.5500
v 632.9337 637.5421 15915.5500
v 632.8832 637.4666 15915.5500
v 633.0378 637.6935 15915.5500
v 632.9860 637.6189 15915.5500
v 633.1445 637.8431 15915.5500
v 633.0914 637.7694 15915.5500
v 633.2537 637.9908 15915.5500
v 633.1994 637.9180 15915.5500
v 633.3656 638.1365 15915.5500
v 633.3100 638.0648 15915.5500
v 633.4800 638.2803 15915.5500
v 633.4232 638.2095 15915.5500
v 633.5969 638.4221 15915.5500
v 633.5388 638.3523 15915.5500
v 633.7162 638.5618 15915.5500
v 633.6569 638.4930 15915.5500
v 633.8380 638.6995 15915.5500
v 633.7775 638.6317 15915.5500
v 633.9620 638.8349 15915.5500
v 633.9004 638.7682 15915.5500
v 634.0885 638.9682 15915.5500
v 634.0258 638.9026 15915.5500
v 634.2173 639.0992 15915.5500
v 634.1534 639.0348 15915.5500
v 634.3484 639.2280 15915.5500
v 634.2833 639.1647 15915.5500
v 634.4816 639.3545 15915.5500
v 634.4155 639.2923 15915.5500
v 634.6171 639.4786 15915.5500
v 634.5499 639.4176 15915.5500
v 634.7547 639.6004 15915.5500
v 634.6865 639.5405 15915.5500
v 634.8944 639.7197 15915.5500
v 634.8251 639.6611 15915.5500
v 635.0362 639.8366 15915.5500
v 634.9659 639.7791 15915.5500
v 635.1800 639.9510 15915.5500
v 635.1087 639.8948 15915.5500
v 635.3258 640.0628 15915.5500
v 635.2535 640.0079 15915.5500
v 635.4734 640.1721 15915.5500
v 635.4003 640.1184 15915.5500
v 635.6230 640.2788 15915.5500
v 635.5489 640.2264 15915.5500
v 635.7745 640.3829 15915.5500
v 635.6994 640.3318 15915.5500
v 635.9277 640.4843 15915.5500
v 635.8517 640.4345 15915.5500
v 636.0826 640.5830 15915.5500
v 636.0059 640.5345 15915.5500
v 636.2393 640.6790 15915.5500
v 636.1617 640.6319 15915.5500
v 636.3976 640.7723 15915.5500
v 636.3192 640.7266 15915.5500
v 636.5576 640.8627 15915.5500
v 636.4783 640.8184 15915.5500
v 636.7191 640.9504 15915.5500
v 636.6390 640.9075 15915.5500
v 636.8820 641.0353 15915.5500
v 636.8013 640.9937 15915.5500
v 637.0464 641.1172 15915.5500
v 636.9650 641.0771 15915.5500
v 637.2123 641.1964 15915.5500
v 637.1301 641.1576 15915.5500
v 637.3795 641.2725 15915.5500
v 637.2967 641.2352 15915.5500
v 637.5480 641.3458 15915.5500
v 637.4645 641.3100 15915.5500
v 637.7177 641.4161 15915.5500
v 637.6337 641.3818 15915.5500
v 637.8887 641.4835 15915.5500
v 637.8040 641.4506 15915.5500
v 638.0608 641.5478 15915.5500
v 637.9756 641.5164 15915.5500
v 638.2340 641.6091 15915.5500
v 638.1483 641.5792 15915.5500
v 638.4082 641.6674 15915.5500
v 638.3220 641.6390 15915.5500
v 638.5834 641.7227 15915.5500
v 638.4967 641.6958 15915.5500
v 638.7596 641.7749 15915.5500
v 638.6724 641.7495 15915.5500
v 638.9367 641.8240 15915.5500
v 638.8491 641.8001 15915.5500
v 639.1146 641.8700 15915.5500
v 639.0266 641.8477 15915.5500
v 639.2932 641.9129 15915.5500
v 639.2048 641.8921 15915.5500
v 639.4726 641.9526 15915.5500
v 639.3839 641.9334 15915.5500
v 639.6526 641.9893 15915.5500
v 639.5636 641.9716 15915.5500
v 639.8333 642.0228 15915.5500
v 639.7440 642.0066 15915.5500
v 640.0145 642.0531 15915.5500
v 639.9249 642.0385 15915.5500
v 640.1963 642.0803 15915.5500
v 640.1064 642.0672 15915.5500
v 640.3784 642.1042 15915.5500
v 640.2883 642.0928 15915.5500
v 640.5610 642.1251 15915.5500
v 640.4707 642.1152 15915.5500
v 640.7439 642.1426 15915.5500
v 640.6534 642.1343 15915.5500
v 640.9271 642.1570 15915.5500
v 640.8365 642.1503 15915.5500
v 641.1105 642.1683 15915.5500
v 641.0198 642.1631 15915.5500
v 641.2940 642.1763 15915.5500
v 641.2032 642.1727 15915.5500
v 641.4777 642.1811 15915.5500
v 641.3869 642.1791 15915.5500
v 641.6614 642.1827 15915.5500
v 641.5706 642.1823 15915.5500
v 641.8452 642.1811 15915.5500
v 641.7543 642.1823 15915.5500
v 642.0288 642.1763 15915.5500
v 641.9380 642.1791 15915.5500
v 642.2124 642.1683 15915.5500
v 642.1217 642.1726 15915.5500
v 642.3958 642.1570 15915.5500
v 642.3052 642.1630 15915.5500
v 642.5790 642.1426 15915.5500
v 642.4885 642.1501 15915.5500
v 642.7618 642.1251 15915.5500
v 642.6715 642.1342 15915.5500
v 642.9444 642.1042 15915.5500
v 642.8542 642.1149 15915.5500
v 643.1266 642.0803 15915.5500
v 643.0366 642.0925 15915.5500
v 643.3083 642.0531 15915.5500
v 643.2185 642.0669 15915.5500
v 643.4895 642.0228 15915.5500
v 643.4000 642.0381 15915.5500
v 643.6702 641.9893 15915.5500
v 643.5809 642.0062 15915.5500
v 643.8502 641.9526 15915.5500
v 643.7613 641.9711 15915.5500
v 644.0296 641.9129 15915.5500
v 643.9410 641.9329 15915.5500
v 644.2083 641.8700 15915.5500
v 644.1201 641.8916 15915.5500
v 644.3862 641.8240 15915.5500
v 644.2983 641.8471 15915.5500
v 644.5632 641.7749 15915.5500
v 644.4758 641.7996 15915.5500
v 644.7394 641.7227 15915.5500
v 644.6524 641.7489 15915.5500
v 644.9146 641.6674 15915.5500
v 644.8281 641.6951 15915.5500
v 645.0889 641.6091 15915.5500
v 645.0029 641.6384 15915.5500
v 645.2620 641.5478 15915.5500
v 645.1766 641.5785 15915.5500
v 645.4341 641.4835 15915.5500
v 645.3492 641.5156 15915.5500
v 645.6051 641.4161 15915.5500
v 645.5208 641.4498 15915.5500
v 645.7748 641.3458 15915.5500
v 645.6911 641.3809 15915.5500
v 645.9434 641.2725 15915.5500
v 645.8602 641.3091 15915.5500
v 646.1105 641.1964 15915.5500
v 646.0281 641.2344 15915.5500
v 646.2764 641.1172 15915.5500
v 646.1946 641.1567 15915.5500
v 646.4408 641.0353 15915.5500
v 646.3597 641.0762 15915.5500
v 646.6038 640.9504 15915.5500
v 646.5234 640.9927 15915.5500
v 646.7653 640.8627 15915.5500
v 646.6857 640.9064 15915.5500
v 646.9252 640.7723 15915.5500
v 646.8464 640.8173 15915.5500
v 647.0835 640.6790 15915.5500
v 647.0055 640.7255 15915.5500
v 647.2402 640.5830 15915.5500
v 647.1630 640.6308 15915.5500
v 647.3951 640.4843 15915.5500
v 647.3188 640.5334 15915.5500
v 647.5483 640.3829 15915.5500
v 647.4728 640.4333 15915.5500
v 647.6998 640.2788 15915.5500
v 647.6252 640.3306 15915.5500
v 647.8494 640.1721 15915.5500
v 647.7756 640.2252 15915.5500
v 647.9971 640.0628 15915.5500
v 647.9243 640.1172 15915.5500
v 648.1428 639.9510 15915.5500
v 648.0710 640.0066 15915.5500
v 648.2866 639.8366 15915.5500
v 648.2158 639.8934 15915.5500
v 648.4284 639.7197 15915.5500
v 648.3586 639.7778 15915.5500
v 648.5681 639.6004 15915.5500
v 648.4993 639.6597 15915.5500
v 648.7057 639.4786 15915.5500
v 648.6380 639.5391 15915.5500
v 648.8412 639.3545 15915.5500
v 648.7745 639.4161 15915.5500
v 648.9745 639.2280 15915.5500
v 648.9089 639.2908 15915.5500
v 649.1055 639.0992 15915.5500
v 649.0410 639.1632 15915.5500
v 649.2343 638.9682 15915.5500
v 649.1710 639.0333 15915.5500
v 649.3608 638.8349 15915.5500
v 649.2986 638.9011 15915.5500
v 649.4849 638.6995 15915.5500
v 649.4238 638.7667 15915.5500
v 649.6066 638.5618 15915.5500
v 649.5468 638.6301 15915.5500
v 649.7260 638.4221 15915.5500
v 649.6673 638.4915 15915.5500
v 649.8428 638.2803 15915.5500
v 649.7854 638.3507 15915.5500
v 649.9572 638.1365 15915.5500
v 649.9010 638.2079 15915.5500
v 650.0691 637.9908 15915.5500
v 650.0141 638.0630 15915.5500
v 650.1784 637.8431 15915.5500
v 650.1247 637.9163 15915.5500
v 650.2851 637.6935 15915.5500
v 650.2327 637.7676 15915.5500
v 650.3892 637.5421 15915.5500
v 650.3381 637.6171 15915.5500
v 650.4905 637.3889 15915.5500
v 650.4408 637.4648 15915.5500
v 650.5893 637.2339 15915.5500
v 650.5408 637.3107 15915.5500
v 650.6853 637.0773 15915.5500
v 650.6382 637.1549 15915.5500
v 650.7786 636.9189 15915.5500
v 650.7328 636.9974 15915.5500
v 650.8690 636.7590 15915.5500
v 650.8246 636.8383 15915.5500
v 650.9567 636.5975 15915.5500
v 650.9137 636.6776 15915.5500
v 651.0415 636.4346 15915.5500
v 650.9999 636.5153 15915.5500
v 651.1235 636.2701 15915.5500
v 651.0834 636.3516 15915.5500
v 651.2026 636.1043 15915.5500
v 651.1639 636.1864 15915.5500
v 651.2788 635.9371 15915.5500
v 651.2415 636.0199 15915.5500
v 651.3521 635.7686 15915.5500
v 651.3162 635.8521 15915.5500
v 651.4224 635.5988 15915.5500
v 651.3880 635.6829 15915.5500
v 651.4897 635.4279 15915.5500
v 651.4568 635.5125 15915.5500
v 651.5541 635.2558 15915.5500
v 651.5226 635.3410 15915.5500
v 651.6154 635.0826 15915.5500
v 651.5854 635.1683 15915.5500
v 651.6737 634.9083 15915.5500
v 651.6453 634.9946 15915.5500
v 651.7289 634.7331 15915.5500
v 651.7020 634.8198 15915.5500
v 651.7811 634.5569 15915.5500
v 651.7557 634.6441 15915.5500
v 651.8303 634.3799 15915.5500
v 651.8063 634.4675 15915.5500
v 651.8762 634.2020 15915.5500
v 651.8539 634.2900 15915.5500
v 651.9191 634.0233 15915.5500
v 651.8983 634.1118 15915.5500
v 651.9589 633.8439 15915.5500
v 651.9396 633.9327 15915.5500
v 651.9955 633.6639 15915.5500
v 651.9778 633.7530 15915.5500
v 652.0291 633.4832 15915.5500
v 652.0129 633.5726 15915.5500
v 652.0593 633.3020 15915.5500
v 652.0447 633.3917 15915.5500
v 652.0865 633.1203 15915.5500
v 652.0735 633.2101 15915.5500
v 652.1105 632.9381 15915.5500
v 652.0991 633.0282 15915.5500
v 652.1313 632.7556 15915.5500
v 652.1214 632.8458 15915.5500
v 652.1489 632.5727 15915.5500
v 652.1406 632.6631 15915.5500
v 652.1633 632.3895 15915.5500
v 652.1566 632.4801 15915.5500
v 652.1746 632.2061 15915.5500
v 652.1694 632.2968 15915.5500
v 652.1826 632.0226 15915.5500
v 652.1790 632.1133 15915.5500
v 652.1874 631.8389 15915.5500
v 652.1854 631.9297 15915.5500
v 652.1886 631.7460 15915.5500
v 646.9252 631.6552 15915.5500
v 646.9244 631.5633 15915.5500
v 646.9250 631.6087 15915.5500
v 646.9220 631.4714 15915.5500
v 646.9234 631.5168 15915.5500
v 646.9180 631.3797 15915.5500
v 646.9202 631.4250 15915.5500
v 646.9124 631.2880 15915.5500
v 646.9153 631.3333 15915.5500
v 646.9052 631.1964 15915.5500
v 646.9089 631.2416 15915.5500
v 646.8964 631.1049 15915.5500
v 646.9009 631.1501 15915.5500
v 646.8859 631.0137 15915.5500
v 646.8913 631.0588 15915.5500
v 646.8740 630.9226 15915.5500
v 646.8801 630.9676 15915.5500
v 646.8604 630.8317 15915.5500
v 646.8673 630.8766 15915.5500
v 646.8452 630.7411 15915.5500
v 646.8529 630.7858 15915.5500
v 646.8285 630.6508 15915.5500
v 646.8370 630.6954 15915.5500
v 646.8102 630.5607 15915.5500
v 646.8194 630.6052 15915.5500
v 646.7903 630.4711 15915.5500
v 646.8003 630.5153 15915.5500
v 646.7689 630.3817 15915.5500
v 646.7796 630.4258 15915.5500
v 646.7458 630.2928 15915.5500
v 646.7574 630.3367 15915.5500
v 646.7213 630.2043 15915.5500
v 646.7336 630.2480 15915.5500
v 646.6952 630.1161 15915.5500
v 646.7083 630.1597 15915.5500
v 646.6675 630.0286 15915.5500
v 646.6814 630.0718 15915.5500
v 646.6384 629.9415 15915.5500
v 646.6530 629.9844 15915.5500
v 646.6077 629.8549 15915.5500
v 646.6231 629.8976 15915.5500
v 646.5756 629.7688 15915.5500
v 646.5917 629.8112 15915.5500
v 646.5419 629.6833 15915.5500
v 646.5587 629.7255 15915.5500
v 646.5068 629.5984 15915.5500
v 646.5243 629.6403 15915.5500
v 646.4701 629.5142 15915.5500
v 646.4884 629.5557 15915.5500
v 646.4320 629.4306 15915.5500
v 646.4510 629.4718 15915.5500
v 646.3925 629.3477 15915.5500
v 646.4122 629.3885 15915.5500
v 646.3515 629.2654 15915.5500
v 646.3719 629.3060 15915.5500
v 646.3091 629.1840 15915.5500
v 646.3302 629.2241 15915.5500
v 646.2652 629.1032 15915.5500
v 646.2870 629.1430 15915.5500
v 646.2200 629.0233 15915.5500
v 646.2425 629.0627 15915.5500
v 646.1733 628.9441 15915.5500
v 646.1966 628.9832 15915.5500
v 646.1254 628.8658 15915.5500
v 646.1492 628.9044 15915.5500
v 646.0760 628.7883 15915.5500
v 646.1005 628.8265 15915.5500
v 646.0253 628.7117 15915.5500
v 646.0505 628.7495 15915.5500
v 645.9733 628.6360 15915.5500
v 645.9991 628.6733 15915.5500
v 645.9199 628.5612 15915.5500
v 645.9464 628.5980 15915.5500
v 645.8652 628.4874 15915.5500
v 645.8924 628.5237 15915.5500
v 645.8093 628.4144 15915.5500
v 645.8371 628.4504 15915.5500
v 645.7521 628.3425 15915.5500
v 645.7806 628.3780 15915.5500
v 645.6937 628.2717 15915.5500
v 645.7227 628.3066 15915.5500
v 645.6340 628.2018 15915.5500
v 645.6637 628.2362 15915.5500
v 645.5732 628.1330 15915.5500
v 645.6034 628.1669 15915.5500
v 645.5111 628.0652 15915.5500
v 645.5419 628.0986 15915.5500
v 645.4479 627.9987 15915.5500
v 645.4792 628.0314 15915.5500
v 645.3835 627.9331 15915.5500
v 645.4154 627.9653 15915.5500
v 645.3179 627.8687 15915.5500
v 645.3505 627.9004 15915.5500
v 645.2513 627.8055 15915.5500
v 645.2844 627.8366 15915.5500
v 645.1836 627.7434 15915.5500
v 645.2172 627.7739 15915.5500
v 645.1147 627.6826 15915.5500
v 645.1489 627.7125 15915.5500
v 645.0449 627.6229 15915.5500
v 645.0795 627.6522 15915.5500
v 644.9740 627.5645 15915.5500
v 645.0092 627.5931 15915.5500
v 644.9021 627.5073 15915.5500
v 644.9378 627.5353 15915.5500
v 644.8292 627.4513 15915.5500
v 644.8654 627.4788 15915.5500
v 644.7554 627.3967 15915.5500
v 644.7920 627.4235 15915.5500
v 644.6806 627.3433 15915.5500
v 644.7177 627.3695 15915.5500
v 644.6049 627.2913 15915.5500
v 644.6424 627.3168 15915.5500
v 644.5283 627.2406 15915.5500
v 644.5662 627.2655 15915.5500
v 644.4508 627.1912 15915.5500
v 644.4892 627.2155 15915.5500
v 644.3724 627.1432 15915.5500
v 644.4113 627.1667 15915.5500
v 644.2933 627.0966 15915.5500
v 644.3325 627.1194 15915.5500
v 644.2133 627.0513 15915.5500
v 644.2529 627.0735 15915.5500
v 644.1326 627.0075 15915.5500
v 644.1726 627.0290 15915.5500
v 644.0511 626.9651 15915.5500
v 644.0915 626.9859 15915.5500
v 643.9689 626.9241 15915.5500
v 644.0096 626.9442 15915.5500
v 643.8860 626.8846 15915.5500
v 643.9271 626.9039 15915.5500
v 643.8024 626.8464 15915.5500
v 643.8438 626.8651 15915.5500
v 643.7181 626.8098 15915.5500
v 643.7598 626.8278 15915.5500
v 643.6332 626.7747 15915.5500
v 643.6753 626.7919 15915.5500
v 643.5478 626.7410 15915.5500
v 643.5901 626.7574 15915.5500
v 643.4617 626.7088 15915.5500
v 643.5043 626.7245 15915.5500
v 643.3751 626.6782 15915.5500
v 643.4180 626.6931 15915.5500
v 643.2880 626.6490 15915.5500
v 643.3311 626.6632 15915.5500
v 643.2004 626.6214 15915.5500
v 643.2438 626.6348 15915.5500
v 643.1123 626.5953 15915.5500
v 643.1559 626.6080 15915.5500
v 643.0238 626.5707 15915.5500
v 643.0676 626.5827 15915.5500
v 642.9348 626.5477 15915.5500
v 642.9788 626.5589 15915.5500
v 642.8455 626.5263 15915.5500
v 642.8897 626.5367 15915.5500
v 642.7558 626.5064 15915.5500
v 642.8002 626.5161 15915.5500
v 642.6658 626.4881 15915.5500
v 642.7103 626.4969 15915.5500
v 642.5754 626.4714 15915.5500
v 642.6201 626.4794 15915.5500
v 642.4849 626.4562 15915.5500
v 642.5297 626.4635 15915.5500
v 642.3940 626.4426 15915.5500
v 642.4389 626.4491 15915.5500
v 642.3029 626.4306 15915.5500
v 642.3480 626.4363 15915.5500
v 642.2116 626.4202 15915.5500
v 642.2568 626.4252 15915.5500
v 642.1202 626.4114 15915.5500
v 642.1654 626.4156 15915.5500
v 642.0286 626.4042 15915.5500
v 642.0739 626.4076 15915.5500
v 641.9369 626.3986 15915.5500
v 641.9822 626.4012 15915.5500
v 641.8451 626.3946 15915.5500
v 641.8905 626.3964 15915.5500
v 641.7533 626.3922 15915.5500
v 641.7986 626.3932 15915.5500
v 641.6614 626.3914 15915.5500
v 641.7068 626.3916 15915.5500
v 641.5696 626.3922 15915.5500
v 641.6149 626.3916 15915.5500
v 641.4777 626.3946 15915.5500
v 641.5231 626.3932 15915.5500
v 641.3859 626.3986 15915.5500
v 641.4313 626.3964 15915.5500
v 641.2943 626.4042 15915.5500
v 641.3395 626.4012 15915.5500
v 641.2026 626.4114 15915.5500
v 641.2479 626.4077 15915.5500
v 641.1112 626.4202 15915.5500
v 641.1564 626.4156 15915.5500
v 641.0199 626.4306 15915.5500
v 641.0650 626.4253 15915.5500
v 640.9288 626.4426 15915.5500
v 640.9738 626.4365 15915.5500
v 640.8380 626.4562 15915.5500
v 640.8829 626.4493 15915.5500
v 640.7474 626.4714 15915.5500
v 640.7921 626.4637 15915.5500
v 640.6570 626.4881 15915.5500
v 640.7017 626.4796 15915.5500
v 640.5670 626.5064 15915.5500
v 640.6115 626.4971 15915.5500
v 640.4773 626.5263 15915.5500
v 640.5216 626.5163 15915.5500
v 640.3880 626.5477 15915.5500
v 640.4321 626.5369 15915.5500
v 640.2991 626.5707 15915.5500
v 640.3430 626.5592 15915.5500
v 640.2105 626.5953 15915.5500
v 640.2542 626.5829 15915.5500
v 640.1224 626.6214 15915.5500
v 640.1659 626.6083 15915.5500
v 640.0348 626.6490 15915.5500
v 640.0781 626.6352 15915.5500
v 639.9477 626.6782 15915.5500
v 639.9907 626.6636 15915.5500
v 639.8611 626.7088 15915.5500
v 639.9038 626.6935 15915.5500
v 639.7750 626.7410 15915.5500
v 639.8175 626.7249 15915.5500
v 639.6896 626.7747 15915.5500
v 639.7318 626.7578 15915.5500
v 639.6047 626.8098 15915.5500
v 639.6465 626.7922 15915.5500
v 639.5204 626.8464 15915.5500
v 639.5620 626.8282 15915.5500
v 639.4368 626.8846 15915.5500
v 639.4781 626.8655 15915.5500
v 639.3539 626.9241 15915.5500
v 639.3948 626.9044 15915.5500
v 639.2717 626.9651 15915.5500
v 639.3123 626.9446 15915.5500
v 639.1902 627.0075 15915.5500
v 639.2304 626.9864 15915.5500
v 639.1095 627.0513 15915.5500
v 639.1493 627.0295 15915.5500
v 639.0295 627.0966 15915.5500
v 639.0690 627.0740 15915.5500
v 638.9504 627.1432 15915.5500
v 638.9894 627.1200 15915.5500
v 638.8721 627.1912 15915.5500
v 638.9106 627.1673 15915.5500
v 638.7946 627.2406 15915.5500
v 638.8328 627.2160 15915.5500
v 638.7180 627.2913 15915.5500
v 638.7557 627.2661 15915.5500
v 638.6422 627.3433 15915.5500
v 638.6796 627.3174 15915.5500
v 638.5674 627.3967 15915.5500
v 638.6043 627.3701 15915.5500
v 638.4936 627.4513 15915.5500
v 638.5300 627.4241 15915.5500
v 638.4207 627.5073 15915.5500
v 638.4566 627.4794 15915.5500
v 638.3488 627.5645 15915.5500
v 638.3842 627.5360 15915.5500
v 638.2780 627.6229 15915.5500
v 638.3128 627.5938 15915.5500
v 638.2081 627.6826 15915.5500
v 638.2425 627.6529 15915.5500
v 638.1393 627.7434 15915.5500
v 638.1732 627.7132 15915.5500
v 638.0715 627.8055 15915.5500
v 638.1049 627.7747 15915.5500
v 638.0049 627.8687 15915.5500
v 638.0377 627.8373 15915.5500
v 637.9394 627.9331 15915.5500
v 637.9716 627.9011 15915.5500
v 637.8750 627.9987 15915.5500
v 637.9067 627.9661 15915.5500
v 637.8117 628.0652 15915.5500
v 637.8428 628.0322 15915.5500
v 637.7497 628.1330 15915.5500
v 637.7802 628.0994 15915.5500
v 637.6888 628.2018 15915.5500
v 637.7188 628.1677 15915.5500
v 637.6292 628.2717 15915.5500
v 637.6584 628.2370 15915.5500
v 637.5707 628.3425 15915.5500
v 637.5994 628.3074 15915.5500
v 637.5135 628.4144 15915.5500
v 637.5416 628.3788 15915.5500
v 637.4576 628.4874 15915.5500
v 637.4850 628.4512 15915.5500
v 637.4030 628.5612 15915.5500
v 637.4297 628.5246 15915.5500
v 637.3496 628.6360 15915.5500
v 637.3758 628.5989 15915.5500
v 637.2975 628.7117 15915.5500
v 637.3231 628.6741 15915.5500
v 637.2468 628.7883 15915.5500
v 637.2717 628.7503 15915.5500
v 637.1975 628.8658 15915.5500
v 637.2217 628.8274 15915.5500
v 637.1495 628.9441 15915.5500
v 637.1730 628.9053 15915.5500
v 637.1028 629.0233 15915.5500
v 637.1257 628.9841 15915.5500
v 637.0576 629.1032 15915.5500
v 637.0798 629.0636 15915.5500
v 637.0138 629.1840 15915.5500
v 637.0353 629.1440 15915.5500
v 636.9714 629.2654 15915.5500
v 636.9921 629.2251 15915.5500
v 636.9304 629.3477 15915.5500
v 636.9504 629.3069 15915.5500
v 636.8908 629.4306 15915.5500
v 636.9102 629.3895 15915.5500
v 636.8527 629.5142 15915.5500
v 636.8713 629.4728 15915.5500
v 636.8161 629.5984 15915.5500
v 636.8340 629.5567 15915.5500
v 636.7809 629.6833 15915.5500
v 636.7981 629.6413 15915.5500
v 636.7473 629.7688 15915.5500
v 636.7637 629.7264 15915.5500
v 636.7151 629.8549 15915.5500
v 636.7308 629.8123 15915.5500
v 636.6844 629.9415 15915.5500
v 636.6994 629.8986 15915.5500
v 636.6553 630.0286 15915.5500
v 636.6695 629.9854 15915.5500
v 636.6276 630.1161 15915.5500
v 636.6411 630.0728 15915.5500
v 636.6016 630.2043 15915.5500
v 636.6143 630.1606 15915.5500
v 636.5770 630.2928 15915.5500
v 636.5889 630.2490 15915.5500
v 636.5540 630.3817 15915.5500
v 636.5652 630.3377 15915.5500
v 636.5325 630.4711 15915.5500
v 636.5430 630.4269 15915.5500
v 636.5127 630.5607 15915.5500
v 636.5223 630.5164 15915.5500
v 636.4943 630.6508 15915.5500
v 636.5032 630.6063 15915.5500
v 636.4776 630.7411 15915.5500
v 636.4857 630.6964 15915.5500
v 636.4625 630.8317 15915.5500
v 636.4697 630.7869 15915.5500
v 636.4489 630.9226 15915.5500
v 636.4554 630.8776 15915.5500
v 636.4369 631.0137 15915.5500
v 636.4426 630.9686 15915.5500
v 636.4265 631.1049 15915.5500
v 636.4314 631.0598 15915.5500
v 636.4177 631.1964 15915.5500
v 636.4218 631.1512 15915.5500
v 636.4105 631.2880 15915.5500
v 636.4138 631.2427 15915.5500
v 636.4048 631.3797 15915.5500
v 636.4074 631.3344 15915.5500
v 636.4008 631.4714 15915.5500
v 636.4026 631.4261 15915.5500
v 636.3984 631.5633 15915.5500
v 636.3994 631.5179 15915.5500
v 636.3976 631.6552 15915.5500
v 636.3978 631.6097 15915.5500
v 636.3984 631.7470 15915.5500
v 636.3978 631.7016 15915.5500
v 636.4008 631.8389 15915.5500
v 636.3995 631.7935 15915.5500
v 636.4048 631.9307 15915.5500
v 636.4026 631.8853 15915.5500
v 636.4105 632.0223 15915.5500
v 636.4075 631.9771 15915.5500
v 636.4177 632.1139 15915.5500
v 636.4139 632.0687 15915.5500
v 636.4265 632.2054 15915.5500
v 636.4219 632.1602 15915.5500
v 636.4369 632.2966 15915.5500
v 636.4315 632.2516 15915.5500
v 636.4489 632.3878 15915.5500
v 636.4427 632.3427 15915.5500
v 636.4625 632.4786 15915.5500
v 636.4556 632.4337 15915.5500
v 636.4776 632.5692 15915.5500
v 636.4699 632.5245 15915.5500
v 636.4943 632.6595 15915.5500
v 636.4859 632.6149 15915.5500
v 636.5127 632.7496 15915.5500
v 636.5034 632.7051 15915.5500
v 636.5325 632.8392 15915.5500
v 636.5225 632.7950 15915.5500
v 636.5540 632.9286 15915.5500
v 636.5432 632.8845 15915.5500
v 636.5770 633.0175 15915.5500
v 636.5654 632.9736 15915.5500
v 636.6016 633.1060 15915.5500
v 636.5892 633.0624 15915.5500
v 636.6276 633.1942 15915.5500
v 636.6146 633.1506 15915.5500
v 636.6553 633.2817 15915.5500
v 636.6414 633.2385 15915.5500
v 636.6844 633.3689 15915.5500
v 636.6698 633.3259 15915.5500
v 636.7151 633.4554 15915.5500
v 636.6998 633.4127 15915.5500
v 636.7473 633.5415 15915.5500
v 636.7311 633.4991 15915.5500
v 636.7809 633.6270 15915.5500
v 636.7641 633.5848 15915.5500
v 636.8161 633.7119 15915.5500
v 636.7985 633.6700 15915.5500
v 636.8527 633.7961 15915.5500
v 636.8344 633.7546 15915.5500
v 636.8908 633.8797 15915.5500
v 636.8718 633.8385 15915.5500
v 636.9304 633.9626 15915.5500
v 636.9106 633.9218 15915.5500
v 636.9714 634.0449 15915.5500
v 636.9509 634.0043 15915.5500
v 637.0138 634.1263 15915.5500
v 636.9926 634.0862 15915.5500
v 637.0576 634.2071 15915.5500
v 637.0358 634.1673 15915.5500
v 637.1028 634.2870 15915.5500
v 637.0803 634.2476 15915.5500
v 637.1495 634.3662 15915.5500
v 637.1263 634.3271 15915.5500
v 637.1975 634.4445 15915.5500
v 637.1736 634.4059 15915.5500
v 637.2468 634.5220 15915.5500
v 637.2223 634.4838 15915.5500
v 637.2975 634.5986 15915.5500
v 637.2723 634.5609 15915.5500
v 637.3496 634.6743 15915.5500
v 637.3237 634.6370 15915.5500
v 637.4030 634.7491 15915.5500
v 637.3764 634.7123 15915.5500
v 637.4576 634.8230 15915.5500
v 637.4304 634.7866 15915.5500
v 637.5135 634.8959 15915.5500
v 637.4857 634.8600 15915.5500
v 637.5707 634.9678 15915.5500
v 637.5423 634.9324 15915.5500
v 637.6292 635.0386 15915.5500
v 637.6001 635.0037 15915.5500
v 637.6888 635.1085 15915.5500
v 637.6592 635.0741 15915.5500
v 637.7497 635.1773 15915.5500
v 637.7194 635.1434 15915.5500
v 637.8117 635.2451 15915.5500
v 637.7809 635.2117 15915.5500
v 637.8750 635.3117 15915.5500
v 637.8436 635.2789 15915.5500
v 637.9394 635.3772 15915.5500
v 637.9074 635.3450 15915.5500
v 638.0049 635.4416 15915.5500
v 637.9724 635.4099 15915.5500
v 638.0715 635.5048 15915.5500
v 638.0385 635.4738 15915.5500
v 638.1393 635.5669 15915.5500
v 638.1057 635.5364 15915.5500
v 638.2081 635.6277 15915.5500
v 638.1740 635.5978 15915.5500
v 638.2780 635.6874 15915.5500
v 638.2433 635.6581 15915.5500
v 638.3488 635.7458 15915.5500
v 638.3137 635.7172 15915.5500
v 638.4207 635.8030 15915.5500
v 638.3851 635.7750 15915.5500
v 638.4936 635.8590 15915.5500
v 638.4575 635.8315 15915.5500
v 638.5674 635.9136 15915.5500
v 638.5308 635.8868 15915.5500
v 638.6422 635.9670 15915.5500
v 638.6052 635.9408 15915.5500
v 638.7180 636.0190 15915.5500
v 638.6804 635.9935 15915.5500
v 638.7946 636.0697 15915.5500
v 638.7566 636.0449 15915.5500
v 638.8721 636.1191 15915.5500
v 638.8336 636.0948 15915.5500
v 638.9504 636.1671 15915.5500
v 638.9116 636.1436 15915.5500
v 639.0295 636.2137 15915.5500
v 638.9903 636.1909 15915.5500
v 639.1095 636.2590 15915.5500
v 639.0699 636.2368 15915.5500
v 639.1902 636.3028 15915.5500
v 639.1502 636.2813 15915.5500
v 639.2717 636.3452 15915.5500
v 639.2313 636.3244 15915.5500
v 639.3539 636.3862 15915.5500
v 639.3132 636.3661 15915.5500
v 639.4368 636.4258 15915.5500
v 639.3958 636.4064 15915.5500
v 639.5204 636.4639 15915.5500
v 639.4791 636.4452 15915.5500
v 639.6047 636.5005 15915.5500
v 639.5630 636.4825 15915.5500
v 639.6896 636.5356 15915.5500
v 639.6475 636.5184 15915.5500
v 639.7750 636.5693 15915.5500
v 639.7327 636.5529 15915.5500
v 639.8611 636.6015 15915.5500
v 639.8185 636.5858 15915.5500
v 639.9477 636.6321 15915.5500
v 639.9048 636.6172 15915.5500
v 640.0348 636.6613 15915.5500
v 639.9917 636.6471 15915.5500
v 640.1224 636.6889 15915.5500
v 640.0791 636.6755 15915.5500
v 640.2105 636.7150 15915.5500
v 640.1669 636.7023 15915.5500
v 640.2991 636.7396 15915.5500
v 640.2552 636.7276 15915.5500
v 640.3880 636.7626 15915.5500
v 640.3440 636.7514 15915.5500
v 640.4773 636.7840 15915.5500
v 640.4331 636.7736 15915.5500
v 640.5670 636.8039 15915.5500
v 640.5226 636.7943 15915.5500
v 640.6570 636.8222 15915.5500
v 640.6125 636.8134 15915.5500
v 640.7474 636.8390 15915.5500
v 640.7027 636.8309 15915.5500
v 640.8380 636.8541 15915.5500
v 640.7932 636.8468 15915.5500
v 640.9288 636.8677 15915.5500
v 640.8839 636.8612 15915.5500
v 641.0199 636.8797 15915.5500
v 640.9749 636.8740 15915.5500
v 641.1112 636.8901 15915.5500
v 641.0660 636.8851 15915.5500
v 641.2026 636.8989 15915.5500
v 641.1574 636.8948 15915.5500
v 641.2943 636.9061 15915.5500
v 641.2490 636.9028 15915.5500
v 641.3859 636.9117 15915.5500
v 641.3406 636.9091 15915.5500
v 641.4777 636.9157 15915.5500
v 641.4324 636.9139 15915.5500
v 641.5696 636.9182 15915.5500
v 641.5242 636.9171 15915.5500
v 641.6614 636.9189 15915.5500
v 641.6160 636.9188 15915.5500
v 641.7533 636.9182 15915.5500
v 641.7079 636.9187 15915.5500
v 641.8451 636.9157 15915.5500
v 641.7997 636.9171 15915.5500
v 641.9369 636.9117 15915.5500
v 641.8915 636.9139 15915.5500
v 642.0286 636.9061 15915.5500
v 641.9833 636.9091 15915.5500
v 642.1202 636.8989 15915.5500
v 642.0750 636.9026 15915.5500
v 642.2116 636.8901 15915.5500
v 642.1664 636.8947 15915.5500
v 642.3029 636.8797 15915.5500
v 642.2578 636.8850 15915.5500
v 642.3940 636.8677 15915.5500
v 642.3490 636.8738 15915.5500
v 642.4849 636.8541 15915.5500
v 642.4400 636.8610 15915.5500
v 642.5754 636.8390 15915.5500
v 642.5307 636.8467 15915.5500
v 642.6658 636.8222 15915.5500
v 642.6212 636.8307 15915.5500
v 642.7558 636.8039 15915.5500
v 642.7114 636.8132 15915.5500
v 642.8455 636.7840 15915.5500
v 642.8012 636.7941 15915.5500
v 642.9348 636.7626 15915.5500
v 642.8907 636.7734 15915.5500
v 643.0238 636.7396 15915.5500
v 642.9799 636.7512 15915.5500
v 643.1123 636.7150 15915.5500
v 643.0686 636.7274 15915.5500
v 643.2004 636.6889 15915.5500
v 643.1569 636.7020 15915.5500
v 643.2880 636.6613 15915.5500
v 643.2448 636.6752 15915.5500
v 643.3751 636.6321 15915.5500
v 643.3322 636.6467 15915.5500
v 643.4617 636.6015 15915.5500
v 643.4190 636.6168 15915.5500
v 643.5478 636.5693 15915.5500
v 643.5053 636.5854 15915.5500
v 643.6332 636.5356 15915.5500
v 643.5911 636.5525 15915.5500
v 643.7181 636.5005 15915.5500
v 643.6763 636.5181 15915.5500
v 643.8024 636.4639 15915.5500
v 643.7608 636.4821 15915.5500
v 643.8860 636.4258 15915.5500
v 643.8447 636.4448 15915.5500
v 643.9689 636.3862 15915.5500
v 643.9280 636.4059 15915.5500
v 644.0511 636.3452 15915.5500
v 644.0106 636.3657 15915.5500
v 644.1326 636.3028 15915.5500
v 644.0924 636.3239 15915.5500
v 644.2133 636.2590 15915.5500
v 644.1735 636.2808 15915.5500
v 644.2933 636.2137 15915.5500
v 644.2539 636.2363 15915.5500
v 644.3724 636.1671 15915.5500
v 644.3334 636.1903 15915.5500
v 644.4508 636.1191 15915.5500
v 644.4122 636.1430 15915.5500
v 644.5283 636.0697 15915.5500
v 644.4901 636.0943 15915.5500
v 644.6049 636.0190 15915.5500
v 644.5671 636.0443 15915.5500
v 644.6806 635.9670 15915.5500
v 644.6433 635.9929 15915.5500
v 644.7554 635.9136 15915.5500
v 644.7186 635.9402 15915.5500
v 644.8292 635.8590 15915.5500
v 644.7928 635.8862 15915.5500
v 644.9021 635.8030 15915.5500
v 644.8662 635.8309 15915.5500
v 644.9740 635.7458 15915.5500
v 644.9386 635.7743 15915.5500
v 645.0449 635.6874 15915.5500
v 645.0100 635.7165 15915.5500
v 645.1147 635.6277 15915.5500
v 645.0804 635.6574 15915.5500
v 645.1836 635.5669 15915.5500
v 645.1497 635.5971 15915.5500
v 645.2513 635.5048 15915.5500
v 645.2180 635.5356 15915.5500
v 645.3179 635.4416 15915.5500
v 645.2852 635.4730 15915.5500
v 645.3835 635.3772 15915.5500
v 645.3512 635.4092 15915.5500
v 645.4479 635.3117 15915.5500
v 645.4162 635.3442 15915.5500
v 645.5111 635.2451 15915.5500
v 645.4800 635.2781 15915.5500
v 645.5732 635.1773 15915.5500
v 645.5427 635.2109 15915.5500
v 645.6340 635.1085 15915.5500
v 645.6041 635.1426 15915.5500
v 645.6937 635.0386 15915.5500
v 645.6644 635.0733 15915.5500
v 645.7521 634.9678 15915.5500
v 645.7234 635.0029 15915.5500
v 645.8093 634.8959 15915.5500
v 645.7812 634.9315 15915.5500
v 645.8652 634.8230 15915.5500
v 645.8378 634.8591 15915.5500
v 645.9199 634.7491 15915.5500
v 645.8931 634.7858 15915.5500
v 645.9733 634.6743 15915.5500
v 645.9470 634.7114 15915.5500
v 646.0253 634.5986 15915.5500
v 645.9998 634.6362 15915.5500
v 646.0760 634.5220 15915.5500
v 646.0511 634.5600 15915.5500
v 646.1254 634.4445 15915.5500
v 646.1011 634.4829 15915.5500
v 646.1733 634.3662 15915.5500
v 646.1498 634.4050 15915.5500
v 646.2200 634.2870 15915.5500
v 646.1971 634.3263 15915.5500
v 646.2652 634.2071 15915.5500
v 646.2430 634.2467 15915.5500
v 646.3091 634.1263 15915.5500
v 646.2875 634.1663 15915.5500
v 646.3515 634.0449 15915.5500
v 646.3307 634.0852 15915.5500
v 646.3925 633.9626 15915.5500
v 646.3724 634.0034 15915.5500
v 646.4320 633.8797 15915.5500
v 646.4127 633.9208 15915.5500
v 646.4701 633.7961 15915.5500
v 646.4515 633.8375 15915.5500
v 646.5068 633.7119 15915.5500
v 646.4888 633.7536 15915.5500
v 646.5419 633.6270 15915.5500
v 646.5247 633.6690 15915.5500
v 646.5756 633.5415 15915.5500
v 646.5591 633.5839 15915.5500
v 646.6077 633.4554 15915.5500
v 646.5920 633.4980 15915.5500
v 646.6384 633.3689 15915.5500
v 646.6235 633.4117 15915.5500
v 646.6675 633.2817 15915.5500
v 646.6533 633.3249 15915.5500
v 646.6952 633.1942 15915.5500
v 646.6817 633.2375 15915.5500
v 646.7213 633.1060 15915.5500
v 646.7086 633.1497 15915.5500
v 646.7458 633.0175 15915.5500
v 646.7339 633.0613 15915.5500
v 646.7689 632.9286 15915.5500
v 646.7576 632.9726 15915.5500
v 646.7903 632.8392 15915.5500
v 646.7798 632.8834 15915.5500
v 646.8102 632.7496 15915.5500
v 646.8005 632.7939 15915.5500
v 646.8285 632.6595 15915.5500
v 646.8196 632.7040 15915.5500
v 646.8452 632.5692 15915.5500
v 646.8372 632.6139 15915.5500
v 646.8604 632.4786 15915.5500
v 646.8531 632.5234 15915.5500
v 646.8740 632.3878 15915.5500
v 646.8674 632.4327 15915.5500
v 646.8859 632.2966 15915.5500
v 646.8802 632.3417 15915.5500
v 646.8964 632.2054 15915.5500
v 646.8914 632.2505 15915.5500
v 646.9052 632.1139 15915.5500
v 646.9010 632.1591 15915.5500
v 646.9124 632.0223 15915.5500
v 646.9090 632.0676 15915.5500
v 646.9180 631.9307 15915.5500
v 646.9154 631.9760 15915.5500
v 646.9220 631.8389 15915.5500
v 646.9202 631.8842 15915.5500
v 646.9244 631.7470 15915.5500
v 646.9234 631.7924 15915.5500
v 646.9250 631.7006 15915.5500
v 641.5397 631.6092 15926.2300
v 641.5429 631.7087 15926.1400
v 641.6155 631.7768 15925.9400
v 641.7150 631.7737 15925.7400
v 641.7831 631.7011 15925.6600
v 641.7799 631.6016 15925.7400
v 641.7073 631.5335 15925.9400
v 641.6078 631.5366 15926.1400
v 652.1890 157.9155 15915.5500
v 652.1874 157.7318 15915.5500
v 652.1885 157.8226 15915.5500
v 652.1826 157.5481 15915.5500
v 652.1853 157.6389 15915.5500
v 652.1746 157.3645 15915.5500
v 652.1789 157.4552 15915.5500
v 652.1633 157.1811 15915.5500
v 652.1693 157.2717 15915.5500
v 652.1489 156.9980 15915.5500
v 652.1564 157.0885 15915.5500
v 652.1313 156.8151 15915.5500
v 652.1404 156.9054 15915.5500
v 652.1105 156.6325 15915.5500
v 652.1212 156.7227 15915.5500
v 652.0865 156.4503 15915.5500
v 652.0988 156.5403 15915.5500
v 652.0593 156.2686 15915.5500
v 652.0732 156.3584 15915.5500
v 652.0291 156.0874 15915.5500
v 652.0444 156.1769 15915.5500
v 651.9955 155.9068 15915.5500
v 652.0125 155.9960 15915.5500
v 651.9589 155.7267 15915.5500
v 651.9774 155.8156 15915.5500
v 651.9191 155.5473 15915.5500
v 651.9392 155.6359 15915.5500
v 651.8762 155.3687 15915.5500
v 651.8978 155.4569 15915.5500
v 651.8303 155.1908 15915.5500
v 651.8534 155.2786 15915.5500
v 651.7811 155.0137 15915.5500
v 651.8058 155.1011 15915.5500
v 651.7289 154.8375 15915.5500
v 651.7551 154.9245 15915.5500
v 651.6737 154.6623 15915.5500
v 651.7014 154.7488 15915.5500
v 651.6154 154.4881 15915.5500
v 651.6446 154.5741 15915.5500
v 651.5541 154.3149 15915.5500
v 651.5848 154.4003 15915.5500
v 651.4897 154.1428 15915.5500
v 651.5219 154.2277 15915.5500
v 651.4224 153.9718 15915.5500
v 651.4561 154.0562 15915.5500
v 651.3521 153.8021 15915.5500
v 651.3872 153.8858 15915.5500
v 651.2788 153.6336 15915.5500
v 651.3154 153.7167 15915.5500
v 651.2026 153.4664 15915.5500
v 651.2407 153.5488 15915.5500
v 651.1235 153.3005 15915.5500
v 651.1630 153.3823 15915.5500
v 651.0415 153.1361 15915.5500
v 651.0824 153.2172 15915.5500
v 650.9567 152.9731 15915.5500
v 650.9990 153.0535 15915.5500
v 650.8690 152.8116 15915.5500
v 650.9127 152.8913 15915.5500
v 650.7786 152.6517 15915.5500
v 650.8236 152.7306 15915.5500
v 650.6853 152.4934 15915.5500
v 650.7317 152.5714 15915.5500
v 650.5893 152.3367 15915.5500
v 650.6371 152.4140 15915.5500
v 650.4905 152.1818 15915.5500
v 650.5397 152.2581 15915.5500
v 650.3892 152.0286 15915.5500
v 650.4396 152.1041 15915.5500
v 650.2851 151.8772 15915.5500
v 650.3369 151.9518 15915.5500
v 650.1784 151.7276 15915.5500
v 650.2314 151.8013 15915.5500
v 650.0691 151.5799 15915.5500
v 650.1234 151.6526 15915.5500
v 649.9572 151.4341 15915.5500
v 650.0128 151.5059 15915.5500
v 649.8428 151.2903 15915.5500
v 649.8997 151.3611 15915.5500
v 649.7260 151.1485 15915.5500
v 649.7841 151.2183 15915.5500
v 649.6066 151.0088 15915.5500
v 649.6660 151.0776 15915.5500
v 649.4849 150.8712 15915.5500
v 649.5453 150.9389 15915.5500
v 649.3608 150.7357 15915.5500
v 649.4224 150.8024 15915.5500
v 649.2343 150.6024 15915.5500
v 649.2971 150.6680 15915.5500
v 649.1055 150.4714 15915.5500
v 649.1694 150.5359 15915.5500
v 648.9745 150.3426 15915.5500
v 649.0395 150.4060 15915.5500
v 648.8412 150.2161 15915.5500
v 648.9073 150.2784 15915.5500
v 648.7057 150.0920 15915.5500
v 648.7729 150.1531 15915.5500
v 648.5681 149.9703 15915.5500
v 648.6364 150.0301 15915.5500
v 648.4284 149.8509 15915.5500
v 648.4977 149.9096 15915.5500
v 648.2866 149.7341 15915.5500
v 648.3569 149.7915 15915.5500
v 648.1428 149.6197 15915.5500
v 648.2141 149.6759 15915.5500
v 647.9971 149.5078 15915.5500
v 648.0693 149.5628 15915.5500
v 647.8494 149.3985 15915.5500
v 647.9226 149.4522 15915.5500
v 647.6998 149.2918 15915.5500
v 647.7739 149.3442 15915.5500
v 647.5483 149.1878 15915.5500
v 647.6234 149.2389 15915.5500
v 647.3951 149.0863 15915.5500
v 647.4711 149.1361 15915.5500
v 647.2402 148.9876 15915.5500
v 647.3170 149.0361 15915.5500
v 647.0835 148.8916 15915.5500
v 647.1611 148.9387 15915.5500
v 646.9252 148.7984 15915.5500
v 647.0037 148.8441 15915.5500
v 646.7653 148.7079 15915.5500
v 646.8445 148.7523 15915.5500
v 646.6038 148.6202 15915.5500
v 646.6838 148.6632 15915.5500
v 646.4408 148.5354 15915.5500
v 646.5215 148.5770 15915.5500
v 646.2764 148.4534 15915.5500
v 646.3578 148.4936 15915.5500
v 646.1105 148.3743 15915.5500
v 646.1927 148.4130 15915.5500
v 645.9434 148.2981 15915.5500
v 646.0261 148.3354 15915.5500
v 645.7748 148.2248 15915.5500
v 645.8583 148.2607 15915.5500
v 645.6051 148.1545 15915.5500
v 645.6891 148.1889 15915.5500
v 645.4341 148.0872 15915.5500
v 645.5188 148.1201 15915.5500
v 645.2620 148.0228 15915.5500
v 645.3472 148.0543 15915.5500
v 645.0889 147.9615 15915.5500
v 645.1746 147.9914 15915.5500
v 644.9146 147.9032 15915.5500
v 645.0009 147.9316 15915.5500
v 644.7394 147.8479 15915.5500
v 644.8261 147.8749 15915.5500
v 644.5632 147.7958 15915.5500
v 644.6504 147.8212 15915.5500
v 644.3862 147.7467 15915.5500
v 644.4738 147.7706 15915.5500
v 644.2083 147.7007 15915.5500
v 644.2963 147.7230 15915.5500
v 644.0296 147.6578 15915.5500
v 644.1180 147.6786 15915.5500
v 643.8502 147.6180 15915.5500
v 643.9390 147.6373 15915.5500
v 643.6702 147.5814 15915.5500
v 643.7592 147.5991 15915.5500
v 643.4895 147.5479 15915.5500
v 643.5789 147.5640 15915.5500
v 643.3083 147.5176 15915.5500
v 643.3979 147.5322 15915.5500
v 643.1266 147.4904 15915.5500
v 643.2164 147.5034 15915.5500
v 642.9444 147.4664 15915.5500
v 643.0345 147.4779 15915.5500
v 642.7618 147.4456 15915.5500
v 642.8521 147.4555 15915.5500
v 642.5790 147.4280 15915.5500
v 642.6694 147.4363 15915.5500
v 642.3958 147.4136 15915.5500
v 642.4863 147.4203 15915.5500
v 642.2124 147.4024 15915.5500
v 642.3030 147.4075 15915.5500
v 642.0288 147.3944 15915.5500
v 642.1196 147.3979 15915.5500
v 641.8452 147.3896 15915.5500
v 641.9359 147.3915 15915.5500
v 641.6614 147.3880 15915.5500
v 641.7522 147.3883 15915.5500
v 641.4777 147.3896 15915.5500
v 641.5685 147.3884 15915.5500
v 641.2940 147.3944 15915.5500
v 641.3848 147.3916 15915.5500
v 641.1105 147.4024 15915.5500
v 641.2012 147.3980 15915.5500
v 640.9271 147.4136 15915.5500
v 641.0176 147.4077 15915.5500
v 640.7439 147.4280 15915.5500
v 640.8344 147.4205 15915.5500
v 640.5610 147.4456 15915.5500
v 640.6514 147.4365 15915.5500
v 640.3784 147.4664 15915.5500
v 640.4686 147.4557 15915.5500
v 640.1963 147.4904 15915.5500
v 640.2863 147.4781 15915.5500
v 640.0145 147.5176 15915.5500
v 640.1043 147.5037 15915.5500
v 639.8333 147.5479 15915.5500
v 639.9229 147.5325 15915.5500
v 639.6526 147.5814 15915.5500
v 639.7419 147.5644 15915.5500
v 639.4726 147.6180 15915.5500
v 639.5615 147.5995 15915.5500
v 639.2932 147.6578 15915.5500
v 639.3818 147.6377 15915.5500
v 639.1146 147.7007 15915.5500
v 639.2028 147.6791 15915.5500
v 638.9367 147.7467 15915.5500
v 639.0245 147.7235 15915.5500
v 638.7596 147.7958 15915.5500
v 638.8470 147.7711 15915.5500
v 638.5834 147.8479 15915.5500
v 638.6704 147.8218 15915.5500
v 638.4082 147.9032 15915.5500
v 638.4947 147.8755 15915.5500
v 638.2340 147.9615 15915.5500
v 638.3199 147.9323 15915.5500
v 638.0608 148.0228 15915.5500
v 638.1462 147.9921 15915.5500
v 637.8887 148.0872 15915.5500
v 637.9736 148.0550 15915.5500
v 637.7177 148.1545 15915.5500
v 637.8021 148.1209 15915.5500
v 637.5480 148.2248 15915.5500
v 637.6317 148.1897 15915.5500
v 637.3795 148.2981 15915.5500
v 637.4626 148.2615 15915.5500
v 637.2123 148.3743 15915.5500
v 637.2947 148.3363 15915.5500
v 637.0464 148.4534 15915.5500
v 637.1282 148.4139 15915.5500
v 636.8820 148.5354 15915.5500
v 636.9631 148.4945 15915.5500
v 636.7191 148.6202 15915.5500
v 636.7994 148.5779 15915.5500
v 636.5576 148.7079 15915.5500
v 636.6371 148.6642 15915.5500
v 636.3976 148.7984 15915.5500
v 636.4765 148.7533 15915.5500
v 636.2393 148.8916 15915.5500
v 636.3174 148.8452 15915.5500
v 636.0826 148.9876 15915.5500
v 636.1599 148.9398 15915.5500
v 635.9277 149.0863 15915.5500
v 636.0041 149.0372 15915.5500
v 635.7745 149.1878 15915.5500
v 635.8500 149.1373 15915.5500
v 635.6230 149.2918 15915.5500
v 635.6977 149.2401 15915.5500
v 635.4734 149.3985 15915.5500
v 635.5472 149.3455 15915.5500
v 635.3258 149.5078 15915.5500
v 635.3986 149.4535 15915.5500
v 635.1800 149.6197 15915.5500
v 635.2518 149.5641 15915.5500
v 635.0362 149.7341 15915.5500
v 635.1071 149.6772 15915.5500
v 634.8944 149.8509 15915.5500
v 634.9642 149.7929 15915.5500
v 634.7547 149.9703 15915.5500
v 634.8235 149.9110 15915.5500
v 634.6171 150.0920 15915.5500
v 634.6849 150.0315 15915.5500
v 634.4816 150.2161 15915.5500
v 634.5483 150.1545 15915.5500
v 634.3484 150.3426 15915.5500
v 634.4139 150.2798 15915.5500
v 634.2173 150.4714 15915.5500
v 634.2818 150.4075 15915.5500
v 634.0885 150.6024 15915.5500
v 634.1519 150.5374 15915.5500
v 633.9620 150.7357 15915.5500
v 634.0243 150.6696 15915.5500
v 633.8380 150.8712 15915.5500
v 633.8990 150.8040 15915.5500
v 633.7162 151.0088 15915.5500
v 633.7761 150.9405 15915.5500
v 633.5969 151.1485 15915.5500
v 633.6555 151.0792 15915.5500
v 633.4800 151.2903 15915.5500
v 633.5374 151.2200 15915.5500
v 633.3656 151.4341 15915.5500
v 633.4218 151.3628 15915.5500
v 633.2537 151.5799 15915.5500
v 633.3087 151.5076 15915.5500
v 633.1445 151.7276 15915.5500
v 633.1981 151.6543 15915.5500
v 633.0378 151.8772 15915.5500
v 633.0901 151.8030 15915.5500
v 632.9337 152.0286 15915.5500
v 632.9848 151.9535 15915.5500
v 632.8323 152.1818 15915.5500
v 632.8821 152.1058 15915.5500
v 632.7335 152.3367 15915.5500
v 632.7820 152.2599 15915.5500
v 632.6376 152.4934 15915.5500
v 632.6846 152.4158 15915.5500
v 632.5443 152.6517 15915.5500
v 632.5900 152.5733 15915.5500
v 632.4538 152.8116 15915.5500
v 632.4982 152.7324 15915.5500
v 632.3661 152.9731 15915.5500
v 632.4091 152.8931 15915.5500
v 632.2813 153.1361 15915.5500
v 632.3229 153.0554 15915.5500
v 632.1993 153.3005 15915.5500
v 632.2395 153.2191 15915.5500
v 632.1202 153.4664 15915.5500
v 632.1589 153.3842 15915.5500
v 632.0440 153.6336 15915.5500
v 632.0813 153.5508 15915.5500
v 631.9708 153.8021 15915.5500
v 632.0066 153.7186 15915.5500
v 631.9005 153.9718 15915.5500
v 631.9348 153.8878 15915.5500
v 631.8331 154.1428 15915.5500
v 631.8660 154.0581 15915.5500
v 631.7687 154.3149 15915.5500
v 631.8002 154.2297 15915.5500
v 631.7074 154.4881 15915.5500
v 631.7374 154.4023 15915.5500
v 631.6491 154.6623 15915.5500
v 631.6776 154.5761 15915.5500
v 631.5939 154.8375 15915.5500
v 631.6208 154.7508 15915.5500
v 631.5417 155.0137 15915.5500
v 631.5671 154.9265 15915.5500
v 631.4926 155.1908 15915.5500
v 631.5165 155.1031 15915.5500
v 631.4466 155.3687 15915.5500
v 631.4689 155.2806 15915.5500
v 631.4037 155.5473 15915.5500
v 631.4245 155.4589 15915.5500
v 631.3639 155.7267 15915.5500
v 631.3832 155.6380 15915.5500
v 631.3273 155.9068 15915.5500
v 631.3450 155.8177 15915.5500
v 631.2938 156.0874 15915.5500
v 631.3099 155.9980 15915.5500
v 631.2635 156.2686 15915.5500
v 631.2781 156.1790 15915.5500
v 631.2363 156.4503 15915.5500
v 631.2493 156.3605 15915.5500
v 631.2123 156.6325 15915.5500
v 631.2238 156.5424 15915.5500
v 631.1915 156.8151 15915.5500
v 631.2014 156.7248 15915.5500
v 631.1740 156.9980 15915.5500
v 631.1823 156.9075 15915.5500
v 631.1595 157.1811 15915.5500
v 631.1663 157.0906 15915.5500
v 631.1483 157.3645 15915.5500
v 631.1534 157.2739 15915.5500
v 631.1403 157.5481 15915.5500
v 631.1439 157.4574 15915.5500
v 631.1355 157.7318 15915.5500
v 631.1375 157.6410 15915.5500
v 631.1339 157.9155 15915.5500
v 631.1343 157.8247 15915.5500
v 631.1355 158.0992 15915.5500
v 631.1343 158.0084 15915.5500
v 631.1403 158.2829 15915.5500
v 631.1375 158.1921 15915.5500
v 631.1483 158.4665 15915.5500
v 631.1439 158.3758 15915.5500
v 631.1595 158.6499 15915.5500
v 631.1536 158.5592 15915.5500
v 631.1740 158.8330 15915.5500
v 631.1664 158.7425 15915.5500
v 631.1915 159.0159 15915.5500
v 631.1824 158.9256 15915.5500
v 631.2123 159.1985 15915.5500
v 631.2017 159.1083 15915.5500
v 631.2363 159.3806 15915.5500
v 631.2241 159.2907 15915.5500
v 631.2635 159.5624 15915.5500
v 631.2496 159.4726 15915.5500
v 631.2938 159.7436 15915.5500
v 631.2784 159.6541 15915.5500
v 631.3273 159.9243 15915.5500
v 631.3104 159.8350 15915.5500
v 631.3639 160.1043 15915.5500
v 631.3454 160.0154 15915.5500
v 631.4037 160.2837 15915.5500
v 631.3837 160.1951 15915.5500
v 631.4466 160.4623 15915.5500
v 631.4250 160.3741 15915.5500
v 631.4926 160.6402 15915.5500
v 631.4695 160.5524 15915.5500
v 631.5417 160.8173 15915.5500
v 631.5170 160.7299 15915.5500
v 631.5939 160.9935 15915.5500
v 631.5677 160.9065 15915.5500
v 631.6491 161.1687 15915.5500
v 631.6215 161.0822 15915.5500
v 631.7074 161.3429 15915.5500
v 631.6782 161.2569 15915.5500
v 631.7687 161.5161 15915.5500
v 631.7380 161.4307 15915.5500
v 631.8331 161.6882 15915.5500
v 631.8009 161.6033 15915.5500
v 631.9005 161.8592 15915.5500
v 631.8668 161.7748 15915.5500
v 631.9708 162.0289 15915.5500
v 631.9356 161.9452 15915.5500
v 632.0440 162.1974 15915.5500
v 632.0074 162.1143 15915.5500
v 632.1202 162.3646 15915.5500
v 632.0822 162.2822 15915.5500
v 632.1993 162.5305 15915.5500
v 632.1599 162.4487 15915.5500
v 632.2813 162.6949 15915.5500
v 632.2404 162.6138 15915.5500
v 632.3661 162.8579 15915.5500
v 632.3239 162.7775 15915.5500
v 632.4538 163.0193 15915.5500
v 632.4102 162.9397 15915.5500
v 632.5443 163.1793 15915.5500
v 632.4992 163.1004 15915.5500
v 632.6376 163.3376 15915.5500
v 632.5911 163.2596 15915.5500
v 632.7335 163.4942 15915.5500
v 632.6857 163.4170 15915.5500
v 632.8323 163.6492 15915.5500
v 632.7831 163.5728 15915.5500
v 632.9337 163.8024 15915.5500
v 632.8832 163.7269 15915.5500
v 633.0378 163.9539 15915.5500
v 632.9860 163.8792 15915.5500
v 633.1445 164.1034 15915.5500
v 633.0914 164.0297 15915.5500
v 633.2537 164.2511 15915.5500
v 633.1994 164.1784 15915.5500
v 633.3656 164.3969 15915.5500
v 633.3100 164.3251 15915.5500
v 633.4800 164.5407 15915.5500
v 633.4232 164.4699 15915.5500
v 633.5969 164.6825 15915.5500
v 633.5388 164.6127 15915.5500
v 633.7162 164.8222 15915.5500
v 633.6569 164.7534 15915.5500
v 633.8380 164.9598 15915.5500
v 633.7775 164.8921 15915.5500
v 633.9620 165.0953 15915.5500
v 633.9004 165.0286 15915.5500
v 634.0885 165.2285 15915.5500
v 634.0258 165.1629 15915.5500
v 634.2173 165.3596 15915.5500
v 634.1534 165.2951 15915.5500
v 634.3484 165.4884 15915.5500
v 634.2833 165.4250 15915.5500
v 634.4816 165.6149 15915.5500
v 634.4155 165.5526 15915.5500
v 634.6171 165.7390 15915.5500
v 634.5499 165.6779 15915.5500
v 634.7547 165.8607 15915.5500
v 634.6865 165.8009 15915.5500
v 634.8944 165.9801 15915.5500
v 634.8251 165.9214 15915.5500
v 635.0362 166.0969 15915.5500
v 634.9659 166.0395 15915.5500
v 635.1800 166.2113 15915.5500
v 635.1087 166.1551 15915.5500
v 635.3258 166.3232 15915.5500
v 635.2535 166.2682 15915.5500
v 635.4734 166.4325 15915.5500
v 635.4003 166.3788 15915.5500
v 635.6230 166.5392 15915.5500
v 635.5489 166.4868 15915.5500
v 635.7745 166.6432 15915.5500
v 635.6994 166.5921 15915.5500
v 635.9277 166.7446 15915.5500
v 635.8517 166.6949 15915.5500
v 636.0826 166.8434 15915.5500
v 636.0059 166.7949 15915.5500
v 636.2393 166.9394 15915.5500
v 636.1617 166.8923 15915.5500
v 636.3976 167.0326 15915.5500
v 636.3192 166.9869 15915.5500
v 636.5576 167.1231 15915.5500
v 636.4783 167.0787 15915.5500
v 636.7191 167.2108 15915.5500
v 636.6390 167.1678 15915.5500
v 636.8820 167.2956 15915.5500
v 636.8013 167.2540 15915.5500
v 637.0464 167.3776 15915.5500
v 636.9650 167.3374 15915.5500
v 637.2123 167.4567 15915.5500
v 637.1301 167.4180 15915.5500
v 637.3795 167.5329 15915.5500
v 637.2967 167.4956 15915.5500
v 637.5480 167.6062 15915.5500
v 637.4645 167.5703 15915.5500
v 637.7177 167.6765 15915.5500
v 637.6337 167.6421 15915.5500
v 637.8887 167.7438 15915.5500
v 637.8040 167.7109 15915.5500
v 638.0608 167.8082 15915.5500
v 637.9756 167.7767 15915.5500
v 638.2340 167.8695 15915.5500
v 638.1483 167.8396 15915.5500
v 638.4082 167.9278 15915.5500
v 638.3220 167.8994 15915.5500
v 638.5834 167.9830 15915.5500
v 638.4967 167.9561 15915.5500
v 638.7596 168.0352 15915.5500
v 638.6724 168.0098 15915.5500
v 638.9367 168.0843 15915.5500
v 638.8491 168.0604 15915.5500
v 639.1146 168.1303 15915.5500
v 639.0266 168.1080 15915.5500
v 639.2932 168.1732 15915.5500
v 639.2048 168.1524 15915.5500
v 639.4726 168.2130 15915.5500
v 639.3839 168.1937 15915.5500
v 639.6526 168.2496 15915.5500
v 639.5636 168.2319 15915.5500
v 639.8333 168.2831 15915.5500
v 639.7440 168.2670 15915.5500
v 640.0145 168.3134 15915.5500
v 639.9249 168.2988 15915.5500
v 640.1963 168.3406 15915.5500
v 640.1064 168.3276 15915.5500
v 640.3784 168.3646 15915.5500
v 640.2883 168.3531 15915.5500
v 640.5610 168.3854 15915.5500
v 640.4707 168.3755 15915.5500
v 640.7439 168.4030 15915.5500
v 640.6534 168.3947 15915.5500
v 640.9271 168.4174 15915.5500
v 640.8365 168.4107 15915.5500
v 641.1105 168.4286 15915.5500
v 641.0198 168.4235 15915.5500
v 641.2940 168.4366 15915.5500
v 641.2032 168.4331 15915.5500
v 641.4777 168.4414 15915.5500
v 641.3869 168.4395 15915.5500
v 641.6614 168.4430 15915.5500
v 641.5706 168.4427 15915.5500
v 641.8452 168.4414 15915.5500
v 641.7543 168.4426 15915.5500
v 642.0288 168.4366 15915.5500
v 641.9380 168.4394 15915.5500
v 642.2124 168.4286 15915.5500
v 642.1217 168.4330 15915.5500
v 642.3958 168.4174 15915.5500
v 642.3052 168.4233 15915.5500
v 642.5790 168.4030 15915.5500
v 642.4885 168.4105 15915.5500
v 642.7618 168.3854 15915.5500
v 642.6715 168.3945 15915.5500
v 642.9444 168.3646 15915.5500
v 642.8542 168.3753 15915.5500
v 643.1266 168.3406 15915.5500
v 643.0366 168.3528 15915.5500
v 643.3083 168.3134 15915.5500
v 643.2185 168.3273 15915.5500
v 643.4895 168.2831 15915.5500
v 643.4000 168.2985 15915.5500
v 643.6702 168.2496 15915.5500
v 643.5809 168.2666 15915.5500
v 643.8502 168.2130 15915.5500
v 643.7613 168.2315 15915.5500
v 644.0296 168.1732 15915.5500
v 643.9410 168.1933 15915.5500
v 644.2083 168.1303 15915.5500
v 644.1201 168.1519 15915.5500
v 644.3862 168.0843 15915.5500
v 644.2983 168.1075 15915.5500
v 644.5632 168.0352 15915.5500
v 644.4758 168.0599 15915.5500
v 644.7394 167.9830 15915.5500
v 644.6524 168.0092 15915.5500
v 644.9146 167.9278 15915.5500
v 644.8281 167.9555 15915.5500
v 645.0889 167.8695 15915.5500
v 645.0029 167.8987 15915.5500
v 645.2620 167.8082 15915.5500
v 645.1766 167.8389 15915.5500
v 645.4341 167.7438 15915.5500
v 645.3492 167.7760 15915.5500
v 645.6051 167.6765 15915.5500
v 645.5208 167.7101 15915.5500
v 645.7748 167.6062 15915.5500
v 645.6911 167.6413 15915.5500
v 645.9434 167.5329 15915.5500
v 645.8602 167.5695 15915.5500
v 646.1105 167.4567 15915.5500
v 646.0281 167.4947 15915.5500
v 646.2764 167.3776 15915.5500
v 646.1946 167.4171 15915.5500
v 646.4408 167.2956 15915.5500
v 646.3597 167.3365 15915.5500
v 646.6038 167.2108 15915.5500
v 646.5234 167.2531 15915.5500
v 646.7653 167.1231 15915.5500
v 646.6857 167.1668 15915.5500
v 646.9252 167.0326 15915.5500
v 646.8464 167.0777 15915.5500
v 647.0835 166.9394 15915.5500
v 647.0055 166.9858 15915.5500
v 647.2402 166.8434 15915.5500
v 647.1630 166.8912 15915.5500
v 647.3951 166.7446 15915.5500
v 647.3188 166.7938 15915.5500
v 647.5483 166.6432 15915.5500
v 647.4728 166.6937 15915.5500
v 647.6998 166.5392 15915.5500
v 647.6252 166.5909 15915.5500
v 647.8494 166.4325 15915.5500
v 647.7756 166.4855 15915.5500
v 647.9971 166.3232 15915.5500
v 647.9243 166.3775 15915.5500
v 648.1428 166.2113 15915.5500
v 648.0710 166.2669 15915.5500
v 648.2866 166.0969 15915.5500
v 648.2158 166.1538 15915.5500
v 648.4284 165.9801 15915.5500
v 648.3586 166.0381 15915.5500
v 648.5681 165.8607 15915.5500
v 648.4993 165.9200 15915.5500
v 648.7057 165.7390 15915.5500
v 648.6380 165.7995 15915.5500
v 648.8412 165.6149 15915.5500
v 648.7745 165.6765 15915.5500
v 648.9745 165.4884 15915.5500
v 648.9089 165.5512 15915.5500
v 649.1055 165.3596 15915.5500
v 649.0410 165.4235 15915.5500
v 649.2343 165.2285 15915.5500
v 649.1710 165.2936 15915.5500
v 649.3608 165.0953 15915.5500
v 649.2986 165.1614 15915.5500
v 649.4849 164.9598 15915.5500
v 649.4238 165.0270 15915.5500
v 649.6066 164.8222 15915.5500
v 649.5468 164.8905 15915.5500
v 649.7260 164.6825 15915.5500
v 649.6673 164.7518 15915.5500
v 649.8428 164.5407 15915.5500
v 649.7854 164.6110 15915.5500
v 649.9572 164.3969 15915.5500
v 649.9010 164.4682 15915.5500
v 650.0691 164.2511 15915.5500
v 650.0141 164.3234 15915.5500
v 650.1784 164.1034 15915.5500
v 650.1247 164.1767 15915.5500
v 650.2851 163.9539 15915.5500
v 650.2327 164.0280 15915.5500
v 650.3892 163.8024 15915.5500
v 650.3381 163.8775 15915.5500
v 650.4905 163.6492 15915.5500
v 650.4408 163.7252 15915.5500
v 650.5893 163.4942 15915.5500
v 650.5408 163.5710 15915.5500
v 650.6853 163.3376 15915.5500
v 650.6382 163.4152 15915.5500
v 650.7786 163.1793 15915.5500
v 650.7328 163.2577 15915.5500
v 650.8690 163.0193 15915.5500
v 650.8246 163.0986 15915.5500
v 650.9567 162.8579 15915.5500
v 650.9137 162.9379 15915.5500
v 651.0415 162.6949 15915.5500
v 650.9999 162.7756 15915.5500
v 651.1235 162.5305 15915.5500
v 651.0834 162.6119 15915.5500
v 651.2026 162.3646 15915.5500
v 651.1639 162.4468 15915.5500
v 651.2788 162.1974 15915.5500
v 651.2415 162.2802 15915.5500
v 651.3521 162.0289 15915.5500
v 651.3162 162.1124 15915.5500
v 651.4224 161.8592 15915.5500
v 651.3880 161.9432 15915.5500
v 651.4897 161.6882 15915.5500
v 651.4568 161.7729 15915.5500
v 651.5541 161.5161 15915.5500
v 651.5226 161.6013 15915.5500
v 651.6154 161.3429 15915.5500
v 651.5854 161.4287 15915.5500
v 651.6737 161.1687 15915.5500
v 651.6453 161.2549 15915.5500
v 651.7289 160.9935 15915.5500
v 651.7020 161.0802 15915.5500
v 651.7811 160.8173 15915.5500
v 651.7557 160.9045 15915.5500
v 651.8303 160.6402 15915.5500
v 651.8063 160.7278 15915.5500
v 651.8762 160.4623 15915.5500
v 651.8539 160.5504 15915.5500
v 651.9191 160.2837 15915.5500
v 651.8983 160.3721 15915.5500
v 651.9589 160.1043 15915.5500
v 651.9396 160.1930 15915.5500
v 651.9955 159.9243 15915.5500
v 651.9778 160.0133 15915.5500
v 652.0291 159.7436 15915.5500
v 652.0129 159.8329 15915.5500
v 652.0593 159.5624 15915.5500
v 652.0447 159.6520 15915.5500
v 652.0865 159.3806 15915.5500
v 652.0735 159.4705 15915.5500
v 652.1105 159.1985 15915.5500
v 652.0991 159.2886 15915.5500
v 652.1313 159.0159 15915.5500
v 652.1214 159.1062 15915.5500
v 652.1489 158.8330 15915.5500
v 652.1406 158.9235 15915.5500
v 652.1633 158.6499 15915.5500
v 652.1566 158.7404 15915.5500
v 652.1746 158.4665 15915.5500
v 652.1694 158.5571 15915.5500
v 652.1826 158.2829 15915.5500
v 652.1790 158.3736 15915.5500
v 652.1874 158.0992 15915.5500
v 652.1854 158.1900 15915.5500
v 652.1886 158.0063 15915.5500
v 646.9252 157.9155 15915.5500
v 646.9244 157.8236 15915.5500
v 646.9250 157.8690 15915.5500
v 646.9220 157.7318 15915.5500
v 646.9234 157.7772 15915.5500
v 646.9180 157.6400 15915.5500
v 646.9202 157.6854 15915.5500
v 646.9124 157.5483 15915.5500
v 646.9153 157.5936 15915.5500
v 646.9052 157.4567 15915.5500
v 646.9089 157.5020 15915.5500
v 646.8964 157.3653 15915.5500
v 646.9009 157.4105 15915.5500
v 646.8859 157.2740 15915.5500
v 646.8913 157.3191 15915.5500
v 646.8740 157.1829 15915.5500
v 646.8801 157.2279 15915.5500
v 646.8604 157.0921 15915.5500
v 646.8673 157.1369 15915.5500
v 646.8452 157.0014 15915.5500
v 646.8529 157.0462 15915.5500
v 646.8285 156.9111 15915.5500
v 646.8370 156.9557 15915.5500
v 646.8102 156.8211 15915.5500
v 646.8194 156.8656 15915.5500
v 646.7903 156.7314 15915.5500
v 646.8003 156.7757 15915.5500
v 646.7689 156.6421 15915.5500
v 646.7796 156.6862 15915.5500
v 646.7458 156.5531 15915.5500
v 646.7574 156.5970 15915.5500
v 646.7213 156.4646 15915.5500
v 646.7336 156.5083 15915.5500
v 646.6952 156.3765 15915.5500
v 646.7083 156.4200 15915.5500
v 646.6675 156.2889 15915.5500
v 646.6814 156.3321 15915.5500
v 646.6384 156.2018 15915.5500
v 646.6530 156.2448 15915.5500
v 646.6077 156.1152 15915.5500
v 646.6231 156.1579 15915.5500
v 646.5756 156.0291 15915.5500
v 646.5917 156.0716 15915.5500
v 646.5419 155.9436 15915.5500
v 646.5587 155.9858 15915.5500
v 646.5068 155.8588 15915.5500
v 646.5243 155.9007 15915.5500
v 646.4701 155.7745 15915.5500
v 646.4884 155.8161 15915.5500
v 646.4320 155.6909 15915.5500
v 646.4510 155.7322 15915.5500
v 646.3925 155.6080 15915.5500
v 646.4122 155.6489 15915.5500
v 646.3515 155.5258 15915.5500
v 646.3719 155.5663 15915.5500
v 646.3091 155.4443 15915.5500
v 646.3302 155.4845 15915.5500
v 646.2652 155.3636 15915.5500
v 646.2870 155.4034 15915.5500
v 646.2200 155.2836 15915.5500
v 646.2425 155.3230 15915.5500
v 646.1733 155.2045 15915.5500
v 646.1966 155.2435 15915.5500
v 646.1254 155.1261 15915.5500
v 646.1492 155.1647 15915.5500
v 646.0760 155.0486 15915.5500
v 646.1005 155.0868 15915.5500
v 646.0253 154.9720 15915.5500
v 646.0505 155.0098 15915.5500
v 645.9733 154.8963 15915.5500
v 645.9991 154.9336 15915.5500
v 645.9199 154.8215 15915.5500
v 645.9464 154.8584 15915.5500
v 645.8652 154.7477 15915.5500
v 645.8924 154.7841 15915.5500
v 645.8093 154.6748 15915.5500
v 645.8371 154.7107 15915.5500
v 645.7521 154.6029 15915.5500
v 645.7806 154.6383 15915.5500
v 645.6937 154.5320 15915.5500
v 645.7227 154.5669 15915.5500
v 645.6340 154.4622 15915.5500
v 645.6637 154.4966 15915.5500
v 645.5732 154.3933 15915.5500
v 645.6034 154.4272 15915.5500
v 645.5111 154.3256 15915.5500
v 645.5419 154.3589 15915.5500
v 645.4479 154.2590 15915.5500
v 645.4792 154.2918 15915.5500
v 645.3835 154.1935 15915.5500
v 645.4154 154.2257 15915.5500
v 645.3179 154.1291 15915.5500
v 645.3505 154.1607 15915.5500
v 645.2513 154.0658 15915.5500
v 645.2844 154.0969 15915.5500
v 645.1836 154.0038 15915.5500
v 645.2172 154.0343 15915.5500
v 645.1147 153.9429 15915.5500
v 645.1489 153.9728 15915.5500
v 645.0449 153.8832 15915.5500
v 645.0795 153.9126 15915.5500
v 644.9740 153.8248 15915.5500
v 645.0092 153.8535 15915.5500
v 644.9021 153.7676 15915.5500
v 644.9378 153.7957 15915.5500
v 644.8292 153.7117 15915.5500
v 644.8654 153.7391 15915.5500
v 644.7554 153.6570 15915.5500
v 644.7920 153.6839 15915.5500
v 644.6806 153.6037 15915.5500
v 644.7177 153.6299 15915.5500
v 644.6049 153.5516 15915.5500
v 644.6424 153.5772 15915.5500
v 644.5283 153.5009 15915.5500
v 644.5662 153.5258 15915.5500
v 644.4508 153.4516 15915.5500
v 644.4892 153.4758 15915.5500
v 644.3724 153.4036 15915.5500
v 644.4113 153.4271 15915.5500
v 644.2933 153.3569 15915.5500
v 644.3325 153.3798 15915.5500
v 644.2133 153.3117 15915.5500
v 644.2529 153.3339 15915.5500
v 644.1326 153.2679 15915.5500
v 644.1726 153.2894 15915.5500
v 644.0511 153.2254 15915.5500
v 644.0915 153.2462 15915.5500
v 643.9689 153.1844 15915.5500
v 644.0096 153.2045 15915.5500
v 643.8860 153.1449 15915.5500
v 643.9271 153.1643 15915.5500
v 643.8024 153.1068 15915.5500
v 643.8438 153.1254 15915.5500
v 643.7181 153.0702 15915.5500
v 643.7598 153.0881 15915.5500
v 643.6332 153.0350 15915.5500
v 643.6753 153.0522 15915.5500
v 643.5478 153.0013 15915.5500
v 643.5901 153.0178 15915.5500
v 643.4617 152.9692 15915.5500
v 643.5043 152.9849 15915.5500
v 643.3751 152.9385 15915.5500
v 643.4180 152.9535 15915.5500
v 643.2880 152.9093 15915.5500
v 643.3311 152.9236 15915.5500
v 643.2004 152.8817 15915.5500
v 643.2438 152.8952 15915.5500
v 643.1123 152.8556 15915.5500
v 643.1559 152.8683 15915.5500
v 643.0238 152.8311 15915.5500
v 643.0676 152.8430 15915.5500
v 642.9348 152.8081 15915.5500
v 642.9788 152.8193 15915.5500
v 642.8455 152.7866 15915.5500
v 642.8897 152.7970 15915.5500
v 642.7558 152.7668 15915.5500
v 642.8002 152.7764 15915.5500
v 642.6658 152.7484 15915.5500
v 642.7103 152.7573 15915.5500
v 642.5754 152.7317 15915.5500
v 642.6201 152.7398 15915.5500
v 642.4849 152.7165 15915.5500
v 642.5297 152.7238 15915.5500
v 642.3940 152.7030 15915.5500
v 642.4389 152.7095 15915.5500
v 642.3029 152.6910 15915.5500
v 642.3480 152.6967 15915.5500
v 642.2116 152.6806 15915.5500
v 642.2568 152.6855 15915.5500
v 642.1202 152.6718 15915.5500
v 642.1654 152.6759 15915.5500
v 642.0286 152.6646 15915.5500
v 642.0739 152.6679 15915.5500
v 641.9369 152.6589 15915.5500
v 641.9822 152.6615 15915.5500
v 641.8451 152.6549 15915.5500
v 641.8905 152.6567 15915.5500
v 641.7533 152.6525 15915.5500
v 641.7986 152.6535 15915.5500
v 641.6614 152.6517 15915.5500
v 641.7068 152.6519 15915.5500
v 641.5696 152.6525 15915.5500
v 641.6149 152.6519 15915.5500
v 641.4777 152.6549 15915.5500
v 641.5231 152.6535 15915.5500
v 641.3859 152.6589 15915.5500
v 641.4313 152.6568 15915.5500
v 641.2943 152.6646 15915.5500
v 641.3395 152.6616 15915.5500
v 641.2026 152.6718 15915.5500
v 641.2479 152.6680 15915.5500
v 641.1112 152.6806 15915.5500
v 641.1564 152.6760 15915.5500
v 641.0199 152.6910 15915.5500
v 641.0650 152.6856 15915.5500
v 640.9288 152.7030 15915.5500
v 640.9738 152.6968 15915.5500
v 640.8380 152.7165 15915.5500
v 640.8829 152.7096 15915.5500
v 640.7474 152.7317 15915.5500
v 640.7921 152.7240 15915.5500
v 640.6570 152.7484 15915.5500
v 640.7017 152.7400 15915.5500
v 640.5670 152.7668 15915.5500
v 640.6115 152.7575 15915.5500
v 640.4773 152.7866 15915.5500
v 640.5216 152.7766 15915.5500
v 640.3880 152.8081 15915.5500
v 640.4321 152.7973 15915.5500
v 640.2991 152.8311 15915.5500
v 640.3430 152.8195 15915.5500
v 640.2105 152.8556 15915.5500
v 640.2542 152.8433 15915.5500
v 640.1224 152.8817 15915.5500
v 640.1659 152.8686 15915.5500
v 640.0348 152.9093 15915.5500
v 640.0781 152.8955 15915.5500
v 639.9477 152.9385 15915.5500
v 639.9907 152.9239 15915.5500
v 639.8611 152.9692 15915.5500
v 639.9038 152.9538 15915.5500
v 639.7750 153.0013 15915.5500
v 639.8175 152.9853 15915.5500
v 639.6896 153.0350 15915.5500
v 639.7318 153.0182 15915.5500
v 639.6047 153.0702 15915.5500
v 639.6465 153.0526 15915.5500
v 639.5204 153.1068 15915.5500
v 639.5620 153.0885 15915.5500
v 639.4368 153.1449 15915.5500
v 639.4781 153.1259 15915.5500
v 639.3539 153.1844 15915.5500
v 639.3948 153.1647 15915.5500
v 639.2717 153.2254 15915.5500
v 639.3123 153.2050 15915.5500
v 639.1902 153.2679 15915.5500
v 639.2304 153.2467 15915.5500
v 639.1095 153.3117 15915.5500
v 639.1493 153.2899 15915.5500
v 639.0295 153.3569 15915.5500
v 639.0690 153.3344 15915.5500
v 638.9504 153.4036 15915.5500
v 638.9894 153.3803 15915.5500
v 638.8721 153.4516 15915.5500
v 638.9106 153.4277 15915.5500
v 638.7946 153.5009 15915.5500
v 638.8328 153.4764 15915.5500
v 638.7180 153.5516 15915.5500
v 638.7557 153.5264 15915.5500
v 638.6422 153.6037 15915.5500
v 638.6796 153.5778 15915.5500
v 638.5674 153.6570 15915.5500
v 638.6043 153.6305 15915.5500
v 638.4936 153.7117 15915.5500
v 638.5300 153.6845 15915.5500
v 638.4207 153.7676 15915.5500
v 638.4566 153.7398 15915.5500
v 638.3488 153.8248 15915.5500
v 638.3842 153.7964 15915.5500
v 638.2780 153.8832 15915.5500
v 638.3128 153.8542 15915.5500
v 638.2081 153.9429 15915.5500
v 638.2425 153.9132 15915.5500
v 638.1393 154.0038 15915.5500
v 638.1732 153.9735 15915.5500
v 638.0715 154.0658 15915.5500
v 638.1049 154.0350 15915.5500
v 638.0049 154.1291 15915.5500
v 638.0377 154.0977 15915.5500
v 637.9394 154.1935 15915.5500
v 637.9716 154.1615 15915.5500
v 637.8750 154.2590 15915.5500
v 637.9067 154.2265 15915.5500
v 637.8117 154.3256 15915.5500
v 637.8428 154.2925 15915.5500
v 637.7497 154.3933 15915.5500
v 637.7802 154.3597 15915.5500
v 637.6888 154.4622 15915.5500
v 637.7188 154.4280 15915.5500
v 637.6292 154.5320 15915.5500
v 637.6584 154.4974 15915.5500
v 637.5707 154.6029 15915.5500
v 637.5994 154.5677 15915.5500
v 637.5135 154.6748 15915.5500
v 637.5416 154.6391 15915.5500
v 637.4576 154.7477 15915.5500
v 637.4850 154.7115 15915.5500
v 637.4030 154.8215 15915.5500
v 637.4297 154.7849 15915.5500
v 637.3496 154.8963 15915.5500
v 637.3758 154.8592 15915.5500
v 637.2975 154.9720 15915.5500
v 637.3231 154.9345 15915.5500
v 637.2468 155.0486 15915.5500
v 637.2717 155.0107 15915.5500
v 637.1975 155.1261 15915.5500
v 637.2217 155.0877 15915.5500
v 637.1495 155.2045 15915.5500
v 637.1730 155.1656 15915.5500
v 637.1028 155.2836 15915.5500
v 637.1257 155.2444 15915.5500
v 637.0576 155.3636 15915.5500
v 637.0798 155.3240 15915.5500
v 637.0138 155.4443 15915.5500
v 637.0353 155.4043 15915.5500
v 636.9714 155.5258 15915.5500
v 636.9921 155.4854 15915.5500
v 636.9304 155.6080 15915.5500
v 636.9504 155.5673 15915.5500
v 636.8908 155.6909 15915.5500
v 636.9102 155.6499 15915.5500
v 636.8527 155.7745 15915.5500
v 636.8713 155.7331 15915.5500
v 636.8161 155.8588 15915.5500
v 636.8340 155.8171 15915.5500
v 636.7809 155.9436 15915.5500
v 636.7981 155.9016 15915.5500
v 636.7473 156.0291 15915.5500
v 636.7637 155.9868 15915.5500
v 636.7151 156.1152 15915.5500
v 636.7308 156.0726 15915.5500
v 636.6844 156.2018 15915.5500
v 636.6994 156.1589 15915.5500
v 636.6553 156.2889 15915.5500
v 636.6695 156.2458 15915.5500
v 636.6276 156.3765 15915.5500
v 636.6411 156.3332 15915.5500
v 636.6016 156.4646 15915.5500
v 636.6143 156.4210 15915.5500
v 636.5770 156.5531 15915.5500
v 636.5889 156.5093 15915.5500
v 636.5540 156.6421 15915.5500
v 636.5652 156.5981 15915.5500
v 636.5325 156.7314 15915.5500
v 636.5430 156.6872 15915.5500
v 636.5127 156.8211 15915.5500
v 636.5223 156.7767 15915.5500
v 636.4943 156.9111 15915.5500
v 636.5032 156.8666 15915.5500
v 636.4776 157.0014 15915.5500
v 636.4857 156.9568 15915.5500
v 636.4625 157.0921 15915.5500
v 636.4697 157.0472 15915.5500
v 636.4489 157.1829 15915.5500
v 636.4554 157.1380 15915.5500
v 636.4369 157.2740 15915.5500
v 636.4426 157.2290 15915.5500
v 636.4265 157.3653 15915.5500
v 636.4314 157.3201 15915.5500
v 636.4177 157.4567 15915.5500
v 636.4218 157.4115 15915.5500
v 636.4105 157.5483 15915.5500
v 636.4138 157.5030 15915.5500
v 636.4048 157.6400 15915.5500
v 636.4074 157.5947 15915.5500
v 636.4008 157.7318 15915.5500
v 636.4026 157.6864 15915.5500
v 636.3984 157.8236 15915.5500
v 636.3994 157.7782 15915.5500
v 636.3976 157.9155 15915.5500
v 636.3978 157.8701 15915.5500
v 636.3984 158.0074 15915.5500
v 636.3978 157.9620 15915.5500
v 636.4008 158.0992 15915.5500
v 636.3995 158.0538 15915.5500
v 636.4048 158.1910 15915.5500
v 636.4026 158.1456 15915.5500
v 636.4105 158.2827 15915.5500
v 636.4075 158.2374 15915.5500
v 636.4177 158.3743 15915.5500
v 636.4139 158.3290 15915.5500
v 636.4265 158.4657 15915.5500
v 636.4219 158.4205 15915.5500
v 636.4369 158.5570 15915.5500
v 636.4315 158.5119 15915.5500
v 636.4489 158.6481 15915.5500
v 636.4427 158.6031 15915.5500
v 636.4625 158.7389 15915.5500
v 636.4556 158.6941 15915.5500
v 636.4776 158.8295 15915.5500
v 636.4699 158.7848 15915.5500
v 636.4943 158.9199 15915.5500
v 636.4859 158.8753 15915.5500
v 636.5127 159.0099 15915.5500
v 636.5034 158.9654 15915.5500
v 636.5325 159.0996 15915.5500
v 636.5225 159.0553 15915.5500
v 636.5540 159.1889 15915.5500
v 636.5432 159.1448 15915.5500
v 636.5770 159.2779 15915.5500
v 636.5654 159.2340 15915.5500
v 636.6016 159.3664 15915.5500
v 636.5892 159.3227 15915.5500
v 636.6276 159.4545 15915.5500
v 636.6146 159.4110 15915.5500
v 636.6553 159.5421 15915.5500
v 636.6414 159.4989 15915.5500
v 636.6844 159.6292 15915.5500
v 636.6698 159.5862 15915.5500
v 636.7151 159.7158 15915.5500
v 636.6998 159.6731 15915.5500
v 636.7473 159.8019 15915.5500
v 636.7311 159.7594 15915.5500
v 636.7809 159.8873 15915.5500
v 636.7641 159.8452 15915.5500
v 636.8161 159.9722 15915.5500
v 636.7985 159.9303 15915.5500
v 636.8527 160.0565 15915.5500
v 636.8344 160.0149 15915.5500
v 636.8908 160.1401 15915.5500
v 636.8718 160.0988 15915.5500
v 636.9304 160.2230 15915.5500
v 636.9106 160.1821 15915.5500
v 636.9714 160.3052 15915.5500
v 636.9509 160.2647 15915.5500
v 637.0138 160.3867 15915.5500
v 636.9926 160.3465 15915.5500
v 637.0576 160.4674 15915.5500
v 637.0358 160.4276 15915.5500
v 637.1028 160.5474 15915.5500
v 637.0803 160.5080 15915.5500
v 637.1495 160.6265 15915.5500
v 637.1263 160.5875 15915.5500
v 637.1975 160.7049 15915.5500
v 637.1736 160.6663 15915.5500
v 637.2468 160.7823 15915.5500
v 637.2223 160.7442 15915.5500
v 637.2975 160.8590 15915.5500
v 637.2723 160.8212 15915.5500
v 637.3496 160.9347 15915.5500
v 637.3237 160.8974 15915.5500
v 637.4030 161.0095 15915.5500
v 637.3764 160.9726 15915.5500
v 637.4576 161.0833 15915.5500
v 637.4304 161.0469 15915.5500
v 637.5135 161.1562 15915.5500
v 637.4857 161.1203 15915.5500
v 637.5707 161.2281 15915.5500
v 637.5423 161.1927 15915.5500
v 637.6292 161.2990 15915.5500
v 637.6001 161.2641 15915.5500
v 637.6888 161.3689 15915.5500
v 637.6592 161.3344 15915.5500
v 637.7497 161.4377 15915.5500
v 637.7194 161.4038 15915.5500
v 637.8117 161.5054 15915.5500
v 637.7809 161.4720 15915.5500
v 637.8750 161.5720 15915.5500
v 637.8436 161.5392 15915.5500
v 637.9394 161.6375 15915.5500
v 637.9074 161.6053 15915.5500
v 638.0049 161.7019 15915.5500
v 637.9724 161.6703 15915.5500
v 638.0715 161.7652 15915.5500
v 638.0385 161.7341 15915.5500
v 638.1393 161.8272 15915.5500
v 638.1057 161.7967 15915.5500
v 638.2081 161.8881 15915.5500
v 638.1740 161.8582 15915.5500
v 638.2780 161.9478 15915.5500
v 638.2433 161.9184 15915.5500
v 638.3488 162.0062 15915.5500
v 638.3137 161.9775 15915.5500
v 638.4207 162.0634 15915.5500
v 638.3851 162.0353 15915.5500
v 638.4936 162.1193 15915.5500
v 638.4575 162.0919 15915.5500
v 638.5674 162.1740 15915.5500
v 638.5308 162.1471 15915.5500
v 638.6422 162.2273 15915.5500
v 638.6052 162.2011 15915.5500
v 638.7180 162.2794 15915.5500
v 638.6804 162.2538 15915.5500
v 638.7946 162.3301 15915.5500
v 638.7566 162.3052 15915.5500
v 638.8721 162.3794 15915.5500
v 638.8336 162.3552 15915.5500
v 638.9504 162.4274 15915.5500
v 638.9116 162.4039 15915.5500
v 639.0295 162.4741 15915.5500
v 638.9903 162.4512 15915.5500
v 639.1095 162.5193 15915.5500
v 639.0699 162.4971 15915.5500
v 639.1902 162.5631 15915.5500
v 639.1502 162.5416 15915.5500
v 639.2717 162.6056 15915.5500
v 639.2313 162.5848 15915.5500
v 639.3539 162.6465 15915.5500
v 639.3132 162.6265 15915.5500
v 639.4368 162.6861 15915.5500
v 639.3958 162.6667 15915.5500
v 639.5204 162.7242 15915.5500
v 639.4791 162.7056 15915.5500
v 639.6047 162.7608 15915.5500
v 639.5630 162.7429 15915.5500
v 639.6896 162.7960 15915.5500
v 639.6475 162.7788 15915.5500
v 639.7750 162.8297 15915.5500
v 639.7327 162.8132 15915.5500
v 639.8611 162.8618 15915.5500
v 639.8185 162.8461 15915.5500
v 639.9477 162.8925 15915.5500
v 639.9048 162.8775 15915.5500
v 640.0348 162.9216 15915.5500
v 639.9917 162.9074 15915.5500
v 640.1224 162.9493 15915.5500
v 640.0791 162.9358 15915.5500
v 640.2105 162.9754 15915.5500
v 640.1669 162.9627 15915.5500
v 640.2991 162.9999 15915.5500
v 640.2552 162.9880 15915.5500
v 640.3880 163.0229 15915.5500
v 640.3440 163.0117 15915.5500
v 640.4773 163.0444 15915.5500
v 640.4331 163.0340 15915.5500
v 640.5670 163.0642 15915.5500
v 640.5226 163.0546 15915.5500
v 640.6570 163.0826 15915.5500
v 640.6125 163.0737 15915.5500
v 640.7474 163.0993 15915.5500
v 640.7027 163.0912 15915.5500
v 640.8380 163.1145 15915.5500
v 640.7932 163.1072 15915.5500
v 640.9288 163.1281 15915.5500
v 640.8839 163.1215 15915.5500
v 641.0199 163.1400 15915.5500
v 640.9749 163.1343 15915.5500
v 641.1112 163.1504 15915.5500
v 641.0660 163.1455 15915.5500
v 641.2026 163.1592 15915.5500
v 641.1574 163.1551 15915.5500
v 641.2943 163.1664 15915.5500
v 641.2490 163.1631 15915.5500
v 641.3859 163.1721 15915.5500
v 641.3406 163.1695 15915.5500
v 641.4777 163.1761 15915.5500
v 641.4324 163.1743 15915.5500
v 641.5696 163.1785 15915.5500
v 641.5242 163.1775 15915.5500
v 641.6614 163.1793 15915.5500
v 641.6160 163.1791 15915.5500
v 641.7533 163.1785 15915.5500
v 641.7079 163.1791 15915.5500
v 641.8451 163.1761 15915.5500
v 641.7997 163.1775 15915.5500
v 641.9369 163.1721 15915.5500
v 641.8915 163.1742 15915.5500
v 642.0286 163.1664 15915.5500
v 641.9833 163.1694 15915.5500
v 642.1202 163.1592 15915.5500
v 642.0750 163.1630 15915.5500
v 642.2116 163.1504 15915.5500
v 642.1664 163.1550 15915.5500
v 642.3029 163.1400 15915.5500
v 642.2578 163.1454 15915.5500
v 642.3940 163.1281 15915.5500
v 642.3490 163.1342 15915.5500
v 642.4849 163.1145 15915.5500
v 642.4400 163.1214 15915.5500
v 642.5754 163.0993 15915.5500
v 642.5307 163.1070 15915.5500
v 642.6658 163.0826 15915.5500
v 642.6212 163.0910 15915.5500
v 642.7558 163.0642 15915.5500
v 642.7114 163.0735 15915.5500
v 642.8455 163.0444 15915.5500
v 642.8012 163.0544 15915.5500
v 642.9348 163.0229 15915.5500
v 642.8907 163.0337 15915.5500
v 643.0238 162.9999 15915.5500
v 642.9799 163.0115 15915.5500
v 643.1123 162.9754 15915.5500
v 643.0686 162.9877 15915.5500
v 643.2004 162.9493 15915.5500
v 643.1569 162.9624 15915.5500
v 643.2880 162.9216 15915.5500
v 643.2448 162.9355 15915.5500
v 643.3751 162.8925 15915.5500
v 643.3322 162.9071 15915.5500
v 643.4617 162.8618 15915.5500
v 643.4190 162.8772 15915.5500
v 643.5478 162.8297 15915.5500
v 643.5053 162.8457 15915.5500
v 643.6332 162.7960 15915.5500
v 643.5911 162.8128 15915.5500
v 643.7181 162.7608 15915.5500
v 643.6763 162.7784 15915.5500
v 643.8024 162.7242 15915.5500
v 643.7608 162.7425 15915.5500
v 643.8860 162.6861 15915.5500
v 643.8447 162.7051 15915.5500
v 643.9689 162.6465 15915.5500
v 643.9280 162.6663 15915.5500
v 644.0511 162.6056 15915.5500
v 644.0106 162.6260 15915.5500
v 644.1326 162.5631 15915.5500
v 644.0924 162.5843 15915.5500
v 644.2133 162.5193 15915.5500
v 644.1735 162.5411 15915.5500
v 644.2933 162.4741 15915.5500
v 644.2539 162.4966 15915.5500
v 644.3724 162.4274 15915.5500
v 644.3334 162.4507 15915.5500
v 644.4508 162.3794 15915.5500
v 644.4122 162.4033 15915.5500
v 644.5283 162.3301 15915.5500
v 644.4901 162.3546 15915.5500
v 644.6049 162.2794 15915.5500
v 644.5671 162.3046 15915.5500
v 644.6806 162.2273 15915.5500
v 644.6433 162.2532 15915.5500
v 644.7554 162.1740 15915.5500
v 644.7186 162.2005 15915.5500
v 644.8292 162.1193 15915.5500
v 644.7928 162.1465 15915.5500
v 644.9021 162.0634 15915.5500
v 644.8662 162.0912 15915.5500
v 644.9740 162.0062 15915.5500
v 644.9386 162.0346 15915.5500
v 645.0449 161.9478 15915.5500
v 645.0100 161.9768 15915.5500
v 645.1147 161.8881 15915.5500
v 645.0804 161.9178 15915.5500
v 645.1836 161.8272 15915.5500
v 645.1497 161.8575 15915.5500
v 645.2513 161.7652 15915.5500
v 645.2180 161.7960 15915.5500
v 645.3179 161.7019 15915.5500
v 645.2852 161.7333 15915.5500
v 645.3835 161.6375 15915.5500
v 645.3512 161.6695 15915.5500
v 645.4479 161.5720 15915.5500
v 645.4162 161.6046 15915.5500
v 645.5111 161.5054 15915.5500
v 645.4800 161.5385 15915.5500
v 645.5732 161.4377 15915.5500
v 645.5427 161.4713 15915.5500
v 645.6340 161.3689 15915.5500
v 645.6041 161.4030 15915.5500
v 645.6937 161.2990 15915.5500
v 645.6644 161.3336 15915.5500
v 645.7521 161.2281 15915.5500
v 645.7234 161.2633 15915.5500
v 645.8093 161.1562 15915.5500
v 645.7812 161.1919 15915.5500
v 645.8652 161.0833 15915.5500
v 645.8378 161.1195 15915.5500
v 645.9199 161.0095 15915.5500
v 645.8931 161.0461 15915.5500
v 645.9733 160.9347 15915.5500
v 645.9470 160.9718 15915.5500
v 646.0253 160.8590 15915.5500
v 645.9998 160.8965 15915.5500
v 646.0760 160.7823 15915.5500
v 646.0511 160.8203 15915.5500
v 646.1254 160.7049 15915.5500
v 646.1011 160.7433 15915.5500
v 646.1733 160.6265 15915.5500
v 646.1498 160.6654 15915.5500
v 646.2200 160.5474 15915.5500
v 646.1971 160.5866 15915.5500
v 646.2652 160.4674 15915.5500
v 646.2430 160.5070 15915.5500
v 646.3091 160.3867 15915.5500
v 646.2875 160.4267 15915.5500
v 646.3515 160.3052 15915.5500
v 646.3307 160.3456 15915.5500
v 646.3925 160.2230 15915.5500
v 646.3724 160.2637 15915.5500
v 646.4320 160.1401 15915.5500
v 646.4127 160.1811 15915.5500
v 646.4701 160.0565 15915.5500
v 646.4515 160.0979 15915.5500
v 646.5068 159.9722 15915.5500
v 646.4888 160.0139 15915.5500
v 646.5419 159.8873 15915.5500
v 646.5247 159.9294 15915.5500
v 646.5756 159.8019 15915.5500
v 646.5591 159.8442 15915.5500
v 646.6077 159.7158 15915.5500
v 646.5920 159.7584 15915.5500
v 646.6384 159.6292 15915.5500
v 646.6235 159.6721 15915.5500
v 646.6675 159.5421 15915.5500
v 646.6533 159.5852 15915.5500
v 646.6952 159.4545 15915.5500
v 646.6817 159.4978 15915.5500
v 646.7213 159.3664 15915.5500
v 646.7086 159.4100 15915.5500
v 646.7458 159.2779 15915.5500
v 646.7339 159.3217 15915.5500
v 646.7689 159.1889 15915.5500
v 646.7576 159.2329 15915.5500
v 646.7903 159.0996 15915.5500
v 646.7798 159.1438 15915.5500
v 646.8102 159.0099 15915.5500
v 646.8005 159.0543 15915.5500
v 646.8285 158.9199 15915.5500
v 646.8196 158.9644 15915.5500
v 646.8452 158.8295 15915.5500
v 646.8372 158.8742 15915.5500
v 646.8604 158.7389 15915.5500
v 646.8531 158.7838 15915.5500
v 646.8740 158.6481 15915.5500
v 646.8674 158.6930 15915.5500
v 646.8859 158.5570 15915.5500
v 646.8802 158.6020 15915.5500
v 646.8964 158.4657 15915.5500
v 646.8914 158.5108 15915.5500
v 646.9052 158.3743 15915.5500
v 646.9010 158.4195 15915.5500
v 646.9124 158.2827 15915.5500
v 646.9090 158.3280 15915.5500
v 646.9180 158.1910 15915.5500
v 646.9154 158.2363 15915.5500
v 646.9220 158.0992 15915.5500
v 646.9202 158.1446 15915.5500
v 646.9244 158.0074 15915.5500
v 646.9234 158.0527 15915.5500
v 646.9250 157.9609 15915.5500
v 641.5397 157.8696 15926.2300
v 641.5429 157.9691 15926.1400
v 641.6155 158.0372 15925.9400
v 641.7150 158.0340 15925.7400
v 641.7831 157.9614 15925.6600
v 641.7799 157.8619 15925.7400
v 641.7073 157.7938 15925.9400
v 641.6078 157.7970 15926.1400
v 163.1844 631.6552 15919.3300
v 161.6426 627.9331 15919.3300
v 157.9206 626.3914 15919.3300
v 154.1985 627.9331 15919.3300
v 152.6568 631.6552 15919.3300
v 154.1985 635.3772 15919.3300
v 157.9206 636.9189 15919.3300
v 161.6426 635.3772 15919.3300
v 163.1844 157.9155 15919.3300
v 161.6426 154.1935 15919.3300
v 157.9206 152.6517 15919.3300
v 154.1985 154.1935 15919.3300
v 152.6568 157.9155 15919.3300
v 154.1985 161.6375 15919.3300
v 157.9206 163.1793 15919.3300
v 161.6426 161.6375 15919.3300
v 510.0671 0.0023 15875.4900
v 789.5735 0.0023 15875.4900
v 651.4354 0.5023 15875.4900
v 789.5735 0.0023 15902.2100
v 510.0671 0.0023 15896.5400
v 257.4185 -0.4977 15896.5400
v 510.0671 0.0023 15885.8500
v 510.0671 789.5684 15875.4900
v 789.5735 789.5684 15875.4900
v 651.4354 790.0684 15875.4900
v 790.0735 390.2227 15875.4900
v 510.5671 390.2227 15875.4900
v 646.9252 157.9155 15875.4900
v 646.9244 158.0074 15875.4900
v 646.9246 157.9620 15875.4900
v 646.9220 158.0992 15875.4900
v 646.9230 158.0538 15875.4900
v 646.9180 158.1910 15875.4900
v 646.9197 158.1456 15875.4900
v 646.9124 158.2827 15875.4900
v 646.9149 158.2374 15875.4900
v 646.9052 158.3743 15875.4900
v 646.9085 158.3290 15875.4900
v 646.8964 158.4657 15875.4900
v 646.9005 158.4205 15875.4900
v 646.8859 158.5570 15875.4900
v 646.8909 158.5119 15875.4900
v 646.8740 158.6481 15875.4900
v 646.8797 158.6030 15875.4900
v 646.8604 158.7389 15875.4900
v 646.8669 158.6940 15875.4900
v 646.8452 158.8295 15875.4900
v 646.8525 158.7847 15875.4900
v 646.8285 158.9199 15875.4900
v 646.8365 158.8752 15875.4900
v 646.8102 159.0099 15875.4900
v 646.8190 158.9654 15875.4900
v 646.7903 159.0996 15875.4900
v 646.7999 159.0552 15875.4900
v 646.7689 159.1889 15875.4900
v 646.7792 159.1447 15875.4900
v 646.7458 159.2779 15875.4900
v 646.7570 159.2339 15875.4900
v 646.7213 159.3664 15875.4900
v 646.7332 159.3226 15875.4900
v 646.6952 159.4545 15875.4900
v 646.7079 159.4109 15875.4900
v 646.6675 159.5421 15875.4900
v 646.6810 159.4987 15875.4900
v 646.6384 159.6292 15875.4900
v 646.6526 159.5861 15875.4900
v 646.6077 159.7158 15875.4900
v 646.6227 159.6729 15875.4900
v 646.5756 159.8019 15875.4900
v 646.5913 159.7593 15875.4900
v 646.5419 159.8873 15875.4900
v 646.5583 159.8450 15875.4900
v 646.5068 159.9722 15875.4900
v 646.5239 159.9302 15875.4900
v 646.4701 160.0565 15875.4900
v 646.4880 160.0148 15875.4900
v 646.4320 160.1401 15875.4900
v 646.4507 160.0987 15875.4900
v 646.3925 160.2230 15875.4900
v 646.4118 160.1819 15875.4900
v 646.3515 160.3052 15875.4900
v 646.3716 160.2645 15875.4900
v 646.3091 160.3867 15875.4900
v 646.3298 160.3463 15875.4900
v 646.2652 160.4674 15875.4900
v 646.2867 160.4274 15875.4900
v 646.2200 160.5474 15875.4900
v 646.2422 160.5078 15875.4900
v 646.1733 160.6265 15875.4900
v 646.1962 160.5873 15875.4900
v 646.1254 160.7049 15875.4900
v 646.1489 160.6661 15875.4900
v 646.0760 160.7823 15875.4900
v 646.1002 160.7440 15875.4900
v 646.0253 160.8590 15875.4900
v 646.0502 160.8210 15875.4900
v 645.9733 160.9347 15875.4900
v 645.9988 160.8971 15875.4900
v 645.9199 161.0095 15875.4900
v 645.9461 160.9724 15875.4900
v 645.8652 161.0833 15875.4900
v 645.8921 161.0467 15875.4900
v 645.8093 161.1562 15875.4900
v 645.8368 161.1201 15875.4900
v 645.7521 161.2281 15875.4900
v 645.7803 161.1924 15875.4900
v 645.6937 161.2990 15875.4900
v 645.7224 161.2638 15875.4900
v 645.6340 161.3689 15875.4900
v 645.6634 161.3342 15875.4900
v 645.5732 161.4377 15875.4900
v 645.6031 161.4035 15875.4900
v 645.5111 161.5054 15875.4900
v 645.5416 161.4718 15875.4900
v 645.4479 161.5720 15875.4900
v 645.4789 161.5390 15875.4900
v 645.3835 161.6375 15875.4900
v 645.4152 161.6050 15875.4900
v 645.3179 161.7019 15875.4900
v 645.3502 161.6700 15875.4900
v 645.2513 161.7652 15875.4900
v 645.2841 161.7338 15875.4900
v 645.1836 161.8272 15875.4900
v 645.2169 161.7964 15875.4900
v 645.1147 161.8881 15875.4900
v 645.1486 161.8579 15875.4900
v 645.0449 161.9478 15875.4900
v 645.0793 161.9181 15875.4900
v 644.9740 162.0062 15875.4900
v 645.0089 161.9772 15875.4900
v 644.9021 162.0634 15875.4900
v 644.9375 162.0350 15875.4900
v 644.8292 162.1193 15875.4900
v 644.8651 162.0915 15875.4900
v 644.7554 162.1740 15875.4900
v 644.7917 162.1468 15875.4900
v 644.6806 162.2273 15875.4900
v 644.7175 162.2008 15875.4900
v 644.6049 162.2794 15875.4900
v 644.6422 162.2535 15875.4900
v 644.5283 162.3301 15875.4900
v 644.5660 162.3048 15875.4900
v 644.4508 162.3794 15875.4900
v 644.4890 162.3549 15875.4900
v 644.3724 162.4274 15875.4900
v 644.4111 162.4035 15875.4900
v 644.2933 162.4741 15875.4900
v 644.3323 162.4508 15875.4900
v 644.2133 162.5193 15875.4900
v 644.2527 162.4968 15875.4900
v 644.1326 162.5631 15875.4900
v 644.1724 162.5413 15875.4900
v 644.0511 162.6056 15875.4900
v 644.0913 162.5844 15875.4900
v 643.9689 162.6465 15875.4900
v 644.0095 162.6261 15875.4900
v 643.8860 162.6861 15875.4900
v 643.9269 162.6664 15875.4900
v 643.8024 162.7242 15875.4900
v 643.8436 162.7052 15875.4900
v 643.7181 162.7608 15875.4900
v 643.7597 162.7425 15875.4900
v 643.6332 162.7960 15875.4900
v 643.6751 162.7784 15875.4900
v 643.5478 162.8297 15875.4900
v 643.5900 162.8128 15875.4900
v 643.4617 162.8618 15875.4900
v 643.5042 162.8457 15875.4900
v 643.3751 162.8925 15875.4900
v 643.4178 162.8772 15875.4900
v 643.2880 162.9216 15875.4900
v 643.3310 162.9070 15875.4900
v 643.2004 162.9493 15875.4900
v 643.2437 162.9354 15875.4900
v 643.1123 162.9754 15875.4900
v 643.1558 162.9623 15875.4900
v 643.0238 162.9999 15875.4900
v 643.0675 162.9876 15875.4900
v 642.9348 163.0229 15875.4900
v 642.9788 163.0114 15875.4900
v 642.8455 163.0444 15875.4900
v 642.8896 163.0336 15875.4900
v 642.7558 163.0642 15875.4900
v 642.8001 163.0542 15875.4900
v 642.6658 163.0826 15875.4900
v 642.7103 163.0733 15875.4900
v 642.5754 163.0993 15875.4900
v 642.6201 163.0908 15875.4900
v 642.4849 163.1145 15875.4900
v 642.5296 163.1068 15875.4900
v 642.3940 163.1281 15875.4900
v 642.4388 163.1211 15875.4900
v 642.3029 163.1400 15875.4900
v 642.3479 163.1339 15875.4900
v 642.2116 163.1504 15875.4900
v 642.2567 163.1451 15875.4900
v 642.1202 163.1592 15875.4900
v 642.1653 163.1547 15875.4900
v 642.0286 163.1664 15875.4900
v 642.0739 163.1627 15875.4900
v 641.9369 163.1721 15875.4900
v 641.9822 163.1691 15875.4900
v 641.8451 163.1761 15875.4900
v 641.8904 163.1739 15875.4900
v 641.7533 163.1785 15875.4900
v 641.7986 163.1771 15875.4900
v 641.6614 163.1793 15875.4900
v 641.7068 163.1787 15875.4900
v 641.5696 163.1785 15875.4900
v 641.6149 163.1787 15875.4900
v 641.4777 163.1761 15875.4900
v 641.5231 163.1770 15875.4900
v 641.3859 163.1721 15875.4900
v 641.4313 163.1738 15875.4900
v 641.2943 163.1664 15875.4900
v 641.3395 163.1690 15875.4900
v 641.2026 163.1592 15875.4900
v 641.2479 163.1626 15875.4900
v 641.1112 163.1504 15875.4900
v 641.1564 163.1546 15875.4900
v 641.0199 163.1400 15875.4900
v 641.0651 163.1450 15875.4900
v 640.9288 163.1281 15875.4900
v 640.9739 163.1338 15875.4900
v 640.8380 163.1145 15875.4900
v 640.8829 163.1210 15875.4900
v 640.7474 163.0993 15875.4900
v 640.7922 163.1066 15875.4900
v 640.6570 163.0826 15875.4900
v 640.7017 163.0906 15875.4900
v 640.5670 163.0642 15875.4900
v 640.6116 163.0731 15875.4900
v 640.4773 163.0444 15875.4900
v 640.5217 163.0540 15875.4900
v 640.3880 163.0229 15875.4900
v 640.4322 163.0333 15875.4900
v 640.2991 162.9999 15875.4900
v 640.3431 163.0111 15875.4900
v 640.2105 162.9754 15875.4900
v 640.2543 162.9873 15875.4900
v 640.1224 162.9493 15875.4900
v 640.1660 162.9620 15875.4900
v 640.0348 162.9216 15875.4900
v 640.0782 162.9351 15875.4900
v 639.9477 162.8925 15875.4900
v 639.9908 162.9067 15875.4900
v 639.8611 162.8618 15875.4900
v 639.9040 162.8768 15875.4900
v 639.7750 162.8297 15875.4900
v 639.8176 162.8454 15875.4900
v 639.6896 162.7960 15875.4900
v 639.7319 162.8124 15875.4900
v 639.6047 162.7608 15875.4900
v 639.6467 162.7780 15875.4900
v 639.5204 162.7242 15875.4900
v 639.5621 162.7421 15875.4900
v 639.4368 162.6861 15875.4900
v 639.4783 162.7047 15875.4900
v 639.3539 162.6465 15875.4900
v 639.3950 162.6659 15875.4900
v 639.2717 162.6056 15875.4900
v 639.3124 162.6256 15875.4900
v 639.1902 162.5631 15875.4900
v 639.2306 162.5839 15875.4900
v 639.1095 162.5193 15875.4900
v 639.1495 162.5408 15875.4900
v 639.0295 162.4741 15875.4900
v 639.0692 162.4962 15875.4900
v 638.9504 162.4274 15875.4900
v 638.9896 162.4503 15875.4900
v 638.8721 162.3794 15875.4900
v 638.9108 162.4030 15875.4900
v 638.7946 162.3301 15875.4900
v 638.8329 162.3543 15875.4900
v 638.7180 162.2794 15875.4900
v 638.7559 162.3043 15875.4900
v 638.6422 162.2273 15875.4900
v 638.6797 162.2529 15875.4900
v 638.5674 162.1740 15875.4900
v 638.6046 162.2002 15875.4900
v 638.4936 162.1193 15875.4900
v 638.5302 162.1462 15875.4900
v 638.4207 162.0634 15875.4900
v 638.4568 162.0909 15875.4900
v 638.3488 162.0062 15875.4900
v 638.3845 162.0343 15875.4900
v 638.2780 161.9478 15875.4900
v 638.3131 161.9765 15875.4900
v 638.2081 161.8881 15875.4900
v 638.2427 161.9174 15875.4900
v 638.1393 161.8272 15875.4900
v 638.1734 161.8572 15875.4900
v 638.0715 161.7652 15875.4900
v 638.1052 161.7957 15875.4900
v 638.0049 161.7019 15875.4900
v 638.0380 161.7330 15875.4900
v 637.9394 161.6375 15875.4900
v 637.9719 161.6692 15875.4900
v 637.8750 161.5720 15875.4900
v 637.9069 161.6043 15875.4900
v 637.8117 161.5054 15875.4900
v 637.8431 161.5382 15875.4900
v 637.7497 161.4377 15875.4900
v 637.7805 161.4710 15875.4900
v 637.6888 161.3689 15875.4900
v 637.7191 161.4027 15875.4900
v 637.6292 161.2990 15875.4900
v 637.6588 161.3334 15875.4900
v 637.5707 161.2281 15875.4900
v 637.5997 161.2630 15875.4900
v 637.5135 161.1562 15875.4900
v 637.5419 161.1916 15875.4900
v 637.4576 161.0833 15875.4900
v 637.4854 161.1192 15875.4900
v 637.4030 161.0095 15875.4900
v 637.4301 161.0459 15875.4900
v 637.3496 160.9347 15875.4900
v 637.3761 160.9715 15875.4900
v 637.2975 160.8590 15875.4900
v 637.3234 160.8963 15875.4900
v 637.2468 160.7823 15875.4900
v 637.2721 160.8201 15875.4900
v 637.1975 160.7049 15875.4900
v 637.2220 160.7431 15875.4900
v 637.1495 160.6265 15875.4900
v 637.1734 160.6651 15875.4900
v 637.1028 160.5474 15875.4900
v 637.1261 160.5864 15875.4900
v 637.0576 160.4674 15875.4900
v 637.0801 160.5069 15875.4900
v 637.0138 160.3867 15875.4900
v 637.0356 160.4265 15875.4900
v 636.9714 160.3052 15875.4900
v 636.9925 160.3454 15875.4900
v 636.9304 160.2230 15875.4900
v 636.9508 160.2635 15875.4900
v 636.8908 160.1401 15875.4900
v 636.9105 160.1810 15875.4900
v 636.8527 160.0565 15875.4900
v 636.8717 160.0977 15875.4900
v 636.8161 159.9722 15875.4900
v 636.8344 160.0138 15875.4900
v 636.7809 159.8873 15875.4900
v 636.7985 159.9292 15875.4900
v 636.7473 159.8019 15875.4900
v 636.7641 159.8440 15875.4900
v 636.7151 159.7158 15875.4900
v 636.7312 159.7583 15875.4900
v 636.6844 159.6292 15875.4900
v 636.6998 159.6720 15875.4900
v 636.6553 159.5421 15875.4900
v 636.6699 159.5851 15875.4900
v 636.6276 159.4545 15875.4900
v 636.6415 159.4977 15875.4900
v 636.6016 159.3664 15875.4900
v 636.6146 159.4099 15875.4900
v 636.5770 159.2779 15875.4900
v 636.5894 159.3216 15875.4900
v 636.5540 159.1889 15875.4900
v 636.5656 159.2328 15875.4900
v 636.5325 159.0996 15875.4900
v 636.5433 159.1437 15875.4900
v 636.5127 159.0099 15875.4900
v 636.5227 159.0542 15875.4900
v 636.4943 158.9199 15875.4900
v 636.5036 158.9643 15875.4900
v 636.4776 158.8295 15875.4900
v 636.4861 158.8741 15875.4900
v 636.4625 158.7389 15875.4900
v 636.4702 158.7837 15875.4900
v 636.4489 158.6481 15875.4900
v 636.4557 158.6929 15875.4900
v 636.4369 158.5570 15875.4900
v 636.4430 158.6020 15875.4900
v 636.4265 158.4657 15875.4900
v 636.4318 158.5108 15875.4900
v 636.4177 158.3743 15875.4900
v 636.4222 158.4194 15875.4900
v 636.4105 158.2827 15875.4900
v 636.4142 158.3279 15875.4900
v 636.4048 158.1910 15875.4900
v 636.4078 158.2363 15875.4900
v 636.4008 158.0992 15875.4900
v 636.4030 158.1445 15875.4900
v 636.3984 158.0074 15875.4900
v 636.3998 158.0527 15875.4900
v 636.3976 157.9155 15875.4900
v 636.3983 157.9609 15875.4900
v 636.3984 157.8236 15875.4900
v 636.3983 157.8690 15875.4900
v 636.4008 157.7318 15875.4900
v 636.3998 157.7772 15875.4900
v 636.4048 157.6400 15875.4900
v 636.4031 157.6854 15875.4900
v 636.4105 157.5483 15875.4900
v 636.4079 157.5936 15875.4900
v 636.4177 157.4567 15875.4900
v 636.4143 157.5020 15875.4900
v 636.4265 157.3653 15875.4900
v 636.4223 157.4105 15875.4900
v 636.4369 157.2740 15875.4900
v 636.4319 157.3191 15875.4900
v 636.4489 157.1829 15875.4900
v 636.4431 157.2280 15875.4900
v 636.4625 157.0921 15875.4900
v 636.4559 157.1370 15875.4900
v 636.4776 157.0014 15875.4900
v 636.4703 157.0463 15875.4900
v 636.4943 156.9111 15875.4900
v 636.4863 156.9558 15875.4900
v 636.5127 156.8211 15875.4900
v 636.5038 156.8656 15875.4900
v 636.5325 156.7314 15875.4900
v 636.5229 156.7758 15875.4900
v 636.5540 156.6421 15875.4900
v 636.5436 156.6863 15875.4900
v 636.5770 156.5531 15875.4900
v 636.5658 156.5971 15875.4900
v 636.6016 156.4646 15875.4900
v 636.5896 156.5084 15875.4900
v 636.6276 156.3765 15875.4900
v 636.6149 156.4201 15875.4900
v 636.6553 156.2889 15875.4900
v 636.6418 156.3323 15875.4900
v 636.6844 156.2018 15875.4900
v 636.6702 156.2449 15875.4900
v 636.7151 156.1152 15875.4900
v 636.7001 156.1581 15875.4900
v 636.7473 156.0291 15875.4900
v 636.7316 156.0717 15875.4900
v 636.7809 155.9436 15875.4900
v 636.7645 155.9860 15875.4900
v 636.8161 155.8588 15875.4900
v 636.7989 155.9008 15875.4900
v 636.8527 155.7745 15875.4900
v 636.8348 155.8162 15875.4900
v 636.8908 155.6909 15875.4900
v 636.8722 155.7323 15875.4900
v 636.9304 155.6080 15875.4900
v 636.9110 155.6491 15875.4900
v 636.9714 155.5258 15875.4900
v 636.9513 155.5665 15875.4900
v 637.0138 155.4443 15875.4900
v 636.9930 155.4847 15875.4900
v 637.0576 155.3636 15875.4900
v 637.0361 155.4036 15875.4900
v 637.1028 155.2836 15875.4900
v 637.0807 155.3232 15875.4900
v 637.1495 155.2045 15875.4900
v 637.1266 155.2437 15875.4900
v 637.1975 155.1261 15875.4900
v 637.1740 155.1649 15875.4900
v 637.2468 155.0486 15875.4900
v 637.2226 155.0870 15875.4900
v 637.2975 154.9720 15875.4900
v 637.2726 155.0100 15875.4900
v 637.3496 154.8963 15875.4900
v 637.3240 154.9339 15875.4900
v 637.4030 154.8215 15875.4900
v 637.3767 154.8586 15875.4900
v 637.4576 154.7477 15875.4900
v 637.4307 154.7843 15875.4900
v 637.5135 154.6748 15875.4900
v 637.4860 154.7109 15875.4900
v 637.5707 154.6029 15875.4900
v 637.5426 154.6385 15875.4900
v 637.6292 154.5320 15875.4900
v 637.6004 154.5672 15875.4900
v 637.6888 154.4622 15875.4900
v 637.6595 154.4968 15875.4900
v 637.7497 154.3933 15875.4900
v 637.7197 154.4275 15875.4900
v 637.8117 154.3256 15875.4900
v 637.7812 154.3592 15875.4900
v 637.8750 154.2590 15875.4900
v 637.8439 154.2921 15875.4900
v 637.9394 154.1935 15875.4900
v 637.9077 154.2260 15875.4900
v 638.0049 154.1291 15875.4900
v 637.9727 154.1610 15875.4900
v 638.0715 154.0658 15875.4900
v 638.0388 154.0972 15875.4900
v 638.1393 154.0038 15875.4900
v 638.1059 154.0346 15875.4900
v 638.2081 153.9429 15875.4900
v 638.1742 153.9731 15875.4900
v 638.2780 153.8832 15875.4900
v 638.2435 153.9129 15875.4900
v 638.3488 153.8248 15875.4900
v 638.3139 153.8538 15875.4900
v 638.4207 153.7676 15875.4900
v 638.3853 153.7960 15875.4900
v 638.4936 153.7117 15875.4900
v 638.4577 153.7395 15875.4900
v 638.5674 153.6570 15875.4900
v 638.5311 153.6842 15875.4900
v 638.6422 153.6037 15875.4900
v 638.6054 153.6302 15875.4900
v 638.7180 153.5516 15875.4900
v 638.6807 153.5775 15875.4900
v 638.7946 153.5009 15875.4900
v 638.7568 153.5262 15875.4900
v 638.8721 153.4516 15875.4900
v 638.8339 153.4761 15875.4900
v 638.9504 153.4036 15875.4900
v 638.9117 153.4275 15875.4900
v 639.0295 153.3569 15875.4900
v 638.9905 153.3802 15875.4900
v 639.1095 153.3117 15875.4900
v 639.0701 153.3342 15875.4900
v 639.1902 153.2679 15875.4900
v 639.1504 153.2897 15875.4900
v 639.2717 153.2254 15875.4900
v 639.2315 153.2466 15875.4900
v 639.3539 153.1844 15875.4900
v 639.3134 153.2049 15875.4900
v 639.4368 153.1449 15875.4900
v 639.3959 153.1646 15875.4900
v 639.5204 153.1068 15875.4900
v 639.4792 153.1258 15875.4900
v 639.6047 153.0702 15875.4900
v 639.5631 153.0885 15875.4900
v 639.6896 153.0350 15875.4900
v 639.6477 153.0526 15875.4900
v 639.7750 153.0013 15875.4900
v 639.7328 153.0182 15875.4900
v 639.8611 152.9692 15875.4900
v 639.8187 152.9853 15875.4900
v 639.9477 152.9385 15875.4900
v 639.9050 152.9538 15875.4900
v 640.0348 152.9093 15875.4900
v 639.9918 152.9240 15875.4900
v 640.1224 152.8817 15875.4900
v 640.0792 152.8956 15875.4900
v 640.2105 152.8556 15875.4900
v 640.1671 152.8687 15875.4900
v 640.2991 152.8311 15875.4900
v 640.2554 152.8434 15875.4900
v 640.3880 152.8081 15875.4900
v 640.3441 152.8196 15875.4900
v 640.4773 152.7866 15875.4900
v 640.4332 152.7974 15875.4900
v 640.5670 152.7668 15875.4900
v 640.5227 152.7768 15875.4900
v 640.6570 152.7484 15875.4900
v 640.6126 152.7577 15875.4900
v 640.7474 152.7317 15875.4900
v 640.7028 152.7402 15875.4900
v 640.8380 152.7165 15875.4900
v 640.7932 152.7242 15875.4900
v 640.9288 152.7030 15875.4900
v 640.8840 152.7099 15875.4900
v 641.0199 152.6910 15875.4900
v 640.9749 152.6971 15875.4900
v 641.1112 152.6806 15875.4900
v 641.0661 152.6859 15875.4900
v 641.2026 152.6718 15875.4900
v 641.1575 152.6763 15875.4900
v 641.2943 152.6646 15875.4900
v 641.2490 152.6683 15875.4900
v 641.3859 152.6589 15875.4900
v 641.3406 152.6619 15875.4900
v 641.4777 152.6549 15875.4900
v 641.4324 152.6571 15875.4900
v 641.5696 152.6525 15875.4900
v 641.5242 152.6539 15875.4900
v 641.6614 152.6517 15875.4900
v 641.6160 152.6523 15875.4900
v 641.7533 152.6525 15875.4900
v 641.7079 152.6523 15875.4900
v 641.8451 152.6549 15875.4900
v 641.7997 152.6539 15875.4900
v 641.9369 152.6589 15875.4900
v 641.8915 152.6572 15875.4900
v 642.0286 152.6646 15875.4900
v 641.9833 152.6620 15875.4900
v 642.1202 152.6718 15875.4900
v 642.0749 152.6684 15875.4900
v 642.2116 152.6806 15875.4900
v 642.1664 152.6764 15875.4900
v 642.3029 152.6910 15875.4900
v 642.2578 152.6860 15875.4900
v 642.3940 152.7030 15875.4900
v 642.3489 152.6972 15875.4900
v 642.4849 152.7165 15875.4900
v 642.4399 152.7100 15875.4900
v 642.5754 152.7317 15875.4900
v 642.5306 152.7244 15875.4900
v 642.6658 152.7484 15875.4900
v 642.6211 152.7404 15875.4900
v 642.7558 152.7668 15875.4900
v 642.7113 152.7579 15875.4900
v 642.8455 152.7866 15875.4900
v 642.8011 152.7770 15875.4900
v 642.9348 152.8081 15875.4900
v 642.8906 152.7977 15875.4900
v 643.0238 152.8311 15875.4900
v 642.9798 152.8199 15875.4900
v 643.1123 152.8556 15875.4900
v 643.0685 152.8437 15875.4900
v 643.2004 152.8817 15875.4900
v 643.1568 152.8690 15875.4900
v 643.2880 152.9093 15875.4900
v 643.2446 152.8959 15875.4900
v 643.3751 152.9385 15875.4900
v 643.3320 152.9243 15875.4900
v 643.4617 152.9692 15875.4900
v 643.4189 152.9542 15875.4900
v 643.5478 153.0013 15875.4900
v 643.5052 152.9856 15875.4900
v 643.6332 153.0350 15875.4900
v 643.5909 153.0186 15875.4900
v 643.7181 153.0702 15875.4900
v 643.6761 153.0530 15875.4900
v 643.8024 153.1068 15875.4900
v 643.7607 153.0889 15875.4900
v 643.8860 153.1449 15875.4900
v 643.8446 153.1263 15875.4900
v 643.9689 153.1844 15875.4900
v 643.9279 153.1651 15875.4900
v 644.0511 153.2254 15875.4900
v 644.0104 153.2054 15875.4900
v 644.1326 153.2679 15875.4900
v 644.0922 153.2471 15875.4900
v 644.2133 153.3117 15875.4900
v 644.1733 153.2902 15875.4900
v 644.2933 153.3569 15875.4900
v 644.2537 153.3347 15875.4900
v 644.3724 153.4036 15875.4900
v 644.3333 153.3807 15875.4900
v 644.4508 153.4516 15875.4900
v 644.4120 153.4280 15875.4900
v 644.5283 153.5009 15875.4900
v 644.4899 153.4767 15875.4900
v 644.6049 153.5516 15875.4900
v 644.5669 153.5267 15875.4900
v 644.6806 153.6037 15875.4900
v 644.6431 153.5781 15875.4900
v 644.7554 153.6570 15875.4900
v 644.7183 153.6308 15875.4900
v 644.8292 153.7117 15875.4900
v 644.7926 153.6848 15875.4900
v 644.9021 153.7676 15875.4900
v 644.8660 153.7401 15875.4900
v 644.9740 153.8248 15875.4900
v 644.9384 153.7967 15875.4900
v 645.0449 153.8832 15875.4900
v 645.0098 153.8545 15875.4900
v 645.1147 153.9429 15875.4900
v 645.0801 153.9135 15875.4900
v 645.1836 154.0038 15875.4900
v 645.1494 153.9738 15875.4900
v 645.2513 154.0658 15875.4900
v 645.2177 154.0353 15875.4900
v 645.3179 154.1291 15875.4900
v 645.2849 154.0979 15875.4900
v 645.3835 154.1935 15875.4900
v 645.3510 154.1618 15875.4900
v 645.4479 154.2590 15875.4900
v 645.4159 154.2267 15875.4900
v 645.5111 154.3256 15875.4900
v 645.4797 154.2928 15875.4900
v 645.5732 154.3933 15875.4900
v 645.5424 154.3600 15875.4900
v 645.6340 154.4622 15875.4900
v 645.6038 154.4283 15875.4900
v 645.6937 154.5320 15875.4900
v 645.6641 154.4976 15875.4900
v 645.7521 154.6029 15875.4900
v 645.7231 154.5680 15875.4900
v 645.8093 154.6748 15875.4900
v 645.7809 154.6394 15875.4900
v 645.8652 154.7477 15875.4900
v 645.8375 154.7118 15875.4900
v 645.9199 154.8215 15875.4900
v 645.8927 154.7852 15875.4900
v 645.9733 154.8963 15875.4900
v 645.9467 154.8595 15875.4900
v 646.0253 154.9720 15875.4900
v 645.9994 154.9347 15875.4900
v 646.0760 155.0486 15875.4900
v 646.0508 155.0109 15875.4900
v 646.1254 155.1261 15875.4900
v 646.1008 155.0879 15875.4900
v 646.1733 155.2045 15875.4900
v 646.1495 155.1658 15875.4900
v 646.2200 155.2836 15875.4900
v 646.1968 155.2446 15875.4900
v 646.2652 155.3636 15875.4900
v 646.2427 155.3242 15875.4900
v 646.3091 155.4443 15875.4900
v 646.2872 155.4045 15875.4900
v 646.3515 155.5258 15875.4900
v 646.3303 155.4856 15875.4900
v 646.3925 155.6080 15875.4900
v 646.3720 155.5675 15875.4900
v 646.4320 155.6909 15875.4900
v 646.4123 155.6500 15875.4900
v 646.4701 155.7745 15875.4900
v 646.4511 155.7333 15875.4900
v 646.5068 155.8588 15875.4900
v 646.4885 155.8172 15875.4900
v 646.5419 155.9436 15875.4900
v 646.5244 155.9018 15875.4900
v 646.5756 156.0291 15875.4900
v 646.5587 155.9870 15875.4900
v 646.6077 156.1152 15875.4900
v 646.5917 156.0727 15875.4900
v 646.6384 156.2018 15875.4900
v 646.6230 156.1590 15875.4900
v 646.6675 156.2889 15875.4900
v 646.6530 156.2459 15875.4900
v 646.6952 156.3765 15875.4900
v 646.6813 156.3333 15875.4900
v 646.7213 156.4646 15875.4900
v 646.7082 156.4211 15875.4900
v 646.7458 156.5531 15875.4900
v 646.7335 156.5094 15875.4900
v 646.7689 156.6421 15875.4900
v 646.7573 156.5982 15875.4900
v 646.7903 156.7314 15875.4900
v 646.7795 156.6873 15875.4900
v 646.8102 156.8211 15875.4900
v 646.8002 156.7768 15875.4900
v 646.8285 156.9111 15875.4900
v 646.8192 156.8667 15875.4900
v 646.8452 157.0014 15875.4900
v 646.8367 156.9568 15875.4900
v 646.8604 157.0921 15875.4900
v 646.8527 157.0473 15875.4900
v 646.8740 157.1829 15875.4900
v 646.8671 157.1380 15875.4900
v 646.8859 157.2740 15875.4900
v 646.8798 157.2290 15875.4900
v 646.8964 157.3653 15875.4900
v 646.8910 157.3202 15875.4900
v 646.9052 157.4567 15875.4900
v 646.9006 157.4116 15875.4900
v 646.9124 157.5483 15875.4900
v 646.9086 157.5031 15875.4900
v 646.9180 157.6400 15875.4900
v 646.9150 157.5947 15875.4900
v 646.9220 157.7318 15875.4900
v 646.9198 157.6864 15875.4900
v 646.9244 157.8236 15875.4900
v 646.9230 157.7782 15875.4900
v 646.9246 157.8701 15875.4900
v 646.9252 631.6552 15875.4900
v 646.9244 631.7470 15875.4900
v 646.9246 631.7016 15875.4900
v 646.9220 631.8389 15875.4900
v 646.9230 631.7935 15875.4900
v 646.9180 631.9307 15875.4900
v 646.9197 631.8853 15875.4900
v 646.9124 632.0223 15875.4900
v 646.9149 631.9770 15875.4900
v 646.9052 632.1139 15875.4900
v 646.9085 632.0687 15875.4900
v 646.8964 632.2054 15875.4900
v 646.9005 632.1602 15875.4900
v 646.8859 632.2966 15875.4900
v 646.8909 632.2515 15875.4900
v 646.8740 632.3878 15875.4900
v 646.8797 632.3427 15875.4900
v 646.8604 632.4786 15875.4900
v 646.8669 632.4337 15875.4900
v 646.8452 632.5692 15875.4900
v 646.8525 632.5244 15875.4900
v 646.8285 632.6595 15875.4900
v 646.8365 632.6149 15875.4900
v 646.8102 632.7496 15875.4900
v 646.8190 632.7050 15875.4900
v 646.7903 632.8392 15875.4900
v 646.7999 632.7949 15875.4900
v 646.7689 632.9286 15875.4900
v 646.7792 632.8844 15875.4900
v 646.7458 633.0175 15875.4900
v 646.7570 632.9735 15875.4900
v 646.7213 633.1060 15875.4900
v 646.7332 633.0623 15875.4900
v 646.6952 633.1942 15875.4900
v 646.7079 633.1505 15875.4900
v 646.6675 633.2817 15875.4900
v 646.6810 633.2384 15875.4900
v 646.6384 633.3689 15875.4900
v 646.6526 633.3257 15875.4900
v 646.6077 633.4554 15875.4900
v 646.6227 633.4126 15875.4900
v 646.5756 633.5415 15875.4900
v 646.5913 633.4989 15875.4900
v 646.5419 633.6270 15875.4900
v 646.5583 633.5847 15875.4900
v 646.5068 633.7119 15875.4900
v 646.5239 633.6699 15875.4900
v 646.4701 633.7961 15875.4900
v 646.4880 633.7544 15875.4900
v 646.4320 633.8797 15875.4900
v 646.4507 633.8383 15875.4900
v 646.3925 633.9626 15875.4900
v 646.4118 633.9216 15875.4900
v 646.3515 634.0449 15875.4900
v 646.3716 634.0042 15875.4900
v 646.3091 634.1263 15875.4900
v 646.3298 634.0860 15875.4900
v 646.2652 634.2071 15875.4900
v 646.2867 634.1671 15875.4900
v 646.2200 634.2870 15875.4900
v 646.2422 634.2474 15875.4900
v 646.1733 634.3662 15875.4900
v 646.1962 634.3270 15875.4900
v 646.1254 634.4445 15875.4900
v 646.1489 634.4057 15875.4900
v 646.0760 634.5220 15875.4900
v 646.1002 634.4836 15875.4900
v 646.0253 634.5986 15875.4900
v 646.0502 634.5607 15875.4900
v 645.9733 634.6743 15875.4900
v 645.9988 634.6368 15875.4900
v 645.9199 634.7491 15875.4900
v 645.9461 634.7120 15875.4900
v 645.8652 634.8230 15875.4900
v 645.8921 634.7864 15875.4900
v 645.8093 634.8959 15875.4900
v 645.8368 634.8597 15875.4900
v 645.7521 634.9678 15875.4900
v 645.7803 634.9321 15875.4900
v 645.6937 635.0386 15875.4900
v 645.7224 635.0035 15875.4900
v 645.6340 635.1085 15875.4900
v 645.6634 635.0739 15875.4900
v 645.5732 635.1773 15875.4900
v 645.6031 635.1432 15875.4900
v 645.5111 635.2451 15875.4900
v 645.5416 635.2114 15875.4900
v 645.4479 635.3117 15875.4900
v 645.4789 635.2786 15875.4900
v 645.3835 635.3772 15875.4900
v 645.4152 635.3447 15875.4900
v 645.3179 635.4416 15875.4900
v 645.3502 635.4096 15875.4900
v 645.2513 635.5048 15875.4900
v 645.2841 635.4734 15875.4900
v 645.1836 635.5669 15875.4900
v 645.2169 635.5361 15875.4900
v 645.1147 635.6277 15875.4900
v 645.1486 635.5975 15875.4900
v 645.0449 635.6874 15875.4900
v 645.0793 635.6578 15875.4900
v 644.9740 635.7458 15875.4900
v 645.0089 635.7169 15875.4900
v 644.9021 635.8030 15875.4900
v 644.9375 635.7747 15875.4900
v 644.8292 635.8590 15875.4900
v 644.8651 635.8312 15875.4900
v 644.7554 635.9136 15875.4900
v 644.7917 635.8865 15875.4900
v 644.6806 635.9670 15875.4900
v 644.7175 635.9404 15875.4900
v 644.6049 636.0190 15875.4900
v 644.6422 635.9932 15875.4900
v 644.5283 636.0697 15875.4900
v 644.5660 636.0445 15875.4900
v 644.4508 636.1191 15875.4900
v 644.4890 636.0945 15875.4900
v 644.3724 636.1671 15875.4900
v 644.4111 636.1432 15875.4900
v 644.2933 636.2137 15875.4900
v 644.3323 636.1905 15875.4900
v 644.2133 636.2590 15875.4900
v 644.2527 636.2365 15875.4900
v 644.1326 636.3028 15875.4900
v 644.1724 636.2809 15875.4900
v 644.0511 636.3452 15875.4900
v 644.0913 636.3241 15875.4900
v 643.9689 636.3862 15875.4900
v 644.0095 636.3658 15875.4900
v 643.8860 636.4258 15875.4900
v 643.9269 636.4060 15875.4900
v 643.8024 636.4639 15875.4900
v 643.8436 636.4448 15875.4900
v 643.7181 636.5005 15875.4900
v 643.7597 636.4822 15875.4900
v 643.6332 636.5356 15875.4900
v 643.6751 636.5181 15875.4900
v 643.5478 636.5693 15875.4900
v 643.5900 636.5525 15875.4900
v 643.4617 636.6015 15875.4900
v 643.5042 636.5854 15875.4900
v 643.3751 636.6321 15875.4900
v 643.4178 636.6168 15875.4900
v 643.2880 636.6613 15875.4900
v 643.3310 636.6467 15875.4900
v 643.2004 636.6889 15875.4900
v 643.2437 636.6751 15875.4900
v 643.1123 636.7150 15875.4900
v 643.1558 636.7019 15875.4900
v 643.0238 636.7396 15875.4900
v 643.0675 636.7272 15875.4900
v 642.9348 636.7626 15875.4900
v 642.9788 636.7510 15875.4900
v 642.8455 636.7840 15875.4900
v 642.8896 636.7732 15875.4900
v 642.7558 636.8039 15875.4900
v 642.8001 636.7939 15875.4900
v 642.6658 636.8222 15875.4900
v 642.7103 636.8130 15875.4900
v 642.5754 636.8390 15875.4900
v 642.6201 636.8305 15875.4900
v 642.4849 636.8541 15875.4900
v 642.5296 636.8464 15875.4900
v 642.3940 636.8677 15875.4900
v 642.4388 636.8608 15875.4900
v 642.3029 636.8797 15875.4900
v 642.3479 636.8736 15875.4900
v 642.2116 636.8901 15875.4900
v 642.2567 636.8848 15875.4900
v 642.1202 636.8989 15875.4900
v 642.1653 636.8943 15875.4900
v 642.0286 636.9061 15875.4900
v 642.0739 636.9023 15875.4900
v 641.9369 636.9117 15875.4900
v 641.9822 636.9088 15875.4900
v 641.8451 636.9157 15875.4900
v 641.8904 636.9135 15875.4900
v 641.7533 636.9182 15875.4900
v 641.7986 636.9167 15875.4900
v 641.6614 636.9189 15875.4900
v 641.7068 636.9183 15875.4900
v 641.5696 636.9182 15875.4900
v 641.6149 636.9183 15875.4900
v 641.4777 636.9157 15875.4900
v 641.5231 636.9167 15875.4900
v 641.3859 636.9117 15875.4900
v 641.4313 636.9135 15875.4900
v 641.2943 636.9061 15875.4900
v 641.3395 636.9087 15875.4900
v 641.2026 636.8989 15875.4900
v 641.2479 636.9023 15875.4900
v 641.1112 636.8901 15875.4900
v 641.1564 636.8942 15875.4900
v 641.0199 636.8797 15875.4900
v 641.0651 636.8846 15875.4900
v 640.9288 636.8677 15875.4900
v 640.9739 636.8734 15875.4900
v 640.8380 636.8541 15875.4900
v 640.8829 636.8607 15875.4900
v 640.7474 636.8390 15875.4900
v 640.7922 636.8463 15875.4900
v 640.6570 636.8222 15875.4900
v 640.7017 636.8303 15875.4900
v 640.5670 636.8039 15875.4900
v 640.6116 636.8127 15875.4900
v 640.4773 636.7840 15875.4900
v 640.5217 636.7936 15875.4900
v 640.3880 636.7626 15875.4900
v 640.4322 636.7729 15875.4900
v 640.2991 636.7396 15875.4900
v 640.3431 636.7507 15875.4900
v 640.2105 636.7150 15875.4900
v 640.2543 636.7269 15875.4900
v 640.1224 636.6889 15875.4900
v 640.1660 636.7016 15875.4900
v 640.0348 636.6613 15875.4900
v 640.0782 636.6747 15875.4900
v 639.9477 636.6321 15875.4900
v 639.9908 636.6464 15875.4900
v 639.8611 636.6015 15875.4900
v 639.9040 636.6165 15875.4900
v 639.7750 636.5693 15875.4900
v 639.8176 636.5850 15875.4900
v 639.6896 636.5356 15875.4900
v 639.7319 636.5521 15875.4900
v 639.6047 636.5005 15875.4900
v 639.6467 636.5177 15875.4900
v 639.5204 636.4639 15875.4900
v 639.5621 636.4818 15875.4900
v 639.4368 636.4258 15875.4900
v 639.4783 636.4444 15875.4900
v 639.3539 636.3862 15875.4900
v 639.3950 636.4056 15875.4900
v 639.2717 636.3452 15875.4900
v 639.3124 636.3653 15875.4900
v 639.1902 636.3028 15875.4900
v 639.2306 636.3236 15875.4900
v 639.1095 636.2590 15875.4900
v 639.1495 636.2805 15875.4900
v 639.0295 636.2137 15875.4900
v 639.0692 636.2359 15875.4900
v 638.9504 636.1671 15875.4900
v 638.9896 636.1899 15875.4900
v 638.8721 636.1191 15875.4900
v 638.9108 636.1426 15875.4900
v 638.7946 636.0697 15875.4900
v 638.8329 636.0939 15875.4900
v 638.7180 636.0190 15875.4900
v 638.7559 636.0439 15875.4900
v 638.6422 635.9670 15875.4900
v 638.6797 635.9926 15875.4900
v 638.5674 635.9136 15875.4900
v 638.6046 635.9398 15875.4900
v 638.4936 635.8590 15875.4900
v 638.5302 635.8859 15875.4900
v 638.4207 635.8030 15875.4900
v 638.4568 635.8306 15875.4900
v 638.3488 635.7458 15875.4900
v 638.3845 635.7740 15875.4900
v 638.2780 635.6874 15875.4900
v 638.3131 635.7162 15875.4900
v 638.2081 635.6277 15875.4900
v 638.2427 635.6571 15875.4900
v 638.1393 635.5669 15875.4900
v 638.1734 635.5969 15875.4900
v 638.0715 635.5048 15875.4900
v 638.1052 635.5353 15875.4900
v 638.0049 635.4416 15875.4900
v 638.0380 635.4727 15875.4900
v 637.9394 635.3772 15875.4900
v 637.9719 635.4089 15875.4900
v 637.8750 635.3117 15875.4900
v 637.9069 635.3439 15875.4900
v 637.8117 635.2451 15875.4900
v 637.8431 635.2778 15875.4900
v 637.7497 635.1773 15875.4900
v 637.7805 635.2106 15875.4900
v 637.6888 635.1085 15875.4900
v 637.7191 635.1424 15875.4900
v 637.6292 635.0386 15875.4900
v 637.6588 635.0731 15875.4900
v 637.5707 634.9678 15875.4900
v 637.5997 635.0027 15875.4900
v 637.5135 634.8959 15875.4900
v 637.5419 634.9313 15875.4900
v 637.4576 634.8230 15875.4900
v 637.4854 634.8589 15875.4900
v 637.4030 634.7491 15875.4900
v 637.4301 634.7855 15875.4900
v 637.3496 634.6743 15875.4900
v 637.3761 634.7112 15875.4900
v 637.2975 634.5986 15875.4900
v 637.3234 634.6359 15875.4900
v 637.2468 634.5220 15875.4900
v 637.2721 634.5598 15875.4900
v 637.1975 634.4445 15875.4900
v 637.2220 634.4827 15875.4900
v 637.1495 634.3662 15875.4900
v 637.1734 634.4048 15875.4900
v 637.1028 634.2870 15875.4900
v 637.1261 634.3260 15875.4900
v 637.0576 634.2071 15875.4900
v 637.0801 634.2465 15875.4900
v 637.0138 634.1263 15875.4900
v 637.0356 634.1661 15875.4900
v 636.9714 634.0449 15875.4900
v 636.9925 634.0850 15875.4900
v 636.9304 633.9626 15875.4900
v 636.9508 634.0032 15875.4900
v 636.8908 633.8797 15875.4900
v 636.9105 633.9206 15875.4900
v 636.8527 633.7961 15875.4900
v 636.8717 633.8373 15875.4900
v 636.8161 633.7119 15875.4900
v 636.8344 633.7534 15875.4900
v 636.7809 633.6270 15875.4900
v 636.7985 633.6689 15875.4900
v 636.7473 633.5415 15875.4900
v 636.7641 633.5837 15875.4900
v 636.7151 633.4554 15875.4900
v 636.7312 633.4979 15875.4900
v 636.6844 633.3689 15875.4900
v 636.6998 633.4116 15875.4900
v 636.6553 633.2817 15875.4900
v 636.6699 633.3248 15875.4900
v 636.6276 633.1942 15875.4900
v 636.6415 633.2374 15875.4900
v 636.6016 633.1060 15875.4900
v 636.6146 633.1495 15875.4900
v 636.5770 633.0175 15875.4900
v 636.5894 633.0612 15875.4900
v 636.5540 632.9286 15875.4900
v 636.5656 632.9725 15875.4900
v 636.5325 632.8392 15875.4900
v 636.5433 632.8834 15875.4900
v 636.5127 632.7496 15875.4900
v 636.5227 632.7938 15875.4900
v 636.4943 632.6595 15875.4900
v 636.5036 632.7040 15875.4900
v 636.4776 632.5692 15875.4900
v 636.4861 632.6138 15875.4900
v 636.4625 632.4786 15875.4900
v 636.4702 632.5233 15875.4900
v 636.4489 632.3878 15875.4900
v 636.4557 632.4326 15875.4900
v 636.4369 632.2966 15875.4900
v 636.4430 632.3416 15875.4900
v 636.4265 632.2054 15875.4900
v 636.4318 632.2504 15875.4900
v 636.4177 632.1139 15875.4900
v 636.4222 632.1591 15875.4900
v 636.4105 632.0223 15875.4900
v 636.4142 632.0676 15875.4900
v 636.4048 631.9307 15875.4900
v 636.4078 631.9760 15875.4900
v 636.4008 631.8389 15875.4900
v 636.4030 631.8842 15875.4900
v 636.3984 631.7470 15875.4900
v 636.3998 631.7924 15875.4900
v 636.3976 631.6552 15875.4900
v 636.3983 631.7006 15875.4900
v 636.3984 631.5633 15875.4900
v 636.3983 631.6087 15875.4900
v 636.4008 631.4714 15875.4900
v 636.3998 631.5168 15875.4900
v 636.4048 631.3797 15875.4900
v 636.4031 631.4250 15875.4900
v 636.4105 631.2880 15875.4900
v 636.4079 631.3333 15875.4900
v 636.4177 631.1964 15875.4900
v 636.4143 631.2416 15875.4900
v 636.4265 631.1049 15875.4900
v 636.4223 631.1501 15875.4900
v 636.4369 631.0137 15875.4900
v 636.4319 631.0588 15875.4900
v 636.4489 630.9226 15875.4900
v 636.4431 630.9676 15875.4900
v 636.4625 630.8317 15875.4900
v 636.4559 630.8766 15875.4900
v 636.4776 630.7411 15875.4900
v 636.4703 630.7859 15875.4900
v 636.4943 630.6508 15875.4900
v 636.4863 630.6954 15875.4900
v 636.5127 630.5607 15875.4900
v 636.5038 630.6053 15875.4900
v 636.5325 630.4711 15875.4900
v 636.5229 630.5154 15875.4900
v 636.5540 630.3817 15875.4900
v 636.5436 630.4259 15875.4900
v 636.5770 630.2928 15875.4900
v 636.5658 630.3368 15875.4900
v 636.6016 630.2043 15875.4900
v 636.5896 630.2480 15875.4900
v 636.6276 630.1161 15875.4900
v 636.6149 630.1598 15875.4900
v 636.6553 630.0286 15875.4900
v 636.6418 630.0719 15875.4900
v 636.6844 629.9415 15875.4900
v 636.6702 629.9846 15875.4900
v 636.7151 629.8549 15875.4900
v 636.7001 629.8977 15875.4900
v 636.7473 629.7688 15875.4900
v 636.7316 629.8114 15875.4900
v 636.7809 629.6833 15875.4900
v 636.7645 629.7256 15875.4900
v 636.8161 629.5984 15875.4900
v 636.7989 629.6404 15875.4900
v 636.8527 629.5142 15875.4900
v 636.8348 629.5559 15875.4900
v 636.8908 629.4306 15875.4900
v 636.8722 629.4720 15875.4900
v 636.9304 629.3477 15875.4900
v 636.9110 629.3887 15875.4900
v 636.9714 629.2654 15875.4900
v 636.9513 629.3062 15875.4900
v 637.0138 629.1840 15875.4900
v 636.9930 629.2243 15875.4900
v 637.0576 629.1032 15875.4900
v 637.0361 629.1432 15875.4900
v 637.1028 629.0233 15875.4900
v 637.0807 629.0629 15875.4900
v 637.1495 628.9441 15875.4900
v 637.1266 628.9833 15875.4900
v 637.1975 628.8658 15875.4900
v 637.1740 628.9046 15875.4900
v 637.2468 628.7883 15875.4900
v 637.2226 628.8267 15875.4900
v 637.2975 628.7117 15875.4900
v 637.2726 628.7496 15875.4900
v 637.3496 628.6360 15875.4900
v 637.3240 628.6735 15875.4900
v 637.4030 628.5612 15875.4900
v 637.3767 628.5983 15875.4900
v 637.4576 628.4874 15875.4900
v 637.4307 628.5239 15875.4900
v 637.5135 628.4144 15875.4900
v 637.4860 628.4506 15875.4900
v 637.5707 628.3425 15875.4900
v 637.5426 628.3782 15875.4900
v 637.6292 628.2717 15875.4900
v 637.6004 628.3068 15875.4900
v 637.6888 628.2018 15875.4900
v 637.6595 628.2365 15875.4900
v 637.7497 628.1330 15875.4900
v 637.7197 628.1671 15875.4900
v 637.8117 628.0652 15875.4900
v 637.7812 628.0989 15875.4900
v 637.8750 627.9987 15875.4900
v 637.8439 628.0317 15875.4900
v 637.9394 627.9331 15875.4900
v 637.9077 627.9656 15875.4900
v 638.0049 627.8687 15875.4900
v 637.9727 627.9007 15875.4900
v 638.0715 627.8055 15875.4900
v 638.0388 627.8369 15875.4900
v 638.1393 627.7434 15875.4900
v 638.1059 627.7742 15875.4900
v 638.2081 627.6826 15875.4900
v 638.1742 627.7128 15875.4900
v 638.2780 627.6229 15875.4900
v 638.2435 627.6525 15875.4900
v 638.3488 627.5645 15875.4900
v 638.3139 627.5934 15875.4900
v 638.4207 627.5073 15875.4900
v 638.3853 627.5356 15875.4900
v 638.4936 627.4513 15875.4900
v 638.4577 627.4791 15875.4900
v 638.5674 627.3967 15875.4900
v 638.5311 627.4238 15875.4900
v 638.6422 627.3433 15875.4900
v 638.6054 627.3699 15875.4900
v 638.7180 627.2913 15875.4900
v 638.6807 627.3172 15875.4900
v 638.7946 627.2406 15875.4900
v 638.7568 627.2658 15875.4900
v 638.8721 627.1912 15875.4900
v 638.8339 627.2158 15875.4900
v 638.9504 627.1432 15875.4900
v 638.9117 627.1671 15875.4900
v 639.0295 627.0966 15875.4900
v 638.9905 627.1198 15875.4900
v 639.1095 627.0513 15875.4900
v 639.0701 627.0739 15875.4900
v 639.1902 627.0075 15875.4900
v 639.1504 627.0294 15875.4900
v 639.2717 626.9651 15875.4900
v 639.2315 626.9863 15875.4900
v 639.3539 626.9241 15875.4900
v 639.3134 626.9445 15875.4900
v 639.4368 626.8846 15875.4900
v 639.3959 626.9043 15875.4900
v 639.5204 626.8464 15875.4900
v 639.4792 626.8655 15875.4900
v 639.6047 626.8098 15875.4900
v 639.5631 626.8281 15875.4900
v 639.6896 626.7747 15875.4900
v 639.6477 626.7922 15875.4900
v 639.7750 626.7410 15875.4900
v 639.7328 626.7578 15875.4900
v 639.8611 626.7088 15875.4900
v 639.8187 626.7249 15875.4900
v 639.9477 626.6782 15875.4900
v 639.9050 626.6935 15875.4900
v 640.0348 626.6490 15875.4900
v 639.9918 626.6636 15875.4900
v 640.1224 626.6214 15875.4900
v 640.0792 626.6353 15875.4900
v 640.2105 626.5953 15875.4900
v 640.1671 626.6084 15875.4900
v 640.2991 626.5707 15875.4900
v 640.2554 626.5831 15875.4900
v 640.3880 626.5477 15875.4900
v 640.3441 626.5593 15875.4900
v 640.4773 626.5263 15875.4900
v 640.4332 626.5371 15875.4900
v 640.5670 626.5064 15875.4900
v 640.5227 626.5164 15875.4900
v 640.6570 626.4881 15875.4900
v 640.6126 626.4973 15875.4900
v 640.7474 626.4714 15875.4900
v 640.7028 626.4798 15875.4900
v 640.8380 626.4562 15875.4900
v 640.7932 626.4639 15875.4900
v 640.9288 626.4426 15875.4900
v 640.8840 626.4495 15875.4900
v 641.0199 626.4306 15875.4900
v 640.9749 626.4368 15875.4900
v 641.1112 626.4202 15875.4900
v 641.0661 626.4255 15875.4900
v 641.2026 626.4114 15875.4900
v 641.1575 626.4160 15875.4900
v 641.2943 626.4042 15875.4900
v 641.2490 626.4080 15875.4900
v 641.3859 626.3986 15875.4900
v 641.3406 626.4016 15875.4900
v 641.4777 626.3946 15875.4900
v 641.4324 626.3968 15875.4900
v 641.5696 626.3922 15875.4900
v 641.5242 626.3936 15875.4900
v 641.6614 626.3914 15875.4900
v 641.6160 626.3920 15875.4900
v 641.7533 626.3922 15875.4900
v 641.7079 626.3920 15875.4900
v 641.8451 626.3946 15875.4900
v 641.7997 626.3936 15875.4900
v 641.9369 626.3986 15875.4900
v 641.8915 626.3968 15875.4900
v 642.0286 626.4042 15875.4900
v 641.9833 626.4016 15875.4900
v 642.1202 626.4114 15875.4900
v 642.0749 626.4080 15875.4900
v 642.2116 626.4202 15875.4900
v 642.1664 626.4161 15875.4900
v 642.3029 626.4306 15875.4900
v 642.2578 626.4257 15875.4900
v 642.3940 626.4426 15875.4900
v 642.3489 626.4369 15875.4900
v 642.4849 626.4562 15875.4900
v 642.4399 626.4496 15875.4900
v 642.5754 626.4714 15875.4900
v 642.5306 626.4641 15875.4900
v 642.6658 626.4881 15875.4900
v 642.6211 626.4800 15875.4900
v 642.7558 626.5064 15875.4900
v 642.7113 626.4976 15875.4900
v 642.8455 626.5263 15875.4900
v 642.8011 626.5167 15875.4900
v 642.9348 626.5477 15875.4900
v 642.8906 626.5374 15875.4900
v 643.0238 626.5707 15875.4900
v 642.9798 626.5596 15875.4900
v 643.1123 626.5953 15875.4900
v 643.0685 626.5834 15875.4900
v 643.2004 626.6214 15875.4900
v 643.1568 626.6087 15875.4900
v 643.2880 626.6490 15875.4900
v 643.2446 626.6356 15875.4900
v 643.3751 626.6782 15875.4900
v 643.3320 626.6639 15875.4900
v 643.4617 626.7088 15875.4900
v 643.4189 626.6938 15875.4900
v 643.5478 626.7410 15875.4900
v 643.5052 626.7253 15875.4900
v 643.6332 626.7747 15875.4900
v 643.5909 626.7582 15875.4900
v 643.7181 626.8098 15875.4900
v 643.6761 626.7927 15875.4900
v 643.8024 626.8464 15875.4900
v 643.7607 626.8286 15875.4900
v 643.8860 626.8846 15875.4900
v 643.8446 626.8659 15875.4900
v 643.9689 626.9241 15875.4900
v 643.9279 626.9047 15875.4900
v 644.0511 626.9651 15875.4900
v 644.0104 626.9450 15875.4900
v 644.1326 627.0075 15875.4900
v 644.0922 626.9868 15875.4900
v 644.2133 627.0513 15875.4900
v 644.1733 627.0298 15875.4900
v 644.2933 627.0966 15875.4900
v 644.2537 627.0744 15875.4900
v 644.3724 627.1432 15875.4900
v 644.3333 627.1204 15875.4900
v 644.4508 627.1912 15875.4900
v 644.4120 627.1677 15875.4900
v 644.5283 627.2406 15875.4900
v 644.4899 627.2164 15875.4900
v 644.6049 627.2913 15875.4900
v 644.5669 627.2664 15875.4900
v 644.6806 627.3433 15875.4900
v 644.6431 627.3177 15875.4900
v 644.7554 627.3967 15875.4900
v 644.7183 627.3705 15875.4900
v 644.8292 627.4513 15875.4900
v 644.7926 627.4245 15875.4900
v 644.9021 627.5073 15875.4900
v 644.8660 627.4797 15875.4900
v 644.9740 627.5645 15875.4900
v 644.9384 627.5363 15875.4900
v 645.0449 627.6229 15875.4900
v 645.0098 627.5941 15875.4900
v 645.1147 627.6826 15875.4900
v 645.0801 627.6532 15875.4900
v 645.1836 627.7434 15875.4900
v 645.1494 627.7135 15875.4900
v 645.2513 627.8055 15875.4900
v 645.2177 627.7750 15875.4900
v 645.3179 627.8687 15875.4900
v 645.2849 627.8376 15875.4900
v 645.3835 627.9331 15875.4900
v 645.3510 627.9014 15875.4900
v 645.4479 627.9987 15875.4900
v 645.4159 627.9664 15875.4900
v 645.5111 628.0652 15875.4900
v 645.4797 628.0325 15875.4900
v 645.5732 628.1330 15875.4900
v 645.5424 628.0997 15875.4900
v 645.6340 628.2018 15875.4900
v 645.6038 628.1679 15875.4900
v 645.6937 628.2717 15875.4900
v 645.6641 628.2372 15875.4900
v 645.7521 628.3425 15875.4900
v 645.7231 628.3076 15875.4900
v 645.8093 628.4144 15875.4900
v 645.7809 628.3790 15875.4900
v 645.8652 628.4874 15875.4900
v 645.8375 628.4514 15875.4900
v 645.9199 628.5612 15875.4900
v 645.8927 628.5248 15875.4900
v 645.9733 628.6360 15875.4900
v 645.9467 628.5991 15875.4900
v 646.0253 628.7117 15875.4900
v 645.9994 628.6744 15875.4900
v 646.0760 628.7883 15875.4900
v 646.0508 628.7505 15875.4900
v 646.1254 628.8658 15875.4900
v 646.1008 628.8276 15875.4900
v 646.1733 628.9441 15875.4900
v 646.1495 628.9055 15875.4900
v 646.2200 629.0233 15875.4900
v 646.1968 628.9843 15875.4900
v 646.2652 629.1032 15875.4900
v 646.2427 629.0638 15875.4900
v 646.3091 629.1840 15875.4900
v 646.2872 629.1442 15875.4900
v 646.3515 629.2654 15875.4900
v 646.3303 629.2253 15875.4900
v 646.3925 629.3477 15875.4900
v 646.3720 629.3071 15875.4900
v 646.4320 629.4306 15875.4900
v 646.4123 629.3897 15875.4900
v 646.4701 629.5142 15875.4900
v 646.4511 629.4730 15875.4900
v 646.5068 629.5984 15875.4900
v 646.4885 629.5569 15875.4900
v 646.5419 629.6833 15875.4900
v 646.5244 629.6414 15875.4900
v 646.5756 629.7688 15875.4900
v 646.5587 629.7266 15875.4900
v 646.6077 629.8549 15875.4900
v 646.5917 629.8124 15875.4900
v 646.6384 629.9415 15875.4900
v 646.6230 629.8987 15875.4900
v 646.6675 630.0286 15875.4900
v 646.6530 629.9855 15875.4900
v 646.6952 630.1161 15875.4900
v 646.6813 630.0729 15875.4900
v 646.7213 630.2043 15875.4900
v 646.7082 630.1608 15875.4900
v 646.7458 630.2928 15875.4900
v 646.7335 630.2491 15875.4900
v 646.7689 630.3817 15875.4900
v 646.7573 630.3378 15875.4900
v 646.7903 630.4711 15875.4900
v 646.7795 630.4269 15875.4900
v 646.8102 630.5607 15875.4900
v 646.8002 630.5165 15875.4900
v 646.8285 630.6508 15875.4900
v 646.8192 630.6063 15875.4900
v 646.8452 630.7411 15875.4900
v 646.8367 630.6965 15875.4900
v 646.8604 630.8317 15875.4900
v 646.8527 630.7870 15875.4900
v 646.8740 630.9226 15875.4900
v 646.8671 630.8777 15875.4900
v 646.8859 631.0137 15875.4900
v 646.8798 630.9687 15875.4900
v 646.8964 631.1049 15875.4900
v 646.8910 631.0599 15875.4900
v 646.9052 631.1964 15875.4900
v 646.9006 631.1512 15875.4900
v 646.9124 631.2880 15875.4900
v 646.9086 631.2427 15875.4900
v 646.9180 631.3797 15875.4900
v 646.9150 631.3344 15875.4900
v 646.9220 631.4714 15875.4900
v 646.9198 631.4261 15875.4900
v 646.9244 631.5633 15875.4900
v 646.9230 631.5179 15875.4900
v 646.9246 631.6097 15875.4900
v 789.5735 789.5684 15902.2100
v 510.0671 789.5684 15896.5400
v 510.0671 789.5684 15885.8500
v 263.1917 790.0684 15896.5400
v 646.9252 157.9155 15895.8400
v 645.3835 154.1935 15895.8400
v 641.6614 152.6517 15895.8400
v 637.9394 154.1935 15895.8400
v 636.3976 157.9155 15895.8400
v 637.9394 161.6375 15895.8400
v 641.6614 163.1793 15895.8400
v 645.3835 161.6375 15895.8400
v 646.9252 631.6552 15895.8400
v 645.3835 627.9331 15895.8400
v 641.6614 626.3914 15895.8400
v 637.9394 627.9331 15895.8400
v 636.3976 631.6552 15895.8400
v 637.9394 635.3772 15895.8400
v 641.6614 636.9189 15895.8400
v 645.3835 635.3772 15895.8400
v 510.5671 390.2227 15896.5400

o Shape_0
usemtl material_1
f 1 2 3
f 2 4 5
f 4 6 7
f 6 8 9
f 8 10 11
f 10 12 13
f 12 14 15
f 14 16 17
f 16 18 19
f 18 20 21
f 20 22 23
f 22 24 25
f 24 26 27
f 26 28 29
f 28 30 31
f 30 32 33
f 32 34 35
f 34 36 37
f 36 38 39
f 38 40 41
f 40 42 43
f 42 44 45
f 44 46 47
f 46 48 49
f 48 50 51
f 50 52 53
f 52 54 55
f 54 56 57
f 56 58 59
f 58 60 61
f 60 62 63
f 62 64 65
f 64 66 67
f 66 68 69
f 68 70 71
f 70 72 73
f 72 74 75
f 74 76 77
f 76 78 79
f 78 80 81
f 80 82 83
f 82 84 85
f 84 86 87
f 86 88 89
f 88 90 91
f 90 92 93
f 92 94 95
f 94 96 97
f 96 98 99
f 98 100 101
f 100 102 103
f 102 104 105
f 104 106 107
f 106 108 109
f 108 110 111
f 110 112 113
f 112 114 115
f 114 116 117
f 116 118 119
f 118 120 121
f 120 122 123
f 122 124 125
f 124 126 127
f 126 128 129
f 128 130 131
f 130 132 133
f 132 134 135
f 134 136 137
f 136 138 139
f 138 140 141
f 140 142 143
f 142 144 145
f 144 146 147
f 146 148 149
f 148 150 151
f 150 152 153
f 152 154 155
f 154 156 157
f 156 158 159
f 158 160 161
f 160 162 163
f 162 164 165
f 164 166 167
f 166 168 169
f 168 170 171
f 170 172 173
f 172 174 175
f 174 176 177
f 176 178 179
f 178 180 181
f 180 182 183
f 182 184 185
f 184 186 187
f 186 188 189
f 188 190 191
f 190 192 193
f 192 194 195
f 194 196 197
f 196 198 199
f 198 200 201
f 200 202 203
f 202 204 205
f 204 206 207
f 206 208 209
f 208 210 211
f 210 212 213
f 212 214 215
f 214 216 217
f 216 218 219
f 218 220 221
f 220 222 223
f 222 224 225
f 224 226 227
f 226 228 229
f 228 230 231
f 230 232 233
f 232 234 235
f 234 236 237
f 236 238 239
f 238 240 241
f 240 242 243
f 242 244 245
f 244 246 247
f 246 248 249
f 248 250 251
f 250 252 253
f 252 254 255
f 254 256 257
f 256 258 259
f 258 260 261
f 260 262 263
f 262 264 265
f 264 266 267
f 266 268 269
f 268 270 271
f 270 272 273
f 272 274 275
f 274 276 277
f 276 278 279
f 278 280 281
f 280 282 283
f 282 284 285
f 284 286 287
f 286 288 289
f 288 290 291
f 290 292 293
f 292 294 295
f 294 296 297
f 296 298 299
f 298 300 301
f 300 302 303
f 302 304 305
f 304 306 307
f 306 308 309
f 308 310 311
f 310 312 313
f 312 314 315
f 314 316 317
f 316 318 319
f 318 320 321
f 320 322 323
f 322 324 325
f 324 326 327
f 326 328 329
f 328 330 331
f 330 332 333
f 332 334 335
f 334 336 337
f 336 338 339
f 338 340 341
f 340 342 343
f 342 344 345
f 344 346 347
f 346 348 349
f 348 350 351
f 350 352 353
f 352 354 355
f 354 356 357
f 356 358 359
f 358 360 361
f 360 362 363
f 362 364 365
f 364 366 367
f 366 368 369
f 368 370 371
f 370 372 373
f 372 374 375
f 374 376 377
f 376 378 379
f 378 380 381
f 380 382 383
f 382 384 385
f 384 386 387
f 386 388 389
f 388 390 391
f 390 392 393
f 392 394 395
f 394 396 397
f 396 398 399
f 398 400 401
f 400 402 403
f 402 404 405
f 404 406 407
f 406 408 409
f 408 410 411
f 410 412 413
f 412 414 415
f 414 416 417
f 416 418 419
f 418 420 421
f 420 422 423
f 422 424 425
f 424 426 427
f 426 428 429
f 428 430 431
f 430 432 433
f 432 434 435
f 434 436 437
f 436 438 439
f 438 440 441
f 440 442 443
f 442 444 445
f 444 446 447
f 446 448 449
f 448 450 451
f 450 452 453
f 452 454 455
f 454 456 457
f 456 458 459
f 458 460 461
f 460 462 463
f 462 464 465
f 464 466 467
f 466 468 469
f 468 470 471
f 470 472 473
f 472 474 475
f 474 476 477
f 476 478 479
f 478 480 481
f 480 482 483
f 482 484 485
f 484 486 487
f 486 488 489
f 488 490 491
f 490 492 493
f 492 494 495
f 494 496 497
f 496 498 499
f 498 500 501
f 500 502 503
f 502 504 505
f 504 506 507
f 506 508 509
f 508 510 511
f 510 512 513
f 512 514 515
f 514 516 517
f 516 518 519
f 518 520 521
f 520 522 523
f 522 524 525
f 524 526 527
f 526 528 529
f 528 530 531
f 530 532 533
f 532 534 535
f 534 536 537
f 536 538 539
f 538 540 541
f 540 542 543
f 542 544 545
f 544 546 547
f 546 548 549
f 548 550 551
f 550 552 553
f 552 554 555
f 554 556 557
f 556 558 559
f 558 560 561
f 560 562 563
f 562 564 565
f 564 566 567
f 566 568 569
f 568 570 571
f 570 572 573
f 572 574 575
f 574 576 577
f 576 578 579
f 578 580 581
f 580 582 583
f 582 584 585
f 584 586 587
f 586 588 589
f 588 590 591
f 590 592 593
f 592 594 595
f 594 596 597
f 596 598 599
f 598 600 601
f 600 602 603
f 602 604 605
f 604 606 607
f 606 608 609
f 608 610 611
f 610 612 613
f 612 614 615
f 614 616 617
f 616 618 619
f 618 620 621
f 620 622 623
f 622 624 625
f 624 626 627
f 626 628 629
f 628 630 631
f 630 632 633
f 632 634 635
f 634 636 637
f 636 638 639
f 638 640 641
f 640 642 643
f 642 644 645
f 644 646 647
f 646 648 649
f 648 650 651
f 650 652 653
f 652 654 655
f 654 656 657
f 656 658 659
f 658 660 661
f 660 662 663
f 662 664 665
f 664 666 667
f 666 668 669
f 668 670 671
f 670 672 673
f 672 674 675
f 674 676 677
f 676 678 679
f 678 680 681
f 680 682 683
f 682 684 685
f 684 686 687
f 686 688 689
f 688 690 691
f 690 692 693
f 692 694 695
f 694 696 697
f 696 698 699
f 698 700 701
f 700 702 703
f 702 704 705
f 704 706 707
f 706 708 709
f 708 710 711
f 710 712 713
f 712 714 715
f 714 716 717
f 716 718 719
f 718 1 720

o Shape_1
usemtl material_1
f 721 722 723
f 722 724 725
f 724 726 727
f 726 728 729
f 728 730 731
f 730 732 733
f 732 734 735
f 734 736 737
f 736 738 739
f 738 740 741
f 740 742 743
f 742 744 745
f 744 746 747
f 746 748 749
f 748 750 751
f 750 752 753
f 752 754 755
f 754 756 757
f 756 758 759
f 758 760 761
f 760 762 763
f 762 764 765
f 764 766 767
f 766 768 769
f 768 770 771
f 770 772 773
f 772 774 775
f 774 776 777
f 776 778 779
f 778 780 781
f 780 782 783
f 782 784 785
f 784 786 787
f 786 788 789
f 788 790 791
f 790 792 793
f 792 794 795
f 794 796 797
f 796 798 799
f 798 800 801
f 800 802 803
f 802 804 805
f 804 806 807
f 806 808 809
f 808 810 811
f 810 812 813
f 812 814 815
f 814 816 817
f 816 818 819
f 818 820 821
f 820 822 823
f 822 824 825
f 824 826 827
f 826 828 829
f 828 830 831
f 830 832 833
f 832 834 835
f 834 836 837
f 836 838 839
f 838 840 841
f 840 842 843
f 842 844 845
f 844 846 847
f 846 848 849
f 848 850 851
f 850 852 853
f 852 854 855
f 854 856 857
f 856 858 859
f 858 860 861
f 860 862 863
f 862 864 865
f 864 866 867
f 866 868 869
f 868 870 871
f 870 872 873
f 872 874 875
f 874 876 877
f 876 878 879
f 878 880 881
f 880 882 883
f 882 884 885
f 884 886 887
f 886 888 889
f 888 890 891
f 890 892 893
f 892 894 895
f 894 896 897
f 896 898 899
f 898 900 901
f 900 902 903
f 902 904 905
f 904 906 907
f 906 908 909
f 908 910 911
f 910 912 913
f 912 914 915
f 914 916 917
f 916 918 919
f 918 920 921
f 920 922 923
f 922 924 925
f 924 926 927
f 926 928 929
f 928 930 931
f 930 932 933
f 932 934 935
f 934 936 937
f 936 938 939
f 938 940 941
f 940 942 943
f 942 944 945
f 944 946 947
f 946 948 949
f 948 950 951
f 950 952 953
f 952 954 955
f 954 956 957
f 956 958 959
f 958 960 961
f 960 962 963
f 962 964 965
f 964 966 967
f 966 968 969
f 968 970 971
f 970 972 973
f 972 974 975
f 974 976 977
f 976 978 979
f 978 980 981
f 980 982 983
f 982 984 985
f 984 986 987
f 986 988 989
f 988 990 991
f 990 992 993
f 992 994 995
f 994 996 997
f 996 998 999
f 998 1000 1001
f 1000 1002 1003
f 1002 1004 1005
f 1004 1006 1007
f 1006 1008 1009
f 1008 1010 1011
f 1010 1012 1013
f 1012 1014 1015
f 1014 1016 1017
f 1016 1018 1019
f 1018 1020 1021
f 1020 1022 1023
f 1022 1024 1025
f 1024 1026 1027
f 1026 1028 1029
f 1028 1030 1031
f 1030 1032 1033
f 1032 1034 1035
f 1034 1036 1037
f 1036 1038 1039
f 1038 1040 1041
f 1040 1042 1043
f 1042 1044 1045
f 1044 1046 1047
f 1046 1048 1049
f 1048 1050 1051
f 1050 1052 1053
f 1052 1054 1055
f 1054 1056 1057
f 1056 1058 1059
f 1058 1060 1061
f 1060 1062 1063
f 1062 1064 1065
f 1064 1066 1067
f 1066 1068 1069
f 1068 1070 1071
f 1070 1072 1073
f 1072 1074 1075
f 1074 1076 1077
f 1076 1078 1079
f 1078 1080 1081
f 1080 1082 1083
f 1082 1084 1085
f 1084 1086 1087
f 1086 1088 1089
f 1088 1090 1091
f 1090 1092 1093
f 1092 1094 1095
f 1094 1096 1097
f 1096 1098 1099
f 1098 1100 1101
f 1100 1102 1103
f 1102 1104 1105
f 1104 1106 1107
f 1106 1108 1109
f 1108 1110 1111
f 1110 1112 1113
f 1112 1114 1115
f 1114 1116 1117
f 1116 1118 1119
f 1118 1120 1121
f 1120 1122 1123
f 1122 1124 1125
f 1124 1126 1127
f 1126 1128 1129
f 1128 1130 1131
f 1130 1132 1133
f 1132 1134 1135
f 1134 1136 1137
f 1136 1138 1139
f 1138 1140 1141
f 1140 1142 1143
f 1142 1144 1145
f 1144 1146 1147
f 1146 1148 1149
f 1148 1150 1151
f 1150 1152 1153
f 1152 1154 1155
f 1154 1156 1157
f 1156 1158 1159
f 1158 1160 1161
f 1160 1162 1163
f 1162 1164 1165
f 1164 1166 1167
f 1166 1168 1169
f 1168 1170 1171
f 1170 1172 1173
f 1172 1174 1175
f 1174 1176 1177
f 1176 1178 1179
f 1178 1180 1181
f 1180 1182 1183
f 1182 1184 1185
f 1184 1186 1187
f 1186 1188 1189
f 1188 1190 1191
f 1190 1192 1193
f 1192 1194 1195
f 1194 1196 1197
f 1196 1198 1199
f 1198 1200 1201
f 1200 1202 1203
f 1202 1204 1205
f 1204 1206 1207
f 1206 1208 1209
f 1208 1210 1211
f 1210 1212 1213
f 1212 1214 1215
f 1214 1216 1217
f 1216 1218 1219
f 1218 1220 1221
f 1220 1222 1223
f 1222 1224 1225
f 1224 1226 1227
f 1226 1228 1229
f 1228 1230 1231
f 1230 1232 1233
f 1232 1234 1235
f 1234 1236 1237
f 1236 1238 1239
f 1238 1240 1241
f 1240 1242 1243
f 1242 1244 1245
f 1244 1246 1247
f 1246 1248 1249
f 1248 1250 1251
f 1250 1252 1253
f 1252 1254 1255
f 1254 1256 1257
f 1256 1258 1259
f 1258 1260 1261
f 1260 1262 1263
f 1262 1264 1265
f 1264 1266 1267
f 1266 1268 1269
f 1268 1270 1271
f 1270 1272 1273
f 1272 1274 1275
f 1274 1276 1277
f 1276 1278 1279
f 1278 1280 1281
f 1280 1282 1283
f 1282 1284 1285
f 1284 1286 1287
f 1286 1288 1289
f 1288 1290 1291
f 1290 1292 1293
f 1292 1294 1295
f 1294 1296 1297
f 1296 1298 1299
f 1298 1300 1301
f 1300 1302 1303
f 1302 1304 1305
f 1304 1306 1307
f 1306 1308 1309
f 1308 1310 1311
f 1310 1312 1313
f 1312 1314 1315
f 1314 1316 1317
f 1316 1318 1319
f 1318 1320 1321
f 1320 1322 1323
f 1322 1324 1325
f 1324 1326 1327
f 1326 1328 1329
f 1328 1330 1331
f 1330 1332 1333
f 1332 1334 1335
f 1334 1336 1337
f 1336 1338 1339
f 1338 1340 1341
f 1340 1342 1343
f 1342 1344 1345
f 1344 1346 1347
f 1346 1348 1349
f 1348 1350 1351
f 1350 1352 1353
f 1352 1354 1355
f 1354 1356 1357
f 1356 1358 1359
f 1358 1360 1361
f 1360 1362 1363
f 1362 1364 1365
f 1364 1366 1367
f 1366 1368 1369
f 1368 1370 1371
f 1370 1372 1373
f 1372 1374 1375
f 1374 1376 1377
f 1376 1378 1379
f 1378 1380 1381
f 1380 1382 1383
f 1382 1384 1385
f 1384 1386 1387
f 1386 1388 1389
f 1388 1390 1391
f 1390 1392 1393
f 1392 1394 1395
f 1394 1396 1397
f 1396 1398 1399
f 1398 1400 1401
f 1400 1402 1403
f 1402 1404 1405
f 1404 1406 1407
f 1406 1408 1409
f 1408 1410 1411
f 1410 1412 1413
f 1412 1414 1415
f 1414 1416 1417
f 1416 1418 1419
f 1418 1420 1421
f 1420 1422 1423
f 1422 1424 1425
f 1424 1426 1427
f 1426 1428 1429
f 1428 1430 1431
f 1430 1432 1433
f 1432 1434 1435
f 1434 1436 1437
f 1436 1438 1439
f 1438 721 1440

o Shape_2
usemtl material_1
f 1441 1442 1443
f 1441 1442 1443

o Shape_3
usemtl material_1
f 1444 1442 1445
f 1444 1442 1445

o Shape_4
usemtl material_1
f 1446 1444 1447
f 1446 1444 1447

o Shape_5
usemtl material_1
f 1446 1441 1448
f 1446 1441 1448

o Shape_6
usemtl material_1
f 1449 1450 1451
f 1450 1452 1453
f 1452 1454 1455
f 1454 1456 1457
f 1456 1458 1459
f 1458 1460 1461
f 1460 1462 1463
f 1462 1464 1465
f 1464 1466 1467
f 1466 1468 1469
f 1468 1470 1471
f 1470 1472 1473
f 1472 1474 1475
f 1474 1476 1477
f 1476 1478 1479
f 1478 1480 1481
f 1480 1482 1483
f 1482 1484 1485
f 1484 1486 1487
f 1486 1488 1489
f 1488 1490 1491
f 1490 1492 1493
f 1492 1494 1495
f 1494 1496 1497
f 1496 1498 1499
f 1498 1500 1501
f 1500 1502 1503
f 1502 1504 1505
f 1504 1506 1507
f 1506 1508 1509
f 1508 1510 1511
f 1510 1512 1513
f 1512 1514 1515
f 1514 1516 1517
f 1516 1518 1519
f 1518 1520 1521
f 1520 1522 1523
f 1522 1524 1525
f 1524 1526 1527
f 1526 1528 1529
f 1528 1530 1531
f 1530 1532 1533
f 1532 1534 1535
f 1534 1536 1537
f 1536 1538 1539
f 1538 1540 1541
f 1540 1542 1543
f 1542 1544 1545
f 1544 1546 1547
f 1546 1548 1549
f 1548 1550 1551
f 1550 1552 1553
f 1552 1554 1555
f 1554 1556 1557
f 1556 1558 1559
f 1558 1560 1561
f 1560 1562 1563
f 1562 1564 1565
f 1564 1566 1567
f 1566 1568 1569
f 1568 1570 1571
f 1570 1572 1573
f 1572 1574 1575
f 1574 1576 1577
f 1576 1578 1579
f 1578 1580 1581
f 1580 1582 1583
f 1582 1584 1585
f 1584 1586 1587
f 1586 1588 1589
f 1588 1590 1591
f 1590 1592 1593
f 1592 1594 1595
f 1594 1596 1597
f 1596 1598 1599
f 1598 1600 1601
f 1600 1602 1603
f 1602 1604 1605
f 1604 1606 1607
f 1606 1608 1609
f 1608 1610 1611
f 1610 1612 1613
f 1612 1614 1615
f 1614 1616 1617
f 1616 1618 1619
f 1618 1620 1621
f 1620 1622 1623
f 1622 1624 1625
f 1624 1626 1627
f 1626 1628 1629
f 1628 1630 1631
f 1630 1632 1633
f 1632 1634 1635
f 1634 1636 1637
f 1636 1638 1639
f 1638 1640 1641
f 1640 1642 1643
f 1642 1644 1645
f 1644 1646 1647
f 1646 1648 1649
f 1648 1650 1651
f 1650 1652 1653
f 1652 1654 1655
f 1654 1656 1657
f 1656 1658 1659
f 1658 1660 1661
f 1660 1662 1663
f 1662 1664 1665
f 1664 1666 1667
f 1666 1668 1669
f 1668 1670 1671
f 1670 1672 1673
f 1672 1674 1675
f 1674 1676 1677
f 1676 1678 1679
f 1678 1680 1681
f 1680 1682 1683
f 1682 1684 1685
f 1684 1686 1687
f 1686 1688 1689
f 1688 1690 1691
f 1690 1692 1693
f 1692 1694 1695
f 1694 1696 1697
f 1696 1698 1699
f 1698 1700 1701
f 1700 1702 1703
f 1702 1704 1705
f 1704 1706 1707
f 1706 1708 1709
f 1708 1710 1711
f 1710 1712 1713
f 1712 1714 1715
f 1714 1716 1717
f 1716 1718 1719
f 1718 1720 1721
f 1720 1722 1723
f 1722 1724 1725
f 1724 1726 1727
f 1726 1728 1729
f 1728 1730 1731
f 1730 1732 1733
f 1732 1734 1735
f 1734 1736 1737
f 1736 1738 1739
f 1738 1740 1741
f 1740 1742 1743
f 1742 1744 1745
f 1744 1746 1747
f 1746 1748 1749
f 1748 1750 1751
f 1750 1752 1753
f 1752 1754 1755
f 1754 1756 1757
f 1756 1758 1759
f 1758 1760 1761
f 1760 1762 1763
f 1762 1764 1765
f 1764 1766 1767
f 1766 1768 1769
f 1768 1770 1771
f 1770 1772 1773
f 1772 1774 1775
f 1774 1776 1777
f 1776 1778 1779
f 1778 1780 1781
f 1780 1782 1783
f 1782 1784 1785
f 1784 1786 1787
f 1786 1788 1789
f 1788 1790 1791
f 1790 1792 1793
f 1792 1794 1795
f 1794 1796 1797
f 1796 1798 1799
f 1798 1800 1801
f 1800 1802 1803
f 1802 1804 1805
f 1804 1806 1807
f 1806 1808 1809
f 1808 1810 1811
f 1810 1812 1813
f 1812 1814 1815
f 1814 1816 1817
f 1816 1818 1819
f 1818 1820 1821
f 1820 1822 1823
f 1822 1824 1825
f 1824 1826 1827
f 1826 1828 1829
f 1828 1830 1831
f 1830 1832 1833
f 1832 1834 1835
f 1834 1836 1837
f 1836 1838 1839
f 1838 1840 1841
f 1840 1842 1843
f 1842 1844 1845
f 1844 1846 1847
f 1846 1848 1849
f 1848 1850 1851
f 1850 1852 1853
f 1852 1854 1855
f 1854 1856 1857
f 1856 1858 1859
f 1858 1860 1861
f 1860 1862 1863
f 1862 1864 1865
f 1864 1866 1867
f 1866 1868 1869
f 1868 1870 1871
f 1870 1872 1873
f 1872 1874 1875
f 1874 1876 1877
f 1876 1878 1879
f 1878 1880 1881
f 1880 1882 1883
f 1882 1884 1885
f 1884 1886 1887
f 1886 1888 1889
f 1888 1890 1891
f 1890 1892 1893
f 1892 1894 1895
f 1894 1896 1897
f 1896 1898 1899
f 1898 1900 1901
f 1900 1902 1903
f 1902 1904 1905
f 1904 1906 1907
f 1906 1908 1909
f 1908 1910 1911
f 1910 1912 1913
f 1912 1914 1915
f 1914 1916 1917
f 1916 1918 1919
f 1918 1920 1921
f 1920 1922 1923
f 1922 1924 1925
f 1924 1926 1927
f 1926 1928 1929
f 1928 1930 1931
f 1930 1932 1933
f 1932 1934 1935
f 1934 1936 1937
f 1936 1938 1939
f 1938 1940 1941
f 1940 1942 1943
f 1942 1944 1945
f 1944 1946 1947
f 1946 1948 1949
f 1948 1950 1951
f 1950 1952 1953
f 1952 1954 1955
f 1954 1956 1957
f 1956 1958 1959
f 1958 1960 1961
f 1960 1962 1963
f 1962 1964 1965
f 1964 1966 1967
f 1966 1968 1969
f 1968 1970 1971
f 1970 1972 1973
f 1972 1974 1975
f 1974 1976 1977
f 1976 1978 1979
f 1978 1980 1981
f 1980 1982 1983
f 1982 1984 1985
f 1984 1986 1987
f 1986 1988 1989
f 1988 1990 1991
f 1990 1992 1993
f 1992 1994 1995
f 1994 1996 1997
f 1996 1998 1999
f 1998 2000 2001
f 2000 2002 2003
f 2002 2004 2005
f 2004 2006 2007
f 2006 2008 2009
f 2008 2010 2011
f 2010 2012 2013
f 2012 2014 2015
f 2014 2016 2017
f 2016 2018 2019
f 2018 2020 2021
f 2020 2022 2023
f 2022 2024 2025
f 2024 2026 2027
f 2026 2028 2029
f 2028 2030 2031
f 2030 2032 2033
f 2032 2034 2035
f 2034 2036 2037
f 2036 2038 2039
f 2038 2040 2041
f 2040 2042 2043
f 2042 2044 2045
f 2044 2046 2047
f 2046 2048 2049
f 2048 2050 2051
f 2050 2052 2053
f 2052 2054 2055
f 2054 2056 2057
f 2056 2058 2059
f 2058 2060 2061
f 2060 2062 2063
f 2062 2064 2065
f 2064 2066 2067
f 2066 2068 2069
f 2068 2070 2071
f 2070 2072 2073
f 2072 2074 2075
f 2074 2076 2077
f 2076 2078 2079
f 2078 2080 2081
f 2080 2082 2083
f 2082 2084 2085
f 2084 2086 2087
f 2086 2088 2089
f 2088 2090 2091
f 2090 2092 2093
f 2092 2094 2095
f 2094 2096 2097
f 2096 2098 2099
f 2098 2100 2101
f 2100 2102 2103
f 2102 2104 2105
f 2104 2106 2107
f 2106 2108 2109
f 2108 2110 2111
f 2110 2112 2113
f 2112 2114 2115
f 2114 2116 2117
f 2116 2118 2119
f 2118 2120 2121
f 2120 2122 2123
f 2122 2124 2125
f 2124 2126 2127
f 2126 2128 2129
f 2128 2130 2131
f 2130 2132 2133
f 2132 2134 2135
f 2134 2136 2137
f 2136 2138 2139
f 2138 2140 2141
f 2140 2142 2143
f 2142 2144 2145
f 2144 2146 2147
f 2146 2148 2149
f 2148 2150 2151
f 2150 2152 2153
f 2152 2154 2155
f 2154 2156 2157
f 2156 2158 2159
f 2158 2160 2161
f 2160 2162 2163
f 2162 2164 2165
f 2164 2166 2167
f 2166 1449 2168

o Shape_7
usemtl material_1
f 2169 2170 2171
f 2170 2172 2173
f 2172 2174 2175
f 2174 2176 2177
f 2176 2178 2179
f 2178 2180 2181
f 2180 2182 2183
f 2182 2184 2185
f 2184 2186 2187
f 2186 2188 2189
f 2188 2190 2191
f 2190 2192 2193
f 2192 2194 2195
f 2194 2196 2197
f 2196 2198 2199
f 2198 2200 2201
f 2200 2202 2203
f 2202 2204 2205
f 2204 2206 2207
f 2206 2208 2209
f 2208 2210 2211
f 2210 2212 2213
f 2212 2214 2215
f 2214 2216 2217
f 2216 2218 2219
f 2218 2220 2221
f 2220 2222 2223
f 2222 2224 2225
f 2224 2226 2227
f 2226 2228 2229
f 2228 2230 2231
f 2230 2232 2233
f 2232 2234 2235
f 2234 2236 2237
f 2236 2238 2239
f 2238 2240 2241
f 2240 2242 2243
f 2242 2244 2245
f 2244 2246 2247
f 2246 2248 2249
f 2248 2250 2251
f 2250 2252 2253
f 2252 2254 2255
f 2254 2256 2257
f 2256 2258 2259
f 2258 2260 2261
f 2260 2262 2263
f 2262 2264 2265
f 2264 2266 2267
f 2266 2268 2269
f 2268 2270 2271
f 2270 2272 2273
f 2272 2274 2275
f 2274 2276 2277
f 2276 2278 2279
f 2278 2280 2281
f 2280 2282 2283
f 2282 2284 2285
f 2284 2286 2287
f 2286 2288 2289
f 2288 2290 2291
f 2290 2292 2293
f 2292 2294 2295
f 2294 2296 2297
f 2296 2298 2299
f 2298 2300 2301
f 2300 2302 2303
f 2302 2304 2305
f 2304 2306 2307
f 2306 2308 2309
f 2308 2310 2311
f 2310 2312 2313
f 2312 2314 2315
f 2314 2316 2317
f 2316 2318 2319
f 2318 2320 2321
f 2320 2322 2323
f 2322 2324 2325
f 2324 2326 2327
f 2326 2328 2329
f 2328 2330 2331
f 2330 2332 2333
f 2332 2334 2335
f 2334 2336 2337
f 2336 2338 2339
f 2338 2340 2341
f 2340 2342 2343
f 2342 2344 2345
f 2344 2346 2347
f 2346 2348 2349
f 2348 2350 2351
f 2350 2352 2353
f 2352 2354 2355
f 2354 2356 2357
f 2356 2358 2359
f 2358 2360 2361
f 2360 2362 2363
f 2362 2364 2365
f 2364 2366 2367
f 2366 2368 2369
f 2368 2370 2371
f 2370 2372 2373
f 2372 2374 2375
f 2374 2376 2377
f 2376 2378 2379
f 2378 2380 2381
f 2380 2382 2383
f 2382 2384 2385
f 2384 2386 2387
f 2386 2388 2389
f 2388 2390 2391
f 2390 2392 2393
f 2392 2394 2395
f 2394 2396 2397
f 2396 2398 2399
f 2398 2400 2401
f 2400 2402 2403
f 2402 2404 2405
f 2404 2406 2407
f 2406 2408 2409
f 2408 2410 2411
f 2410 2412 2413
f 2412 2414 2415
f 2414 2416 2417
f 2416 2418 2419
f 2418 2420 2421
f 2420 2422 2423
f 2422 2424 2425
f 2424 2426 2427
f 2426 2428 2429
f 2428 2430 2431
f 2430 2432 2433
f 2432 2434 2435
f 2434 2436 2437
f 2436 2438 2439
f 2438 2440 2441
f 2440 2442 2443
f 2442 2444 2445
f 2444 2446 2447
f 2446 2448 2449
f 2448 2450 2451
f 2450 2452 2453
f 2452 2454 2455
f 2454 2456 2457
f 2456 2458 2459
f 2458 2460 2461
f 2460 2462 2463
f 2462 2464 2465
f 2464 2466 2467
f 2466 2468 2469
f 2468 2470 2471
f 2470 2472 2473
f 2472 2474 2475
f 2474 2476 2477
f 2476 2478 2479
f 2478 2480 2481
f 2480 2482 2483
f 2482 2484 2485
f 2484 2486 2487
f 2486 2488 2489
f 2488 2490 2491
f 2490 2492 2493
f 2492 2494 2495
f 2494 2496 2497
f 2496 2498 2499
f 2498 2500 2501
f 2500 2502 2503
f 2502 2504 2505
f 2504 2506 2507
f 2506 2508 2509
f 2508 2510 2511
f 2510 2512 2513
f 2512 2514 2515
f 2514 2516 2517
f 2516 2518 2519
f 2518 2520 2521
f 2520 2522 2523
f 2522 2524 2525
f 2524 2526 2527
f 2526 2528 2529
f 2528 2530 2531
f 2530 2532 2533
f 2532 2534 2535
f 2534 2536 2537
f 2536 2538 2539
f 2538 2540 2541
f 2540 2542 2543
f 2542 2544 2545
f 2544 2546 2547
f 2546 2548 2549
f 2548 2550 2551
f 2550 2552 2553
f 2552 2554 2555
f 2554 2556 2557
f 2556 2558 2559
f 2558 2560 2561
f 2560 2562 2563
f 2562 2564 2565
f 2564 2566 2567
f 2566 2568 2569
f 2568 2570 2571
f 2570 2572 2573
f 2572 2574 2575
f 2574 2576 2577
f 2576 2578 2579
f 2578 2580 2581
f 2580 2582 2583
f 2582 2584 2585
f 2584 2586 2587
f 2586 2588 2589
f 2588 2590 2591
f 2590 2592 2593
f 2592 2594 2595
f 2594 2596 2597
f 2596 2598 2599
f 2598 2600 2601
f 2600 2602 2603
f 2602 2604 2605
f 2604 2606 2607
f 2606 2608 2609
f 2608 2610 2611
f 2610 2612 2613
f 2612 2614 2615
f 2614 2616 2617
f 2616 2618 2619
f 2618 2620 2621
f 2620 2622 2623
f 2622 2624 2625
f 2624 2626 2627
f 2626 2628 2629
f 2628 2630 2631
f 2630 2632 2633
f 2632 2634 2635
f 2634 2636 2637
f 2636 2638 2639
f 2638 2640 2641
f 2640 2642 2643
f 2642 2644 2645
f 2644 2646 2647
f 2646 2648 2649
f 2648 2650 2651
f 2650 2652 2653
f 2652 2654 2655
f 2654 2656 2657
f 2656 2658 2659
f 2658 2660 2661
f 2660 2662 2663
f 2662 2664 2665
f 2664 2666 2667
f 2666 2668 2669
f 2668 2670 2671
f 2670 2672 2673
f 2672 2674 2675
f 2674 2676 2677
f 2676 2678 2679
f 2678 2680 2681
f 2680 2682 2683
f 2682 2684 2685
f 2684 2686 2687
f 2686 2688 2689
f 2688 2690 2691
f 2690 2692 2693
f 2692 2694 2695
f 2694 2696 2697
f 2696 2698 2699
f 2698 2700 2701
f 2700 2702 2703
f 2702 2704 2705
f 2704 2706 2707
f 2706 2708 2709
f 2708 2710 2711
f 2710 2712 2713
f 2712 2714 2715
f 2714 2716 2717
f 2716 2718 2719
f 2718 2720 2721
f 2720 2722 2723
f 2722 2724 2725
f 2724 2726 2727
f 2726 2728 2729
f 2728 2730 2731
f 2730 2732 2733
f 2732 2734 2735
f 2734 2736 2737
f 2736 2738 2739
f 2738 2740 2741
f 2740 2742 2743
f 2742 2744 2745
f 2744 2746 2747
f 2746 2748 2749
f 2748 2750 2751
f 2750 2752 2753
f 2752 2754 2755
f 2754 2756 2757
f 2756 2758 2759
f 2758 2760 2761
f 2760 2762 2763
f 2762 2764 2765
f 2764 2766 2767
f 2766 2768 2769
f 2768 2770 2771
f 2770 2772 2773
f 2772 2774 2775
f 2774 2776 2777
f 2776 2778 2779
f 2778 2780 2781
f 2780 2782 2783
f 2782 2784 2785
f 2784 2786 2787
f 2786 2788 2789
f 2788 2790 2791
f 2790 2792 2793
f 2792 2794 2795
f 2794 2796 2797
f 2796 2798 2799
f 2798 2800 2801
f 2800 2802 2803
f 2802 2804 2805
f 2804 2806 2807
f 2806 2808 2809
f 2808 2810 2811
f 2810 2812 2813
f 2812 2814 2815
f 2814 2816 2817
f 2816 2818 2819
f 2818 2820 2821
f 2820 2822 2823
f 2822 2824 2825
f 2824 2826 2827
f 2826 2828 2829
f 2828 2830 2831
f 2830 2832 2833
f 2832 2834 2835
f 2834 2836 2837
f 2836 2838 2839
f 2838 2840 2841
f 2840 2842 2843
f 2842 2844 2845
f 2844 2846 2847
f 2846 2848 2849
f 2848 2850 2851
f 2850 2852 2853
f 2852 2854 2855
f 2854 2856 2857
f 2856 2858 2859
f 2858 2860 2861
f 2860 2862 2863
f 2862 2864 2865
f 2864 2866 2867
f 2866 2868 2869
f 2868 2870 2871
f 2870 2872 2873
f 2872 2874 2875
f 2874 2876 2877
f 2876 2878 2879
f 2878 2880 2881
f 2880 2882 2883
f 2882 2884 2885
f 2884 2886 2887
f 2886 2169 2888

o Shape_8
usemtl material_1
f 2889 2890 2891
f 2890 2892 2893
f 2892 2894 2895
f 2894 2896 2897
f 2896 2898 2899
f 2898 2900 2901
f 2900 2902 2903
f 2902 2904 2905
f 2904 2906 2907
f 2906 2908 2909
f 2908 2910 2911
f 2910 2912 2913
f 2912 2914 2915
f 2914 2916 2917
f 2916 2918 2919
f 2918 2920 2921
f 2920 2922 2923
f 2922 2924 2925
f 2924 2926 2927
f 2926 2928 2929
f 2928 2930 2931
f 2930 2932 2933
f 2932 2934 2935
f 2934 2936 2937
f 2936 2938 2939
f 2938 2940 2941
f 2940 2942 2943
f 2942 2944 2945
f 2944 2946 2947
f 2946 2948 2949
f 2948 2950 2951
f 2950 2952 2953
f 2952 2954 2955
f 2954 2956 2957
f 2956 2958 2959
f 2958 2960 2961
f 2960 2962 2963
f 2962 2964 2965
f 2964 2966 2967
f 2966 2968 2969
f 2968 2970 2971
f 2970 2972 2973
f 2972 2974 2975
f 2974 2976 2977
f 2976 2978 2979
f 2978 2980 2981
f 2980 2982 2983
f 2982 2984 2985
f 2984 2986 2987
f 2986 2988 2989
f 2988 2990 2991
f 2990 2992 2993
f 2992 2994 2995
f 2994 2996 2997
f 2996 2998 2999
f 2998 3000 3001
f 3000 3002 3003
f 3002 3004 3005
f 3004 3006 3007
f 3006 3008 3009
f 3008 3010 3011
f 3010 3012 3013
f 3012 3014 3015
f 3014 3016 3017
f 3016 3018 3019
f 3018 3020 3021
f 3020 3022 3023
f 3022 3024 3025
f 3024 3026 3027
f 3026 3028 3029
f 3028 3030 3031
f 3030 3032 3033
f 3032 3034 3035
f 3034 3036 3037
f 3036 3038 3039
f 3038 3040 3041
f 3040 3042 3043
f 3042 3044 3045
f 3044 3046 3047
f 3046 3048 3049
f 3048 3050 3051
f 3050 3052 3053
f 3052 3054 3055
f 3054 3056 3057
f 3056 3058 3059
f 3058 3060 3061
f 3060 3062 3063
f 3062 3064 3065
f 3064 3066 3067
f 3066 3068 3069
f 3068 3070 3071
f 3070 3072 3073
f 3072 3074 3075
f 3074 3076 3077
f 3076 3078 3079
f 3078 3080 3081
f 3080 3082 3083
f 3082 3084 3085
f 3084 3086 3087
f 3086 3088 3089
f 3088 3090 3091
f 3090 3092 3093
f 3092 3094 3095
f 3094 3096 3097
f 3096 3098 3099
f 3098 3100 3101
f 3100 3102 3103
f 3102 3104 3105
f 3104 3106 3107
f 3106 3108 3109
f 3108 3110 3111
f 3110 3112 3113
f 3112 3114 3115
f 3114 3116 3117
f 3116 3118 3119
f 3118 3120 3121
f 3120 3122 3123
f 3122 3124 3125
f 3124 3126 3127
f 3126 3128 3129
f 3128 3130 3131
f 3130 3132 3133
f 3132 3134 3135
f 3134 3136 3137
f 3136 3138 3139
f 3138 3140 3141
f 3140 3142 3143
f 3142 3144 3145
f 3144 3146 3147
f 3146 3148 3149
f 3148 3150 3151
f 3150 3152 3153
f 3152 3154 3155
f 3154 3156 3157
f 3156 3158 3159
f 3158 3160 3161
f 3160 3162 3163
f 3162 3164 3165
f 3164 3166 3167
f 3166 3168 3169
f 3168 3170 3171
f 3170 3172 3173
f 3172 3174 3175
f 3174 3176 3177
f 3176 3178 3179
f 3178 3180 3181
f 3180 3182 3183
f 3182 3184 3185
f 3184 3186 3187
f 3186 3188 3189
f 3188 3190 3191
f 3190 3192 3193
f 3192 3194 3195
f 3194 3196 3197
f 3196 3198 3199
f 3198 3200 3201
f 3200 3202 3203
f 3202 3204 3205
f 3204 3206 3207
f 3206 3208 3209
f 3208 3210 3211
f 3210 3212 3213
f 3212 3214 3215
f 3214 3216 3217
f 3216 3218 3219
f 3218 3220 3221
f 3220 3222 3223
f 3222 3224 3225
f 3224 3226 3227
f 3226 3228 3229
f 3228 3230 3231
f 3230 3232 3233
f 3232 3234 3235
f 3234 3236 3237
f 3236 3238 3239
f 3238 3240 3241
f 3240 3242 3243
f 3242 3244 3245
f 3244 3246 3247
f 3246 3248 3249
f 3248 3250 3251
f 3250 3252 3253
f 3252 3254 3255
f 3254 3256 3257
f 3256 3258 3259
f 3258 3260 3261
f 3260 3262 3263
f 3262 3264 3265
f 3264 3266 3267
f 3266 3268 3269
f 3268 3270 3271
f 3270 3272 3273
f 3272 3274 3275
f 3274 3276 3277
f 3276 3278 3279
f 3278 3280 3281
f 3280 3282 3283
f 3282 3284 3285
f 3284 3286 3287
f 3286 3288 3289
f 3288 3290 3291
f 3290 3292 3293
f 3292 3294 3295
f 3294 3296 3297
f 3296 3298 3299
f 3298 3300 3301
f 3300 3302 3303
f 3302 3304 3305
f 3304 3306 3307
f 3306 3308 3309
f 3308 3310 3311
f 3310 3312 3313
f 3312 3314 3315
f 3314 3316 3317
f 3316 3318 3319
f 3318 3320 3321
f 3320 3322 3323
f 3322 3324 3325
f 3324 3326 3327
f 3326 3328 3329
f 3328 3330 3331
f 3330 3332 3333
f 3332 3334 3335
f 3334 3336 3337
f 3336 3338 3339
f 3338 3340 3341
f 3340 3342 3343
f 3342 3344 3345
f 3344 3346 3347
f 3346 3348 3349
f 3348 3350 3351
f 3350 3352 3353
f 3352 3354 3355
f 3354 3356 3357
f 3356 3358 3359
f 3358 3360 3361
f 3360 3362 3363
f 3362 3364 3365
f 3364 3366 3367
f 3366 3368 3369
f 3368 3370 3371
f 3370 3372 3373
f 3372 3374 3375
f 3374 3376 3377
f 3376 3378 3379
f 3378 3380 3381
f 3380 3382 3383
f 3382 3384 3385
f 3384 3386 3387
f 3386 3388 3389
f 3388 3390 3391
f 3390 3392 3393
f 3392 3394 3395
f 3394 3396 3397
f 3396 3398 3399
f 3398 3400 3401
f 3400 3402 3403
f 3402 3404 3405
f 3404 3406 3407
f 3406 3408 3409
f 3408 3410 3411
f 3410 3412 3413
f 3412 3414 3415
f 3414 3416 3417
f 3416 3418 3419
f 3418 3420 3421
f 3420 3422 3423
f 3422 3424 3425
f 3424 3426 3427
f 3426 3428 3429
f 3428 3430 3431
f 3430 3432 3433
f 3432 3434 3435
f 3434 3436 3437
f 3436 3438 3439
f 3438 3440 3441
f 3440 3442 3443
f 3442 3444 3445
f 3444 3446 3447
f 3446 3448 3449
f 3448 3450 3451
f 3450 3452 3453
f 3452 3454 3455
f 3454 3456 3457
f 3456 3458 3459
f 3458 3460 3461
f 3460 3462 3463
f 3462 3464 3465
f 3464 3466 3467
f 3466 3468 3469
f 3468 3470 3471
f 3470 3472 3473
f 3472 3474 3475
f 3474 3476 3477
f 3476 3478 3479
f 3478 3480 3481
f 3480 3482 3483
f 3482 3484 3485
f 3484 3486 3487
f 3486 3488 3489
f 3488 3490 3491
f 3490 3492 3493
f 3492 3494 3495
f 3494 3496 3497
f 3496 3498 3499
f 3498 3500 3501
f 3500 3502 3503
f 3502 3504 3505
f 3504 3506 3507
f 3506 3508 3509
f 3508 3510 3511
f 3510 3512 3513
f 3512 3514 3515
f 3514 3516 3517
f 3516 3518 3519
f 3518 3520 3521
f 3520 3522 3523
f 3522 3524 3525
f 3524 3526 3527
f 3526 3528 3529
f 3528 3530 3531
f 3530 3532 3533
f 3532 3534 3535
f 3534 3536 3537
f 3536 3538 3539
f 3538 3540 3541
f 3540 3542 3543
f 3542 3544 3545
f 3544 3546 3547
f 3546 3548 3549
f 3548 3550 3551
f 3550 3552 3553
f 3552 3554 3555
f 3554 3556 3557
f 3556 3558 3559
f 3558 3560 3561
f 3560 3562 3563
f 3562 3564 3565
f 3564 3566 3567
f 3566 3568 3569
f 3568 3570 3571
f 3570 3572 3573
f 3572 3574 3575
f 3574 3576 3577
f 3576 3578 3579
f 3578 3580 3581
f 3580 3582 3583
f 3582 3584 3585
f 3584 3586 3587
f 3586 3588 3589
f 3588 3590 3591
f 3590 3592 3593
f 3592 3594 3595
f 3594 3596 3597
f 3596 3598 3599
f 3598 3600 3601
f 3600 3602 3603
f 3602 3604 3605
f 3604 3606 3607
f 3606 2889 3608

o Shape_9
usemtl material_1
f 3609 3610 3611
f 3610 3612 3613
f 3612 3614 3615
f 3614 3616 3617
f 3616 3618 3619
f 3618 3620 3621
f 3620 3622 3623
f 3622 3624 3625
f 3624 3626 3627
f 3626 3628 3629
f 3628 3630 3631
f 3630 3632 3633
f 3632 3634 3635
f 3634 3636 3637
f 3636 3638 3639
f 3638 3640 3641
f 3640 3642 3643
f 3642 3644 3645
f 3644 3646 3647
f 3646 3648 3649
f 3648 3650 3651
f 3650 3652 3653
f 3652 3654 3655
f 3654 3656 3657
f 3656 3658 3659
f 3658 3660 3661
f 3660 3662 3663
f 3662 3664 3665
f 3664 3666 3667
f 3666 3668 3669
f 3668 3670 3671
f 3670 3672 3673
f 3672 3674 3675
f 3674 3676 3677
f 3676 3678 3679
f 3678 3680 3681
f 3680 3682 3683
f 3682 3684 3685
f 3684 3686 3687
f 3686 3688 3689
f 3688 3690 3691
f 3690 3692 3693
f 3692 3694 3695
f 3694 3696 3697
f 3696 3698 3699
f 3698 3700 3701
f 3700 3702 3703
f 3702 3704 3705
f 3704 3706 3707
f 3706 3708 3709
f 3708 3710 3711
f 3710 3712 3713
f 3712 3714 3715
f 3714 3716 3717
f 3716 3718 3719
f 3718 3720 3721
f 3720 3722 3723
f 3722 3724 3725
f 3724 3726 3727
f 3726 3728 3729
f 3728 3730 3731
f 3730 3732 3733
f 3732 3734 3735
f 3734 3736 3737
f 3736 3738 3739
f 3738 3740 3741
f 3740 3742 3743
f 3742 3744 3745
f 3744 3746 3747
f 3746 3748 3749
f 3748 3750 3751
f 3750 3752 3753
f 3752 3754 3755
f 3754 3756 3757
f 3756 3758 3759
f 3758 3760 3761
f 3760 3762 3763
f 3762 3764 3765
f 3764 3766 3767
f 3766 3768 3769
f 3768 3770 3771
f 3770 3772 3773
f 3772 3774 3775
f 3774 3776 3777
f 3776 3778 3779
f 3778 3780 3781
f 3780 3782 3783
f 3782 3784 3785
f 3784 3786 3787
f 3786 3788 3789
f 3788 3790 3791
f 3790 3792 3793
f 3792 3794 3795
f 3794 3796 3797
f 3796 3798 3799
f 3798 3800 3801
f 3800 3802 3803
f 3802 3804 3805
f 3804 3806 3807
f 3806 3808 3809
f 3808 3810 3811
f 3810 3812 3813
f 3812 3814 3815
f 3814 3816 3817
f 3816 3818 3819
f 3818 3820 3821
f 3820 3822 3823
f 3822 3824 3825
f 3824 3826 3827
f 3826 3828 3829
f 3828 3830 3831
f 3830 3832 3833
f 3832 3834 3835
f 3834 3836 3837
f 3836 3838 3839
f 3838 3840 3841
f 3840 3842 3843
f 3842 3844 3845
f 3844 3846 3847
f 3846 3848 3849
f 3848 3850 3851
f 3850 3852 3853
f 3852 3854 3855
f 3854 3856 3857
f 3856 3858 3859
f 3858 3860 3861
f 3860 3862 3863
f 3862 3864 3865
f 3864 3866 3867
f 3866 3868 3869
f 3868 3870 3871
f 3870 3872 3873
f 3872 3874 3875
f 3874 3876 3877
f 3876 3878 3879
f 3878 3880 3881
f 3880 3882 3883
f 3882 3884 3885
f 3884 3886 3887
f 3886 3888 3889
f 3888 3890 3891
f 3890 3892 3893
f 3892 3894 3895
f 3894 3896 3897
f 3896 3898 3899
f 3898 3900 3901
f 3900 3902 3903
f 3902 3904 3905
f 3904 3906 3907
f 3906 3908 3909
f 3908 3910 3911
f 3910 3912 3913
f 3912 3914 3915
f 3914 3916 3917
f 3916 3918 3919
f 3918 3920 3921
f 3920 3922 3923
f 3922 3924 3925
f 3924 3926 3927
f 3926 3928 3929
f 3928 3930 3931
f 3930 3932 3933
f 3932 3934 3935
f 3934 3936 3937
f 3936 3938 3939
f 3938 3940 3941
f 3940 3942 3943
f 3942 3944 3945
f 3944 3946 3947
f 3946 3948 3949
f 3948 3950 3951
f 3950 3952 3953
f 3952 3954 3955
f 3954 3956 3957
f 3956 3958 3959
f 3958 3960 3961
f 3960 3962 3963
f 3962 3964 3965
f 3964 3966 3967
f 3966 3968 3969
f 3968 3970 3971
f 3970 3972 3973
f 3972 3974 3975
f 3974 3976 3977
f 3976 3978 3979
f 3978 3980 3981
f 3980 3982 3983
f 3982 3984 3985
f 3984 3986 3987
f 3986 3988 3989
f 3988 3990 3991
f 3990 3992 3993
f 3992 3994 3995
f 3994 3996 3997
f 3996 3998 3999
f 3998 4000 4001
f 4000 4002 4003
f 4002 4004 4005
f 4004 4006 4007
f 4006 4008 4009
f 4008 4010 4011
f 4010 4012 4013
f 4012 4014 4015
f 4014 4016 4017
f 4016 4018 4019
f 4018 4020 4021
f 4020 4022 4023
f 4022 4024 4025
f 4024 4026 4027
f 4026 4028 4029
f 4028 4030 4031
f 4030 4032 4033
f 4032 4034 4035
f 4034 4036 4037
f 4036 4038 4039
f 4038 4040 4041
f 4040 4042 4043
f 4042 4044 4045
f 4044 4046 4047
f 4046 4048 4049
f 4048 4050 4051
f 4050 4052 4053
f 4052 4054 4055
f 4054 4056 4057
f 4056 4058 4059
f 4058 4060 4061
f 4060 4062 4063
f 4062 4064 4065
f 4064 4066 4067
f 4066 4068 4069
f 4068 4070 4071
f 4070 4072 4073
f 4072 4074 4075
f 4074 4076 4077
f 4076 4078 4079
f 4078 4080 4081
f 4080 4082 4083
f 4082 4084 4085
f 4084 4086 4087
f 4086 4088 4089
f 4088 4090 4091
f 4090 4092 4093
f 4092 4094 4095
f 4094 4096 4097
f 4096 4098 4099
f 4098 4100 4101
f 4100 4102 4103
f 4102 4104 4105
f 4104 4106 4107
f 4106 4108 4109
f 4108 4110 4111
f 4110 4112 4113
f 4112 4114 4115
f 4114 4116 4117
f 4116 4118 4119
f 4118 4120 4121
f 4120 4122 4123
f 4122 4124 4125
f 4124 4126 4127
f 4126 4128 4129
f 4128 4130 4131
f 4130 4132 4133
f 4132 4134 4135
f 4134 4136 4137
f 4136 4138 4139
f 4138 4140 4141
f 4140 4142 4143
f 4142 4144 4145
f 4144 4146 4147
f 4146 4148 4149
f 4148 4150 4151
f 4150 4152 4153
f 4152 4154 4155
f 4154 4156 4157
f 4156 4158 4159
f 4158 4160 4161
f 4160 4162 4163
f 4162 4164 4165
f 4164 4166 4167
f 4166 4168 4169
f 4168 4170 4171
f 4170 4172 4173
f 4172 4174 4175
f 4174 4176 4177
f 4176 4178 4179
f 4178 4180 4181
f 4180 4182 4183
f 4182 4184 4185
f 4184 4186 4187
f 4186 4188 4189
f 4188 4190 4191
f 4190 4192 4193
f 4192 4194 4195
f 4194 4196 4197
f 4196 4198 4199
f 4198 4200 4201
f 4200 4202 4203
f 4202 4204 4205
f 4204 4206 4207
f 4206 4208 4209
f 4208 4210 4211
f 4210 4212 4213
f 4212 4214 4215
f 4214 4216 4217
f 4216 4218 4219
f 4218 4220 4221
f 4220 4222 4223
f 4222 4224 4225
f 4224 4226 4227
f 4226 4228 4229
f 4228 4230 4231
f 4230 4232 4233
f 4232 4234 4235
f 4234 4236 4237
f 4236 4238 4239
f 4238 4240 4241
f 4240 4242 4243
f 4242 4244 4245
f 4244 4246 4247
f 4246 4248 4249
f 4248 4250 4251
f 4250 4252 4253
f 4252 4254 4255
f 4254 4256 4257
f 4256 4258 4259
f 4258 4260 4261
f 4260 4262 4263
f 4262 4264 4265
f 4264 4266 4267
f 4266 4268 4269
f 4268 4270 4271
f 4270 4272 4273
f 4272 4274 4275
f 4274 4276 4277
f 4276 4278 4279
f 4278 4280 4281
f 4280 4282 4283
f 4282 4284 4285
f 4284 4286 4287
f 4286 4288 4289
f 4288 4290 4291
f 4290 4292 4293
f 4292 4294 4295
f 4294 4296 4297
f 4296 4298 4299
f 4298 4300 4301
f 4300 4302 4303
f 4302 4304 4305
f 4304 4306 4307
f 4306 4308 4309
f 4308 4310 4311
f 4310 4312 4313
f 4312 4314 4315
f 4314 4316 4317
f 4316 4318 4319
f 4318 4320 4321
f 4320 4322 4323
f 4322 4324 4325
f 4324 4326 4327
f 4326 3609 4328

o Shape_10
usemtl material_1
f 4329 4330 4331
f 4329 4330 4331

o Shape_11
usemtl material_1
f 1442 4330 4332
f 1442 4330 4332

o Shape_12
usemtl material_1
f 1441 1442 1443
f 1441 1442 1443

o Shape_13
usemtl material_1
f 1441 4329 4333
f 1441 4329 4333

o Shape_14
usemtl material_1
f 4334 4335 4336
f 4335 4337 4338
f 4337 4339 4340
f 4339 4341 4342
f 4341 4343 4344
f 4343 4345 4346
f 4345 4347 4348
f 4347 4349 4350
f 4349 4351 4352
f 4351 4353 4354
f 4353 4355 4356
f 4355 4357 4358
f 4357 4359 4360
f 4359 4361 4362
f 4361 4363 4364
f 4363 4365 4366
f 4365 4367 4368
f 4367 4369 4370
f 4369 4371 4372
f 4371 4373 4374
f 4373 4375 4376
f 4375 4377 4378
f 4377 4379 4380
f 4379 4381 4382
f 4381 4383 4384
f 4383 4385 4386
f 4385 4387 4388
f 4387 4389 4390
f 4389 4391 4392
f 4391 4393 4394
f 4393 4395 4396
f 4395 4397 4398
f 4397 4399 4400
f 4399 4401 4402
f 4401 4403 4404
f 4403 4405 4406
f 4405 4407 4408
f 4407 4409 4410
f 4409 4411 4412
f 4411 4413 4414
f 4413 4415 4416
f 4415 4417 4418
f 4417 4419 4420
f 4419 4421 4422
f 4421 4423 4424
f 4423 4425 4426
f 4425 4427 4428
f 4427 4429 4430
f 4429 4431 4432
f 4431 4433 4434
f 4433 4435 4436
f 4435 4437 4438
f 4437 4439 4440
f 4439 4441 4442
f 4441 4443 4444
f 4443 4445 4446
f 4445 4447 4448
f 4447 4449 4450
f 4449 4451 4452
f 4451 4453 4454
f 4453 4455 4456
f 4455 4457 4458
f 4457 4459 4460
f 4459 4461 4462
f 4461 4463 4464
f 4463 4465 4466
f 4465 4467 4468
f 4467 4469 4470
f 4469 4471 4472
f 4471 4473 4474
f 4473 4475 4476
f 4475 4477 4478
f 4477 4479 4480
f 4479 4481 4482
f 4481 4483 4484
f 4483 4485 4486
f 4485 4487 4488
f 4487 4489 4490
f 4489 4491 4492
f 4491 4493 4494
f 4493 4495 4496
f 4495 4497 4498
f 4497 4499 4500
f 4499 4501 4502
f 4501 4503 4504
f 4503 4505 4506
f 4505 4507 4508
f 4507 4509 4510
f 4509 4511 4512
f 4511 4513 4514
f 4513 4515 4516
f 4515 4517 4518
f 4517 4519 4520
f 4519 4521 4522
f 4521 4523 4524
f 4523 4525 4526
f 4525 4527 4528
f 4527 4529 4530
f 4529 4531 4532
f 4531 4533 4534
f 4533 4535 4536
f 4535 4537 4538
f 4537 4539 4540
f 4539 4541 4542
f 4541 4543 4544
f 4543 4545 4546
f 4545 4547 4548
f 4547 4549 4550
f 4549 4551 4552
f 4551 4553 4554
f 4553 4555 4556
f 4555 4557 4558
f 4557 4559 4560
f 4559 4561 4562
f 4561 4563 4564
f 4563 4565 4566
f 4565 4567 4568
f 4567 4569 4570
f 4569 4571 4572
f 4571 4573 4574
f 4573 4575 4576
f 4575 4577 4578
f 4577 4579 4580
f 4579 4581 4582
f 4581 4583 4584
f 4583 4585 4586
f 4585 4587 4588
f 4587 4589 4590
f 4589 4591 4592
f 4591 4593 4594
f 4593 4595 4596
f 4595 4597 4598
f 4597 4599 4600
f 4599 4601 4602
f 4601 4603 4604
f 4603 4605 4606
f 4605 4607 4608
f 4607 4609 4610
f 4609 4611 4612
f 4611 4613 4614
f 4613 4615 4616
f 4615 4617 4618
f 4617 4619 4620
f 4619 4621 4622
f 4621 4623 4624
f 4623 4625 4626
f 4625 4627 4628
f 4627 4629 4630
f 4629 4631 4632
f 4631 4633 4634
f 4633 4635 4636
f 4635 4637 4638
f 4637 4639 4640
f 4639 4641 4642
f 4641 4643 4644
f 4643 4645 4646
f 4645 4647 4648
f 4647 4649 4650
f 4649 4651 4652
f 4651 4653 4654
f 4653 4655 4656
f 4655 4657 4658
f 4657 4659 4660
f 4659 4661 4662
f 4661 4663 4664
f 4663 4665 4666
f 4665 4667 4668
f 4667 4669 4670
f 4669 4671 4672
f 4671 4673 4674
f 4673 4675 4676
f 4675 4677 4678
f 4677 4679 4680
f 4679 4681 4682
f 4681 4683 4684
f 4683 4685 4686
f 4685 4687 4688
f 4687 4689 4690
f 4689 4691 4692
f 4691 4693 4694
f 4693 4695 4696
f 4695 4697 4698
f 4697 4699 4700
f 4699 4701 4702
f 4701 4703 4704
f 4703 4705 4706
f 4705 4707 4708
f 4707 4709 4710
f 4709 4711 4712
f 4711 4713 4714
f 4713 4715 4716
f 4715 4717 4718
f 4717 4719 4720
f 4719 4721 4722
f 4721 4723 4724
f 4723 4725 4726
f 4725 4727 4728
f 4727 4729 4730
f 4729 4731 4732
f 4731 4733 4734
f 4733 4735 4736
f 4735 4737 4738
f 4737 4739 4740
f 4739 4741 4742
f 4741 4743 4744
f 4743 4745 4746
f 4745 4747 4748
f 4747 4749 4750
f 4749 4751 4752
f 4751 4753 4754
f 4753 4755 4756
f 4755 4757 4758
f 4757 4759 4760
f 4759 4761 4762
f 4761 4763 4764
f 4763 4765 4766
f 4765 4767 4768
f 4767 4769 4770
f 4769 4771 4772
f 4771 4773 4774
f 4773 4775 4776
f 4775 4777 4778
f 4777 4779 4780
f 4779 4781 4782
f 4781 4783 4784
f 4783 4785 4786
f 4785 4787 4788
f 4787 4789 4790
f 4789 4791 4792
f 4791 4793 4794
f 4793 4795 4796
f 4795 4797 4798
f 4797 4799 4800
f 4799 4801 4802
f 4801 4803 4804
f 4803 4805 4806
f 4805 4807 4808
f 4807 4809 4810
f 4809 4811 4812
f 4811 4813 4814
f 4813 4815 4816
f 4815 4817 4818
f 4817 4819 4820
f 4819 4821 4822
f 4821 4823 4824
f 4823 4825 4826
f 4825 4827 4828
f 4827 4829 4830
f 4829 4831 4832
f 4831 4833 4834
f 4833 4835 4836
f 4835 4837 4838
f 4837 4839 4840
f 4839 4841 4842
f 4841 4843 4844
f 4843 4845 4846
f 4845 4847 4848
f 4847 4849 4850
f 4849 4851 4852
f 4851 4853 4854
f 4853 4855 4856
f 4855 4857 4858
f 4857 4859 4860
f 4859 4861 4862
f 4861 4863 4864
f 4863 4865 4866
f 4865 4867 4868
f 4867 4869 4870
f 4869 4871 4872
f 4871 4873 4874
f 4873 4875 4876
f 4875 4877 4878
f 4877 4879 4880
f 4879 4881 4882
f 4881 4883 4884
f 4883 4885 4886
f 4885 4887 4888
f 4887 4889 4890
f 4889 4891 4892
f 4891 4893 4894
f 4893 4895 4896
f 4895 4897 4898
f 4897 4899 4900
f 4899 4901 4902
f 4901 4903 4904
f 4903 4905 4906
f 4905 4907 4908
f 4907 4909 4910
f 4909 4911 4912
f 4911 4913 4914
f 4913 4915 4916
f 4915 4917 4918
f 4917 4919 4920
f 4919 4921 4922
f 4921 4923 4924
f 4923 4925 4926
f 4925 4927 4928
f 4927 4929 4930
f 4929 4931 4932
f 4931 4933 4934
f 4933 4935 4936
f 4935 4937 4938
f 4937 4939 4940
f 4939 4941 4942
f 4941 4943 4944
f 4943 4945 4946
f 4945 4947 4948
f 4947 4949 4950
f 4949 4951 4952
f 4951 4953 4954
f 4953 4955 4956
f 4955 4957 4958
f 4957 4959 4960
f 4959 4961 4962
f 4961 4963 4964
f 4963 4965 4966
f 4965 4967 4968
f 4967 4969 4970
f 4969 4971 4972
f 4971 4973 4974
f 4973 4975 4976
f 4975 4977 4978
f 4977 4979 4980
f 4979 4981 4982
f 4981 4983 4984
f 4983 4985 4986
f 4985 4987 4988
f 4987 4989 4990
f 4989 4991 4992
f 4991 4993 4994
f 4993 4995 4996
f 4995 4997 4998
f 4997 4999 5000
f 4999 5001 5002
f 5001 5003 5004
f 5003 5005 5006
f 5005 5007 5008
f 5007 5009 5010
f 5009 5011 5012
f 5011 5013 5014
f 5013 5015 5016
f 5015 5017 5018
f 5017 5019 5020
f 5019 5021 5022
f 5021 5023 5024
f 5023 5025 5026
f 5025 5027 5028
f 5027 5029 5030
f 5029 5031 5032
f 5031 5033 5034
f 5033 5035 5036
f 5035 5037 5038
f 5037 5039 5040
f 5039 5041 5042
f 5041 5043 5044
f 5043 5045 5046
f 5045 5047 5048
f 5047 5049 5050
f 5049 5051 5052
f 5051 4334 5053

o Shape_15
usemtl material_1
f 5054 5055 5056
f 5055 5057 5058
f 5057 5059 5060
f 5059 5061 5062
f 5061 5063 5064
f 5063 5065 5066
f 5065 5067 5068
f 5067 5069 5070
f 5069 5071 5072
f 5071 5073 5074
f 5073 5075 5076
f 5075 5077 5078
f 5077 5079 5080
f 5079 5081 5082
f 5081 5083 5084
f 5083 5085 5086
f 5085 5087 5088
f 5087 5089 5090
f 5089 5091 5092
f 5091 5093 5094
f 5093 5095 5096
f 5095 5097 5098
f 5097 5099 5100
f 5099 5101 5102
f 5101 5103 5104
f 5103 5105 5106
f 5105 5107 5108
f 5107 5109 5110
f 5109 5111 5112
f 5111 5113 5114
f 5113 5115 5116
f 5115 5117 5118
f 5117 5119 5120
f 5119 5121 5122
f 5121 5123 5124
f 5123 5125 5126
f 5125 5127 5128
f 5127 5129 5130
f 5129 5131 5132
f 5131 5133 5134
f 5133 5135 5136
f 5135 5137 5138
f 5137 5139 5140
f 5139 5141 5142
f 5141 5143 5144
f 5143 5145 5146
f 5145 5147 5148
f 5147 5149 5150
f 5149 5151 5152
f 5151 5153 5154
f 5153 5155 5156
f 5155 5157 5158
f 5157 5159 5160
f 5159 5161 5162
f 5161 5163 5164
f 5163 5165 5166
f 5165 5167 5168
f 5167 5169 5170
f 5169 5171 5172
f 5171 5173 5174
f 5173 5175 5176
f 5175 5177 5178
f 5177 5179 5180
f 5179 5181 5182
f 5181 5183 5184
f 5183 5185 5186
f 5185 5187 5188
f 5187 5189 5190
f 5189 5191 5192
f 5191 5193 5194
f 5193 5195 5196
f 5195 5197 5198
f 5197 5199 5200
f 5199 5201 5202
f 5201 5203 5204
f 5203 5205 5206
f 5205 5207 5208
f 5207 5209 5210
f 5209 5211 5212
f 5211 5213 5214
f 5213 5215 5216
f 5215 5217 5218
f 5217 5219 5220
f 5219 5221 5222
f 5221 5223 5224
f 5223 5225 5226
f 5225 5227 5228
f 5227 5229 5230
f 5229 5231 5232
f 5231 5233 5234
f 5233 5235 5236
f 5235 5237 5238
f 5237 5239 5240
f 5239 5241 5242
f 5241 5243 5244
f 5243 5245 5246
f 5245 5247 5248
f 5247 5249 5250
f 5249 5251 5252
f 5251 5253 5254
f 5253 5255 5256
f 5255 5257 5258
f 5257 5259 5260
f 5259 5261 5262
f 5261 5263 5264
f 5263 5265 5266
f 5265 5267 5268
f 5267 5269 5270
f 5269 5271 5272
f 5271 5273 5274
f 5273 5275 5276
f 5275 5277 5278
f 5277 5279 5280
f 5279 5281 5282
f 5281 5283 5284
f 5283 5285 5286
f 5285 5287 5288
f 5287 5289 5290
f 5289 5291 5292
f 5291 5293 5294
f 5293 5295 5296
f 5295 5297 5298
f 5297 5299 5300
f 5299 5301 5302
f 5301 5303 5304
f 5303 5305 5306
f 5305 5307 5308
f 5307 5309 5310
f 5309 5311 5312
f 5311 5313 5314
f 5313 5315 5316
f 5315 5317 5318
f 5317 5319 5320
f 5319 5321 5322
f 5321 5323 5324
f 5323 5325 5326
f 5325 5327 5328
f 5327 5329 5330
f 5329 5331 5332
f 5331 5333 5334
f 5333 5335 5336
f 5335 5337 5338
f 5337 5339 5340
f 5339 5341 5342
f 5341 5343 5344
f 5343 5345 5346
f 5345 5347 5348
f 5347 5349 5350
f 5349 5351 5352
f 5351 5353 5354
f 5353 5355 5356
f 5355 5357 5358
f 5357 5359 5360
f 5359 5361 5362
f 5361 5363 5364
f 5363 5365 5366
f 5365 5367 5368
f 5367 5369 5370
f 5369 5371 5372
f 5371 5373 5374
f 5373 5375 5376
f 5375 5377 5378
f 5377 5379 5380
f 5379 5381 5382
f 5381 5383 5384
f 5383 5385 5386
f 5385 5387 5388
f 5387 5389 5390
f 5389 5391 5392
f 5391 5393 5394
f 5393 5395 5396
f 5395 5397 5398
f 5397 5399 5400
f 5399 5401 5402
f 5401 5403 5404
f 5403 5405 5406
f 5405 5407 5408
f 5407 5409 5410
f 5409 5411 5412
f 5411 5413 5414
f 5413 5415 5416
f 5415 5417 5418
f 5417 5419 5420
f 5419 5421 5422
f 5421 5423 5424
f 5423 5425 5426
f 5425 5427 5428
f 5427 5429 5430
f 5429 5431 5432
f 5431 5433 5434
f 5433 5435 5436
f 5435 5437 5438
f 5437 5439 5440
f 5439 5441 5442
f 5441 5443 5444
f 5443 5445 5446
f 5445 5447 5448
f 5447 5449 5450
f 5449 5451 5452
f 5451 5453 5454
f 5453 5455 5456
f 5455 5457 5458
f 5457 5459 5460
f 5459 5461 5462
f 5461 5463 5464
f 5463 5465 5466
f 5465 5467 5468
f 5467 5469 5470
f 5469 5471 5472
f 5471 5473 5474
f 5473 5475 5476
f 5475 5477 5478
f 5477 5479 5480
f 5479 5481 5482
f 5481 5483 5484
f 5483 5485 5486
f 5485 5487 5488
f 5487 5489 5490
f 5489 5491 5492
f 5491 5493 5494
f 5493 5495 5496
f 5495 5497 5498
f 5497 5499 5500
f 5499 5501 5502
f 5501 5503 5504
f 5503 5505 5506
f 5505 5507 5508
f 5507 5509 5510
f 5509 5511 5512
f 5511 5513 5514
f 5513 5515 5516
f 5515 5517 5518
f 5517 5519 5520
f 5519 5521 5522
f 5521 5523 5524
f 5523 5525 5526
f 5525 5527 5528
f 5527 5529 5530
f 5529 5531 5532
f 5531 5533 5534
f 5533 5535 5536
f 5535 5537 5538
f 5537 5539 5540
f 5539 5541 5542
f 5541 5543 5544
f 5543 5545 5546
f 5545 5547 5548
f 5547 5549 5550
f 5549 5551 5552
f 5551 5553 5554
f 5553 5555 5556
f 5555 5557 5558
f 5557 5559 5560
f 5559 5561 5562
f 5561 5563 5564
f 5563 5565 5566
f 5565 5567 5568
f 5567 5569 5570
f 5569 5571 5572
f 5571 5573 5574
f 5573 5575 5576
f 5575 5577 5578
f 5577 5579 5580
f 5579 5581 5582
f 5581 5583 5584
f 5583 5585 5586
f 5585 5587 5588
f 5587 5589 5590
f 5589 5591 5592
f 5591 5593 5594
f 5593 5595 5596
f 5595 5597 5598
f 5597 5599 5600
f 5599 5601 5602
f 5601 5603 5604
f 5603 5605 5606
f 5605 5607 5608
f 5607 5609 5610
f 5609 5611 5612
f 5611 5613 5614
f 5613 5615 5616
f 5615 5617 5618
f 5617 5619 5620
f 5619 5621 5622
f 5621 5623 5624
f 5623 5625 5626
f 5625 5627 5628
f 5627 5629 5630
f 5629 5631 5632
f 5631 5633 5634
f 5633 5635 5636
f 5635 5637 5638
f 5637 5639 5640
f 5639 5641 5642
f 5641 5643 5644
f 5643 5645 5646
f 5645 5647 5648
f 5647 5649 5650
f 5649 5651 5652
f 5651 5653 5654
f 5653 5655 5656
f 5655 5657 5658
f 5657 5659 5660
f 5659 5661 5662
f 5661 5663 5664
f 5663 5665 5666
f 5665 5667 5668
f 5667 5669 5670
f 5669 5671 5672
f 5671 5673 5674
f 5673 5675 5676
f 5675 5677 5678
f 5677 5679 5680
f 5679 5681 5682
f 5681 5683 5684
f 5683 5685 5686
f 5685 5687 5688
f 5687 5689 5690
f 5689 5691 5692
f 5691 5693 5694
f 5693 5695 5696
f 5695 5697 5698
f 5697 5699 5700
f 5699 5701 5702
f 5701 5703 5704
f 5703 5705 5706
f 5705 5707 5708
f 5707 5709 5710
f 5709 5711 5712
f 5711 5713 5714
f 5713 5715 5716
f 5715 5717 5718
f 5717 5719 5720
f 5719 5721 5722
f 5721 5723 5724
f 5723 5725 5726
f 5725 5727 5728
f 5727 5729 5730
f 5729 5731 5732
f 5731 5733 5734
f 5733 5735 5736
f 5735 5737 5738
f 5737 5739 5740
f 5739 5741 5742
f 5741 5743 5744
f 5743 5745 5746
f 5745 5747 5748
f 5747 5749 5750
f 5749 5751 5752
f 5751 5753 5754
f 5753 5755 5756
f 5755 5757 5758
f 5757 5759 5760
f 5759 5761 5762
f 5761 5763 5764
f 5763 5765 5766
f 5765 5767 5768
f 5767 5769 5770
f 5769 5771 5772
f 5771 5054 5773

o Shape_16
usemtl material_1
f 4334 4335 4336
f 4335 4337 4338
f 4337 4339 4340
f 4339 4341 4342
f 4341 4343 4344
f 4343 4345 4346
f 4345 4347 4348
f 4347 4349 4350
f 4349 4351 4352
f 4351 4353 4354
f 4353 4355 4356
f 4355 4357 4358
f 4357 4359 4360
f 4359 4361 4362
f 4361 4363 4364
f 4363 4365 4366
f 4365 4367 4368
f 4367 4369 4370
f 4369 4371 4372
f 4371 4373 4374
f 4373 4375 4376
f 4375 4377 4378
f 4377 4379 4380
f 4379 4381 4382
f 4381 4383 4384
f 4383 4385 4386
f 4385 4387 4388
f 4387 4389 4390
f 4389 4391 4392
f 4391 4393 4394
f 4393 4395 4396
f 4395 4397 4398
f 4397 4399 4400
f 4399 4401 4402
f 4401 4403 4404
f 4403 4405 4406
f 4405 4407 4408
f 4407 4409 4410
f 4409 4411 4412
f 4411 4413 4414
f 4413 4415 4416
f 4415 4417 4418
f 4417 4419 4420
f 4419 4421 4422
f 4421 4423 4424
f 4423 4425 4426
f 4425 4427 4428
f 4427 4429 4430
f 4429 4431 4432
f 4431 4433 4434
f 4433 4435 4436
f 4435 4437 4438
f 4437 4439 4440
f 4439 4441 4442
f 4441 4443 4444
f 4443 4445 4446
f 4445 4447 4448
f 4447 4449 4450
f 4449 4451 4452
f 4451 4453 4454
f 4453 4455 4456
f 4455 4457 4458
f 4457 4459 4460
f 4459 4461 4462
f 4461 4463 4464
f 4463 4465 4466
f 4465 4467 4468
f 4467 4469 4470
f 4469 4471 4472
f 4471 4473 4474
f 4473 4475 4476
f 4475 4477 4478
f 4477 4479 4480
f 4479 4481 4482
f 4481 4483 4484
f 4483 4485 4486
f 4485 4487 4488
f 4487 4489 4490
f 4489 4491 4492
f 4491 4493 4494
f 4493 4495 4496
f 4495 4497 4498
f 4497 4499 4500
f 4499 4501 4502
f 4501 4503 4504
f 4503 4505 4506
f 4505 4507 4508
f 4507 4509 4510
f 4509 4511 4512
f 4511 4513 4514
f 4513 4515 4516
f 4515 4517 4518
f 4517 4519 4520
f 4519 4521 4522
f 4521 4523 4524
f 4523 4525 4526
f 4525 4527 4528
f 4527 4529 4530
f 4529 4531 4532
f 4531 4533 4534
f 4533 4535 4536
f 4535 4537 4538
f 4537 4539 4540
f 4539 4541 4542
f 4541 4543 4544
f 4543 4545 4546
f 4545 4547 4548
f 4547 4549 4550
f 4549 4551 4552
f 4551 4553 4554
f 4553 4555 4556
f 4555 4557 4558
f 4557 4559 4560
f 4559 4561 4562
f 4561 4563 4564
f 4563 4565 4566
f 4565 4567 4568
f 4567 4569 4570
f 4569 4571 4572
f 4571 4573 4574
f 4573 4575 4576
f 4575 4577 4578
f 4577 4579 4580
f 4579 4581 4582
f 4581 4583 4584
f 4583 4585 4586
f 4585 4587 4588
f 4587 4589 4590
f 4589 4591 4592
f 4591 4593 4594
f 4593 4595 4596
f 4595 4597 4598
f 4597 4599 4600
f 4599 4601 4602
f 4601 4603 4604
f 4603 4605 4606
f 4605 4607 4608
f 4607 4609 4610
f 4609 4611 4612
f 4611 4613 4614
f 4613 4615 4616
f 4615 4617 4618
f 4617 4619 4620
f 4619 4621 4622
f 4621 4623 4624
f 4623 4625 4626
f 4625 4627 4628
f 4627 4629 4630
f 4629 4631 4632
f 4631 4633 4634
f 4633 4635 4636
f 4635 4637 4638
f 4637 4639 4640
f 4639 4641 4642
f 4641 4643 4644
f 4643 4645 4646
f 4645 4647 4648
f 4647 4649 4650
f 4649 4651 4652
f 4651 4653 4654
f 4653 4655 4656
f 4655 4657 4658
f 4657 4659 4660
f 4659 4661 4662
f 4661 4663 4664
f 4663 4665 4666
f 4665 4667 4668
f 4667 4669 4670
f 4669 4671 4672
f 4671 4673 4674
f 4673 4675 4676
f 4675 4677 4678
f 4677 4679 4680
f 4679 4681 4682
f 4681 4683 4684
f 4683 4685 4686
f 4685 4687 4688
f 4687 4689 4690
f 4689 4691 4692
f 4691 4693 4694
f 4693 4695 4696
f 4695 4697 4698
f 4697 4699 4700
f 4699 4701 4702
f 4701 4703 4704
f 4703 4705 4706
f 4705 4707 4708
f 4707 4709 4710
f 4709 4711 4712
f 4711 4713 4714
f 4713 4715 4716
f 4715 4717 4718
f 4717 4719 4720
f 4719 4721 4722
f 4721 4723 4724
f 4723 4725 4726
f 4725 4727 4728
f 4727 4729 4730
f 4729 4731 4732
f 4731 4733 4734
f 4733 4735 4736
f 4735 4737 4738
f 4737 4739 4740
f 4739 4741 4742
f 4741 4743 4744
f 4743 4745 4746
f 4745 4747 4748
f 4747 4749 4750
f 4749 4751 4752
f 4751 4753 4754
f 4753 4755 4756
f 4755 4757 4758
f 4757 4759 4760
f 4759 4761 4762
f 4761 4763 4764
f 4763 4765 4766
f 4765 4767 4768
f 4767 4769 4770
f 4769 4771 4772
f 4771 4773 4774
f 4773 4775 4776
f 4775 4777 4778
f 4777 4779 4780
f 4779 4781 4782
f 4781 4783 4784
f 4783 4785 4786
f 4785 4787 4788
f 4787 4789 4790
f 4789 4791 4792
f 4791 4793 4794
f 4793 4795 4796
f 4795 4797 4798
f 4797 4799 4800
f 4799 4801 4802
f 4801 4803 4804
f 4803 4805 4806
f 4805 4807 4808
f 4807 4809 4810
f 4809 4811 4812
f 4811 4813 4814
f 4813 4815 4816
f 4815 4817 4818
f 4817 4819 4820
f 4819 4821 4822
f 4821 4823 4824
f 4823 4825 4826
f 4825 4827 4828
f 4827 4829 4830
f 4829 4831 4832
f 4831 4833 4834
f 4833 4835 4836
f 4835 4837 4838
f 4837 4839 4840
f 4839 4841 4842
f 4841 4843 4844
f 4843 4845 4846
f 4845 4847 4848
f 4847 4849 4850
f 4849 4851 4852
f 4851 4853 4854
f 4853 4855 4856
f 4855 4857 4858
f 4857 4859 4860
f 4859 4861 4862
f 4861 4863 4864
f 4863 4865 4866
f 4865 4867 4868
f 4867 4869 4870
f 4869 4871 4872
f 4871 4873 4874
f 4873 4875 4876
f 4875 4877 4878
f 4877 4879 4880
f 4879 4881 4882
f 4881 4883 4884
f 4883 4885 4886
f 4885 4887 4888
f 4887 4889 4890
f 4889 4891 4892
f 4891 4893 4894
f 4893 4895 4896
f 4895 4897 4898
f 4897 4899 4900
f 4899 4901 4902
f 4901 4903 4904
f 4903 4905 4906
f 4905 4907 4908
f 4907 4909 4910
f 4909 4911 4912
f 4911 4913 4914
f 4913 4915 4916
f 4915 4917 4918
f 4917 4919 4920
f 4919 4921 4922
f 4921 4923 4924
f 4923 4925 4926
f 4925 4927 4928
f 4927 4929 4930
f 4929 4931 4932
f 4931 4933 4934
f 4933 4935 4936
f 4935 4937 4938
f 4937 4939 4940
f 4939 4941 4942
f 4941 4943 4944
f 4943 4945 4946
f 4945 4947 4948
f 4947 4949 4950
f 4949 4951 4952
f 4951 4953 4954
f 4953 4955 4956
f 4955 4957 4958
f 4957 4959 4960
f 4959 4961 4962
f 4961 4963 4964
f 4963 4965 4966
f 4965 4967 4968
f 4967 4969 4970
f 4969 4971 4972
f 4971 4973 4974
f 4973 4975 4976
f 4975 4977 4978
f 4977 4979 4980
f 4979 4981 4982
f 4981 4983 4984
f 4983 4985 4986
f 4985 4987 4988
f 4987 4989 4990
f 4989 4991 4992
f 4991 4993 4994
f 4993 4995 4996
f 4995 4997 4998
f 4997 4999 5000
f 4999 5001 5002
f 5001 5003 5004
f 5003 5005 5006
f 5005 5007 5008
f 5007 5009 5010
f 5009 5011 5012
f 5011 5013 5014
f 5013 5015 5016
f 5015 5017 5018
f 5017 5019 5020
f 5019 5021 5022
f 5021 5023 5024
f 5023 5025 5026
f 5025 5027 5028
f 5027 5029 5030
f 5029 5031 5032
f 5031 5033 5034
f 5033 5035 5036
f 5035 5037 5038
f 5037 5039 5040
f 5039 5041 5042
f 5041 5043 5044
f 5043 5045 5046
f 5045 5047 5048
f 5047 5049 5050
f 5049 5051 5052
f 5051 4334 5053

o Shape_17
usemtl material_1
f 1449 1450 1451
f 1450 1452 1453
f 1452 1454 1455
f 1454 1456 1457
f 1456 1458 1459
f 1458 1460 1461
f 1460 1462 1463
f 1462 1464 1465
f 1464 1466 1467
f 1466 1468 1469
f 1468 1470 1471
f 1470 1472 1473
f 1472 1474 1475
f 1474 1476 1477
f 1476 1478 1479
f 1478 1480 1481
f 1480 1482 1483
f 1482 1484 1485
f 1484 1486 1487
f 1486 1488 1489
f 1488 1490 1491
f 1490 1492 1493
f 1492 1494 1495
f 1494 1496 1497
f 1496 1498 1499
f 1498 1500 1501
f 1500 1502 1503
f 1502 1504 1505
f 1504 1506 1507
f 1506 1508 1509
f 1508 1510 1511
f 1510 1512 1513
f 1512 1514 1515
f 1514 1516 1517
f 1516 1518 1519
f 1518 1520 1521
f 1520 1522 1523
f 1522 1524 1525
f 1524 1526 1527
f 1526 1528 1529
f 1528 1530 1531
f 1530 1532 1533
f 1532 1534 1535
f 1534 1536 1537
f 1536 1538 1539
f 1538 1540 1541
f 1540 1542 1543
f 1542 1544 1545
f 1544 1546 1547
f 1546 1548 1549
f 1548 1550 1551
f 1550 1552 1553
f 1552 1554 1555
f 1554 1556 1557
f 1556 1558 1559
f 1558 1560 1561
f 1560 1562 1563
f 1562 1564 1565
f 1564 1566 1567
f 1566 1568 1569
f 1568 1570 1571
f 1570 1572 1573
f 1572 1574 1575
f 1574 1576 1577
f 1576 1578 1579
f 1578 1580 1581
f 1580 1582 1583
f 1582 1584 1585
f 1584 1586 1587
f 1586 1588 1589
f 1588 1590 1591
f 1590 1592 1593
f 1592 1594 1595
f 1594 1596 1597
f 1596 1598 1599
f 1598 1600 1601
f 1600 1602 1603
f 1602 1604 1605
f 1604 1606 1607
f 1606 1608 1609
f 1608 1610 1611
f 1610 1612 1613
f 1612 1614 1615
f 1614 1616 1617
f 1616 1618 1619
f 1618 1620 1621
f 1620 1622 1623
f 1622 1624 1625
f 1624 1626 1627
f 1626 1628 1629
f 1628 1630 1631
f 1630 1632 1633
f 1632 1634 1635
f 1634 1636 1637
f 1636 1638 1639
f 1638 1640 1641
f 1640 1642 1643
f 1642 1644 1645
f 1644 1646 1647
f 1646 1648 1649
f 1648 1650 1651
f 1650 1652 1653
f 1652 1654 1655
f 1654 1656 1657
f 1656 1658 1659
f 1658 1660 1661
f 1660 1662 1663
f 1662 1664 1665
f 1664 1666 1667
f 1666 1668 1669
f 1668 1670 1671
f 1670 1672 1673
f 1672 1674 1675
f 1674 1676 1677
f 1676 1678 1679
f 1678 1680 1681
f 1680 1682 1683
f 1682 1684 1685
f 1684 1686 1687
f 1686 1688 1689
f 1688 1690 1691
f 1690 1692 1693
f 1692 1694 1695
f 1694 1696 1697
f 1696 1698 1699
f 1698 1700 1701
f 1700 1702 1703
f 1702 1704 1705
f 1704 1706 1707
f 1706 1708 1709
f 1708 1710 1711
f 1710 1712 1713
f 1712 1714 1715
f 1714 1716 1717
f 1716 1718 1719
f 1718 1720 1721
f 1720 1722 1723
f 1722 1724 1725
f 1724 1726 1727
f 1726 1728 1729
f 1728 1730 1731
f 1730 1732 1733
f 1732 1734 1735
f 1734 1736 1737
f 1736 1738 1739
f 1738 1740 1741
f 1740 1742 1743
f 1742 1744 1745
f 1744 1746 1747
f 1746 1748 1749
f 1748 1750 1751
f 1750 1752 1753
f 1752 1754 1755
f 1754 1756 1757
f 1756 1758 1759
f 1758 1760 1761
f 1760 1762 1763
f 1762 1764 1765
f 1764 1766 1767
f 1766 1768 1769
f 1768 1770 1771
f 1770 1772 1773
f 1772 1774 1775
f 1774 1776 1777
f 1776 1778 1779
f 1778 1780 1781
f 1780 1782 1783
f 1782 1784 1785
f 1784 1786 1787
f 1786 1788 1789
f 1788 1790 1791
f 1790 1792 1793
f 1792 1794 1795
f 1794 1796 1797
f 1796 1798 1799
f 1798 1800 1801
f 1800 1802 1803
f 1802 1804 1805
f 1804 1806 1807
f 1806 1808 1809
f 1808 1810 1811
f 1810 1812 1813
f 1812 1814 1815
f 1814 1816 1817
f 1816 1818 1819
f 1818 1820 1821
f 1820 1822 1823
f 1822 1824 1825
f 1824 1826 1827
f 1826 1828 1829
f 1828 1830 1831
f 1830 1832 1833
f 1832 1834 1835
f 1834 1836 1837
f 1836 1838 1839
f 1838 1840 1841
f 1840 1842 1843
f 1842 1844 1845
f 1844 1846 1847
f 1846 1848 1849
f 1848 1850 1851
f 1850 1852 1853
f 1852 1854 1855
f 1854 1856 1857
f 1856 1858 1859
f 1858 1860 1861
f 1860 1862 1863
f 1862 1864 1865
f 1864 1866 1867
f 1866 1868 1869
f 1868 1870 1871
f 1870 1872 1873
f 1872 1874 1875
f 1874 1876 1877
f 1876 1878 1879
f 1878 1880 1881
f 1880 1882 1883
f 1882 1884 1885
f 1884 1886 1887
f 1886 1888 1889
f 1888 1890 1891
f 1890 1892 1893
f 1892 1894 1895
f 1894 1896 1897
f 1896 1898 1899
f 1898 1900 1901
f 1900 1902 1903
f 1902 1904 1905
f 1904 1906 1907
f 1906 1908 1909
f 1908 1910 1911
f 1910 1912 1913
f 1912 1914 1915
f 1914 1916 1917
f 1916 1918 1919
f 1918 1920 1921
f 1920 1922 1923
f 1922 1924 1925
f 1924 1926 1927
f 1926 1928 1929
f 1928 1930 1931
f 1930 1932 1933
f 1932 1934 1935
f 1934 1936 1937
f 1936 1938 1939
f 1938 1940 1941
f 1940 1942 1943
f 1942 1944 1945
f 1944 1946 1947
f 1946 1948 1949
f 1948 1950 1951
f 1950 1952 1953
f 1952 1954 1955
f 1954 1956 1957
f 1956 1958 1959
f 1958 1960 1961
f 1960 1962 1963
f 1962 1964 1965
f 1964 1966 1967
f 1966 1968 1969
f 1968 1970 1971
f 1970 1972 1973
f 1972 1974 1975
f 1974 1976 1977
f 1976 1978 1979
f 1978 1980 1981
f 1980 1982 1983
f 1982 1984 1985
f 1984 1986 1987
f 1986 1988 1989
f 1988 1990 1991
f 1990 1992 1993
f 1992 1994 1995
f 1994 1996 1997
f 1996 1998 1999
f 1998 2000 2001
f 2000 2002 2003
f 2002 2004 2005
f 2004 2006 2007
f 2006 2008 2009
f 2008 2010 2011
f 2010 2012 2013
f 2012 2014 2015
f 2014 2016 2017
f 2016 2018 2019
f 2018 2020 2021
f 2020 2022 2023
f 2022 2024 2025
f 2024 2026 2027
f 2026 2028 2029
f 2028 2030 2031
f 2030 2032 2033
f 2032 2034 2035
f 2034 2036 2037
f 2036 2038 2039
f 2038 2040 2041
f 2040 2042 2043
f 2042 2044 2045
f 2044 2046 2047
f 2046 2048 2049
f 2048 2050 2051
f 2050 2052 2053
f 2052 2054 2055
f 2054 2056 2057
f 2056 2058 2059
f 2058 2060 2061
f 2060 2062 2063
f 2062 2064 2065
f 2064 2066 2067
f 2066 2068 2069
f 2068 2070 2071
f 2070 2072 2073
f 2072 2074 2075
f 2074 2076 2077
f 2076 2078 2079
f 2078 2080 2081
f 2080 2082 2083
f 2082 2084 2085
f 2084 2086 2087
f 2086 2088 2089
f 2088 2090 2091
f 2090 2092 2093
f 2092 2094 2095
f 2094 2096 2097
f 2096 2098 2099
f 2098 2100 2101
f 2100 2102 2103
f 2102 2104 2105
f 2104 2106 2107
f 2106 2108 2109
f 2108 2110 2111
f 2110 2112 2113
f 2112 2114 2115
f 2114 2116 2117
f 2116 2118 2119
f 2118 2120 2121
f 2120 2122 2123
f 2122 2124 2125
f 2124 2126 2127
f 2126 2128 2129
f 2128 2130 2131
f 2130 2132 2133
f 2132 2134 2135
f 2134 2136 2137
f 2136 2138 2139
f 2138 2140 2141
f 2140 2142 2143
f 2142 2144 2145
f 2144 2146 2147
f 2146 2148 2149
f 2148 2150 2151
f 2150 2152 2153
f 2152 2154 2155
f 2154 2156 2157
f 2156 2158 2159
f 2158 2160 2161
f 2160 2162 2163
f 2162 2164 2165
f 2164 2166 2167
f 2166 1449 2168

o Shape_18
usemtl material_1
f 4334 1808 5774
f 4334 1808 5774

o Shape_19
usemtl material_1
f 4423 1898 5775
f 4423 1898 5775

o Shape_20
usemtl material_1
f 4513 1988 5776
f 4513 1988 5776

o Shape_21
usemtl material_1
f 4603 2078 5777
f 4603 2078 5777

o Shape_22
usemtl material_1
f 4693 1449 5778
f 4693 1449 5778

o Shape_23
usemtl material_1
f 4783 1538 5779
f 4783 1538 5779

o Shape_24
usemtl material_1
f 4873 1628 5780
f 4873 1628 5780

o Shape_25
usemtl material_1
f 4963 1718 5781
f 4963 1718 5781

o Shape_26
usemtl material_1
f 4334 1808 5774
f 4334 1808 5774

o Shape_27
usemtl material_1
f 5782 5783 5784
f 5783 5785 5786
f 5785 5787 5788
f 5787 5789 5790
f 5789 5791 5792
f 5791 5793 5794
f 5793 5795 5796
f 5795 5797 5798
f 5797 5799 5800
f 5799 5801 5802
f 5801 5803 5804
f 5803 5805 5806
f 5805 5807 5808
f 5807 5809 5810
f 5809 5811 5812
f 5811 5813 5814
f 5813 5815 5816
f 5815 5817 5818
f 5817 5819 5820
f 5819 5821 5822
f 5821 5823 5824
f 5823 5825 5826
f 5825 5827 5828
f 5827 5829 5830
f 5829 5831 5832
f 5831 5833 5834
f 5833 5835 5836
f 5835 5837 5838
f 5837 5839 5840
f 5839 5841 5842
f 5841 5843 5844
f 5843 5845 5846
f 5845 5847 5848
f 5847 5849 5850
f 5849 5851 5852
f 5851 5853 5854
f 5853 5855 5856
f 5855 5857 5858
f 5857 5859 5860
f 5859 5861 5862
f 5861 5863 5864
f 5863 5865 5866
f 5865 5867 5868
f 5867 5869 5870
f 5869 5871 5872
f 5871 5873 5874
f 5873 5875 5876
f 5875 5877 5878
f 5877 5879 5880
f 5879 5881 5882
f 5881 5883 5884
f 5883 5885 5886
f 5885 5887 5888
f 5887 5889 5890
f 5889 5891 5892
f 5891 5893 5894
f 5893 5895 5896
f 5895 5897 5898
f 5897 5899 5900
f 5899 5901 5902
f 5901 5903 5904
f 5903 5905 5906
f 5905 5907 5908
f 5907 5909 5910
f 5909 5911 5912
f 5911 5913 5914
f 5913 5915 5916
f 5915 5917 5918
f 5917 5919 5920
f 5919 5921 5922
f 5921 5923 5924
f 5923 5925 5926
f 5925 5927 5928
f 5927 5929 5930
f 5929 5931 5932
f 5931 5933 5934
f 5933 5935 5936
f 5935 5937 5938
f 5937 5939 5940
f 5939 5941 5942
f 5941 5943 5944
f 5943 5945 5946
f 5945 5947 5948
f 5947 5949 5950
f 5949 5951 5952
f 5951 5953 5954
f 5953 5955 5956
f 5955 5957 5958
f 5957 5959 5960
f 5959 5961 5962
f 5961 5963 5964
f 5963 5965 5966
f 5965 5967 5968
f 5967 5969 5970
f 5969 5971 5972
f 5971 5973 5974
f 5973 5975 5976
f 5975 5977 5978
f 5977 5979 5980
f 5979 5981 5982
f 5981 5983 5984
f 5983 5985 5986
f 5985 5987 5988
f 5987 5989 5990
f 5989 5991 5992
f 5991 5993 5994
f 5993 5995 5996
f 5995 5997 5998
f 5997 5999 6000
f 5999 6001 6002
f 6001 6003 6004
f 6003 6005 6006
f 6005 6007 6008
f 6007 6009 6010
f 6009 6011 6012
f 6011 6013 6014
f 6013 6015 6016
f 6015 6017 6018
f 6017 6019 6020
f 6019 6021 6022
f 6021 6023 6024
f 6023 6025 6026
f 6025 6027 6028
f 6027 6029 6030
f 6029 6031 6032
f 6031 6033 6034
f 6033 6035 6036
f 6035 6037 6038
f 6037 6039 6040
f 6039 6041 6042
f 6041 6043 6044
f 6043 6045 6046
f 6045 6047 6048
f 6047 6049 6050
f 6049 6051 6052
f 6051 6053 6054
f 6053 6055 6056
f 6055 6057 6058
f 6057 6059 6060
f 6059 6061 6062
f 6061 6063 6064
f 6063 6065 6066
f 6065 6067 6068
f 6067 6069 6070
f 6069 6071 6072
f 6071 6073 6074
f 6073 6075 6076
f 6075 6077 6078
f 6077 6079 6080
f 6079 6081 6082
f 6081 6083 6084
f 6083 6085 6086
f 6085 6087 6088
f 6087 6089 6090
f 6089 6091 6092
f 6091 6093 6094
f 6093 6095 6096
f 6095 6097 6098
f 6097 6099 6100
f 6099 6101 6102
f 6101 6103 6104
f 6103 6105 6106
f 6105 6107 6108
f 6107 6109 6110
f 6109 6111 6112
f 6111 6113 6114
f 6113 6115 6116
f 6115 6117 6118
f 6117 6119 6120
f 6119 6121 6122
f 6121 6123 6124
f 6123 6125 6126
f 6125 6127 6128
f 6127 6129 6130
f 6129 6131 6132
f 6131 6133 6134
f 6133 6135 6136
f 6135 6137 6138
f 6137 6139 6140
f 6139 6141 6142
f 6141 6143 6144
f 6143 6145 6146
f 6145 6147 6148
f 6147 6149 6150
f 6149 6151 6152
f 6151 6153 6154
f 6153 6155 6156
f 6155 6157 6158
f 6157 6159 6160
f 6159 6161 6162
f 6161 6163 6164
f 6163 6165 6166
f 6165 6167 6168
f 6167 6169 6170
f 6169 6171 6172
f 6171 6173 6174
f 6173 6175 6176
f 6175 6177 6178
f 6177 6179 6180
f 6179 6181 6182
f 6181 6183 6184
f 6183 6185 6186
f 6185 6187 6188
f 6187 6189 6190
f 6189 6191 6192
f 6191 6193 6194
f 6193 6195 6196
f 6195 6197 6198
f 6197 6199 6200
f 6199 6201 6202
f 6201 6203 6204
f 6203 6205 6206
f 6205 6207 6208
f 6207 6209 6210
f 6209 6211 6212
f 6211 6213 6214
f 6213 6215 6216
f 6215 6217 6218
f 6217 6219 6220
f 6219 6221 6222
f 6221 6223 6224
f 6223 6225 6226
f 6225 6227 6228
f 6227 6229 6230
f 6229 6231 6232
f 6231 6233 6234
f 6233 6235 6236
f 6235 6237 6238
f 6237 6239 6240
f 6239 6241 6242
f 6241 6243 6244
f 6243 6245 6246
f 6245 6247 6248
f 6247 6249 6250
f 6249 6251 6252
f 6251 6253 6254
f 6253 6255 6256
f 6255 6257 6258
f 6257 6259 6260
f 6259 6261 6262
f 6261 6263 6264
f 6263 6265 6266
f 6265 6267 6268
f 6267 6269 6270
f 6269 6271 6272
f 6271 6273 6274
f 6273 6275 6276
f 6275 6277 6278
f 6277 6279 6280
f 6279 6281 6282
f 6281 6283 6284
f 6283 6285 6286
f 6285 6287 6288
f 6287 6289 6290
f 6289 6291 6292
f 6291 6293 6294
f 6293 6295 6296
f 6295 6297 6298
f 6297 6299 6300
f 6299 6301 6302
f 6301 6303 6304
f 6303 6305 6306
f 6305 6307 6308
f 6307 6309 6310
f 6309 6311 6312
f 6311 6313 6314
f 6313 6315 6316
f 6315 6317 6318
f 6317 6319 6320
f 6319 6321 6322
f 6321 6323 6324
f 6323 6325 6326
f 6325 6327 6328
f 6327 6329 6330
f 6329 6331 6332
f 6331 6333 6334
f 6333 6335 6336
f 6335 6337 6338
f 6337 6339 6340
f 6339 6341 6342
f 6341 6343 6344
f 6343 6345 6346
f 6345 6347 6348
f 6347 6349 6350
f 6349 6351 6352
f 6351 6353 6354
f 6353 6355 6356
f 6355 6357 6358
f 6357 6359 6360
f 6359 6361 6362
f 6361 6363 6364
f 6363 6365 6366
f 6365 6367 6368
f 6367 6369 6370
f 6369 6371 6372
f 6371 6373 6374
f 6373 6375 6376
f 6375 6377 6378
f 6377 6379 6380
f 6379 6381 6382
f 6381 6383 6384
f 6383 6385 6386
f 6385 6387 6388
f 6387 6389 6390
f 6389 6391 6392
f 6391 6393 6394
f 6393 6395 6396
f 6395 6397 6398
f 6397 6399 6400
f 6399 6401 6402
f 6401 6403 6404
f 6403 6405 6406
f 6405 6407 6408
f 6407 6409 6410
f 6409 6411 6412
f 6411 6413 6414
f 6413 6415 6416
f 6415 6417 6418
f 6417 6419 6420
f 6419 6421 6422
f 6421 6423 6424
f 6423 6425 6426
f 6425 6427 6428
f 6427 6429 6430
f 6429 6431 6432
f 6431 6433 6434
f 6433 6435 6436
f 6435 6437 6438
f 6437 6439 6440
f 6439 6441 6442
f 6441 6443 6444
f 6443 6445 6446
f 6445 6447 6448
f 6447 6449 6450
f 6449 6451 6452
f 6451 6453 6454
f 6453 6455 6456
f 6455 6457 6458
f 6457 6459 6460
f 6459 6461 6462
f 6461 6463 6464
f 6463 6465 6466
f 6465 6467 6468
f 6467 6469 6470
f 6469 6471 6472
f 6471 6473 6474
f 6473 6475 6476
f 6475 6477 6478
f 6477 6479 6480
f 6479 6481 6482
f 6481 6483 6484
f 6483 6485 6486
f 6485 6487 6488
f 6487 6489 6490
f 6489 6491 6492
f 6491 6493 6494
f 6493 6495 6496
f 6495 6497 6498
f 6497 6499 6500
f 6499 5782 6501

o Shape_28
usemtl material_1
f 6502 6503 6504
f 6503 6505 6506
f 6505 6507 6508
f 6507 6509 6510
f 6509 6511 6512
f 6511 6513 6514
f 6513 6515 6516
f 6515 6517 6518
f 6517 6519 6520
f 6519 6521 6522
f 6521 6523 6524
f 6523 6525 6526
f 6525 6527 6528
f 6527 6529 6530
f 6529 6531 6532
f 6531 6533 6534
f 6533 6535 6536
f 6535 6537 6538
f 6537 6539 6540
f 6539 6541 6542
f 6541 6543 6544
f 6543 6545 6546
f 6545 6547 6548
f 6547 6549 6550
f 6549 6551 6552
f 6551 6553 6554
f 6553 6555 6556
f 6555 6557 6558
f 6557 6559 6560
f 6559 6561 6562
f 6561 6563 6564
f 6563 6565 6566
f 6565 6567 6568
f 6567 6569 6570
f 6569 6571 6572
f 6571 6573 6574
f 6573 6575 6576
f 6575 6577 6578
f 6577 6579 6580
f 6579 6581 6582
f 6581 6583 6584
f 6583 6585 6586
f 6585 6587 6588
f 6587 6589 6590
f 6589 6591 6592
f 6591 6593 6594
f 6593 6595 6596
f 6595 6597 6598
f 6597 6599 6600
f 6599 6601 6602
f 6601 6603 6604
f 6603 6605 6606
f 6605 6607 6608
f 6607 6609 6610
f 6609 6611 6612
f 6611 6613 6614
f 6613 6615 6616
f 6615 6617 6618
f 6617 6619 6620
f 6619 6621 6622
f 6621 6623 6624
f 6623 6625 6626
f 6625 6627 6628
f 6627 6629 6630
f 6629 6631 6632
f 6631 6633 6634
f 6633 6635 6636
f 6635 6637 6638
f 6637 6639 6640
f 6639 6641 6642
f 6641 6643 6644
f 6643 6645 6646
f 6645 6647 6648
f 6647 6649 6650
f 6649 6651 6652
f 6651 6653 6654
f 6653 6655 6656
f 6655 6657 6658
f 6657 6659 6660
f 6659 6661 6662
f 6661 6663 6664
f 6663 6665 6666
f 6665 6667 6668
f 6667 6669 6670
f 6669 6671 6672
f 6671 6673 6674
f 6673 6675 6676
f 6675 6677 6678
f 6677 6679 6680
f 6679 6681 6682
f 6681 6683 6684
f 6683 6685 6686
f 6685 6687 6688
f 6687 6689 6690
f 6689 6691 6692
f 6691 6693 6694
f 6693 6695 6696
f 6695 6697 6698
f 6697 6699 6700
f 6699 6701 6702
f 6701 6703 6704
f 6703 6705 6706
f 6705 6707 6708
f 6707 6709 6710
f 6709 6711 6712
f 6711 6713 6714
f 6713 6715 6716
f 6715 6717 6718
f 6717 6719 6720
f 6719 6721 6722
f 6721 6723 6724
f 6723 6725 6726
f 6725 6727 6728
f 6727 6729 6730
f 6729 6731 6732
f 6731 6733 6734
f 6733 6735 6736
f 6735 6737 6738
f 6737 6739 6740
f 6739 6741 6742
f 6741 6743 6744
f 6743 6745 6746
f 6745 6747 6748
f 6747 6749 6750
f 6749 6751 6752
f 6751 6753 6754
f 6753 6755 6756
f 6755 6757 6758
f 6757 6759 6760
f 6759 6761 6762
f 6761 6763 6764
f 6763 6765 6766
f 6765 6767 6768
f 6767 6769 6770
f 6769 6771 6772
f 6771 6773 6774
f 6773 6775 6776
f 6775 6777 6778
f 6777 6779 6780
f 6779 6781 6782
f 6781 6783 6784
f 6783 6785 6786
f 6785 6787 6788
f 6787 6789 6790
f 6789 6791 6792
f 6791 6793 6794
f 6793 6795 6796
f 6795 6797 6798
f 6797 6799 6800
f 6799 6801 6802
f 6801 6803 6804
f 6803 6805 6806
f 6805 6807 6808
f 6807 6809 6810
f 6809 6811 6812
f 6811 6813 6814
f 6813 6815 6816
f 6815 6817 6818
f 6817 6819 6820
f 6819 6821 6822
f 6821 6823 6824
f 6823 6825 6826
f 6825 6827 6828
f 6827 6829 6830
f 6829 6831 6832
f 6831 6833 6834
f 6833 6835 6836
f 6835 6837 6838
f 6837 6839 6840
f 6839 6841 6842
f 6841 6843 6844
f 6843 6845 6846
f 6845 6847 6848
f 6847 6849 6850
f 6849 6851 6852
f 6851 6853 6854
f 6853 6855 6856
f 6855 6857 6858
f 6857 6859 6860
f 6859 6861 6862
f 6861 6863 6864
f 6863 6865 6866
f 6865 6867 6868
f 6867 6869 6870
f 6869 6871 6872
f 6871 6873 6874
f 6873 6875 6876
f 6875 6877 6878
f 6877 6879 6880
f 6879 6881 6882
f 6881 6883 6884
f 6883 6885 6886
f 6885 6887 6888
f 6887 6889 6890
f 6889 6891 6892
f 6891 6893 6894
f 6893 6895 6896
f 6895 6897 6898
f 6897 6899 6900
f 6899 6901 6902
f 6901 6903 6904
f 6903 6905 6906
f 6905 6907 6908
f 6907 6909 6910
f 6909 6911 6912
f 6911 6913 6914
f 6913 6915 6916
f 6915 6917 6918
f 6917 6919 6920
f 6919 6921 6922
f 6921 6923 6924
f 6923 6925 6926
f 6925 6927 6928
f 6927 6929 6930
f 6929 6931 6932
f 6931 6933 6934
f 6933 6935 6936
f 6935 6937 6938
f 6937 6939 6940
f 6939 6941 6942
f 6941 6943 6944
f 6943 6945 6946
f 6945 6947 6948
f 6947 6949 6950
f 6949 6951 6952
f 6951 6953 6954
f 6953 6955 6956
f 6955 6957 6958
f 6957 6959 6960
f 6959 6961 6962
f 6961 6963 6964
f 6963 6965 6966
f 6965 6967 6968
f 6967 6969 6970
f 6969 6971 6972
f 6971 6973 6974
f 6973 6975 6976
f 6975 6977 6978
f 6977 6979 6980
f 6979 6981 6982
f 6981 6983 6984
f 6983 6985 6986
f 6985 6987 6988
f 6987 6989 6990
f 6989 6991 6992
f 6991 6993 6994
f 6993 6995 6996
f 6995 6997 6998
f 6997 6999 7000
f 6999 7001 7002
f 7001 7003 7004
f 7003 7005 7006
f 7005 7007 7008
f 7007 7009 7010
f 7009 7011 7012
f 7011 7013 7014
f 7013 7015 7016
f 7015 7017 7018
f 7017 7019 7020
f 7019 7021 7022
f 7021 7023 7024
f 7023 7025 7026
f 7025 7027 7028
f 7027 7029 7030
f 7029 7031 7032
f 7031 7033 7034
f 7033 7035 7036
f 7035 7037 7038
f 7037 7039 7040
f 7039 7041 7042
f 7041 7043 7044
f 7043 7045 7046
f 7045 7047 7048
f 7047 7049 7050
f 7049 7051 7052
f 7051 7053 7054
f 7053 7055 7056
f 7055 7057 7058
f 7057 7059 7060
f 7059 7061 7062
f 7061 7063 7064
f 7063 7065 7066
f 7065 7067 7068
f 7067 7069 7070
f 7069 7071 7072
f 7071 7073 7074
f 7073 7075 7076
f 7075 7077 7078
f 7077 7079 7080
f 7079 7081 7082
f 7081 7083 7084
f 7083 7085 7086
f 7085 7087 7088
f 7087 7089 7090
f 7089 7091 7092
f 7091 7093 7094
f 7093 7095 7096
f 7095 7097 7098
f 7097 7099 7100
f 7099 7101 7102
f 7101 7103 7104
f 7103 7105 7106
f 7105 7107 7108
f 7107 7109 7110
f 7109 7111 7112
f 7111 7113 7114
f 7113 7115 7116
f 7115 7117 7118
f 7117 7119 7120
f 7119 7121 7122
f 7121 7123 7124
f 7123 7125 7126
f 7125 7127 7128
f 7127 7129 7130
f 7129 7131 7132
f 7131 7133 7134
f 7133 7135 7136
f 7135 7137 7138
f 7137 7139 7140
f 7139 7141 7142
f 7141 7143 7144
f 7143 7145 7146
f 7145 7147 7148
f 7147 7149 7150
f 7149 7151 7152
f 7151 7153 7154
f 7153 7155 7156
f 7155 7157 7158
f 7157 7159 7160
f 7159 7161 7162
f 7161 7163 7164
f 7163 7165 7166
f 7165 7167 7168
f 7167 7169 7170
f 7169 7171 7172
f 7171 7173 7174
f 7173 7175 7176
f 7175 7177 7178
f 7177 7179 7180
f 7179 7181 7182
f 7181 7183 7184
f 7183 7185 7186
f 7185 7187 7188
f 7187 7189 7190
f 7189 7191 7192
f 7191 7193 7194
f 7193 7195 7196
f 7195 7197 7198
f 7197 7199 7200
f 7199 7201 7202
f 7201 7203 7204
f 7203 7205 7206
f 7205 7207 7208
f 7207 7209 7210
f 7209 7211 7212
f 7211 7213 7214
f 7213 7215 7216
f 7215 7217 7218
f 7217 7219 7220
f 7219 6502 7221

o Shape_29
usemtl material_1
f 5782 5783 5784
f 5783 5785 5786
f 5785 5787 5788
f 5787 5789 5790
f 5789 5791 5792
f 5791 5793 5794
f 5793 5795 5796
f 5795 5797 5798
f 5797 5799 5800
f 5799 5801 5802
f 5801 5803 5804
f 5803 5805 5806
f 5805 5807 5808
f 5807 5809 5810
f 5809 5811 5812
f 5811 5813 5814
f 5813 5815 5816
f 5815 5817 5818
f 5817 5819 5820
f 5819 5821 5822
f 5821 5823 5824
f 5823 5825 5826
f 5825 5827 5828
f 5827 5829 5830
f 5829 5831 5832
f 5831 5833 5834
f 5833 5835 5836
f 5835 5837 5838
f 5837 5839 5840
f 5839 5841 5842
f 5841 5843 5844
f 5843 5845 5846
f 5845 5847 5848
f 5847 5849 5850
f 5849 5851 5852
f 5851 5853 5854
f 5853 5855 5856
f 5855 5857 5858
f 5857 5859 5860
f 5859 5861 5862
f 5861 5863 5864
f 5863 5865 5866
f 5865 5867 5868
f 5867 5869 5870
f 5869 5871 5872
f 5871 5873 5874
f 5873 5875 5876
f 5875 5877 5878
f 5877 5879 5880
f 5879 5881 5882
f 5881 5883 5884
f 5883 5885 5886
f 5885 5887 5888
f 5887 5889 5890
f 5889 5891 5892
f 5891 5893 5894
f 5893 5895 5896
f 5895 5897 5898
f 5897 5899 5900
f 5899 5901 5902
f 5901 5903 5904
f 5903 5905 5906
f 5905 5907 5908
f 5907 5909 5910
f 5909 5911 5912
f 5911 5913 5914
f 5913 5915 5916
f 5915 5917 5918
f 5917 5919 5920
f 5919 5921 5922
f 5921 5923 5924
f 5923 5925 5926
f 5925 5927 5928
f 5927 5929 5930
f 5929 5931 5932
f 5931 5933 5934
f 5933 5935 5936
f 5935 5937 5938
f 5937 5939 5940
f 5939 5941 5942
f 5941 5943 5944
f 5943 5945 5946
f 5945 5947 5948
f 5947 5949 5950
f 5949 5951 5952
f 5951 5953 5954
f 5953 5955 5956
f 5955 5957 5958
f 5957 5959 5960
f 5959 5961 5962
f 5961 5963 5964
f 5963 5965 5966
f 5965 5967 5968
f 5967 5969 5970
f 5969 5971 5972
f 5971 5973 5974
f 5973 5975 5976
f 5975 5977 5978
f 5977 5979 5980
f 5979 5981 5982
f 5981 5983 5984
f 5983 5985 5986
f 5985 5987 5988
f 5987 5989 5990
f 5989 5991 5992
f 5991 5993 5994
f 5993 5995 5996
f 5995 5997 5998
f 5997 5999 6000
f 5999 6001 6002
f 6001 6003 6004
f 6003 6005 6006
f 6005 6007 6008
f 6007 6009 6010
f 6009 6011 6012
f 6011 6013 6014
f 6013 6015 6016
f 6015 6017 6018
f 6017 6019 6020
f 6019 6021 6022
f 6021 6023 6024
f 6023 6025 6026
f 6025 6027 6028
f 6027 6029 6030
f 6029 6031 6032
f 6031 6033 6034
f 6033 6035 6036
f 6035 6037 6038
f 6037 6039 6040
f 6039 6041 6042
f 6041 6043 6044
f 6043 6045 6046
f 6045 6047 6048
f 6047 6049 6050
f 6049 6051 6052
f 6051 6053 6054
f 6053 6055 6056
f 6055 6057 6058
f 6057 6059 6060
f 6059 6061 6062
f 6061 6063 6064
f 6063 6065 6066
f 6065 6067 6068
f 6067 6069 6070
f 6069 6071 6072
f 6071 6073 6074
f 6073 6075 6076
f 6075 6077 6078
f 6077 6079 6080
f 6079 6081 6082
f 6081 6083 6084
f 6083 6085 6086
f 6085 6087 6088
f 6087 6089 6090
f 6089 6091 6092
f 6091 6093 6094
f 6093 6095 6096
f 6095 6097 6098
f 6097 6099 6100
f 6099 6101 6102
f 6101 6103 6104
f 6103 6105 6106
f 6105 6107 6108
f 6107 6109 6110
f 6109 6111 6112
f 6111 6113 6114
f 6113 6115 6116
f 6115 6117 6118
f 6117 6119 6120
f 6119 6121 6122
f 6121 6123 6124
f 6123 6125 6126
f 6125 6127 6128
f 6127 6129 6130
f 6129 6131 6132
f 6131 6133 6134
f 6133 6135 6136
f 6135 6137 6138
f 6137 6139 6140
f 6139 6141 6142
f 6141 6143 6144
f 6143 6145 6146
f 6145 6147 6148
f 6147 6149 6150
f 6149 6151 6152
f 6151 6153 6154
f 6153 6155 6156
f 6155 6157 6158
f 6157 6159 6160
f 6159 6161 6162
f 6161 6163 6164
f 6163 6165 6166
f 6165 6167 6168
f 6167 6169 6170
f 6169 6171 6172
f 6171 6173 6174
f 6173 6175 6176
f 6175 6177 6178
f 6177 6179 6180
f 6179 6181 6182
f 6181 6183 6184
f 6183 6185 6186
f 6185 6187 6188
f 6187 6189 6190
f 6189 6191 6192
f 6191 6193 6194
f 6193 6195 6196
f 6195 6197 6198
f 6197 6199 6200
f 6199 6201 6202
f 6201 6203 6204
f 6203 6205 6206
f 6205 6207 6208
f 6207 6209 6210
f 6209 6211 6212
f 6211 6213 6214
f 6213 6215 6216
f 6215 6217 6218
f 6217 6219 6220
f 6219 6221 6222
f 6221 6223 6224
f 6223 6225 6226
f 6225 6227 6228
f 6227 6229 6230
f 6229 6231 6232
f 6231 6233 6234
f 6233 6235 6236
f 6235 6237 6238
f 6237 6239 6240
f 6239 6241 6242
f 6241 6243 6244
f 6243 6245 6246
f 6245 6247 6248
f 6247 6249 6250
f 6249 6251 6252
f 6251 6253 6254
f 6253 6255 6256
f 6255 6257 6258
f 6257 6259 6260
f 6259 6261 6262
f 6261 6263 6264
f 6263 6265 6266
f 6265 6267 6268
f 6267 6269 6270
f 6269 6271 6272
f 6271 6273 6274
f 6273 6275 6276
f 6275 6277 6278
f 6277 6279 6280
f 6279 6281 6282
f 6281 6283 6284
f 6283 6285 6286
f 6285 6287 6288
f 6287 6289 6290
f 6289 6291 6292
f 6291 6293 6294
f 6293 6295 6296
f 6295 6297 6298
f 6297 6299 6300
f 6299 6301 6302
f 6301 6303 6304
f 6303 6305 6306
f 6305 6307 6308
f 6307 6309 6310
f 6309 6311 6312
f 6311 6313 6314
f 6313 6315 6316
f 6315 6317 6318
f 6317 6319 6320
f 6319 6321 6322
f 6321 6323 6324
f 6323 6325 6326
f 6325 6327 6328
f 6327 6329 6330
f 6329 6331 6332
f 6331 6333 6334
f 6333 6335 6336
f 6335 6337 6338
f 6337 6339 6340
f 6339 6341 6342
f 6341 6343 6344
f 6343 6345 6346
f 6345 6347 6348
f 6347 6349 6350
f 6349 6351 6352
f 6351 6353 6354
f 6353 6355 6356
f 6355 6357 6358
f 6357 6359 6360
f 6359 6361 6362
f 6361 6363 6364
f 6363 6365 6366
f 6365 6367 6368
f 6367 6369 6370
f 6369 6371 6372
f 6371 6373 6374
f 6373 6375 6376
f 6375 6377 6378
f 6377 6379 6380
f 6379 6381 6382
f 6381 6383 6384
f 6383 6385 6386
f 6385 6387 6388
f 6387 6389 6390
f 6389 6391 6392
f 6391 6393 6394
f 6393 6395 6396
f 6395 6397 6398
f 6397 6399 6400
f 6399 6401 6402
f 6401 6403 6404
f 6403 6405 6406
f 6405 6407 6408
f 6407 6409 6410
f 6409 6411 6412
f 6411 6413 6414
f 6413 6415 6416
f 6415 6417 6418
f 6417 6419 6420
f 6419 6421 6422
f 6421 6423 6424
f 6423 6425 6426
f 6425 6427 6428
f 6427 6429 6430
f 6429 6431 6432
f 6431 6433 6434
f 6433 6435 6436
f 6435 6437 6438
f 6437 6439 6440
f 6439 6441 6442
f 6441 6443 6444
f 6443 6445 6446
f 6445 6447 6448
f 6447 6449 6450
f 6449 6451 6452
f 6451 6453 6454
f 6453 6455 6456
f 6455 6457 6458
f 6457 6459 6460
f 6459 6461 6462
f 6461 6463 6464
f 6463 6465 6466
f 6465 6467 6468
f 6467 6469 6470
f 6469 6471 6472
f 6471 6473 6474
f 6473 6475 6476
f 6475 6477 6478
f 6477 6479 6480
f 6479 6481 6482
f 6481 6483 6484
f 6483 6485 6486
f 6485 6487 6488
f 6487 6489 6490
f 6489 6491 6492
f 6491 6493 6494
f 6493 6495 6496
f 6495 6497 6498
f 6497 6499 6500
f 6499 5782 6501

o Shape_30
usemtl material_1
f 2169 2170 2171
f 2170 2172 2173
f 2172 2174 2175
f 2174 2176 2177
f 2176 2178 2179
f 2178 2180 2181
f 2180 2182 2183
f 2182 2184 2185
f 2184 2186 2187
f 2186 2188 2189
f 2188 2190 2191
f 2190 2192 2193
f 2192 2194 2195
f 2194 2196 2197
f 2196 2198 2199
f 2198 2200 2201
f 2200 2202 2203
f 2202 2204 2205
f 2204 2206 2207
f 2206 2208 2209
f 2208 2210 2211
f 2210 2212 2213
f 2212 2214 2215
f 2214 2216 2217
f 2216 2218 2219
f 2218 2220 2221
f 2220 2222 2223
f 2222 2224 2225
f 2224 2226 2227
f 2226 2228 2229
f 2228 2230 2231
f 2230 2232 2233
f 2232 2234 2235
f 2234 2236 2237
f 2236 2238 2239
f 2238 2240 2241
f 2240 2242 2243
f 2242 2244 2245
f 2244 2246 2247
f 2246 2248 2249
f 2248 2250 2251
f 2250 2252 2253
f 2252 2254 2255
f 2254 2256 2257
f 2256 2258 2259
f 2258 2260 2261
f 2260 2262 2263
f 2262 2264 2265
f 2264 2266 2267
f 2266 2268 2269
f 2268 2270 2271
f 2270 2272 2273
f 2272 2274 2275
f 2274 2276 2277
f 2276 2278 2279
f 2278 2280 2281
f 2280 2282 2283
f 2282 2284 2285
f 2284 2286 2287
f 2286 2288 2289
f 2288 2290 2291
f 2290 2292 2293
f 2292 2294 2295
f 2294 2296 2297
f 2296 2298 2299
f 2298 2300 2301
f 2300 2302 2303
f 2302 2304 2305
f 2304 2306 2307
f 2306 2308 2309
f 2308 2310 2311
f 2310 2312 2313
f 2312 2314 2315
f 2314 2316 2317
f 2316 2318 2319
f 2318 2320 2321
f 2320 2322 2323
f 2322 2324 2325
f 2324 2326 2327
f 2326 2328 2329
f 2328 2330 2331
f 2330 2332 2333
f 2332 2334 2335
f 2334 2336 2337
f 2336 2338 2339
f 2338 2340 2341
f 2340 2342 2343
f 2342 2344 2345
f 2344 2346 2347
f 2346 2348 2349
f 2348 2350 2351
f 2350 2352 2353
f 2352 2354 2355
f 2354 2356 2357
f 2356 2358 2359
f 2358 2360 2361
f 2360 2362 2363
f 2362 2364 2365
f 2364 2366 2367
f 2366 2368 2369
f 2368 2370 2371
f 2370 2372 2373
f 2372 2374 2375
f 2374 2376 2377
f 2376 2378 2379
f 2378 2380 2381
f 2380 2382 2383
f 2382 2384 2385
f 2384 2386 2387
f 2386 2388 2389
f 2388 2390 2391
f 2390 2392 2393
f 2392 2394 2395
f 2394 2396 2397
f 2396 2398 2399
f 2398 2400 2401
f 2400 2402 2403
f 2402 2404 2405
f 2404 2406 2407
f 2406 2408 2409
f 2408 2410 2411
f 2410 2412 2413
f 2412 2414 2415
f 2414 2416 2417
f 2416 2418 2419
f 2418 2420 2421
f 2420 2422 2423
f 2422 2424 2425
f 2424 2426 2427
f 2426 2428 2429
f 2428 2430 2431
f 2430 2432 2433
f 2432 2434 2435
f 2434 2436 2437
f 2436 2438 2439
f 2438 2440 2441
f 2440 2442 2443
f 2442 2444 2445
f 2444 2446 2447
f 2446 2448 2449
f 2448 2450 2451
f 2450 2452 2453
f 2452 2454 2455
f 2454 2456 2457
f 2456 2458 2459
f 2458 2460 2461
f 2460 2462 2463
f 2462 2464 2465
f 2464 2466 2467
f 2466 2468 2469
f 2468 2470 2471
f 2470 2472 2473
f 2472 2474 2475
f 2474 2476 2477
f 2476 2478 2479
f 2478 2480 2481
f 2480 2482 2483
f 2482 2484 2485
f 2484 2486 2487
f 2486 2488 2489
f 2488 2490 2491
f 2490 2492 2493
f 2492 2494 2495
f 2494 2496 2497
f 2496 2498 2499
f 2498 2500 2501
f 2500 2502 2503
f 2502 2504 2505
f 2504 2506 2507
f 2506 2508 2509
f 2508 2510 2511
f 2510 2512 2513
f 2512 2514 2515
f 2514 2516 2517
f 2516 2518 2519
f 2518 2520 2521
f 2520 2522 2523
f 2522 2524 2525
f 2524 2526 2527
f 2526 2528 2529
f 2528 2530 2531
f 2530 2532 2533
f 2532 2534 2535
f 2534 2536 2537
f 2536 2538 2539
f 2538 2540 2541
f 2540 2542 2543
f 2542 2544 2545
f 2544 2546 2547
f 2546 2548 2549
f 2548 2550 2551
f 2550 2552 2553
f 2552 2554 2555
f 2554 2556 2557
f 2556 2558 2559
f 2558 2560 2561
f 2560 2562 2563
f 2562 2564 2565
f 2564 2566 2567
f 2566 2568 2569
f 2568 2570 2571
f 2570 2572 2573
f 2572 2574 2575
f 2574 2576 2577
f 2576 2578 2579
f 2578 2580 2581
f 2580 2582 2583
f 2582 2584 2585
f 2584 2586 2587
f 2586 2588 2589
f 2588 2590 2591
f 2590 2592 2593
f 2592 2594 2595
f 2594 2596 2597
f 2596 2598 2599
f 2598 2600 2601
f 2600 2602 2603
f 2602 2604 2605
f 2604 2606 2607
f 2606 2608 2609
f 2608 2610 2611
f 2610 2612 2613
f 2612 2614 2615
f 2614 2616 2617
f 2616 2618 2619
f 2618 2620 2621
f 2620 2622 2623
f 2622 2624 2625
f 2624 2626 2627
f 2626 2628 2629
f 2628 2630 2631
f 2630 2632 2633
f 2632 2634 2635
f 2634 2636 2637
f 2636 2638 2639
f 2638 2640 2641
f 2640 2642 2643
f 2642 2644 2645
f 2644 2646 2647
f 2646 2648 2649
f 2648 2650 2651
f 2650 2652 2653
f 2652 2654 2655
f 2654 2656 2657
f 2656 2658 2659
f 2658 2660 2661
f 2660 2662 2663
f 2662 2664 2665
f 2664 2666 2667
f 2666 2668 2669
f 2668 2670 2671
f 2670 2672 2673
f 2672 2674 2675
f 2674 2676 2677
f 2676 2678 2679
f 2678 2680 2681
f 2680 2682 2683
f 2682 2684 2685
f 2684 2686 2687
f 2686 2688 2689
f 2688 2690 2691
f 2690 2692 2693
f 2692 2694 2695
f 2694 2696 2697
f 2696 2698 2699
f 2698 2700 2701
f 2700 2702 2703
f 2702 2704 2705
f 2704 2706 2707
f 2706 2708 2709
f 2708 2710 2711
f 2710 2712 2713
f 2712 2714 2715
f 2714 2716 2717
f 2716 2718 2719
f 2718 2720 2721
f 2720 2722 2723
f 2722 2724 2725
f 2724 2726 2727
f 2726 2728 2729
f 2728 2730 2731
f 2730 2732 2733
f 2732 2734 2735
f 2734 2736 2737
f 2736 2738 2739
f 2738 2740 2741
f 2740 2742 2743
f 2742 2744 2745
f 2744 2746 2747
f 2746 2748 2749
f 2748 2750 2751
f 2750 2752 2753
f 2752 2754 2755
f 2754 2756 2757
f 2756 2758 2759
f 2758 2760 2761
f 2760 2762 2763
f 2762 2764 2765
f 2764 2766 2767
f 2766 2768 2769
f 2768 2770 2771
f 2770 2772 2773
f 2772 2774 2775
f 2774 2776 2777
f 2776 2778 2779
f 2778 2780 2781
f 2780 2782 2783
f 2782 2784 2785
f 2784 2786 2787
f 2786 2788 2789
f 2788 2790 2791
f 2790 2792 2793
f 2792 2794 2795
f 2794 2796 2797
f 2796 2798 2799
f 2798 2800 2801
f 2800 2802 2803
f 2802 2804 2805
f 2804 2806 2807
f 2806 2808 2809
f 2808 2810 2811
f 2810 2812 2813
f 2812 2814 2815
f 2814 2816 2817
f 2816 2818 2819
f 2818 2820 2821
f 2820 2822 2823
f 2822 2824 2825
f 2824 2826 2827
f 2826 2828 2829
f 2828 2830 2831
f 2830 2832 2833
f 2832 2834 2835
f 2834 2836 2837
f 2836 2838 2839
f 2838 2840 2841
f 2840 2842 2843
f 2842 2844 2845
f 2844 2846 2847
f 2846 2848 2849
f 2848 2850 2851
f 2850 2852 2853
f 2852 2854 2855
f 2854 2856 2857
f 2856 2858 2859
f 2858 2860 2861
f 2860 2862 2863
f 2862 2864 2865
f 2864 2866 2867
f 2866 2868 2869
f 2868 2870 2871
f 2870 2872 2873
f 2872 2874 2875
f 2874 2876 2877
f 2876 2878 2879
f 2878 2880 2881
f 2880 2882 2883
f 2882 2884 2885
f 2884 2886 2887
f 2886 2169 2888

o Shape_31
usemtl material_1
f 5782 2528 7222
f 5782 2528 7222

o Shape_32
usemtl material_1
f 5871 2618 7223
f 5871 2618 7223

o Shape_33
usemtl material_1
f 5961 2708 7224
f 5961 2708 7224

o Shape_34
usemtl material_1
f 6051 2798 7225
f 6051 2798 7225

o Shape_35
usemtl material_1
f 6141 2169 7226
f 6141 2169 7226

o Shape_36
usemtl material_1
f 6231 2258 7227
f 6231 2258 7227

o Shape_37
usemtl material_1
f 6321 2348 7228
f 6321 2348 7228

o Shape_38
usemtl material_1
f 6411 2438 7229
f 6411 2438 7229

o Shape_39
usemtl material_1
f 5782 2528 7222
f 5782 2528 7222

o Shape_40
usemtl material_1
f 7230 7231 7232
f 7231 7233 7234
f 7233 7235 7236
f 7235 7237 7238
f 7237 7239 7240
f 7239 7241 7242
f 7241 7243 7244
f 7243 7245 7246
f 7245 7247 7248
f 7247 7249 7250
f 7249 7251 7252
f 7251 7253 7254
f 7253 7255 7256
f 7255 7257 7258
f 7257 7259 7260
f 7259 7261 7262
f 7261 7263 7264
f 7263 7265 7266
f 7265 7267 7268
f 7267 7269 7270
f 7269 7271 7272
f 7271 7273 7274
f 7273 7275 7276
f 7275 7277 7278
f 7277 7279 7280
f 7279 7281 7282
f 7281 7283 7284
f 7283 7285 7286
f 7285 7287 7288
f 7287 7289 7290
f 7289 7291 7292
f 7291 7293 7294
f 7293 7295 7296
f 7295 7297 7298
f 7297 7299 7300
f 7299 7301 7302
f 7301 7303 7304
f 7303 7305 7306
f 7305 7307 7308
f 7307 7309 7310
f 7309 7311 7312
f 7311 7313 7314
f 7313 7315 7316
f 7315 7317 7318
f 7317 7319 7320
f 7319 7321 7322
f 7321 7323 7324
f 7323 7325 7326
f 7325 7327 7328
f 7327 7329 7330
f 7329 7331 7332
f 7331 7333 7334
f 7333 7335 7336
f 7335 7337 7338
f 7337 7339 7340
f 7339 7341 7342
f 7341 7343 7344
f 7343 7345 7346
f 7345 7347 7348
f 7347 7349 7350
f 7349 7351 7352
f 7351 7353 7354
f 7353 7355 7356
f 7355 7357 7358
f 7357 7359 7360
f 7359 7361 7362
f 7361 7363 7364
f 7363 7365 7366
f 7365 7367 7368
f 7367 7369 7370
f 7369 7371 7372
f 7371 7373 7374
f 7373 7375 7376
f 7375 7377 7378
f 7377 7379 7380
f 7379 7381 7382
f 7381 7383 7384
f 7383 7385 7386
f 7385 7387 7388
f 7387 7389 7390
f 7389 7391 7392
f 7391 7393 7394
f 7393 7395 7396
f 7395 7397 7398
f 7397 7399 7400
f 7399 7401 7402
f 7401 7403 7404
f 7403 7405 7406
f 7405 7407 7408
f 7407 7409 7410
f 7409 7411 7412
f 7411 7413 7414
f 7413 7415 7416
f 7415 7417 7418
f 7417 7419 7420
f 7419 7421 7422
f 7421 7423 7424
f 7423 7425 7426
f 7425 7427 7428
f 7427 7429 7430
f 7429 7431 7432
f 7431 7433 7434
f 7433 7435 7436
f 7435 7437 7438
f 7437 7439 7440
f 7439 7441 7442
f 7441 7443 7444
f 7443 7445 7446
f 7445 7447 7448
f 7447 7449 7450
f 7449 7451 7452
f 7451 7453 7454
f 7453 7455 7456
f 7455 7457 7458
f 7457 7459 7460
f 7459 7461 7462
f 7461 7463 7464
f 7463 7465 7466
f 7465 7467 7468
f 7467 7469 7470
f 7469 7471 7472
f 7471 7473 7474
f 7473 7475 7476
f 7475 7477 7478
f 7477 7479 7480
f 7479 7481 7482
f 7481 7483 7484
f 7483 7485 7486
f 7485 7487 7488
f 7487 7489 7490
f 7489 7491 7492
f 7491 7493 7494
f 7493 7495 7496
f 7495 7497 7498
f 7497 7499 7500
f 7499 7501 7502
f 7501 7503 7504
f 7503 7505 7506
f 7505 7507 7508
f 7507 7509 7510
f 7509 7511 7512
f 7511 7513 7514
f 7513 7515 7516
f 7515 7517 7518
f 7517 7519 7520
f 7519 7521 7522
f 7521 7523 7524
f 7523 7525 7526
f 7525 7527 7528
f 7527 7529 7530
f 7529 7531 7532
f 7531 7533 7534
f 7533 7535 7536
f 7535 7537 7538
f 7537 7539 7540
f 7539 7541 7542
f 7541 7543 7544
f 7543 7545 7546
f 7545 7547 7548
f 7547 7549 7550
f 7549 7551 7552
f 7551 7553 7554
f 7553 7555 7556
f 7555 7557 7558
f 7557 7559 7560
f 7559 7561 7562
f 7561 7563 7564
f 7563 7565 7566
f 7565 7567 7568
f 7567 7569 7570
f 7569 7571 7572
f 7571 7573 7574
f 7573 7575 7576
f 7575 7577 7578
f 7577 7579 7580
f 7579 7581 7582
f 7581 7583 7584
f 7583 7585 7586
f 7585 7587 7588
f 7587 7589 7590
f 7589 7591 7592
f 7591 7593 7594
f 7593 7595 7596
f 7595 7597 7598
f 7597 7599 7600
f 7599 7601 7602
f 7601 7603 7604
f 7603 7605 7606
f 7605 7607 7608
f 7607 7609 7610
f 7609 7611 7612
f 7611 7613 7614
f 7613 7615 7616
f 7615 7617 7618
f 7617 7619 7620
f 7619 7621 7622
f 7621 7623 7624
f 7623 7625 7626
f 7625 7627 7628
f 7627 7629 7630
f 7629 7631 7632
f 7631 7633 7634
f 7633 7635 7636
f 7635 7637 7638
f 7637 7639 7640
f 7639 7641 7642
f 7641 7643 7644
f 7643 7645 7646
f 7645 7647 7648
f 7647 7649 7650
f 7649 7651 7652
f 7651 7653 7654
f 7653 7655 7656
f 7655 7657 7658
f 7657 7659 7660
f 7659 7661 7662
f 7661 7663 7664
f 7663 7665 7666
f 7665 7667 7668
f 7667 7669 7670
f 7669 7671 7672
f 7671 7673 7674
f 7673 7675 7676
f 7675 7677 7678
f 7677 7679 7680
f 7679 7681 7682
f 7681 7683 7684
f 7683 7685 7686
f 7685 7687 7688
f 7687 7689 7690
f 7689 7691 7692
f 7691 7693 7694
f 7693 7695 7696
f 7695 7697 7698
f 7697 7699 7700
f 7699 7701 7702
f 7701 7703 7704
f 7703 7705 7706
f 7705 7707 7708
f 7707 7709 7710
f 7709 7711 7712
f 7711 7713 7714
f 7713 7715 7716
f 7715 7717 7718
f 7717 7719 7720
f 7719 7721 7722
f 7721 7723 7724
f 7723 7725 7726
f 7725 7727 7728
f 7727 7729 7730
f 7729 7731 7732
f 7731 7733 7734
f 7733 7735 7736
f 7735 7737 7738
f 7737 7739 7740
f 7739 7741 7742
f 7741 7743 7744
f 7743 7745 7746
f 7745 7747 7748
f 7747 7749 7750
f 7749 7751 7752
f 7751 7753 7754
f 7753 7755 7756
f 7755 7757 7758
f 7757 7759 7760
f 7759 7761 7762
f 7761 7763 7764
f 7763 7765 7766
f 7765 7767 7768
f 7767 7769 7770
f 7769 7771 7772
f 7771 7773 7774
f 7773 7775 7776
f 7775 7777 7778
f 7777 7779 7780
f 7779 7781 7782
f 7781 7783 7784
f 7783 7785 7786
f 7785 7787 7788
f 7787 7789 7790
f 7789 7791 7792
f 7791 7793 7794
f 7793 7795 7796
f 7795 7797 7798
f 7797 7799 7800
f 7799 7801 7802
f 7801 7803 7804
f 7803 7805 7806
f 7805 7807 7808
f 7807 7809 7810
f 7809 7811 7812
f 7811 7813 7814
f 7813 7815 7816
f 7815 7817 7818
f 7817 7819 7820
f 7819 7821 7822
f 7821 7823 7824
f 7823 7825 7826
f 7825 7827 7828
f 7827 7829 7830
f 7829 7831 7832
f 7831 7833 7834
f 7833 7835 7836
f 7835 7837 7838
f 7837 7839 7840
f 7839 7841 7842
f 7841 7843 7844
f 7843 7845 7846
f 7845 7847 7848
f 7847 7849 7850
f 7849 7851 7852
f 7851 7853 7854
f 7853 7855 7856
f 7855 7857 7858
f 7857 7859 7860
f 7859 7861 7862
f 7861 7863 7864
f 7863 7865 7866
f 7865 7867 7868
f 7867 7869 7870
f 7869 7871 7872
f 7871 7873 7874
f 7873 7875 7876
f 7875 7877 7878
f 7877 7879 7880
f 7879 7881 7882
f 7881 7883 7884
f 7883 7885 7886
f 7885 7887 7888
f 7887 7889 7890
f 7889 7891 7892
f 7891 7893 7894
f 7893 7895 7896
f 7895 7897 7898
f 7897 7899 7900
f 7899 7901 7902
f 7901 7903 7904
f 7903 7905 7906
f 7905 7907 7908
f 7907 7909 7910
f 7909 7911 7912
f 7911 7913 7914
f 7913 7915 7916
f 7915 7917 7918
f 7917 7919 7920
f 7919 7921 7922
f 7921 7923 7924
f 7923 7925 7926
f 7925 7927 7928
f 7927 7929 7930
f 7929 7931 7932
f 7931 7933 7934
f 7933 7935 7936
f 7935 7937 7938
f 7937 7939 7940
f 7939 7941 7942
f 7941 7943 7944
f 7943 7945 7946
f 7945 7947 7948
f 7947 7230 7949

o Shape_41
usemtl material_1
f 7950 7951 7952
f 7951 7953 7954
f 7953 7955 7956
f 7955 7957 7958
f 7957 7959 7960
f 7959 7961 7962
f 7961 7963 7964
f 7963 7965 7966
f 7965 7967 7968
f 7967 7969 7970
f 7969 7971 7972
f 7971 7973 7974
f 7973 7975 7976
f 7975 7977 7978
f 7977 7979 7980
f 7979 7981 7982
f 7981 7983 7984
f 7983 7985 7986
f 7985 7987 7988
f 7987 7989 7990
f 7989 7991 7992
f 7991 7993 7994
f 7993 7995 7996
f 7995 7997 7998
f 7997 7999 8000
f 7999 8001 8002
f 8001 8003 8004
f 8003 8005 8006
f 8005 8007 8008
f 8007 8009 8010
f 8009 8011 8012
f 8011 8013 8014
f 8013 8015 8016
f 8015 8017 8018
f 8017 8019 8020
f 8019 8021 8022
f 8021 8023 8024
f 8023 8025 8026
f 8025 8027 8028
f 8027 8029 8030
f 8029 8031 8032
f 8031 8033 8034
f 8033 8035 8036
f 8035 8037 8038
f 8037 8039 8040
f 8039 8041 8042
f 8041 8043 8044
f 8043 8045 8046
f 8045 8047 8048
f 8047 8049 8050
f 8049 8051 8052
f 8051 8053 8054
f 8053 8055 8056
f 8055 8057 8058
f 8057 8059 8060
f 8059 8061 8062
f 8061 8063 8064
f 8063 8065 8066
f 8065 8067 8068
f 8067 8069 8070
f 8069 8071 8072
f 8071 8073 8074
f 8073 8075 8076
f 8075 8077 8078
f 8077 8079 8080
f 8079 8081 8082
f 8081 8083 8084
f 8083 8085 8086
f 8085 8087 8088
f 8087 8089 8090
f 8089 8091 8092
f 8091 8093 8094
f 8093 8095 8096
f 8095 8097 8098
f 8097 8099 8100
f 8099 8101 8102
f 8101 8103 8104
f 8103 8105 8106
f 8105 8107 8108
f 8107 8109 8110
f 8109 8111 8112
f 8111 8113 8114
f 8113 8115 8116
f 8115 8117 8118
f 8117 8119 8120
f 8119 8121 8122
f 8121 8123 8124
f 8123 8125 8126
f 8125 8127 8128
f 8127 8129 8130
f 8129 8131 8132
f 8131 8133 8134
f 8133 8135 8136
f 8135 8137 8138
f 8137 8139 8140
f 8139 8141 8142
f 8141 8143 8144
f 8143 8145 8146
f 8145 8147 8148
f 8147 8149 8150
f 8149 8151 8152
f 8151 8153 8154
f 8153 8155 8156
f 8155 8157 8158
f 8157 8159 8160
f 8159 8161 8162
f 8161 8163 8164
f 8163 8165 8166
f 8165 8167 8168
f 8167 8169 8170
f 8169 8171 8172
f 8171 8173 8174
f 8173 8175 8176
f 8175 8177 8178
f 8177 8179 8180
f 8179 8181 8182
f 8181 8183 8184
f 8183 8185 8186
f 8185 8187 8188
f 8187 8189 8190
f 8189 8191 8192
f 8191 8193 8194
f 8193 8195 8196
f 8195 8197 8198
f 8197 8199 8200
f 8199 8201 8202
f 8201 8203 8204
f 8203 8205 8206
f 8205 8207 8208
f 8207 8209 8210
f 8209 8211 8212
f 8211 8213 8214
f 8213 8215 8216
f 8215 8217 8218
f 8217 8219 8220
f 8219 8221 8222
f 8221 8223 8224
f 8223 8225 8226
f 8225 8227 8228
f 8227 8229 8230
f 8229 8231 8232
f 8231 8233 8234
f 8233 8235 8236
f 8235 8237 8238
f 8237 8239 8240
f 8239 8241 8242
f 8241 8243 8244
f 8243 8245 8246
f 8245 8247 8248
f 8247 8249 8250
f 8249 8251 8252
f 8251 8253 8254
f 8253 8255 8256
f 8255 8257 8258
f 8257 8259 8260
f 8259 8261 8262
f 8261 8263 8264
f 8263 8265 8266
f 8265 8267 8268
f 8267 8269 8270
f 8269 8271 8272
f 8271 8273 8274
f 8273 8275 8276
f 8275 8277 8278
f 8277 8279 8280
f 8279 8281 8282
f 8281 8283 8284
f 8283 8285 8286
f 8285 8287 8288
f 8287 8289 8290
f 8289 8291 8292
f 8291 8293 8294
f 8293 8295 8296
f 8295 8297 8298
f 8297 8299 8300
f 8299 8301 8302
f 8301 8303 8304
f 8303 8305 8306
f 8305 8307 8308
f 8307 8309 8310
f 8309 8311 8312
f 8311 8313 8314
f 8313 8315 8316
f 8315 8317 8318
f 8317 8319 8320
f 8319 8321 8322
f 8321 8323 8324
f 8323 8325 8326
f 8325 8327 8328
f 8327 8329 8330
f 8329 8331 8332
f 8331 8333 8334
f 8333 8335 8336
f 8335 8337 8338
f 8337 8339 8340
f 8339 8341 8342
f 8341 8343 8344
f 8343 8345 8346
f 8345 8347 8348
f 8347 8349 8350
f 8349 8351 8352
f 8351 8353 8354
f 8353 8355 8356
f 8355 8357 8358
f 8357 8359 8360
f 8359 8361 8362
f 8361 8363 8364
f 8363 8365 8366
f 8365 8367 8368
f 8367 8369 8370
f 8369 8371 8372
f 8371 8373 8374
f 8373 8375 8376
f 8375 8377 8378
f 8377 8379 8380
f 8379 8381 8382
f 8381 8383 8384
f 8383 8385 8386
f 8385 8387 8388
f 8387 8389 8390
f 8389 8391 8392
f 8391 8393 8394
f 8393 8395 8396
f 8395 8397 8398
f 8397 8399 8400
f 8399 8401 8402
f 8401 8403 8404
f 8403 8405 8406
f 8405 8407 8408
f 8407 8409 8410
f 8409 8411 8412
f 8411 8413 8414
f 8413 8415 8416
f 8415 8417 8418
f 8417 8419 8420
f 8419 8421 8422
f 8421 8423 8424
f 8423 8425 8426
f 8425 8427 8428
f 8427 8429 8430
f 8429 8431 8432
f 8431 8433 8434
f 8433 8435 8436
f 8435 8437 8438
f 8437 8439 8440
f 8439 8441 8442
f 8441 8443 8444
f 8443 8445 8446
f 8445 8447 8448
f 8447 8449 8450
f 8449 8451 8452
f 8451 8453 8454
f 8453 8455 8456
f 8455 8457 8458
f 8457 8459 8460
f 8459 8461 8462
f 8461 8463 8464
f 8463 8465 8466
f 8465 8467 8468
f 8467 8469 8470
f 8469 8471 8472
f 8471 8473 8474
f 8473 8475 8476
f 8475 8477 8478
f 8477 8479 8480
f 8479 8481 8482
f 8481 8483 8484
f 8483 8485 8486
f 8485 8487 8488
f 8487 8489 8490
f 8489 8491 8492
f 8491 8493 8494
f 8493 8495 8496
f 8495 8497 8498
f 8497 8499 8500
f 8499 8501 8502
f 8501 8503 8504
f 8503 8505 8506
f 8505 8507 8508
f 8507 8509 8510
f 8509 8511 8512
f 8511 8513 8514
f 8513 8515 8516
f 8515 8517 8518
f 8517 8519 8520
f 8519 8521 8522
f 8521 8523 8524
f 8523 8525 8526
f 8525 8527 8528
f 8527 8529 8530
f 8529 8531 8532
f 8531 8533 8534
f 8533 8535 8536
f 8535 8537 8538
f 8537 8539 8540
f 8539 8541 8542
f 8541 8543 8544
f 8543 8545 8546
f 8545 8547 8548
f 8547 8549 8550
f 8549 8551 8552
f 8551 8553 8554
f 8553 8555 8556
f 8555 8557 8558
f 8557 8559 8560
f 8559 8561 8562
f 8561 8563 8564
f 8563 8565 8566
f 8565 8567 8568
f 8567 8569 8570
f 8569 8571 8572
f 8571 8573 8574
f 8573 8575 8576
f 8575 8577 8578
f 8577 8579 8580
f 8579 8581 8582
f 8581 8583 8584
f 8583 8585 8586
f 8585 8587 8588
f 8587 8589 8590
f 8589 8591 8592
f 8591 8593 8594
f 8593 8595 8596
f 8595 8597 8598
f 8597 8599 8600
f 8599 8601 8602
f 8601 8603 8604
f 8603 8605 8606
f 8605 8607 8608
f 8607 8609 8610
f 8609 8611 8612
f 8611 8613 8614
f 8613 8615 8616
f 8615 8617 8618
f 8617 8619 8620
f 8619 8621 8622
f 8621 8623 8624
f 8623 8625 8626
f 8625 8627 8628
f 8627 8629 8630
f 8629 8631 8632
f 8631 8633 8634
f 8633 8635 8636
f 8635 8637 8638
f 8637 8639 8640
f 8639 8641 8642
f 8641 8643 8644
f 8643 8645 8646
f 8645 8647 8648
f 8647 8649 8650
f 8649 8651 8652
f 8651 8653 8654
f 8653 8655 8656
f 8655 8657 8658
f 8657 8659 8660
f 8659 8661 8662
f 8661 8663 8664
f 8663 8665 8666
f 8665 8667 8668
f 8667 7950 8669

o Shape_42
usemtl material_1
f 7230 7231 7232
f 7231 7233 7234
f 7233 7235 7236
f 7235 7237 7238
f 7237 7239 7240
f 7239 7241 7242
f 7241 7243 7244
f 7243 7245 7246
f 7245 7247 7248
f 7247 7249 7250
f 7249 7251 7252
f 7251 7253 7254
f 7253 7255 7256
f 7255 7257 7258
f 7257 7259 7260
f 7259 7261 7262
f 7261 7263 7264
f 7263 7265 7266
f 7265 7267 7268
f 7267 7269 7270
f 7269 7271 7272
f 7271 7273 7274
f 7273 7275 7276
f 7275 7277 7278
f 7277 7279 7280
f 7279 7281 7282
f 7281 7283 7284
f 7283 7285 7286
f 7285 7287 7288
f 7287 7289 7290
f 7289 7291 7292
f 7291 7293 7294
f 7293 7295 7296
f 7295 7297 7298
f 7297 7299 7300
f 7299 7301 7302
f 7301 7303 7304
f 7303 7305 7306
f 7305 7307 7308
f 7307 7309 7310
f 7309 7311 7312
f 7311 7313 7314
f 7313 7315 7316
f 7315 7317 7318
f 7317 7319 7320
f 7319 7321 7322
f 7321 7323 7324
f 7323 7325 7326
f 7325 7327 7328
f 7327 7329 7330
f 7329 7331 7332
f 7331 7333 7334
f 7333 7335 7336
f 7335 7337 7338
f 7337 7339 7340
f 7339 7341 7342
f 7341 7343 7344
f 7343 7345 7346
f 7345 7347 7348
f 7347 7349 7350
f 7349 7351 7352
f 7351 7353 7354
f 7353 7355 7356
f 7355 7357 7358
f 7357 7359 7360
f 7359 7361 7362
f 7361 7363 7364
f 7363 7365 7366
f 7365 7367 7368
f 7367 7369 7370
f 7369 7371 7372
f 7371 7373 7374
f 7373 7375 7376
f 7375 7377 7378
f 7377 7379 7380
f 7379 7381 7382
f 7381 7383 7384
f 7383 7385 7386
f 7385 7387 7388
f 7387 7389 7390
f 7389 7391 7392
f 7391 7393 7394
f 7393 7395 7396
f 7395 7397 7398
f 7397 7399 7400
f 7399 7401 7402
f 7401 7403 7404
f 7403 7405 7406
f 7405 7407 7408
f 7407 7409 7410
f 7409 7411 7412
f 7411 7413 7414
f 7413 7415 7416
f 7415 7417 7418
f 7417 7419 7420
f 7419 7421 7422
f 7421 7423 7424
f 7423 7425 7426
f 7425 7427 7428
f 7427 7429 7430
f 7429 7431 7432
f 7431 7433 7434
f 7433 7435 7436
f 7435 7437 7438
f 7437 7439 7440
f 7439 7441 7442
f 7441 7443 7444
f 7443 7445 7446
f 7445 7447 7448
f 7447 7449 7450
f 7449 7451 7452
f 7451 7453 7454
f 7453 7455 7456
f 7455 7457 7458
f 7457 7459 7460
f 7459 7461 7462
f 7461 7463 7464
f 7463 7465 7466
f 7465 7467 7468
f 7467 7469 7470
f 7469 7471 7472
f 7471 7473 7474
f 7473 7475 7476
f 7475 7477 7478
f 7477 7479 7480
f 7479 7481 7482
f 7481 7483 7484
f 7483 7485 7486
f 7485 7487 7488
f 7487 7489 7490
f 7489 7491 7492
f 7491 7493 7494
f 7493 7495 7496
f 7495 7497 7498
f 7497 7499 7500
f 7499 7501 7502
f 7501 7503 7504
f 7503 7505 7506
f 7505 7507 7508
f 7507 7509 7510
f 7509 7511 7512
f 7511 7513 7514
f 7513 7515 7516
f 7515 7517 7518
f 7517 7519 7520
f 7519 7521 7522
f 7521 7523 7524
f 7523 7525 7526
f 7525 7527 7528
f 7527 7529 7530
f 7529 7531 7532
f 7531 7533 7534
f 7533 7535 7536
f 7535 7537 7538
f 7537 7539 7540
f 7539 7541 7542
f 7541 7543 7544
f 7543 7545 7546
f 7545 7547 7548
f 7547 7549 7550
f 7549 7551 7552
f 7551 7553 7554
f 7553 7555 7556
f 7555 7557 7558
f 7557 7559 7560
f 7559 7561 7562
f 7561 7563 7564
f 7563 7565 7566
f 7565 7567 7568
f 7567 7569 7570
f 7569 7571 7572
f 7571 7573 7574
f 7573 7575 7576
f 7575 7577 7578
f 7577 7579 7580
f 7579 7581 7582
f 7581 7583 7584
f 7583 7585 7586
f 7585 7587 7588
f 7587 7589 7590
f 7589 7591 7592
f 7591 7593 7594
f 7593 7595 7596
f 7595 7597 7598
f 7597 7599 7600
f 7599 7601 7602
f 7601 7603 7604
f 7603 7605 7606
f 7605 7607 7608
f 7607 7609 7610
f 7609 7611 7612
f 7611 7613 7614
f 7613 7615 7616
f 7615 7617 7618
f 7617 7619 7620
f 7619 7621 7622
f 7621 7623 7624
f 7623 7625 7626
f 7625 7627 7628
f 7627 7629 7630
f 7629 7631 7632
f 7631 7633 7634
f 7633 7635 7636
f 7635 7637 7638
f 7637 7639 7640
f 7639 7641 7642
f 7641 7643 7644
f 7643 7645 7646
f 7645 7647 7648
f 7647 7649 7650
f 7649 7651 7652
f 7651 7653 7654
f 7653 7655 7656
f 7655 7657 7658
f 7657 7659 7660
f 7659 7661 7662
f 7661 7663 7664
f 7663 7665 7666
f 7665 7667 7668
f 7667 7669 7670
f 7669 7671 7672
f 7671 7673 7674
f 7673 7675 7676
f 7675 7677 7678
f 7677 7679 7680
f 7679 7681 7682
f 7681 7683 7684
f 7683 7685 7686
f 7685 7687 7688
f 7687 7689 7690
f 7689 7691 7692
f 7691 7693 7694
f 7693 7695 7696
f 7695 7697 7698
f 7697 7699 7700
f 7699 7701 7702
f 7701 7703 7704
f 7703 7705 7706
f 7705 7707 7708
f 7707 7709 7710
f 7709 7711 7712
f 7711 7713 7714
f 7713 7715 7716
f 7715 7717 7718
f 7717 7719 7720
f 7719 7721 7722
f 7721 7723 7724
f 7723 7725 7726
f 7725 7727 7728
f 7727 7729 7730
f 7729 7731 7732
f 7731 7733 7734
f 7733 7735 7736
f 7735 7737 7738
f 7737 7739 7740
f 7739 7741 7742
f 7741 7743 7744
f 7743 7745 7746
f 7745 7747 7748
f 7747 7749 7750
f 7749 7751 7752
f 7751 7753 7754
f 7753 7755 7756
f 7755 7757 7758
f 7757 7759 7760
f 7759 7761 7762
f 7761 7763 7764
f 7763 7765 7766
f 7765 7767 7768
f 7767 7769 7770
f 7769 7771 7772
f 7771 7773 7774
f 7773 7775 7776
f 7775 7777 7778
f 7777 7779 7780
f 7779 7781 7782
f 7781 7783 7784
f 7783 7785 7786
f 7785 7787 7788
f 7787 7789 7790
f 7789 7791 7792
f 7791 7793 7794
f 7793 7795 7796
f 7795 7797 7798
f 7797 7799 7800
f 7799 7801 7802
f 7801 7803 7804
f 7803 7805 7806
f 7805 7807 7808
f 7807 7809 7810
f 7809 7811 7812
f 7811 7813 7814
f 7813 7815 7816
f 7815 7817 7818
f 7817 7819 7820
f 7819 7821 7822
f 7821 7823 7824
f 7823 7825 7826
f 7825 7827 7828
f 7827 7829 7830
f 7829 7831 7832
f 7831 7833 7834
f 7833 7835 7836
f 7835 7837 7838
f 7837 7839 7840
f 7839 7841 7842
f 7841 7843 7844
f 7843 7845 7846
f 7845 7847 7848
f 7847 7849 7850
f 7849 7851 7852
f 7851 7853 7854
f 7853 7855 7856
f 7855 7857 7858
f 7857 7859 7860
f 7859 7861 7862
f 7861 7863 7864
f 7863 7865 7866
f 7865 7867 7868
f 7867 7869 7870
f 7869 7871 7872
f 7871 7873 7874
f 7873 7875 7876
f 7875 7877 7878
f 7877 7879 7880
f 7879 7881 7882
f 7881 7883 7884
f 7883 7885 7886
f 7885 7887 7888
f 7887 7889 7890
f 7889 7891 7892
f 7891 7893 7894
f 7893 7895 7896
f 7895 7897 7898
f 7897 7899 7900
f 7899 7901 7902
f 7901 7903 7904
f 7903 7905 7906
f 7905 7907 7908
f 7907 7909 7910
f 7909 7911 7912
f 7911 7913 7914
f 7913 7915 7916
f 7915 7917 7918
f 7917 7919 7920
f 7919 7921 7922
f 7921 7923 7924
f 7923 7925 7926
f 7925 7927 7928
f 7927 7929 7930
f 7929 7931 7932
f 7931 7933 7934
f 7933 7935 7936
f 7935 7937 7938
f 7937 7939 7940
f 7939 7941 7942
f 7941 7943 7944
f 7943 7945 7946
f 7945 7947 7948
f 7947 7230 7949

o Shape_43
usemtl material_1
f 2889 2890 2891
f 2890 2892 2893
f 2892 2894 2895
f 2894 2896 2897
f 2896 2898 2899
f 2898 2900 2901
f 2900 2902 2903
f 2902 2904 2905
f 2904 2906 2907
f 2906 2908 2909
f 2908 2910 2911
f 2910 2912 2913
f 2912 2914 2915
f 2914 2916 2917
f 2916 2918 2919
f 2918 2920 2921
f 2920 2922 2923
f 2922 2924 2925
f 2924 2926 2927
f 2926 2928 2929
f 2928 2930 2931
f 2930 2932 2933
f 2932 2934 2935
f 2934 2936 2937
f 2936 2938 2939
f 2938 2940 2941
f 2940 2942 2943
f 2942 2944 2945
f 2944 2946 2947
f 2946 2948 2949
f 2948 2950 2951
f 2950 2952 2953
f 2952 2954 2955
f 2954 2956 2957
f 2956 2958 2959
f 2958 2960 2961
f 2960 2962 2963
f 2962 2964 2965
f 2964 2966 2967
f 2966 2968 2969
f 2968 2970 2971
f 2970 2972 2973
f 2972 2974 2975
f 2974 2976 2977
f 2976 2978 2979
f 2978 2980 2981
f 2980 2982 2983
f 2982 2984 2985
f 2984 2986 2987
f 2986 2988 2989
f 2988 2990 2991
f 2990 2992 2993
f 2992 2994 2995
f 2994 2996 2997
f 2996 2998 2999
f 2998 3000 3001
f 3000 3002 3003
f 3002 3004 3005
f 3004 3006 3007
f 3006 3008 3009
f 3008 3010 3011
f 3010 3012 3013
f 3012 3014 3015
f 3014 3016 3017
f 3016 3018 3019
f 3018 3020 3021
f 3020 3022 3023
f 3022 3024 3025
f 3024 3026 3027
f 3026 3028 3029
f 3028 3030 3031
f 3030 3032 3033
f 3032 3034 3035
f 3034 3036 3037
f 3036 3038 3039
f 3038 3040 3041
f 3040 3042 3043
f 3042 3044 3045
f 3044 3046 3047
f 3046 3048 3049
f 3048 3050 3051
f 3050 3052 3053
f 3052 3054 3055
f 3054 3056 3057
f 3056 3058 3059
f 3058 3060 3061
f 3060 3062 3063
f 3062 3064 3065
f 3064 3066 3067
f 3066 3068 3069
f 3068 3070 3071
f 3070 3072 3073
f 3072 3074 3075
f 3074 3076 3077
f 3076 3078 3079
f 3078 3080 3081
f 3080 3082 3083
f 3082 3084 3085
f 3084 3086 3087
f 3086 3088 3089
f 3088 3090 3091
f 3090 3092 3093
f 3092 3094 3095
f 3094 3096 3097
f 3096 3098 3099
f 3098 3100 3101
f 3100 3102 3103
f 3102 3104 3105
f 3104 3106 3107
f 3106 3108 3109
f 3108 3110 3111
f 3110 3112 3113
f 3112 3114 3115
f 3114 3116 3117
f 3116 3118 3119
f 3118 3120 3121
f 3120 3122 3123
f 3122 3124 3125
f 3124 3126 3127
f 3126 3128 3129
f 3128 3130 3131
f 3130 3132 3133
f 3132 3134 3135
f 3134 3136 3137
f 3136 3138 3139
f 3138 3140 3141
f 3140 3142 3143
f 3142 3144 3145
f 3144 3146 3147
f 3146 3148 3149
f 3148 3150 3151
f 3150 3152 3153
f 3152 3154 3155
f 3154 3156 3157
f 3156 3158 3159
f 3158 3160 3161
f 3160 3162 3163
f 3162 3164 3165
f 3164 3166 3167
f 3166 3168 3169
f 3168 3170 3171
f 3170 3172 3173
f 3172 3174 3175
f 3174 3176 3177
f 3176 3178 3179
f 3178 3180 3181
f 3180 3182 3183
f 3182 3184 3185
f 3184 3186 3187
f 3186 3188 3189
f 3188 3190 3191
f 3190 3192 3193
f 3192 3194 3195
f 3194 3196 3197
f 3196 3198 3199
f 3198 3200 3201
f 3200 3202 3203
f 3202 3204 3205
f 3204 3206 3207
f 3206 3208 3209
f 3208 3210 3211
f 3210 3212 3213
f 3212 3214 3215
f 3214 3216 3217
f 3216 3218 3219
f 3218 3220 3221
f 3220 3222 3223
f 3222 3224 3225
f 3224 3226 3227
f 3226 3228 3229
f 3228 3230 3231
f 3230 3232 3233
f 3232 3234 3235
f 3234 3236 3237
f 3236 3238 3239
f 3238 3240 3241
f 3240 3242 3243
f 3242 3244 3245
f 3244 3246 3247
f 3246 3248 3249
f 3248 3250 3251
f 3250 3252 3253
f 3252 3254 3255
f 3254 3256 3257
f 3256 3258 3259
f 3258 3260 3261
f 3260 3262 3263
f 3262 3264 3265
f 3264 3266 3267
f 3266 3268 3269
f 3268 3270 3271
f 3270 3272 3273
f 3272 3274 3275
f 3274 3276 3277
f 3276 3278 3279
f 3278 3280 3281
f 3280 3282 3283
f 3282 3284 3285
f 3284 3286 3287
f 3286 3288 3289
f 3288 3290 3291
f 3290 3292 3293
f 3292 3294 3295
f 3294 3296 3297
f 3296 3298 3299
f 3298 3300 3301
f 3300 3302 3303
f 3302 3304 3305
f 3304 3306 3307
f 3306 3308 3309
f 3308 3310 3311
f 3310 3312 3313
f 3312 3314 3315
f 3314 3316 3317
f 3316 3318 3319
f 3318 3320 3321
f 3320 3322 3323
f 3322 3324 3325
f 3324 3326 3327
f 3326 3328 3329
f 3328 3330 3331
f 3330 3332 3333
f 3332 3334 3335
f 3334 3336 3337
f 3336 3338 3339
f 3338 3340 3341
f 3340 3342 3343
f 3342 3344 3345
f 3344 3346 3347
f 3346 3348 3349
f 3348 3350 3351
f 3350 3352 3353
f 3352 3354 3355
f 3354 3356 3357
f 3356 3358 3359
f 3358 3360 3361
f 3360 3362 3363
f 3362 3364 3365
f 3364 3366 3367
f 3366 3368 3369
f 3368 3370 3371
f 3370 3372 3373
f 3372 3374 3375
f 3374 3376 3377
f 3376 3378 3379
f 3378 3380 3381
f 3380 3382 3383
f 3382 3384 3385
f 3384 3386 3387
f 3386 3388 3389
f 3388 3390 3391
f 3390 3392 3393
f 3392 3394 3395
f 3394 3396 3397
f 3396 3398 3399
f 3398 3400 3401
f 3400 3402 3403
f 3402 3404 3405
f 3404 3406 3407
f 3406 3408 3409
f 3408 3410 3411
f 3410 3412 3413
f 3412 3414 3415
f 3414 3416 3417
f 3416 3418 3419
f 3418 3420 3421
f 3420 3422 3423
f 3422 3424 3425
f 3424 3426 3427
f 3426 3428 3429
f 3428 3430 3431
f 3430 3432 3433
f 3432 3434 3435
f 3434 3436 3437
f 3436 3438 3439
f 3438 3440 3441
f 3440 3442 3443
f 3442 3444 3445
f 3444 3446 3447
f 3446 3448 3449
f 3448 3450 3451
f 3450 3452 3453
f 3452 3454 3455
f 3454 3456 3457
f 3456 3458 3459
f 3458 3460 3461
f 3460 3462 3463
f 3462 3464 3465
f 3464 3466 3467
f 3466 3468 3469
f 3468 3470 3471
f 3470 3472 3473
f 3472 3474 3475
f 3474 3476 3477
f 3476 3478 3479
f 3478 3480 3481
f 3480 3482 3483
f 3482 3484 3485
f 3484 3486 3487
f 3486 3488 3489
f 3488 3490 3491
f 3490 3492 3493
f 3492 3494 3495
f 3494 3496 3497
f 3496 3498 3499
f 3498 3500 3501
f 3500 3502 3503
f 3502 3504 3505
f 3504 3506 3507
f 3506 3508 3509
f 3508 3510 3511
f 3510 3512 3513
f 3512 3514 3515
f 3514 3516 3517
f 3516 3518 3519
f 3518 3520 3521
f 3520 3522 3523
f 3522 3524 3525
f 3524 3526 3527
f 3526 3528 3529
f 3528 3530 3531
f 3530 3532 3533
f 3532 3534 3535
f 3534 3536 3537
f 3536 3538 3539
f 3538 3540 3541
f 3540 3542 3543
f 3542 3544 3545
f 3544 3546 3547
f 3546 3548 3549
f 3548 3550 3551
f 3550 3552 3553
f 3552 3554 3555
f 3554 3556 3557
f 3556 3558 3559
f 3558 3560 3561
f 3560 3562 3563
f 3562 3564 3565
f 3564 3566 3567
f 3566 3568 3569
f 3568 3570 3571
f 3570 3572 3573
f 3572 3574 3575
f 3574 3576 3577
f 3576 3578 3579
f 3578 3580 3581
f 3580 3582 3583
f 3582 3584 3585
f 3584 3586 3587
f 3586 3588 3589
f 3588 3590 3591
f 3590 3592 3593
f 3592 3594 3595
f 3594 3596 3597
f 3596 3598 3599
f 3598 3600 3601
f 3600 3602 3603
f 3602 3604 3605
f 3604 3606 3607
f 3606 2889 3608

o Shape_44
usemtl material_1
f 7230 3248 8670
f 7230 3248 8670

o Shape_45
usemtl material_1
f 7319 3338 8671
f 7319 3338 8671

o Shape_46
usemtl material_1
f 7409 3428 8672
f 7409 3428 8672

o Shape_47
usemtl material_1
f 7499 3518 8673
f 7499 3518 8673

o Shape_48
usemtl material_1
f 7589 2889 8674
f 7589 2889 8674

o Shape_49
usemtl material_1
f 7679 2978 8675
f 7679 2978 8675

o Shape_50
usemtl material_1
f 7769 3068 8676
f 7769 3068 8676

o Shape_51
usemtl material_1
f 7859 3158 8677
f 7859 3158 8677

o Shape_52
usemtl material_1
f 7230 3248 8670
f 7230 3248 8670

o Shape_53
usemtl material_1
f 8678 8679 8680
f 8679 8681 8682
f 8681 8683 8684
f 8683 8685 8686
f 8685 8687 8688
f 8687 8689 8690
f 8689 8691 8692
f 8691 8693 8694
f 8693 8695 8696
f 8695 8697 8698
f 8697 8699 8700
f 8699 8701 8702
f 8701 8703 8704
f 8703 8705 8706
f 8705 8707 8708
f 8707 8709 8710
f 8709 8711 8712
f 8711 8713 8714
f 8713 8715 8716
f 8715 8717 8718
f 8717 8719 8720
f 8719 8721 8722
f 8721 8723 8724
f 8723 8725 8726
f 8725 8727 8728
f 8727 8729 8730
f 8729 8731 8732
f 8731 8733 8734
f 8733 8735 8736
f 8735 8737 8738
f 8737 8739 8740
f 8739 8741 8742
f 8741 8743 8744
f 8743 8745 8746
f 8745 8747 8748
f 8747 8749 8750
f 8749 8751 8752
f 8751 8753 8754
f 8753 8755 8756
f 8755 8757 8758
f 8757 8759 8760
f 8759 8761 8762
f 8761 8763 8764
f 8763 8765 8766
f 8765 8767 8768
f 8767 8769 8770
f 8769 8771 8772
f 8771 8773 8774
f 8773 8775 8776
f 8775 8777 8778
f 8777 8779 8780
f 8779 8781 8782
f 8781 8783 8784
f 8783 8785 8786
f 8785 8787 8788
f 8787 8789 8790
f 8789 8791 8792
f 8791 8793 8794
f 8793 8795 8796
f 8795 8797 8798
f 8797 8799 8800
f 8799 8801 8802
f 8801 8803 8804
f 8803 8805 8806
f 8805 8807 8808
f 8807 8809 8810
f 8809 8811 8812
f 8811 8813 8814
f 8813 8815 8816
f 8815 8817 8818
f 8817 8819 8820
f 8819 8821 8822
f 8821 8823 8824
f 8823 8825 8826
f 8825 8827 8828
f 8827 8829 8830
f 8829 8831 8832
f 8831 8833 8834
f 8833 8835 8836
f 8835 8837 8838
f 8837 8839 8840
f 8839 8841 8842
f 8841 8843 8844
f 8843 8845 8846
f 8845 8847 8848
f 8847 8849 8850
f 8849 8851 8852
f 8851 8853 8854
f 8853 8855 8856
f 8855 8857 8858
f 8857 8859 8860
f 8859 8861 8862
f 8861 8863 8864
f 8863 8865 8866
f 8865 8867 8868
f 8867 8869 8870
f 8869 8871 8872
f 8871 8873 8874
f 8873 8875 8876
f 8875 8877 8878
f 8877 8879 8880
f 8879 8881 8882
f 8881 8883 8884
f 8883 8885 8886
f 8885 8887 8888
f 8887 8889 8890
f 8889 8891 8892
f 8891 8893 8894
f 8893 8895 8896
f 8895 8897 8898
f 8897 8899 8900
f 8899 8901 8902
f 8901 8903 8904
f 8903 8905 8906
f 8905 8907 8908
f 8907 8909 8910
f 8909 8911 8912
f 8911 8913 8914
f 8913 8915 8916
f 8915 8917 8918
f 8917 8919 8920
f 8919 8921 8922
f 8921 8923 8924
f 8923 8925 8926
f 8925 8927 8928
f 8927 8929 8930
f 8929 8931 8932
f 8931 8933 8934
f 8933 8935 8936
f 8935 8937 8938
f 8937 8939 8940
f 8939 8941 8942
f 8941 8943 8944
f 8943 8945 8946
f 8945 8947 8948
f 8947 8949 8950
f 8949 8951 8952
f 8951 8953 8954
f 8953 8955 8956
f 8955 8957 8958
f 8957 8959 8960
f 8959 8961 8962
f 8961 8963 8964
f 8963 8965 8966
f 8965 8967 8968
f 8967 8969 8970
f 8969 8971 8972
f 8971 8973 8974
f 8973 8975 8976
f 8975 8977 8978
f 8977 8979 8980
f 8979 8981 8982
f 8981 8983 8984
f 8983 8985 8986
f 8985 8987 8988
f 8987 8989 8990
f 8989 8991 8992
f 8991 8993 8994
f 8993 8995 8996
f 8995 8997 8998
f 8997 8999 9000
f 8999 9001 9002
f 9001 9003 9004
f 9003 9005 9006
f 9005 9007 9008
f 9007 9009 9010
f 9009 9011 9012
f 9011 9013 9014
f 9013 9015 9016
f 9015 9017 9018
f 9017 9019 9020
f 9019 9021 9022
f 9021 9023 9024
f 9023 9025 9026
f 9025 9027 9028
f 9027 9029 9030
f 9029 9031 9032
f 9031 9033 9034
f 9033 9035 9036
f 9035 9037 9038
f 9037 9039 9040
f 9039 9041 9042
f 9041 9043 9044
f 9043 9045 9046
f 9045 9047 9048
f 9047 9049 9050
f 9049 9051 9052
f 9051 9053 9054
f 9053 9055 9056
f 9055 9057 9058
f 9057 9059 9060
f 9059 9061 9062
f 9061 9063 9064
f 9063 9065 9066
f 9065 9067 9068
f 9067 9069 9070
f 9069 9071 9072
f 9071 9073 9074
f 9073 9075 9076
f 9075 9077 9078
f 9077 9079 9080
f 9079 9081 9082
f 9081 9083 9084
f 9083 9085 9086
f 9085 9087 9088
f 9087 9089 9090
f 9089 9091 9092
f 9091 9093 9094
f 9093 9095 9096
f 9095 9097 9098
f 9097 9099 9100
f 9099 9101 9102
f 9101 9103 9104
f 9103 9105 9106
f 9105 9107 9108
f 9107 9109 9110
f 9109 9111 9112
f 9111 9113 9114
f 9113 9115 9116
f 9115 9117 9118
f 9117 9119 9120
f 9119 9121 9122
f 9121 9123 9124
f 9123 9125 9126
f 9125 9127 9128
f 9127 9129 9130
f 9129 9131 9132
f 9131 9133 9134
f 9133 9135 9136
f 9135 9137 9138
f 9137 9139 9140
f 9139 9141 9142
f 9141 9143 9144
f 9143 9145 9146
f 9145 9147 9148
f 9147 9149 9150
f 9149 9151 9152
f 9151 9153 9154
f 9153 9155 9156
f 9155 9157 9158
f 9157 9159 9160
f 9159 9161 9162
f 9161 9163 9164
f 9163 9165 9166
f 9165 9167 9168
f 9167 9169 9170
f 9169 9171 9172
f 9171 9173 9174
f 9173 9175 9176
f 9175 9177 9178
f 9177 9179 9180
f 9179 9181 9182
f 9181 9183 9184
f 9183 9185 9186
f 9185 9187 9188
f 9187 9189 9190
f 9189 9191 9192
f 9191 9193 9194
f 9193 9195 9196
f 9195 9197 9198
f 9197 9199 9200
f 9199 9201 9202
f 9201 9203 9204
f 9203 9205 9206
f 9205 9207 9208
f 9207 9209 9210
f 9209 9211 9212
f 9211 9213 9214
f 9213 9215 9216
f 9215 9217 9218
f 9217 9219 9220
f 9219 9221 9222
f 9221 9223 9224
f 9223 9225 9226
f 9225 9227 9228
f 9227 9229 9230
f 9229 9231 9232
f 9231 9233 9234
f 9233 9235 9236
f 9235 9237 9238
f 9237 9239 9240
f 9239 9241 9242
f 9241 9243 9244
f 9243 9245 9246
f 9245 9247 9248
f 9247 9249 9250
f 9249 9251 9252
f 9251 9253 9254
f 9253 9255 9256
f 9255 9257 9258
f 9257 9259 9260
f 9259 9261 9262
f 9261 9263 9264
f 9263 9265 9266
f 9265 9267 9268
f 9267 9269 9270
f 9269 9271 9272
f 9271 9273 9274
f 9273 9275 9276
f 9275 9277 9278
f 9277 9279 9280
f 9279 9281 9282
f 9281 9283 9284
f 9283 9285 9286
f 9285 9287 9288
f 9287 9289 9290
f 9289 9291 9292
f 9291 9293 9294
f 9293 9295 9296
f 9295 9297 9298
f 9297 9299 9300
f 9299 9301 9302
f 9301 9303 9304
f 9303 9305 9306
f 9305 9307 9308
f 9307 9309 9310
f 9309 9311 9312
f 9311 9313 9314
f 9313 9315 9316
f 9315 9317 9318
f 9317 9319 9320
f 9319 9321 9322
f 9321 9323 9324
f 9323 9325 9326
f 9325 9327 9328
f 9327 9329 9330
f 9329 9331 9332
f 9331 9333 9334
f 9333 9335 9336
f 9335 9337 9338
f 9337 9339 9340
f 9339 9341 9342
f 9341 9343 9344
f 9343 9345 9346
f 9345 9347 9348
f 9347 9349 9350
f 9349 9351 9352
f 9351 9353 9354
f 9353 9355 9356
f 9355 9357 9358
f 9357 9359 9360
f 9359 9361 9362
f 9361 9363 9364
f 9363 9365 9366
f 9365 9367 9368
f 9367 9369 9370
f 9369 9371 9372
f 9371 9373 9374
f 9373 9375 9376
f 9375 9377 9378
f 9377 9379 9380
f 9379 9381 9382
f 9381 9383 9384
f 9383 9385 9386
f 9385 9387 9388
f 9387 9389 9390
f 9389 9391 9392
f 9391 9393 9394
f 9393 9395 9396
f 9395 8678 9397

o Shape_54
usemtl material_1
f 9398 9399 9400
f 9399 9401 9402
f 9401 9403 9404
f 9403 9405 9406
f 9405 9407 9408
f 9407 9409 9410
f 9409 9411 9412
f 9411 9413 9414
f 9413 9415 9416
f 9415 9417 9418
f 9417 9419 9420
f 9419 9421 9422
f 9421 9423 9424
f 9423 9425 9426
f 9425 9427 9428
f 9427 9429 9430
f 9429 9431 9432
f 9431 9433 9434
f 9433 9435 9436
f 9435 9437 9438
f 9437 9439 9440
f 9439 9441 9442
f 9441 9443 9444
f 9443 9445 9446
f 9445 9447 9448
f 9447 9449 9450
f 9449 9451 9452
f 9451 9453 9454
f 9453 9455 9456
f 9455 9457 9458
f 9457 9459 9460
f 9459 9461 9462
f 9461 9463 9464
f 9463 9465 9466
f 9465 9467 9468
f 9467 9469 9470
f 9469 9471 9472
f 9471 9473 9474
f 9473 9475 9476
f 9475 9477 9478
f 9477 9479 9480
f 9479 9481 9482
f 9481 9483 9484
f 9483 9485 9486
f 9485 9487 9488
f 9487 9489 9490
f 9489 9491 9492
f 9491 9493 9494
f 9493 9495 9496
f 9495 9497 9498
f 9497 9499 9500
f 9499 9501 9502
f 9501 9503 9504
f 9503 9505 9506
f 9505 9507 9508
f 9507 9509 9510
f 9509 9511 9512
f 9511 9513 9514
f 9513 9515 9516
f 9515 9517 9518
f 9517 9519 9520
f 9519 9521 9522
f 9521 9523 9524
f 9523 9525 9526
f 9525 9527 9528
f 9527 9529 9530
f 9529 9531 9532
f 9531 9533 9534
f 9533 9535 9536
f 9535 9537 9538
f 9537 9539 9540
f 9539 9541 9542
f 9541 9543 9544
f 9543 9545 9546
f 9545 9547 9548
f 9547 9549 9550
f 9549 9551 9552
f 9551 9553 9554
f 9553 9555 9556
f 9555 9557 9558
f 9557 9559 9560
f 9559 9561 9562
f 9561 9563 9564
f 9563 9565 9566
f 9565 9567 9568
f 9567 9569 9570
f 9569 9571 9572
f 9571 9573 9574
f 9573 9575 9576
f 9575 9577 9578
f 9577 9579 9580
f 9579 9581 9582
f 9581 9583 9584
f 9583 9585 9586
f 9585 9587 9588
f 9587 9589 9590
f 9589 9591 9592
f 9591 9593 9594
f 9593 9595 9596
f 9595 9597 9598
f 9597 9599 9600
f 9599 9601 9602
f 9601 9603 9604
f 9603 9605 9606
f 9605 9607 9608
f 9607 9609 9610
f 9609 9611 9612
f 9611 9613 9614
f 9613 9615 9616
f 9615 9617 9618
f 9617 9619 9620
f 9619 9621 9622
f 9621 9623 9624
f 9623 9625 9626
f 9625 9627 9628
f 9627 9629 9630
f 9629 9631 9632
f 9631 9633 9634
f 9633 9635 9636
f 9635 9637 9638
f 9637 9639 9640
f 9639 9641 9642
f 9641 9643 9644
f 9643 9645 9646
f 9645 9647 9648
f 9647 9649 9650
f 9649 9651 9652
f 9651 9653 9654
f 9653 9655 9656
f 9655 9657 9658
f 9657 9659 9660
f 9659 9661 9662
f 9661 9663 9664
f 9663 9665 9666
f 9665 9667 9668
f 9667 9669 9670
f 9669 9671 9672
f 9671 9673 9674
f 9673 9675 9676
f 9675 9677 9678
f 9677 9679 9680
f 9679 9681 9682
f 9681 9683 9684
f 9683 9685 9686
f 9685 9687 9688
f 9687 9689 9690
f 9689 9691 9692
f 9691 9693 9694
f 9693 9695 9696
f 9695 9697 9698
f 9697 9699 9700
f 9699 9701 9702
f 9701 9703 9704
f 9703 9705 9706
f 9705 9707 9708
f 9707 9709 9710
f 9709 9711 9712
f 9711 9713 9714
f 9713 9715 9716
f 9715 9717 9718
f 9717 9719 9720
f 9719 9721 9722
f 9721 9723 9724
f 9723 9725 9726
f 9725 9727 9728
f 9727 9729 9730
f 9729 9731 9732
f 9731 9733 9734
f 9733 9735 9736
f 9735 9737 9738
f 9737 9739 9740
f 9739 9741 9742
f 9741 9743 9744
f 9743 9745 9746
f 9745 9747 9748
f 9747 9749 9750
f 9749 9751 9752
f 9751 9753 9754
f 9753 9755 9756
f 9755 9757 9758
f 9757 9759 9760
f 9759 9761 9762
f 9761 9763 9764
f 9763 9765 9766
f 9765 9767 9768
f 9767 9769 9770
f 9769 9771 9772
f 9771 9773 9774
f 9773 9775 9776
f 9775 9777 9778
f 9777 9779 9780
f 9779 9781 9782
f 9781 9783 9784
f 9783 9785 9786
f 9785 9787 9788
f 9787 9789 9790
f 9789 9791 9792
f 9791 9793 9794
f 9793 9795 9796
f 9795 9797 9798
f 9797 9799 9800
f 9799 9801 9802
f 9801 9803 9804
f 9803 9805 9806
f 9805 9807 9808
f 9807 9809 9810
f 9809 9811 9812
f 9811 9813 9814
f 9813 9815 9816
f 9815 9817 9818
f 9817 9819 9820
f 9819 9821 9822
f 9821 9823 9824
f 9823 9825 9826
f 9825 9827 9828
f 9827 9829 9830
f 9829 9831 9832
f 9831 9833 9834
f 9833 9835 9836
f 9835 9837 9838
f 9837 9839 9840
f 9839 9841 9842
f 9841 9843 9844
f 9843 9845 9846
f 9845 9847 9848
f 9847 9849 9850
f 9849 9851 9852
f 9851 9853 9854
f 9853 9855 9856
f 9855 9857 9858
f 9857 9859 9860
f 9859 9861 9862
f 9861 9863 9864
f 9863 9865 9866
f 9865 9867 9868
f 9867 9869 9870
f 9869 9871 9872
f 9871 9873 9874
f 9873 9875 9876
f 9875 9877 9878
f 9877 9879 9880
f 9879 9881 9882
f 9881 9883 9884
f 9883 9885 9886
f 9885 9887 9888
f 9887 9889 9890
f 9889 9891 9892
f 9891 9893 9894
f 9893 9895 9896
f 9895 9897 9898
f 9897 9899 9900
f 9899 9901 9902
f 9901 9903 9904
f 9903 9905 9906
f 9905 9907 9908
f 9907 9909 9910
f 9909 9911 9912
f 9911 9913 9914
f 9913 9915 9916
f 9915 9917 9918
f 9917 9919 9920
f 9919 9921 9922
f 9921 9923 9924
f 9923 9925 9926
f 9925 9927 9928
f 9927 9929 9930
f 9929 9931 9932
f 9931 9933 9934
f 9933 9935 9936
f 9935 9937 9938
f 9937 9939 9940
f 9939 9941 9942
f 9941 9943 9944
f 9943 9945 9946
f 9945 9947 9948
f 9947 9949 9950
f 9949 9951 9952
f 9951 9953 9954
f 9953 9955 9956
f 9955 9957 9958
f 9957 9959 9960
f 9959 9961 9962
f 9961 9963 9964
f 9963 9965 9966
f 9965 9967 9968
f 9967 9969 9970
f 9969 9971 9972
f 9971 9973 9974
f 9973 9975 9976
f 9975 9977 9978
f 9977 9979 9980
f 9979 9981 9982
f 9981 9983 9984
f 9983 9985 9986
f 9985 9987 9988
f 9987 9989 9990
f 9989 9991 9992
f 9991 9993 9994
f 9993 9995 9996
f 9995 9997 9998
f 9997 9999 10000
f 9999 10001 10002
f 10001 10003 10004
f 10003 10005 10006
f 10005 10007 10008
f 10007 10009 10010
f 10009 10011 10012
f 10011 10013 10014
f 10013 10015 10016
f 10015 10017 10018
f 10017 10019 10020
f 10019 10021 10022
f 10021 10023 10024
f 10023 10025 10026
f 10025 10027 10028
f 10027 10029 10030
f 10029 10031 10032
f 10031 10033 10034
f 10033 10035 10036
f 10035 10037 10038
f 10037 10039 10040
f 10039 10041 10042
f 10041 10043 10044
f 10043 10045 10046
f 10045 10047 10048
f 10047 10049 10050
f 10049 10051 10052
f 10051 10053 10054
f 10053 10055 10056
f 10055 10057 10058
f 10057 10059 10060
f 10059 10061 10062
f 10061 10063 10064
f 10063 10065 10066
f 10065 10067 10068
f 10067 10069 10070
f 10069 10071 10072
f 10071 10073 10074
f 10073 10075 10076
f 10075 10077 10078
f 10077 10079 10080
f 10079 10081 10082
f 10081 10083 10084
f 10083 10085 10086
f 10085 10087 10088
f 10087 10089 10090
f 10089 10091 10092
f 10091 10093 10094
f 10093 10095 10096
f 10095 10097 10098
f 10097 10099 10100
f 10099 10101 10102
f 10101 10103 10104
f 10103 10105 10106
f 10105 10107 10108
f 10107 10109 10110
f 10109 10111 10112
f 10111 10113 10114
f 10113 10115 10116
f 10115 9398 10117

o Shape_55
usemtl material_1
f 8678 8679 8680
f 8679 8681 8682
f 8681 8683 8684
f 8683 8685 8686
f 8685 8687 8688
f 8687 8689 8690
f 8689 8691 8692
f 8691 8693 8694
f 8693 8695 8696
f 8695 8697 8698
f 8697 8699 8700
f 8699 8701 8702
f 8701 8703 8704
f 8703 8705 8706
f 8705 8707 8708
f 8707 8709 8710
f 8709 8711 8712
f 8711 8713 8714
f 8713 8715 8716
f 8715 8717 8718
f 8717 8719 8720
f 8719 8721 8722
f 8721 8723 8724
f 8723 8725 8726
f 8725 8727 8728
f 8727 8729 8730
f 8729 8731 8732
f 8731 8733 8734
f 8733 8735 8736
f 8735 8737 8738
f 8737 8739 8740
f 8739 8741 8742
f 8741 8743 8744
f 8743 8745 8746
f 8745 8747 8748
f 8747 8749 8750
f 8749 8751 8752
f 8751 8753 8754
f 8753 8755 8756
f 8755 8757 8758
f 8757 8759 8760
f 8759 8761 8762
f 8761 8763 8764
f 8763 8765 8766
f 8765 8767 8768
f 8767 8769 8770
f 8769 8771 8772
f 8771 8773 8774
f 8773 8775 8776
f 8775 8777 8778
f 8777 8779 8780
f 8779 8781 8782
f 8781 8783 8784
f 8783 8785 8786
f 8785 8787 8788
f 8787 8789 8790
f 8789 8791 8792
f 8791 8793 8794
f 8793 8795 8796
f 8795 8797 8798
f 8797 8799 8800
f 8799 8801 8802
f 8801 8803 8804
f 8803 8805 8806
f 8805 8807 8808
f 8807 8809 8810
f 8809 8811 8812
f 8811 8813 8814
f 8813 8815 8816
f 8815 8817 8818
f 8817 8819 8820
f 8819 8821 8822
f 8821 8823 8824
f 8823 8825 8826
f 8825 8827 8828
f 8827 8829 8830
f 8829 8831 8832
f 8831 8833 8834
f 8833 8835 8836
f 8835 8837 8838
f 8837 8839 8840
f 8839 8841 8842
f 8841 8843 8844
f 8843 8845 8846
f 8845 8847 8848
f 8847 8849 8850
f 8849 8851 8852
f 8851 8853 8854
f 8853 8855 8856
f 8855 8857 8858
f 8857 8859 8860
f 8859 8861 8862
f 8861 8863 8864
f 8863 8865 8866
f 8865 8867 8868
f 8867 8869 8870
f 8869 8871 8872
f 8871 8873 8874
f 8873 8875 8876
f 8875 8877 8878
f 8877 8879 8880
f 8879 8881 8882
f 8881 8883 8884
f 8883 8885 8886
f 8885 8887 8888
f 8887 8889 8890
f 8889 8891 8892
f 8891 8893 8894
f 8893 8895 8896
f 8895 8897 8898
f 8897 8899 8900
f 8899 8901 8902
f 8901 8903 8904
f 8903 8905 8906
f 8905 8907 8908
f 8907 8909 8910
f 8909 8911 8912
f 8911 8913 8914
f 8913 8915 8916
f 8915 8917 8918
f 8917 8919 8920
f 8919 8921 8922
f 8921 8923 8924
f 8923 8925 8926
f 8925 8927 8928
f 8927 8929 8930
f 8929 8931 8932
f 8931 8933 8934
f 8933 8935 8936
f 8935 8937 8938
f 8937 8939 8940
f 8939 8941 8942
f 8941 8943 8944
f 8943 8945 8946
f 8945 8947 8948
f 8947 8949 8950
f 8949 8951 8952
f 8951 8953 8954
f 8953 8955 8956
f 8955 8957 8958
f 8957 8959 8960
f 8959 8961 8962
f 8961 8963 8964
f 8963 8965 8966
f 8965 8967 8968
f 8967 8969 8970
f 8969 8971 8972
f 8971 8973 8974
f 8973 8975 8976
f 8975 8977 8978
f 8977 8979 8980
f 8979 8981 8982
f 8981 8983 8984
f 8983 8985 8986
f 8985 8987 8988
f 8987 8989 8990
f 8989 8991 8992
f 8991 8993 8994
f 8993 8995 8996
f 8995 8997 8998
f 8997 8999 9000
f 8999 9001 9002
f 9001 9003 9004
f 9003 9005 9006
f 9005 9007 9008
f 9007 9009 9010
f 9009 9011 9012
f 9011 9013 9014
f 9013 9015 9016
f 9015 9017 9018
f 9017 9019 9020
f 9019 9021 9022
f 9021 9023 9024
f 9023 9025 9026
f 9025 9027 9028
f 9027 9029 9030
f 9029 9031 9032
f 9031 9033 9034
f 9033 9035 9036
f 9035 9037 9038
f 9037 9039 9040
f 9039 9041 9042
f 9041 9043 9044
f 9043 9045 9046
f 9045 9047 9048
f 9047 9049 9050
f 9049 9051 9052
f 9051 9053 9054
f 9053 9055 9056
f 9055 9057 9058
f 9057 9059 9060
f 9059 9061 9062
f 9061 9063 9064
f 9063 9065 9066
f 9065 9067 9068
f 9067 9069 9070
f 9069 9071 9072
f 9071 9073 9074
f 9073 9075 9076
f 9075 9077 9078
f 9077 9079 9080
f 9079 9081 9082
f 9081 9083 9084
f 9083 9085 9086
f 9085 9087 9088
f 9087 9089 9090
f 9089 9091 9092
f 9091 9093 9094
f 9093 9095 9096
f 9095 9097 9098
f 9097 9099 9100
f 9099 9101 9102
f 9101 9103 9104
f 9103 9105 9106
f 9105 9107 9108
f 9107 9109 9110
f 9109 9111 9112
f 9111 9113 9114
f 9113 9115 9116
f 9115 9117 9118
f 9117 9119 9120
f 9119 9121 9122
f 9121 9123 9124
f 9123 9125 9126
f 9125 9127 9128
f 9127 9129 9130
f 9129 9131 9132
f 9131 9133 9134
f 9133 9135 9136
f 9135 9137 9138
f 9137 9139 9140
f 9139 9141 9142
f 9141 9143 9144
f 9143 9145 9146
f 9145 9147 9148
f 9147 9149 9150
f 9149 9151 9152
f 9151 9153 9154
f 9153 9155 9156
f 9155 9157 9158
f 9157 9159 9160
f 9159 9161 9162
f 9161 9163 9164
f 9163 9165 9166
f 9165 9167 9168
f 9167 9169 9170
f 9169 9171 9172
f 9171 9173 9174
f 9173 9175 9176
f 9175 9177 9178
f 9177 9179 9180
f 9179 9181 9182
f 9181 9183 9184
f 9183 9185 9186
f 9185 9187 9188
f 9187 9189 9190
f 9189 9191 9192
f 9191 9193 9194
f 9193 9195 9196
f 9195 9197 9198
f 9197 9199 9200
f 9199 9201 9202
f 9201 9203 9204
f 9203 9205 9206
f 9205 9207 9208
f 9207 9209 9210
f 9209 9211 9212
f 9211 9213 9214
f 9213 9215 9216
f 9215 9217 9218
f 9217 9219 9220
f 9219 9221 9222
f 9221 9223 9224
f 9223 9225 9226
f 9225 9227 9228
f 9227 9229 9230
f 9229 9231 9232
f 9231 9233 9234
f 9233 9235 9236
f 9235 9237 9238
f 9237 9239 9240
f 9239 9241 9242
f 9241 9243 9244
f 9243 9245 9246
f 9245 9247 9248
f 9247 9249 9250
f 9249 9251 9252
f 9251 9253 9254
f 9253 9255 9256
f 9255 9257 9258
f 9257 9259 9260
f 9259 9261 9262
f 9261 9263 9264
f 9263 9265 9266
f 9265 9267 9268
f 9267 9269 9270
f 9269 9271 9272
f 9271 9273 9274
f 9273 9275 9276
f 9275 9277 9278
f 9277 9279 9280
f 9279 9281 9282
f 9281 9283 9284
f 9283 9285 9286
f 9285 9287 9288
f 9287 9289 9290
f 9289 9291 9292
f 9291 9293 9294
f 9293 9295 9296
f 9295 9297 9298
f 9297 9299 9300
f 9299 9301 9302
f 9301 9303 9304
f 9303 9305 9306
f 9305 9307 9308
f 9307 9309 9310
f 9309 9311 9312
f 9311 9313 9314
f 9313 9315 9316
f 9315 9317 9318
f 9317 9319 9320
f 9319 9321 9322
f 9321 9323 9324
f 9323 9325 9326
f 9325 9327 9328
f 9327 9329 9330
f 9329 9331 9332
f 9331 9333 9334
f 9333 9335 9336
f 9335 9337 9338
f 9337 9339 9340
f 9339 9341 9342
f 9341 9343 9344
f 9343 9345 9346
f 9345 9347 9348
f 9347 9349 9350
f 9349 9351 9352
f 9351 9353 9354
f 9353 9355 9356
f 9355 9357 9358
f 9357 9359 9360
f 9359 9361 9362
f 9361 9363 9364
f 9363 9365 9366
f 9365 9367 9368
f 9367 9369 9370
f 9369 9371 9372
f 9371 9373 9374
f 9373 9375 9376
f 9375 9377 9378
f 9377 9379 9380
f 9379 9381 9382
f 9381 9383 9384
f 9383 9385 9386
f 9385 9387 9388
f 9387 9389 9390
f 9389 9391 9392
f 9391 9393 9394
f 9393 9395 9396
f 9395 8678 9397

o Shape_56
usemtl material_1
f 3609 3610 3611
f 3610 3612 3613
f 3612 3614 3615
f 3614 3616 3617
f 3616 3618 3619
f 3618 3620 3621
f 3620 3622 3623
f 3622 3624 3625
f 3624 3626 3627
f 3626 3628 3629
f 3628 3630 3631
f 3630 3632 3633
f 3632 3634 3635
f 3634 3636 3637
f 3636 3638 3639
f 3638 3640 3641
f 3640 3642 3643
f 3642 3644 3645
f 3644 3646 3647
f 3646 3648 3649
f 3648 3650 3651
f 3650 3652 3653
f 3652 3654 3655
f 3654 3656 3657
f 3656 3658 3659
f 3658 3660 3661
f 3660 3662 3663
f 3662 3664 3665
f 3664 3666 3667
f 3666 3668 3669
f 3668 3670 3671
f 3670 3672 3673
f 3672 3674 3675
f 3674 3676 3677
f 3676 3678 3679
f 3678 3680 3681
f 3680 3682 3683
f 3682 3684 3685
f 3684 3686 3687
f 3686 3688 3689
f 3688 3690 3691
f 3690 3692 3693
f 3692 3694 3695
f 3694 3696 3697
f 3696 3698 3699
f 3698 3700 3701
f 3700 3702 3703
f 3702 3704 3705
f 3704 3706 3707
f 3706 3708 3709
f 3708 3710 3711
f 3710 3712 3713
f 3712 3714 3715
f 3714 3716 3717
f 3716 3718 3719
f 3718 3720 3721
f 3720 3722 3723
f 3722 3724 3725
f 3724 3726 3727
f 3726 3728 3729
f 3728 3730 3731
f 3730 3732 3733
f 3732 3734 3735
f 3734 3736 3737
f 3736 3738 3739
f 3738 3740 3741
f 3740 3742 3743
f 3742 3744 3745
f 3744 3746 3747
f 3746 3748 3749
f 3748 3750 3751
f 3750 3752 3753
f 3752 3754 3755
f 3754 3756 3757
f 3756 3758 3759
f 3758 3760 3761
f 3760 3762 3763
f 3762 3764 3765
f 3764 3766 3767
f 3766 3768 3769
f 3768 3770 3771
f 3770 3772 3773
f 3772 3774 3775
f 3774 3776 3777
f 3776 3778 3779
f 3778 3780 3781
f 3780 3782 3783
f 3782 3784 3785
f 3784 3786 3787
f 3786 3788 3789
f 3788 3790 3791
f 3790 3792 3793
f 3792 3794 3795
f 3794 3796 3797
f 3796 3798 3799
f 3798 3800 3801
f 3800 3802 3803
f 3802 3804 3805
f 3804 3806 3807
f 3806 3808 3809
f 3808 3810 3811
f 3810 3812 3813
f 3812 3814 3815
f 3814 3816 3817
f 3816 3818 3819
f 3818 3820 3821
f 3820 3822 3823
f 3822 3824 3825
f 3824 3826 3827
f 3826 3828 3829
f 3828 3830 3831
f 3830 3832 3833
f 3832 3834 3835
f 3834 3836 3837
f 3836 3838 3839
f 3838 3840 3841
f 3840 3842 3843
f 3842 3844 3845
f 3844 3846 3847
f 3846 3848 3849
f 3848 3850 3851
f 3850 3852 3853
f 3852 3854 3855
f 3854 3856 3857
f 3856 3858 3859
f 3858 3860 3861
f 3860 3862 3863
f 3862 3864 3865
f 3864 3866 3867
f 3866 3868 3869
f 3868 3870 3871
f 3870 3872 3873
f 3872 3874 3875
f 3874 3876 3877
f 3876 3878 3879
f 3878 3880 3881
f 3880 3882 3883
f 3882 3884 3885
f 3884 3886 3887
f 3886 3888 3889
f 3888 3890 3891
f 3890 3892 3893
f 3892 3894 3895
f 3894 3896 3897
f 3896 3898 3899
f 3898 3900 3901
f 3900 3902 3903
f 3902 3904 3905
f 3904 3906 3907
f 3906 3908 3909
f 3908 3910 3911
f 3910 3912 3913
f 3912 3914 3915
f 3914 3916 3917
f 3916 3918 3919
f 3918 3920 3921
f 3920 3922 3923
f 3922 3924 3925
f 3924 3926 3927
f 3926 3928 3929
f 3928 3930 3931
f 3930 3932 3933
f 3932 3934 3935
f 3934 3936 3937
f 3936 3938 3939
f 3938 3940 3941
f 3940 3942 3943
f 3942 3944 3945
f 3944 3946 3947
f 3946 3948 3949
f 3948 3950 3951
f 3950 3952 3953
f 3952 3954 3955
f 3954 3956 3957
f 3956 3958 3959
f 3958 3960 3961
f 3960 3962 3963
f 3962 3964 3965
f 3964 3966 3967
f 3966 3968 3969
f 3968 3970 3971
f 3970 3972 3973
f 3972 3974 3975
f 3974 3976 3977
f 3976 3978 3979
f 3978 3980 3981
f 3980 3982 3983
f 3982 3984 3985
f 3984 3986 3987
f 3986 3988 3989
f 3988 3990 3991
f 3990 3992 3993
f 3992 3994 3995
f 3994 3996 3997
f 3996 3998 3999
f 3998 4000 4001
f 4000 4002 4003
f 4002 4004 4005
f 4004 4006 4007
f 4006 4008 4009
f 4008 4010 4011
f 4010 4012 4013
f 4012 4014 4015
f 4014 4016 4017
f 4016 4018 4019
f 4018 4020 4021
f 4020 4022 4023
f 4022 4024 4025
f 4024 4026 4027
f 4026 4028 4029
f 4028 4030 4031
f 4030 4032 4033
f 4032 4034 4035
f 4034 4036 4037
f 4036 4038 4039
f 4038 4040 4041
f 4040 4042 4043
f 4042 4044 4045
f 4044 4046 4047
f 4046 4048 4049
f 4048 4050 4051
f 4050 4052 4053
f 4052 4054 4055
f 4054 4056 4057
f 4056 4058 4059
f 4058 4060 4061
f 4060 4062 4063
f 4062 4064 4065
f 4064 4066 4067
f 4066 4068 4069
f 4068 4070 4071
f 4070 4072 4073
f 4072 4074 4075
f 4074 4076 4077
f 4076 4078 4079
f 4078 4080 4081
f 4080 4082 4083
f 4082 4084 4085
f 4084 4086 4087
f 4086 4088 4089
f 4088 4090 4091
f 4090 4092 4093
f 4092 4094 4095
f 4094 4096 4097
f 4096 4098 4099
f 4098 4100 4101
f 4100 4102 4103
f 4102 4104 4105
f 4104 4106 4107
f 4106 4108 4109
f 4108 4110 4111
f 4110 4112 4113
f 4112 4114 4115
f 4114 4116 4117
f 4116 4118 4119
f 4118 4120 4121
f 4120 4122 4123
f 4122 4124 4125
f 4124 4126 4127
f 4126 4128 4129
f 4128 4130 4131
f 4130 4132 4133
f 4132 4134 4135
f 4134 4136 4137
f 4136 4138 4139
f 4138 4140 4141
f 4140 4142 4143
f 4142 4144 4145
f 4144 4146 4147
f 4146 4148 4149
f 4148 4150 4151
f 4150 4152 4153
f 4152 4154 4155
f 4154 4156 4157
f 4156 4158 4159
f 4158 4160 4161
f 4160 4162 4163
f 4162 4164 4165
f 4164 4166 4167
f 4166 4168 4169
f 4168 4170 4171
f 4170 4172 4173
f 4172 4174 4175
f 4174 4176 4177
f 4176 4178 4179
f 4178 4180 4181
f 4180 4182 4183
f 4182 4184 4185
f 4184 4186 4187
f 4186 4188 4189
f 4188 4190 4191
f 4190 4192 4193
f 4192 4194 4195
f 4194 4196 4197
f 4196 4198 4199
f 4198 4200 4201
f 4200 4202 4203
f 4202 4204 4205
f 4204 4206 4207
f 4206 4208 4209
f 4208 4210 4211
f 4210 4212 4213
f 4212 4214 4215
f 4214 4216 4217
f 4216 4218 4219
f 4218 4220 4221
f 4220 4222 4223
f 4222 4224 4225
f 4224 4226 4227
f 4226 4228 4229
f 4228 4230 4231
f 4230 4232 4233
f 4232 4234 4235
f 4234 4236 4237
f 4236 4238 4239
f 4238 4240 4241
f 4240 4242 4243
f 4242 4244 4245
f 4244 4246 4247
f 4246 4248 4249
f 4248 4250 4251
f 4250 4252 4253
f 4252 4254 4255
f 4254 4256 4257
f 4256 4258 4259
f 4258 4260 4261
f 4260 4262 4263
f 4262 4264 4265
f 4264 4266 4267
f 4266 4268 4269
f 4268 4270 4271
f 4270 4272 4273
f 4272 4274 4275
f 4274 4276 4277
f 4276 4278 4279
f 4278 4280 4281
f 4280 4282 4283
f 4282 4284 4285
f 4284 4286 4287
f 4286 4288 4289
f 4288 4290 4291
f 4290 4292 4293
f 4292 4294 4295
f 4294 4296 4297
f 4296 4298 4299
f 4298 4300 4301
f 4300 4302 4303
f 4302 4304 4305
f 4304 4306 4307
f 4306 4308 4309
f 4308 4310 4311
f 4310 4312 4313
f 4312 4314 4315
f 4314 4316 4317
f 4316 4318 4319
f 4318 4320 4321
f 4320 4322 4323
f 4322 4324 4325
f 4324 4326 4327
f 4326 3609 4328

o Shape_57
usemtl material_1
f 8678 3968 10118
f 8678 3968 10118

o Shape_58
usemtl material_1
f 8767 4058 10119
f 8767 4058 10119

o Shape_59
usemtl material_1
f 8857 4148 10120
f 8857 4148 10120

o Shape_60
usemtl material_1
f 8947 4238 10121
f 8947 4238 10121

o Shape_61
usemtl material_1
f 9037 3609 10122
f 9037 3609 10122

o Shape_62
usemtl material_1
f 9127 3698 10123
f 9127 3698 10123

o Shape_63
usemtl material_1
f 9217 3788 10124
f 9217 3788 10124

o Shape_64
usemtl material_1
f 9307 3878 10125
f 9307 3878 10125

o Shape_65
usemtl material_1
f 8678 3968 10118
f 8678 3968 10118

o Shape_66
usemtl material_1
f 1 2 3
f 2 4 5
f 4 6 7
f 6 8 9
f 8 10 11
f 10 12 13
f 12 14 15
f 14 16 17
f 16 18 19
f 18 20 21
f 20 22 23
f 22 24 25
f 24 26 27
f 26 28 29
f 28 30 31
f 30 32 33
f 32 34 35
f 34 36 37
f 36 38 39
f 38 40 41
f 40 42 43
f 42 44 45
f 44 46 47
f 46 48 49
f 48 50 51
f 50 52 53
f 52 54 55
f 54 56 57
f 56 58 59
f 58 60 61
f 60 62 63
f 62 64 65
f 64 66 67
f 66 68 69
f 68 70 71
f 70 72 73
f 72 74 75
f 74 76 77
f 76 78 79
f 78 80 81
f 80 82 83
f 82 84 85
f 84 86 87
f 86 88 89
f 88 90 91
f 90 92 93
f 92 94 95
f 94 96 97
f 96 98 99
f 98 100 101
f 100 102 103
f 102 104 105
f 104 106 107
f 106 108 109
f 108 110 111
f 110 112 113
f 112 114 115
f 114 116 117
f 116 118 119
f 118 120 121
f 120 122 123
f 122 124 125
f 124 126 127
f 126 128 129
f 128 130 131
f 130 132 133
f 132 134 135
f 134 136 137
f 136 138 139
f 138 140 141
f 140 142 143
f 142 144 145
f 144 146 147
f 146 148 149
f 148 150 151
f 150 152 153
f 152 154 155
f 154 156 157
f 156 158 159
f 158 160 161
f 160 162 163
f 162 164 165
f 164 166 167
f 166 168 169
f 168 170 171
f 170 172 173
f 172 174 175
f 174 176 177
f 176 178 179
f 178 180 181
f 180 182 183
f 182 184 185
f 184 186 187
f 186 188 189
f 188 190 191
f 190 192 193
f 192 194 195
f 194 196 197
f 196 198 199
f 198 200 201
f 200 202 203
f 202 204 205
f 204 206 207
f 206 208 209
f 208 210 211
f 210 212 213
f 212 214 215
f 214 216 217
f 216 218 219
f 218 220 221
f 220 222 223
f 222 224 225
f 224 226 227
f 226 228 229
f 228 230 231
f 230 232 233
f 232 234 235
f 234 236 237
f 236 238 239
f 238 240 241
f 240 242 243
f 242 244 245
f 244 246 247
f 246 248 249
f 248 250 251
f 250 252 253
f 252 254 255
f 254 256 257
f 256 258 259
f 258 260 261
f 260 262 263
f 262 264 265
f 264 266 267
f 266 268 269
f 268 270 271
f 270 272 273
f 272 274 275
f 274 276 277
f 276 278 279
f 278 280 281
f 280 282 283
f 282 284 285
f 284 286 287
f 286 288 289
f 288 290 291
f 290 292 293
f 292 294 295
f 294 296 297
f 296 298 299
f 298 300 301
f 300 302 303
f 302 304 305
f 304 306 307
f 306 308 309
f 308 310 311
f 310 312 313
f 312 314 315
f 314 316 317
f 316 318 319
f 318 320 321
f 320 322 323
f 322 324 325
f 324 326 327
f 326 328 329
f 328 330 331
f 330 332 333
f 332 334 335
f 334 336 337
f 336 338 339
f 338 340 341
f 340 342 343
f 342 344 345
f 344 346 347
f 346 348 349
f 348 350 351
f 350 352 353
f 352 354 355
f 354 356 357
f 356 358 359
f 358 360 361
f 360 362 363
f 362 364 365
f 364 366 367
f 366 368 369
f 368 370 371
f 370 372 373
f 372 374 375
f 374 376 377
f 376 378 379
f 378 380 381
f 380 382 383
f 382 384 385
f 384 386 387
f 386 388 389
f 388 390 391
f 390 392 393
f 392 394 395
f 394 396 397
f 396 398 399
f 398 400 401
f 400 402 403
f 402 404 405
f 404 406 407
f 406 408 409
f 408 410 411
f 410 412 413
f 412 414 415
f 414 416 417
f 416 418 419
f 418 420 421
f 420 422 423
f 422 424 425
f 424 426 427
f 426 428 429
f 428 430 431
f 430 432 433
f 432 434 435
f 434 436 437
f 436 438 439
f 438 440 441
f 440 442 443
f 442 444 445
f 444 446 447
f 446 448 449
f 448 450 451
f 450 452 453
f 452 454 455
f 454 456 457
f 456 458 459
f 458 460 461
f 460 462 463
f 462 464 465
f 464 466 467
f 466 468 469
f 468 470 471
f 470 472 473
f 472 474 475
f 474 476 477
f 476 478 479
f 478 480 481
f 480 482 483
f 482 484 485
f 484 486 487
f 486 488 489
f 488 490 491
f 490 492 493
f 492 494 495
f 494 496 497
f 496 498 499
f 498 500 501
f 500 502 503
f 502 504 505
f 504 506 507
f 506 508 509
f 508 510 511
f 510 512 513
f 512 514 515
f 514 516 517
f 516 518 519
f 518 520 521
f 520 522 523
f 522 524 525
f 524 526 527
f 526 528 529
f 528 530 531
f 530 532 533
f 532 534 535
f 534 536 537
f 536 538 539
f 538 540 541
f 540 542 543
f 542 544 545
f 544 546 547
f 546 548 549
f 548 550 551
f 550 552 553
f 552 554 555
f 554 556 557
f 556 558 559
f 558 560 561
f 560 562 563
f 562 564 565
f 564 566 567
f 566 568 569
f 568 570 571
f 570 572 573
f 572 574 575
f 574 576 577
f 576 578 579
f 578 580 581
f 580 582 583
f 582 584 585
f 584 586 587
f 586 588 589
f 588 590 591
f 590 592 593
f 592 594 595
f 594 596 597
f 596 598 599
f 598 600 601
f 600 602 603
f 602 604 605
f 604 606 607
f 606 608 609
f 608 610 611
f 610 612 613
f 612 614 615
f 614 616 617
f 616 618 619
f 618 620 621
f 620 622 623
f 622 624 625
f 624 626 627
f 626 628 629
f 628 630 631
f 630 632 633
f 632 634 635
f 634 636 637
f 636 638 639
f 638 640 641
f 640 642 643
f 642 644 645
f 644 646 647
f 646 648 649
f 648 650 651
f 650 652 653
f 652 654 655
f 654 656 657
f 656 658 659
f 658 660 661
f 660 662 663
f 662 664 665
f 664 666 667
f 666 668 669
f 668 670 671
f 670 672 673
f 672 674 675
f 674 676 677
f 676 678 679
f 678 680 681
f 680 682 683
f 682 684 685
f 684 686 687
f 686 688 689
f 688 690 691
f 690 692 693
f 692 694 695
f 694 696 697
f 696 698 699
f 698 700 701
f 700 702 703
f 702 704 705
f 704 706 707
f 706 708 709
f 708 710 711
f 710 712 713
f 712 714 715
f 714 716 717
f 716 718 719
f 718 1 720

o Shape_67
usemtl material_1
f 5054 5055 5056
f 5055 5057 5058
f 5057 5059 5060
f 5059 5061 5062
f 5061 5063 5064
f 5063 5065 5066
f 5065 5067 5068
f 5067 5069 5070
f 5069 5071 5072
f 5071 5073 5074
f 5073 5075 5076
f 5075 5077 5078
f 5077 5079 5080
f 5079 5081 5082
f 5081 5083 5084
f 5083 5085 5086
f 5085 5087 5088
f 5087 5089 5090
f 5089 5091 5092
f 5091 5093 5094
f 5093 5095 5096
f 5095 5097 5098
f 5097 5099 5100
f 5099 5101 5102
f 5101 5103 5104
f 5103 5105 5106
f 5105 5107 5108
f 5107 5109 5110
f 5109 5111 5112
f 5111 5113 5114
f 5113 5115 5116
f 5115 5117 5118
f 5117 5119 5120
f 5119 5121 5122
f 5121 5123 5124
f 5123 5125 5126
f 5125 5127 5128
f 5127 5129 5130
f 5129 5131 5132
f 5131 5133 5134
f 5133 5135 5136
f 5135 5137 5138
f 5137 5139 5140
f 5139 5141 5142
f 5141 5143 5144
f 5143 5145 5146
f 5145 5147 5148
f 5147 5149 5150
f 5149 5151 5152
f 5151 5153 5154
f 5153 5155 5156
f 5155 5157 5158
f 5157 5159 5160
f 5159 5161 5162
f 5161 5163 5164
f 5163 5165 5166
f 5165 5167 5168
f 5167 5169 5170
f 5169 5171 5172
f 5171 5173 5174
f 5173 5175 5176
f 5175 5177 5178
f 5177 5179 5180
f 5179 5181 5182
f 5181 5183 5184
f 5183 5185 5186
f 5185 5187 5188
f 5187 5189 5190
f 5189 5191 5192
f 5191 5193 5194
f 5193 5195 5196
f 5195 5197 5198
f 5197 5199 5200
f 5199 5201 5202
f 5201 5203 5204
f 5203 5205 5206
f 5205 5207 5208
f 5207 5209 5210
f 5209 5211 5212
f 5211 5213 5214
f 5213 5215 5216
f 5215 5217 5218
f 5217 5219 5220
f 5219 5221 5222
f 5221 5223 5224
f 5223 5225 5226
f 5225 5227 5228
f 5227 5229 5230
f 5229 5231 5232
f 5231 5233 5234
f 5233 5235 5236
f 5235 5237 5238
f 5237 5239 5240
f 5239 5241 5242
f 5241 5243 5244
f 5243 5245 5246
f 5245 5247 5248
f 5247 5249 5250
f 5249 5251 5252
f 5251 5253 5254
f 5253 5255 5256
f 5255 5257 5258
f 5257 5259 5260
f 5259 5261 5262
f 5261 5263 5264
f 5263 5265 5266
f 5265 5267 5268
f 5267 5269 5270
f 5269 5271 5272
f 5271 5273 5274
f 5273 5275 5276
f 5275 5277 5278
f 5277 5279 5280
f 5279 5281 5282
f 5281 5283 5284
f 5283 5285 5286
f 5285 5287 5288
f 5287 5289 5290
f 5289 5291 5292
f 5291 5293 5294
f 5293 5295 5296
f 5295 5297 5298
f 5297 5299 5300
f 5299 5301 5302
f 5301 5303 5304
f 5303 5305 5306
f 5305 5307 5308
f 5307 5309 5310
f 5309 5311 5312
f 5311 5313 5314
f 5313 5315 5316
f 5315 5317 5318
f 5317 5319 5320
f 5319 5321 5322
f 5321 5323 5324
f 5323 5325 5326
f 5325 5327 5328
f 5327 5329 5330
f 5329 5331 5332
f 5331 5333 5334
f 5333 5335 5336
f 5335 5337 5338
f 5337 5339 5340
f 5339 5341 5342
f 5341 5343 5344
f 5343 5345 5346
f 5345 5347 5348
f 5347 5349 5350
f 5349 5351 5352
f 5351 5353 5354
f 5353 5355 5356
f 5355 5357 5358
f 5357 5359 5360
f 5359 5361 5362
f 5361 5363 5364
f 5363 5365 5366
f 5365 5367 5368
f 5367 5369 5370
f 5369 5371 5372
f 5371 5373 5374
f 5373 5375 5376
f 5375 5377 5378
f 5377 5379 5380
f 5379 5381 5382
f 5381 5383 5384
f 5383 5385 5386
f 5385 5387 5388
f 5387 5389 5390
f 5389 5391 5392
f 5391 5393 5394
f 5393 5395 5396
f 5395 5397 5398
f 5397 5399 5400
f 5399 5401 5402
f 5401 5403 5404
f 5403 5405 5406
f 5405 5407 5408
f 5407 5409 5410
f 5409 5411 5412
f 5411 5413 5414
f 5413 5415 5416
f 5415 5417 5418
f 5417 5419 5420
f 5419 5421 5422
f 5421 5423 5424
f 5423 5425 5426
f 5425 5427 5428
f 5427 5429 5430
f 5429 5431 5432
f 5431 5433 5434
f 5433 5435 5436
f 5435 5437 5438
f 5437 5439 5440
f 5439 5441 5442
f 5441 5443 5444
f 5443 5445 5446
f 5445 5447 5448
f 5447 5449 5450
f 5449 5451 5452
f 5451 5453 5454
f 5453 5455 5456
f 5455 5457 5458
f 5457 5459 5460
f 5459 5461 5462
f 5461 5463 5464
f 5463 5465 5466
f 5465 5467 5468
f 5467 5469 5470
f 5469 5471 5472
f 5471 5473 5474
f 5473 5475 5476
f 5475 5477 5478
f 5477 5479 5480
f 5479 5481 5482
f 5481 5483 5484
f 5483 5485 5486
f 5485 5487 5488
f 5487 5489 5490
f 5489 5491 5492
f 5491 5493 5494
f 5493 5495 5496
f 5495 5497 5498
f 5497 5499 5500
f 5499 5501 5502
f 5501 5503 5504
f 5503 5505 5506
f 5505 5507 5508
f 5507 5509 5510
f 5509 5511 5512
f 5511 5513 5514
f 5513 5515 5516
f 5515 5517 5518
f 5517 5519 5520
f 5519 5521 5522
f 5521 5523 5524
f 5523 5525 5526
f 5525 5527 5528
f 5527 5529 5530
f 5529 5531 5532
f 5531 5533 5534
f 5533 5535 5536
f 5535 5537 5538
f 5537 5539 5540
f 5539 5541 5542
f 5541 5543 5544
f 5543 5545 5546
f 5545 5547 5548
f 5547 5549 5550
f 5549 5551 5552
f 5551 5553 5554
f 5553 5555 5556
f 5555 5557 5558
f 5557 5559 5560
f 5559 5561 5562
f 5561 5563 5564
f 5563 5565 5566
f 5565 5567 5568
f 5567 5569 5570
f 5569 5571 5572
f 5571 5573 5574
f 5573 5575 5576
f 5575 5577 5578
f 5577 5579 5580
f 5579 5581 5582
f 5581 5583 5584
f 5583 5585 5586
f 5585 5587 5588
f 5587 5589 5590
f 5589 5591 5592
f 5591 5593 5594
f 5593 5595 5596
f 5595 5597 5598
f 5597 5599 5600
f 5599 5601 5602
f 5601 5603 5604
f 5603 5605 5606
f 5605 5607 5608
f 5607 5609 5610
f 5609 5611 5612
f 5611 5613 5614
f 5613 5615 5616
f 5615 5617 5618
f 5617 5619 5620
f 5619 5621 5622
f 5621 5623 5624
f 5623 5625 5626
f 5625 5627 5628
f 5627 5629 5630
f 5629 5631 5632
f 5631 5633 5634
f 5633 5635 5636
f 5635 5637 5638
f 5637 5639 5640
f 5639 5641 5642
f 5641 5643 5644
f 5643 5645 5646
f 5645 5647 5648
f 5647 5649 5650
f 5649 5651 5652
f 5651 5653 5654
f 5653 5655 5656
f 5655 5657 5658
f 5657 5659 5660
f 5659 5661 5662
f 5661 5663 5664
f 5663 5665 5666
f 5665 5667 5668
f 5667 5669 5670
f 5669 5671 5672
f 5671 5673 5674
f 5673 5675 5676
f 5675 5677 5678
f 5677 5679 5680
f 5679 5681 5682
f 5681 5683 5684
f 5683 5685 5686
f 5685 5687 5688
f 5687 5689 5690
f 5689 5691 5692
f 5691 5693 5694
f 5693 5695 5696
f 5695 5697 5698
f 5697 5699 5700
f 5699 5701 5702
f 5701 5703 5704
f 5703 5705 5706
f 5705 5707 5708
f 5707 5709 5710
f 5709 5711 5712
f 5711 5713 5714
f 5713 5715 5716
f 5715 5717 5718
f 5717 5719 5720
f 5719 5721 5722
f 5721 5723 5724
f 5723 5725 5726
f 5725 5727 5728
f 5727 5729 5730
f 5729 5731 5732
f 5731 5733 5734
f 5733 5735 5736
f 5735 5737 5738
f 5737 5739 5740
f 5739 5741 5742
f 5741 5743 5744
f 5743 5745 5746
f 5745 5747 5748
f 5747 5749 5750
f 5749 5751 5752
f 5751 5753 5754
f 5753 5755 5756
f 5755 5757 5758
f 5757 5759 5760
f 5759 5761 5762
f 5761 5763 5764
f 5763 5765 5766
f 5765 5767 5768
f 5767 5769 5770
f 5769 5771 5772
f 5771 5054 5773

o Shape_68
usemtl material_1
f 1 5054 10126
f 1 5054 10126

o Shape_69
usemtl material_1
f 630 5143 10127
f 630 5143 10127

o Shape_70
usemtl material_1
f 540 5233 10128
f 540 5233 10128

o Shape_71
usemtl material_1
f 450 5323 10129
f 450 5323 10129

o Shape_72
usemtl material_1
f 360 5413 10130
f 360 5413 10130

o Shape_73
usemtl material_1
f 270 5503 10131
f 270 5503 10131

o Shape_74
usemtl material_1
f 180 5593 10132
f 180 5593 10132

o Shape_75
usemtl material_1
f 90 5683 10133
f 90 5683 10133

o Shape_76
usemtl material_1
f 1 5054 10126
f 1 5054 10126

o Shape_77
usemtl material_1
f 721 722 723
f 722 724 725
f 724 726 727
f 726 728 729
f 728 730 731
f 730 732 733
f 732 734 735
f 734 736 737
f 736 738 739
f 738 740 741
f 740 742 743
f 742 744 745
f 744 746 747
f 746 748 749
f 748 750 751
f 750 752 753
f 752 754 755
f 754 756 757
f 756 758 759
f 758 760 761
f 760 762 763
f 762 764 765
f 764 766 767
f 766 768 769
f 768 770 771
f 770 772 773
f 772 774 775
f 774 776 777
f 776 778 779
f 778 780 781
f 780 782 783
f 782 784 785
f 784 786 787
f 786 788 789
f 788 790 791
f 790 792 793
f 792 794 795
f 794 796 797
f 796 798 799
f 798 800 801
f 800 802 803
f 802 804 805
f 804 806 807
f 806 808 809
f 808 810 811
f 810 812 813
f 812 814 815
f 814 816 817
f 816 818 819
f 818 820 821
f 820 822 823
f 822 824 825
f 824 826 827
f 826 828 829
f 828 830 831
f 830 832 833
f 832 834 835
f 834 836 837
f 836 838 839
f 838 840 841
f 840 842 843
f 842 844 845
f 844 846 847
f 846 848 849
f 848 850 851
f 850 852 853
f 852 854 855
f 854 856 857
f 856 858 859
f 858 860 861
f 860 862 863
f 862 864 865
f 864 866 867
f 866 868 869
f 868 870 871
f 870 872 873
f 872 874 875
f 874 876 877
f 876 878 879
f 878 880 881
f 880 882 883
f 882 884 885
f 884 886 887
f 886 888 889
f 888 890 891
f 890 892 893
f 892 894 895
f 894 896 897
f 896 898 899
f 898 900 901
f 900 902 903
f 902 904 905
f 904 906 907
f 906 908 909
f 908 910 911
f 910 912 913
f 912 914 915
f 914 916 917
f 916 918 919
f 918 920 921
f 920 922 923
f 922 924 925
f 924 926 927
f 926 928 929
f 928 930 931
f 930 932 933
f 932 934 935
f 934 936 937
f 936 938 939
f 938 940 941
f 940 942 943
f 942 944 945
f 944 946 947
f 946 948 949
f 948 950 951
f 950 952 953
f 952 954 955
f 954 956 957
f 956 958 959
f 958 960 961
f 960 962 963
f 962 964 965
f 964 966 967
f 966 968 969
f 968 970 971
f 970 972 973
f 972 974 975
f 974 976 977
f 976 978 979
f 978 980 981
f 980 982 983
f 982 984 985
f 984 986 987
f 986 988 989
f 988 990 991
f 990 992 993
f 992 994 995
f 994 996 997
f 996 998 999
f 998 1000 1001
f 1000 1002 1003
f 1002 1004 1005
f 1004 1006 1007
f 1006 1008 1009
f 1008 1010 1011
f 1010 1012 1013
f 1012 1014 1015
f 1014 1016 1017
f 1016 1018 1019
f 1018 1020 1021
f 1020 1022 1023
f 1022 1024 1025
f 1024 1026 1027
f 1026 1028 1029
f 1028 1030 1031
f 1030 1032 1033
f 1032 1034 1035
f 1034 1036 1037
f 1036 1038 1039
f 1038 1040 1041
f 1040 1042 1043
f 1042 1044 1045
f 1044 1046 1047
f 1046 1048 1049
f 1048 1050 1051
f 1050 1052 1053
f 1052 1054 1055
f 1054 1056 1057
f 1056 1058 1059
f 1058 1060 1061
f 1060 1062 1063
f 1062 1064 1065
f 1064 1066 1067
f 1066 1068 1069
f 1068 1070 1071
f 1070 1072 1073
f 1072 1074 1075
f 1074 1076 1077
f 1076 1078 1079
f 1078 1080 1081
f 1080 1082 1083
f 1082 1084 1085
f 1084 1086 1087
f 1086 1088 1089
f 1088 1090 1091
f 1090 1092 1093
f 1092 1094 1095
f 1094 1096 1097
f 1096 1098 1099
f 1098 1100 1101
f 1100 1102 1103
f 1102 1104 1105
f 1104 1106 1107
f 1106 1108 1109
f 1108 1110 1111
f 1110 1112 1113
f 1112 1114 1115
f 1114 1116 1117
f 1116 1118 1119
f 1118 1120 1121
f 1120 1122 1123
f 1122 1124 1125
f 1124 1126 1127
f 1126 1128 1129
f 1128 1130 1131
f 1130 1132 1133
f 1132 1134 1135
f 1134 1136 1137
f 1136 1138 1139
f 1138 1140 1141
f 1140 1142 1143
f 1142 1144 1145
f 1144 1146 1147
f 1146 1148 1149
f 1148 1150 1151
f 1150 1152 1153
f 1152 1154 1155
f 1154 1156 1157
f 1156 1158 1159
f 1158 1160 1161
f 1160 1162 1163
f 1162 1164 1165
f 1164 1166 1167
f 1166 1168 1169
f 1168 1170 1171
f 1170 1172 1173
f 1172 1174 1175
f 1174 1176 1177
f 1176 1178 1179
f 1178 1180 1181
f 1180 1182 1183
f 1182 1184 1185
f 1184 1186 1187
f 1186 1188 1189
f 1188 1190 1191
f 1190 1192 1193
f 1192 1194 1195
f 1194 1196 1197
f 1196 1198 1199
f 1198 1200 1201
f 1200 1202 1203
f 1202 1204 1205
f 1204 1206 1207
f 1206 1208 1209
f 1208 1210 1211
f 1210 1212 1213
f 1212 1214 1215
f 1214 1216 1217
f 1216 1218 1219
f 1218 1220 1221
f 1220 1222 1223
f 1222 1224 1225
f 1224 1226 1227
f 1226 1228 1229
f 1228 1230 1231
f 1230 1232 1233
f 1232 1234 1235
f 1234 1236 1237
f 1236 1238 1239
f 1238 1240 1241
f 1240 1242 1243
f 1242 1244 1245
f 1244 1246 1247
f 1246 1248 1249
f 1248 1250 1251
f 1250 1252 1253
f 1252 1254 1255
f 1254 1256 1257
f 1256 1258 1259
f 1258 1260 1261
f 1260 1262 1263
f 1262 1264 1265
f 1264 1266 1267
f 1266 1268 1269
f 1268 1270 1271
f 1270 1272 1273
f 1272 1274 1275
f 1274 1276 1277
f 1276 1278 1279
f 1278 1280 1281
f 1280 1282 1283
f 1282 1284 1285
f 1284 1286 1287
f 1286 1288 1289
f 1288 1290 1291
f 1290 1292 1293
f 1292 1294 1295
f 1294 1296 1297
f 1296 1298 1299
f 1298 1300 1301
f 1300 1302 1303
f 1302 1304 1305
f 1304 1306 1307
f 1306 1308 1309
f 1308 1310 1311
f 1310 1312 1313
f 1312 1314 1315
f 1314 1316 1317
f 1316 1318 1319
f 1318 1320 1321
f 1320 1322 1323
f 1322 1324 1325
f 1324 1326 1327
f 1326 1328 1329
f 1328 1330 1331
f 1330 1332 1333
f 1332 1334 1335
f 1334 1336 1337
f 1336 1338 1339
f 1338 1340 1341
f 1340 1342 1343
f 1342 1344 1345
f 1344 1346 1347
f 1346 1348 1349
f 1348 1350 1351
f 1350 1352 1353
f 1352 1354 1355
f 1354 1356 1357
f 1356 1358 1359
f 1358 1360 1361
f 1360 1362 1363
f 1362 1364 1365
f 1364 1366 1367
f 1366 1368 1369
f 1368 1370 1371
f 1370 1372 1373
f 1372 1374 1375
f 1374 1376 1377
f 1376 1378 1379
f 1378 1380 1381
f 1380 1382 1383
f 1382 1384 1385
f 1384 1386 1387
f 1386 1388 1389
f 1388 1390 1391
f 1390 1392 1393
f 1392 1394 1395
f 1394 1396 1397
f 1396 1398 1399
f 1398 1400 1401
f 1400 1402 1403
f 1402 1404 1405
f 1404 1406 1407
f 1406 1408 1409
f 1408 1410 1411
f 1410 1412 1413
f 1412 1414 1415
f 1414 1416 1417
f 1416 1418 1419
f 1418 1420 1421
f 1420 1422 1423
f 1422 1424 1425
f 1424 1426 1427
f 1426 1428 1429
f 1428 1430 1431
f 1430 1432 1433
f 1432 1434 1435
f 1434 1436 1437
f 1436 1438 1439
f 1438 721 1440

o Shape_78
usemtl material_1
f 6502 6503 6504
f 6503 6505 6506
f 6505 6507 6508
f 6507 6509 6510
f 6509 6511 6512
f 6511 6513 6514
f 6513 6515 6516
f 6515 6517 6518
f 6517 6519 6520
f 6519 6521 6522
f 6521 6523 6524
f 6523 6525 6526
f 6525 6527 6528
f 6527 6529 6530
f 6529 6531 6532
f 6531 6533 6534
f 6533 6535 6536
f 6535 6537 6538
f 6537 6539 6540
f 6539 6541 6542
f 6541 6543 6544
f 6543 6545 6546
f 6545 6547 6548
f 6547 6549 6550
f 6549 6551 6552
f 6551 6553 6554
f 6553 6555 6556
f 6555 6557 6558
f 6557 6559 6560
f 6559 6561 6562
f 6561 6563 6564
f 6563 6565 6566
f 6565 6567 6568
f 6567 6569 6570
f 6569 6571 6572
f 6571 6573 6574
f 6573 6575 6576
f 6575 6577 6578
f 6577 6579 6580
f 6579 6581 6582
f 6581 6583 6584
f 6583 6585 6586
f 6585 6587 6588
f 6587 6589 6590
f 6589 6591 6592
f 6591 6593 6594
f 6593 6595 6596
f 6595 6597 6598
f 6597 6599 6600
f 6599 6601 6602
f 6601 6603 6604
f 6603 6605 6606
f 6605 6607 6608
f 6607 6609 6610
f 6609 6611 6612
f 6611 6613 6614
f 6613 6615 6616
f 6615 6617 6618
f 6617 6619 6620
f 6619 6621 6622
f 6621 6623 6624
f 6623 6625 6626
f 6625 6627 6628
f 6627 6629 6630
f 6629 6631 6632
f 6631 6633 6634
f 6633 6635 6636
f 6635 6637 6638
f 6637 6639 6640
f 6639 6641 6642
f 6641 6643 6644
f 6643 6645 6646
f 6645 6647 6648
f 6647 6649 6650
f 6649 6651 6652
f 6651 6653 6654
f 6653 6655 6656
f 6655 6657 6658
f 6657 6659 6660
f 6659 6661 6662
f 6661 6663 6664
f 6663 6665 6666
f 6665 6667 6668
f 6667 6669 6670
f 6669 6671 6672
f 6671 6673 6674
f 6673 6675 6676
f 6675 6677 6678
f 6677 6679 6680
f 6679 6681 6682
f 6681 6683 6684
f 6683 6685 6686
f 6685 6687 6688
f 6687 6689 6690
f 6689 6691 6692
f 6691 6693 6694
f 6693 6695 6696
f 6695 6697 6698
f 6697 6699 6700
f 6699 6701 6702
f 6701 6703 6704
f 6703 6705 6706
f 6705 6707 6708
f 6707 6709 6710
f 6709 6711 6712
f 6711 6713 6714
f 6713 6715 6716
f 6715 6717 6718
f 6717 6719 6720
f 6719 6721 6722
f 6721 6723 6724
f 6723 6725 6726
f 6725 6727 6728
f 6727 6729 6730
f 6729 6731 6732
f 6731 6733 6734
f 6733 6735 6736
f 6735 6737 6738
f 6737 6739 6740
f 6739 6741 6742
f 6741 6743 6744
f 6743 6745 6746
f 6745 6747 6748
f 6747 6749 6750
f 6749 6751 6752
f 6751 6753 6754
f 6753 6755 6756
f 6755 6757 6758
f 6757 6759 6760
f 6759 6761 6762
f 6761 6763 6764
f 6763 6765 6766
f 6765 6767 6768
f 6767 6769 6770
f 6769 6771 6772
f 6771 6773 6774
f 6773 6775 6776
f 6775 6777 6778
f 6777 6779 6780
f 6779 6781 6782
f 6781 6783 6784
f 6783 6785 6786
f 6785 6787 6788
f 6787 6789 6790
f 6789 6791 6792
f 6791 6793 6794
f 6793 6795 6796
f 6795 6797 6798
f 6797 6799 6800
f 6799 6801 6802
f 6801 6803 6804
f 6803 6805 6806
f 6805 6807 6808
f 6807 6809 6810
f 6809 6811 6812
f 6811 6813 6814
f 6813 6815 6816
f 6815 6817 6818
f 6817 6819 6820
f 6819 6821 6822
f 6821 6823 6824
f 6823 6825 6826
f 6825 6827 6828
f 6827 6829 6830
f 6829 6831 6832
f 6831 6833 6834
f 6833 6835 6836
f 6835 6837 6838
f 6837 6839 6840
f 6839 6841 6842
f 6841 6843 6844
f 6843 6845 6846
f 6845 6847 6848
f 6847 6849 6850
f 6849 6851 6852
f 6851 6853 6854
f 6853 6855 6856
f 6855 6857 6858
f 6857 6859 6860
f 6859 6861 6862
f 6861 6863 6864
f 6863 6865 6866
f 6865 6867 6868
f 6867 6869 6870
f 6869 6871 6872
f 6871 6873 6874
f 6873 6875 6876
f 6875 6877 6878
f 6877 6879 6880
f 6879 6881 6882
f 6881 6883 6884
f 6883 6885 6886
f 6885 6887 6888
f 6887 6889 6890
f 6889 6891 6892
f 6891 6893 6894
f 6893 6895 6896
f 6895 6897 6898
f 6897 6899 6900
f 6899 6901 6902
f 6901 6903 6904
f 6903 6905 6906
f 6905 6907 6908
f 6907 6909 6910
f 6909 6911 6912
f 6911 6913 6914
f 6913 6915 6916
f 6915 6917 6918
f 6917 6919 6920
f 6919 6921 6922
f 6921 6923 6924
f 6923 6925 6926
f 6925 6927 6928
f 6927 6929 6930
f 6929 6931 6932
f 6931 6933 6934
f 6933 6935 6936
f 6935 6937 6938
f 6937 6939 6940
f 6939 6941 6942
f 6941 6943 6944
f 6943 6945 6946
f 6945 6947 6948
f 6947 6949 6950
f 6949 6951 6952
f 6951 6953 6954
f 6953 6955 6956
f 6955 6957 6958
f 6957 6959 6960
f 6959 6961 6962
f 6961 6963 6964
f 6963 6965 6966
f 6965 6967 6968
f 6967 6969 6970
f 6969 6971 6972
f 6971 6973 6974
f 6973 6975 6976
f 6975 6977 6978
f 6977 6979 6980
f 6979 6981 6982
f 6981 6983 6984
f 6983 6985 6986
f 6985 6987 6988
f 6987 6989 6990
f 6989 6991 6992
f 6991 6993 6994
f 6993 6995 6996
f 6995 6997 6998
f 6997 6999 7000
f 6999 7001 7002
f 7001 7003 7004
f 7003 7005 7006
f 7005 7007 7008
f 7007 7009 7010
f 7009 7011 7012
f 7011 7013 7014
f 7013 7015 7016
f 7015 7017 7018
f 7017 7019 7020
f 7019 7021 7022
f 7021 7023 7024
f 7023 7025 7026
f 7025 7027 7028
f 7027 7029 7030
f 7029 7031 7032
f 7031 7033 7034
f 7033 7035 7036
f 7035 7037 7038
f 7037 7039 7040
f 7039 7041 7042
f 7041 7043 7044
f 7043 7045 7046
f 7045 7047 7048
f 7047 7049 7050
f 7049 7051 7052
f 7051 7053 7054
f 7053 7055 7056
f 7055 7057 7058
f 7057 7059 7060
f 7059 7061 7062
f 7061 7063 7064
f 7063 7065 7066
f 7065 7067 7068
f 7067 7069 7070
f 7069 7071 7072
f 7071 7073 7074
f 7073 7075 7076
f 7075 7077 7078
f 7077 7079 7080
f 7079 7081 7082
f 7081 7083 7084
f 7083 7085 7086
f 7085 7087 7088
f 7087 7089 7090
f 7089 7091 7092
f 7091 7093 7094
f 7093 7095 7096
f 7095 7097 7098
f 7097 7099 7100
f 7099 7101 7102
f 7101 7103 7104
f 7103 7105 7106
f 7105 7107 7108
f 7107 7109 7110
f 7109 7111 7112
f 7111 7113 7114
f 7113 7115 7116
f 7115 7117 7118
f 7117 7119 7120
f 7119 7121 7122
f 7121 7123 7124
f 7123 7125 7126
f 7125 7127 7128
f 7127 7129 7130
f 7129 7131 7132
f 7131 7133 7134
f 7133 7135 7136
f 7135 7137 7138
f 7137 7139 7140
f 7139 7141 7142
f 7141 7143 7144
f 7143 7145 7146
f 7145 7147 7148
f 7147 7149 7150
f 7149 7151 7152
f 7151 7153 7154
f 7153 7155 7156
f 7155 7157 7158
f 7157 7159 7160
f 7159 7161 7162
f 7161 7163 7164
f 7163 7165 7166
f 7165 7167 7168
f 7167 7169 7170
f 7169 7171 7172
f 7171 7173 7174
f 7173 7175 7176
f 7175 7177 7178
f 7177 7179 7180
f 7179 7181 7182
f 7181 7183 7184
f 7183 7185 7186
f 7185 7187 7188
f 7187 7189 7190
f 7189 7191 7192
f 7191 7193 7194
f 7193 7195 7196
f 7195 7197 7198
f 7197 7199 7200
f 7199 7201 7202
f 7201 7203 7204
f 7203 7205 7206
f 7205 7207 7208
f 7207 7209 7210
f 7209 7211 7212
f 7211 7213 7214
f 7213 7215 7216
f 7215 7217 7218
f 7217 7219 7220
f 7219 6502 7221

o Shape_79
usemtl material_1
f 721 6502 10134
f 721 6502 10134

o Shape_80
usemtl material_1
f 1350 6591 10135
f 1350 6591 10135

o Shape_81
usemtl material_1
f 1260 6681 10136
f 1260 6681 10136

o Shape_82
usemtl material_1
f 1170 6771 10137
f 1170 6771 10137

o Shape_83
usemtl material_1
f 1080 6861 10138
f 1080 6861 10138

o Shape_84
usemtl material_1
f 990 6951 10139
f 990 6951 10139

o Shape_85
usemtl material_1
f 900 7041 10140
f 900 7041 10140

o Shape_86
usemtl material_1
f 810 7131 10141
f 810 7131 10141

o Shape_87
usemtl material_1
f 721 6502 10134
f 721 6502 10134

o Shape_88
usemtl material_1
f 10142 10143 10144
f 10142 10143 10144

o Shape_89
usemtl material_1
f 10143 1444 10145
f 10143 1444 10145

o Shape_90
usemtl material_1
f 1444 1442 1445
f 1444 1442 1445

o Shape_91
usemtl material_1
f 1442 4330 4332
f 1442 4330 4332

o Shape_92
usemtl material_1
f 10146 4330 10147
f 10146 4330 10147

o Shape_93
usemtl material_1
f 10146 10142 10148
f 10146 10142 10148

o Shape_94
usemtl material_1
f 10149 10150 10151
f 10149 10150 10151

o Shape_95
usemtl material_1
f 10150 10143 10152
f 10150 10143 10152

o Shape_96
usemtl material_1
f 10142 10143 10144
f 10142 10143 10144

o Shape_97
usemtl material_1
f 10149 10142 10153
f 10149 10142 10153

o Shape_98
usemtl material_1
f 10154 10155 10156
f 10155 10157 10158
f 10157 10159 10160
f 10159 10161 10162
f 10161 10163 10164
f 10163 10165 10166
f 10165 10167 10168
f 10167 10169 10170
f 10169 10171 10172
f 10171 10173 10174
f 10173 10175 10176
f 10175 10177 10178
f 10177 10179 10180
f 10179 10181 10182
f 10181 10183 10184
f 10183 10185 10186
f 10185 10187 10188
f 10187 10189 10190
f 10189 10191 10192
f 10191 10193 10194
f 10193 10195 10196
f 10195 10197 10198
f 10197 10199 10200
f 10199 10201 10202
f 10201 10203 10204
f 10203 10205 10206
f 10205 10207 10208
f 10207 10209 10210
f 10209 10211 10212
f 10211 10213 10214
f 10213 10215 10216
f 10215 10217 10218
f 10217 10219 10220
f 10219 10221 10222
f 10221 10223 10224
f 10223 10225 10226
f 10225 10227 10228
f 10227 10229 10230
f 10229 10231 10232
f 10231 10233 10234
f 10233 10235 10236
f 10235 10237 10238
f 10237 10239 10240
f 10239 10241 10242
f 10241 10243 10244
f 10243 10245 10246
f 10245 10247 10248
f 10247 10249 10250
f 10249 10251 10252
f 10251 10253 10254
f 10253 10255 10256
f 10255 10257 10258
f 10257 10259 10260
f 10259 10261 10262
f 10261 10263 10264
f 10263 10265 10266
f 10265 10267 10268
f 10267 10269 10270
f 10269 10271 10272
f 10271 10273 10274
f 10273 10275 10276
f 10275 10277 10278
f 10277 10279 10280
f 10279 10281 10282
f 10281 10283 10284
f 10283 10285 10286
f 10285 10287 10288
f 10287 10289 10290
f 10289 10291 10292
f 10291 10293 10294
f 10293 10295 10296
f 10295 10297 10298
f 10297 10299 10300
f 10299 10301 10302
f 10301 10303 10304
f 10303 10305 10306
f 10305 10307 10308
f 10307 10309 10310
f 10309 10311 10312
f 10311 10313 10314
f 10313 10315 10316
f 10315 10317 10318
f 10317 10319 10320
f 10319 10321 10322
f 10321 10323 10324
f 10323 10325 10326
f 10325 10327 10328
f 10327 10329 10330
f 10329 10331 10332
f 10331 10333 10334
f 10333 10335 10336
f 10335 10337 10338
f 10337 10339 10340
f 10339 10341 10342
f 10341 10343 10344
f 10343 10345 10346
f 10345 10347 10348
f 10347 10349 10350
f 10349 10351 10352
f 10351 10353 10354
f 10353 10355 10356
f 10355 10357 10358
f 10357 10359 10360
f 10359 10361 10362
f 10361 10363 10364
f 10363 10365 10366
f 10365 10367 10368
f 10367 10369 10370
f 10369 10371 10372
f 10371 10373 10374
f 10373 10375 10376
f 10375 10377 10378
f 10377 10379 10380
f 10379 10381 10382
f 10381 10383 10384
f 10383 10385 10386
f 10385 10387 10388
f 10387 10389 10390
f 10389 10391 10392
f 10391 10393 10394
f 10393 10395 10396
f 10395 10397 10398
f 10397 10399 10400
f 10399 10401 10402
f 10401 10403 10404
f 10403 10405 10406
f 10405 10407 10408
f 10407 10409 10410
f 10409 10411 10412
f 10411 10413 10414
f 10413 10415 10416
f 10415 10417 10418
f 10417 10419 10420
f 10419 10421 10422
f 10421 10423 10424
f 10423 10425 10426
f 10425 10427 10428
f 10427 10429 10430
f 10429 10431 10432
f 10431 10433 10434
f 10433 10435 10436
f 10435 10437 10438
f 10437 10439 10440
f 10439 10441 10442
f 10441 10443 10444
f 10443 10445 10446
f 10445 10447 10448
f 10447 10449 10450
f 10449 10451 10452
f 10451 10453 10454
f 10453 10455 10456
f 10455 10457 10458
f 10457 10459 10460
f 10459 10461 10462
f 10461 10463 10464
f 10463 10465 10466
f 10465 10467 10468
f 10467 10469 10470
f 10469 10471 10472
f 10471 10473 10474
f 10473 10475 10476
f 10475 10477 10478
f 10477 10479 10480
f 10479 10481 10482
f 10481 10483 10484
f 10483 10485 10486
f 10485 10487 10488
f 10487 10489 10490
f 10489 10491 10492
f 10491 10493 10494
f 10493 10495 10496
f 10495 10497 10498
f 10497 10499 10500
f 10499 10501 10502
f 10501 10503 10504
f 10503 10505 10506
f 10505 10507 10508
f 10507 10509 10510
f 10509 10511 10512
f 10511 10513 10514
f 10513 10515 10516
f 10515 10517 10518
f 10517 10519 10520
f 10519 10521 10522
f 10521 10523 10524
f 10523 10525 10526
f 10525 10527 10528
f 10527 10529 10530
f 10529 10531 10532
f 10531 10533 10534
f 10533 10535 10536
f 10535 10537 10538
f 10537 10539 10540
f 10539 10541 10542
f 10541 10543 10544
f 10543 10545 10546
f 10545 10547 10548
f 10547 10549 10550
f 10549 10551 10552
f 10551 10553 10554
f 10553 10555 10556
f 10555 10557 10558
f 10557 10559 10560
f 10559 10561 10562
f 10561 10563 10564
f 10563 10565 10566
f 10565 10567 10568
f 10567 10569 10570
f 10569 10571 10572
f 10571 10573 10574
f 10573 10575 10576
f 10575 10577 10578
f 10577 10579 10580
f 10579 10581 10582
f 10581 10583 10584
f 10583 10585 10586
f 10585 10587 10588
f 10587 10589 10590
f 10589 10591 10592
f 10591 10593 10594
f 10593 10595 10596
f 10595 10597 10598
f 10597 10599 10600
f 10599 10601 10602
f 10601 10603 10604
f 10603 10605 10606
f 10605 10607 10608
f 10607 10609 10610
f 10609 10611 10612
f 10611 10613 10614
f 10613 10615 10616
f 10615 10617 10618
f 10617 10619 10620
f 10619 10621 10622
f 10621 10623 10624
f 10623 10625 10626
f 10625 10627 10628
f 10627 10629 10630
f 10629 10631 10632
f 10631 10633 10634
f 10633 10635 10636
f 10635 10637 10638
f 10637 10639 10640
f 10639 10641 10642
f 10641 10643 10644
f 10643 10645 10646
f 10645 10647 10648
f 10647 10649 10650
f 10649 10651 10652
f 10651 10653 10654
f 10653 10655 10656
f 10655 10657 10658
f 10657 10659 10660
f 10659 10661 10662
f 10661 10663 10664
f 10663 10665 10666
f 10665 10667 10668
f 10667 10669 10670
f 10669 10671 10672
f 10671 10673 10674
f 10673 10675 10676
f 10675 10677 10678
f 10677 10679 10680
f 10679 10681 10682
f 10681 10683 10684
f 10683 10685 10686
f 10685 10687 10688
f 10687 10689 10690
f 10689 10691 10692
f 10691 10693 10694
f 10693 10695 10696
f 10695 10697 10698
f 10697 10699 10700
f 10699 10701 10702
f 10701 10703 10704
f 10703 10705 10706
f 10705 10707 10708
f 10707 10709 10710
f 10709 10711 10712
f 10711 10713 10714
f 10713 10715 10716
f 10715 10717 10718
f 10717 10719 10720
f 10719 10721 10722
f 10721 10723 10724
f 10723 10725 10726
f 10725 10727 10728
f 10727 10729 10730
f 10729 10731 10732
f 10731 10733 10734
f 10733 10735 10736
f 10735 10737 10738
f 10737 10739 10740
f 10739 10741 10742
f 10741 10743 10744
f 10743 10745 10746
f 10745 10747 10748
f 10747 10749 10750
f 10749 10751 10752
f 10751 10753 10754
f 10753 10755 10756
f 10755 10757 10758
f 10757 10759 10760
f 10759 10761 10762
f 10761 10763 10764
f 10763 10765 10766
f 10765 10767 10768
f 10767 10769 10770
f 10769 10771 10772
f 10771 10773 10774
f 10773 10775 10776
f 10775 10777 10778
f 10777 10779 10780
f 10779 10781 10782
f 10781 10783 10784
f 10783 10785 10786
f 10785 10787 10788
f 10787 10789 10790
f 10789 10791 10792
f 10791 10793 10794
f 10793 10795 10796
f 10795 10797 10798
f 10797 10799 10800
f 10799 10801 10802
f 10801 10803 10804
f 10803 10805 10806
f 10805 10807 10808
f 10807 10809 10810
f 10809 10811 10812
f 10811 10813 10814
f 10813 10815 10816
f 10815 10817 10818
f 10817 10819 10820
f 10819 10821 10822
f 10821 10823 10824
f 10823 10825 10826
f 10825 10827 10828
f 10827 10829 10830
f 10829 10831 10832
f 10831 10833 10834
f 10833 10835 10836
f 10835 10837 10838
f 10837 10839 10840
f 10839 10841 10842
f 10841 10843 10844
f 10843 10845 10846
f 10845 10847 10848
f 10847 10849 10850
f 10849 10851 10852
f 10851 10853 10854
f 10853 10855 10856
f 10855 10857 10858
f 10857 10859 10860
f 10859 10861 10862
f 10861 10863 10864
f 10863 10865 10866
f 10865 10867 10868
f 10867 10869 10870
f 10869 10871 10872
f 10871 10154 10873

o Shape_99
usemtl material_1
f 10874 10875 10876
f 10875 10877 10878
f 10877 10879 10880
f 10879 10881 10882
f 10881 10883 10884
f 10883 10885 10886
f 10885 10887 10888
f 10887 10889 10890
f 10889 10891 10892
f 10891 10893 10894
f 10893 10895 10896
f 10895 10897 10898
f 10897 10899 10900
f 10899 10901 10902
f 10901 10903 10904
f 10903 10905 10906
f 10905 10907 10908
f 10907 10909 10910
f 10909 10911 10912
f 10911 10913 10914
f 10913 10915 10916
f 10915 10917 10918
f 10917 10919 10920
f 10919 10921 10922
f 10921 10923 10924
f 10923 10925 10926
f 10925 10927 10928
f 10927 10929 10930
f 10929 10931 10932
f 10931 10933 10934
f 10933 10935 10936
f 10935 10937 10938
f 10937 10939 10940
f 10939 10941 10942
f 10941 10943 10944
f 10943 10945 10946
f 10945 10947 10948
f 10947 10949 10950
f 10949 10951 10952
f 10951 10953 10954
f 10953 10955 10956
f 10955 10957 10958
f 10957 10959 10960
f 10959 10961 10962
f 10961 10963 10964
f 10963 10965 10966
f 10965 10967 10968
f 10967 10969 10970
f 10969 10971 10972
f 10971 10973 10974
f 10973 10975 10976
f 10975 10977 10978
f 10977 10979 10980
f 10979 10981 10982
f 10981 10983 10984
f 10983 10985 10986
f 10985 10987 10988
f 10987 10989 10990
f 10989 10991 10992
f 10991 10993 10994
f 10993 10995 10996
f 10995 10997 10998
f 10997 10999 11000
f 10999 11001 11002
f 11001 11003 11004
f 11003 11005 11006
f 11005 11007 11008
f 11007 11009 11010
f 11009 11011 11012
f 11011 11013 11014
f 11013 11015 11016
f 11015 11017 11018
f 11017 11019 11020
f 11019 11021 11022
f 11021 11023 11024
f 11023 11025 11026
f 11025 11027 11028
f 11027 11029 11030
f 11029 11031 11032
f 11031 11033 11034
f 11033 11035 11036
f 11035 11037 11038
f 11037 11039 11040
f 11039 11041 11042
f 11041 11043 11044
f 11043 11045 11046
f 11045 11047 11048
f 11047 11049 11050
f 11049 11051 11052
f 11051 11053 11054
f 11053 11055 11056
f 11055 11057 11058
f 11057 11059 11060
f 11059 11061 11062
f 11061 11063 11064
f 11063 11065 11066
f 11065 11067 11068
f 11067 11069 11070
f 11069 11071 11072
f 11071 11073 11074
f 11073 11075 11076
f 11075 11077 11078
f 11077 11079 11080
f 11079 11081 11082
f 11081 11083 11084
f 11083 11085 11086
f 11085 11087 11088
f 11087 11089 11090
f 11089 11091 11092
f 11091 11093 11094
f 11093 11095 11096
f 11095 11097 11098
f 11097 11099 11100
f 11099 11101 11102
f 11101 11103 11104
f 11103 11105 11106
f 11105 11107 11108
f 11107 11109 11110
f 11109 11111 11112
f 11111 11113 11114
f 11113 11115 11116
f 11115 11117 11118
f 11117 11119 11120
f 11119 11121 11122
f 11121 11123 11124
f 11123 11125 11126
f 11125 11127 11128
f 11127 11129 11130
f 11129 11131 11132
f 11131 11133 11134
f 11133 11135 11136
f 11135 11137 11138
f 11137 11139 11140
f 11139 11141 11142
f 11141 11143 11144
f 11143 11145 11146
f 11145 11147 11148
f 11147 11149 11150
f 11149 11151 11152
f 11151 11153 11154
f 11153 11155 11156
f 11155 11157 11158
f 11157 11159 11160
f 11159 11161 11162
f 11161 11163 11164
f 11163 11165 11166
f 11165 11167 11168
f 11167 11169 11170
f 11169 11171 11172
f 11171 11173 11174
f 11173 11175 11176
f 11175 11177 11178
f 11177 11179 11180
f 11179 11181 11182
f 11181 11183 11184
f 11183 11185 11186
f 11185 11187 11188
f 11187 11189 11190
f 11189 11191 11192
f 11191 11193 11194
f 11193 11195 11196
f 11195 11197 11198
f 11197 11199 11200
f 11199 11201 11202
f 11201 11203 11204
f 11203 11205 11206
f 11205 11207 11208
f 11207 11209 11210
f 11209 11211 11212
f 11211 11213 11214
f 11213 11215 11216
f 11215 11217 11218
f 11217 11219 11220
f 11219 11221 11222
f 11221 11223 11224
f 11223 11225 11226
f 11225 11227 11228
f 11227 11229 11230
f 11229 11231 11232
f 11231 11233 11234
f 11233 11235 11236
f 11235 11237 11238
f 11237 11239 11240
f 11239 11241 11242
f 11241 11243 11244
f 11243 11245 11246
f 11245 11247 11248
f 11247 11249 11250
f 11249 11251 11252
f 11251 11253 11254
f 11253 11255 11256
f 11255 11257 11258
f 11257 11259 11260
f 11259 11261 11262
f 11261 11263 11264
f 11263 11265 11266
f 11265 11267 11268
f 11267 11269 11270
f 11269 11271 11272
f 11271 11273 11274
f 11273 11275 11276
f 11275 11277 11278
f 11277 11279 11280
f 11279 11281 11282
f 11281 11283 11284
f 11283 11285 11286
f 11285 11287 11288
f 11287 11289 11290
f 11289 11291 11292
f 11291 11293 11294
f 11293 11295 11296
f 11295 11297 11298
f 11297 11299 11300
f 11299 11301 11302
f 11301 11303 11304
f 11303 11305 11306
f 11305 11307 11308
f 11307 11309 11310
f 11309 11311 11312
f 11311 11313 11314
f 11313 11315 11316
f 11315 11317 11318
f 11317 11319 11320
f 11319 11321 11322
f 11321 11323 11324
f 11323 11325 11326
f 11325 11327 11328
f 11327 11329 11330
f 11329 11331 11332
f 11331 11333 11334
f 11333 11335 11336
f 11335 11337 11338
f 11337 11339 11340
f 11339 11341 11342
f 11341 11343 11344
f 11343 11345 11346
f 11345 11347 11348
f 11347 11349 11350
f 11349 11351 11352
f 11351 11353 11354
f 11353 11355 11356
f 11355 11357 11358
f 11357 11359 11360
f 11359 11361 11362
f 11361 11363 11364
f 11363 11365 11366
f 11365 11367 11368
f 11367 11369 11370
f 11369 11371 11372
f 11371 11373 11374
f 11373 11375 11376
f 11375 11377 11378
f 11377 11379 11380
f 11379 11381 11382
f 11381 11383 11384
f 11383 11385 11386
f 11385 11387 11388
f 11387 11389 11390
f 11389 11391 11392
f 11391 11393 11394
f 11393 11395 11396
f 11395 11397 11398
f 11397 11399 11400
f 11399 11401 11402
f 11401 11403 11404
f 11403 11405 11406
f 11405 11407 11408
f 11407 11409 11410
f 11409 11411 11412
f 11411 11413 11414
f 11413 11415 11416
f 11415 11417 11418
f 11417 11419 11420
f 11419 11421 11422
f 11421 11423 11424
f 11423 11425 11426
f 11425 11427 11428
f 11427 11429 11430
f 11429 11431 11432
f 11431 11433 11434
f 11433 11435 11436
f 11435 11437 11438
f 11437 11439 11440
f 11439 11441 11442
f 11441 11443 11444
f 11443 11445 11446
f 11445 11447 11448
f 11447 11449 11450
f 11449 11451 11452
f 11451 11453 11454
f 11453 11455 11456
f 11455 11457 11458
f 11457 11459 11460
f 11459 11461 11462
f 11461 11463 11464
f 11463 11465 11466
f 11465 11467 11468
f 11467 11469 11470
f 11469 11471 11472
f 11471 11473 11474
f 11473 11475 11476
f 11475 11477 11478
f 11477 11479 11480
f 11479 11481 11482
f 11481 11483 11484
f 11483 11485 11486
f 11485 11487 11488
f 11487 11489 11490
f 11489 11491 11492
f 11491 11493 11494
f 11493 11495 11496
f 11495 11497 11498
f 11497 11499 11500
f 11499 11501 11502
f 11501 11503 11504
f 11503 11505 11506
f 11505 11507 11508
f 11507 11509 11510
f 11509 11511 11512
f 11511 11513 11514
f 11513 11515 11516
f 11515 11517 11518
f 11517 11519 11520
f 11519 11521 11522
f 11521 11523 11524
f 11523 11525 11526
f 11525 11527 11528
f 11527 11529 11530
f 11529 11531 11532
f 11531 11533 11534
f 11533 11535 11536
f 11535 11537 11538
f 11537 11539 11540
f 11539 11541 11542
f 11541 11543 11544
f 11543 11545 11546
f 11545 11547 11548
f 11547 11549 11550
f 11549 11551 11552
f 11551 11553 11554
f 11553 11555 11556
f 11555 11557 11558
f 11557 11559 11560
f 11559 11561 11562
f 11561 11563 11564
f 11563 11565 11566
f 11565 11567 11568
f 11567 11569 11570
f 11569 11571 11572
f 11571 11573 11574
f 11573 11575 11576
f 11575 11577 11578
f 11577 11579 11580
f 11579 11581 11582
f 11581 11583 11584
f 11583 11585 11586
f 11585 11587 11588
f 11587 11589 11590
f 11589 11591 11592
f 11591 10874 11593

o Shape_100
usemtl material_1
f 10150 10143 10152
f 10150 10143 10152

o Shape_101
usemtl material_1
f 10150 1446 11594
f 10150 1446 11594

o Shape_102
usemtl material_1
f 1446 1444 1447
f 1446 1444 1447

o Shape_103
usemtl material_1
f 10143 1444 10145
f 10143 1444 10145

o Shape_104
usemtl material_1
f 10149 10150 10151
f 10149 10150 10151

o Shape_105
usemtl material_1
f 11595 10149 11596
f 11595 10149 11596

o Shape_106
usemtl material_1
f 4329 11595 11597
f 4329 11595 11597

o Shape_107
usemtl material_1
f 1441 4329 4333
f 1441 4329 4333

o Shape_108
usemtl material_1
f 1446 1441 1448
f 1446 1441 1448

o Shape_109
usemtl material_1
f 10150 1446 11594
f 10150 1446 11594

o Shape_110
usemtl material_1
f 10154 10155 10156
f 10155 10157 10158
f 10157 10159 10160
f 10159 10161 10162
f 10161 10163 10164
f 10163 10165 10166
f 10165 10167 10168
f 10167 10169 10170
f 10169 10171 10172
f 10171 10173 10174
f 10173 10175 10176
f 10175 10177 10178
f 10177 10179 10180
f 10179 10181 10182
f 10181 10183 10184
f 10183 10185 10186
f 10185 10187 10188
f 10187 10189 10190
f 10189 10191 10192
f 10191 10193 10194
f 10193 10195 10196
f 10195 10197 10198
f 10197 10199 10200
f 10199 10201 10202
f 10201 10203 10204
f 10203 10205 10206
f 10205 10207 10208
f 10207 10209 10210
f 10209 10211 10212
f 10211 10213 10214
f 10213 10215 10216
f 10215 10217 10218
f 10217 10219 10220
f 10219 10221 10222
f 10221 10223 10224
f 10223 10225 10226
f 10225 10227 10228
f 10227 10229 10230
f 10229 10231 10232
f 10231 10233 10234
f 10233 10235 10236
f 10235 10237 10238
f 10237 10239 10240
f 10239 10241 10242
f 10241 10243 10244
f 10243 10245 10246
f 10245 10247 10248
f 10247 10249 10250
f 10249 10251 10252
f 10251 10253 10254
f 10253 10255 10256
f 10255 10257 10258
f 10257 10259 10260
f 10259 10261 10262
f 10261 10263 10264
f 10263 10265 10266
f 10265 10267 10268
f 10267 10269 10270
f 10269 10271 10272
f 10271 10273 10274
f 10273 10275 10276
f 10275 10277 10278
f 10277 10279 10280
f 10279 10281 10282
f 10281 10283 10284
f 10283 10285 10286
f 10285 10287 10288
f 10287 10289 10290
f 10289 10291 10292
f 10291 10293 10294
f 10293 10295 10296
f 10295 10297 10298
f 10297 10299 10300
f 10299 10301 10302
f 10301 10303 10304
f 10303 10305 10306
f 10305 10307 10308
f 10307 10309 10310
f 10309 10311 10312
f 10311 10313 10314
f 10313 10315 10316
f 10315 10317 10318
f 10317 10319 10320
f 10319 10321 10322
f 10321 10323 10324
f 10323 10325 10326
f 10325 10327 10328
f 10327 10329 10330
f 10329 10331 10332
f 10331 10333 10334
f 10333 10335 10336
f 10335 10337 10338
f 10337 10339 10340
f 10339 10341 10342
f 10341 10343 10344
f 10343 10345 10346
f 10345 10347 10348
f 10347 10349 10350
f 10349 10351 10352
f 10351 10353 10354
f 10353 10355 10356
f 10355 10357 10358
f 10357 10359 10360
f 10359 10361 10362
f 10361 10363 10364
f 10363 10365 10366
f 10365 10367 10368
f 10367 10369 10370
f 10369 10371 10372
f 10371 10373 10374
f 10373 10375 10376
f 10375 10377 10378
f 10377 10379 10380
f 10379 10381 10382
f 10381 10383 10384
f 10383 10385 10386
f 10385 10387 10388
f 10387 10389 10390
f 10389 10391 10392
f 10391 10393 10394
f 10393 10395 10396
f 10395 10397 10398
f 10397 10399 10400
f 10399 10401 10402
f 10401 10403 10404
f 10403 10405 10406
f 10405 10407 10408
f 10407 10409 10410
f 10409 10411 10412
f 10411 10413 10414
f 10413 10415 10416
f 10415 10417 10418
f 10417 10419 10420
f 10419 10421 10422
f 10421 10423 10424
f 10423 10425 10426
f 10425 10427 10428
f 10427 10429 10430
f 10429 10431 10432
f 10431 10433 10434
f 10433 10435 10436
f 10435 10437 10438
f 10437 10439 10440
f 10439 10441 10442
f 10441 10443 10444
f 10443 10445 10446
f 10445 10447 10448
f 10447 10449 10450
f 10449 10451 10452
f 10451 10453 10454
f 10453 10455 10456
f 10455 10457 10458
f 10457 10459 10460
f 10459 10461 10462
f 10461 10463 10464
f 10463 10465 10466
f 10465 10467 10468
f 10467 10469 10470
f 10469 10471 10472
f 10471 10473 10474
f 10473 10475 10476
f 10475 10477 10478
f 10477 10479 10480
f 10479 10481 10482
f 10481 10483 10484
f 10483 10485 10486
f 10485 10487 10488
f 10487 10489 10490
f 10489 10491 10492
f 10491 10493 10494
f 10493 10495 10496
f 10495 10497 10498
f 10497 10499 10500
f 10499 10501 10502
f 10501 10503 10504
f 10503 10505 10506
f 10505 10507 10508
f 10507 10509 10510
f 10509 10511 10512
f 10511 10513 10514
f 10513 10515 10516
f 10515 10517 10518
f 10517 10519 10520
f 10519 10521 10522
f 10521 10523 10524
f 10523 10525 10526
f 10525 10527 10528
f 10527 10529 10530
f 10529 10531 10532
f 10531 10533 10534
f 10533 10535 10536
f 10535 10537 10538
f 10537 10539 10540
f 10539 10541 10542
f 10541 10543 10544
f 10543 10545 10546
f 10545 10547 10548
f 10547 10549 10550
f 10549 10551 10552
f 10551 10553 10554
f 10553 10555 10556
f 10555 10557 10558
f 10557 10559 10560
f 10559 10561 10562
f 10561 10563 10564
f 10563 10565 10566
f 10565 10567 10568
f 10567 10569 10570
f 10569 10571 10572
f 10571 10573 10574
f 10573 10575 10576
f 10575 10577 10578
f 10577 10579 10580
f 10579 10581 10582
f 10581 10583 10584
f 10583 10585 10586
f 10585 10587 10588
f 10587 10589 10590
f 10589 10591 10592
f 10591 10593 10594
f 10593 10595 10596
f 10595 10597 10598
f 10597 10599 10600
f 10599 10601 10602
f 10601 10603 10604
f 10603 10605 10606
f 10605 10607 10608
f 10607 10609 10610
f 10609 10611 10612
f 10611 10613 10614
f 10613 10615 10616
f 10615 10617 10618
f 10617 10619 10620
f 10619 10621 10622
f 10621 10623 10624
f 10623 10625 10626
f 10625 10627 10628
f 10627 10629 10630
f 10629 10631 10632
f 10631 10633 10634
f 10633 10635 10636
f 10635 10637 10638
f 10637 10639 10640
f 10639 10641 10642
f 10641 10643 10644
f 10643 10645 10646
f 10645 10647 10648
f 10647 10649 10650
f 10649 10651 10652
f 10651 10653 10654
f 10653 10655 10656
f 10655 10657 10658
f 10657 10659 10660
f 10659 10661 10662
f 10661 10663 10664
f 10663 10665 10666
f 10665 10667 10668
f 10667 10669 10670
f 10669 10671 10672
f 10671 10673 10674
f 10673 10675 10676
f 10675 10677 10678
f 10677 10679 10680
f 10679 10681 10682
f 10681 10683 10684
f 10683 10685 10686
f 10685 10687 10688
f 10687 10689 10690
f 10689 10691 10692
f 10691 10693 10694
f 10693 10695 10696
f 10695 10697 10698
f 10697 10699 10700
f 10699 10701 10702
f 10701 10703 10704
f 10703 10705 10706
f 10705 10707 10708
f 10707 10709 10710
f 10709 10711 10712
f 10711 10713 10714
f 10713 10715 10716
f 10715 10717 10718
f 10717 10719 10720
f 10719 10721 10722
f 10721 10723 10724
f 10723 10725 10726
f 10725 10727 10728
f 10727 10729 10730
f 10729 10731 10732
f 10731 10733 10734
f 10733 10735 10736
f 10735 10737 10738
f 10737 10739 10740
f 10739 10741 10742
f 10741 10743 10744
f 10743 10745 10746
f 10745 10747 10748
f 10747 10749 10750
f 10749 10751 10752
f 10751 10753 10754
f 10753 10755 10756
f 10755 10757 10758
f 10757 10759 10760
f 10759 10761 10762
f 10761 10763 10764
f 10763 10765 10766
f 10765 10767 10768
f 10767 10769 10770
f 10769 10771 10772
f 10771 10773 10774
f 10773 10775 10776
f 10775 10777 10778
f 10777 10779 10780
f 10779 10781 10782
f 10781 10783 10784
f 10783 10785 10786
f 10785 10787 10788
f 10787 10789 10790
f 10789 10791 10792
f 10791 10793 10794
f 10793 10795 10796
f 10795 10797 10798
f 10797 10799 10800
f 10799 10801 10802
f 10801 10803 10804
f 10803 10805 10806
f 10805 10807 10808
f 10807 10809 10810
f 10809 10811 10812
f 10811 10813 10814
f 10813 10815 10816
f 10815 10817 10818
f 10817 10819 10820
f 10819 10821 10822
f 10821 10823 10824
f 10823 10825 10826
f 10825 10827 10828
f 10827 10829 10830
f 10829 10831 10832
f 10831 10833 10834
f 10833 10835 10836
f 10835 10837 10838
f 10837 10839 10840
f 10839 10841 10842
f 10841 10843 10844
f 10843 10845 10846
f 10845 10847 10848
f 10847 10849 10850
f 10849 10851 10852
f 10851 10853 10854
f 10853 10855 10856
f 10855 10857 10858
f 10857 10859 10860
f 10859 10861 10862
f 10861 10863 10864
f 10863 10865 10866
f 10865 10867 10868
f 10867 10869 10870
f 10869 10871 10872
f 10871 10154 10873

o Shape_111
usemtl material_1
f 9398 9399 9400
f 9399 9401 9402
f 9401 9403 9404
f 9403 9405 9406
f 9405 9407 9408
f 9407 9409 9410
f 9409 9411 9412
f 9411 9413 9414
f 9413 9415 9416
f 9415 9417 9418
f 9417 9419 9420
f 9419 9421 9422
f 9421 9423 9424
f 9423 9425 9426
f 9425 9427 9428
f 9427 9429 9430
f 9429 9431 9432
f 9431 9433 9434
f 9433 9435 9436
f 9435 9437 9438
f 9437 9439 9440
f 9439 9441 9442
f 9441 9443 9444
f 9443 9445 9446
f 9445 9447 9448
f 9447 9449 9450
f 9449 9451 9452
f 9451 9453 9454
f 9453 9455 9456
f 9455 9457 9458
f 9457 9459 9460
f 9459 9461 9462
f 9461 9463 9464
f 9463 9465 9466
f 9465 9467 9468
f 9467 9469 9470
f 9469 9471 9472
f 9471 9473 9474
f 9473 9475 9476
f 9475 9477 9478
f 9477 9479 9480
f 9479 9481 9482
f 9481 9483 9484
f 9483 9485 9486
f 9485 9487 9488
f 9487 9489 9490
f 9489 9491 9492
f 9491 9493 9494
f 9493 9495 9496
f 9495 9497 9498
f 9497 9499 9500
f 9499 9501 9502
f 9501 9503 9504
f 9503 9505 9506
f 9505 9507 9508
f 9507 9509 9510
f 9509 9511 9512
f 9511 9513 9514
f 9513 9515 9516
f 9515 9517 9518
f 9517 9519 9520
f 9519 9521 9522
f 9521 9523 9524
f 9523 9525 9526
f 9525 9527 9528
f 9527 9529 9530
f 9529 9531 9532
f 9531 9533 9534
f 9533 9535 9536
f 9535 9537 9538
f 9537 9539 9540
f 9539 9541 9542
f 9541 9543 9544
f 9543 9545 9546
f 9545 9547 9548
f 9547 9549 9550
f 9549 9551 9552
f 9551 9553 9554
f 9553 9555 9556
f 9555 9557 9558
f 9557 9559 9560
f 9559 9561 9562
f 9561 9563 9564
f 9563 9565 9566
f 9565 9567 9568
f 9567 9569 9570
f 9569 9571 9572
f 9571 9573 9574
f 9573 9575 9576
f 9575 9577 9578
f 9577 9579 9580
f 9579 9581 9582
f 9581 9583 9584
f 9583 9585 9586
f 9585 9587 9588
f 9587 9589 9590
f 9589 9591 9592
f 9591 9593 9594
f 9593 9595 9596
f 9595 9597 9598
f 9597 9599 9600
f 9599 9601 9602
f 9601 9603 9604
f 9603 9605 9606
f 9605 9607 9608
f 9607 9609 9610
f 9609 9611 9612
f 9611 9613 9614
f 9613 9615 9616
f 9615 9617 9618
f 9617 9619 9620
f 9619 9621 9622
f 9621 9623 9624
f 9623 9625 9626
f 9625 9627 9628
f 9627 9629 9630
f 9629 9631 9632
f 9631 9633 9634
f 9633 9635 9636
f 9635 9637 9638
f 9637 9639 9640
f 9639 9641 9642
f 9641 9643 9644
f 9643 9645 9646
f 9645 9647 9648
f 9647 9649 9650
f 9649 9651 9652
f 9651 9653 9654
f 9653 9655 9656
f 9655 9657 9658
f 9657 9659 9660
f 9659 9661 9662
f 9661 9663 9664
f 9663 9665 9666
f 9665 9667 9668
f 9667 9669 9670
f 9669 9671 9672
f 9671 9673 9674
f 9673 9675 9676
f 9675 9677 9678
f 9677 9679 9680
f 9679 9681 9682
f 9681 9683 9684
f 9683 9685 9686
f 9685 9687 9688
f 9687 9689 9690
f 9689 9691 9692
f 9691 9693 9694
f 9693 9695 9696
f 9695 9697 9698
f 9697 9699 9700
f 9699 9701 9702
f 9701 9703 9704
f 9703 9705 9706
f 9705 9707 9708
f 9707 9709 9710
f 9709 9711 9712
f 9711 9713 9714
f 9713 9715 9716
f 9715 9717 9718
f 9717 9719 9720
f 9719 9721 9722
f 9721 9723 9724
f 9723 9725 9726
f 9725 9727 9728
f 9727 9729 9730
f 9729 9731 9732
f 9731 9733 9734
f 9733 9735 9736
f 9735 9737 9738
f 9737 9739 9740
f 9739 9741 9742
f 9741 9743 9744
f 9743 9745 9746
f 9745 9747 9748
f 9747 9749 9750
f 9749 9751 9752
f 9751 9753 9754
f 9753 9755 9756
f 9755 9757 9758
f 9757 9759 9760
f 9759 9761 9762
f 9761 9763 9764
f 9763 9765 9766
f 9765 9767 9768
f 9767 9769 9770
f 9769 9771 9772
f 9771 9773 9774
f 9773 9775 9776
f 9775 9777 9778
f 9777 9779 9780
f 9779 9781 9782
f 9781 9783 9784
f 9783 9785 9786
f 9785 9787 9788
f 9787 9789 9790
f 9789 9791 9792
f 9791 9793 9794
f 9793 9795 9796
f 9795 9797 9798
f 9797 9799 9800
f 9799 9801 9802
f 9801 9803 9804
f 9803 9805 9806
f 9805 9807 9808
f 9807 9809 9810
f 9809 9811 9812
f 9811 9813 9814
f 9813 9815 9816
f 9815 9817 9818
f 9817 9819 9820
f 9819 9821 9822
f 9821 9823 9824
f 9823 9825 9826
f 9825 9827 9828
f 9827 9829 9830
f 9829 9831 9832
f 9831 9833 9834
f 9833 9835 9836
f 9835 9837 9838
f 9837 9839 9840
f 9839 9841 9842
f 9841 9843 9844
f 9843 9845 9846
f 9845 9847 9848
f 9847 9849 9850
f 9849 9851 9852
f 9851 9853 9854
f 9853 9855 9856
f 9855 9857 9858
f 9857 9859 9860
f 9859 9861 9862
f 9861 9863 9864
f 9863 9865 9866
f 9865 9867 9868
f 9867 9869 9870
f 9869 9871 9872
f 9871 9873 9874
f 9873 9875 9876
f 9875 9877 9878
f 9877 9879 9880
f 9879 9881 9882
f 9881 9883 9884
f 9883 9885 9886
f 9885 9887 9888
f 9887 9889 9890
f 9889 9891 9892
f 9891 9893 9894
f 9893 9895 9896
f 9895 9897 9898
f 9897 9899 9900
f 9899 9901 9902
f 9901 9903 9904
f 9903 9905 9906
f 9905 9907 9908
f 9907 9909 9910
f 9909 9911 9912
f 9911 9913 9914
f 9913 9915 9916
f 9915 9917 9918
f 9917 9919 9920
f 9919 9921 9922
f 9921 9923 9924
f 9923 9925 9926
f 9925 9927 9928
f 9927 9929 9930
f 9929 9931 9932
f 9931 9933 9934
f 9933 9935 9936
f 9935 9937 9938
f 9937 9939 9940
f 9939 9941 9942
f 9941 9943 9944
f 9943 9945 9946
f 9945 9947 9948
f 9947 9949 9950
f 9949 9951 9952
f 9951 9953 9954
f 9953 9955 9956
f 9955 9957 9958
f 9957 9959 9960
f 9959 9961 9962
f 9961 9963 9964
f 9963 9965 9966
f 9965 9967 9968
f 9967 9969 9970
f 9969 9971 9972
f 9971 9973 9974
f 9973 9975 9976
f 9975 9977 9978
f 9977 9979 9980
f 9979 9981 9982
f 9981 9983 9984
f 9983 9985 9986
f 9985 9987 9988
f 9987 9989 9990
f 9989 9991 9992
f 9991 9993 9994
f 9993 9995 9996
f 9995 9997 9998
f 9997 9999 10000
f 9999 10001 10002
f 10001 10003 10004
f 10003 10005 10006
f 10005 10007 10008
f 10007 10009 10010
f 10009 10011 10012
f 10011 10013 10014
f 10013 10015 10016
f 10015 10017 10018
f 10017 10019 10020
f 10019 10021 10022
f 10021 10023 10024
f 10023 10025 10026
f 10025 10027 10028
f 10027 10029 10030
f 10029 10031 10032
f 10031 10033 10034
f 10033 10035 10036
f 10035 10037 10038
f 10037 10039 10040
f 10039 10041 10042
f 10041 10043 10044
f 10043 10045 10046
f 10045 10047 10048
f 10047 10049 10050
f 10049 10051 10052
f 10051 10053 10054
f 10053 10055 10056
f 10055 10057 10058
f 10057 10059 10060
f 10059 10061 10062
f 10061 10063 10064
f 10063 10065 10066
f 10065 10067 10068
f 10067 10069 10070
f 10069 10071 10072
f 10071 10073 10074
f 10073 10075 10076
f 10075 10077 10078
f 10077 10079 10080
f 10079 10081 10082
f 10081 10083 10084
f 10083 10085 10086
f 10085 10087 10088
f 10087 10089 10090
f 10089 10091 10092
f 10091 10093 10094
f 10093 10095 10096
f 10095 10097 10098
f 10097 10099 10100
f 10099 10101 10102
f 10101 10103 10104
f 10103 10105 10106
f 10105 10107 10108
f 10107 10109 10110
f 10109 10111 10112
f 10111 10113 10114
f 10113 10115 10116
f 10115 9398 10117

o Shape_112
usemtl material_1
f 10154 9398 11598
f 10154 9398 11598

o Shape_113
usemtl material_1
f 10783 9487 11599
f 10783 9487 11599

o Shape_114
usemtl material_1
f 10693 9577 11600
f 10693 9577 11600

o Shape_115
usemtl material_1
f 10603 9667 11601
f 10603 9667 11601

o Shape_116
usemtl material_1
f 10513 9757 11602
f 10513 9757 11602

o Shape_117
usemtl material_1
f 10423 9847 11603
f 10423 9847 11603

o Shape_118
usemtl material_1
f 10333 9937 11604
f 10333 9937 11604

o Shape_119
usemtl material_1
f 10243 10027 11605
f 10243 10027 11605

o Shape_120
usemtl material_1
f 10154 9398 11598
f 10154 9398 11598

o Shape_121
usemtl material_1
f 10874 10875 10876
f 10875 10877 10878
f 10877 10879 10880
f 10879 10881 10882
f 10881 10883 10884
f 10883 10885 10886
f 10885 10887 10888
f 10887 10889 10890
f 10889 10891 10892
f 10891 10893 10894
f 10893 10895 10896
f 10895 10897 10898
f 10897 10899 10900
f 10899 10901 10902
f 10901 10903 10904
f 10903 10905 10906
f 10905 10907 10908
f 10907 10909 10910
f 10909 10911 10912
f 10911 10913 10914
f 10913 10915 10916
f 10915 10917 10918
f 10917 10919 10920
f 10919 10921 10922
f 10921 10923 10924
f 10923 10925 10926
f 10925 10927 10928
f 10927 10929 10930
f 10929 10931 10932
f 10931 10933 10934
f 10933 10935 10936
f 10935 10937 10938
f 10937 10939 10940
f 10939 10941 10942
f 10941 10943 10944
f 10943 10945 10946
f 10945 10947 10948
f 10947 10949 10950
f 10949 10951 10952
f 10951 10953 10954
f 10953 10955 10956
f 10955 10957 10958
f 10957 10959 10960
f 10959 10961 10962
f 10961 10963 10964
f 10963 10965 10966
f 10965 10967 10968
f 10967 10969 10970
f 10969 10971 10972
f 10971 10973 10974
f 10973 10975 10976
f 10975 10977 10978
f 10977 10979 10980
f 10979 10981 10982
f 10981 10983 10984
f 10983 10985 10986
f 10985 10987 10988
f 10987 10989 10990
f 10989 10991 10992
f 10991 10993 10994
f 10993 10995 10996
f 10995 10997 10998
f 10997 10999 11000
f 10999 11001 11002
f 11001 11003 11004
f 11003 11005 11006
f 11005 11007 11008
f 11007 11009 11010
f 11009 11011 11012
f 11011 11013 11014
f 11013 11015 11016
f 11015 11017 11018
f 11017 11019 11020
f 11019 11021 11022
f 11021 11023 11024
f 11023 11025 11026
f 11025 11027 11028
f 11027 11029 11030
f 11029 11031 11032
f 11031 11033 11034
f 11033 11035 11036
f 11035 11037 11038
f 11037 11039 11040
f 11039 11041 11042
f 11041 11043 11044
f 11043 11045 11046
f 11045 11047 11048
f 11047 11049 11050
f 11049 11051 11052
f 11051 11053 11054
f 11053 11055 11056
f 11055 11057 11058
f 11057 11059 11060
f 11059 11061 11062
f 11061 11063 11064
f 11063 11065 11066
f 11065 11067 11068
f 11067 11069 11070
f 11069 11071 11072
f 11071 11073 11074
f 11073 11075 11076
f 11075 11077 11078
f 11077 11079 11080
f 11079 11081 11082
f 11081 11083 11084
f 11083 11085 11086
f 11085 11087 11088
f 11087 11089 11090
f 11089 11091 11092
f 11091 11093 11094
f 11093 11095 11096
f 11095 11097 11098
f 11097 11099 11100
f 11099 11101 11102
f 11101 11103 11104
f 11103 11105 11106
f 11105 11107 11108
f 11107 11109 11110
f 11109 11111 11112
f 11111 11113 11114
f 11113 11115 11116
f 11115 11117 11118
f 11117 11119 11120
f 11119 11121 11122
f 11121 11123 11124
f 11123 11125 11126
f 11125 11127 11128
f 11127 11129 11130
f 11129 11131 11132
f 11131 11133 11134
f 11133 11135 11136
f 11135 11137 11138
f 11137 11139 11140
f 11139 11141 11142
f 11141 11143 11144
f 11143 11145 11146
f 11145 11147 11148
f 11147 11149 11150
f 11149 11151 11152
f 11151 11153 11154
f 11153 11155 11156
f 11155 11157 11158
f 11157 11159 11160
f 11159 11161 11162
f 11161 11163 11164
f 11163 11165 11166
f 11165 11167 11168
f 11167 11169 11170
f 11169 11171 11172
f 11171 11173 11174
f 11173 11175 11176
f 11175 11177 11178
f 11177 11179 11180
f 11179 11181 11182
f 11181 11183 11184
f 11183 11185 11186
f 11185 11187 11188
f 11187 11189 11190
f 11189 11191 11192
f 11191 11193 11194
f 11193 11195 11196
f 11195 11197 11198
f 11197 11199 11200
f 11199 11201 11202
f 11201 11203 11204
f 11203 11205 11206
f 11205 11207 11208
f 11207 11209 11210
f 11209 11211 11212
f 11211 11213 11214
f 11213 11215 11216
f 11215 11217 11218
f 11217 11219 11220
f 11219 11221 11222
f 11221 11223 11224
f 11223 11225 11226
f 11225 11227 11228
f 11227 11229 11230
f 11229 11231 11232
f 11231 11233 11234
f 11233 11235 11236
f 11235 11237 11238
f 11237 11239 11240
f 11239 11241 11242
f 11241 11243 11244
f 11243 11245 11246
f 11245 11247 11248
f 11247 11249 11250
f 11249 11251 11252
f 11251 11253 11254
f 11253 11255 11256
f 11255 11257 11258
f 11257 11259 11260
f 11259 11261 11262
f 11261 11263 11264
f 11263 11265 11266
f 11265 11267 11268
f 11267 11269 11270
f 11269 11271 11272
f 11271 11273 11274
f 11273 11275 11276
f 11275 11277 11278
f 11277 11279 11280
f 11279 11281 11282
f 11281 11283 11284
f 11283 11285 11286
f 11285 11287 11288
f 11287 11289 11290
f 11289 11291 11292
f 11291 11293 11294
f 11293 11295 11296
f 11295 11297 11298
f 11297 11299 11300
f 11299 11301 11302
f 11301 11303 11304
f 11303 11305 11306
f 11305 11307 11308
f 11307 11309 11310
f 11309 11311 11312
f 11311 11313 11314
f 11313 11315 11316
f 11315 11317 11318
f 11317 11319 11320
f 11319 11321 11322
f 11321 11323 11324
f 11323 11325 11326
f 11325 11327 11328
f 11327 11329 11330
f 11329 11331 11332
f 11331 11333 11334
f 11333 11335 11336
f 11335 11337 11338
f 11337 11339 11340
f 11339 11341 11342
f 11341 11343 11344
f 11343 11345 11346
f 11345 11347 11348
f 11347 11349 11350
f 11349 11351 11352
f 11351 11353 11354
f 11353 11355 11356
f 11355 11357 11358
f 11357 11359 11360
f 11359 11361 11362
f 11361 11363 11364
f 11363 11365 11366
f 11365 11367 11368
f 11367 11369 11370
f 11369 11371 11372
f 11371 11373 11374
f 11373 11375 11376
f 11375 11377 11378
f 11377 11379 11380
f 11379 11381 11382
f 11381 11383 11384
f 11383 11385 11386
f 11385 11387 11388
f 11387 11389 11390
f 11389 11391 11392
f 11391 11393 11394
f 11393 11395 11396
f 11395 11397 11398
f 11397 11399 11400
f 11399 11401 11402
f 11401 11403 11404
f 11403 11405 11406
f 11405 11407 11408
f 11407 11409 11410
f 11409 11411 11412
f 11411 11413 11414
f 11413 11415 11416
f 11415 11417 11418
f 11417 11419 11420
f 11419 11421 11422
f 11421 11423 11424
f 11423 11425 11426
f 11425 11427 11428
f 11427 11429 11430
f 11429 11431 11432
f 11431 11433 11434
f 11433 11435 11436
f 11435 11437 11438
f 11437 11439 11440
f 11439 11441 11442
f 11441 11443 11444
f 11443 11445 11446
f 11445 11447 11448
f 11447 11449 11450
f 11449 11451 11452
f 11451 11453 11454
f 11453 11455 11456
f 11455 11457 11458
f 11457 11459 11460
f 11459 11461 11462
f 11461 11463 11464
f 11463 11465 11466
f 11465 11467 11468
f 11467 11469 11470
f 11469 11471 11472
f 11471 11473 11474
f 11473 11475 11476
f 11475 11477 11478
f 11477 11479 11480
f 11479 11481 11482
f 11481 11483 11484
f 11483 11485 11486
f 11485 11487 11488
f 11487 11489 11490
f 11489 11491 11492
f 11491 11493 11494
f 11493 11495 11496
f 11495 11497 11498
f 11497 11499 11500
f 11499 11501 11502
f 11501 11503 11504
f 11503 11505 11506
f 11505 11507 11508
f 11507 11509 11510
f 11509 11511 11512
f 11511 11513 11514
f 11513 11515 11516
f 11515 11517 11518
f 11517 11519 11520
f 11519 11521 11522
f 11521 11523 11524
f 11523 11525 11526
f 11525 11527 11528
f 11527 11529 11530
f 11529 11531 11532
f 11531 11533 11534
f 11533 11535 11536
f 11535 11537 11538
f 11537 11539 11540
f 11539 11541 11542
f 11541 11543 11544
f 11543 11545 11546
f 11545 11547 11548
f 11547 11549 11550
f 11549 11551 11552
f 11551 11553 11554
f 11553 11555 11556
f 11555 11557 11558
f 11557 11559 11560
f 11559 11561 11562
f 11561 11563 11564
f 11563 11565 11566
f 11565 11567 11568
f 11567 11569 11570
f 11569 11571 11572
f 11571 11573 11574
f 11573 11575 11576
f 11575 11577 11578
f 11577 11579 11580
f 11579 11581 11582
f 11581 11583 11584
f 11583 11585 11586
f 11585 11587 11588
f 11587 11589 11590
f 11589 11591 11592
f 11591 10874 11593

o Shape_122
usemtl material_1
f 7950 7951 7952
f 7951 7953 7954
f 7953 7955 7956
f 7955 7957 7958
f 7957 7959 7960
f 7959 7961 7962
f 7961 7963 7964
f 7963 7965 7966
f 7965 7967 7968
f 7967 7969 7970
f 7969 7971 7972
f 7971 7973 7974
f 7973 7975 7976
f 7975 7977 7978
f 7977 7979 7980
f 7979 7981 7982
f 7981 7983 7984
f 7983 7985 7986
f 7985 7987 7988
f 7987 7989 7990
f 7989 7991 7992
f 7991 7993 7994
f 7993 7995 7996
f 7995 7997 7998
f 7997 7999 8000
f 7999 8001 8002
f 8001 8003 8004
f 8003 8005 8006
f 8005 8007 8008
f 8007 8009 8010
f 8009 8011 8012
f 8011 8013 8014
f 8013 8015 8016
f 8015 8017 8018
f 8017 8019 8020
f 8019 8021 8022
f 8021 8023 8024
f 8023 8025 8026
f 8025 8027 8028
f 8027 8029 8030
f 8029 8031 8032
f 8031 8033 8034
f 8033 8035 8036
f 8035 8037 8038
f 8037 8039 8040
f 8039 8041 8042
f 8041 8043 8044
f 8043 8045 8046
f 8045 8047 8048
f 8047 8049 8050
f 8049 8051 8052
f 8051 8053 8054
f 8053 8055 8056
f 8055 8057 8058
f 8057 8059 8060
f 8059 8061 8062
f 8061 8063 8064
f 8063 8065 8066
f 8065 8067 8068
f 8067 8069 8070
f 8069 8071 8072
f 8071 8073 8074
f 8073 8075 8076
f 8075 8077 8078
f 8077 8079 8080
f 8079 8081 8082
f 8081 8083 8084
f 8083 8085 8086
f 8085 8087 8088
f 8087 8089 8090
f 8089 8091 8092
f 8091 8093 8094
f 8093 8095 8096
f 8095 8097 8098
f 8097 8099 8100
f 8099 8101 8102
f 8101 8103 8104
f 8103 8105 8106
f 8105 8107 8108
f 8107 8109 8110
f 8109 8111 8112
f 8111 8113 8114
f 8113 8115 8116
f 8115 8117 8118
f 8117 8119 8120
f 8119 8121 8122
f 8121 8123 8124
f 8123 8125 8126
f 8125 8127 8128
f 8127 8129 8130
f 8129 8131 8132
f 8131 8133 8134
f 8133 8135 8136
f 8135 8137 8138
f 8137 8139 8140
f 8139 8141 8142
f 8141 8143 8144
f 8143 8145 8146
f 8145 8147 8148
f 8147 8149 8150
f 8149 8151 8152
f 8151 8153 8154
f 8153 8155 8156
f 8155 8157 8158
f 8157 8159 8160
f 8159 8161 8162
f 8161 8163 8164
f 8163 8165 8166
f 8165 8167 8168
f 8167 8169 8170
f 8169 8171 8172
f 8171 8173 8174
f 8173 8175 8176
f 8175 8177 8178
f 8177 8179 8180
f 8179 8181 8182
f 8181 8183 8184
f 8183 8185 8186
f 8185 8187 8188
f 8187 8189 8190
f 8189 8191 8192
f 8191 8193 8194
f 8193 8195 8196
f 8195 8197 8198
f 8197 8199 8200
f 8199 8201 8202
f 8201 8203 8204
f 8203 8205 8206
f 8205 8207 8208
f 8207 8209 8210
f 8209 8211 8212
f 8211 8213 8214
f 8213 8215 8216
f 8215 8217 8218
f 8217 8219 8220
f 8219 8221 8222
f 8221 8223 8224
f 8223 8225 8226
f 8225 8227 8228
f 8227 8229 8230
f 8229 8231 8232
f 8231 8233 8234
f 8233 8235 8236
f 8235 8237 8238
f 8237 8239 8240
f 8239 8241 8242
f 8241 8243 8244
f 8243 8245 8246
f 8245 8247 8248
f 8247 8249 8250
f 8249 8251 8252
f 8251 8253 8254
f 8253 8255 8256
f 8255 8257 8258
f 8257 8259 8260
f 8259 8261 8262
f 8261 8263 8264
f 8263 8265 8266
f 8265 8267 8268
f 8267 8269 8270
f 8269 8271 8272
f 8271 8273 8274
f 8273 8275 8276
f 8275 8277 8278
f 8277 8279 8280
f 8279 8281 8282
f 8281 8283 8284
f 8283 8285 8286
f 8285 8287 8288
f 8287 8289 8290
f 8289 8291 8292
f 8291 8293 8294
f 8293 8295 8296
f 8295 8297 8298
f 8297 8299 8300
f 8299 8301 8302
f 8301 8303 8304
f 8303 8305 8306
f 8305 8307 8308
f 8307 8309 8310
f 8309 8311 8312
f 8311 8313 8314
f 8313 8315 8316
f 8315 8317 8318
f 8317 8319 8320
f 8319 8321 8322
f 8321 8323 8324
f 8323 8325 8326
f 8325 8327 8328
f 8327 8329 8330
f 8329 8331 8332
f 8331 8333 8334
f 8333 8335 8336
f 8335 8337 8338
f 8337 8339 8340
f 8339 8341 8342
f 8341 8343 8344
f 8343 8345 8346
f 8345 8347 8348
f 8347 8349 8350
f 8349 8351 8352
f 8351 8353 8354
f 8353 8355 8356
f 8355 8357 8358
f 8357 8359 8360
f 8359 8361 8362
f 8361 8363 8364
f 8363 8365 8366
f 8365 8367 8368
f 8367 8369 8370
f 8369 8371 8372
f 8371 8373 8374
f 8373 8375 8376
f 8375 8377 8378
f 8377 8379 8380
f 8379 8381 8382
f 8381 8383 8384
f 8383 8385 8386
f 8385 8387 8388
f 8387 8389 8390
f 8389 8391 8392
f 8391 8393 8394
f 8393 8395 8396
f 8395 8397 8398
f 8397 8399 8400
f 8399 8401 8402
f 8401 8403 8404
f 8403 8405 8406
f 8405 8407 8408
f 8407 8409 8410
f 8409 8411 8412
f 8411 8413 8414
f 8413 8415 8416
f 8415 8417 8418
f 8417 8419 8420
f 8419 8421 8422
f 8421 8423 8424
f 8423 8425 8426
f 8425 8427 8428
f 8427 8429 8430
f 8429 8431 8432
f 8431 8433 8434
f 8433 8435 8436
f 8435 8437 8438
f 8437 8439 8440
f 8439 8441 8442
f 8441 8443 8444
f 8443 8445 8446
f 8445 8447 8448
f 8447 8449 8450
f 8449 8451 8452
f 8451 8453 8454
f 8453 8455 8456
f 8455 8457 8458
f 8457 8459 8460
f 8459 8461 8462
f 8461 8463 8464
f 8463 8465 8466
f 8465 8467 8468
f 8467 8469 8470
f 8469 8471 8472
f 8471 8473 8474
f 8473 8475 8476
f 8475 8477 8478
f 8477 8479 8480
f 8479 8481 8482
f 8481 8483 8484
f 8483 8485 8486
f 8485 8487 8488
f 8487 8489 8490
f 8489 8491 8492
f 8491 8493 8494
f 8493 8495 8496
f 8495 8497 8498
f 8497 8499 8500
f 8499 8501 8502
f 8501 8503 8504
f 8503 8505 8506
f 8505 8507 8508
f 8507 8509 8510
f 8509 8511 8512
f 8511 8513 8514
f 8513 8515 8516
f 8515 8517 8518
f 8517 8519 8520
f 8519 8521 8522
f 8521 8523 8524
f 8523 8525 8526
f 8525 8527 8528
f 8527 8529 8530
f 8529 8531 8532
f 8531 8533 8534
f 8533 8535 8536
f 8535 8537 8538
f 8537 8539 8540
f 8539 8541 8542
f 8541 8543 8544
f 8543 8545 8546
f 8545 8547 8548
f 8547 8549 8550
f 8549 8551 8552
f 8551 8553 8554
f 8553 8555 8556
f 8555 8557 8558
f 8557 8559 8560
f 8559 8561 8562
f 8561 8563 8564
f 8563 8565 8566
f 8565 8567 8568
f 8567 8569 8570
f 8569 8571 8572
f 8571 8573 8574
f 8573 8575 8576
f 8575 8577 8578
f 8577 8579 8580
f 8579 8581 8582
f 8581 8583 8584
f 8583 8585 8586
f 8585 8587 8588
f 8587 8589 8590
f 8589 8591 8592
f 8591 8593 8594
f 8593 8595 8596
f 8595 8597 8598
f 8597 8599 8600
f 8599 8601 8602
f 8601 8603 8604
f 8603 8605 8606
f 8605 8607 8608
f 8607 8609 8610
f 8609 8611 8612
f 8611 8613 8614
f 8613 8615 8616
f 8615 8617 8618
f 8617 8619 8620
f 8619 8621 8622
f 8621 8623 8624
f 8623 8625 8626
f 8625 8627 8628
f 8627 8629 8630
f 8629 8631 8632
f 8631 8633 8634
f 8633 8635 8636
f 8635 8637 8638
f 8637 8639 8640
f 8639 8641 8642
f 8641 8643 8644
f 8643 8645 8646
f 8645 8647 8648
f 8647 8649 8650
f 8649 8651 8652
f 8651 8653 8654
f 8653 8655 8656
f 8655 8657 8658
f 8657 8659 8660
f 8659 8661 8662
f 8661 8663 8664
f 8663 8665 8666
f 8665 8667 8668
f 8667 7950 8669

o Shape_123
usemtl material_1
f 10874 7950 11606
f 10874 7950 11606

o Shape_124
usemtl material_1
f 11503 8039 11607
f 11503 8039 11607

o Shape_125
usemtl material_1
f 11413 8129 11608
f 11413 8129 11608

o Shape_126
usemtl material_1
f 11323 8219 11609
f 11323 8219 11609

o Shape_127
usemtl material_1
f 11233 8309 11610
f 11233 8309 11610

o Shape_128
usemtl material_1
f 11143 8399 11611
f 11143 8399 11611

o Shape_129
usemtl material_1
f 11053 8489 11612
f 11053 8489 11612

o Shape_130
usemtl material_1
f 10963 8579 11613
f 10963 8579 11613

o Shape_131
usemtl material_1
f 10874 7950 11606
f 10874 7950 11606

o Shape_132
usemtl material_1
f 10146 10142 10148
f 10146 10142 10148

o Shape_133
usemtl material_1
f 11595 10146 11614
f 11595 10146 11614

o Shape_134
usemtl material_1
f 11595 10149 11596
f 11595 10149 11596

o Shape_135
usemtl material_1
f 10149 10142 10153
f 10149 10142 10153

