mtllib mtlFile.mtl

v -27845.0700 -183572.3000 59288.0400
v -27845.0800 -183571.8000 59288.0400
v -27845.0800 -183572.0000 59288.0400
v -27845.1100 -183571.2000 59288.0400
v -27845.1000 -183571.5000 59288.0400
v -27845.1600 -183570.7000 59288.0400
v -27845.1300 -183570.9000 59288.0400
v -27845.2200 -183570.1000 59288.0400
v -27845.1900 -183570.4000 59288.0400
v -27845.3100 -183569.6000 59288.0400
v -27845.2700 -183569.8000 59288.0400
v -27845.4100 -183569.0000 59288.0400
v -27845.3600 -183569.3000 59288.0400
v -27845.4700 -183568.8000 59288.0400
v -27845.4500 -183568.9000 59288.0400
v -27845.5400 -183568.5000 59288.0400
v -27845.5100 -183568.6000 59288.0400
v -27845.6100 -183568.2000 59288.0400
v -27845.5700 -183568.4000 59288.0400
v -27845.6800 -183568.0000 59288.0400
v -27845.6500 -183568.1000 59288.0400
v -27845.7600 -183567.7000 59288.0400
v -27845.7200 -183567.8000 59288.0400
v -27845.8400 -183567.4000 59288.0400
v -27845.8000 -183567.6000 59288.0400
v -27845.9300 -183567.2000 59288.0400
v -27845.8900 -183567.3000 59288.0400
v -27846.0200 -183566.9000 59288.0400
v -27845.9800 -183567.0000 59288.0400
v -27846.1200 -183566.7000 59288.0400
v -27846.0700 -183566.8000 59288.0400
v -27846.2200 -183566.4000 59288.0400
v -27846.1700 -183566.5000 59288.0400
v -27846.3200 -183566.2000 59288.0400
v -27846.2700 -183566.3000 59288.0400
v -27846.4400 -183565.9000 59288.0400
v -27846.3800 -183566.0000 59288.0400
v -27846.5500 -183565.7000 59288.0400
v -27846.4900 -183565.8000 59288.0400
v -27846.6700 -183565.4000 59288.0400
v -27846.6100 -183565.5000 59288.0400
v -27846.7900 -183565.2000 59288.0400
v -27846.7300 -183565.3000 59288.0400
v -27846.9200 -183564.9000 59288.0400
v -27846.8600 -183565.0000 59288.0400
v -27847.0500 -183564.7000 59288.0400
v -27846.9800 -183564.8000 59288.0400
v -27847.1900 -183564.4000 59288.0400
v -27847.1200 -183564.5000 59288.0400
v -27847.3200 -183564.2000 59288.0400
v -27847.2600 -183564.3000 59288.0400
v -27847.4700 -183564.0000 59288.0400
v -27847.4000 -183564.1000 59288.0400
v -27847.6200 -183563.7000 59288.0400
v -27847.5400 -183563.8000 59288.0400
v -27847.7700 -183563.5000 59288.0400
v -27847.7000 -183563.6000 59288.0400
v -27847.9300 -183563.3000 59288.0400
v -27847.8500 -183563.4000 59288.0400
v -27848.0900 -183563.0000 59288.0400
v -27848.0100 -183563.2000 59288.0400
v -27848.2500 -183562.8000 59288.0400
v -27848.1700 -183562.9000 59288.0400
v -27848.4200 -183562.6000 59288.0400
v -27848.3300 -183562.7000 59288.0400
v -27848.5900 -183562.4000 59288.0400
v -27848.5000 -183562.5000 59288.0400
v -27848.7600 -183562.2000 59288.0400
v -27848.6800 -183562.3000 59288.0400
v -27848.9400 -183562.0000 59288.0400
v -27848.8600 -183562.1000 59288.0400
v -27849.1200 -183561.8000 59288.0400
v -27849.0400 -183561.9000 59288.0400
v -27849.3100 -183561.5000 59288.0400
v -27849.2200 -183561.7000 59288.0400
v -27849.5000 -183561.4000 59288.0400
v -27849.4100 -183561.5000 59288.0400
v -27849.7000 -183561.2000 59288.0400
v -27849.6000 -183561.2000 59288.0400
v -27849.8900 -183561.0000 59288.0400
v -27849.7900 -183561.1000 59288.0400
v -27850.0900 -183560.8000 59288.0400
v -27849.9900 -183560.9000 59288.0400
v -27850.2900 -183560.6000 59288.0400
v -27850.1900 -183560.7000 59288.0400
v -27850.5000 -183560.4000 59288.0400
v -27850.4000 -183560.5000 59288.0400
v -27850.7100 -183560.2000 59288.0400
v -27850.6100 -183560.3000 59288.0400
v -27850.9200 -183560.0000 59288.0400
v -27850.8200 -183560.1000 59288.0400
v -27851.1400 -183559.9000 59288.0400
v -27851.0300 -183560.0000 59288.0400
v -27851.3600 -183559.7000 59288.0400
v -27851.2500 -183559.8000 59288.0400
v -27851.5800 -183559.5000 59288.0400
v -27851.4700 -183559.6000 59288.0400
v -27851.8000 -183559.4000 59288.0400
v -27851.6900 -183559.5000 59288.0400
v -27852.0300 -183559.2000 59288.0400
v -27851.9200 -183559.3000 59288.0400
v -27852.2600 -183559.1000 59288.0400
v -27852.1500 -183559.2000 59288.0400
v -27852.4900 -183558.9000 59288.0400
v -27852.3800 -183559.0000 59288.0400
v -27852.7300 -183558.8000 59288.0400
v -27852.6100 -183558.9000 59288.0400
v -27852.9600 -183558.7000 59288.0400
v -27852.8500 -183558.7000 59288.0400
v -27853.2100 -183558.5000 59288.0400
v -27853.0900 -183558.6000 59288.0400
v -27853.4500 -183558.4000 59288.0400
v -27853.3300 -183558.5000 59288.0400
v -27853.6900 -183558.2000 59288.0400
v -27853.5700 -183558.3000 59288.0400
v -27853.9400 -183558.1000 59288.0400
v -27853.8200 -183558.2000 59288.0400
v -27854.1900 -183558.0000 59288.0400
v -27854.0600 -183558.1000 59288.0400
v -27854.4400 -183557.9000 59288.0400
v -27854.3100 -183558.0000 59288.0400
v -27854.6900 -183557.8000 59288.0400
v -27854.5600 -183557.8000 59288.0400
v -27854.9400 -183557.7000 59288.0400
v -27854.8200 -183557.7000 59288.0400
v -27855.2000 -183557.6000 59288.0400
v -27855.0700 -183557.6000 59288.0400
v -27855.4600 -183557.5000 59288.0400
v -27855.3300 -183557.5000 59288.0400
v -27855.7200 -183557.4000 59288.0400
v -27855.5900 -183557.4000 59288.0400
v -27855.9800 -183557.3000 59288.0400
v -27855.8500 -183557.3000 59288.0400
v -27856.2400 -183557.2000 59288.0400
v -27856.1100 -183557.3000 59288.0400
v -27856.5100 -183557.1000 59288.0400
v -27856.3800 -183557.2000 59288.0400
v -27856.7700 -183557.1000 59288.0400
v -27856.6400 -183557.1000 59288.0400
v -27857.0400 -183557.0000 59288.0400
v -27856.9100 -183557.0000 59288.0400
v -27857.3100 -183556.9000 59288.0400
v -27857.1800 -183557.0000 59288.0400
v -27857.5800 -183556.9000 59288.0400
v -27857.4400 -183556.9000 59288.0400
v -27857.8500 -183556.8000 59288.0400
v -27857.7100 -183556.8000 59288.0400
v -27858.1200 -183556.8000 59288.0400
v -27857.9800 -183556.8000 59288.0400
v -27858.3900 -183556.7000 59288.0400
v -27858.2500 -183556.8000 59288.0400
v -27858.6600 -183556.7000 59288.0400
v -27858.5300 -183556.7000 59288.0400
v -27858.9400 -183556.7000 59288.0400
v -27858.8000 -183556.7000 59288.0400
v -27859.2100 -183556.6000 59288.0400
v -27859.0700 -183556.6000 59288.0400
v -27859.4800 -183556.6000 59288.0400
v -27859.3500 -183556.6000 59288.0400
v -27859.7600 -183556.6000 59288.0400
v -27859.6200 -183556.6000 59288.0400
v -27860.0300 -183556.6000 59288.0400
v -27859.9000 -183556.6000 59288.0400
v -27860.3100 -183556.5000 59288.0400
v -27860.1700 -183556.5000 59288.0400
v -27860.5800 -183556.5000 59288.0400
v -27860.4500 -183556.5000 59288.0400
v -27860.8600 -183556.5000 59288.0400
v -27860.7200 -183556.5000 59288.0400
v -27861.1300 -183556.5000 59288.0400
v -27861.0000 -183556.5000 59288.0400
v -27861.4100 -183556.5000 59288.0400
v -27861.2700 -183556.5000 59288.0400
v -27861.6900 -183556.6000 59288.0400
v -27861.5500 -183556.5000 59288.0400
v -27861.9600 -183556.6000 59288.0400
v -27861.8200 -183556.6000 59288.0400
v -27862.2300 -183556.6000 59288.0400
v -27862.1000 -183556.6000 59288.0400
v -27862.5100 -183556.6000 59288.0400
v -27862.3700 -183556.6000 59288.0400
v -27862.7800 -183556.7000 59288.0400
v -27862.6500 -183556.6000 59288.0400
v -27863.0600 -183556.7000 59288.0400
v -27862.9200 -183556.7000 59288.0400
v -27863.3300 -183556.7000 59288.0400
v -27863.1900 -183556.7000 59288.0400
v -27863.6000 -183556.8000 59288.0400
v -27863.4700 -183556.8000 59288.0400
v -27863.8700 -183556.8000 59288.0400
v -27863.7400 -183556.8000 59288.0400
v -27864.1400 -183556.9000 59288.0400
v -27864.0100 -183556.9000 59288.0400
v -27864.4100 -183556.9000 59288.0400
v -27864.2800 -183556.9000 59288.0400
v -27864.6800 -183557.0000 59288.0400
v -27864.5500 -183557.0000 59288.0400
v -27864.9500 -183557.1000 59288.0400
v -27864.8100 -183557.0000 59288.0400
v -27865.2100 -183557.1000 59288.0400
v -27865.0800 -183557.1000 59288.0400
v -27865.4700 -183557.2000 59288.0400
v -27865.3400 -183557.2000 59288.0400
v -27865.7400 -183557.3000 59288.0400
v -27865.6100 -183557.3000 59288.0400
v -27866.0000 -183557.4000 59288.0400
v -27865.8700 -183557.3000 59288.0400
v -27866.2600 -183557.5000 59288.0400
v -27866.1300 -183557.4000 59288.0400
v -27866.5200 -183557.6000 59288.0400
v -27866.3900 -183557.5000 59288.0400
v -27866.7700 -183557.7000 59288.0400
v -27866.6500 -183557.6000 59288.0400
v -27867.0300 -183557.8000 59288.0400
v -27866.9000 -183557.7000 59288.0400
v -27867.2800 -183557.9000 59288.0400
v -27867.1600 -183557.8000 59288.0400
v -27867.5300 -183558.0000 59288.0400
v -27867.4100 -183558.0000 59288.0400
v -27867.7800 -183558.1000 59288.0400
v -27867.6600 -183558.1000 59288.0400
v -27868.0300 -183558.2000 59288.0400
v -27867.9000 -183558.2000 59288.0400
v -27868.2700 -183558.4000 59288.0400
v -27868.1500 -183558.3000 59288.0400
v -27868.5100 -183558.5000 59288.0400
v -27868.3900 -183558.5000 59288.0400
v -27868.7500 -183558.7000 59288.0400
v -27868.6300 -183558.6000 59288.0400
v -27868.9900 -183558.8000 59288.0400
v -27868.8700 -183558.7000 59288.0400
v -27869.2300 -183558.9000 59288.0400
v -27869.1100 -183558.9000 59288.0400
v -27869.4600 -183559.1000 59288.0400
v -27869.3400 -183559.0000 59288.0400
v -27869.6900 -183559.2000 59288.0400
v -27869.5700 -183559.2000 59288.0400
v -27869.9200 -183559.4000 59288.0400
v -27869.8000 -183559.3000 59288.0400
v -27870.1400 -183559.5000 59288.0400
v -27870.0300 -183559.5000 59288.0400
v -27870.3600 -183559.7000 59288.0400
v -27870.2500 -183559.6000 59288.0400
v -27870.5800 -183559.9000 59288.0400
v -27870.4700 -183559.8000 59288.0400
v -27870.7900 -183560.0000 59288.0400
v -27870.6900 -183560.0000 59288.0400
v -27871.0100 -183560.2000 59288.0400
v -27870.9000 -183560.1000 59288.0400
v -27871.2200 -183560.4000 59288.0400
v -27871.1100 -183560.3000 59288.0400
v -27871.4200 -183560.6000 59288.0400
v -27871.3200 -183560.5000 59288.0400
v -27871.6300 -183560.8000 59288.0400
v -27871.5300 -183560.7000 59288.0400
v -27871.8300 -183561.0000 59288.0400
v -27871.7300 -183560.9000 59288.0400
v -27872.0200 -183561.2000 59288.0400
v -27871.9300 -183561.1000 59288.0400
v -27872.2200 -183561.4000 59288.0400
v -27872.1200 -183561.3000 59288.0400
v -27872.4100 -183561.5000 59288.0400
v -27872.3100 -183561.5000 59288.0400
v -27872.5900 -183561.8000 59288.0400
v -27872.5000 -183561.7000 59288.0400
v -27872.7800 -183562.0000 59288.0400
v -27872.6900 -183561.9000 59288.0400
v -27872.9600 -183562.2000 59288.0400
v -27872.8700 -183562.1000 59288.0400
v -27873.1300 -183562.4000 59288.0400
v -27873.0400 -183562.3000 59288.0400
v -27873.3000 -183562.6000 59288.0400
v -27873.2200 -183562.5000 59288.0400
v -27873.4700 -183562.8000 59288.0400
v -27873.3800 -183562.7000 59288.0400
v -27873.6300 -183563.0000 59288.0400
v -27873.5500 -183562.9000 59288.0400
v -27873.7900 -183563.3000 59288.0400
v -27873.7100 -183563.2000 59288.0400
v -27873.9500 -183563.5000 59288.0400
v -27873.8700 -183563.4000 59288.0400
v -27874.1000 -183563.7000 59288.0400
v -27874.0300 -183563.6000 59288.0400
v -27874.2500 -183564.0000 59288.0400
v -27874.1800 -183563.8000 59288.0400
v -27874.3900 -183564.2000 59288.0400
v -27874.3200 -183564.1000 59288.0400
v -27874.5300 -183564.4000 59288.0400
v -27874.4600 -183564.3000 59288.0400
v -27874.6700 -183564.7000 59288.0400
v -27874.6000 -183564.5000 59288.0400
v -27874.8000 -183564.9000 59288.0400
v -27874.7300 -183564.8000 59288.0400
v -27874.9300 -183565.2000 59288.0400
v -27874.8600 -183565.0000 59288.0400
v -27875.0500 -183565.4000 59288.0400
v -27874.9900 -183565.3000 59288.0400
v -27875.1700 -183565.7000 59288.0400
v -27875.1100 -183565.5000 59288.0400
v -27875.2800 -183565.9000 59288.0400
v -27875.2300 -183565.8000 59288.0400
v -27875.3900 -183566.2000 59288.0400
v -27875.3400 -183566.0000 59288.0400
v -27875.5000 -183566.4000 59288.0400
v -27875.4500 -183566.3000 59288.0400
v -27875.6000 -183566.7000 59288.0400
v -27875.5500 -183566.5000 59288.0400
v -27875.7000 -183566.9000 59288.0400
v -27875.6500 -183566.8000 59288.0400
v -27875.7900 -183567.2000 59288.0400
v -27875.7400 -183567.0000 59288.0400
v -27875.8800 -183567.4000 59288.0400
v -27875.8300 -183567.3000 59288.0400
v -27875.9600 -183567.7000 59288.0400
v -27875.9200 -183567.6000 59288.0400
v -27876.0400 -183568.0000 59288.0400
v -27876.0000 -183567.8000 59288.0400
v -27876.1100 -183568.2000 59288.0400
v -27876.0700 -183568.1000 59288.0400
v -27876.1800 -183568.5000 59288.0400
v -27876.1400 -183568.4000 59288.0400
v -27876.2400 -183568.8000 59288.0400
v -27876.2100 -183568.6000 59288.0400
v -27876.3000 -183569.0000 59288.0400
v -27876.2700 -183568.9000 59288.0400
v -27876.4100 -183569.6000 59288.0400
v -27876.3600 -183569.3000 59288.0400
v -27876.4900 -183570.1000 59288.0400
v -27876.4500 -183569.9000 59288.0400
v -27876.5600 -183570.7000 59288.0400
v -27876.5300 -183570.4000 59288.0400
v -27876.6100 -183571.2000 59288.0400
v -27876.5800 -183571.0000 59288.0400
v -27876.6400 -183571.8000 59288.0400
v -27876.6200 -183571.5000 59288.0400
v -27876.6500 -183572.3000 59288.0400
v -27876.6400 -183572.0000 59288.0400
v -27876.6400 -183572.9000 59288.0400
v -27876.6400 -183572.6000 59288.0400
v -27876.6100 -183573.4000 59288.0400
v -27876.6200 -183573.2000 59288.0400
v -27876.5600 -183574.0000 59288.0400
v -27876.5800 -183573.7000 59288.0400
v -27876.4900 -183574.5000 59288.0400
v -27876.5300 -183574.2000 59288.0400
v -27876.4100 -183575.1000 59288.0400
v -27876.4500 -183574.8000 59288.0400
v -27876.3000 -183575.6000 59288.0400
v -27876.3500 -183575.3000 59288.0400
v -27876.2400 -183575.9000 59288.0400
v -27876.2700 -183575.7000 59288.0400
v -27876.1800 -183576.1000 59288.0400
v -27876.2100 -183576.0000 59288.0400
v -27876.1100 -183576.4000 59288.0400
v -27876.1400 -183576.3000 59288.0400
v -27876.0400 -183576.7000 59288.0400
v -27876.0700 -183576.5000 59288.0400
v -27875.9600 -183576.9000 59288.0400
v -27876.0000 -183576.8000 59288.0400
v -27875.8800 -183577.2000 59288.0400
v -27875.9200 -183577.1000 59288.0400
v -27875.7900 -183577.5000 59288.0400
v -27875.8300 -183577.3000 59288.0400
v -27875.7000 -183577.7000 59288.0400
v -27875.7400 -183577.6000 59288.0400
v -27875.6000 -183578.0000 59288.0400
v -27875.6500 -183577.9000 59288.0400
v -27875.5000 -183578.2000 59288.0400
v -27875.5500 -183578.1000 59288.0400
v -27875.3900 -183578.5000 59288.0400
v -27875.4500 -183578.4000 59288.0400
v -27875.2800 -183578.8000 59288.0400
v -27875.3400 -183578.6000 59288.0400
v -27875.1700 -183579.0000 59288.0400
v -27875.2200 -183578.9000 59288.0400
v -27875.0500 -183579.2000 59288.0400
v -27875.1100 -183579.1000 59288.0400
v -27874.9300 -183579.5000 59288.0400
v -27874.9900 -183579.4000 59288.0400
v -27874.8000 -183579.7000 59288.0400
v -27874.8600 -183579.6000 59288.0400
v -27874.6700 -183580.0000 59288.0400
v -27874.7300 -183579.9000 59288.0400
v -27874.5300 -183580.2000 59288.0400
v -27874.6000 -183580.1000 59288.0400
v -27874.3900 -183580.5000 59288.0400
v -27874.4600 -183580.3000 59288.0400
v -27874.2500 -183580.7000 59288.0400
v -27874.3200 -183580.6000 59288.0400
v -27874.1000 -183580.9000 59288.0400
v -27874.1700 -183580.8000 59288.0400
v -27873.9500 -183581.2000 59288.0400
v -27874.0200 -183581.0000 59288.0400
v -27873.7900 -183581.4000 59288.0400
v -27873.8700 -183581.3000 59288.0400
v -27873.6300 -183581.6000 59288.0400
v -27873.7100 -183581.5000 59288.0400
v -27873.4700 -183581.8000 59288.0400
v -27873.5500 -183581.7000 59288.0400
v -27873.3000 -183582.0000 59288.0400
v -27873.3800 -183581.9000 59288.0400
v -27873.1300 -183582.3000 59288.0400
v -27873.2100 -183582.2000 59288.0400
v -27872.9600 -183582.5000 59288.0400
v -27873.0400 -183582.4000 59288.0400
v -27872.7800 -183582.7000 59288.0400
v -27872.8600 -183582.6000 59288.0400
v -27872.5900 -183582.9000 59288.0400
v -27872.6800 -183582.8000 59288.0400
v -27872.4100 -183583.1000 59288.0400
v -27872.5000 -183583.0000 59288.0400
v -27872.2200 -183583.3000 59288.0400
v -27872.3100 -183583.2000 59288.0400
v -27872.0200 -183583.5000 59288.0400
v -27872.1200 -183583.4000 59288.0400
v -27871.8300 -183583.7000 59288.0400
v -27871.9200 -183583.6000 59288.0400
v -27871.6300 -183583.9000 59288.0400
v -27871.7300 -183583.8000 59288.0400
v -27871.4200 -183584.1000 59288.0400
v -27871.5200 -183584.0000 59288.0400
v -27871.2200 -183584.2000 59288.0400
v -27871.3200 -183584.2000 59288.0400
v -27871.0100 -183584.4000 59288.0400
v -27871.1100 -183584.3000 59288.0400
v -27870.7900 -183584.6000 59288.0400
v -27870.9000 -183584.5000 59288.0400
v -27870.5800 -183584.8000 59288.0400
v -27870.6900 -183584.7000 59288.0400
v -27870.3600 -183584.9000 59288.0400
v -27870.4700 -183584.8000 59288.0400
v -27870.1400 -183585.1000 59288.0400
v -27870.2500 -183585.0000 59288.0400
v -27869.9200 -183585.2000 59288.0400
v -27870.0300 -183585.2000 59288.0400
v -27869.6900 -183585.4000 59288.0400
v -27869.8000 -183585.3000 59288.0400
v -27869.4600 -183585.6000 59288.0400
v -27869.5700 -183585.5000 59288.0400
v -27869.2300 -183585.7000 59288.0400
v -27869.3400 -183585.6000 59288.0400
v -27868.9900 -183585.9000 59288.0400
v -27869.1100 -183585.8000 59288.0400
v -27868.7500 -183586.0000 59288.0400
v -27868.8700 -183585.9000 59288.0400
v -27868.5100 -183586.1000 59288.0400
v -27868.6300 -183586.1000 59288.0400
v -27868.2700 -183586.3000 59288.0400
v -27868.3900 -183586.2000 59288.0400
v -27868.0300 -183586.4000 59288.0400
v -27868.1500 -183586.3000 59288.0400
v -27867.7800 -183586.5000 59288.0400
v -27867.9000 -183586.5000 59288.0400
v -27867.5300 -183586.6000 59288.0400
v -27867.6500 -183586.6000 59288.0400
v -27867.2800 -183586.8000 59288.0400
v -27867.4000 -183586.7000 59288.0400
v -27867.0300 -183586.9000 59288.0400
v -27867.1500 -183586.8000 59288.0400
v -27866.7700 -183587.0000 59288.0400
v -27866.9000 -183586.9000 59288.0400
v -27866.5200 -183587.1000 59288.0400
v -27866.6400 -183587.0000 59288.0400
v -27866.2600 -183587.2000 59288.0400
v -27866.3900 -183587.1000 59288.0400
v -27866.0000 -183587.2000 59288.0400
v -27866.1300 -183587.2000 59288.0400
v -27865.7400 -183587.3000 59288.0400
v -27865.8700 -183587.3000 59288.0400
v -27865.4700 -183587.4000 59288.0400
v -27865.6100 -183587.4000 59288.0400
v -27865.2100 -183587.5000 59288.0400
v -27865.3400 -183587.5000 59288.0400
v -27864.9500 -183587.6000 59288.0400
v -27865.0800 -183587.5000 59288.0400
v -27864.6800 -183587.6000 59288.0400
v -27864.8100 -183587.6000 59288.0400
v -27864.4100 -183587.7000 59288.0400
v -27864.5400 -183587.7000 59288.0400
v -27864.1400 -183587.8000 59288.0400
v -27864.2800 -183587.7000 59288.0400
v -27863.8700 -183587.8000 59288.0400
v -27864.0100 -183587.8000 59288.0400
v -27863.6000 -183587.9000 59288.0400
v -27863.7300 -183587.8000 59288.0400
v -27863.3300 -183587.9000 59288.0400
v -27863.4600 -183587.9000 59288.0400
v -27863.0600 -183588.0000 59288.0400
v -27863.1900 -183587.9000 59288.0400
v -27862.7800 -183588.0000 59288.0400
v -27862.9200 -183588.0000 59288.0400
v -27862.5100 -183588.0000 59288.0400
v -27862.6400 -183588.0000 59288.0400
v -27862.2300 -183588.0000 59288.0400
v -27862.3700 -183588.0000 59288.0400
v -27861.9600 -183588.1000 59288.0400
v -27862.1000 -183588.1000 59288.0400
v -27861.6900 -183588.1000 59288.0400
v -27861.8200 -183588.1000 59288.0400
v -27861.4100 -183588.1000 59288.0400
v -27861.5500 -183588.1000 59288.0400
v -27861.1300 -183588.1000 59288.0400
v -27861.2700 -183588.1000 59288.0400
v -27860.8600 -183588.1000 59288.0400
v -27861.0000 -183588.1000 59288.0400
v -27860.5800 -183588.1000 59288.0400
v -27860.7200 -183588.1000 59288.0400
v -27860.3100 -183588.1000 59288.0400
v -27860.4400 -183588.1000 59288.0400
v -27860.0300 -183588.1000 59288.0400
v -27860.1700 -183588.1000 59288.0400
v -27859.7600 -183588.1000 59288.0400
v -27859.8900 -183588.1000 59288.0400
v -27859.4800 -183588.0000 59288.0400
v -27859.6200 -183588.1000 59288.0400
v -27859.2100 -183588.0000 59288.0400
v -27859.3400 -183588.0000 59288.0400
v -27858.9400 -183588.0000 59288.0400
v -27859.0700 -183588.0000 59288.0400
v -27858.6600 -183588.0000 59288.0400
v -27858.8000 -183588.0000 59288.0400
v -27858.3900 -183587.9000 59288.0400
v -27858.5200 -183587.9000 59288.0400
v -27858.1200 -183587.9000 59288.0400
v -27858.2500 -183587.9000 59288.0400
v -27857.8500 -183587.8000 59288.0400
v -27857.9800 -183587.8000 59288.0400
v -27857.5800 -183587.8000 59288.0400
v -27857.7100 -183587.8000 59288.0400
v -27857.3100 -183587.7000 59288.0400
v -27857.4400 -183587.7000 59288.0400
v -27857.0400 -183587.6000 59288.0400
v -27857.1700 -183587.7000 59288.0400
v -27856.7700 -183587.6000 59288.0400
v -27856.9000 -183587.6000 59288.0400
v -27856.5100 -183587.5000 59288.0400
v -27856.6400 -183587.5000 59288.0400
v -27856.2400 -183587.4000 59288.0400
v -27856.3700 -183587.5000 59288.0400
v -27855.9800 -183587.3000 59288.0400
v -27856.1100 -183587.4000 59288.0400
v -27855.7200 -183587.2000 59288.0400
v -27855.8500 -183587.3000 59288.0400
v -27855.4600 -183587.2000 59288.0400
v -27855.5900 -183587.2000 59288.0400
v -27855.2000 -183587.1000 59288.0400
v -27855.3300 -183587.1000 59288.0400
v -27854.9400 -183587.0000 59288.0400
v -27855.0700 -183587.0000 59288.0400
v -27854.6900 -183586.9000 59288.0400
v -27854.8200 -183586.9000 59288.0400
v -27854.4400 -183586.8000 59288.0400
v -27854.5600 -183586.8000 59288.0400
v -27854.1900 -183586.6000 59288.0400
v -27854.3100 -183586.7000 59288.0400
v -27853.9400 -183586.5000 59288.0400
v -27854.0600 -183586.6000 59288.0400
v -27853.6900 -183586.4000 59288.0400
v -27853.8100 -183586.5000 59288.0400
v -27853.4500 -183586.3000 59288.0400
v -27853.5700 -183586.3000 59288.0400
v -27853.2100 -183586.1000 59288.0400
v -27853.3200 -183586.2000 59288.0400
v -27852.9600 -183586.0000 59288.0400
v -27853.0800 -183586.1000 59288.0400
v -27852.7300 -183585.9000 59288.0400
v -27852.8400 -183585.9000 59288.0400
v -27852.4900 -183585.7000 59288.0400
v -27852.6100 -183585.8000 59288.0400
v -27852.2600 -183585.6000 59288.0400
v -27852.3800 -183585.6000 59288.0400
v -27852.0300 -183585.4000 59288.0400
v -27852.1400 -183585.5000 59288.0400
v -27851.8000 -183585.2000 59288.0400
v -27851.9200 -183585.3000 59288.0400
v -27851.5800 -183585.1000 59288.0400
v -27851.6900 -183585.2000 59288.0400
v -27851.3600 -183584.9000 59288.0400
v -27851.4700 -183585.0000 59288.0400
v -27851.1400 -183584.8000 59288.0400
v -27851.2500 -183584.8000 59288.0400
v -27850.9200 -183584.6000 59288.0400
v -27851.0300 -183584.7000 59288.0400
v -27850.7100 -183584.4000 59288.0400
v -27850.8100 -183584.5000 59288.0400
v -27850.5000 -183584.2000 59288.0400
v -27850.6000 -183584.3000 59288.0400
v -27850.2900 -183584.1000 59288.0400
v -27850.4000 -183584.1000 59288.0400
v -27850.0900 -183583.9000 59288.0400
v -27850.1900 -183584.0000 59288.0400
v -27849.8900 -183583.7000 59288.0400
v -27849.9900 -183583.8000 59288.0400
v -27849.7000 -183583.5000 59288.0400
v -27849.7900 -183583.6000 59288.0400
v -27849.5000 -183583.3000 59288.0400
v -27849.6000 -183583.4000 59288.0400
v -27849.3100 -183583.1000 59288.0400
v -27849.4100 -183583.2000 59288.0400
v -27849.1200 -183582.9000 59288.0400
v -27849.2200 -183583.0000 59288.0400
v -27848.9400 -183582.7000 59288.0400
v -27849.0300 -183582.8000 59288.0400
v -27848.7600 -183582.5000 59288.0400
v -27848.8500 -183582.6000 59288.0400
v -27848.5900 -183582.3000 59288.0400
v -27848.6800 -183582.4000 59288.0400
v -27848.4200 -183582.0000 59288.0400
v -27848.5000 -183582.2000 59288.0400
v -27848.2500 -183581.8000 59288.0400
v -27848.3300 -183581.9000 59288.0400
v -27848.0900 -183581.6000 59288.0400
v -27848.1700 -183581.7000 59288.0400
v -27847.9300 -183581.4000 59288.0400
v -27848.0000 -183581.5000 59288.0400
v -27847.7700 -183581.2000 59288.0400
v -27847.8500 -183581.3000 59288.0400
v -27847.6200 -183580.9000 59288.0400
v -27847.6900 -183581.0000 59288.0400
v -27847.4700 -183580.7000 59288.0400
v -27847.5400 -183580.8000 59288.0400
v -27847.3200 -183580.5000 59288.0400
v -27847.4000 -183580.6000 59288.0400
v -27847.1900 -183580.2000 59288.0400
v -27847.2500 -183580.3000 59288.0400
v -27847.0500 -183580.0000 59288.0400
v -27847.1200 -183580.1000 59288.0400
v -27846.9200 -183579.7000 59288.0400
v -27846.9800 -183579.9000 59288.0400
v -27846.7900 -183579.5000 59288.0400
v -27846.8500 -183579.6000 59288.0400
v -27846.6700 -183579.2000 59288.0400
v -27846.7300 -183579.4000 59288.0400
v -27846.5500 -183579.0000 59288.0400
v -27846.6100 -183579.1000 59288.0400
v -27846.4400 -183578.8000 59288.0400
v -27846.4900 -183578.9000 59288.0400
v -27846.3200 -183578.5000 59288.0400
v -27846.3800 -183578.6000 59288.0400
v -27846.2200 -183578.2000 59288.0400
v -27846.2700 -183578.4000 59288.0400
v -27846.1200 -183578.0000 59288.0400
v -27846.1700 -183578.1000 59288.0400
v -27846.0200 -183577.7000 59288.0400
v -27846.0700 -183577.8000 59288.0400
v -27845.9300 -183577.5000 59288.0400
v -27845.9800 -183577.6000 59288.0400
v -27845.8400 -183577.2000 59288.0400
v -27845.8900 -183577.3000 59288.0400
v -27845.7600 -183576.9000 59288.0400
v -27845.8000 -183577.1000 59288.0400
v -27845.6800 -183576.7000 59288.0400
v -27845.7200 -183576.8000 59288.0400
v -27845.6100 -183576.4000 59288.0400
v -27845.6400 -183576.5000 59288.0400
v -27845.5400 -183576.1000 59288.0400
v -27845.5700 -183576.3000 59288.0400
v -27845.4700 -183575.9000 59288.0400
v -27845.5100 -183576.0000 59288.0400
v -27845.4100 -183575.6000 59288.0400
v -27845.4500 -183575.7000 59288.0400
v -27845.3100 -183575.1000 59288.0400
v -27845.3600 -183575.3000 59288.0400
v -27845.2200 -183574.5000 59288.0400
v -27845.2700 -183574.8000 59288.0400
v -27845.1600 -183574.0000 59288.0400
v -27845.1900 -183574.2000 59288.0400
v -27845.1100 -183573.4000 59288.0400
v -27845.1300 -183573.7000 59288.0400
v -27845.0800 -183572.9000 59288.0400
v -27845.1000 -183573.1000 59288.0400
v -27845.0800 -183572.6000 59288.0400
v -27845.0700 -183572.3000 59394.6100
v -27845.0800 -183572.9000 59394.6100
v -27845.0700 -183572.6000 59394.6100
v -27845.1100 -183573.4000 59394.6100
v -27845.0900 -183573.2000 59394.6100
v -27845.1600 -183574.0000 59394.6100
v -27845.1300 -183573.7000 59394.6100
v -27845.2200 -183574.5000 59394.6100
v -27845.1900 -183574.2000 59394.6100
v -27845.3100 -183575.1000 59394.6100
v -27845.2700 -183574.8000 59394.6100
v -27845.4100 -183575.6000 59394.6100
v -27845.3600 -183575.3000 59394.6100
v -27845.4700 -183575.9000 59394.6100
v -27845.4500 -183575.7000 59394.6100
v -27845.5400 -183576.1000 59394.6100
v -27845.5100 -183576.0000 59394.6100
v -27845.6100 -183576.4000 59394.6100
v -27845.5700 -183576.3000 59394.6100
v -27845.6800 -183576.7000 59394.6100
v -27845.6400 -183576.5000 59394.6100
v -27845.7600 -183576.9000 59394.6100
v -27845.7200 -183576.8000 59394.6100
v -27845.8400 -183577.2000 59394.6100
v -27845.8000 -183577.1000 59394.6100
v -27845.9300 -183577.5000 59394.6100
v -27845.8900 -183577.3000 59394.6100
v -27846.0200 -183577.7000 59394.6100
v -27845.9800 -183577.6000 59394.6100
v -27846.1200 -183578.0000 59394.6100
v -27846.0700 -183577.9000 59394.6100
v -27846.2200 -183578.2000 59394.6100
v -27846.1700 -183578.1000 59394.6100
v -27846.3200 -183578.5000 59394.6100
v -27846.2700 -183578.4000 59394.6100
v -27846.4400 -183578.8000 59394.6100
v -27846.3800 -183578.6000 59394.6100
v -27846.5500 -183579.0000 59394.6100
v -27846.4900 -183578.9000 59394.6100
v -27846.6700 -183579.2000 59394.6100
v -27846.6100 -183579.1000 59394.6100
v -27846.7900 -183579.5000 59394.6100
v -27846.7300 -183579.4000 59394.6100
v -27846.9200 -183579.7000 59394.6100
v -27846.8600 -183579.6000 59394.6100
v -27847.0500 -183580.0000 59394.6100
v -27846.9800 -183579.9000 59394.6100
v -27847.1900 -183580.2000 59394.6100
v -27847.1200 -183580.1000 59394.6100
v -27847.3200 -183580.5000 59394.6100
v -27847.2600 -183580.3000 59394.6100
v -27847.4700 -183580.7000 59394.6100
v -27847.4000 -183580.6000 59394.6100
v -27847.6200 -183580.9000 59394.6100
v -27847.5400 -183580.8000 59394.6100
v -27847.7700 -183581.2000 59394.6100
v -27847.6900 -183581.0000 59394.6100
v -27847.9300 -183581.4000 59394.6100
v -27847.8500 -183581.3000 59394.6100
v -27848.0900 -183581.6000 59394.6100
v -27848.0100 -183581.5000 59394.6100
v -27848.2500 -183581.8000 59394.6100
v -27848.1700 -183581.7000 59394.6100
v -27848.4200 -183582.0000 59394.6100
v -27848.3300 -183581.9000 59394.6100
v -27848.5900 -183582.3000 59394.6100
v -27848.5000 -183582.2000 59394.6100
v -27848.7600 -183582.5000 59394.6100
v -27848.6800 -183582.4000 59394.6100
v -27848.9400 -183582.7000 59394.6100
v -27848.8500 -183582.6000 59394.6100
v -27849.1200 -183582.9000 59394.6100
v -27849.0400 -183582.8000 59394.6100
v -27849.3100 -183583.1000 59394.6100
v -27849.2200 -183583.0000 59394.6100
v -27849.5000 -183583.3000 59394.6100
v -27849.4100 -183583.2000 59394.6100
v -27849.7000 -183583.5000 59394.6100
v -27849.6000 -183583.4000 59394.6100
v -27849.8900 -183583.7000 59394.6100
v -27849.7900 -183583.6000 59394.6100
v -27850.0900 -183583.9000 59394.6100
v -27849.9900 -183583.8000 59394.6100
v -27850.2900 -183584.1000 59394.6100
v -27850.1900 -183584.0000 59394.6100
v -27850.5000 -183584.2000 59394.6100
v -27850.4000 -183584.2000 59394.6100
v -27850.7100 -183584.4000 59394.6100
v -27850.6100 -183584.3000 59394.6100
v -27850.9200 -183584.6000 59394.6100
v -27850.8200 -183584.5000 59394.6100
v -27851.1400 -183584.8000 59394.6100
v -27851.0300 -183584.7000 59394.6100
v -27851.3600 -183584.9000 59394.6100
v -27851.2500 -183584.8000 59394.6100
v -27851.5800 -183585.1000 59394.6100
v -27851.4700 -183585.0000 59394.6100
v -27851.8000 -183585.2000 59394.6100
v -27851.6900 -183585.2000 59394.6100
v -27852.0300 -183585.4000 59394.6100
v -27851.9200 -183585.3000 59394.6100
v -27852.2600 -183585.6000 59394.6100
v -27852.1500 -183585.5000 59394.6100
v -27852.4900 -183585.7000 59394.6100
v -27852.3800 -183585.6000 59394.6100
v -27852.7300 -183585.9000 59394.6100
v -27852.6100 -183585.8000 59394.6100
v -27852.9600 -183586.0000 59394.6100
v -27852.8500 -183585.9000 59394.6100
v -27853.2100 -183586.1000 59394.6100
v -27853.0900 -183586.1000 59394.6100
v -27853.4500 -183586.3000 59394.6100
v -27853.3300 -183586.2000 59394.6100
v -27853.6900 -183586.4000 59394.6100
v -27853.5700 -183586.3000 59394.6100
v -27853.9400 -183586.5000 59394.6100
v -27853.8100 -183586.5000 59394.6100
v -27854.1900 -183586.6000 59394.6100
v -27854.0600 -183586.6000 59394.6100
v -27854.4400 -183586.8000 59394.6100
v -27854.3100 -183586.7000 59394.6100
v -27854.6900 -183586.9000 59394.6100
v -27854.5600 -183586.8000 59394.6100
v -27854.9400 -183587.0000 59394.6100
v -27854.8200 -183586.9000 59394.6100
v -27855.2000 -183587.1000 59394.6100
v -27855.0700 -183587.0000 59394.6100
v -27855.4600 -183587.2000 59394.6100
v -27855.3300 -183587.1000 59394.6100
v -27855.7200 -183587.2000 59394.6100
v -27855.5900 -183587.2000 59394.6100
v -27855.9800 -183587.3000 59394.6100
v -27855.8500 -183587.3000 59394.6100
v -27856.2400 -183587.4000 59394.6100
v -27856.1100 -183587.4000 59394.6100
v -27856.5100 -183587.5000 59394.6100
v -27856.3800 -183587.5000 59394.6100
v -27856.7700 -183587.6000 59394.6100
v -27856.6400 -183587.5000 59394.6100
v -27857.0400 -183587.6000 59394.6100
v -27856.9100 -183587.6000 59394.6100
v -27857.3100 -183587.7000 59394.6100
v -27857.1700 -183587.7000 59394.6100
v -27857.5800 -183587.8000 59394.6100
v -27857.4400 -183587.7000 59394.6100
v -27857.8500 -183587.8000 59394.6100
v -27857.7100 -183587.8000 59394.6100
v -27858.1200 -183587.9000 59394.6100
v -27857.9800 -183587.8000 59394.6100
v -27858.3900 -183587.9000 59394.6100
v -27858.2500 -183587.9000 59394.6100
v -27858.6600 -183588.0000 59394.6100
v -27858.5300 -183587.9000 59394.6100
v -27858.9400 -183588.0000 59394.6100
v -27858.8000 -183588.0000 59394.6100
v -27859.2100 -183588.0000 59394.6100
v -27859.0700 -183588.0000 59394.6100
v -27859.4800 -183588.0000 59394.6100
v -27859.3500 -183588.0000 59394.6100
v -27859.7600 -183588.1000 59394.6100
v -27859.6200 -183588.1000 59394.6100
v -27860.0300 -183588.1000 59394.6100
v -27859.9000 -183588.1000 59394.6100
v -27860.3100 -183588.1000 59394.6100
v -27860.1700 -183588.1000 59394.6100
v -27860.5800 -183588.1000 59394.6100
v -27860.4500 -183588.1000 59394.6100
v -27860.8600 -183588.1000 59394.6100
v -27860.7200 -183588.1000 59394.6100
v -27861.1300 -183588.1000 59394.6100
v -27861.0000 -183588.1000 59394.6100
v -27861.4100 -183588.1000 59394.6100
v -27861.2700 -183588.1000 59394.6100
v -27861.6900 -183588.1000 59394.6100
v -27861.5500 -183588.1000 59394.6100
v -27861.9600 -183588.1000 59394.6100
v -27861.8200 -183588.1000 59394.6100
v -27862.2300 -183588.0000 59394.6100
v -27862.1000 -183588.1000 59394.6100
v -27862.5100 -183588.0000 59394.6100
v -27862.3700 -183588.0000 59394.6100
v -27862.7800 -183588.0000 59394.6100
v -27862.6500 -183588.0000 59394.6100
v -27863.0600 -183588.0000 59394.6100
v -27862.9200 -183588.0000 59394.6100
v -27863.3300 -183587.9000 59394.6100
v -27863.2000 -183587.9000 59394.6100
v -27863.6000 -183587.9000 59394.6100
v -27863.4700 -183587.9000 59394.6100
v -27863.8700 -183587.8000 59394.6100
v -27863.7400 -183587.8000 59394.6100
v -27864.1400 -183587.8000 59394.6100
v -27864.0100 -183587.8000 59394.6100
v -27864.4100 -183587.7000 59394.6100
v -27864.2800 -183587.7000 59394.6100
v -27864.6800 -183587.6000 59394.6100
v -27864.5500 -183587.7000 59394.6100
v -27864.9500 -183587.6000 59394.6100
v -27864.8100 -183587.6000 59394.6100
v -27865.2100 -183587.5000 59394.6100
v -27865.0800 -183587.5000 59394.6100
v -27865.4700 -183587.4000 59394.6100
v -27865.3500 -183587.5000 59394.6100
v -27865.7400 -183587.3000 59394.6100
v -27865.6100 -183587.4000 59394.6100
v -27866.0000 -183587.2000 59394.6100
v -27865.8700 -183587.3000 59394.6100
v -27866.2600 -183587.2000 59394.6100
v -27866.1300 -183587.2000 59394.6100
v -27866.5200 -183587.1000 59394.6100
v -27866.3900 -183587.1000 59394.6100
v -27866.7700 -183587.0000 59394.6100
v -27866.6500 -183587.0000 59394.6100
v -27867.0300 -183586.9000 59394.6100
v -27866.9000 -183586.9000 59394.6100
v -27867.2800 -183586.8000 59394.6100
v -27867.1600 -183586.8000 59394.6100
v -27867.5300 -183586.6000 59394.6100
v -27867.4100 -183586.7000 59394.6100
v -27867.7800 -183586.5000 59394.6100
v -27867.6600 -183586.6000 59394.6100
v -27868.0300 -183586.4000 59394.6100
v -27867.9100 -183586.5000 59394.6100
v -27868.2700 -183586.3000 59394.6100
v -27868.1500 -183586.3000 59394.6100
v -27868.5100 -183586.1000 59394.6100
v -27868.3900 -183586.2000 59394.6100
v -27868.7500 -183586.0000 59394.6100
v -27868.6300 -183586.1000 59394.6100
v -27868.9900 -183585.9000 59394.6100
v -27868.8800 -183585.9000 59394.6100
v -27869.2300 -183585.7000 59394.6100
v -27869.1100 -183585.8000 59394.6100
v -27869.4600 -183585.6000 59394.6100
v -27869.3400 -183585.6000 59394.6100
v -27869.6900 -183585.4000 59394.6100
v -27869.5700 -183585.5000 59394.6100
v -27869.9200 -183585.2000 59394.6100
v -27869.8000 -183585.3000 59394.6100
v -27870.1400 -183585.1000 59394.6100
v -27870.0300 -183585.2000 59394.6100
v -27870.3600 -183584.9000 59394.6100
v -27870.2500 -183585.0000 59394.6100
v -27870.5800 -183584.8000 59394.6100
v -27870.4700 -183584.8000 59394.6100
v -27870.7900 -183584.6000 59394.6100
v -27870.6900 -183584.7000 59394.6100
v -27871.0100 -183584.4000 59394.6100
v -27870.9000 -183584.5000 59394.6100
v -27871.2200 -183584.2000 59394.6100
v -27871.1200 -183584.3000 59394.6100
v -27871.4200 -183584.1000 59394.6100
v -27871.3200 -183584.1000 59394.6100
v -27871.6300 -183583.9000 59394.6100
v -27871.5300 -183584.0000 59394.6100
v -27871.8300 -183583.7000 59394.6100
v -27871.7300 -183583.8000 59394.6100
v -27872.0200 -183583.5000 59394.6100
v -27871.9300 -183583.6000 59394.6100
v -27872.2200 -183583.3000 59394.6100
v -27872.1200 -183583.4000 59394.6100
v -27872.4100 -183583.1000 59394.6100
v -27872.3100 -183583.2000 59394.6100
v -27872.5900 -183582.9000 59394.6100
v -27872.5000 -183583.0000 59394.6100
v -27872.7800 -183582.7000 59394.6100
v -27872.6900 -183582.8000 59394.6100
v -27872.9600 -183582.5000 59394.6100
v -27872.8700 -183582.6000 59394.6100
v -27873.1300 -183582.3000 59394.6100
v -27873.0400 -183582.4000 59394.6100
v -27873.3000 -183582.0000 59394.6100
v -27873.2200 -183582.2000 59394.6100
v -27873.4700 -183581.8000 59394.6100
v -27873.3900 -183581.9000 59394.6100
v -27873.6300 -183581.6000 59394.6100
v -27873.5500 -183581.7000 59394.6100
v -27873.7900 -183581.4000 59394.6100
v -27873.7100 -183581.5000 59394.6100
v -27873.9500 -183581.2000 59394.6100
v -27873.8700 -183581.3000 59394.6100
v -27874.1000 -183580.9000 59394.6100
v -27874.0300 -183581.0000 59394.6100
v -27874.2500 -183580.7000 59394.6100
v -27874.1800 -183580.8000 59394.6100
v -27874.3900 -183580.5000 59394.6100
v -27874.3200 -183580.6000 59394.6100
v -27874.5300 -183580.2000 59394.6100
v -27874.4600 -183580.3000 59394.6100
v -27874.6700 -183580.0000 59394.6100
v -27874.6000 -183580.1000 59394.6100
v -27874.8000 -183579.7000 59394.6100
v -27874.7400 -183579.9000 59394.6100
v -27874.9300 -183579.5000 59394.6100
v -27874.8700 -183579.6000 59394.6100
v -27875.0500 -183579.2000 59394.6100
v -27874.9900 -183579.4000 59394.6100
v -27875.1700 -183579.0000 59394.6100
v -27875.1100 -183579.1000 59394.6100
v -27875.2800 -183578.8000 59394.6100
v -27875.2300 -183578.9000 59394.6100
v -27875.3900 -183578.5000 59394.6100
v -27875.3400 -183578.6000 59394.6100
v -27875.5000 -183578.2000 59394.6100
v -27875.4500 -183578.4000 59394.6100
v -27875.6000 -183578.0000 59394.6100
v -27875.5500 -183578.1000 59394.6100
v -27875.7000 -183577.7000 59394.6100
v -27875.6500 -183577.8000 59394.6100
v -27875.7900 -183577.5000 59394.6100
v -27875.7400 -183577.6000 59394.6100
v -27875.8800 -183577.2000 59394.6100
v -27875.8300 -183577.3000 59394.6100
v -27875.9600 -183576.9000 59394.6100
v -27875.9200 -183577.1000 59394.6100
v -27876.0400 -183576.7000 59394.6100
v -27876.0000 -183576.8000 59394.6100
v -27876.1100 -183576.4000 59394.6100
v -27876.0700 -183576.5000 59394.6100
v -27876.1800 -183576.1000 59394.6100
v -27876.1500 -183576.3000 59394.6100
v -27876.2400 -183575.9000 59394.6100
v -27876.2100 -183576.0000 59394.6100
v -27876.3000 -183575.6000 59394.6100
v -27876.2800 -183575.7000 59394.6100
v -27876.4100 -183575.1000 59394.6100
v -27876.3600 -183575.3000 59394.6100
v -27876.4900 -183574.5000 59394.6100
v -27876.4500 -183574.8000 59394.6100
v -27876.5600 -183574.0000 59394.6100
v -27876.5300 -183574.2000 59394.6100
v -27876.6100 -183573.4000 59394.6100
v -27876.5900 -183573.7000 59394.6100
v -27876.6400 -183572.9000 59394.6100
v -27876.6200 -183573.1000 59394.6100
v -27876.6500 -183572.3000 59394.6100
v -27876.6400 -183572.6000 59394.6100
v -27876.6400 -183571.8000 59394.6100
v -27876.6400 -183572.0000 59394.6100
v -27876.6100 -183571.2000 59394.6100
v -27876.6200 -183571.5000 59394.6100
v -27876.5600 -183570.7000 59394.6100
v -27876.5900 -183570.9000 59394.6100
v -27876.4900 -183570.1000 59394.6100
v -27876.5300 -183570.4000 59394.6100
v -27876.4100 -183569.6000 59394.6100
v -27876.4500 -183569.8000 59394.6100
v -27876.3000 -183569.0000 59394.6100
v -27876.3600 -183569.3000 59394.6100
v -27876.2400 -183568.8000 59394.6100
v -27876.2700 -183568.9000 59394.6100
v -27876.1800 -183568.5000 59394.6100
v -27876.2100 -183568.6000 59394.6100
v -27876.1100 -183568.2000 59394.6100
v -27876.1400 -183568.4000 59394.6100
v -27876.0400 -183568.0000 59394.6100
v -27876.0700 -183568.1000 59394.6100
v -27875.9600 -183567.7000 59394.6100
v -27876.0000 -183567.8000 59394.6100
v -27875.8800 -183567.4000 59394.6100
v -27875.9200 -183567.6000 59394.6100
v -27875.7900 -183567.2000 59394.6100
v -27875.8300 -183567.3000 59394.6100
v -27875.7000 -183566.9000 59394.6100
v -27875.7400 -183567.0000 59394.6100
v -27875.6000 -183566.7000 59394.6100
v -27875.6500 -183566.8000 59394.6100
v -27875.5000 -183566.4000 59394.6100
v -27875.5500 -183566.5000 59394.6100
v -27875.3900 -183566.2000 59394.6100
v -27875.4500 -183566.3000 59394.6100
v -27875.2800 -183565.9000 59394.6100
v -27875.3400 -183566.0000 59394.6100
v -27875.1700 -183565.7000 59394.6100
v -27875.2300 -183565.8000 59394.6100
v -27875.0500 -183565.4000 59394.6100
v -27875.1100 -183565.5000 59394.6100
v -27874.9300 -183565.2000 59394.6100
v -27874.9900 -183565.3000 59394.6100
v -27874.8000 -183564.9000 59394.6100
v -27874.8600 -183565.0000 59394.6100
v -27874.6700 -183564.7000 59394.6100
v -27874.7300 -183564.8000 59394.6100
v -27874.5300 -183564.4000 59394.6100
v -27874.6000 -183564.5000 59394.6100
v -27874.3900 -183564.2000 59394.6100
v -27874.4600 -183564.3000 59394.6100
v -27874.2500 -183564.0000 59394.6100
v -27874.3200 -183564.1000 59394.6100
v -27874.1000 -183563.7000 59394.6100
v -27874.1700 -183563.8000 59394.6100
v -27873.9500 -183563.5000 59394.6100
v -27874.0300 -183563.6000 59394.6100
v -27873.7900 -183563.3000 59394.6100
v -27873.8700 -183563.4000 59394.6100
v -27873.6300 -183563.0000 59394.6100
v -27873.7100 -183563.2000 59394.6100
v -27873.4700 -183562.8000 59394.6100
v -27873.5500 -183562.9000 59394.6100
v -27873.3000 -183562.6000 59394.6100
v -27873.3800 -183562.7000 59394.6100
v -27873.1300 -183562.4000 59394.6100
v -27873.2100 -183562.5000 59394.6100
v -27872.9600 -183562.2000 59394.6100
v -27873.0400 -183562.3000 59394.6100
v -27872.7800 -183562.0000 59394.6100
v -27872.8700 -183562.1000 59394.6100
v -27872.5900 -183561.8000 59394.6100
v -27872.6800 -183561.9000 59394.6100
v -27872.4100 -183561.5000 59394.6100
v -27872.5000 -183561.7000 59394.6100
v -27872.2200 -183561.4000 59394.6100
v -27872.3100 -183561.5000 59394.6100
v -27872.0200 -183561.2000 59394.6100
v -27872.1200 -183561.2000 59394.6100
v -27871.8300 -183561.0000 59394.6100
v -27871.9200 -183561.1000 59394.6100
v -27871.6300 -183560.8000 59394.6100
v -27871.7300 -183560.9000 59394.6100
v -27871.4200 -183560.6000 59394.6100
v -27871.5300 -183560.7000 59394.6100
v -27871.2200 -183560.4000 59394.6100
v -27871.3200 -183560.5000 59394.6100
v -27871.0100 -183560.2000 59394.6100
v -27871.1100 -183560.3000 59394.6100
v -27870.7900 -183560.0000 59394.6100
v -27870.9000 -183560.1000 59394.6100
v -27870.5800 -183559.9000 59394.6100
v -27870.6900 -183560.0000 59394.6100
v -27870.3600 -183559.7000 59394.6100
v -27870.4700 -183559.8000 59394.6100
v -27870.1400 -183559.5000 59394.6100
v -27870.2500 -183559.6000 59394.6100
v -27869.9200 -183559.4000 59394.6100
v -27870.0300 -183559.5000 59394.6100
v -27869.6900 -183559.2000 59394.6100
v -27869.8000 -183559.3000 59394.6100
v -27869.4600 -183559.1000 59394.6100
v -27869.5700 -183559.2000 59394.6100
v -27869.2300 -183558.9000 59394.6100
v -27869.3400 -183559.0000 59394.6100
v -27868.9900 -183558.8000 59394.6100
v -27869.1100 -183558.9000 59394.6100
v -27868.7500 -183558.7000 59394.6100
v -27868.8700 -183558.7000 59394.6100
v -27868.5100 -183558.5000 59394.6100
v -27868.6300 -183558.6000 59394.6100
v -27868.2700 -183558.4000 59394.6100
v -27868.3900 -183558.5000 59394.6100
v -27868.0300 -183558.2000 59394.6100
v -27868.1500 -183558.3000 59394.6100
v -27867.7800 -183558.1000 59394.6100
v -27867.9000 -183558.2000 59394.6100
v -27867.5300 -183558.0000 59394.6100
v -27867.6500 -183558.1000 59394.6100
v -27867.2800 -183557.9000 59394.6100
v -27867.4100 -183558.0000 59394.6100
v -27867.0300 -183557.8000 59394.6100
v -27867.1500 -183557.8000 59394.6100
v -27866.7700 -183557.7000 59394.6100
v -27866.9000 -183557.7000 59394.6100
v -27866.5200 -183557.6000 59394.6100
v -27866.6400 -183557.6000 59394.6100
v -27866.2600 -183557.5000 59394.6100
v -27866.3900 -183557.5000 59394.6100
v -27866.0000 -183557.4000 59394.6100
v -27866.1300 -183557.4000 59394.6100
v -27865.7400 -183557.3000 59394.6100
v -27865.8700 -183557.3000 59394.6100
v -27865.4700 -183557.2000 59394.6100
v -27865.6100 -183557.3000 59394.6100
v -27865.2100 -183557.1000 59394.6100
v -27865.3400 -183557.2000 59394.6100
v -27864.9500 -183557.1000 59394.6100
v -27865.0800 -183557.1000 59394.6100
v -27864.6800 -183557.0000 59394.6100
v -27864.8100 -183557.0000 59394.6100
v -27864.4100 -183556.9000 59394.6100
v -27864.5400 -183557.0000 59394.6100
v -27864.1400 -183556.9000 59394.6100
v -27864.2800 -183556.9000 59394.6100
v -27863.8700 -183556.8000 59394.6100
v -27864.0100 -183556.8000 59394.6100
v -27863.6000 -183556.8000 59394.6100
v -27863.7300 -183556.8000 59394.6100
v -27863.3300 -183556.7000 59394.6100
v -27863.4600 -183556.8000 59394.6100
v -27863.0600 -183556.7000 59394.6100
v -27863.1900 -183556.7000 59394.6100
v -27862.7800 -183556.7000 59394.6100
v -27862.9200 -183556.7000 59394.6100
v -27862.5100 -183556.6000 59394.6100
v -27862.6400 -183556.6000 59394.6100
v -27862.2300 -183556.6000 59394.6100
v -27862.3700 -183556.6000 59394.6100
v -27861.9600 -183556.6000 59394.6100
v -27862.1000 -183556.6000 59394.6100
v -27861.6900 -183556.6000 59394.6100
v -27861.8200 -183556.6000 59394.6100
v -27861.4100 -183556.5000 59394.6100
v -27861.5500 -183556.5000 59394.6100
v -27861.1300 -183556.5000 59394.6100
v -27861.2700 -183556.5000 59394.6100
v -27860.8600 -183556.5000 59394.6100
v -27861.0000 -183556.5000 59394.6100
v -27860.5800 -183556.5000 59394.6100
v -27860.7200 -183556.5000 59394.6100
v -27860.3100 -183556.5000 59394.6100
v -27860.4400 -183556.5000 59394.6100
v -27860.0300 -183556.6000 59394.6100
v -27860.1700 -183556.5000 59394.6100
v -27859.7600 -183556.6000 59394.6100
v -27859.8900 -183556.6000 59394.6100
v -27859.4800 -183556.6000 59394.6100
v -27859.6200 -183556.6000 59394.6100
v -27859.2100 -183556.6000 59394.6100
v -27859.3400 -183556.6000 59394.6100
v -27858.9400 -183556.7000 59394.6100
v -27859.0700 -183556.6000 59394.6100
v -27858.6600 -183556.7000 59394.6100
v -27858.8000 -183556.7000 59394.6100
v -27858.3900 -183556.7000 59394.6100
v -27858.5200 -183556.7000 59394.6100
v -27858.1200 -183556.8000 59394.6100
v -27858.2500 -183556.8000 59394.6100
v -27857.8500 -183556.8000 59394.6100
v -27857.9800 -183556.8000 59394.6100
v -27857.5800 -183556.9000 59394.6100
v -27857.7100 -183556.8000 59394.6100
v -27857.3100 -183556.9000 59394.6100
v -27857.4400 -183556.9000 59394.6100
v -27857.0400 -183557.0000 59394.6100
v -27857.1700 -183557.0000 59394.6100
v -27856.7700 -183557.1000 59394.6100
v -27856.9000 -183557.0000 59394.6100
v -27856.5100 -183557.1000 59394.6100
v -27856.6400 -183557.1000 59394.6100
v -27856.2400 -183557.2000 59394.6100
v -27856.3700 -183557.2000 59394.6100
v -27855.9800 -183557.3000 59394.6100
v -27856.1100 -183557.3000 59394.6100
v -27855.7200 -183557.4000 59394.6100
v -27855.8500 -183557.3000 59394.6100
v -27855.4600 -183557.5000 59394.6100
v -27855.5900 -183557.4000 59394.6100
v -27855.2000 -183557.6000 59394.6100
v -27855.3300 -183557.5000 59394.6100
v -27854.9400 -183557.7000 59394.6100
v -27855.0700 -183557.6000 59394.6100
v -27854.6900 -183557.8000 59394.6100
v -27854.8100 -183557.7000 59394.6100
v -27854.4400 -183557.9000 59394.6100
v -27854.5600 -183557.8000 59394.6100
v -27854.1900 -183558.0000 59394.6100
v -27854.3100 -183558.0000 59394.6100
v -27853.9400 -183558.1000 59394.6100
v -27854.0600 -183558.1000 59394.6100
v -27853.6900 -183558.2000 59394.6100
v -27853.8100 -183558.2000 59394.6100
v -27853.4500 -183558.4000 59394.6100
v -27853.5700 -183558.3000 59394.6100
v -27853.2100 -183558.5000 59394.6100
v -27853.3200 -183558.5000 59394.6100
v -27852.9600 -183558.7000 59394.6100
v -27853.0800 -183558.6000 59394.6100
v -27852.7300 -183558.8000 59394.6100
v -27852.8400 -183558.7000 59394.6100
v -27852.4900 -183558.9000 59394.6100
v -27852.6100 -183558.9000 59394.6100
v -27852.2600 -183559.1000 59394.6100
v -27852.3800 -183559.0000 59394.6100
v -27852.0300 -183559.2000 59394.6100
v -27852.1400 -183559.2000 59394.6100
v -27851.8000 -183559.4000 59394.6100
v -27851.9100 -183559.3000 59394.6100
v -27851.5800 -183559.5000 59394.6100
v -27851.6900 -183559.5000 59394.6100
v -27851.3600 -183559.7000 59394.6100
v -27851.4700 -183559.6000 59394.6100
v -27851.1400 -183559.9000 59394.6100
v -27851.2500 -183559.8000 59394.6100
v -27850.9200 -183560.0000 59394.6100
v -27851.0300 -183560.0000 59394.6100
v -27850.7100 -183560.2000 59394.6100
v -27850.8100 -183560.1000 59394.6100
v -27850.5000 -183560.4000 59394.6100
v -27850.6000 -183560.3000 59394.6100
v -27850.2900 -183560.6000 59394.6100
v -27850.4000 -183560.5000 59394.6100
v -27850.0900 -183560.8000 59394.6100
v -27850.1900 -183560.7000 59394.6100
v -27849.8900 -183561.0000 59394.6100
v -27849.9900 -183560.9000 59394.6100
v -27849.7000 -183561.2000 59394.6100
v -27849.7900 -183561.1000 59394.6100
v -27849.5000 -183561.4000 59394.6100
v -27849.6000 -183561.2000 59394.6100
v -27849.3100 -183561.5000 59394.6100
v -27849.4000 -183561.5000 59394.6100
v -27849.1200 -183561.8000 59394.6100
v -27849.2200 -183561.7000 59394.6100
v -27848.9400 -183562.0000 59394.6100
v -27849.0300 -183561.9000 59394.6100
v -27848.7600 -183562.2000 59394.6100
v -27848.8500 -183562.1000 59394.6100
v -27848.5900 -183562.4000 59394.6100
v -27848.6700 -183562.3000 59394.6100
v -27848.4200 -183562.6000 59394.6100
v -27848.5000 -183562.5000 59394.6100
v -27848.2500 -183562.8000 59394.6100
v -27848.3300 -183562.7000 59394.6100
v -27848.0900 -183563.0000 59394.6100
v -27848.1700 -183562.9000 59394.6100
v -27847.9300 -183563.3000 59394.6100
v -27848.0000 -183563.2000 59394.6100
v -27847.7700 -183563.5000 59394.6100
v -27847.8500 -183563.4000 59394.6100
v -27847.6200 -183563.7000 59394.6100
v -27847.6900 -183563.6000 59394.6100
v -27847.4700 -183564.0000 59394.6100
v -27847.5400 -183563.8000 59394.6100
v -27847.3200 -183564.2000 59394.6100
v -27847.4000 -183564.1000 59394.6100
v -27847.1900 -183564.4000 59394.6100
v -27847.2500 -183564.3000 59394.6100
v -27847.0500 -183564.7000 59394.6100
v -27847.1200 -183564.5000 59394.6100
v -27846.9200 -183564.9000 59394.6100
v -27846.9800 -183564.8000 59394.6100
v -27846.7900 -183565.2000 59394.6100
v -27846.8500 -183565.0000 59394.6100
v -27846.6700 -183565.4000 59394.6100
v -27846.7300 -183565.3000 59394.6100
v -27846.5500 -183565.7000 59394.6100
v -27846.6100 -183565.5000 59394.6100
v -27846.4400 -183565.9000 59394.6100
v -27846.4900 -183565.8000 59394.6100
v -27846.3200 -183566.2000 59394.6100
v -27846.3800 -183566.0000 59394.6100
v -27846.2200 -183566.4000 59394.6100
v -27846.2700 -183566.3000 59394.6100
v -27846.1200 -183566.7000 59394.6100
v -27846.1700 -183566.5000 59394.6100
v -27846.0200 -183566.9000 59394.6100
v -27846.0700 -183566.8000 59394.6100
v -27845.9300 -183567.2000 59394.6100
v -27845.9700 -183567.0000 59394.6100
v -27845.8400 -183567.4000 59394.6100
v -27845.8800 -183567.3000 59394.6100
v -27845.7600 -183567.7000 59394.6100
v -27845.8000 -183567.6000 59394.6100
v -27845.6800 -183568.0000 59394.6100
v -27845.7200 -183567.8000 59394.6100
v -27845.6100 -183568.2000 59394.6100
v -27845.6400 -183568.1000 59394.6100
v -27845.5400 -183568.5000 59394.6100
v -27845.5700 -183568.4000 59394.6100
v -27845.4700 -183568.8000 59394.6100
v -27845.5100 -183568.6000 59394.6100
v -27845.4100 -183569.0000 59394.6100
v -27845.4400 -183568.9000 59394.6100
v -27845.3100 -183569.6000 59394.6100
v -27845.3600 -183569.3000 59394.6100
v -27845.2200 -183570.1000 59394.6100
v -27845.2700 -183569.9000 59394.6100
v -27845.1600 -183570.7000 59394.6100
v -27845.1900 -183570.4000 59394.6100
v -27845.1100 -183571.2000 59394.6100
v -27845.1300 -183571.0000 59394.6100
v -27845.0800 -183571.8000 59394.6100
v -27845.0900 -183571.5000 59394.6100
v -27845.0700 -183572.0000 59394.6100
v -27845.0700 -183572.3000 59342.1700
v -27849.7000 -183583.5000 59342.1700
v -27860.8600 -183588.1000 59342.1700
v -27872.0200 -183583.5000 59342.1700
v -27876.6500 -183572.3000 59342.1700
v -27872.0200 -183561.2000 59342.1700
v -27860.8600 -183556.5000 59342.1700
v -27849.7000 -183561.2000 59342.1700
v -27845.0700 -182092.1000 59288.0400
v -27845.0800 -182092.7000 59288.0400
v -27845.0700 -182092.4000 59288.0400
v -27845.1100 -182093.2000 59288.0400
v -27845.0900 -182093.0000 59288.0400
v -27845.1600 -182093.8000 59288.0400
v -27845.1300 -182093.5000 59288.0400
v -27845.2200 -182094.3000 59288.0400
v -27845.1900 -182094.1000 59288.0400
v -27845.3100 -182094.9000 59288.0400
v -27845.2700 -182094.6000 59288.0400
v -27845.4100 -182095.4000 59288.0400
v -27845.3600 -182095.2000 59288.0400
v -27845.4700 -182095.7000 59288.0400
v -27845.4500 -182095.6000 59288.0400
v -27845.5400 -182096.0000 59288.0400
v -27845.5100 -182095.8000 59288.0400
v -27845.6100 -182096.2000 59288.0400
v -27845.5700 -182096.1000 59288.0400
v -27845.6800 -182096.5000 59288.0400
v -27845.6400 -182096.4000 59288.0400
v -27845.7600 -182096.8000 59288.0400
v -27845.7200 -182096.6000 59288.0400
v -27845.8400 -182097.0000 59288.0400
v -27845.8000 -182096.9000 59288.0400
v -27845.9300 -182097.3000 59288.0400
v -27845.8900 -182097.2000 59288.0400
v -27846.0200 -182097.5000 59288.0400
v -27845.9800 -182097.4000 59288.0400
v -27846.1200 -182097.8000 59288.0400
v -27846.0700 -182097.7000 59288.0400
v -27846.2200 -182098.1000 59288.0400
v -27846.1700 -182097.9000 59288.0400
v -27846.3200 -182098.3000 59288.0400
v -27846.2700 -182098.2000 59288.0400
v -27846.4400 -182098.6000 59288.0400
v -27846.3800 -182098.4000 59288.0400
v -27846.5500 -182098.8000 59288.0400
v -27846.4900 -182098.7000 59288.0400
v -27846.6700 -182099.1000 59288.0400
v -27846.6100 -182098.9000 59288.0400
v -27846.7900 -182099.3000 59288.0400
v -27846.7300 -182099.2000 59288.0400
v -27846.9200 -182099.6000 59288.0400
v -27846.8600 -182099.4000 59288.0400
v -27847.0500 -182099.8000 59288.0400
v -27846.9800 -182099.7000 59288.0400
v -27847.1900 -182100.0000 59288.0400
v -27847.1200 -182099.9000 59288.0400
v -27847.3200 -182100.3000 59288.0400
v -27847.2600 -182100.2000 59288.0400
v -27847.4700 -182100.5000 59288.0400
v -27847.4000 -182100.4000 59288.0400
v -27847.6200 -182100.7000 59288.0400
v -27847.5400 -182100.6000 59288.0400
v -27847.7700 -182101.0000 59288.0400
v -27847.6900 -182100.9000 59288.0400
v -27847.9300 -182101.2000 59288.0400
v -27847.8500 -182101.1000 59288.0400
v -27848.0900 -182101.4000 59288.0400
v -27848.0100 -182101.3000 59288.0400
v -27848.2500 -182101.6000 59288.0400
v -27848.1700 -182101.5000 59288.0400
v -27848.4200 -182101.9000 59288.0400
v -27848.3300 -182101.8000 59288.0400
v -27848.5900 -182102.1000 59288.0400
v -27848.5000 -182102.0000 59288.0400
v -27848.7600 -182102.3000 59288.0400
v -27848.6800 -182102.2000 59288.0400
v -27848.9400 -182102.5000 59288.0400
v -27848.8500 -182102.4000 59288.0400
v -27849.1200 -182102.7000 59288.0400
v -27849.0400 -182102.6000 59288.0400
v -27849.3100 -182102.9000 59288.0400
v -27849.2200 -182102.8000 59288.0400
v -27849.5000 -182103.1000 59288.0400
v -27849.4100 -182103.0000 59288.0400
v -27849.7000 -182103.3000 59288.0400
v -27849.6000 -182103.2000 59288.0400
v -27849.8900 -182103.5000 59288.0400
v -27849.7900 -182103.4000 59288.0400
v -27850.0900 -182103.7000 59288.0400
v -27849.9900 -182103.6000 59288.0400
v -27850.2900 -182103.9000 59288.0400
v -27850.1900 -182103.8000 59288.0400
v -27850.5000 -182104.1000 59288.0400
v -27850.4000 -182104.0000 59288.0400
v -27850.7100 -182104.2000 59288.0400
v -27850.6100 -182104.2000 59288.0400
v -27850.9200 -182104.4000 59288.0400
v -27850.8200 -182104.3000 59288.0400
v -27851.1400 -182104.6000 59288.0400
v -27851.0300 -182104.5000 59288.0400
v -27851.3600 -182104.8000 59288.0400
v -27851.2500 -182104.7000 59288.0400
v -27851.5800 -182104.9000 59288.0400
v -27851.4700 -182104.8000 59288.0400
v -27851.8000 -182105.1000 59288.0400
v -27851.6900 -182105.0000 59288.0400
v -27852.0300 -182105.2000 59288.0400
v -27851.9200 -182105.2000 59288.0400
v -27852.2600 -182105.4000 59288.0400
v -27852.1500 -182105.3000 59288.0400
v -27852.4900 -182105.5000 59288.0400
v -27852.3800 -182105.5000 59288.0400
v -27852.7300 -182105.7000 59288.0400
v -27852.6100 -182105.6000 59288.0400
v -27852.9600 -182105.8000 59288.0400
v -27852.8500 -182105.8000 59288.0400
v -27853.2100 -182106.0000 59288.0400
v -27853.0900 -182105.9000 59288.0400
v -27853.4500 -182106.1000 59288.0400
v -27853.3300 -182106.0000 59288.0400
v -27853.6900 -182106.2000 59288.0400
v -27853.5700 -182106.2000 59288.0400
v -27853.9400 -182106.3000 59288.0400
v -27853.8100 -182106.3000 59288.0400
v -27854.1900 -182106.5000 59288.0400
v -27854.0600 -182106.4000 59288.0400
v -27854.4400 -182106.6000 59288.0400
v -27854.3100 -182106.5000 59288.0400
v -27854.6900 -182106.7000 59288.0400
v -27854.5600 -182106.6000 59288.0400
v -27854.9400 -182106.8000 59288.0400
v -27854.8200 -182106.7000 59288.0400
v -27855.2000 -182106.9000 59288.0400
v -27855.0700 -182106.8000 59288.0400
v -27855.4600 -182107.0000 59288.0400
v -27855.3300 -182106.9000 59288.0400
v -27855.7200 -182107.1000 59288.0400
v -27855.5900 -182107.0000 59288.0400
v -27855.9800 -182107.2000 59288.0400
v -27855.8500 -182107.1000 59288.0400
v -27856.2400 -182107.2000 59288.0400
v -27856.1100 -182107.2000 59288.0400
v -27856.5100 -182107.3000 59288.0400
v -27856.3800 -182107.3000 59288.0400
v -27856.7700 -182107.4000 59288.0400
v -27856.6400 -182107.4000 59288.0400
v -27857.0400 -182107.5000 59288.0400
v -27856.9100 -182107.4000 59288.0400
v -27857.3100 -182107.5000 59288.0400
v -27857.1700 -182107.5000 59288.0400
v -27857.5800 -182107.6000 59288.0400
v -27857.4400 -182107.6000 59288.0400
v -27857.8500 -182107.6000 59288.0400
v -27857.7100 -182107.6000 59288.0400
v -27858.1200 -182107.7000 59288.0400
v -27857.9800 -182107.7000 59288.0400
v -27858.3900 -182107.7000 59288.0400
v -27858.2500 -182107.7000 59288.0400
v -27858.6600 -182107.8000 59288.0400
v -27858.5300 -182107.8000 59288.0400
v -27858.9400 -182107.8000 59288.0400
v -27858.8000 -182107.8000 59288.0400
v -27859.2100 -182107.8000 59288.0400
v -27859.0700 -182107.8000 59288.0400
v -27859.4800 -182107.9000 59288.0400
v -27859.3500 -182107.9000 59288.0400
v -27859.7600 -182107.9000 59288.0400
v -27859.6200 -182107.9000 59288.0400
v -27860.0300 -182107.9000 59288.0400
v -27859.9000 -182107.9000 59288.0400
v -27860.3100 -182107.9000 59288.0400
v -27860.1700 -182107.9000 59288.0400
v -27860.5800 -182107.9000 59288.0400
v -27860.4500 -182107.9000 59288.0400
v -27860.8600 -182107.9000 59288.0400
v -27860.7200 -182107.9000 59288.0400
v -27861.1300 -182107.9000 59288.0400
v -27861.0000 -182107.9000 59288.0400
v -27861.4100 -182107.9000 59288.0400
v -27861.2700 -182107.9000 59288.0400
v -27861.6900 -182107.9000 59288.0400
v -27861.5500 -182107.9000 59288.0400
v -27861.9600 -182107.9000 59288.0400
v -27861.8200 -182107.9000 59288.0400
v -27862.2300 -182107.9000 59288.0400
v -27862.1000 -182107.9000 59288.0400
v -27862.5100 -182107.8000 59288.0400
v -27862.3700 -182107.9000 59288.0400
v -27862.7800 -182107.8000 59288.0400
v -27862.6500 -182107.8000 59288.0400
v -27863.0600 -182107.8000 59288.0400
v -27862.9200 -182107.8000 59288.0400
v -27863.3300 -182107.7000 59288.0400
v -27863.2000 -182107.8000 59288.0400
v -27863.6000 -182107.7000 59288.0400
v -27863.4700 -182107.7000 59288.0400
v -27863.8700 -182107.6000 59288.0400
v -27863.7400 -182107.7000 59288.0400
v -27864.1400 -182107.6000 59288.0400
v -27864.0100 -182107.6000 59288.0400
v -27864.4100 -182107.5000 59288.0400
v -27864.2800 -182107.6000 59288.0400
v -27864.6800 -182107.5000 59288.0400
v -27864.5500 -182107.5000 59288.0400
v -27864.9500 -182107.4000 59288.0400
v -27864.8100 -182107.4000 59288.0400
v -27865.2100 -182107.3000 59288.0400
v -27865.0800 -182107.4000 59288.0400
v -27865.4700 -182107.2000 59288.0400
v -27865.3500 -182107.3000 59288.0400
v -27865.7400 -182107.2000 59288.0400
v -27865.6100 -182107.2000 59288.0400
v -27866.0000 -182107.1000 59288.0400
v -27865.8700 -182107.1000 59288.0400
v -27866.2600 -182107.0000 59288.0400
v -27866.1300 -182107.0000 59288.0400
v -27866.5200 -182106.9000 59288.0400
v -27866.3900 -182106.9000 59288.0400
v -27866.7700 -182106.8000 59288.0400
v -27866.6500 -182106.8000 59288.0400
v -27867.0300 -182106.7000 59288.0400
v -27866.9000 -182106.7000 59288.0400
v -27867.2800 -182106.6000 59288.0400
v -27867.1600 -182106.6000 59288.0400
v -27867.5300 -182106.5000 59288.0400
v -27867.4100 -182106.5000 59288.0400
v -27867.7800 -182106.3000 59288.0400
v -27867.6600 -182106.4000 59288.0400
v -27868.0300 -182106.2000 59288.0400
v -27867.9100 -182106.3000 59288.0400
v -27868.2700 -182106.1000 59288.0400
v -27868.1500 -182106.1000 59288.0400
v -27868.5100 -182106.0000 59288.0400
v -27868.3900 -182106.0000 59288.0400
v -27868.7500 -182105.8000 59288.0400
v -27868.6300 -182105.9000 59288.0400
v -27868.9900 -182105.7000 59288.0400
v -27868.8800 -182105.8000 59288.0400
v -27869.2300 -182105.5000 59288.0400
v -27869.1100 -182105.6000 59288.0400
v -27869.4600 -182105.4000 59288.0400
v -27869.3400 -182105.5000 59288.0400
v -27869.6900 -182105.2000 59288.0400
v -27869.5700 -182105.3000 59288.0400
v -27869.9200 -182105.1000 59288.0400
v -27869.8000 -182105.2000 59288.0400
v -27870.1400 -182104.9000 59288.0400
v -27870.0300 -182105.0000 59288.0400
v -27870.3600 -182104.8000 59288.0400
v -27870.2500 -182104.8000 59288.0400
v -27870.5800 -182104.6000 59288.0400
v -27870.4700 -182104.7000 59288.0400
v -27870.7900 -182104.4000 59288.0400
v -27870.6900 -182104.5000 59288.0400
v -27871.0100 -182104.2000 59288.0400
v -27870.9000 -182104.3000 59288.0400
v -27871.2200 -182104.1000 59288.0400
v -27871.1200 -182104.1000 59288.0400
v -27871.4200 -182103.9000 59288.0400
v -27871.3200 -182104.0000 59288.0400
v -27871.6300 -182103.7000 59288.0400
v -27871.5300 -182103.8000 59288.0400
v -27871.8300 -182103.5000 59288.0400
v -27871.7300 -182103.6000 59288.0400
v -27872.0200 -182103.3000 59288.0400
v -27871.9300 -182103.4000 59288.0400
v -27872.2200 -182103.1000 59288.0400
v -27872.1200 -182103.2000 59288.0400
v -27872.4100 -182102.9000 59288.0400
v -27872.3100 -182103.0000 59288.0400
v -27872.5900 -182102.7000 59288.0400
v -27872.5000 -182102.8000 59288.0400
v -27872.7800 -182102.5000 59288.0400
v -27872.6900 -182102.6000 59288.0400
v -27872.9600 -182102.3000 59288.0400
v -27872.8700 -182102.4000 59288.0400
v -27873.1300 -182102.1000 59288.0400
v -27873.0400 -182102.2000 59288.0400
v -27873.3000 -182101.9000 59288.0400
v -27873.2200 -182102.0000 59288.0400
v -27873.4700 -182101.6000 59288.0400
v -27873.3900 -182101.8000 59288.0400
v -27873.6300 -182101.4000 59288.0400
v -27873.5500 -182101.5000 59288.0400
v -27873.7900 -182101.2000 59288.0400
v -27873.7100 -182101.3000 59288.0400
v -27873.9500 -182101.0000 59288.0400
v -27873.8700 -182101.1000 59288.0400
v -27874.1000 -182100.7000 59288.0400
v -27874.0300 -182100.9000 59288.0400
v -27874.2500 -182100.5000 59288.0400
v -27874.1800 -182100.6000 59288.0400
v -27874.3900 -182100.3000 59288.0400
v -27874.3200 -182100.4000 59288.0400
v -27874.5300 -182100.0000 59288.0400
v -27874.4600 -182100.2000 59288.0400
v -27874.6700 -182099.8000 59288.0400
v -27874.6000 -182099.9000 59288.0400
v -27874.8000 -182099.6000 59288.0400
v -27874.7400 -182099.7000 59288.0400
v -27874.9300 -182099.3000 59288.0400
v -27874.8700 -182099.4000 59288.0400
v -27875.0500 -182099.1000 59288.0400
v -27874.9900 -182099.2000 59288.0400
v -27875.1700 -182098.8000 59288.0400
v -27875.1100 -182098.9000 59288.0400
v -27875.2800 -182098.6000 59288.0400
v -27875.2300 -182098.7000 59288.0400
v -27875.3900 -182098.3000 59288.0400
v -27875.3400 -182098.4000 59288.0400
v -27875.5000 -182098.1000 59288.0400
v -27875.4500 -182098.2000 59288.0400
v -27875.6000 -182097.8000 59288.0400
v -27875.5500 -182097.9000 59288.0400
v -27875.7000 -182097.5000 59288.0400
v -27875.6500 -182097.7000 59288.0400
v -27875.7900 -182097.3000 59288.0400
v -27875.7400 -182097.4000 59288.0400
v -27875.8800 -182097.0000 59288.0400
v -27875.8300 -182097.2000 59288.0400
v -27875.9600 -182096.8000 59288.0400
v -27875.9200 -182096.9000 59288.0400
v -27876.0400 -182096.5000 59288.0400
v -27876.0000 -182096.6000 59288.0400
v -27876.1100 -182096.2000 59288.0400
v -27876.0700 -182096.4000 59288.0400
v -27876.1800 -182096.0000 59288.0400
v -27876.1500 -182096.1000 59288.0400
v -27876.2400 -182095.7000 59288.0400
v -27876.2100 -182095.8000 59288.0400
v -27876.3000 -182095.4000 59288.0400
v -27876.2800 -182095.6000 59288.0400
v -27876.4100 -182094.9000 59288.0400
v -27876.3600 -182095.2000 59288.0400
v -27876.4900 -182094.3000 59288.0400
v -27876.4500 -182094.6000 59288.0400
v -27876.5600 -182093.8000 59288.0400
v -27876.5300 -182094.1000 59288.0400
v -27876.6100 -182093.2000 59288.0400
v -27876.5900 -182093.5000 59288.0400
v -27876.6400 -182092.7000 59288.0400
v -27876.6200 -182093.0000 59288.0400
v -27876.6500 -182092.1000 59288.0400
v -27876.6400 -182092.4000 59288.0400
v -27876.6400 -182091.6000 59288.0400
v -27876.6400 -182091.9000 59288.0400
v -27876.6100 -182091.0000 59288.0400
v -27876.6200 -182091.3000 59288.0400
v -27876.5600 -182090.5000 59288.0400
v -27876.5900 -182090.8000 59288.0400
v -27876.4900 -182089.9000 59288.0400
v -27876.5300 -182090.2000 59288.0400
v -27876.4100 -182089.4000 59288.0400
v -27876.4500 -182089.7000 59288.0400
v -27876.3000 -182088.9000 59288.0400
v -27876.3600 -182089.1000 59288.0400
v -27876.2400 -182088.6000 59288.0400
v -27876.2700 -182088.7000 59288.0400
v -27876.1800 -182088.3000 59288.0400
v -27876.2100 -182088.5000 59288.0400
v -27876.1100 -182088.1000 59288.0400
v -27876.1400 -182088.2000 59288.0400
v -27876.0400 -182087.8000 59288.0400
v -27876.0700 -182087.9000 59288.0400
v -27875.9600 -182087.5000 59288.0400
v -27876.0000 -182087.7000 59288.0400
v -27875.8800 -182087.3000 59288.0400
v -27875.9200 -182087.4000 59288.0400
v -27875.7900 -182087.0000 59288.0400
v -27875.8300 -182087.1000 59288.0400
v -27875.7000 -182086.8000 59288.0400
v -27875.7400 -182086.9000 59288.0400
v -27875.6000 -182086.5000 59288.0400
v -27875.6500 -182086.6000 59288.0400
v -27875.5000 -182086.2000 59288.0400
v -27875.5500 -182086.4000 59288.0400
v -27875.3900 -182086.0000 59288.0400
v -27875.4500 -182086.1000 59288.0400
v -27875.2800 -182085.7000 59288.0400
v -27875.3400 -182085.8000 59288.0400
v -27875.1700 -182085.5000 59288.0400
v -27875.2300 -182085.6000 59288.0400
v -27875.0500 -182085.2000 59288.0400
v -27875.1100 -182085.3000 59288.0400
v -27874.9300 -182085.0000 59288.0400
v -27874.9900 -182085.1000 59288.0400
v -27874.8000 -182084.7000 59288.0400
v -27874.8600 -182084.8000 59288.0400
v -27874.6700 -182084.5000 59288.0400
v -27874.7300 -182084.6000 59288.0400
v -27874.5300 -182084.2000 59288.0400
v -27874.6000 -182084.4000 59288.0400
v -27874.3900 -182084.0000 59288.0400
v -27874.4600 -182084.1000 59288.0400
v -27874.2500 -182083.8000 59288.0400
v -27874.3200 -182083.9000 59288.0400
v -27874.1000 -182083.5000 59288.0400
v -27874.1700 -182083.7000 59288.0400
v -27873.9500 -182083.3000 59288.0400
v -27874.0300 -182083.4000 59288.0400
v -27873.7900 -182083.1000 59288.0400
v -27873.8700 -182083.2000 59288.0400
v -27873.6300 -182082.9000 59288.0400
v -27873.7100 -182083.0000 59288.0400
v -27873.4700 -182082.6000 59288.0400
v -27873.5500 -182082.8000 59288.0400
v -27873.3000 -182082.4000 59288.0400
v -27873.3800 -182082.5000 59288.0400
v -27873.1300 -182082.2000 59288.0400
v -27873.2100 -182082.3000 59288.0400
v -27872.9600 -182082.0000 59288.0400
v -27873.0400 -182082.1000 59288.0400
v -27872.7800 -182081.8000 59288.0400
v -27872.8700 -182081.9000 59288.0400
v -27872.5900 -182081.6000 59288.0400
v -27872.6800 -182081.7000 59288.0400
v -27872.4100 -182081.4000 59288.0400
v -27872.5000 -182081.5000 59288.0400
v -27872.2200 -182081.2000 59288.0400
v -27872.3100 -182081.3000 59288.0400
v -27872.0200 -182081.0000 59288.0400
v -27872.1200 -182081.1000 59288.0400
v -27871.8300 -182080.8000 59288.0400
v -27871.9200 -182080.9000 59288.0400
v -27871.6300 -182080.6000 59288.0400
v -27871.7300 -182080.7000 59288.0400
v -27871.4200 -182080.4000 59288.0400
v -27871.5300 -182080.5000 59288.0400
v -27871.2200 -182080.2000 59288.0400
v -27871.3200 -182080.3000 59288.0400
v -27871.0100 -182080.0000 59288.0400
v -27871.1100 -182080.1000 59288.0400
v -27870.7900 -182079.9000 59288.0400
v -27870.9000 -182080.0000 59288.0400
v -27870.5800 -182079.7000 59288.0400
v -27870.6900 -182079.8000 59288.0400
v -27870.3600 -182079.5000 59288.0400
v -27870.4700 -182079.6000 59288.0400
v -27870.1400 -182079.4000 59288.0400
v -27870.2500 -182079.5000 59288.0400
v -27869.9200 -182079.2000 59288.0400
v -27870.0300 -182079.3000 59288.0400
v -27869.6900 -182079.0000 59288.0400
v -27869.8000 -182079.1000 59288.0400
v -27869.4600 -182078.9000 59288.0400
v -27869.5700 -182079.0000 59288.0400
v -27869.2300 -182078.8000 59288.0400
v -27869.3400 -182078.8000 59288.0400
v -27868.9900 -182078.6000 59288.0400
v -27869.1100 -182078.7000 59288.0400
v -27868.7500 -182078.5000 59288.0400
v -27868.8700 -182078.5000 59288.0400
v -27868.5100 -182078.3000 59288.0400
v -27868.6300 -182078.4000 59288.0400
v -27868.2700 -182078.2000 59288.0400
v -27868.3900 -182078.3000 59288.0400
v -27868.0300 -182078.1000 59288.0400
v -27868.1500 -182078.1000 59288.0400
v -27867.7800 -182078.0000 59288.0400
v -27867.9000 -182078.0000 59288.0400
v -27867.5300 -182077.8000 59288.0400
v -27867.6500 -182077.9000 59288.0400
v -27867.2800 -182077.7000 59288.0400
v -27867.4100 -182077.8000 59288.0400
v -27867.0300 -182077.6000 59288.0400
v -27867.1500 -182077.7000 59288.0400
v -27866.7700 -182077.5000 59288.0400
v -27866.9000 -182077.5000 59288.0400
v -27866.5200 -182077.4000 59288.0400
v -27866.6400 -182077.5000 59288.0400
v -27866.2600 -182077.3000 59288.0400
v -27866.3900 -182077.4000 59288.0400
v -27866.0000 -182077.2000 59288.0400
v -27866.1300 -182077.3000 59288.0400
v -27865.7400 -182077.1000 59288.0400
v -27865.8700 -182077.2000 59288.0400
v -27865.4700 -182077.0000 59288.0400
v -27865.6100 -182077.1000 59288.0400
v -27865.2100 -182077.0000 59288.0400
v -27865.3400 -182077.0000 59288.0400
v -27864.9500 -182076.9000 59288.0400
v -27865.0800 -182076.9000 59288.0400
v -27864.6800 -182076.8000 59288.0400
v -27864.8100 -182076.9000 59288.0400
v -27864.4100 -182076.8000 59288.0400
v -27864.5400 -182076.8000 59288.0400
v -27864.1400 -182076.7000 59288.0400
v -27864.2800 -182076.7000 59288.0400
v -27863.8700 -182076.6000 59288.0400
v -27864.0100 -182076.7000 59288.0400
v -27863.6000 -182076.6000 59288.0400
v -27863.7300 -182076.6000 59288.0400
v -27863.3300 -182076.5000 59288.0400
v -27863.4600 -182076.6000 59288.0400
v -27863.0600 -182076.5000 59288.0400
v -27863.1900 -182076.5000 59288.0400
v -27862.7800 -182076.5000 59288.0400
v -27862.9200 -182076.5000 59288.0400
v -27862.5100 -182076.4000 59288.0400
v -27862.6400 -182076.5000 59288.0400
v -27862.2300 -182076.4000 59288.0400
v -27862.3700 -182076.4000 59288.0400
v -27861.9600 -182076.4000 59288.0400
v -27862.1000 -182076.4000 59288.0400
v -27861.6900 -182076.4000 59288.0400
v -27861.8200 -182076.4000 59288.0400
v -27861.4100 -182076.4000 59288.0400
v -27861.5500 -182076.4000 59288.0400
v -27861.1300 -182076.4000 59288.0400
v -27861.2700 -182076.4000 59288.0400
v -27860.8600 -182076.4000 59288.0400
v -27861.0000 -182076.4000 59288.0400
v -27860.5800 -182076.4000 59288.0400
v -27860.7200 -182076.4000 59288.0400
v -27860.3100 -182076.4000 59288.0400
v -27860.4400 -182076.4000 59288.0400
v -27860.0300 -182076.4000 59288.0400
v -27860.1700 -182076.4000 59288.0400
v -27859.7600 -182076.4000 59288.0400
v -27859.8900 -182076.4000 59288.0400
v -27859.4800 -182076.4000 59288.0400
v -27859.6200 -182076.4000 59288.0400
v -27859.2100 -182076.4000 59288.0400
v -27859.3400 -182076.4000 59288.0400
v -27858.9400 -182076.5000 59288.0400
v -27859.0700 -182076.5000 59288.0400
v -27858.6600 -182076.5000 59288.0400
v -27858.8000 -182076.5000 59288.0400
v -27858.3900 -182076.5000 59288.0400
v -27858.5200 -182076.5000 59288.0400
v -27858.1200 -182076.6000 59288.0400
v -27858.2500 -182076.6000 59288.0400
v -27857.8500 -182076.6000 59288.0400
v -27857.9800 -182076.6000 59288.0400
v -27857.5800 -182076.7000 59288.0400
v -27857.7100 -182076.7000 59288.0400
v -27857.3100 -182076.8000 59288.0400
v -27857.4400 -182076.7000 59288.0400
v -27857.0400 -182076.8000 59288.0400
v -27857.1700 -182076.8000 59288.0400
v -27856.7700 -182076.9000 59288.0400
v -27856.9000 -182076.9000 59288.0400
v -27856.5100 -182077.0000 59288.0400
v -27856.6400 -182076.9000 59288.0400
v -27856.2400 -182077.0000 59288.0400
v -27856.3700 -182077.0000 59288.0400
v -27855.9800 -182077.1000 59288.0400
v -27856.1100 -182077.1000 59288.0400
v -27855.7200 -182077.2000 59288.0400
v -27855.8500 -182077.2000 59288.0400
v -27855.4600 -182077.3000 59288.0400
v -27855.5900 -182077.3000 59288.0400
v -27855.2000 -182077.4000 59288.0400
v -27855.3300 -182077.4000 59288.0400
v -27854.9400 -182077.5000 59288.0400
v -27855.0700 -182077.5000 59288.0400
v -27854.6900 -182077.6000 59288.0400
v -27854.8100 -182077.6000 59288.0400
v -27854.4400 -182077.7000 59288.0400
v -27854.5600 -182077.7000 59288.0400
v -27854.1900 -182077.8000 59288.0400
v -27854.3100 -182077.8000 59288.0400
v -27853.9400 -182078.0000 59288.0400
v -27854.0600 -182077.9000 59288.0400
v -27853.6900 -182078.1000 59288.0400
v -27853.8100 -182078.0000 59288.0400
v -27853.4500 -182078.2000 59288.0400
v -27853.5700 -182078.1000 59288.0400
v -27853.2100 -182078.3000 59288.0400
v -27853.3200 -182078.3000 59288.0400
v -27852.9600 -182078.5000 59288.0400
v -27853.0800 -182078.4000 59288.0400
v -27852.7300 -182078.6000 59288.0400
v -27852.8400 -182078.5000 59288.0400
v -27852.4900 -182078.8000 59288.0400
v -27852.6100 -182078.7000 59288.0400
v -27852.2600 -182078.9000 59288.0400
v -27852.3800 -182078.8000 59288.0400
v -27852.0300 -182079.0000 59288.0400
v -27852.1400 -182079.0000 59288.0400
v -27851.8000 -182079.2000 59288.0400
v -27851.9100 -182079.1000 59288.0400
v -27851.5800 -182079.4000 59288.0400
v -27851.6900 -182079.3000 59288.0400
v -27851.3600 -182079.5000 59288.0400
v -27851.4700 -182079.5000 59288.0400
v -27851.1400 -182079.7000 59288.0400
v -27851.2500 -182079.6000 59288.0400
v -27850.9200 -182079.9000 59288.0400
v -27851.0300 -182079.8000 59288.0400
v -27850.7100 -182080.0000 59288.0400
v -27850.8100 -182080.0000 59288.0400
v -27850.5000 -182080.2000 59288.0400
v -27850.6000 -182080.1000 59288.0400
v -27850.2900 -182080.4000 59288.0400
v -27850.4000 -182080.3000 59288.0400
v -27850.0900 -182080.6000 59288.0400
v -27850.1900 -182080.5000 59288.0400
v -27849.8900 -182080.8000 59288.0400
v -27849.9900 -182080.7000 59288.0400
v -27849.7000 -182081.0000 59288.0400
v -27849.7900 -182080.9000 59288.0400
v -27849.5000 -182081.2000 59288.0400
v -27849.6000 -182081.1000 59288.0400
v -27849.3100 -182081.4000 59288.0400
v -27849.4000 -182081.3000 59288.0400
v -27849.1200 -182081.6000 59288.0400
v -27849.2200 -182081.5000 59288.0400
v -27848.9400 -182081.8000 59288.0400
v -27849.0300 -182081.7000 59288.0400
v -27848.7600 -182082.0000 59288.0400
v -27848.8500 -182081.9000 59288.0400
v -27848.5900 -182082.2000 59288.0400
v -27848.6700 -182082.1000 59288.0400
v -27848.4200 -182082.4000 59288.0400
v -27848.5000 -182082.3000 59288.0400
v -27848.2500 -182082.6000 59288.0400
v -27848.3300 -182082.5000 59288.0400
v -27848.0900 -182082.9000 59288.0400
v -27848.1700 -182082.8000 59288.0400
v -27847.9300 -182083.1000 59288.0400
v -27848.0000 -182083.0000 59288.0400
v -27847.7700 -182083.3000 59288.0400
v -27847.8500 -182083.2000 59288.0400
v -27847.6200 -182083.5000 59288.0400
v -27847.6900 -182083.4000 59288.0400
v -27847.4700 -182083.8000 59288.0400
v -27847.5400 -182083.7000 59288.0400
v -27847.3200 -182084.0000 59288.0400
v -27847.4000 -182083.9000 59288.0400
v -27847.1900 -182084.2000 59288.0400
v -27847.2500 -182084.1000 59288.0400
v -27847.0500 -182084.5000 59288.0400
v -27847.1200 -182084.4000 59288.0400
v -27846.9200 -182084.7000 59288.0400
v -27846.9800 -182084.6000 59288.0400
v -27846.7900 -182085.0000 59288.0400
v -27846.8500 -182084.9000 59288.0400
v -27846.6700 -182085.2000 59288.0400
v -27846.7300 -182085.1000 59288.0400
v -27846.5500 -182085.5000 59288.0400
v -27846.6100 -182085.3000 59288.0400
v -27846.4400 -182085.7000 59288.0400
v -27846.4900 -182085.6000 59288.0400
v -27846.3200 -182086.0000 59288.0400
v -27846.3800 -182085.8000 59288.0400
v -27846.2200 -182086.2000 59288.0400
v -27846.2700 -182086.1000 59288.0400
v -27846.1200 -182086.5000 59288.0400
v -27846.1700 -182086.4000 59288.0400
v -27846.0200 -182086.8000 59288.0400
v -27846.0700 -182086.6000 59288.0400
v -27845.9300 -182087.0000 59288.0400
v -27845.9700 -182086.9000 59288.0400
v -27845.8400 -182087.3000 59288.0400
v -27845.8800 -182087.1000 59288.0400
v -27845.7600 -182087.5000 59288.0400
v -27845.8000 -182087.4000 59288.0400
v -27845.6800 -182087.8000 59288.0400
v -27845.7200 -182087.7000 59288.0400
v -27845.6100 -182088.1000 59288.0400
v -27845.6400 -182087.9000 59288.0400
v -27845.5400 -182088.3000 59288.0400
v -27845.5700 -182088.2000 59288.0400
v -27845.4700 -182088.6000 59288.0400
v -27845.5100 -182088.5000 59288.0400
v -27845.4100 -182088.9000 59288.0400
v -27845.4400 -182088.7000 59288.0400
v -27845.3100 -182089.4000 59288.0400
v -27845.3600 -182089.1000 59288.0400
v -27845.2200 -182089.9000 59288.0400
v -27845.2700 -182089.7000 59288.0400
v -27845.1600 -182090.5000 59288.0400
v -27845.1900 -182090.2000 59288.0400
v -27845.1100 -182091.0000 59288.0400
v -27845.1300 -182090.8000 59288.0400
v -27845.0800 -182091.6000 59288.0400
v -27845.0900 -182091.3000 59288.0400
v -27845.0700 -182091.9000 59288.0400
v -27845.0700 -182092.1000 59394.6100
v -27845.0800 -182091.6000 59394.6100
v -27845.0800 -182091.9000 59394.6100
v -27845.1100 -182091.0000 59394.6100
v -27845.1000 -182091.3000 59394.6100
v -27845.1600 -182090.5000 59394.6100
v -27845.1300 -182090.8000 59394.6100
v -27845.2200 -182089.9000 59394.6100
v -27845.1900 -182090.2000 59394.6100
v -27845.3100 -182089.4000 59394.6100
v -27845.2700 -182089.7000 59394.6100
v -27845.4100 -182088.9000 59394.6100
v -27845.3600 -182089.1000 59394.6100
v -27845.4700 -182088.6000 59394.6100
v -27845.4500 -182088.7000 59394.6100
v -27845.5400 -182088.3000 59394.6100
v -27845.5100 -182088.5000 59394.6100
v -27845.6100 -182088.1000 59394.6100
v -27845.5700 -182088.2000 59394.6100
v -27845.6800 -182087.8000 59394.6100
v -27845.6500 -182087.9000 59394.6100
v -27845.7600 -182087.5000 59394.6100
v -27845.7200 -182087.7000 59394.6100
v -27845.8400 -182087.3000 59394.6100
v -27845.8000 -182087.4000 59394.6100
v -27845.9300 -182087.0000 59394.6100
v -27845.8900 -182087.1000 59394.6100
v -27846.0200 -182086.8000 59394.6100
v -27845.9800 -182086.9000 59394.6100
v -27846.1200 -182086.5000 59394.6100
v -27846.0700 -182086.6000 59394.6100
v -27846.2200 -182086.2000 59394.6100
v -27846.1700 -182086.4000 59394.6100
v -27846.3200 -182086.0000 59394.6100
v -27846.2700 -182086.1000 59394.6100
v -27846.4400 -182085.7000 59394.6100
v -27846.3800 -182085.8000 59394.6100
v -27846.5500 -182085.5000 59394.6100
v -27846.4900 -182085.6000 59394.6100
v -27846.6700 -182085.2000 59394.6100
v -27846.6100 -182085.3000 59394.6100
v -27846.7900 -182085.0000 59394.6100
v -27846.7300 -182085.1000 59394.6100
v -27846.9200 -182084.7000 59394.6100
v -27846.8600 -182084.8000 59394.6100
v -27847.0500 -182084.5000 59394.6100
v -27846.9800 -182084.6000 59394.6100
v -27847.1900 -182084.2000 59394.6100
v -27847.1200 -182084.4000 59394.6100
v -27847.3200 -182084.0000 59394.6100
v -27847.2600 -182084.1000 59394.6100
v -27847.4700 -182083.8000 59394.6100
v -27847.4000 -182083.9000 59394.6100
v -27847.6200 -182083.5000 59394.6100
v -27847.5400 -182083.7000 59394.6100
v -27847.7700 -182083.3000 59394.6100
v -27847.7000 -182083.4000 59394.6100
v -27847.9300 -182083.1000 59394.6100
v -27847.8500 -182083.2000 59394.6100
v -27848.0900 -182082.9000 59394.6100
v -27848.0100 -182083.0000 59394.6100
v -27848.2500 -182082.6000 59394.6100
v -27848.1700 -182082.8000 59394.6100
v -27848.4200 -182082.4000 59394.6100
v -27848.3300 -182082.5000 59394.6100
v -27848.5900 -182082.2000 59394.6100
v -27848.5000 -182082.3000 59394.6100
v -27848.7600 -182082.0000 59394.6100
v -27848.6800 -182082.1000 59394.6100
v -27848.9400 -182081.8000 59394.6100
v -27848.8600 -182081.9000 59394.6100
v -27849.1200 -182081.6000 59394.6100
v -27849.0400 -182081.7000 59394.6100
v -27849.3100 -182081.4000 59394.6100
v -27849.2200 -182081.5000 59394.6100
v -27849.5000 -182081.2000 59394.6100
v -27849.4100 -182081.3000 59394.6100
v -27849.7000 -182081.0000 59394.6100
v -27849.6000 -182081.1000 59394.6100
v -27849.8900 -182080.8000 59394.6100
v -27849.7900 -182080.9000 59394.6100
v -27850.0900 -182080.6000 59394.6100
v -27849.9900 -182080.7000 59394.6100
v -27850.2900 -182080.4000 59394.6100
v -27850.1900 -182080.5000 59394.6100
v -27850.5000 -182080.2000 59394.6100
v -27850.4000 -182080.3000 59394.6100
v -27850.7100 -182080.0000 59394.6100
v -27850.6100 -182080.1000 59394.6100
v -27850.9200 -182079.9000 59394.6100
v -27850.8200 -182080.0000 59394.6100
v -27851.1400 -182079.7000 59394.6100
v -27851.0300 -182079.8000 59394.6100
v -27851.3600 -182079.5000 59394.6100
v -27851.2500 -182079.6000 59394.6100
v -27851.5800 -182079.4000 59394.6100
v -27851.4700 -182079.5000 59394.6100
v -27851.8000 -182079.2000 59394.6100
v -27851.6900 -182079.3000 59394.6100
v -27852.0300 -182079.0000 59394.6100
v -27851.9200 -182079.1000 59394.6100
v -27852.2600 -182078.9000 59394.6100
v -27852.1500 -182079.0000 59394.6100
v -27852.4900 -182078.8000 59394.6100
v -27852.3800 -182078.8000 59394.6100
v -27852.7300 -182078.6000 59394.6100
v -27852.6100 -182078.7000 59394.6100
v -27852.9600 -182078.5000 59394.6100
v -27852.8500 -182078.5000 59394.6100
v -27853.2100 -182078.3000 59394.6100
v -27853.0900 -182078.4000 59394.6100
v -27853.4500 -182078.2000 59394.6100
v -27853.3300 -182078.3000 59394.6100
v -27853.6900 -182078.1000 59394.6100
v -27853.5700 -182078.1000 59394.6100
v -27853.9400 -182078.0000 59394.6100
v -27853.8200 -182078.0000 59394.6100
v -27854.1900 -182077.8000 59394.6100
v -27854.0600 -182077.9000 59394.6100
v -27854.4400 -182077.7000 59394.6100
v -27854.3100 -182077.8000 59394.6100
v -27854.6900 -182077.6000 59394.6100
v -27854.5600 -182077.7000 59394.6100
v -27854.9400 -182077.5000 59394.6100
v -27854.8200 -182077.6000 59394.6100
v -27855.2000 -182077.4000 59394.6100
v -27855.0700 -182077.5000 59394.6100
v -27855.4600 -182077.3000 59394.6100
v -27855.3300 -182077.4000 59394.6100
v -27855.7200 -182077.2000 59394.6100
v -27855.5900 -182077.3000 59394.6100
v -27855.9800 -182077.1000 59394.6100
v -27855.8500 -182077.2000 59394.6100
v -27856.2400 -182077.0000 59394.6100
v -27856.1100 -182077.1000 59394.6100
v -27856.5100 -182077.0000 59394.6100
v -27856.3800 -182077.0000 59394.6100
v -27856.7700 -182076.9000 59394.6100
v -27856.6400 -182076.9000 59394.6100
v -27857.0400 -182076.8000 59394.6100
v -27856.9100 -182076.9000 59394.6100
v -27857.3100 -182076.8000 59394.6100
v -27857.1800 -182076.8000 59394.6100
v -27857.5800 -182076.7000 59394.6100
v -27857.4400 -182076.7000 59394.6100
v -27857.8500 -182076.6000 59394.6100
v -27857.7100 -182076.7000 59394.6100
v -27858.1200 -182076.6000 59394.6100
v -27857.9800 -182076.6000 59394.6100
v -27858.3900 -182076.5000 59394.6100
v -27858.2500 -182076.6000 59394.6100
v -27858.6600 -182076.5000 59394.6100
v -27858.5300 -182076.5000 59394.6100
v -27858.9400 -182076.5000 59394.6100
v -27858.8000 -182076.5000 59394.6100
v -27859.2100 -182076.4000 59394.6100
v -27859.0700 -182076.5000 59394.6100
v -27859.4800 -182076.4000 59394.6100
v -27859.3500 -182076.4000 59394.6100
v -27859.7600 -182076.4000 59394.6100
v -27859.6200 -182076.4000 59394.6100
v -27860.0300 -182076.4000 59394.6100
v -27859.9000 -182076.4000 59394.6100
v -27860.3100 -182076.4000 59394.6100
v -27860.1700 -182076.4000 59394.6100
v -27860.5800 -182076.4000 59394.6100
v -27860.4500 -182076.4000 59394.6100
v -27860.8600 -182076.4000 59394.6100
v -27860.7200 -182076.4000 59394.6100
v -27861.1300 -182076.4000 59394.6100
v -27861.0000 -182076.4000 59394.6100
v -27861.4100 -182076.4000 59394.6100
v -27861.2700 -182076.4000 59394.6100
v -27861.6900 -182076.4000 59394.6100
v -27861.5500 -182076.4000 59394.6100
v -27861.9600 -182076.4000 59394.6100
v -27861.8200 -182076.4000 59394.6100
v -27862.2300 -182076.4000 59394.6100
v -27862.1000 -182076.4000 59394.6100
v -27862.5100 -182076.4000 59394.6100
v -27862.3700 -182076.4000 59394.6100
v -27862.7800 -182076.5000 59394.6100
v -27862.6500 -182076.5000 59394.6100
v -27863.0600 -182076.5000 59394.6100
v -27862.9200 -182076.5000 59394.6100
v -27863.3300 -182076.5000 59394.6100
v -27863.1900 -182076.5000 59394.6100
v -27863.6000 -182076.6000 59394.6100
v -27863.4700 -182076.6000 59394.6100
v -27863.8700 -182076.6000 59394.6100
v -27863.7400 -182076.6000 59394.6100
v -27864.1400 -182076.7000 59394.6100
v -27864.0100 -182076.7000 59394.6100
v -27864.4100 -182076.8000 59394.6100
v -27864.2800 -182076.7000 59394.6100
v -27864.6800 -182076.8000 59394.6100
v -27864.5500 -182076.8000 59394.6100
v -27864.9500 -182076.9000 59394.6100
v -27864.8100 -182076.9000 59394.6100
v -27865.2100 -182077.0000 59394.6100
v -27865.0800 -182076.9000 59394.6100
v -27865.4700 -182077.0000 59394.6100
v -27865.3400 -182077.0000 59394.6100
v -27865.7400 -182077.1000 59394.6100
v -27865.6100 -182077.1000 59394.6100
v -27866.0000 -182077.2000 59394.6100
v -27865.8700 -182077.2000 59394.6100
v -27866.2600 -182077.3000 59394.6100
v -27866.1300 -182077.3000 59394.6100
v -27866.5200 -182077.4000 59394.6100
v -27866.3900 -182077.4000 59394.6100
v -27866.7700 -182077.5000 59394.6100
v -27866.6500 -182077.5000 59394.6100
v -27867.0300 -182077.6000 59394.6100
v -27866.9000 -182077.6000 59394.6100
v -27867.2800 -182077.7000 59394.6100
v -27867.1600 -182077.7000 59394.6100
v -27867.5300 -182077.8000 59394.6100
v -27867.4100 -182077.8000 59394.6100
v -27867.7800 -182078.0000 59394.6100
v -27867.6600 -182077.9000 59394.6100
v -27868.0300 -182078.1000 59394.6100
v -27867.9000 -182078.0000 59394.6100
v -27868.2700 -182078.2000 59394.6100
v -27868.1500 -182078.1000 59394.6100
v -27868.5100 -182078.3000 59394.6100
v -27868.3900 -182078.3000 59394.6100
v -27868.7500 -182078.5000 59394.6100
v -27868.6300 -182078.4000 59394.6100
v -27868.9900 -182078.6000 59394.6100
v -27868.8700 -182078.5000 59394.6100
v -27869.2300 -182078.8000 59394.6100
v -27869.1100 -182078.7000 59394.6100
v -27869.4600 -182078.9000 59394.6100
v -27869.3400 -182078.8000 59394.6100
v -27869.6900 -182079.0000 59394.6100
v -27869.5700 -182079.0000 59394.6100
v -27869.9200 -182079.2000 59394.6100
v -27869.8000 -182079.1000 59394.6100
v -27870.1400 -182079.4000 59394.6100
v -27870.0300 -182079.3000 59394.6100
v -27870.3600 -182079.5000 59394.6100
v -27870.2500 -182079.5000 59394.6100
v -27870.5800 -182079.7000 59394.6100
v -27870.4700 -182079.6000 59394.6100
v -27870.7900 -182079.9000 59394.6100
v -27870.6900 -182079.8000 59394.6100
v -27871.0100 -182080.0000 59394.6100
v -27870.9000 -182080.0000 59394.6100
v -27871.2200 -182080.2000 59394.6100
v -27871.1100 -182080.1000 59394.6100
v -27871.4200 -182080.4000 59394.6100
v -27871.3200 -182080.3000 59394.6100
v -27871.6300 -182080.6000 59394.6100
v -27871.5300 -182080.5000 59394.6100
v -27871.8300 -182080.8000 59394.6100
v -27871.7300 -182080.7000 59394.6100
v -27872.0200 -182081.0000 59394.6100
v -27871.9300 -182080.9000 59394.6100
v -27872.2200 -182081.2000 59394.6100
v -27872.1200 -182081.1000 59394.6100
v -27872.4100 -182081.4000 59394.6100
v -27872.3100 -182081.3000 59394.6100
v -27872.5900 -182081.6000 59394.6100
v -27872.5000 -182081.5000 59394.6100
v -27872.7800 -182081.8000 59394.6100
v -27872.6900 -182081.7000 59394.6100
v -27872.9600 -182082.0000 59394.6100
v -27872.8700 -182081.9000 59394.6100
v -27873.1300 -182082.2000 59394.6100
v -27873.0400 -182082.1000 59394.6100
v -27873.3000 -182082.4000 59394.6100
v -27873.2200 -182082.3000 59394.6100
v -27873.4700 -182082.6000 59394.6100
v -27873.3800 -182082.5000 59394.6100
v -27873.6300 -182082.9000 59394.6100
v -27873.5500 -182082.8000 59394.6100
v -27873.7900 -182083.1000 59394.6100
v -27873.7100 -182083.0000 59394.6100
v -27873.9500 -182083.3000 59394.6100
v -27873.8700 -182083.2000 59394.6100
v -27874.1000 -182083.5000 59394.6100
v -27874.0300 -182083.4000 59394.6100
v -27874.2500 -182083.8000 59394.6100
v -27874.1800 -182083.7000 59394.6100
v -27874.3900 -182084.0000 59394.6100
v -27874.3200 -182083.9000 59394.6100
v -27874.5300 -182084.2000 59394.6100
v -27874.4600 -182084.1000 59394.6100
v -27874.6700 -182084.5000 59394.6100
v -27874.6000 -182084.4000 59394.6100
v -27874.8000 -182084.7000 59394.6100
v -27874.7300 -182084.6000 59394.6100
v -27874.9300 -182085.0000 59394.6100
v -27874.8600 -182084.9000 59394.6100
v -27875.0500 -182085.2000 59394.6100
v -27874.9900 -182085.1000 59394.6100
v -27875.1700 -182085.5000 59394.6100
v -27875.1100 -182085.3000 59394.6100
v -27875.2800 -182085.7000 59394.6100
v -27875.2300 -182085.6000 59394.6100
v -27875.3900 -182086.0000 59394.6100
v -27875.3400 -182085.8000 59394.6100
v -27875.5000 -182086.2000 59394.6100
v -27875.4500 -182086.1000 59394.6100
v -27875.6000 -182086.5000 59394.6100
v -27875.5500 -182086.4000 59394.6100
v -27875.7000 -182086.8000 59394.6100
v -27875.6500 -182086.6000 59394.6100
v -27875.7900 -182087.0000 59394.6100
v -27875.7400 -182086.9000 59394.6100
v -27875.8800 -182087.3000 59394.6100
v -27875.8300 -182087.1000 59394.6100
v -27875.9600 -182087.5000 59394.6100
v -27875.9200 -182087.4000 59394.6100
v -27876.0400 -182087.8000 59394.6100
v -27876.0000 -182087.7000 59394.6100
v -27876.1100 -182088.1000 59394.6100
v -27876.0700 -182087.9000 59394.6100
v -27876.1800 -182088.3000 59394.6100
v -27876.1400 -182088.2000 59394.6100
v -27876.2400 -182088.6000 59394.6100
v -27876.2100 -182088.5000 59394.6100
v -27876.3000 -182088.9000 59394.6100
v -27876.2700 -182088.7000 59394.6100
v -27876.4100 -182089.4000 59394.6100
v -27876.3600 -182089.1000 59394.6100
v -27876.4900 -182089.9000 59394.6100
v -27876.4500 -182089.7000 59394.6100
v -27876.5600 -182090.5000 59394.6100
v -27876.5300 -182090.2000 59394.6100
v -27876.6100 -182091.0000 59394.6100
v -27876.5800 -182090.8000 59394.6100
v -27876.6400 -182091.6000 59394.6100
v -27876.6200 -182091.3000 59394.6100
v -27876.6500 -182092.1000 59394.6100
v -27876.6400 -182091.9000 59394.6100
v -27876.6400 -182092.7000 59394.6100
v -27876.6400 -182092.4000 59394.6100
v -27876.6100 -182093.2000 59394.6100
v -27876.6200 -182093.0000 59394.6100
v -27876.5600 -182093.8000 59394.6100
v -27876.5800 -182093.5000 59394.6100
v -27876.4900 -182094.3000 59394.6100
v -27876.5300 -182094.1000 59394.6100
v -27876.4100 -182094.9000 59394.6100
v -27876.4500 -182094.6000 59394.6100
v -27876.3000 -182095.4000 59394.6100
v -27876.3500 -182095.2000 59394.6100
v -27876.2400 -182095.7000 59394.6100
v -27876.2700 -182095.6000 59394.6100
v -27876.1800 -182096.0000 59394.6100
v -27876.2100 -182095.8000 59394.6100
v -27876.1100 -182096.2000 59394.6100
v -27876.1400 -182096.1000 59394.6100
v -27876.0400 -182096.5000 59394.6100
v -27876.0700 -182096.4000 59394.6100
v -27875.9600 -182096.8000 59394.6100
v -27876.0000 -182096.6000 59394.6100
v -27875.8800 -182097.0000 59394.6100
v -27875.9200 -182096.9000 59394.6100
v -27875.7900 -182097.3000 59394.6100
v -27875.8300 -182097.2000 59394.6100
v -27875.7000 -182097.5000 59394.6100
v -27875.7400 -182097.4000 59394.6100
v -27875.6000 -182097.8000 59394.6100
v -27875.6500 -182097.7000 59394.6100
v -27875.5000 -182098.1000 59394.6100
v -27875.5500 -182097.9000 59394.6100
v -27875.3900 -182098.3000 59394.6100
v -27875.4500 -182098.2000 59394.6100
v -27875.2800 -182098.6000 59394.6100
v -27875.3400 -182098.4000 59394.6100
v -27875.1700 -182098.8000 59394.6100
v -27875.2200 -182098.7000 59394.6100
v -27875.0500 -182099.1000 59394.6100
v -27875.1100 -182098.9000 59394.6100
v -27874.9300 -182099.3000 59394.6100
v -27874.9900 -182099.2000 59394.6100
v -27874.8000 -182099.6000 59394.6100
v -27874.8600 -182099.4000 59394.6100
v -27874.6700 -182099.8000 59394.6100
v -27874.7300 -182099.7000 59394.6100
v -27874.5300 -182100.0000 59394.6100
v -27874.6000 -182099.9000 59394.6100
v -27874.3900 -182100.3000 59394.6100
v -27874.4600 -182100.2000 59394.6100
v -27874.2500 -182100.5000 59394.6100
v -27874.3200 -182100.4000 59394.6100
v -27874.1000 -182100.7000 59394.6100
v -27874.1700 -182100.6000 59394.6100
v -27873.9500 -182101.0000 59394.6100
v -27874.0200 -182100.9000 59394.6100
v -27873.7900 -182101.2000 59394.6100
v -27873.8700 -182101.1000 59394.6100
v -27873.6300 -182101.4000 59394.6100
v -27873.7100 -182101.3000 59394.6100
v -27873.4700 -182101.6000 59394.6100
v -27873.5500 -182101.5000 59394.6100
v -27873.3000 -182101.9000 59394.6100
v -27873.3800 -182101.8000 59394.6100
v -27873.1300 -182102.1000 59394.6100
v -27873.2100 -182102.0000 59394.6100
v -27872.9600 -182102.3000 59394.6100
v -27873.0400 -182102.2000 59394.6100
v -27872.7800 -182102.5000 59394.6100
v -27872.8600 -182102.4000 59394.6100
v -27872.5900 -182102.7000 59394.6100
v -27872.6800 -182102.6000 59394.6100
v -27872.4100 -182102.9000 59394.6100
v -27872.5000 -182102.8000 59394.6100
v -27872.2200 -182103.1000 59394.6100
v -27872.3100 -182103.0000 59394.6100
v -27872.0200 -182103.3000 59394.6100
v -27872.1200 -182103.2000 59394.6100
v -27871.8300 -182103.5000 59394.6100
v -27871.9200 -182103.4000 59394.6100
v -27871.6300 -182103.7000 59394.6100
v -27871.7300 -182103.6000 59394.6100
v -27871.4200 -182103.9000 59394.6100
v -27871.5200 -182103.8000 59394.6100
v -27871.2200 -182104.1000 59394.6100
v -27871.3200 -182104.0000 59394.6100
v -27871.0100 -182104.2000 59394.6100
v -27871.1100 -182104.2000 59394.6100
v -27870.7900 -182104.4000 59394.6100
v -27870.9000 -182104.3000 59394.6100
v -27870.5800 -182104.6000 59394.6100
v -27870.6900 -182104.5000 59394.6100
v -27870.3600 -182104.8000 59394.6100
v -27870.4700 -182104.7000 59394.6100
v -27870.1400 -182104.9000 59394.6100
v -27870.2500 -182104.8000 59394.6100
v -27869.9200 -182105.1000 59394.6100
v -27870.0300 -182105.0000 59394.6100
v -27869.6900 -182105.2000 59394.6100
v -27869.8000 -182105.2000 59394.6100
v -27869.4600 -182105.4000 59394.6100
v -27869.5700 -182105.3000 59394.6100
v -27869.2300 -182105.5000 59394.6100
v -27869.3400 -182105.5000 59394.6100
v -27868.9900 -182105.7000 59394.6100
v -27869.1100 -182105.6000 59394.6100
v -27868.7500 -182105.8000 59394.6100
v -27868.8700 -182105.8000 59394.6100
v -27868.5100 -182106.0000 59394.6100
v -27868.6300 -182105.9000 59394.6100
v -27868.2700 -182106.1000 59394.6100
v -27868.3900 -182106.0000 59394.6100
v -27868.0300 -182106.2000 59394.6100
v -27868.1500 -182106.1000 59394.6100
v -27867.7800 -182106.3000 59394.6100
v -27867.9000 -182106.3000 59394.6100
v -27867.5300 -182106.5000 59394.6100
v -27867.6500 -182106.4000 59394.6100
v -27867.2800 -182106.6000 59394.6100
v -27867.4000 -182106.5000 59394.6100
v -27867.0300 -182106.7000 59394.6100
v -27867.1500 -182106.6000 59394.6100
v -27866.7700 -182106.8000 59394.6100
v -27866.9000 -182106.7000 59394.6100
v -27866.5200 -182106.9000 59394.6100
v -27866.6400 -182106.8000 59394.6100
v -27866.2600 -182107.0000 59394.6100
v -27866.3900 -182106.9000 59394.6100
v -27866.0000 -182107.1000 59394.6100
v -27866.1300 -182107.0000 59394.6100
v -27865.7400 -182107.2000 59394.6100
v -27865.8700 -182107.1000 59394.6100
v -27865.4700 -182107.2000 59394.6100
v -27865.6100 -182107.2000 59394.6100
v -27865.2100 -182107.3000 59394.6100
v -27865.3400 -182107.3000 59394.6100
v -27864.9500 -182107.4000 59394.6100
v -27865.0800 -182107.4000 59394.6100
v -27864.6800 -182107.5000 59394.6100
v -27864.8100 -182107.4000 59394.6100
v -27864.4100 -182107.5000 59394.6100
v -27864.5400 -182107.5000 59394.6100
v -27864.1400 -182107.6000 59394.6100
v -27864.2800 -182107.6000 59394.6100
v -27863.8700 -182107.6000 59394.6100
v -27864.0100 -182107.6000 59394.6100
v -27863.6000 -182107.7000 59394.6100
v -27863.7300 -182107.7000 59394.6100
v -27863.3300 -182107.7000 59394.6100
v -27863.4600 -182107.7000 59394.6100
v -27863.0600 -182107.8000 59394.6100
v -27863.1900 -182107.8000 59394.6100
v -27862.7800 -182107.8000 59394.6100
v -27862.9200 -182107.8000 59394.6100
v -27862.5100 -182107.8000 59394.6100
v -27862.6400 -182107.8000 59394.6100
v -27862.2300 -182107.9000 59394.6100
v -27862.3700 -182107.9000 59394.6100
v -27861.9600 -182107.9000 59394.6100
v -27862.1000 -182107.9000 59394.6100
v -27861.6900 -182107.9000 59394.6100
v -27861.8200 -182107.9000 59394.6100
v -27861.4100 -182107.9000 59394.6100
v -27861.5500 -182107.9000 59394.6100
v -27861.1300 -182107.9000 59394.6100
v -27861.2700 -182107.9000 59394.6100
v -27860.8600 -182107.9000 59394.6100
v -27861.0000 -182107.9000 59394.6100
v -27860.5800 -182107.9000 59394.6100
v -27860.7200 -182107.9000 59394.6100
v -27860.3100 -182107.9000 59394.6100
v -27860.4400 -182107.9000 59394.6100
v -27860.0300 -182107.9000 59394.6100
v -27860.1700 -182107.9000 59394.6100
v -27859.7600 -182107.9000 59394.6100
v -27859.8900 -182107.9000 59394.6100
v -27859.4800 -182107.9000 59394.6100
v -27859.6200 -182107.9000 59394.6100
v -27859.2100 -182107.8000 59394.6100
v -27859.3400 -182107.9000 59394.6100
v -27858.9400 -182107.8000 59394.6100
v -27859.0700 -182107.8000 59394.6100
v -27858.6600 -182107.8000 59394.6100
v -27858.8000 -182107.8000 59394.6100
v -27858.3900 -182107.7000 59394.6100
v -27858.5200 -182107.8000 59394.6100
v -27858.1200 -182107.7000 59394.6100
v -27858.2500 -182107.7000 59394.6100
v -27857.8500 -182107.6000 59394.6100
v -27857.9800 -182107.7000 59394.6100
v -27857.5800 -182107.6000 59394.6100
v -27857.7100 -182107.6000 59394.6100
v -27857.3100 -182107.5000 59394.6100
v -27857.4400 -182107.6000 59394.6100
v -27857.0400 -182107.5000 59394.6100
v -27857.1700 -182107.5000 59394.6100
v -27856.7700 -182107.4000 59394.6100
v -27856.9000 -182107.4000 59394.6100
v -27856.5100 -182107.3000 59394.6100
v -27856.6400 -182107.4000 59394.6100
v -27856.2400 -182107.2000 59394.6100
v -27856.3700 -182107.3000 59394.6100
v -27855.9800 -182107.2000 59394.6100
v -27856.1100 -182107.2000 59394.6100
v -27855.7200 -182107.1000 59394.6100
v -27855.8500 -182107.1000 59394.6100
v -27855.4600 -182107.0000 59394.6100
v -27855.5900 -182107.0000 59394.6100
v -27855.2000 -182106.9000 59394.6100
v -27855.3300 -182106.9000 59394.6100
v -27854.9400 -182106.8000 59394.6100
v -27855.0700 -182106.8000 59394.6100
v -27854.6900 -182106.7000 59394.6100
v -27854.8200 -182106.7000 59394.6100
v -27854.4400 -182106.6000 59394.6100
v -27854.5600 -182106.6000 59394.6100
v -27854.1900 -182106.5000 59394.6100
v -27854.3100 -182106.5000 59394.6100
v -27853.9400 -182106.3000 59394.6100
v -27854.0600 -182106.4000 59394.6100
v -27853.6900 -182106.2000 59394.6100
v -27853.8100 -182106.3000 59394.6100
v -27853.4500 -182106.1000 59394.6100
v -27853.5700 -182106.1000 59394.6100
v -27853.2100 -182106.0000 59394.6100
v -27853.3200 -182106.0000 59394.6100
v -27852.9600 -182105.8000 59394.6100
v -27853.0800 -182105.9000 59394.6100
v -27852.7300 -182105.7000 59394.6100
v -27852.8400 -182105.8000 59394.6100
v -27852.4900 -182105.5000 59394.6100
v -27852.6100 -182105.6000 59394.6100
v -27852.2600 -182105.4000 59394.6100
v -27852.3800 -182105.5000 59394.6100
v -27852.0300 -182105.2000 59394.6100
v -27852.1400 -182105.3000 59394.6100
v -27851.8000 -182105.1000 59394.6100
v -27851.9200 -182105.2000 59394.6100
v -27851.5800 -182104.9000 59394.6100
v -27851.6900 -182105.0000 59394.6100
v -27851.3600 -182104.8000 59394.6100
v -27851.4700 -182104.8000 59394.6100
v -27851.1400 -182104.6000 59394.6100
v -27851.2500 -182104.7000 59394.6100
v -27850.9200 -182104.4000 59394.6100
v -27851.0300 -182104.5000 59394.6100
v -27850.7100 -182104.2000 59394.6100
v -27850.8100 -182104.3000 59394.6100
v -27850.5000 -182104.1000 59394.6100
v -27850.6000 -182104.1000 59394.6100
v -27850.2900 -182103.9000 59394.6100
v -27850.4000 -182104.0000 59394.6100
v -27850.0900 -182103.7000 59394.6100
v -27850.1900 -182103.8000 59394.6100
v -27849.8900 -182103.5000 59394.6100
v -27849.9900 -182103.6000 59394.6100
v -27849.7000 -182103.3000 59394.6100
v -27849.7900 -182103.4000 59394.6100
v -27849.5000 -182103.1000 59394.6100
v -27849.6000 -182103.2000 59394.6100
v -27849.3100 -182102.9000 59394.6100
v -27849.4100 -182103.0000 59394.6100
v -27849.1200 -182102.7000 59394.6100
v -27849.2200 -182102.8000 59394.6100
v -27848.9400 -182102.5000 59394.6100
v -27849.0300 -182102.6000 59394.6100
v -27848.7600 -182102.3000 59394.6100
v -27848.8500 -182102.4000 59394.6100
v -27848.5900 -182102.1000 59394.6100
v -27848.6800 -182102.2000 59394.6100
v -27848.4200 -182101.9000 59394.6100
v -27848.5000 -182102.0000 59394.6100
v -27848.2500 -182101.6000 59394.6100
v -27848.3300 -182101.8000 59394.6100
v -27848.0900 -182101.4000 59394.6100
v -27848.1700 -182101.5000 59394.6100
v -27847.9300 -182101.2000 59394.6100
v -27848.0000 -182101.3000 59394.6100
v -27847.7700 -182101.0000 59394.6100
v -27847.8500 -182101.1000 59394.6100
v -27847.6200 -182100.7000 59394.6100
v -27847.6900 -182100.9000 59394.6100
v -27847.4700 -182100.5000 59394.6100
v -27847.5400 -182100.6000 59394.6100
v -27847.3200 -182100.3000 59394.6100
v -27847.4000 -182100.4000 59394.6100
v -27847.1900 -182100.0000 59394.6100
v -27847.2500 -182100.2000 59394.6100
v -27847.0500 -182099.8000 59394.6100
v -27847.1200 -182099.9000 59394.6100
v -27846.9200 -182099.6000 59394.6100
v -27846.9800 -182099.7000 59394.6100
v -27846.7900 -182099.3000 59394.6100
v -27846.8500 -182099.4000 59394.6100
v -27846.6700 -182099.1000 59394.6100
v -27846.7300 -182099.2000 59394.6100
v -27846.5500 -182098.8000 59394.6100
v -27846.6100 -182098.9000 59394.6100
v -27846.4400 -182098.6000 59394.6100
v -27846.4900 -182098.7000 59394.6100
v -27846.3200 -182098.3000 59394.6100
v -27846.3800 -182098.4000 59394.6100
v -27846.2200 -182098.1000 59394.6100
v -27846.2700 -182098.2000 59394.6100
v -27846.1200 -182097.8000 59394.6100
v -27846.1700 -182097.9000 59394.6100
v -27846.0200 -182097.5000 59394.6100
v -27846.0700 -182097.7000 59394.6100
v -27845.9300 -182097.3000 59394.6100
v -27845.9800 -182097.4000 59394.6100
v -27845.8400 -182097.0000 59394.6100
v -27845.8900 -182097.2000 59394.6100
v -27845.7600 -182096.8000 59394.6100
v -27845.8000 -182096.9000 59394.6100
v -27845.6800 -182096.5000 59394.6100
v -27845.7200 -182096.6000 59394.6100
v -27845.6100 -182096.2000 59394.6100
v -27845.6400 -182096.4000 59394.6100
v -27845.5400 -182096.0000 59394.6100
v -27845.5700 -182096.1000 59394.6100
v -27845.4700 -182095.7000 59394.6100
v -27845.5100 -182095.8000 59394.6100
v -27845.4100 -182095.4000 59394.6100
v -27845.4500 -182095.6000 59394.6100
v -27845.3100 -182094.9000 59394.6100
v -27845.3600 -182095.2000 59394.6100
v -27845.2200 -182094.3000 59394.6100
v -27845.2700 -182094.6000 59394.6100
v -27845.1600 -182093.8000 59394.6100
v -27845.1900 -182094.1000 59394.6100
v -27845.1100 -182093.2000 59394.6100
v -27845.1300 -182093.5000 59394.6100
v -27845.0800 -182092.7000 59394.6100
v -27845.1000 -182093.0000 59394.6100
v -27845.0800 -182092.4000 59394.6100
v -27845.0700 -182092.1000 59342.1700
v -27849.7000 -182081.0000 59342.1700
v -27860.8600 -182076.4000 59342.1700
v -27872.0200 -182081.0000 59342.1700
v -27876.6500 -182092.1000 59342.1700
v -27872.0200 -182103.3000 59342.1700
v -27860.8600 -182107.9000 59342.1700
v -27849.7000 -182103.3000 59342.1700
v -26100.4300 -183572.3000 59288.0400
v -26100.4200 -183571.8000 59288.0400
v -26100.4300 -183572.0000 59288.0400
v -26100.3900 -183571.2000 59288.0400
v -26100.4100 -183571.5000 59288.0400
v -26100.3500 -183570.7000 59288.0400
v -26100.3700 -183570.9000 59288.0400
v -26100.2800 -183570.1000 59288.0400
v -26100.3100 -183570.4000 59288.0400
v -26100.1900 -183569.6000 59288.0400
v -26100.2400 -183569.8000 59288.0400
v -26100.0900 -183569.0000 59288.0400
v -26100.1400 -183569.3000 59288.0400
v -26100.0300 -183568.8000 59288.0400
v -26100.0600 -183568.9000 59288.0400
v -26099.9600 -183568.5000 59288.0400
v -26100.0000 -183568.6000 59288.0400
v -26099.8900 -183568.2000 59288.0400
v -26099.9300 -183568.4000 59288.0400
v -26099.8200 -183568.0000 59288.0400
v -26099.8600 -183568.1000 59288.0400
v -26099.7400 -183567.7000 59288.0400
v -26099.7800 -183567.8000 59288.0400
v -26099.6600 -183567.4000 59288.0400
v -26099.7000 -183567.6000 59288.0400
v -26099.5700 -183567.2000 59288.0400
v -26099.6200 -183567.3000 59288.0400
v -26099.4800 -183566.9000 59288.0400
v -26099.5300 -183567.0000 59288.0400
v -26099.3800 -183566.7000 59288.0400
v -26099.4300 -183566.8000 59288.0400
v -26099.2800 -183566.4000 59288.0400
v -26099.3300 -183566.5000 59288.0400
v -26099.1800 -183566.2000 59288.0400
v -26099.2300 -183566.3000 59288.0400
v -26099.0700 -183565.9000 59288.0400
v -26099.1200 -183566.0000 59288.0400
v -26098.9500 -183565.7000 59288.0400
v -26099.0100 -183565.8000 59288.0400
v -26098.8300 -183565.4000 59288.0400
v -26098.8900 -183565.5000 59288.0400
v -26098.7100 -183565.2000 59288.0400
v -26098.7700 -183565.3000 59288.0400
v -26098.5800 -183564.9000 59288.0400
v -26098.6500 -183565.0000 59288.0400
v -26098.4500 -183564.7000 59288.0400
v -26098.5200 -183564.8000 59288.0400
v -26098.3200 -183564.4000 59288.0400
v -26098.3800 -183564.5000 59288.0400
v -26098.1800 -183564.2000 59288.0400
v -26098.2500 -183564.3000 59288.0400
v -26098.0300 -183564.0000 59288.0400
v -26098.1000 -183564.1000 59288.0400
v -26097.8800 -183563.7000 59288.0400
v -26097.9600 -183563.8000 59288.0400
v -26097.7300 -183563.5000 59288.0400
v -26097.8100 -183563.6000 59288.0400
v -26097.5800 -183563.3000 59288.0400
v -26097.6500 -183563.4000 59288.0400
v -26097.4200 -183563.0000 59288.0400
v -26097.5000 -183563.2000 59288.0400
v -26097.2500 -183562.8000 59288.0400
v -26097.3300 -183562.9000 59288.0400
v -26097.0800 -183562.6000 59288.0400
v -26097.1700 -183562.7000 59288.0400
v -26096.9100 -183562.4000 59288.0400
v -26097.0000 -183562.5000 59288.0400
v -26096.7400 -183562.2000 59288.0400
v -26096.8200 -183562.3000 59288.0400
v -26096.5600 -183562.0000 59288.0400
v -26096.6500 -183562.1000 59288.0400
v -26096.3800 -183561.8000 59288.0400
v -26096.4700 -183561.9000 59288.0400
v -26096.1900 -183561.5000 59288.0400
v -26096.2800 -183561.7000 59288.0400
v -26096.0000 -183561.4000 59288.0400
v -26096.1000 -183561.5000 59288.0400
v -26095.8100 -183561.2000 59288.0400
v -26095.9000 -183561.2000 59288.0400
v -26095.6100 -183561.0000 59288.0400
v -26095.7100 -183561.1000 59288.0400
v -26095.4100 -183560.8000 59288.0400
v -26095.5100 -183560.9000 59288.0400
v -26095.2100 -183560.6000 59288.0400
v -26095.3100 -183560.7000 59288.0400
v -26095.0000 -183560.4000 59288.0400
v -26095.1000 -183560.5000 59288.0400
v -26094.7900 -183560.2000 59288.0400
v -26094.9000 -183560.3000 59288.0400
v -26094.5800 -183560.0000 59288.0400
v -26094.6900 -183560.1000 59288.0400
v -26094.3600 -183559.9000 59288.0400
v -26094.4700 -183560.0000 59288.0400
v -26094.1400 -183559.7000 59288.0400
v -26094.2500 -183559.8000 59288.0400
v -26093.9200 -183559.5000 59288.0400
v -26094.0300 -183559.6000 59288.0400
v -26093.7000 -183559.4000 59288.0400
v -26093.8100 -183559.5000 59288.0400
v -26093.4700 -183559.2000 59288.0400
v -26093.5800 -183559.3000 59288.0400
v -26093.2400 -183559.1000 59288.0400
v -26093.3600 -183559.2000 59288.0400
v -26093.0100 -183558.9000 59288.0400
v -26093.1200 -183559.0000 59288.0400
v -26092.7800 -183558.8000 59288.0400
v -26092.8900 -183558.9000 59288.0400
v -26092.5400 -183558.7000 59288.0400
v -26092.6500 -183558.7000 59288.0400
v -26092.3000 -183558.5000 59288.0400
v -26092.4200 -183558.6000 59288.0400
v -26092.0500 -183558.4000 59288.0400
v -26092.1800 -183558.5000 59288.0400
v -26091.8100 -183558.2000 59288.0400
v -26091.9300 -183558.3000 59288.0400
v -26091.5600 -183558.1000 59288.0400
v -26091.6900 -183558.2000 59288.0400
v -26091.3200 -183558.0000 59288.0400
v -26091.4400 -183558.1000 59288.0400
v -26091.0600 -183557.9000 59288.0400
v -26091.1900 -183558.0000 59288.0400
v -26090.8100 -183557.8000 59288.0400
v -26090.9400 -183557.8000 59288.0400
v -26090.5600 -183557.7000 59288.0400
v -26090.6800 -183557.7000 59288.0400
v -26090.3000 -183557.6000 59288.0400
v -26090.4300 -183557.6000 59288.0400
v -26090.0400 -183557.5000 59288.0400
v -26090.1700 -183557.5000 59288.0400
v -26089.7800 -183557.4000 59288.0400
v -26089.9100 -183557.4000 59288.0400
v -26089.5200 -183557.3000 59288.0400
v -26089.6500 -183557.3000 59288.0400
v -26089.2600 -183557.2000 59288.0400
v -26089.3900 -183557.3000 59288.0400
v -26088.9900 -183557.1000 59288.0400
v -26089.1200 -183557.2000 59288.0400
v -26088.7300 -183557.1000 59288.0400
v -26088.8600 -183557.1000 59288.0400
v -26088.4600 -183557.0000 59288.0400
v -26088.5900 -183557.0000 59288.0400
v -26088.2000 -183556.9000 59288.0400
v -26088.3300 -183557.0000 59288.0400
v -26087.9300 -183556.9000 59288.0400
v -26088.0600 -183556.9000 59288.0400
v -26087.6600 -183556.8000 59288.0400
v -26087.7900 -183556.8000 59288.0400
v -26087.3800 -183556.8000 59288.0400
v -26087.5200 -183556.8000 59288.0400
v -26087.1100 -183556.7000 59288.0400
v -26087.2500 -183556.8000 59288.0400
v -26086.8400 -183556.7000 59288.0400
v -26086.9700 -183556.7000 59288.0400
v -26086.5700 -183556.7000 59288.0400
v -26086.7000 -183556.7000 59288.0400
v -26086.2900 -183556.6000 59288.0400
v -26086.4300 -183556.6000 59288.0400
v -26086.0200 -183556.6000 59288.0400
v -26086.1500 -183556.6000 59288.0400
v -26085.7400 -183556.6000 59288.0400
v -26085.8800 -183556.6000 59288.0400
v -26085.4700 -183556.6000 59288.0400
v -26085.6100 -183556.6000 59288.0400
v -26085.1900 -183556.5000 59288.0400
v -26085.3300 -183556.5000 59288.0400
v -26084.9200 -183556.5000 59288.0400
v -26085.0500 -183556.5000 59288.0400
v -26084.6400 -183556.5000 59288.0400
v -26084.7800 -183556.5000 59288.0400
v -26084.3700 -183556.5000 59288.0400
v -26084.5000 -183556.5000 59288.0400
v -26084.0900 -183556.5000 59288.0400
v -26084.2300 -183556.5000 59288.0400
v -26083.8200 -183556.6000 59288.0400
v -26083.9500 -183556.5000 59288.0400
v -26083.5400 -183556.6000 59288.0400
v -26083.6800 -183556.6000 59288.0400
v -26083.2700 -183556.6000 59288.0400
v -26083.4000 -183556.6000 59288.0400
v -26082.9900 -183556.6000 59288.0400
v -26083.1300 -183556.6000 59288.0400
v -26082.7200 -183556.7000 59288.0400
v -26082.8500 -183556.6000 59288.0400
v -26082.4500 -183556.7000 59288.0400
v -26082.5800 -183556.7000 59288.0400
v -26082.1700 -183556.7000 59288.0400
v -26082.3100 -183556.7000 59288.0400
v -26081.9000 -183556.8000 59288.0400
v -26082.0400 -183556.8000 59288.0400
v -26081.6300 -183556.8000 59288.0400
v -26081.7600 -183556.8000 59288.0400
v -26081.3600 -183556.9000 59288.0400
v -26081.4900 -183556.8000 59288.0400
v -26081.0900 -183556.9000 59288.0400
v -26081.2200 -183556.9000 59288.0400
v -26080.8200 -183557.0000 59288.0400
v -26080.9600 -183557.0000 59288.0400
v -26080.5600 -183557.1000 59288.0400
v -26080.6900 -183557.0000 59288.0400
v -26080.2900 -183557.1000 59288.0400
v -26080.4200 -183557.1000 59288.0400
v -26080.0300 -183557.2000 59288.0400
v -26080.1600 -183557.2000 59288.0400
v -26079.7600 -183557.3000 59288.0400
v -26079.8900 -183557.3000 59288.0400
v -26079.5000 -183557.4000 59288.0400
v -26079.6300 -183557.3000 59288.0400
v -26079.2400 -183557.5000 59288.0400
v -26079.3700 -183557.4000 59288.0400
v -26078.9800 -183557.6000 59288.0400
v -26079.1100 -183557.5000 59288.0400
v -26078.7300 -183557.7000 59288.0400
v -26078.8600 -183557.6000 59288.0400
v -26078.4700 -183557.8000 59288.0400
v -26078.6000 -183557.7000 59288.0400
v -26078.2200 -183557.9000 59288.0400
v -26078.3500 -183557.8000 59288.0400
v -26077.9700 -183558.0000 59288.0400
v -26078.0900 -183558.0000 59288.0400
v -26077.7200 -183558.1000 59288.0400
v -26077.8400 -183558.1000 59288.0400
v -26077.4700 -183558.2000 59288.0400
v -26077.6000 -183558.2000 59288.0400
v -26077.2300 -183558.4000 59288.0400
v -26077.3500 -183558.3000 59288.0400
v -26076.9900 -183558.5000 59288.0400
v -26077.1100 -183558.5000 59288.0400
v -26076.7500 -183558.7000 59288.0400
v -26076.8700 -183558.6000 59288.0400
v -26076.5100 -183558.8000 59288.0400
v -26076.6300 -183558.7000 59288.0400
v -26076.2800 -183558.9000 59288.0400
v -26076.3900 -183558.9000 59288.0400
v -26076.0400 -183559.1000 59288.0400
v -26076.1600 -183559.0000 59288.0400
v -26075.8100 -183559.2000 59288.0400
v -26075.9300 -183559.2000 59288.0400
v -26075.5900 -183559.4000 59288.0400
v -26075.7000 -183559.3000 59288.0400
v -26075.3600 -183559.5000 59288.0400
v -26075.4700 -183559.5000 59288.0400
v -26075.1400 -183559.7000 59288.0400
v -26075.2500 -183559.6000 59288.0400
v -26074.9200 -183559.9000 59288.0400
v -26075.0300 -183559.8000 59288.0400
v -26074.7100 -183560.0000 59288.0400
v -26074.8100 -183560.0000 59288.0400
v -26074.4900 -183560.2000 59288.0400
v -26074.6000 -183560.1000 59288.0400
v -26074.2800 -183560.4000 59288.0400
v -26074.3900 -183560.3000 59288.0400
v -26074.0800 -183560.6000 59288.0400
v -26074.1800 -183560.5000 59288.0400
v -26073.8800 -183560.8000 59288.0400
v -26073.9700 -183560.7000 59288.0400
v -26073.6700 -183561.0000 59288.0400
v -26073.7700 -183560.9000 59288.0400
v -26073.4800 -183561.2000 59288.0400
v -26073.5700 -183561.1000 59288.0400
v -26073.2900 -183561.4000 59288.0400
v -26073.3800 -183561.2000 59288.0400
v -26073.1000 -183561.5000 59288.0400
v -26073.1900 -183561.5000 59288.0400
v -26072.9100 -183561.8000 59288.0400
v -26073.0000 -183561.7000 59288.0400
v -26072.7300 -183562.0000 59288.0400
v -26072.8200 -183561.9000 59288.0400
v -26072.5500 -183562.2000 59288.0400
v -26072.6300 -183562.1000 59288.0400
v -26072.3700 -183562.4000 59288.0400
v -26072.4600 -183562.3000 59288.0400
v -26072.2000 -183562.6000 59288.0400
v -26072.2900 -183562.5000 59288.0400
v -26072.0300 -183562.8000 59288.0400
v -26072.1200 -183562.7000 59288.0400
v -26071.8700 -183563.0000 59288.0400
v -26071.9500 -183562.9000 59288.0400
v -26071.7100 -183563.3000 59288.0400
v -26071.7900 -183563.2000 59288.0400
v -26071.5500 -183563.5000 59288.0400
v -26071.6300 -183563.4000 59288.0400
v -26071.4000 -183563.7000 59288.0400
v -26071.4700 -183563.6000 59288.0400
v -26071.2500 -183564.0000 59288.0400
v -26071.3300 -183563.8000 59288.0400
v -26071.1100 -183564.2000 59288.0400
v -26071.1800 -183564.1000 59288.0400
v -26070.9700 -183564.4000 59288.0400
v -26071.0400 -183564.3000 59288.0400
v -26070.8300 -183564.7000 59288.0400
v -26070.9000 -183564.5000 59288.0400
v -26070.7000 -183564.9000 59288.0400
v -26070.7700 -183564.8000 59288.0400
v -26070.5700 -183565.2000 59288.0400
v -26070.6400 -183565.0000 59288.0400
v -26070.4500 -183565.4000 59288.0400
v -26070.5100 -183565.3000 59288.0400
v -26070.3300 -183565.7000 59288.0400
v -26070.3900 -183565.5000 59288.0400
v -26070.2200 -183565.9000 59288.0400
v -26070.2800 -183565.8000 59288.0400
v -26070.1100 -183566.2000 59288.0400
v -26070.1600 -183566.0000 59288.0400
v -26070.0000 -183566.4000 59288.0400
v -26070.0500 -183566.3000 59288.0400
v -26069.9000 -183566.7000 59288.0400
v -26069.9500 -183566.5000 59288.0400
v -26069.8100 -183566.9000 59288.0400
v -26069.8500 -183566.8000 59288.0400
v -26069.7100 -183567.2000 59288.0400
v -26069.7600 -183567.0000 59288.0400
v -26069.6300 -183567.4000 59288.0400
v -26069.6700 -183567.3000 59288.0400
v -26069.5400 -183567.7000 59288.0400
v -26069.5800 -183567.6000 59288.0400
v -26069.4600 -183568.0000 59288.0400
v -26069.5000 -183567.8000 59288.0400
v -26069.3900 -183568.2000 59288.0400
v -26069.4300 -183568.1000 59288.0400
v -26069.3200 -183568.5000 59288.0400
v -26069.3600 -183568.4000 59288.0400
v -26069.2600 -183568.8000 59288.0400
v -26069.2900 -183568.6000 59288.0400
v -26069.2000 -183569.0000 59288.0400
v -26069.2300 -183568.9000 59288.0400
v -26069.1400 -183569.3000 59288.0400
v -26069.1700 -183569.2000 59288.0400
v -26069.0500 -183569.9000 59288.0400
v -26069.0900 -183569.6000 59288.0400
v -26068.9700 -183570.4000 59288.0400
v -26069.0100 -183570.1000 59288.0400
v -26068.9100 -183571.0000 59288.0400
v -26068.9400 -183570.7000 59288.0400
v -26068.8800 -183571.5000 59288.0400
v -26068.8900 -183571.2000 59288.0400
v -26068.8600 -183572.0000 59288.0400
v -26068.8600 -183571.8000 59288.0400
v -26068.8600 -183572.6000 59288.0400
v -26068.8600 -183572.3000 59288.0400
v -26068.8800 -183573.2000 59288.0400
v -26068.8700 -183572.9000 59288.0400
v -26068.9100 -183573.7000 59288.0400
v -26068.8900 -183573.4000 59288.0400
v -26068.9700 -183574.2000 59288.0400
v -26068.9400 -183574.0000 59288.0400
v -26069.0500 -183574.8000 59288.0400
v -26069.0100 -183574.5000 59288.0400
v -26069.1400 -183575.3000 59288.0400
v -26069.1000 -183575.1000 59288.0400
v -26069.2000 -183575.6000 59288.0400
v -26069.1700 -183575.5000 59288.0400
v -26069.2600 -183575.9000 59288.0400
v -26069.2300 -183575.7000 59288.0400
v -26069.3200 -183576.1000 59288.0400
v -26069.2900 -183576.0000 59288.0400
v -26069.3900 -183576.4000 59288.0400
v -26069.3600 -183576.3000 59288.0400
v -26069.4600 -183576.7000 59288.0400
v -26069.4300 -183576.5000 59288.0400
v -26069.5400 -183576.9000 59288.0400
v -26069.5000 -183576.8000 59288.0400
v -26069.6300 -183577.2000 59288.0400
v -26069.5800 -183577.1000 59288.0400
v -26069.7100 -183577.5000 59288.0400
v -26069.6700 -183577.3000 59288.0400
v -26069.8100 -183577.7000 59288.0400
v -26069.7600 -183577.6000 59288.0400
v -26069.9000 -183578.0000 59288.0400
v -26069.8500 -183577.9000 59288.0400
v -26070.0000 -183578.2000 59288.0400
v -26069.9500 -183578.1000 59288.0400
v -26070.1100 -183578.5000 59288.0400
v -26070.0600 -183578.4000 59288.0400
v -26070.2200 -183578.8000 59288.0400
v -26070.1600 -183578.6000 59288.0400
v -26070.3300 -183579.0000 59288.0400
v -26070.2800 -183578.9000 59288.0400
v -26070.4500 -183579.2000 59288.0400
v -26070.3900 -183579.1000 59288.0400
v -26070.5700 -183579.5000 59288.0400
v -26070.5100 -183579.4000 59288.0400
v -26070.7000 -183579.7000 59288.0400
v -26070.6400 -183579.6000 59288.0400
v -26070.8300 -183580.0000 59288.0400
v -26070.7700 -183579.9000 59288.0400
v -26070.9700 -183580.2000 59288.0400
v -26070.9000 -183580.1000 59288.0400
v -26071.1100 -183580.5000 59288.0400
v -26071.0400 -183580.3000 59288.0400
v -26071.2500 -183580.7000 59288.0400
v -26071.1800 -183580.6000 59288.0400
v -26071.4000 -183580.9000 59288.0400
v -26071.3300 -183580.8000 59288.0400
v -26071.5500 -183581.2000 59288.0400
v -26071.4800 -183581.0000 59288.0400
v -26071.7100 -183581.4000 59288.0400
v -26071.6300 -183581.3000 59288.0400
v -26071.8700 -183581.6000 59288.0400
v -26071.7900 -183581.5000 59288.0400
v -26072.0300 -183581.8000 59288.0400
v -26071.9500 -183581.7000 59288.0400
v -26072.2000 -183582.0000 59288.0400
v -26072.1200 -183581.9000 59288.0400
v -26072.3700 -183582.3000 59288.0400
v -26072.2900 -183582.2000 59288.0400
v -26072.5500 -183582.5000 59288.0400
v -26072.4600 -183582.4000 59288.0400
v -26072.7300 -183582.7000 59288.0400
v -26072.6400 -183582.6000 59288.0400
v -26072.9100 -183582.9000 59288.0400
v -26072.8200 -183582.8000 59288.0400
v -26073.1000 -183583.1000 59288.0400
v -26073.0000 -183583.0000 59288.0400
v -26073.2900 -183583.3000 59288.0400
v -26073.1900 -183583.2000 59288.0400
v -26073.4800 -183583.5000 59288.0400
v -26073.3800 -183583.4000 59288.0400
v -26073.6700 -183583.7000 59288.0400
v -26073.5800 -183583.6000 59288.0400
v -26073.8800 -183583.9000 59288.0400
v -26073.7800 -183583.8000 59288.0400
v -26074.0800 -183584.1000 59288.0400
v -26073.9800 -183584.0000 59288.0400
v -26074.2800 -183584.2000 59288.0400
v -26074.1800 -183584.2000 59288.0400
v -26074.4900 -183584.4000 59288.0400
v -26074.3900 -183584.3000 59288.0400
v -26074.7100 -183584.6000 59288.0400
v -26074.6000 -183584.5000 59288.0400
v -26074.9200 -183584.8000 59288.0400
v -26074.8100 -183584.7000 59288.0400
v -26075.1400 -183584.9000 59288.0400
v -26075.0300 -183584.8000 59288.0400
v -26075.3600 -183585.1000 59288.0400
v -26075.2500 -183585.0000 59288.0400
v -26075.5900 -183585.2000 59288.0400
v -26075.4700 -183585.2000 59288.0400
v -26075.8100 -183585.4000 59288.0400
v -26075.7000 -183585.3000 59288.0400
v -26076.0400 -183585.6000 59288.0400
v -26075.9300 -183585.5000 59288.0400
v -26076.2800 -183585.7000 59288.0400
v -26076.1600 -183585.6000 59288.0400
v -26076.5100 -183585.9000 59288.0400
v -26076.3900 -183585.8000 59288.0400
v -26076.7500 -183586.0000 59288.0400
v -26076.6300 -183585.9000 59288.0400
v -26076.9900 -183586.1000 59288.0400
v -26076.8700 -183586.1000 59288.0400
v -26077.2300 -183586.3000 59288.0400
v -26077.1100 -183586.2000 59288.0400
v -26077.4700 -183586.4000 59288.0400
v -26077.3500 -183586.3000 59288.0400
v -26077.7200 -183586.5000 59288.0400
v -26077.6000 -183586.5000 59288.0400
v -26077.9700 -183586.6000 59288.0400
v -26077.8500 -183586.6000 59288.0400
v -26078.2200 -183586.8000 59288.0400
v -26078.1000 -183586.7000 59288.0400
v -26078.4700 -183586.9000 59288.0400
v -26078.3500 -183586.8000 59288.0400
v -26078.7300 -183587.0000 59288.0400
v -26078.6000 -183586.9000 59288.0400
v -26078.9800 -183587.1000 59288.0400
v -26078.8600 -183587.0000 59288.0400
v -26079.2400 -183587.2000 59288.0400
v -26079.1200 -183587.1000 59288.0400
v -26079.5000 -183587.2000 59288.0400
v -26079.3700 -183587.2000 59288.0400
v -26079.7600 -183587.3000 59288.0400
v -26079.6300 -183587.3000 59288.0400
v -26080.0300 -183587.4000 59288.0400
v -26079.9000 -183587.4000 59288.0400
v -26080.2900 -183587.5000 59288.0400
v -26080.1600 -183587.5000 59288.0400
v -26080.5600 -183587.6000 59288.0400
v -26080.4200 -183587.5000 59288.0400
v -26080.8200 -183587.6000 59288.0400
v -26080.6900 -183587.6000 59288.0400
v -26081.0900 -183587.7000 59288.0400
v -26080.9600 -183587.7000 59288.0400
v -26081.3600 -183587.8000 59288.0400
v -26081.2300 -183587.7000 59288.0400
v -26081.6300 -183587.8000 59288.0400
v -26081.5000 -183587.8000 59288.0400
v -26081.9000 -183587.9000 59288.0400
v -26081.7700 -183587.8000 59288.0400
v -26082.1700 -183587.9000 59288.0400
v -26082.0400 -183587.9000 59288.0400
v -26082.4500 -183588.0000 59288.0400
v -26082.3100 -183587.9000 59288.0400
v -26082.7200 -183588.0000 59288.0400
v -26082.5800 -183588.0000 59288.0400
v -26082.9900 -183588.0000 59288.0400
v -26082.8600 -183588.0000 59288.0400
v -26083.2700 -183588.0000 59288.0400
v -26083.1300 -183588.0000 59288.0400
v -26083.5400 -183588.1000 59288.0400
v -26083.4100 -183588.1000 59288.0400
v -26083.8200 -183588.1000 59288.0400
v -26083.6800 -183588.1000 59288.0400
v -26084.0900 -183588.1000 59288.0400
v -26083.9600 -183588.1000 59288.0400
v -26084.3700 -183588.1000 59288.0400
v -26084.2300 -183588.1000 59288.0400
v -26084.6400 -183588.1000 59288.0400
v -26084.5100 -183588.1000 59288.0400
v -26084.9200 -183588.1000 59288.0400
v -26084.7800 -183588.1000 59288.0400
v -26085.1900 -183588.1000 59288.0400
v -26085.0600 -183588.1000 59288.0400
v -26085.4700 -183588.1000 59288.0400
v -26085.3300 -183588.1000 59288.0400
v -26085.7400 -183588.1000 59288.0400
v -26085.6100 -183588.1000 59288.0400
v -26086.0200 -183588.0000 59288.0400
v -26085.8800 -183588.1000 59288.0400
v -26086.2900 -183588.0000 59288.0400
v -26086.1600 -183588.0000 59288.0400
v -26086.5700 -183588.0000 59288.0400
v -26086.4300 -183588.0000 59288.0400
v -26086.8400 -183588.0000 59288.0400
v -26086.7100 -183588.0000 59288.0400
v -26087.1100 -183587.9000 59288.0400
v -26086.9800 -183587.9000 59288.0400
v -26087.3800 -183587.9000 59288.0400
v -26087.2500 -183587.9000 59288.0400
v -26087.6600 -183587.8000 59288.0400
v -26087.5200 -183587.8000 59288.0400
v -26087.9300 -183587.8000 59288.0400
v -26087.7900 -183587.8000 59288.0400
v -26088.2000 -183587.7000 59288.0400
v -26088.0600 -183587.7000 59288.0400
v -26088.4600 -183587.6000 59288.0400
v -26088.3300 -183587.7000 59288.0400
v -26088.7300 -183587.6000 59288.0400
v -26088.6000 -183587.6000 59288.0400
v -26088.9900 -183587.5000 59288.0400
v -26088.8600 -183587.5000 59288.0400
v -26089.2600 -183587.4000 59288.0400
v -26089.1300 -183587.5000 59288.0400
v -26089.5200 -183587.3000 59288.0400
v -26089.3900 -183587.4000 59288.0400
v -26089.7800 -183587.2000 59288.0400
v -26089.6500 -183587.3000 59288.0400
v -26090.0400 -183587.2000 59288.0400
v -26089.9100 -183587.2000 59288.0400
v -26090.3000 -183587.1000 59288.0400
v -26090.1700 -183587.1000 59288.0400
v -26090.5600 -183587.0000 59288.0400
v -26090.4300 -183587.0000 59288.0400
v -26090.8100 -183586.9000 59288.0400
v -26090.6900 -183586.9000 59288.0400
v -26091.0600 -183586.8000 59288.0400
v -26090.9400 -183586.8000 59288.0400
v -26091.3200 -183586.6000 59288.0400
v -26091.1900 -183586.7000 59288.0400
v -26091.5600 -183586.5000 59288.0400
v -26091.4400 -183586.6000 59288.0400
v -26091.8100 -183586.4000 59288.0400
v -26091.6900 -183586.5000 59288.0400
v -26092.0500 -183586.3000 59288.0400
v -26091.9400 -183586.3000 59288.0400
v -26092.3000 -183586.1000 59288.0400
v -26092.1800 -183586.2000 59288.0400
v -26092.5400 -183586.0000 59288.0400
v -26092.4200 -183586.1000 59288.0400
v -26092.7800 -183585.9000 59288.0400
v -26092.6600 -183585.9000 59288.0400
v -26093.0100 -183585.7000 59288.0400
v -26092.8900 -183585.8000 59288.0400
v -26093.2400 -183585.6000 59288.0400
v -26093.1300 -183585.6000 59288.0400
v -26093.4700 -183585.4000 59288.0400
v -26093.3600 -183585.5000 59288.0400
v -26093.7000 -183585.2000 59288.0400
v -26093.5900 -183585.3000 59288.0400
v -26093.9200 -183585.1000 59288.0400
v -26093.8100 -183585.2000 59288.0400
v -26094.1400 -183584.9000 59288.0400
v -26094.0400 -183585.0000 59288.0400
v -26094.3600 -183584.8000 59288.0400
v -26094.2600 -183584.8000 59288.0400
v -26094.5800 -183584.6000 59288.0400
v -26094.4700 -183584.7000 59288.0400
v -26094.7900 -183584.4000 59288.0400
v -26094.6900 -183584.5000 59288.0400
v -26095.0000 -183584.2000 59288.0400
v -26094.9000 -183584.3000 59288.0400
v -26095.2100 -183584.1000 59288.0400
v -26095.1100 -183584.1000 59288.0400
v -26095.4100 -183583.9000 59288.0400
v -26095.3100 -183584.0000 59288.0400
v -26095.6100 -183583.7000 59288.0400
v -26095.5100 -183583.8000 59288.0400
v -26095.8100 -183583.5000 59288.0400
v -26095.7100 -183583.6000 59288.0400
v -26096.0000 -183583.3000 59288.0400
v -26095.9100 -183583.4000 59288.0400
v -26096.1900 -183583.1000 59288.0400
v -26096.1000 -183583.2000 59288.0400
v -26096.3800 -183582.9000 59288.0400
v -26096.2900 -183583.0000 59288.0400
v -26096.5600 -183582.7000 59288.0400
v -26096.4700 -183582.8000 59288.0400
v -26096.7400 -183582.5000 59288.0400
v -26096.6500 -183582.6000 59288.0400
v -26096.9100 -183582.3000 59288.0400
v -26096.8300 -183582.4000 59288.0400
v -26097.0800 -183582.0000 59288.0400
v -26097.0000 -183582.2000 59288.0400
v -26097.2500 -183581.8000 59288.0400
v -26097.1700 -183581.9000 59288.0400
v -26097.4200 -183581.6000 59288.0400
v -26097.3400 -183581.7000 59288.0400
v -26097.5800 -183581.4000 59288.0400
v -26097.5000 -183581.5000 59288.0400
v -26097.7300 -183581.2000 59288.0400
v -26097.6600 -183581.3000 59288.0400
v -26097.8800 -183580.9000 59288.0400
v -26097.8100 -183581.0000 59288.0400
v -26098.0300 -183580.7000 59288.0400
v -26097.9600 -183580.8000 59288.0400
v -26098.1800 -183580.5000 59288.0400
v -26098.1100 -183580.6000 59288.0400
v -26098.3200 -183580.2000 59288.0400
v -26098.2500 -183580.3000 59288.0400
v -26098.4500 -183580.0000 59288.0400
v -26098.3900 -183580.1000 59288.0400
v -26098.5800 -183579.7000 59288.0400
v -26098.5200 -183579.9000 59288.0400
v -26098.7100 -183579.5000 59288.0400
v -26098.6500 -183579.6000 59288.0400
v -26098.8300 -183579.2000 59288.0400
v -26098.7700 -183579.4000 59288.0400
v -26098.9500 -183579.0000 59288.0400
v -26098.8900 -183579.1000 59288.0400
v -26099.0700 -183578.8000 59288.0400
v -26099.0100 -183578.9000 59288.0400
v -26099.1800 -183578.5000 59288.0400
v -26099.1200 -183578.6000 59288.0400
v -26099.2800 -183578.2000 59288.0400
v -26099.2300 -183578.4000 59288.0400
v -26099.3800 -183578.0000 59288.0400
v -26099.3300 -183578.1000 59288.0400
v -26099.4800 -183577.7000 59288.0400
v -26099.4300 -183577.8000 59288.0400
v -26099.5700 -183577.5000 59288.0400
v -26099.5300 -183577.6000 59288.0400
v -26099.6600 -183577.2000 59288.0400
v -26099.6200 -183577.3000 59288.0400
v -26099.7400 -183576.9000 59288.0400
v -26099.7000 -183577.1000 59288.0400
v -26099.8200 -183576.7000 59288.0400
v -26099.7800 -183576.8000 59288.0400
v -26099.8900 -183576.4000 59288.0400
v -26099.8600 -183576.5000 59288.0400
v -26099.9600 -183576.1000 59288.0400
v -26099.9300 -183576.3000 59288.0400
v -26100.0300 -183575.9000 59288.0400
v -26100.0000 -183576.0000 59288.0400
v -26100.0900 -183575.6000 59288.0400
v -26100.0600 -183575.7000 59288.0400
v -26100.1400 -183575.3000 59288.0400
v -26100.1200 -183575.5000 59288.0400
v -26100.2400 -183574.8000 59288.0400
v -26100.1900 -183575.1000 59288.0400
v -26100.3100 -183574.2000 59288.0400
v -26100.2800 -183574.5000 59288.0400
v -26100.3700 -183573.7000 59288.0400
v -26100.3400 -183574.0000 59288.0400
v -26100.4100 -183573.2000 59288.0400
v -26100.3900 -183573.4000 59288.0400
v -26100.4300 -183572.6000 59288.0400
v -26100.4200 -183572.9000 59288.0400
v -26100.4300 -183572.3000 59394.6100
v -26100.4200 -183572.9000 59394.6100
v -26100.4300 -183572.6000 59394.6100
v -26100.3900 -183573.4000 59394.6100
v -26100.4100 -183573.2000 59394.6100
v -26100.3500 -183574.0000 59394.6100
v -26100.3700 -183573.7000 59394.6100
v -26100.2800 -183574.5000 59394.6100
v -26100.3100 -183574.2000 59394.6100
v -26100.1900 -183575.1000 59394.6100
v -26100.2300 -183574.8000 59394.6100
v -26100.0900 -183575.6000 59394.6100
v -26100.1400 -183575.3000 59394.6100
v -26100.0300 -183575.9000 59394.6100
v -26100.0600 -183575.7000 59394.6100
v -26099.9600 -183576.1000 59394.6100
v -26099.9900 -183576.0000 59394.6100
v -26099.8900 -183576.4000 59394.6100
v -26099.9300 -183576.3000 59394.6100
v -26099.8200 -183576.7000 59394.6100
v -26099.8600 -183576.5000 59394.6100
v -26099.7400 -183576.9000 59394.6100
v -26099.7800 -183576.8000 59394.6100
v -26099.6600 -183577.2000 59394.6100
v -26099.7000 -183577.1000 59394.6100
v -26099.5700 -183577.5000 59394.6100
v -26099.6200 -183577.3000 59394.6100
v -26099.4800 -183577.7000 59394.6100
v -26099.5300 -183577.6000 59394.6100
v -26099.3800 -183578.0000 59394.6100
v -26099.4300 -183577.9000 59394.6100
v -26099.2800 -183578.2000 59394.6100
v -26099.3300 -183578.1000 59394.6100
v -26099.1800 -183578.5000 59394.6100
v -26099.2300 -183578.4000 59394.6100
v -26099.0700 -183578.8000 59394.6100
v -26099.1200 -183578.6000 59394.6100
v -26098.9500 -183579.0000 59394.6100
v -26099.0100 -183578.9000 59394.6100
v -26098.8300 -183579.2000 59394.6100
v -26098.8900 -183579.1000 59394.6100
v -26098.7100 -183579.5000 59394.6100
v -26098.7700 -183579.4000 59394.6100
v -26098.5800 -183579.7000 59394.6100
v -26098.6500 -183579.6000 59394.6100
v -26098.4500 -183580.0000 59394.6100
v -26098.5200 -183579.9000 59394.6100
v -26098.3200 -183580.2000 59394.6100
v -26098.3800 -183580.1000 59394.6100
v -26098.1800 -183580.5000 59394.6100
v -26098.2500 -183580.3000 59394.6100
v -26098.0300 -183580.7000 59394.6100
v -26098.1000 -183580.6000 59394.6100
v -26097.8800 -183580.9000 59394.6100
v -26097.9600 -183580.8000 59394.6100
v -26097.7300 -183581.2000 59394.6100
v -26097.8100 -183581.0000 59394.6100
v -26097.5800 -183581.4000 59394.6100
v -26097.6500 -183581.3000 59394.6100
v -26097.4200 -183581.6000 59394.6100
v -26097.5000 -183581.5000 59394.6100
v -26097.2500 -183581.8000 59394.6100
v -26097.3300 -183581.7000 59394.6100
v -26097.0800 -183582.0000 59394.6100
v -26097.1700 -183581.9000 59394.6100
v -26096.9100 -183582.3000 59394.6100
v -26097.0000 -183582.2000 59394.6100
v -26096.7400 -183582.5000 59394.6100
v -26096.8200 -183582.4000 59394.6100
v -26096.5600 -183582.7000 59394.6100
v -26096.6500 -183582.6000 59394.6100
v -26096.3800 -183582.9000 59394.6100
v -26096.4700 -183582.8000 59394.6100
v -26096.1900 -183583.1000 59394.6100
v -26096.2800 -183583.0000 59394.6100
v -26096.0000 -183583.3000 59394.6100
v -26096.0900 -183583.2000 59394.6100
v -26095.8100 -183583.5000 59394.6100
v -26095.9000 -183583.4000 59394.6100
v -26095.6100 -183583.7000 59394.6100
v -26095.7100 -183583.6000 59394.6100
v -26095.4100 -183583.9000 59394.6100
v -26095.5100 -183583.8000 59394.6100
v -26095.2100 -183584.1000 59394.6100
v -26095.3100 -183584.0000 59394.6100
v -26095.0000 -183584.2000 59394.6100
v -26095.1000 -183584.2000 59394.6100
v -26094.7900 -183584.4000 59394.6100
v -26094.8900 -183584.3000 59394.6100
v -26094.5800 -183584.6000 59394.6100
v -26094.6800 -183584.5000 59394.6100
v -26094.3600 -183584.8000 59394.6100
v -26094.4700 -183584.7000 59394.6100
v -26094.1400 -183584.9000 59394.6100
v -26094.2500 -183584.8000 59394.6100
v -26093.9200 -183585.1000 59394.6100
v -26094.0300 -183585.0000 59394.6100
v -26093.7000 -183585.2000 59394.6100
v -26093.8100 -183585.2000 59394.6100
v -26093.4700 -183585.4000 59394.6100
v -26093.5800 -183585.3000 59394.6100
v -26093.2400 -183585.6000 59394.6100
v -26093.3600 -183585.5000 59394.6100
v -26093.0100 -183585.7000 59394.6100
v -26093.1200 -183585.6000 59394.6100
v -26092.7800 -183585.9000 59394.6100
v -26092.8900 -183585.8000 59394.6100
v -26092.5400 -183586.0000 59394.6100
v -26092.6500 -183585.9000 59394.6100
v -26092.3000 -183586.1000 59394.6100
v -26092.4200 -183586.1000 59394.6100
v -26092.0500 -183586.3000 59394.6100
v -26092.1700 -183586.2000 59394.6100
v -26091.8100 -183586.4000 59394.6100
v -26091.9300 -183586.3000 59394.6100
v -26091.5600 -183586.5000 59394.6100
v -26091.6900 -183586.5000 59394.6100
v -26091.3200 -183586.6000 59394.6100
v -26091.4400 -183586.6000 59394.6100
v -26091.0600 -183586.8000 59394.6100
v -26091.1900 -183586.7000 59394.6100
v -26090.8100 -183586.9000 59394.6100
v -26090.9400 -183586.8000 59394.6100
v -26090.5600 -183587.0000 59394.6100
v -26090.6800 -183586.9000 59394.6100
v -26090.3000 -183587.1000 59394.6100
v -26090.4300 -183587.0000 59394.6100
v -26090.0400 -183587.2000 59394.6100
v -26090.1700 -183587.1000 59394.6100
v -26089.7800 -183587.2000 59394.6100
v -26089.9100 -183587.2000 59394.6100
v -26089.5200 -183587.3000 59394.6100
v -26089.6500 -183587.3000 59394.6100
v -26089.2600 -183587.4000 59394.6100
v -26089.3900 -183587.4000 59394.6100
v -26088.9900 -183587.5000 59394.6100
v -26089.1200 -183587.5000 59394.6100
v -26088.7300 -183587.6000 59394.6100
v -26088.8600 -183587.5000 59394.6100
v -26088.4600 -183587.6000 59394.6100
v -26088.5900 -183587.6000 59394.6100
v -26088.2000 -183587.7000 59394.6100
v -26088.3300 -183587.7000 59394.6100
v -26087.9300 -183587.8000 59394.6100
v -26088.0600 -183587.7000 59394.6100
v -26087.6600 -183587.8000 59394.6100
v -26087.7900 -183587.8000 59394.6100
v -26087.3800 -183587.9000 59394.6100
v -26087.5200 -183587.8000 59394.6100
v -26087.1100 -183587.9000 59394.6100
v -26087.2500 -183587.9000 59394.6100
v -26086.8400 -183588.0000 59394.6100
v -26086.9700 -183587.9000 59394.6100
v -26086.5700 -183588.0000 59394.6100
v -26086.7000 -183588.0000 59394.6100
v -26086.2900 -183588.0000 59394.6100
v -26086.4300 -183588.0000 59394.6100
v -26086.0200 -183588.0000 59394.6100
v -26086.1500 -183588.0000 59394.6100
v -26085.7400 -183588.1000 59394.6100
v -26085.8800 -183588.1000 59394.6100
v -26085.4700 -183588.1000 59394.6100
v -26085.6100 -183588.1000 59394.6100
v -26085.1900 -183588.1000 59394.6100
v -26085.3300 -183588.1000 59394.6100
v -26084.9200 -183588.1000 59394.6100
v -26085.0500 -183588.1000 59394.6100
v -26084.6400 -183588.1000 59394.6100
v -26084.7800 -183588.1000 59394.6100
v -26084.3700 -183588.1000 59394.6100
v -26084.5000 -183588.1000 59394.6100
v -26084.0900 -183588.1000 59394.6100
v -26084.2300 -183588.1000 59394.6100
v -26083.8200 -183588.1000 59394.6100
v -26083.9500 -183588.1000 59394.6100
v -26083.5400 -183588.1000 59394.6100
v -26083.6800 -183588.1000 59394.6100
v -26083.2700 -183588.0000 59394.6100
v -26083.4000 -183588.1000 59394.6100
v -26082.9900 -183588.0000 59394.6100
v -26083.1300 -183588.0000 59394.6100
v -26082.7200 -183588.0000 59394.6100
v -26082.8500 -183588.0000 59394.6100
v -26082.4500 -183588.0000 59394.6100
v -26082.5800 -183588.0000 59394.6100
v -26082.1700 -183587.9000 59394.6100
v -26082.3100 -183587.9000 59394.6100
v -26081.9000 -183587.9000 59394.6100
v -26082.0400 -183587.9000 59394.6100
v -26081.6300 -183587.8000 59394.6100
v -26081.7600 -183587.8000 59394.6100
v -26081.3600 -183587.8000 59394.6100
v -26081.4900 -183587.8000 59394.6100
v -26081.0900 -183587.7000 59394.6100
v -26081.2200 -183587.7000 59394.6100
v -26080.8200 -183587.6000 59394.6100
v -26080.9600 -183587.7000 59394.6100
v -26080.5600 -183587.6000 59394.6100
v -26080.6900 -183587.6000 59394.6100
v -26080.2900 -183587.5000 59394.6100
v -26080.4200 -183587.5000 59394.6100
v -26080.0300 -183587.4000 59394.6100
v -26080.1600 -183587.5000 59394.6100
v -26079.7600 -183587.3000 59394.6100
v -26079.8900 -183587.4000 59394.6100
v -26079.5000 -183587.2000 59394.6100
v -26079.6300 -183587.3000 59394.6100
v -26079.2400 -183587.2000 59394.6100
v -26079.3700 -183587.2000 59394.6100
v -26078.9800 -183587.1000 59394.6100
v -26079.1100 -183587.1000 59394.6100
v -26078.7300 -183587.0000 59394.6100
v -26078.8600 -183587.0000 59394.6100
v -26078.4700 -183586.9000 59394.6100
v -26078.6000 -183586.9000 59394.6100
v -26078.2200 -183586.8000 59394.6100
v -26078.3500 -183586.8000 59394.6100
v -26077.9700 -183586.6000 59394.6100
v -26078.0900 -183586.7000 59394.6100
v -26077.7200 -183586.5000 59394.6100
v -26077.8400 -183586.6000 59394.6100
v -26077.4700 -183586.4000 59394.6100
v -26077.6000 -183586.5000 59394.6100
v -26077.2300 -183586.3000 59394.6100
v -26077.3500 -183586.3000 59394.6100
v -26076.9900 -183586.1000 59394.6100
v -26077.1100 -183586.2000 59394.6100
v -26076.7500 -183586.0000 59394.6100
v -26076.8700 -183586.1000 59394.6100
v -26076.5100 -183585.9000 59394.6100
v -26076.6300 -183585.9000 59394.6100
v -26076.2800 -183585.7000 59394.6100
v -26076.3900 -183585.8000 59394.6100
v -26076.0400 -183585.6000 59394.6100
v -26076.1600 -183585.6000 59394.6100
v -26075.8100 -183585.4000 59394.6100
v -26075.9300 -183585.5000 59394.6100
v -26075.5900 -183585.2000 59394.6100
v -26075.7000 -183585.3000 59394.6100
v -26075.3600 -183585.1000 59394.6100
v -26075.4700 -183585.2000 59394.6100
v -26075.1400 -183584.9000 59394.6100
v -26075.2500 -183585.0000 59394.6100
v -26074.9200 -183584.8000 59394.6100
v -26075.0300 -183584.8000 59394.6100
v -26074.7100 -183584.6000 59394.6100
v -26074.8100 -183584.7000 59394.6100
v -26074.4900 -183584.4000 59394.6100
v -26074.6000 -183584.5000 59394.6100
v -26074.2800 -183584.2000 59394.6100
v -26074.3900 -183584.3000 59394.6100
v -26074.0800 -183584.1000 59394.6100
v -26074.1800 -183584.1000 59394.6100
v -26073.8800 -183583.9000 59394.6100
v -26073.9700 -183584.0000 59394.6100
v -26073.6700 -183583.7000 59394.6100
v -26073.7700 -183583.8000 59394.6100
v -26073.4800 -183583.5000 59394.6100
v -26073.5800 -183583.6000 59394.6100
v -26073.2900 -183583.3000 59394.6100
v -26073.3800 -183583.4000 59394.6100
v -26073.1000 -183583.1000 59394.6100
v -26073.1900 -183583.2000 59394.6100
v -26072.9100 -183582.9000 59394.6100
v -26073.0000 -183583.0000 59394.6100
v -26072.7300 -183582.7000 59394.6100
v -26072.8200 -183582.8000 59394.6100
v -26072.5500 -183582.5000 59394.6100
v -26072.6400 -183582.6000 59394.6100
v -26072.3700 -183582.3000 59394.6100
v -26072.4600 -183582.4000 59394.6100
v -26072.2000 -183582.0000 59394.6100
v -26072.2900 -183582.2000 59394.6100
v -26072.0300 -183581.8000 59394.6100
v -26072.1200 -183581.9000 59394.6100
v -26071.8700 -183581.6000 59394.6100
v -26071.9500 -183581.7000 59394.6100
v -26071.7100 -183581.4000 59394.6100
v -26071.7900 -183581.5000 59394.6100
v -26071.5500 -183581.2000 59394.6100
v -26071.6300 -183581.3000 59394.6100
v -26071.4000 -183580.9000 59394.6100
v -26071.4800 -183581.0000 59394.6100
v -26071.2500 -183580.7000 59394.6100
v -26071.3300 -183580.8000 59394.6100
v -26071.1100 -183580.5000 59394.6100
v -26071.1800 -183580.6000 59394.6100
v -26070.9700 -183580.2000 59394.6100
v -26071.0400 -183580.3000 59394.6100
v -26070.8300 -183580.0000 59394.6100
v -26070.9000 -183580.1000 59394.6100
v -26070.7000 -183579.7000 59394.6100
v -26070.7700 -183579.9000 59394.6100
v -26070.5700 -183579.5000 59394.6100
v -26070.6400 -183579.6000 59394.6100
v -26070.4500 -183579.2000 59394.6100
v -26070.5100 -183579.4000 59394.6100
v -26070.3300 -183579.0000 59394.6100
v -26070.3900 -183579.1000 59394.6100
v -26070.2200 -183578.8000 59394.6100
v -26070.2800 -183578.9000 59394.6100
v -26070.1100 -183578.5000 59394.6100
v -26070.1600 -183578.6000 59394.6100
v -26070.0000 -183578.2000 59394.6100
v -26070.0600 -183578.4000 59394.6100
v -26069.9000 -183578.0000 59394.6100
v -26069.9500 -183578.1000 59394.6100
v -26069.8100 -183577.7000 59394.6100
v -26069.8500 -183577.8000 59394.6100
v -26069.7100 -183577.5000 59394.6100
v -26069.7600 -183577.6000 59394.6100
v -26069.6300 -183577.2000 59394.6100
v -26069.6700 -183577.3000 59394.6100
v -26069.5400 -183576.9000 59394.6100
v -26069.5800 -183577.1000 59394.6100
v -26069.4600 -183576.7000 59394.6100
v -26069.5000 -183576.8000 59394.6100
v -26069.3900 -183576.4000 59394.6100
v -26069.4300 -183576.5000 59394.6100
v -26069.3200 -183576.1000 59394.6100
v -26069.3600 -183576.3000 59394.6100
v -26069.2600 -183575.9000 59394.6100
v -26069.2900 -183576.0000 59394.6100
v -26069.2000 -183575.6000 59394.6100
v -26069.2300 -183575.7000 59394.6100
v -26069.1400 -183575.3000 59394.6100
v -26069.1700 -183575.5000 59394.6100
v -26069.0500 -183574.8000 59394.6100
v -26069.1000 -183575.1000 59394.6100
v -26068.9700 -183574.2000 59394.6100
v -26069.0100 -183574.5000 59394.6100
v -26068.9100 -183573.7000 59394.6100
v -26068.9400 -183574.0000 59394.6100
v -26068.8800 -183573.2000 59394.6100
v -26068.8900 -183573.4000 59394.6100
v -26068.8600 -183572.6000 59394.6100
v -26068.8700 -183572.9000 59394.6100
v -26068.8600 -183572.0000 59394.6100
v -26068.8600 -183572.3000 59394.6100
v -26068.8800 -183571.5000 59394.6100
v -26068.8700 -183571.8000 59394.6100
v -26068.9100 -183571.0000 59394.6100
v -26068.9000 -183571.2000 59394.6100
v -26068.9700 -183570.4000 59394.6100
v -26068.9400 -183570.7000 59394.6100
v -26069.0500 -183569.9000 59394.6100
v -26069.0100 -183570.1000 59394.6100
v -26069.1400 -183569.3000 59394.6100
v -26069.1000 -183569.6000 59394.6100
v -26069.2000 -183569.0000 59394.6100
v -26069.1700 -183569.2000 59394.6100
v -26069.2600 -183568.8000 59394.6100
v -26069.2300 -183568.9000 59394.6100
v -26069.3200 -183568.5000 59394.6100
v -26069.2900 -183568.6000 59394.6100
v -26069.3900 -183568.2000 59394.6100
v -26069.3600 -183568.4000 59394.6100
v -26069.4600 -183568.0000 59394.6100
v -26069.4300 -183568.1000 59394.6100
v -26069.5400 -183567.7000 59394.6100
v -26069.5100 -183567.8000 59394.6100
v -26069.6300 -183567.4000 59394.6100
v -26069.5900 -183567.6000 59394.6100
v -26069.7100 -183567.2000 59394.6100
v -26069.6700 -183567.3000 59394.6100
v -26069.8100 -183566.9000 59394.6100
v -26069.7600 -183567.0000 59394.6100
v -26069.9000 -183566.7000 59394.6100
v -26069.8600 -183566.8000 59394.6100
v -26070.0000 -183566.4000 59394.6100
v -26069.9500 -183566.5000 59394.6100
v -26070.1100 -183566.2000 59394.6100
v -26070.0600 -183566.3000 59394.6100
v -26070.2200 -183565.9000 59394.6100
v -26070.1600 -183566.0000 59394.6100
v -26070.3300 -183565.7000 59394.6100
v -26070.2800 -183565.8000 59394.6100
v -26070.4500 -183565.4000 59394.6100
v -26070.3900 -183565.5000 59394.6100
v -26070.5700 -183565.2000 59394.6100
v -26070.5100 -183565.3000 59394.6100
v -26070.7000 -183564.9000 59394.6100
v -26070.6400 -183565.0000 59394.6100
v -26070.8300 -183564.7000 59394.6100
v -26070.7700 -183564.8000 59394.6100
v -26070.9700 -183564.4000 59394.6100
v -26070.9000 -183564.5000 59394.6100
v -26071.1100 -183564.2000 59394.6100
v -26071.0400 -183564.3000 59394.6100
v -26071.2500 -183564.0000 59394.6100
v -26071.1800 -183564.1000 59394.6100
v -26071.4000 -183563.7000 59394.6100
v -26071.3300 -183563.8000 59394.6100
v -26071.5500 -183563.5000 59394.6100
v -26071.4800 -183563.6000 59394.6100
v -26071.7100 -183563.3000 59394.6100
v -26071.6300 -183563.4000 59394.6100
v -26071.8700 -183563.0000 59394.6100
v -26071.7900 -183563.2000 59394.6100
v -26072.0300 -183562.8000 59394.6100
v -26071.9500 -183562.9000 59394.6100
v -26072.2000 -183562.6000 59394.6100
v -26072.1200 -183562.7000 59394.6100
v -26072.3700 -183562.4000 59394.6100
v -26072.2900 -183562.5000 59394.6100
v -26072.5500 -183562.2000 59394.6100
v -26072.4600 -183562.3000 59394.6100
v -26072.7300 -183562.0000 59394.6100
v -26072.6400 -183562.1000 59394.6100
v -26072.9100 -183561.8000 59394.6100
v -26072.8200 -183561.9000 59394.6100
v -26073.1000 -183561.5000 59394.6100
v -26073.0000 -183561.7000 59394.6100
v -26073.2900 -183561.4000 59394.6100
v -26073.1900 -183561.5000 59394.6100
v -26073.4800 -183561.2000 59394.6100
v -26073.3800 -183561.2000 59394.6100
v -26073.6700 -183561.0000 59394.6100
v -26073.5800 -183561.1000 59394.6100
v -26073.8800 -183560.8000 59394.6100
v -26073.7800 -183560.9000 59394.6100
v -26074.0800 -183560.6000 59394.6100
v -26073.9800 -183560.7000 59394.6100
v -26074.2800 -183560.4000 59394.6100
v -26074.1800 -183560.5000 59394.6100
v -26074.4900 -183560.2000 59394.6100
v -26074.3900 -183560.3000 59394.6100
v -26074.7100 -183560.0000 59394.6100
v -26074.6000 -183560.1000 59394.6100
v -26074.9200 -183559.9000 59394.6100
v -26074.8200 -183560.0000 59394.6100
v -26075.1400 -183559.7000 59394.6100
v -26075.0300 -183559.8000 59394.6100
v -26075.3600 -183559.5000 59394.6100
v -26075.2500 -183559.6000 59394.6100
v -26075.5900 -183559.4000 59394.6100
v -26075.4800 -183559.5000 59394.6100
v -26075.8100 -183559.2000 59394.6100
v -26075.7000 -183559.3000 59394.6100
v -26076.0400 -183559.1000 59394.6100
v -26075.9300 -183559.2000 59394.6100
v -26076.2800 -183558.9000 59394.6100
v -26076.1600 -183559.0000 59394.6100
v -26076.5100 -183558.8000 59394.6100
v -26076.3900 -183558.9000 59394.6100
v -26076.7500 -183558.7000 59394.6100
v -26076.6300 -183558.7000 59394.6100
v -26076.9900 -183558.5000 59394.6100
v -26076.8700 -183558.6000 59394.6100
v -26077.2300 -183558.4000 59394.6100
v -26077.1100 -183558.5000 59394.6100
v -26077.4700 -183558.2000 59394.6100
v -26077.3500 -183558.3000 59394.6100
v -26077.7200 -183558.1000 59394.6100
v -26077.6000 -183558.2000 59394.6100
v -26077.9700 -183558.0000 59394.6100
v -26077.8500 -183558.1000 59394.6100
v -26078.2200 -183557.9000 59394.6100
v -26078.1000 -183558.0000 59394.6100
v -26078.4700 -183557.8000 59394.6100
v -26078.3500 -183557.8000 59394.6100
v -26078.7300 -183557.7000 59394.6100
v -26078.6000 -183557.7000 59394.6100
v -26078.9800 -183557.6000 59394.6100
v -26078.8600 -183557.6000 59394.6100
v -26079.2400 -183557.5000 59394.6100
v -26079.1200 -183557.5000 59394.6100
v -26079.5000 -183557.4000 59394.6100
v -26079.3800 -183557.4000 59394.6100
v -26079.7600 -183557.3000 59394.6100
v -26079.6300 -183557.3000 59394.6100
v -26080.0300 -183557.2000 59394.6100
v -26079.9000 -183557.3000 59394.6100
v -26080.2900 -183557.1000 59394.6100
v -26080.1600 -183557.2000 59394.6100
v -26080.5600 -183557.1000 59394.6100
v -26080.4300 -183557.1000 59394.6100
v -26080.8200 -183557.0000 59394.6100
v -26080.6900 -183557.0000 59394.6100
v -26081.0900 -183556.9000 59394.6100
v -26080.9600 -183557.0000 59394.6100
v -26081.3600 -183556.9000 59394.6100
v -26081.2300 -183556.9000 59394.6100
v -26081.6300 -183556.8000 59394.6100
v -26081.5000 -183556.8000 59394.6100
v -26081.9000 -183556.8000 59394.6100
v -26081.7700 -183556.8000 59394.6100
v -26082.1700 -183556.7000 59394.6100
v -26082.0400 -183556.8000 59394.6100
v -26082.4500 -183556.7000 59394.6100
v -26082.3100 -183556.7000 59394.6100
v -26082.7200 -183556.7000 59394.6100
v -26082.5800 -183556.7000 59394.6100
v -26082.9900 -183556.6000 59394.6100
v -26082.8600 -183556.6000 59394.6100
v -26083.2700 -183556.6000 59394.6100
v -26083.1300 -183556.6000 59394.6100
v -26083.5400 -183556.6000 59394.6100
v -26083.4100 -183556.6000 59394.6100
v -26083.8200 -183556.6000 59394.6100
v -26083.6800 -183556.6000 59394.6100
v -26084.0900 -183556.5000 59394.6100
v -26083.9600 -183556.5000 59394.6100
v -26084.3700 -183556.5000 59394.6100
v -26084.2300 -183556.5000 59394.6100
v -26084.6400 -183556.5000 59394.6100
v -26084.5100 -183556.5000 59394.6100
v -26084.9200 -183556.5000 59394.6100
v -26084.7800 -183556.5000 59394.6100
v -26085.1900 -183556.5000 59394.6100
v -26085.0600 -183556.5000 59394.6100
v -26085.4700 -183556.6000 59394.6100
v -26085.3300 -183556.5000 59394.6100
v -26085.7400 -183556.6000 59394.6100
v -26085.6100 -183556.6000 59394.6100
v -26086.0200 -183556.6000 59394.6100
v -26085.8800 -183556.6000 59394.6100
v -26086.2900 -183556.6000 59394.6100
v -26086.1600 -183556.6000 59394.6100
v -26086.5700 -183556.7000 59394.6100
v -26086.4300 -183556.6000 59394.6100
v -26086.8400 -183556.7000 59394.6100
v -26086.7100 -183556.7000 59394.6100
v -26087.1100 -183556.7000 59394.6100
v -26086.9800 -183556.7000 59394.6100
v -26087.3800 -183556.8000 59394.6100
v -26087.2500 -183556.8000 59394.6100
v -26087.6600 -183556.8000 59394.6100
v -26087.5200 -183556.8000 59394.6100
v -26087.9300 -183556.9000 59394.6100
v -26087.7900 -183556.9000 59394.6100
v -26088.2000 -183556.9000 59394.6100
v -26088.0600 -183556.9000 59394.6100
v -26088.4600 -183557.0000 59394.6100
v -26088.3300 -183557.0000 59394.6100
v -26088.7300 -183557.1000 59394.6100
v -26088.6000 -183557.0000 59394.6100
v -26088.9900 -183557.1000 59394.6100
v -26088.8600 -183557.1000 59394.6100
v -26089.2600 -183557.2000 59394.6100
v -26089.1300 -183557.2000 59394.6100
v -26089.5200 -183557.3000 59394.6100
v -26089.3900 -183557.3000 59394.6100
v -26089.7800 -183557.4000 59394.6100
v -26089.6500 -183557.3000 59394.6100
v -26090.0400 -183557.5000 59394.6100
v -26089.9100 -183557.4000 59394.6100
v -26090.3000 -183557.6000 59394.6100
v -26090.1700 -183557.5000 59394.6100
v -26090.5600 -183557.7000 59394.6100
v -26090.4300 -183557.6000 59394.6100
v -26090.8100 -183557.8000 59394.6100
v -26090.6900 -183557.7000 59394.6100
v -26091.0600 -183557.9000 59394.6100
v -26090.9400 -183557.8000 59394.6100
v -26091.3200 -183558.0000 59394.6100
v -26091.1900 -183558.0000 59394.6100
v -26091.5600 -183558.1000 59394.6100
v -26091.4400 -183558.1000 59394.6100
v -26091.8100 -183558.2000 59394.6100
v -26091.6900 -183558.2000 59394.6100
v -26092.0500 -183558.4000 59394.6100
v -26091.9300 -183558.3000 59394.6100
v -26092.3000 -183558.5000 59394.6100
v -26092.1800 -183558.5000 59394.6100
v -26092.5400 -183558.7000 59394.6100
v -26092.4200 -183558.6000 59394.6100
v -26092.7800 -183558.8000 59394.6100
v -26092.6600 -183558.7000 59394.6100
v -26093.0100 -183558.9000 59394.6100
v -26092.8900 -183558.9000 59394.6100
v -26093.2400 -183559.1000 59394.6100
v -26093.1300 -183559.0000 59394.6100
v -26093.4700 -183559.2000 59394.6100
v -26093.3600 -183559.2000 59394.6100
v -26093.7000 -183559.4000 59394.6100
v -26093.5900 -183559.3000 59394.6100
v -26093.9200 -183559.5000 59394.6100
v -26093.8100 -183559.5000 59394.6100
v -26094.1400 -183559.7000 59394.6100
v -26094.0400 -183559.6000 59394.6100
v -26094.3600 -183559.9000 59394.6100
v -26094.2600 -183559.8000 59394.6100
v -26094.5800 -183560.0000 59394.6100
v -26094.4700 -183560.0000 59394.6100
v -26094.7900 -183560.2000 59394.6100
v -26094.6900 -183560.1000 59394.6100
v -26095.0000 -183560.4000 59394.6100
v -26094.9000 -183560.3000 59394.6100
v -26095.2100 -183560.6000 59394.6100
v -26095.1100 -183560.5000 59394.6100
v -26095.4100 -183560.8000 59394.6100
v -26095.3100 -183560.7000 59394.6100
v -26095.6100 -183561.0000 59394.6100
v -26095.5100 -183560.9000 59394.6100
v -26095.8100 -183561.2000 59394.6100
v -26095.7100 -183561.1000 59394.6100
v -26096.0000 -183561.4000 59394.6100
v -26095.9000 -183561.3000 59394.6100
v -26096.1900 -183561.5000 59394.6100
v -26096.1000 -183561.5000 59394.6100
v -26096.3800 -183561.8000 59394.6100
v -26096.2800 -183561.7000 59394.6100
v -26096.5600 -183562.0000 59394.6100
v -26096.4700 -183561.9000 59394.6100
v -26096.7400 -183562.2000 59394.6100
v -26096.6500 -183562.1000 59394.6100
v -26096.9100 -183562.4000 59394.6100
v -26096.8300 -183562.3000 59394.6100
v -26097.0800 -183562.6000 59394.6100
v -26097.0000 -183562.5000 59394.6100
v -26097.2500 -183562.8000 59394.6100
v -26097.1700 -183562.7000 59394.6100
v -26097.4200 -183563.0000 59394.6100
v -26097.3400 -183562.9000 59394.6100
v -26097.5800 -183563.3000 59394.6100
v -26097.5000 -183563.2000 59394.6100
v -26097.7300 -183563.5000 59394.6100
v -26097.6500 -183563.4000 59394.6100
v -26097.8800 -183563.7000 59394.6100
v -26097.8100 -183563.6000 59394.6100
v -26098.0300 -183564.0000 59394.6100
v -26097.9600 -183563.8000 59394.6100
v -26098.1800 -183564.2000 59394.6100
v -26098.1100 -183564.1000 59394.6100
v -26098.3200 -183564.4000 59394.6100
v -26098.2500 -183564.3000 59394.6100
v -26098.4500 -183564.7000 59394.6100
v -26098.3800 -183564.5000 59394.6100
v -26098.5800 -183564.9000 59394.6100
v -26098.5200 -183564.8000 59394.6100
v -26098.7100 -183565.2000 59394.6100
v -26098.6500 -183565.0000 59394.6100
v -26098.8300 -183565.4000 59394.6100
v -26098.7700 -183565.3000 59394.6100
v -26098.9500 -183565.7000 59394.6100
v -26098.8900 -183565.5000 59394.6100
v -26099.0700 -183565.9000 59394.6100
v -26099.0100 -183565.8000 59394.6100
v -26099.1800 -183566.2000 59394.6100
v -26099.1200 -183566.0000 59394.6100
v -26099.2800 -183566.4000 59394.6100
v -26099.2300 -183566.3000 59394.6100
v -26099.3800 -183566.7000 59394.6100
v -26099.3300 -183566.5000 59394.6100
v -26099.4800 -183566.9000 59394.6100
v -26099.4300 -183566.8000 59394.6100
v -26099.5700 -183567.2000 59394.6100
v -26099.5300 -183567.0000 59394.6100
v -26099.6600 -183567.4000 59394.6100
v -26099.6200 -183567.3000 59394.6100
v -26099.7400 -183567.7000 59394.6100
v -26099.7000 -183567.6000 59394.6100
v -26099.8200 -183568.0000 59394.6100
v -26099.7800 -183567.8000 59394.6100
v -26099.8900 -183568.2000 59394.6100
v -26099.8600 -183568.1000 59394.6100
v -26099.9600 -183568.5000 59394.6100
v -26099.9300 -183568.4000 59394.6100
v -26100.0300 -183568.8000 59394.6100
v -26099.9900 -183568.6000 59394.6100
v -26100.0900 -183569.0000 59394.6100
v -26100.0600 -183568.9000 59394.6100
v -26100.1400 -183569.3000 59394.6100
v -26100.1100 -183569.2000 59394.6100
v -26100.2400 -183569.9000 59394.6100
v -26100.1900 -183569.6000 59394.6100
v -26100.3100 -183570.4000 59394.6100
v -26100.2800 -183570.1000 59394.6100
v -26100.3700 -183571.0000 59394.6100
v -26100.3400 -183570.7000 59394.6100
v -26100.4100 -183571.5000 59394.6100
v -26100.3900 -183571.2000 59394.6100
v -26100.4300 -183572.0000 59394.6100
v -26100.4200 -183571.8000 59394.6100
v -26100.4300 -183572.3000 59342.1700
v -26095.8100 -183583.5000 59342.1700
v -26084.6400 -183588.1000 59342.1700
v -26073.4800 -183583.5000 59342.1700
v -26068.8500 -183572.3000 59288.0400
v -26068.8500 -183572.3000 59394.6100
v -26068.8500 -183572.3000 59342.1700
v -26073.4800 -183561.2000 59342.1700
v -26084.6400 -183556.5000 59342.1700
v -26095.8100 -183561.2000 59342.1700
v -26100.4300 -182092.1000 59288.0400
v -26100.4200 -182092.7000 59288.0400
v -26100.4300 -182092.4000 59288.0400
v -26100.3900 -182093.2000 59288.0400
v -26100.4100 -182093.0000 59288.0400
v -26100.3500 -182093.8000 59288.0400
v -26100.3700 -182093.5000 59288.0400
v -26100.2800 -182094.3000 59288.0400
v -26100.3100 -182094.1000 59288.0400
v -26100.1900 -182094.9000 59288.0400
v -26100.2300 -182094.6000 59288.0400
v -26100.0900 -182095.4000 59288.0400
v -26100.1400 -182095.2000 59288.0400
v -26100.0300 -182095.7000 59288.0400
v -26100.0600 -182095.6000 59288.0400
v -26099.9600 -182096.0000 59288.0400
v -26099.9900 -182095.8000 59288.0400
v -26099.8900 -182096.2000 59288.0400
v -26099.9300 -182096.1000 59288.0400
v -26099.8200 -182096.5000 59288.0400
v -26099.8600 -182096.4000 59288.0400
v -26099.7400 -182096.8000 59288.0400
v -26099.7800 -182096.6000 59288.0400
v -26099.6600 -182097.0000 59288.0400
v -26099.7000 -182096.9000 59288.0400
v -26099.5700 -182097.3000 59288.0400
v -26099.6200 -182097.2000 59288.0400
v -26099.4800 -182097.5000 59288.0400
v -26099.5300 -182097.4000 59288.0400
v -26099.3800 -182097.8000 59288.0400
v -26099.4300 -182097.7000 59288.0400
v -26099.2800 -182098.1000 59288.0400
v -26099.3300 -182097.9000 59288.0400
v -26099.1800 -182098.3000 59288.0400
v -26099.2300 -182098.2000 59288.0400
v -26099.0700 -182098.6000 59288.0400
v -26099.1200 -182098.4000 59288.0400
v -26098.9500 -182098.8000 59288.0400
v -26099.0100 -182098.7000 59288.0400
v -26098.8300 -182099.1000 59288.0400
v -26098.8900 -182098.9000 59288.0400
v -26098.7100 -182099.3000 59288.0400
v -26098.7700 -182099.2000 59288.0400
v -26098.5800 -182099.6000 59288.0400
v -26098.6500 -182099.4000 59288.0400
v -26098.4500 -182099.8000 59288.0400
v -26098.5200 -182099.7000 59288.0400
v -26098.3200 -182100.0000 59288.0400
v -26098.3800 -182099.9000 59288.0400
v -26098.1800 -182100.3000 59288.0400
v -26098.2500 -182100.2000 59288.0400
v -26098.0300 -182100.5000 59288.0400
v -26098.1000 -182100.4000 59288.0400
v -26097.8800 -182100.7000 59288.0400
v -26097.9600 -182100.6000 59288.0400
v -26097.7300 -182101.0000 59288.0400
v -26097.8100 -182100.9000 59288.0400
v -26097.5800 -182101.2000 59288.0400
v -26097.6500 -182101.1000 59288.0400
v -26097.4200 -182101.4000 59288.0400
v -26097.5000 -182101.3000 59288.0400
v -26097.2500 -182101.6000 59288.0400
v -26097.3300 -182101.5000 59288.0400
v -26097.0800 -182101.9000 59288.0400
v -26097.1700 -182101.8000 59288.0400
v -26096.9100 -182102.1000 59288.0400
v -26097.0000 -182102.0000 59288.0400
v -26096.7400 -182102.3000 59288.0400
v -26096.8200 -182102.2000 59288.0400
v -26096.5600 -182102.5000 59288.0400
v -26096.6500 -182102.4000 59288.0400
v -26096.3800 -182102.7000 59288.0400
v -26096.4700 -182102.6000 59288.0400
v -26096.1900 -182102.9000 59288.0400
v -26096.2800 -182102.8000 59288.0400
v -26096.0000 -182103.1000 59288.0400
v -26096.0900 -182103.0000 59288.0400
v -26095.8100 -182103.3000 59288.0400
v -26095.9000 -182103.2000 59288.0400
v -26095.6100 -182103.5000 59288.0400
v -26095.7100 -182103.4000 59288.0400
v -26095.4100 -182103.7000 59288.0400
v -26095.5100 -182103.6000 59288.0400
v -26095.2100 -182103.9000 59288.0400
v -26095.3100 -182103.8000 59288.0400
v -26095.0000 -182104.1000 59288.0400
v -26095.1000 -182104.0000 59288.0400
v -26094.7900 -182104.2000 59288.0400
v -26094.8900 -182104.2000 59288.0400
v -26094.5800 -182104.4000 59288.0400
v -26094.6800 -182104.3000 59288.0400
v -26094.3600 -182104.6000 59288.0400
v -26094.4700 -182104.5000 59288.0400
v -26094.1400 -182104.8000 59288.0400
v -26094.2500 -182104.7000 59288.0400
v -26093.9200 -182104.9000 59288.0400
v -26094.0300 -182104.8000 59288.0400
v -26093.7000 -182105.1000 59288.0400
v -26093.8100 -182105.0000 59288.0400
v -26093.4700 -182105.2000 59288.0400
v -26093.5800 -182105.2000 59288.0400
v -26093.2400 -182105.4000 59288.0400
v -26093.3600 -182105.3000 59288.0400
v -26093.0100 -182105.5000 59288.0400
v -26093.1200 -182105.5000 59288.0400
v -26092.7800 -182105.7000 59288.0400
v -26092.8900 -182105.6000 59288.0400
v -26092.5400 -182105.8000 59288.0400
v -26092.6500 -182105.8000 59288.0400
v -26092.3000 -182106.0000 59288.0400
v -26092.4200 -182105.9000 59288.0400
v -26092.0500 -182106.1000 59288.0400
v -26092.1700 -182106.0000 59288.0400
v -26091.8100 -182106.2000 59288.0400
v -26091.9300 -182106.1000 59288.0400
v -26091.5600 -182106.3000 59288.0400
v -26091.6900 -182106.3000 59288.0400
v -26091.3200 -182106.5000 59288.0400
v -26091.4400 -182106.4000 59288.0400
v -26091.0600 -182106.6000 59288.0400
v -26091.1900 -182106.5000 59288.0400
v -26090.8100 -182106.7000 59288.0400
v -26090.9400 -182106.6000 59288.0400
v -26090.5600 -182106.8000 59288.0400
v -26090.6800 -182106.7000 59288.0400
v -26090.3000 -182106.9000 59288.0400
v -26090.4300 -182106.8000 59288.0400
v -26090.0400 -182107.0000 59288.0400
v -26090.1700 -182106.9000 59288.0400
v -26089.7800 -182107.1000 59288.0400
v -26089.9100 -182107.0000 59288.0400
v -26089.5200 -182107.2000 59288.0400
v -26089.6500 -182107.1000 59288.0400
v -26089.2600 -182107.2000 59288.0400
v -26089.3900 -182107.2000 59288.0400
v -26088.9900 -182107.3000 59288.0400
v -26089.1200 -182107.3000 59288.0400
v -26088.7300 -182107.4000 59288.0400
v -26088.8600 -182107.4000 59288.0400
v -26088.4600 -182107.5000 59288.0400
v -26088.5900 -182107.4000 59288.0400
v -26088.2000 -182107.5000 59288.0400
v -26088.3300 -182107.5000 59288.0400
v -26087.9300 -182107.6000 59288.0400
v -26088.0600 -182107.6000 59288.0400
v -26087.6600 -182107.6000 59288.0400
v -26087.7900 -182107.6000 59288.0400
v -26087.3800 -182107.7000 59288.0400
v -26087.5200 -182107.7000 59288.0400
v -26087.1100 -182107.7000 59288.0400
v -26087.2500 -182107.7000 59288.0400
v -26086.8400 -182107.8000 59288.0400
v -26086.9700 -182107.8000 59288.0400
v -26086.5700 -182107.8000 59288.0400
v -26086.7000 -182107.8000 59288.0400
v -26086.2900 -182107.8000 59288.0400
v -26086.4300 -182107.8000 59288.0400
v -26086.0200 -182107.9000 59288.0400
v -26086.1500 -182107.9000 59288.0400
v -26085.7400 -182107.9000 59288.0400
v -26085.8800 -182107.9000 59288.0400
v -26085.4700 -182107.9000 59288.0400
v -26085.6100 -182107.9000 59288.0400
v -26085.1900 -182107.9000 59288.0400
v -26085.3300 -182107.9000 59288.0400
v -26084.9200 -182107.9000 59288.0400
v -26085.0500 -182107.9000 59288.0400
v -26084.6400 -182107.9000 59288.0400
v -26084.7800 -182107.9000 59288.0400
v -26084.3700 -182107.9000 59288.0400
v -26084.5000 -182107.9000 59288.0400
v -26084.0900 -182107.9000 59288.0400
v -26084.2300 -182107.9000 59288.0400
v -26083.8200 -182107.9000 59288.0400
v -26083.9500 -182107.9000 59288.0400
v -26083.5400 -182107.9000 59288.0400
v -26083.6800 -182107.9000 59288.0400
v -26083.2700 -182107.9000 59288.0400
v -26083.4000 -182107.9000 59288.0400
v -26082.9900 -182107.8000 59288.0400
v -26083.1300 -182107.9000 59288.0400
v -26082.7200 -182107.8000 59288.0400
v -26082.8500 -182107.8000 59288.0400
v -26082.4500 -182107.8000 59288.0400
v -26082.5800 -182107.8000 59288.0400
v -26082.1700 -182107.7000 59288.0400
v -26082.3100 -182107.8000 59288.0400
v -26081.9000 -182107.7000 59288.0400
v -26082.0400 -182107.7000 59288.0400
v -26081.6300 -182107.6000 59288.0400
v -26081.7600 -182107.7000 59288.0400
v -26081.3600 -182107.6000 59288.0400
v -26081.4900 -182107.6000 59288.0400
v -26081.0900 -182107.5000 59288.0400
v -26081.2200 -182107.6000 59288.0400
v -26080.8200 -182107.5000 59288.0400
v -26080.9600 -182107.5000 59288.0400
v -26080.5600 -182107.4000 59288.0400
v -26080.6900 -182107.4000 59288.0400
v -26080.2900 -182107.3000 59288.0400
v -26080.4200 -182107.4000 59288.0400
v -26080.0300 -182107.2000 59288.0400
v -26080.1600 -182107.3000 59288.0400
v -26079.7600 -182107.2000 59288.0400
v -26079.8900 -182107.2000 59288.0400
v -26079.5000 -182107.1000 59288.0400
v -26079.6300 -182107.1000 59288.0400
v -26079.2400 -182107.0000 59288.0400
v -26079.3700 -182107.0000 59288.0400
v -26078.9800 -182106.9000 59288.0400
v -26079.1100 -182106.9000 59288.0400
v -26078.7300 -182106.8000 59288.0400
v -26078.8600 -182106.8000 59288.0400
v -26078.4700 -182106.7000 59288.0400
v -26078.6000 -182106.7000 59288.0400
v -26078.2200 -182106.6000 59288.0400
v -26078.3500 -182106.6000 59288.0400
v -26077.9700 -182106.5000 59288.0400
v -26078.0900 -182106.5000 59288.0400
v -26077.7200 -182106.3000 59288.0400
v -26077.8400 -182106.4000 59288.0400
v -26077.4700 -182106.2000 59288.0400
v -26077.6000 -182106.3000 59288.0400
v -26077.2300 -182106.1000 59288.0400
v -26077.3500 -182106.1000 59288.0400
v -26076.9900 -182106.0000 59288.0400
v -26077.1100 -182106.0000 59288.0400
v -26076.7500 -182105.8000 59288.0400
v -26076.8700 -182105.9000 59288.0400
v -26076.5100 -182105.7000 59288.0400
v -26076.6300 -182105.8000 59288.0400
v -26076.2800 -182105.5000 59288.0400
v -26076.3900 -182105.6000 59288.0400
v -26076.0400 -182105.4000 59288.0400
v -26076.1600 -182105.5000 59288.0400
v -26075.8100 -182105.2000 59288.0400
v -26075.9300 -182105.3000 59288.0400
v -26075.5900 -182105.1000 59288.0400
v -26075.7000 -182105.2000 59288.0400
v -26075.3600 -182104.9000 59288.0400
v -26075.4700 -182105.0000 59288.0400
v -26075.1400 -182104.8000 59288.0400
v -26075.2500 -182104.8000 59288.0400
v -26074.9200 -182104.6000 59288.0400
v -26075.0300 -182104.7000 59288.0400
v -26074.7100 -182104.4000 59288.0400
v -26074.8100 -182104.5000 59288.0400
v -26074.4900 -182104.2000 59288.0400
v -26074.6000 -182104.3000 59288.0400
v -26074.2800 -182104.1000 59288.0400
v -26074.3900 -182104.1000 59288.0400
v -26074.0800 -182103.9000 59288.0400
v -26074.1800 -182104.0000 59288.0400
v -26073.8800 -182103.7000 59288.0400
v -26073.9700 -182103.8000 59288.0400
v -26073.6700 -182103.5000 59288.0400
v -26073.7700 -182103.6000 59288.0400
v -26073.4800 -182103.3000 59288.0400
v -26073.5800 -182103.4000 59288.0400
v -26073.2900 -182103.1000 59288.0400
v -26073.3800 -182103.2000 59288.0400
v -26073.1000 -182102.9000 59288.0400
v -26073.1900 -182103.0000 59288.0400
v -26072.9100 -182102.7000 59288.0400
v -26073.0000 -182102.8000 59288.0400
v -26072.7300 -182102.5000 59288.0400
v -26072.8200 -182102.6000 59288.0400
v -26072.5500 -182102.3000 59288.0400
v -26072.6400 -182102.4000 59288.0400
v -26072.3700 -182102.1000 59288.0400
v -26072.4600 -182102.2000 59288.0400
v -26072.2000 -182101.9000 59288.0400
v -26072.2900 -182102.0000 59288.0400
v -26072.0300 -182101.6000 59288.0400
v -26072.1200 -182101.8000 59288.0400
v -26071.8700 -182101.4000 59288.0400
v -26071.9500 -182101.5000 59288.0400
v -26071.7100 -182101.2000 59288.0400
v -26071.7900 -182101.3000 59288.0400
v -26071.5500 -182101.0000 59288.0400
v -26071.6300 -182101.1000 59288.0400
v -26071.4000 -182100.7000 59288.0400
v -26071.4800 -182100.9000 59288.0400
v -26071.2500 -182100.5000 59288.0400
v -26071.3300 -182100.6000 59288.0400
v -26071.1100 -182100.3000 59288.0400
v -26071.1800 -182100.4000 59288.0400
v -26070.9700 -182100.0000 59288.0400
v -26071.0400 -182100.2000 59288.0400
v -26070.8300 -182099.8000 59288.0400
v -26070.9000 -182099.9000 59288.0400
v -26070.7000 -182099.6000 59288.0400
v -26070.7700 -182099.7000 59288.0400
v -26070.5700 -182099.3000 59288.0400
v -26070.6400 -182099.4000 59288.0400
v -26070.4500 -182099.1000 59288.0400
v -26070.5100 -182099.2000 59288.0400
v -26070.3300 -182098.8000 59288.0400
v -26070.3900 -182098.9000 59288.0400
v -26070.2200 -182098.6000 59288.0400
v -26070.2800 -182098.7000 59288.0400
v -26070.1100 -182098.3000 59288.0400
v -26070.1600 -182098.4000 59288.0400
v -26070.0000 -182098.1000 59288.0400
v -26070.0600 -182098.2000 59288.0400
v -26069.9000 -182097.8000 59288.0400
v -26069.9500 -182097.9000 59288.0400
v -26069.8100 -182097.5000 59288.0400
v -26069.8500 -182097.7000 59288.0400
v -26069.7100 -182097.3000 59288.0400
v -26069.7600 -182097.4000 59288.0400
v -26069.6300 -182097.0000 59288.0400
v -26069.6700 -182097.2000 59288.0400
v -26069.5400 -182096.8000 59288.0400
v -26069.5800 -182096.9000 59288.0400
v -26069.4600 -182096.5000 59288.0400
v -26069.5000 -182096.6000 59288.0400
v -26069.3900 -182096.2000 59288.0400
v -26069.4300 -182096.4000 59288.0400
v -26069.3200 -182096.0000 59288.0400
v -26069.3600 -182096.1000 59288.0400
v -26069.2600 -182095.7000 59288.0400
v -26069.2900 -182095.8000 59288.0400
v -26069.2000 -182095.4000 59288.0400
v -26069.2300 -182095.6000 59288.0400
v -26069.1400 -182095.2000 59288.0400
v -26069.1700 -182095.3000 59288.0400
v -26069.0500 -182094.6000 59288.0400
v -26069.1000 -182094.9000 59288.0400
v -26068.9700 -182094.1000 59288.0400
v -26069.0100 -182094.3000 59288.0400
v -26068.9100 -182093.5000 59288.0400
v -26068.9400 -182093.8000 59288.0400
v -26068.8800 -182093.0000 59288.0400
v -26068.8900 -182093.2000 59288.0400
v -26068.8600 -182092.4000 59288.0400
v -26068.8700 -182092.7000 59288.0400
v -26068.8600 -182091.9000 59288.0400
v -26068.8600 -182092.1000 59288.0400
v -26068.8800 -182091.3000 59288.0400
v -26068.8700 -182091.6000 59288.0400
v -26068.9100 -182090.8000 59288.0400
v -26068.9000 -182091.0000 59288.0400
v -26068.9700 -182090.2000 59288.0400
v -26068.9400 -182090.5000 59288.0400
v -26069.0500 -182089.7000 59288.0400
v -26069.0100 -182089.9000 59288.0400
v -26069.1400 -182089.1000 59288.0400
v -26069.1000 -182089.4000 59288.0400
v -26069.2000 -182088.9000 59288.0400
v -26069.1700 -182089.0000 59288.0400
v -26069.2600 -182088.6000 59288.0400
v -26069.2300 -182088.7000 59288.0400
v -26069.3200 -182088.3000 59288.0400
v -26069.2900 -182088.5000 59288.0400
v -26069.3900 -182088.1000 59288.0400
v -26069.3600 -182088.2000 59288.0400
v -26069.4600 -182087.8000 59288.0400
v -26069.4300 -182087.9000 59288.0400
v -26069.5400 -182087.5000 59288.0400
v -26069.5100 -182087.7000 59288.0400
v -26069.6300 -182087.3000 59288.0400
v -26069.5900 -182087.4000 59288.0400
v -26069.7100 -182087.0000 59288.0400
v -26069.6700 -182087.1000 59288.0400
v -26069.8100 -182086.8000 59288.0400
v -26069.7600 -182086.9000 59288.0400
v -26069.9000 -182086.5000 59288.0400
v -26069.8600 -182086.6000 59288.0400
v -26070.0000 -182086.2000 59288.0400
v -26069.9500 -182086.4000 59288.0400
v -26070.1100 -182086.0000 59288.0400
v -26070.0600 -182086.1000 59288.0400
v -26070.2200 -182085.7000 59288.0400
v -26070.1600 -182085.8000 59288.0400
v -26070.3300 -182085.5000 59288.0400
v -26070.2800 -182085.6000 59288.0400
v -26070.4500 -182085.2000 59288.0400
v -26070.3900 -182085.3000 59288.0400
v -26070.5700 -182085.0000 59288.0400
v -26070.5100 -182085.1000 59288.0400
v -26070.7000 -182084.7000 59288.0400
v -26070.6400 -182084.8000 59288.0400
v -26070.8300 -182084.5000 59288.0400
v -26070.7700 -182084.6000 59288.0400
v -26070.9700 -182084.2000 59288.0400
v -26070.9000 -182084.4000 59288.0400
v -26071.1100 -182084.0000 59288.0400
v -26071.0400 -182084.1000 59288.0400
v -26071.2500 -182083.8000 59288.0400
v -26071.1800 -182083.9000 59288.0400
v -26071.4000 -182083.5000 59288.0400
v -26071.3300 -182083.7000 59288.0400
v -26071.5500 -182083.3000 59288.0400
v -26071.4800 -182083.4000 59288.0400
v -26071.7100 -182083.1000 59288.0400
v -26071.6300 -182083.2000 59288.0400
v -26071.8700 -182082.9000 59288.0400
v -26071.7900 -182083.0000 59288.0400
v -26072.0300 -182082.6000 59288.0400
v -26071.9500 -182082.8000 59288.0400
v -26072.2000 -182082.4000 59288.0400
v -26072.1200 -182082.5000 59288.0400
v -26072.3700 -182082.2000 59288.0400
v -26072.2900 -182082.3000 59288.0400
v -26072.5500 -182082.0000 59288.0400
v -26072.4600 -182082.1000 59288.0400
v -26072.7300 -182081.8000 59288.0400
v -26072.6400 -182081.9000 59288.0400
v -26072.9100 -182081.6000 59288.0400
v -26072.8200 -182081.7000 59288.0400
v -26073.1000 -182081.4000 59288.0400
v -26073.0000 -182081.5000 59288.0400
v -26073.2900 -182081.2000 59288.0400
v -26073.1900 -182081.3000 59288.0400
v -26073.4800 -182081.0000 59288.0400
v -26073.3800 -182081.1000 59288.0400
v -26073.6700 -182080.8000 59288.0400
v -26073.5800 -182080.9000 59288.0400
v -26073.8800 -182080.6000 59288.0400
v -26073.7800 -182080.7000 59288.0400
v -26074.0800 -182080.4000 59288.0400
v -26073.9800 -182080.5000 59288.0400
v -26074.2800 -182080.2000 59288.0400
v -26074.1800 -182080.3000 59288.0400
v -26074.4900 -182080.0000 59288.0400
v -26074.3900 -182080.1000 59288.0400
v -26074.7100 -182079.9000 59288.0400
v -26074.6000 -182080.0000 59288.0400
v -26074.9200 -182079.7000 59288.0400
v -26074.8200 -182079.8000 59288.0400
v -26075.1400 -182079.5000 59288.0400
v -26075.0300 -182079.6000 59288.0400
v -26075.3600 -182079.4000 59288.0400
v -26075.2500 -182079.5000 59288.0400
v -26075.5900 -182079.2000 59288.0400
v -26075.4800 -182079.3000 59288.0400
v -26075.8100 -182079.0000 59288.0400
v -26075.7000 -182079.1000 59288.0400
v -26076.0400 -182078.9000 59288.0400
v -26075.9300 -182079.0000 59288.0400
v -26076.2800 -182078.8000 59288.0400
v -26076.1600 -182078.8000 59288.0400
v -26076.5100 -182078.6000 59288.0400
v -26076.3900 -182078.7000 59288.0400
v -26076.7500 -182078.5000 59288.0400
v -26076.6300 -182078.5000 59288.0400
v -26076.9900 -182078.3000 59288.0400
v -26076.8700 -182078.4000 59288.0400
v -26077.2300 -182078.2000 59288.0400
v -26077.1100 -182078.3000 59288.0400
v -26077.4700 -182078.1000 59288.0400
v -26077.3500 -182078.1000 59288.0400
v -26077.7200 -182078.0000 59288.0400
v -26077.6000 -182078.0000 59288.0400
v -26077.9700 -182077.8000 59288.0400
v -26077.8500 -182077.9000 59288.0400
v -26078.2200 -182077.7000 59288.0400
v -26078.1000 -182077.8000 59288.0400
v -26078.4700 -182077.6000 59288.0400
v -26078.3500 -182077.7000 59288.0400
v -26078.7300 -182077.5000 59288.0400
v -26078.6000 -182077.6000 59288.0400
v -26078.9800 -182077.4000 59288.0400
v -26078.8600 -182077.5000 59288.0400
v -26079.2400 -182077.3000 59288.0400
v -26079.1200 -182077.4000 59288.0400
v -26079.5000 -182077.2000 59288.0400
v -26079.3800 -182077.3000 59288.0400
v -26079.7600 -182077.1000 59288.0400
v -26079.6300 -182077.2000 59288.0400
v -26080.0300 -182077.0000 59288.0400
v -26079.9000 -182077.1000 59288.0400
v -26080.2900 -182077.0000 59288.0400
v -26080.1600 -182077.0000 59288.0400
v -26080.5600 -182076.9000 59288.0400
v -26080.4300 -182076.9000 59288.0400
v -26080.8200 -182076.8000 59288.0400
v -26080.6900 -182076.9000 59288.0400
v -26081.0900 -182076.8000 59288.0400
v -26080.9600 -182076.8000 59288.0400
v -26081.3600 -182076.7000 59288.0400
v -26081.2300 -182076.7000 59288.0400
v -26081.6300 -182076.6000 59288.0400
v -26081.5000 -182076.7000 59288.0400
v -26081.9000 -182076.6000 59288.0400
v -26081.7700 -182076.6000 59288.0400
v -26082.1700 -182076.5000 59288.0400
v -26082.0400 -182076.6000 59288.0400
v -26082.4500 -182076.5000 59288.0400
v -26082.3100 -182076.5000 59288.0400
v -26082.7200 -182076.5000 59288.0400
v -26082.5800 -182076.5000 59288.0400
v -26082.9900 -182076.4000 59288.0400
v -26082.8600 -182076.5000 59288.0400
v -26083.2700 -182076.4000 59288.0400
v -26083.1300 -182076.4000 59288.0400
v -26083.5400 -182076.4000 59288.0400
v -26083.4100 -182076.4000 59288.0400
v -26083.8200 -182076.4000 59288.0400
v -26083.6800 -182076.4000 59288.0400
v -26084.0900 -182076.4000 59288.0400
v -26083.9600 -182076.4000 59288.0400
v -26084.3700 -182076.4000 59288.0400
v -26084.2300 -182076.4000 59288.0400
v -26084.6400 -182076.4000 59288.0400
v -26084.5100 -182076.4000 59288.0400
v -26084.9200 -182076.4000 59288.0400
v -26084.7800 -182076.4000 59288.0400
v -26085.1900 -182076.4000 59288.0400
v -26085.0600 -182076.4000 59288.0400
v -26085.4700 -182076.4000 59288.0400
v -26085.3300 -182076.4000 59288.0400
v -26085.7400 -182076.4000 59288.0400
v -26085.6100 -182076.4000 59288.0400
v -26086.0200 -182076.4000 59288.0400
v -26085.8800 -182076.4000 59288.0400
v -26086.2900 -182076.4000 59288.0400
v -26086.1600 -182076.4000 59288.0400
v -26086.5700 -182076.5000 59288.0400
v -26086.4300 -182076.5000 59288.0400
v -26086.8400 -182076.5000 59288.0400
v -26086.7100 -182076.5000 59288.0400
v -26087.1100 -182076.5000 59288.0400
v -26086.9800 -182076.5000 59288.0400
v -26087.3800 -182076.6000 59288.0400
v -26087.2500 -182076.6000 59288.0400
v -26087.6600 -182076.6000 59288.0400
v -26087.5200 -182076.6000 59288.0400
v -26087.9300 -182076.7000 59288.0400
v -26087.7900 -182076.7000 59288.0400
v -26088.2000 -182076.8000 59288.0400
v -26088.0600 -182076.7000 59288.0400
v -26088.4600 -182076.8000 59288.0400
v -26088.3300 -182076.8000 59288.0400
v -26088.7300 -182076.9000 59288.0400
v -26088.6000 -182076.9000 59288.0400
v -26088.9900 -182077.0000 59288.0400
v -26088.8600 -182076.9000 59288.0400
v -26089.2600 -182077.0000 59288.0400
v -26089.1300 -182077.0000 59288.0400
v -26089.5200 -182077.1000 59288.0400
v -26089.3900 -182077.1000 59288.0400
v -26089.7800 -182077.2000 59288.0400
v -26089.6500 -182077.2000 59288.0400
v -26090.0400 -182077.3000 59288.0400
v -26089.9100 -182077.3000 59288.0400
v -26090.3000 -182077.4000 59288.0400
v -26090.1700 -182077.4000 59288.0400
v -26090.5600 -182077.5000 59288.0400
v -26090.4300 -182077.5000 59288.0400
v -26090.8100 -182077.6000 59288.0400
v -26090.6900 -182077.6000 59288.0400
v -26091.0600 -182077.7000 59288.0400
v -26090.9400 -182077.7000 59288.0400
v -26091.3200 -182077.8000 59288.0400
v -26091.1900 -182077.8000 59288.0400
v -26091.5600 -182078.0000 59288.0400
v -26091.4400 -182077.9000 59288.0400
v -26091.8100 -182078.1000 59288.0400
v -26091.6900 -182078.0000 59288.0400
v -26092.0500 -182078.2000 59288.0400
v -26091.9300 -182078.1000 59288.0400
v -26092.3000 -182078.3000 59288.0400
v -26092.1800 -182078.3000 59288.0400
v -26092.5400 -182078.5000 59288.0400
v -26092.4200 -182078.4000 59288.0400
v -26092.7800 -182078.6000 59288.0400
v -26092.6600 -182078.5000 59288.0400
v -26093.0100 -182078.8000 59288.0400
v -26092.8900 -182078.7000 59288.0400
v -26093.2400 -182078.9000 59288.0400
v -26093.1300 -182078.8000 59288.0400
v -26093.4700 -182079.0000 59288.0400
v -26093.3600 -182079.0000 59288.0400
v -26093.7000 -182079.2000 59288.0400
v -26093.5900 -182079.1000 59288.0400
v -26093.9200 -182079.4000 59288.0400
v -26093.8100 -182079.3000 59288.0400
v -26094.1400 -182079.5000 59288.0400
v -26094.0400 -182079.5000 59288.0400
v -26094.3600 -182079.7000 59288.0400
v -26094.2600 -182079.6000 59288.0400
v -26094.5800 -182079.9000 59288.0400
v -26094.4700 -182079.8000 59288.0400
v -26094.7900 -182080.0000 59288.0400
v -26094.6900 -182080.0000 59288.0400
v -26095.0000 -182080.2000 59288.0400
v -26094.9000 -182080.1000 59288.0400
v -26095.2100 -182080.4000 59288.0400
v -26095.1100 -182080.3000 59288.0400
v -26095.4100 -182080.6000 59288.0400
v -26095.3100 -182080.5000 59288.0400
v -26095.6100 -182080.8000 59288.0400
v -26095.5100 -182080.7000 59288.0400
v -26095.8100 -182081.0000 59288.0400
v -26095.7100 -182080.9000 59288.0400
v -26096.0000 -182081.2000 59288.0400
v -26095.9000 -182081.1000 59288.0400
v -26096.1900 -182081.4000 59288.0400
v -26096.1000 -182081.3000 59288.0400
v -26096.3800 -182081.6000 59288.0400
v -26096.2800 -182081.5000 59288.0400
v -26096.5600 -182081.8000 59288.0400
v -26096.4700 -182081.7000 59288.0400
v -26096.7400 -182082.0000 59288.0400
v -26096.6500 -182081.9000 59288.0400
v -26096.9100 -182082.2000 59288.0400
v -26096.8300 -182082.1000 59288.0400
v -26097.0800 -182082.4000 59288.0400
v -26097.0000 -182082.3000 59288.0400
v -26097.2500 -182082.6000 59288.0400
v -26097.1700 -182082.5000 59288.0400
v -26097.4200 -182082.9000 59288.0400
v -26097.3400 -182082.8000 59288.0400
v -26097.5800 -182083.1000 59288.0400
v -26097.5000 -182083.0000 59288.0400
v -26097.7300 -182083.3000 59288.0400
v -26097.6500 -182083.2000 59288.0400
v -26097.8800 -182083.5000 59288.0400
v -26097.8100 -182083.4000 59288.0400
v -26098.0300 -182083.8000 59288.0400
v -26097.9600 -182083.7000 59288.0400
v -26098.1800 -182084.0000 59288.0400
v -26098.1100 -182083.9000 59288.0400
v -26098.3200 -182084.2000 59288.0400
v -26098.2500 -182084.1000 59288.0400
v -26098.4500 -182084.5000 59288.0400
v -26098.3800 -182084.4000 59288.0400
v -26098.5800 -182084.7000 59288.0400
v -26098.5200 -182084.6000 59288.0400
v -26098.7100 -182085.0000 59288.0400
v -26098.6500 -182084.9000 59288.0400
v -26098.8300 -182085.2000 59288.0400
v -26098.7700 -182085.1000 59288.0400
v -26098.9500 -182085.5000 59288.0400
v -26098.8900 -182085.3000 59288.0400
v -26099.0700 -182085.7000 59288.0400
v -26099.0100 -182085.6000 59288.0400
v -26099.1800 -182086.0000 59288.0400
v -26099.1200 -182085.8000 59288.0400
v -26099.2800 -182086.2000 59288.0400
v -26099.2300 -182086.1000 59288.0400
v -26099.3800 -182086.5000 59288.0400
v -26099.3300 -182086.4000 59288.0400
v -26099.4800 -182086.8000 59288.0400
v -26099.4300 -182086.6000 59288.0400
v -26099.5700 -182087.0000 59288.0400
v -26099.5300 -182086.9000 59288.0400
v -26099.6600 -182087.3000 59288.0400
v -26099.6200 -182087.1000 59288.0400
v -26099.7400 -182087.5000 59288.0400
v -26099.7000 -182087.4000 59288.0400
v -26099.8200 -182087.8000 59288.0400
v -26099.7800 -182087.7000 59288.0400
v -26099.8900 -182088.1000 59288.0400
v -26099.8600 -182087.9000 59288.0400
v -26099.9600 -182088.3000 59288.0400
v -26099.9300 -182088.2000 59288.0400
v -26100.0300 -182088.6000 59288.0400
v -26099.9900 -182088.5000 59288.0400
v -26100.0900 -182088.9000 59288.0400
v -26100.0600 -182088.7000 59288.0400
v -26100.1400 -182089.1000 59288.0400
v -26100.1100 -182089.0000 59288.0400
v -26100.2400 -182089.7000 59288.0400
v -26100.1900 -182089.4000 59288.0400
v -26100.3100 -182090.2000 59288.0400
v -26100.2800 -182090.0000 59288.0400
v -26100.3700 -182090.8000 59288.0400
v -26100.3400 -182090.5000 59288.0400
v -26100.4100 -182091.3000 59288.0400
v -26100.3900 -182091.0000 59288.0400
v -26100.4300 -182091.9000 59288.0400
v -26100.4200 -182091.6000 59288.0400
v -26100.4300 -182092.1000 59394.6100
v -26100.4200 -182091.6000 59394.6100
v -26100.4300 -182091.9000 59394.6100
v -26100.3900 -182091.0000 59394.6100
v -26100.4100 -182091.3000 59394.6100
v -26100.3500 -182090.5000 59394.6100
v -26100.3700 -182090.8000 59394.6100
v -26100.2800 -182089.9000 59394.6100
v -26100.3100 -182090.2000 59394.6100
v -26100.1900 -182089.4000 59394.6100
v -26100.2400 -182089.7000 59394.6100
v -26100.0900 -182088.9000 59394.6100
v -26100.1400 -182089.1000 59394.6100
v -26100.0300 -182088.6000 59394.6100
v -26100.0600 -182088.7000 59394.6100
v -26099.9600 -182088.3000 59394.6100
v -26100.0000 -182088.5000 59394.6100
v -26099.8900 -182088.1000 59394.6100
v -26099.9300 -182088.2000 59394.6100
v -26099.8200 -182087.8000 59394.6100
v -26099.8600 -182087.9000 59394.6100
v -26099.7400 -182087.5000 59394.6100
v -26099.7800 -182087.7000 59394.6100
v -26099.6600 -182087.3000 59394.6100
v -26099.7000 -182087.4000 59394.6100
v -26099.5700 -182087.0000 59394.6100
v -26099.6200 -182087.1000 59394.6100
v -26099.4800 -182086.8000 59394.6100
v -26099.5300 -182086.9000 59394.6100
v -26099.3800 -182086.5000 59394.6100
v -26099.4300 -182086.6000 59394.6100
v -26099.2800 -182086.2000 59394.6100
v -26099.3300 -182086.4000 59394.6100
v -26099.1800 -182086.0000 59394.6100
v -26099.2300 -182086.1000 59394.6100
v -26099.0700 -182085.7000 59394.6100
v -26099.1200 -182085.8000 59394.6100
v -26098.9500 -182085.5000 59394.6100
v -26099.0100 -182085.6000 59394.6100
v -26098.8300 -182085.2000 59394.6100
v -26098.8900 -182085.3000 59394.6100
v -26098.7100 -182085.0000 59394.6100
v -26098.7700 -182085.1000 59394.6100
v -26098.5800 -182084.7000 59394.6100
v -26098.6500 -182084.8000 59394.6100
v -26098.4500 -182084.5000 59394.6100
v -26098.5200 -182084.6000 59394.6100
v -26098.3200 -182084.2000 59394.6100
v -26098.3800 -182084.4000 59394.6100
v -26098.1800 -182084.0000 59394.6100
v -26098.2500 -182084.1000 59394.6100
v -26098.0300 -182083.8000 59394.6100
v -26098.1000 -182083.9000 59394.6100
v -26097.8800 -182083.5000 59394.6100
v -26097.9600 -182083.7000 59394.6100
v -26097.7300 -182083.3000 59394.6100
v -26097.8100 -182083.4000 59394.6100
v -26097.5800 -182083.1000 59394.6100
v -26097.6500 -182083.2000 59394.6100
v -26097.4200 -182082.9000 59394.6100
v -26097.5000 -182083.0000 59394.6100
v -26097.2500 -182082.6000 59394.6100
v -26097.3300 -182082.8000 59394.6100
v -26097.0800 -182082.4000 59394.6100
v -26097.1700 -182082.5000 59394.6100
v -26096.9100 -182082.2000 59394.6100
v -26097.0000 -182082.3000 59394.6100
v -26096.7400 -182082.0000 59394.6100
v -26096.8200 -182082.1000 59394.6100
v -26096.5600 -182081.8000 59394.6100
v -26096.6500 -182081.9000 59394.6100
v -26096.3800 -182081.6000 59394.6100
v -26096.4700 -182081.7000 59394.6100
v -26096.1900 -182081.4000 59394.6100
v -26096.2800 -182081.5000 59394.6100
v -26096.0000 -182081.2000 59394.6100
v -26096.1000 -182081.3000 59394.6100
v -26095.8100 -182081.0000 59394.6100
v -26095.9000 -182081.1000 59394.6100
v -26095.6100 -182080.8000 59394.6100
v -26095.7100 -182080.9000 59394.6100
v -26095.4100 -182080.6000 59394.6100
v -26095.5100 -182080.7000 59394.6100
v -26095.2100 -182080.4000 59394.6100
v -26095.3100 -182080.5000 59394.6100
v -26095.0000 -182080.2000 59394.6100
v -26095.1000 -182080.3000 59394.6100
v -26094.7900 -182080.0000 59394.6100
v -26094.9000 -182080.1000 59394.6100
v -26094.5800 -182079.9000 59394.6100
v -26094.6900 -182080.0000 59394.6100
v -26094.3600 -182079.7000 59394.6100
v -26094.4700 -182079.8000 59394.6100
v -26094.1400 -182079.5000 59394.6100
v -26094.2500 -182079.6000 59394.6100
v -26093.9200 -182079.4000 59394.6100
v -26094.0300 -182079.5000 59394.6100
v -26093.7000 -182079.2000 59394.6100
v -26093.8100 -182079.3000 59394.6100
v -26093.4700 -182079.0000 59394.6100
v -26093.5800 -182079.1000 59394.6100
v -26093.2400 -182078.9000 59394.6100
v -26093.3600 -182079.0000 59394.6100
v -26093.0100 -182078.8000 59394.6100
v -26093.1200 -182078.8000 59394.6100
v -26092.7800 -182078.6000 59394.6100
v -26092.8900 -182078.7000 59394.6100
v -26092.5400 -182078.5000 59394.6100
v -26092.6500 -182078.5000 59394.6100
v -26092.3000 -182078.3000 59394.6100
v -26092.4200 -182078.4000 59394.6100
v -26092.0500 -182078.2000 59394.6100
v -26092.1800 -182078.3000 59394.6100
v -26091.8100 -182078.1000 59394.6100
v -26091.9300 -182078.1000 59394.6100
v -26091.5600 -182078.0000 59394.6100
v -26091.6900 -182078.0000 59394.6100
v -26091.3200 -182077.8000 59394.6100
v -26091.4400 -182077.9000 59394.6100
v -26091.0600 -182077.7000 59394.6100
v -26091.1900 -182077.8000 59394.6100
v -26090.8100 -182077.6000 59394.6100
v -26090.9400 -182077.7000 59394.6100
v -26090.5600 -182077.5000 59394.6100
v -26090.6800 -182077.5000 59394.6100
v -26090.3000 -182077.4000 59394.6100
v -26090.4300 -182077.5000 59394.6100
v -26090.0400 -182077.3000 59394.6100
v -26090.1700 -182077.4000 59394.6100
v -26089.7800 -182077.2000 59394.6100
v -26089.9100 -182077.3000 59394.6100
v -26089.5200 -182077.1000 59394.6100
v -26089.6500 -182077.2000 59394.6100
v -26089.2600 -182077.0000 59394.6100
v -26089.3900 -182077.1000 59394.6100
v -26088.9900 -182077.0000 59394.6100
v -26089.1200 -182077.0000 59394.6100
v -26088.7300 -182076.9000 59394.6100
v -26088.8600 -182076.9000 59394.6100
v -26088.4600 -182076.8000 59394.6100
v -26088.5900 -182076.9000 59394.6100
v -26088.2000 -182076.8000 59394.6100
v -26088.3300 -182076.8000 59394.6100
v -26087.9300 -182076.7000 59394.6100
v -26088.0600 -182076.7000 59394.6100
v -26087.6600 -182076.6000 59394.6100
v -26087.7900 -182076.7000 59394.6100
v -26087.3800 -182076.6000 59394.6100
v -26087.5200 -182076.6000 59394.6100
v -26087.1100 -182076.5000 59394.6100
v -26087.2500 -182076.6000 59394.6100
v -26086.8400 -182076.5000 59394.6100
v -26086.9700 -182076.5000 59394.6100
v -26086.5700 -182076.5000 59394.6100
v -26086.7000 -182076.5000 59394.6100
v -26086.2900 -182076.4000 59394.6100
v -26086.4300 -182076.5000 59394.6100
v -26086.0200 -182076.4000 59394.6100
v -26086.1500 -182076.4000 59394.6100
v -26085.7400 -182076.4000 59394.6100
v -26085.8800 -182076.4000 59394.6100
v -26085.4700 -182076.4000 59394.6100
v -26085.6100 -182076.4000 59394.6100
v -26085.1900 -182076.4000 59394.6100
v -26085.3300 -182076.4000 59394.6100
v -26084.9200 -182076.4000 59394.6100
v -26085.0500 -182076.4000 59394.6100
v -26084.6400 -182076.4000 59394.6100
v -26084.7800 -182076.4000 59394.6100
v -26084.3700 -182076.4000 59394.6100
v -26084.5000 -182076.4000 59394.6100
v -26084.0900 -182076.4000 59394.6100
v -26084.2300 -182076.4000 59394.6100
v -26083.8200 -182076.4000 59394.6100
v -26083.9500 -182076.4000 59394.6100
v -26083.5400 -182076.4000 59394.6100
v -26083.6800 -182076.4000 59394.6100
v -26083.2700 -182076.4000 59394.6100
v -26083.4000 -182076.4000 59394.6100
v -26082.9900 -182076.4000 59394.6100
v -26083.1300 -182076.4000 59394.6100
v -26082.7200 -182076.5000 59394.6100
v -26082.8500 -182076.5000 59394.6100
v -26082.4500 -182076.5000 59394.6100
v -26082.5800 -182076.5000 59394.6100
v -26082.1700 -182076.5000 59394.6100
v -26082.3100 -182076.5000 59394.6100
v -26081.9000 -182076.6000 59394.6100
v -26082.0400 -182076.6000 59394.6100
v -26081.6300 -182076.6000 59394.6100
v -26081.7600 -182076.6000 59394.6100
v -26081.3600 -182076.7000 59394.6100
v -26081.4900 -182076.7000 59394.6100
v -26081.0900 -182076.8000 59394.6100
v -26081.2200 -182076.7000 59394.6100
v -26080.8200 -182076.8000 59394.6100
v -26080.9600 -182076.8000 59394.6100
v -26080.5600 -182076.9000 59394.6100
v -26080.6900 -182076.9000 59394.6100
v -26080.2900 -182077.0000 59394.6100
v -26080.4200 -182076.9000 59394.6100
v -26080.0300 -182077.0000 59394.6100
v -26080.1600 -182077.0000 59394.6100
v -26079.7600 -182077.1000 59394.6100
v -26079.8900 -182077.1000 59394.6100
v -26079.5000 -182077.2000 59394.6100
v -26079.6300 -182077.2000 59394.6100
v -26079.2400 -182077.3000 59394.6100
v -26079.3700 -182077.3000 59394.6100
v -26078.9800 -182077.4000 59394.6100
v -26079.1100 -182077.4000 59394.6100
v -26078.7300 -182077.5000 59394.6100
v -26078.8600 -182077.5000 59394.6100
v -26078.4700 -182077.6000 59394.6100
v -26078.6000 -182077.6000 59394.6100
v -26078.2200 -182077.7000 59394.6100
v -26078.3500 -182077.7000 59394.6100
v -26077.9700 -182077.8000 59394.6100
v -26078.0900 -182077.8000 59394.6100
v -26077.7200 -182078.0000 59394.6100
v -26077.8400 -182077.9000 59394.6100
v -26077.4700 -182078.1000 59394.6100
v -26077.6000 -182078.0000 59394.6100
v -26077.2300 -182078.2000 59394.6100
v -26077.3500 -182078.1000 59394.6100
v -26076.9900 -182078.3000 59394.6100
v -26077.1100 -182078.3000 59394.6100
v -26076.7500 -182078.5000 59394.6100
v -26076.8700 -182078.4000 59394.6100
v -26076.5100 -182078.6000 59394.6100
v -26076.6300 -182078.5000 59394.6100
v -26076.2800 -182078.8000 59394.6100
v -26076.3900 -182078.7000 59394.6100
v -26076.0400 -182078.9000 59394.6100
v -26076.1600 -182078.8000 59394.6100
v -26075.8100 -182079.0000 59394.6100
v -26075.9300 -182079.0000 59394.6100
v -26075.5900 -182079.2000 59394.6100
v -26075.7000 -182079.1000 59394.6100
v -26075.3600 -182079.4000 59394.6100
v -26075.4700 -182079.3000 59394.6100
v -26075.1400 -182079.5000 59394.6100
v -26075.2500 -182079.5000 59394.6100
v -26074.9200 -182079.7000 59394.6100
v -26075.0300 -182079.6000 59394.6100
v -26074.7100 -182079.9000 59394.6100
v -26074.8100 -182079.8000 59394.6100
v -26074.4900 -182080.0000 59394.6100
v -26074.6000 -182080.0000 59394.6100
v -26074.2800 -182080.2000 59394.6100
v -26074.3900 -182080.1000 59394.6100
v -26074.0800 -182080.4000 59394.6100
v -26074.1800 -182080.3000 59394.6100
v -26073.8800 -182080.6000 59394.6100
v -26073.9700 -182080.5000 59394.6100
v -26073.6700 -182080.8000 59394.6100
v -26073.7700 -182080.7000 59394.6100
v -26073.4800 -182081.0000 59394.6100
v -26073.5700 -182080.9000 59394.6100
v -26073.2900 -182081.2000 59394.6100
v -26073.3800 -182081.1000 59394.6100
v -26073.1000 -182081.4000 59394.6100
v -26073.1900 -182081.3000 59394.6100
v -26072.9100 -182081.6000 59394.6100
v -26073.0000 -182081.5000 59394.6100
v -26072.7300 -182081.8000 59394.6100
v -26072.8200 -182081.7000 59394.6100
v -26072.5500 -182082.0000 59394.6100
v -26072.6300 -182081.9000 59394.6100
v -26072.3700 -182082.2000 59394.6100
v -26072.4600 -182082.1000 59394.6100
v -26072.2000 -182082.4000 59394.6100
v -26072.2900 -182082.3000 59394.6100
v -26072.0300 -182082.6000 59394.6100
v -26072.1200 -182082.5000 59394.6100
v -26071.8700 -182082.9000 59394.6100
v -26071.9500 -182082.8000 59394.6100
v -26071.7100 -182083.1000 59394.6100
v -26071.7900 -182083.0000 59394.6100
v -26071.5500 -182083.3000 59394.6100
v -26071.6300 -182083.2000 59394.6100
v -26071.4000 -182083.5000 59394.6100
v -26071.4700 -182083.4000 59394.6100
v -26071.2500 -182083.8000 59394.6100
v -26071.3300 -182083.7000 59394.6100
v -26071.1100 -182084.0000 59394.6100
v -26071.1800 -182083.9000 59394.6100
v -26070.9700 -182084.2000 59394.6100
v -26071.0400 -182084.1000 59394.6100
v -26070.8300 -182084.5000 59394.6100
v -26070.9000 -182084.4000 59394.6100
v -26070.7000 -182084.7000 59394.6100
v -26070.7700 -182084.6000 59394.6100
v -26070.5700 -182085.0000 59394.6100
v -26070.6400 -182084.9000 59394.6100
v -26070.4500 -182085.2000 59394.6100
v -26070.5100 -182085.1000 59394.6100
v -26070.3300 -182085.5000 59394.6100
v -26070.3900 -182085.3000 59394.6100
v -26070.2200 -182085.7000 59394.6100
v -26070.2800 -182085.6000 59394.6100
v -26070.1100 -182086.0000 59394.6100
v -26070.1600 -182085.8000 59394.6100
v -26070.0000 -182086.2000 59394.6100
v -26070.0500 -182086.1000 59394.6100
v -26069.9000 -182086.5000 59394.6100
v -26069.9500 -182086.4000 59394.6100
v -26069.8100 -182086.8000 59394.6100
v -26069.8500 -182086.6000 59394.6100
v -26069.7100 -182087.0000 59394.6100
v -26069.7600 -182086.9000 59394.6100
v -26069.6300 -182087.3000 59394.6100
v -26069.6700 -182087.1000 59394.6100
v -26069.5400 -182087.5000 59394.6100
v -26069.5800 -182087.4000 59394.6100
v -26069.4600 -182087.8000 59394.6100
v -26069.5000 -182087.7000 59394.6100
v -26069.3900 -182088.1000 59394.6100
v -26069.4300 -182087.9000 59394.6100
v -26069.3200 -182088.3000 59394.6100
v -26069.3600 -182088.2000 59394.6100
v -26069.2600 -182088.6000 59394.6100
v -26069.2900 -182088.5000 59394.6100
v -26069.2000 -182088.9000 59394.6100
v -26069.2300 -182088.7000 59394.6100
v -26069.1400 -182089.1000 59394.6100
v -26069.1700 -182089.0000 59394.6100
v -26069.0500 -182089.7000 59394.6100
v -26069.0900 -182089.4000 59394.6100
v -26068.9700 -182090.2000 59394.6100
v -26069.0100 -182090.0000 59394.6100
v -26068.9100 -182090.8000 59394.6100
v -26068.9400 -182090.5000 59394.6100
v -26068.8800 -182091.3000 59394.6100
v -26068.8900 -182091.0000 59394.6100
v -26068.8600 -182091.9000 59394.6100
v -26068.8600 -182091.6000 59394.6100
v -26068.8600 -182092.4000 59394.6100
v -26068.8600 -182092.1000 59394.6100
v -26068.8800 -182093.0000 59394.6100
v -26068.8700 -182092.7000 59394.6100
v -26068.9100 -182093.5000 59394.6100
v -26068.8900 -182093.2000 59394.6100
v -26068.9700 -182094.1000 59394.6100
v -26068.9400 -182093.8000 59394.6100
v -26069.0500 -182094.6000 59394.6100
v -26069.0100 -182094.3000 59394.6100
v -26069.1400 -182095.2000 59394.6100
v -26069.1000 -182094.9000 59394.6100
v -26069.2000 -182095.4000 59394.6100
v -26069.1700 -182095.3000 59394.6100
v -26069.2600 -182095.7000 59394.6100
v -26069.2300 -182095.6000 59394.6100
v -26069.3200 -182096.0000 59394.6100
v -26069.2900 -182095.8000 59394.6100
v -26069.3900 -182096.2000 59394.6100
v -26069.3600 -182096.1000 59394.6100
v -26069.4600 -182096.5000 59394.6100
v -26069.4300 -182096.4000 59394.6100
v -26069.5400 -182096.8000 59394.6100
v -26069.5000 -182096.6000 59394.6100
v -26069.6300 -182097.0000 59394.6100
v -26069.5800 -182096.9000 59394.6100
v -26069.7100 -182097.3000 59394.6100
v -26069.6700 -182097.2000 59394.6100
v -26069.8100 -182097.5000 59394.6100
v -26069.7600 -182097.4000 59394.6100
v -26069.9000 -182097.8000 59394.6100
v -26069.8500 -182097.7000 59394.6100
v -26070.0000 -182098.1000 59394.6100
v -26069.9500 -182097.9000 59394.6100
v -26070.1100 -182098.3000 59394.6100
v -26070.0600 -182098.2000 59394.6100
v -26070.2200 -182098.6000 59394.6100
v -26070.1600 -182098.4000 59394.6100
v -26070.3300 -182098.8000 59394.6100
v -26070.2800 -182098.7000 59394.6100
v -26070.4500 -182099.1000 59394.6100
v -26070.3900 -182098.9000 59394.6100
v -26070.5700 -182099.3000 59394.6100
v -26070.5100 -182099.2000 59394.6100
v -26070.7000 -182099.6000 59394.6100
v -26070.6400 -182099.4000 59394.6100
v -26070.8300 -182099.8000 59394.6100
v -26070.7700 -182099.7000 59394.6100
v -26070.9700 -182100.0000 59394.6100
v -26070.9000 -182099.9000 59394.6100
v -26071.1100 -182100.3000 59394.6100
v -26071.0400 -182100.2000 59394.6100
v -26071.2500 -182100.5000 59394.6100
v -26071.1800 -182100.4000 59394.6100
v -26071.4000 -182100.7000 59394.6100
v -26071.3300 -182100.6000 59394.6100
v -26071.5500 -182101.0000 59394.6100
v -26071.4800 -182100.9000 59394.6100
v -26071.7100 -182101.2000 59394.6100
v -26071.6300 -182101.1000 59394.6100
v -26071.8700 -182101.4000 59394.6100
v -26071.7900 -182101.3000 59394.6100
v -26072.0300 -182101.6000 59394.6100
v -26071.9500 -182101.5000 59394.6100
v -26072.2000 -182101.9000 59394.6100
v -26072.1200 -182101.8000 59394.6100
v -26072.3700 -182102.1000 59394.6100
v -26072.2900 -182102.0000 59394.6100
v -26072.5500 -182102.3000 59394.6100
v -26072.4600 -182102.2000 59394.6100
v -26072.7300 -182102.5000 59394.6100
v -26072.6400 -182102.4000 59394.6100
v -26072.9100 -182102.7000 59394.6100
v -26072.8200 -182102.6000 59394.6100
v -26073.1000 -182102.9000 59394.6100
v -26073.0000 -182102.8000 59394.6100
v -26073.2900 -182103.1000 59394.6100
v -26073.1900 -182103.0000 59394.6100
v -26073.4800 -182103.3000 59394.6100
v -26073.3800 -182103.2000 59394.6100
v -26073.6700 -182103.5000 59394.6100
v -26073.5800 -182103.4000 59394.6100
v -26073.8800 -182103.7000 59394.6100
v -26073.7800 -182103.6000 59394.6100
v -26074.0800 -182103.9000 59394.6100
v -26073.9800 -182103.8000 59394.6100
v -26074.2800 -182104.1000 59394.6100
v -26074.1800 -182104.0000 59394.6100
v -26074.4900 -182104.2000 59394.6100
v -26074.3900 -182104.2000 59394.6100
v -26074.7100 -182104.4000 59394.6100
v -26074.6000 -182104.3000 59394.6100
v -26074.9200 -182104.6000 59394.6100
v -26074.8100 -182104.5000 59394.6100
v -26075.1400 -182104.8000 59394.6100
v -26075.0300 -182104.7000 59394.6100
v -26075.3600 -182104.9000 59394.6100
v -26075.2500 -182104.8000 59394.6100
v -26075.5900 -182105.1000 59394.6100
v -26075.4700 -182105.0000 59394.6100
v -26075.8100 -182105.2000 59394.6100
v -26075.7000 -182105.2000 59394.6100
v -26076.0400 -182105.4000 59394.6100
v -26075.9300 -182105.3000 59394.6100
v -26076.2800 -182105.5000 59394.6100
v -26076.1600 -182105.5000 59394.6100
v -26076.5100 -182105.7000 59394.6100
v -26076.3900 -182105.6000 59394.6100
v -26076.7500 -182105.8000 59394.6100
v -26076.6300 -182105.8000 59394.6100
v -26076.9900 -182106.0000 59394.6100
v -26076.8700 -182105.9000 59394.6100
v -26077.2300 -182106.1000 59394.6100
v -26077.1100 -182106.0000 59394.6100
v -26077.4700 -182106.2000 59394.6100
v -26077.3500 -182106.2000 59394.6100
v -26077.7200 -182106.3000 59394.6100
v -26077.6000 -182106.3000 59394.6100
v -26077.9700 -182106.5000 59394.6100
v -26077.8500 -182106.4000 59394.6100
v -26078.2200 -182106.6000 59394.6100
v -26078.1000 -182106.5000 59394.6100
v -26078.4700 -182106.7000 59394.6100
v -26078.3500 -182106.6000 59394.6100
v -26078.7300 -182106.8000 59394.6100
v -26078.6000 -182106.7000 59394.6100
v -26078.9800 -182106.9000 59394.6100
v -26078.8600 -182106.8000 59394.6100
v -26079.2400 -182107.0000 59394.6100
v -26079.1200 -182106.9000 59394.6100
v -26079.5000 -182107.1000 59394.6100
v -26079.3700 -182107.0000 59394.6100
v -26079.7600 -182107.2000 59394.6100
v -26079.6300 -182107.1000 59394.6100
v -26080.0300 -182107.2000 59394.6100
v -26079.9000 -182107.2000 59394.6100
v -26080.2900 -182107.3000 59394.6100
v -26080.1600 -182107.3000 59394.6100
v -26080.5600 -182107.4000 59394.6100
v -26080.4200 -182107.4000 59394.6100
v -26080.8200 -182107.5000 59394.6100
v -26080.6900 -182107.4000 59394.6100
v -26081.0900 -182107.5000 59394.6100
v -26080.9600 -182107.5000 59394.6100
v -26081.3600 -182107.6000 59394.6100
v -26081.2300 -182107.6000 59394.6100
v -26081.6300 -182107.6000 59394.6100
v -26081.5000 -182107.6000 59394.6100
v -26081.9000 -182107.7000 59394.6100
v -26081.7700 -182107.7000 59394.6100
v -26082.1700 -182107.7000 59394.6100
v -26082.0400 -182107.7000 59394.6100
v -26082.4500 -182107.8000 59394.6100
v -26082.3100 -182107.8000 59394.6100
v -26082.7200 -182107.8000 59394.6100
v -26082.5800 -182107.8000 59394.6100
v -26082.9900 -182107.8000 59394.6100
v -26082.8600 -182107.8000 59394.6100
v -26083.2700 -182107.9000 59394.6100
v -26083.1300 -182107.9000 59394.6100
v -26083.5400 -182107.9000 59394.6100
v -26083.4100 -182107.9000 59394.6100
v -26083.8200 -182107.9000 59394.6100
v -26083.6800 -182107.9000 59394.6100
v -26084.0900 -182107.9000 59394.6100
v -26083.9600 -182107.9000 59394.6100
v -26084.3700 -182107.9000 59394.6100
v -26084.2300 -182107.9000 59394.6100
v -26084.6400 -182107.9000 59394.6100
v -26084.5100 -182107.9000 59394.6100
v -26084.9200 -182107.9000 59394.6100
v -26084.7800 -182107.9000 59394.6100
v -26085.1900 -182107.9000 59394.6100
v -26085.0600 -182107.9000 59394.6100
v -26085.4700 -182107.9000 59394.6100
v -26085.3300 -182107.9000 59394.6100
v -26085.7400 -182107.9000 59394.6100
v -26085.6100 -182107.9000 59394.6100
v -26086.0200 -182107.9000 59394.6100
v -26085.8800 -182107.9000 59394.6100
v -26086.2900 -182107.8000 59394.6100
v -26086.1600 -182107.9000 59394.6100
v -26086.5700 -182107.8000 59394.6100
v -26086.4300 -182107.8000 59394.6100
v -26086.8400 -182107.8000 59394.6100
v -26086.7100 -182107.8000 59394.6100
v -26087.1100 -182107.7000 59394.6100
v -26086.9800 -182107.8000 59394.6100
v -26087.3800 -182107.7000 59394.6100
v -26087.2500 -182107.7000 59394.6100
v -26087.6600 -182107.6000 59394.6100
v -26087.5200 -182107.7000 59394.6100
v -26087.9300 -182107.6000 59394.6100
v -26087.7900 -182107.6000 59394.6100
v -26088.2000 -182107.5000 59394.6100
v -26088.0600 -182107.6000 59394.6100
v -26088.4600 -182107.5000 59394.6100
v -26088.3300 -182107.5000 59394.6100
v -26088.7300 -182107.4000 59394.6100
v -26088.6000 -182107.4000 59394.6100
v -26088.9900 -182107.3000 59394.6100
v -26088.8600 -182107.4000 59394.6100
v -26089.2600 -182107.2000 59394.6100
v -26089.1300 -182107.3000 59394.6100
v -26089.5200 -182107.2000 59394.6100
v -26089.3900 -182107.2000 59394.6100
v -26089.7800 -182107.1000 59394.6100
v -26089.6500 -182107.1000 59394.6100
v -26090.0400 -182107.0000 59394.6100
v -26089.9100 -182107.0000 59394.6100
v -26090.3000 -182106.9000 59394.6100
v -26090.1700 -182106.9000 59394.6100
v -26090.5600 -182106.8000 59394.6100
v -26090.4300 -182106.8000 59394.6100
v -26090.8100 -182106.7000 59394.6100
v -26090.6900 -182106.7000 59394.6100
v -26091.0600 -182106.6000 59394.6100
v -26090.9400 -182106.6000 59394.6100
v -26091.3200 -182106.5000 59394.6100
v -26091.1900 -182106.5000 59394.6100
v -26091.5600 -182106.3000 59394.6100
v -26091.4400 -182106.4000 59394.6100
v -26091.8100 -182106.2000 59394.6100
v -26091.6900 -182106.3000 59394.6100
v -26092.0500 -182106.1000 59394.6100
v -26091.9400 -182106.1000 59394.6100
v -26092.3000 -182106.0000 59394.6100
v -26092.1800 -182106.0000 59394.6100
v -26092.5400 -182105.8000 59394.6100
v -26092.4200 -182105.9000 59394.6100
v -26092.7800 -182105.7000 59394.6100
v -26092.6600 -182105.8000 59394.6100
v -26093.0100 -182105.5000 59394.6100
v -26092.8900 -182105.6000 59394.6100
v -26093.2400 -182105.4000 59394.6100
v -26093.1300 -182105.5000 59394.6100
v -26093.4700 -182105.2000 59394.6100
v -26093.3600 -182105.3000 59394.6100
v -26093.7000 -182105.1000 59394.6100
v -26093.5900 -182105.2000 59394.6100
v -26093.9200 -182104.9000 59394.6100
v -26093.8100 -182105.0000 59394.6100
v -26094.1400 -182104.8000 59394.6100
v -26094.0400 -182104.8000 59394.6100
v -26094.3600 -182104.6000 59394.6100
v -26094.2600 -182104.7000 59394.6100
v -26094.5800 -182104.4000 59394.6100
v -26094.4700 -182104.5000 59394.6100
v -26094.7900 -182104.2000 59394.6100
v -26094.6900 -182104.3000 59394.6100
v -26095.0000 -182104.1000 59394.6100
v -26094.9000 -182104.1000 59394.6100
v -26095.2100 -182103.9000 59394.6100
v -26095.1100 -182104.0000 59394.6100
v -26095.4100 -182103.7000 59394.6100
v -26095.3100 -182103.8000 59394.6100
v -26095.6100 -182103.5000 59394.6100
v -26095.5100 -182103.6000 59394.6100
v -26095.8100 -182103.3000 59394.6100
v -26095.7100 -182103.4000 59394.6100
v -26096.0000 -182103.1000 59394.6100
v -26095.9100 -182103.2000 59394.6100
v -26096.1900 -182102.9000 59394.6100
v -26096.1000 -182103.0000 59394.6100
v -26096.3800 -182102.7000 59394.6100
v -26096.2900 -182102.8000 59394.6100
v -26096.5600 -182102.5000 59394.6100
v -26096.4700 -182102.6000 59394.6100
v -26096.7400 -182102.3000 59394.6100
v -26096.6500 -182102.4000 59394.6100
v -26096.9100 -182102.1000 59394.6100
v -26096.8300 -182102.2000 59394.6100
v -26097.0800 -182101.9000 59394.6100
v -26097.0000 -182102.0000 59394.6100
v -26097.2500 -182101.6000 59394.6100
v -26097.1700 -182101.8000 59394.6100
v -26097.4200 -182101.4000 59394.6100
v -26097.3400 -182101.5000 59394.6100
v -26097.5800 -182101.2000 59394.6100
v -26097.5000 -182101.3000 59394.6100
v -26097.7300 -182101.0000 59394.6100
v -26097.6600 -182101.1000 59394.6100
v -26097.8800 -182100.7000 59394.6100
v -26097.8100 -182100.9000 59394.6100
v -26098.0300 -182100.5000 59394.6100
v -26097.9600 -182100.6000 59394.6100
v -26098.1800 -182100.3000 59394.6100
v -26098.1100 -182100.4000 59394.6100
v -26098.3200 -182100.0000 59394.6100
v -26098.2500 -182100.2000 59394.6100
v -26098.4500 -182099.8000 59394.6100
v -26098.3900 -182099.9000 59394.6100
v -26098.5800 -182099.6000 59394.6100
v -26098.5200 -182099.7000 59394.6100
v -26098.7100 -182099.3000 59394.6100
v -26098.6500 -182099.4000 59394.6100
v -26098.8300 -182099.1000 59394.6100
v -26098.7700 -182099.2000 59394.6100
v -26098.9500 -182098.8000 59394.6100
v -26098.8900 -182098.9000 59394.6100
v -26099.0700 -182098.6000 59394.6100
v -26099.0100 -182098.7000 59394.6100
v -26099.1800 -182098.3000 59394.6100
v -26099.1200 -182098.4000 59394.6100
v -26099.2800 -182098.1000 59394.6100
v -26099.2300 -182098.2000 59394.6100
v -26099.3800 -182097.8000 59394.6100
v -26099.3300 -182097.9000 59394.6100
v -26099.4800 -182097.5000 59394.6100
v -26099.4300 -182097.7000 59394.6100
v -26099.5700 -182097.3000 59394.6100
v -26099.5300 -182097.4000 59394.6100
v -26099.6600 -182097.0000 59394.6100
v -26099.6200 -182097.2000 59394.6100
v -26099.7400 -182096.8000 59394.6100
v -26099.7000 -182096.9000 59394.6100
v -26099.8200 -182096.5000 59394.6100
v -26099.7800 -182096.6000 59394.6100
v -26099.8900 -182096.2000 59394.6100
v -26099.8600 -182096.4000 59394.6100
v -26099.9600 -182096.0000 59394.6100
v -26099.9300 -182096.1000 59394.6100
v -26100.0300 -182095.7000 59394.6100
v -26100.0000 -182095.8000 59394.6100
v -26100.0900 -182095.4000 59394.6100
v -26100.0600 -182095.6000 59394.6100
v -26100.1400 -182095.2000 59394.6100
v -26100.1200 -182095.3000 59394.6100
v -26100.2400 -182094.6000 59394.6100
v -26100.1900 -182094.9000 59394.6100
v -26100.3100 -182094.1000 59394.6100
v -26100.2800 -182094.3000 59394.6100
v -26100.3700 -182093.5000 59394.6100
v -26100.3400 -182093.8000 59394.6100
v -26100.4100 -182093.0000 59394.6100
v -26100.3900 -182093.2000 59394.6100
v -26100.4300 -182092.4000 59394.6100
v -26100.4200 -182092.7000 59394.6100
v -26100.4300 -182092.1000 59342.1700
v -26095.8100 -182081.0000 59342.1700
v -26084.6400 -182076.4000 59342.1700
v -26073.4800 -182081.0000 59342.1700
v -26068.8500 -182092.1000 59288.0400
v -26068.8500 -182092.1000 59394.6100
v -26068.8500 -182092.1000 59342.1700
v -26073.4800 -182103.3000 59342.1700
v -26084.6400 -182107.9000 59342.1700
v -26095.8100 -182103.3000 59342.1700
v -25749.1500 -184312.5000 59504.6300
v -25749.1400 -184312.5000 59504.8400
v -25749.1400 -184312.5000 59504.7300
v -25749.1400 -184312.5000 59505.0400
v -25749.1400 -184312.5000 59504.9400
v -25749.1300 -184312.5000 59505.2500
v -25749.1300 -184312.5000 59505.1500
v -25749.1200 -184312.5000 59505.4500
v -25749.1200 -184312.5000 59505.3500
v -25749.1000 -184312.5000 59505.6600
v -25749.1100 -184312.5000 59505.5600
v -25749.0800 -184312.5000 59505.8700
v -25749.0900 -184312.5000 59505.7700
v -25749.0600 -184312.5000 59506.0700
v -25749.0700 -184312.5000 59505.9700
v -25749.0300 -184312.5000 59506.2800
v -25749.0400 -184312.5000 59506.1800
v -25749.0000 -184312.5000 59506.4800
v -25749.0200 -184312.5000 59506.3800
v -25748.9700 -184312.5000 59506.6800
v -25748.9800 -184312.5000 59506.5900
v -25748.9300 -184312.5000 59506.8900
v -25748.9500 -184312.5000 59506.7900
v -25748.8900 -184312.5000 59507.0900
v -25748.9100 -184312.5000 59506.9900
v -25748.8400 -184312.5000 59507.2900
v -25748.8700 -184312.5000 59507.1900
v -25748.7900 -184312.5000 59507.4900
v -25748.8200 -184312.5000 59507.3900
v -25748.7400 -184312.5000 59507.7000
v -25748.7700 -184312.5000 59507.5900
v -25748.6900 -184312.5000 59507.8900
v -25748.7100 -184312.5000 59507.7900
v -25748.6300 -184312.5000 59508.0900
v -25748.6600 -184312.5000 59507.9900
v -25748.5700 -184312.5000 59508.2900
v -25748.6000 -184312.5000 59508.1900
v -25748.5000 -184312.5000 59508.4800
v -25748.5300 -184312.5000 59508.3900
v -25748.4300 -184312.5000 59508.6800
v -25748.4700 -184312.5000 59508.5800
v -25748.3600 -184312.5000 59508.8700
v -25748.3900 -184312.5000 59508.7800
v -25748.2800 -184312.5000 59509.0700
v -25748.3200 -184312.5000 59508.9700
v -25748.2100 -184312.5000 59509.2500
v -25748.2400 -184312.5000 59509.1600
v -25748.1200 -184312.5000 59509.4500
v -25748.1600 -184312.5000 59509.3500
v -25748.0400 -184312.5000 59509.6300
v -25748.0800 -184312.5000 59509.5400
v -25747.9500 -184312.5000 59509.8200
v -25747.9900 -184312.5000 59509.7300
v -25747.8600 -184312.5000 59510.0000
v -25747.9000 -184312.5000 59509.9100
v -25747.7600 -184312.5000 59510.1900
v -25747.8100 -184312.5000 59510.1000
v -25747.6600 -184312.5000 59510.3700
v -25747.7100 -184312.5000 59510.2800
v -25747.5600 -184312.5000 59510.5500
v -25747.6100 -184312.5000 59510.4600
v -25747.4600 -184312.5000 59510.7300
v -25747.5100 -184312.5000 59510.6400
v -25747.3500 -184312.5000 59510.9000
v -25747.4000 -184312.5000 59510.8200
v -25747.2400 -184312.5000 59511.0800
v -25747.2900 -184312.5000 59510.9900
v -25747.1200 -184312.5000 59511.2500
v -25747.1800 -184312.5000 59511.1600
v -25747.0000 -184312.5000 59511.4200
v -25747.0600 -184312.5000 59511.3400
v -25746.8800 -184312.5000 59511.5900
v -25746.9400 -184312.5000 59511.5100
v -25746.7600 -184312.5000 59511.7500
v -25746.8200 -184312.5000 59511.6700
v -25746.6300 -184312.5000 59511.9200
v -25746.7000 -184312.5000 59511.8400
v -25746.5100 -184312.5000 59512.0800
v -25746.5700 -184312.5000 59512.0000
v -25746.3800 -184312.5000 59512.2400
v -25746.4400 -184312.5000 59512.1600
v -25746.2400 -184312.5000 59512.4000
v -25746.3100 -184312.5000 59512.3200
v -25746.1000 -184312.5000 59512.5500
v -25746.1700 -184312.5000 59512.4800
v -25745.9600 -184312.5000 59512.7000
v -25746.0300 -184312.5000 59512.6300
v -25745.8200 -184312.5000 59512.8600
v -25745.8900 -184312.5000 59512.7800
v -25745.6800 -184312.5000 59513.0000
v -25745.7500 -184312.5000 59512.9300
v -25745.5300 -184312.5000 59513.1500
v -25745.6000 -184312.5000 59513.0700
v -25745.3800 -184312.5000 59513.2900
v -25745.4600 -184312.5000 59513.2200
v -25745.2300 -184312.5000 59513.4300
v -25745.3000 -184312.5000 59513.3600
v -25745.0700 -184312.5000 59513.5700
v -25745.1500 -184312.5000 59513.5000
v -25744.9200 -184312.5000 59513.7000
v -25744.9900 -184312.5000 59513.6300
v -25744.7600 -184312.5000 59513.8300
v -25744.8400 -184312.5000 59513.7700
v -25744.6000 -184312.5000 59513.9600
v -25744.6700 -184312.5000 59513.9000
v -25744.4300 -184312.5000 59514.0900
v -25744.5100 -184312.5000 59514.0200
v -25744.2700 -184312.5000 59514.2100
v -25744.3500 -184312.5000 59514.1500
v -25744.1000 -184312.5000 59514.3300
v -25744.1800 -184312.5000 59514.2700
v -25743.9300 -184312.5000 59514.4500
v -25744.0100 -184312.5000 59514.3900
v -25743.7500 -184312.5000 59514.5600
v -25743.8400 -184312.5000 59514.5000
v -25743.5800 -184312.5000 59514.6700
v -25743.6700 -184312.5000 59514.6200
v -25743.4000 -184312.5000 59514.7800
v -25743.4900 -184312.5000 59514.7300
v -25743.2200 -184312.5000 59514.8800
v -25743.3100 -184312.5000 59514.8300
v -25743.0400 -184312.5000 59514.9800
v -25743.1300 -184312.5000 59514.9400
v -25742.8600 -184312.5000 59515.0900
v -25742.9500 -184312.5000 59515.0400
v -25742.6800 -184312.5000 59515.1800
v -25742.7700 -184312.5000 59515.1300
v -25742.5000 -184312.5000 59515.2700
v -25742.5900 -184312.5000 59515.2300
v -25742.3100 -184312.5000 59515.3600
v -25742.4000 -184312.5000 59515.3200
v -25742.1200 -184312.5000 59515.4500
v -25742.2100 -184312.5000 59515.4100
v -25741.9300 -184312.5000 59515.5300
v -25742.0300 -184312.5000 59515.4900
v -25741.7400 -184312.5000 59515.6100
v -25741.8300 -184312.5000 59515.5700
v -25741.5500 -184312.5000 59515.6800
v -25741.6400 -184312.5000 59515.6500
v -25741.3500 -184312.5000 59515.7600
v -25741.4500 -184312.5000 59515.7200
v -25741.1600 -184312.5000 59515.8200
v -25741.2600 -184312.5000 59515.7900
v -25740.9600 -184312.5000 59515.8900
v -25741.0600 -184312.5000 59515.8600
v -25740.7700 -184312.5000 59515.9500
v -25740.8600 -184312.5000 59515.9200
v -25740.5700 -184312.5000 59516.0100
v -25740.6700 -184312.5000 59515.9800
v -25740.3700 -184312.5000 59516.0700
v -25740.4700 -184312.5000 59516.0400
v -25740.1700 -184312.5000 59516.1200
v -25740.2700 -184312.5000 59516.0900
v -25739.9700 -184312.5000 59516.1700
v -25740.0700 -184312.5000 59516.1400
v -25739.7700 -184312.5000 59516.2100
v -25739.8700 -184312.5000 59516.1900
v -25739.5600 -184312.5000 59516.2500
v -25739.6600 -184312.5000 59516.2300
v -25739.3600 -184312.5000 59516.2900
v -25739.4600 -184312.5000 59516.2700
v -25739.1600 -184312.5000 59516.3200
v -25739.2600 -184312.5000 59516.3100
v -25738.9500 -184312.5000 59516.3600
v -25739.0500 -184312.5000 59516.3400
v -25738.7500 -184312.5000 59516.3800
v -25738.8500 -184312.5000 59516.3700
v -25738.5400 -184312.5000 59516.4100
v -25738.6400 -184312.5000 59516.3900
v -25738.3400 -184312.5000 59516.4300
v -25738.4400 -184312.5000 59516.4100
v -25738.1300 -184312.5000 59516.4400
v -25738.2300 -184312.5000 59516.4300
v -25737.9200 -184312.5000 59516.4500
v -25738.0300 -184312.5000 59516.4500
v -25737.7200 -184312.5000 59516.4600
v -25737.8200 -184312.5000 59516.4600
v -25737.5100 -184312.5000 59516.4700
v -25737.6100 -184312.5000 59516.4600
v -25737.3000 -184312.5000 59516.4700
v -25737.4100 -184312.5000 59516.4700
v -25737.1000 -184312.5000 59516.4700
v -25737.2000 -184312.5000 59516.4700
v -25736.8900 -184312.5000 59516.4600
v -25736.9900 -184312.5000 59516.4600
v -25736.6800 -184312.5000 59516.4500
v -25736.7900 -184312.5000 59516.4600
v -25736.4800 -184312.5000 59516.4400
v -25736.5800 -184312.5000 59516.4500
v -25736.2700 -184312.5000 59516.4300
v -25736.3700 -184312.5000 59516.4300
v -25736.0700 -184312.5000 59516.4100
v -25736.1700 -184312.5000 59516.4100
v -25735.8600 -184312.5000 59516.3800
v -25735.9600 -184312.5000 59516.3900
v -25735.6600 -184312.5000 59516.3600
v -25735.7600 -184312.5000 59516.3700
v -25735.4500 -184312.5000 59516.3200
v -25735.5500 -184312.5000 59516.3400
v -25735.2500 -184312.5000 59516.2900
v -25735.3500 -184312.5000 59516.3100
v -25735.0400 -184312.5000 59516.2500
v -25735.1400 -184312.5000 59516.2700
v -25734.8400 -184312.5000 59516.2100
v -25734.9400 -184312.5000 59516.2300
v -25734.6400 -184312.5000 59516.1700
v -25734.7400 -184312.5000 59516.1900
v -25734.4400 -184312.5000 59516.1200
v -25734.5400 -184312.5000 59516.1400
v -25734.2400 -184312.5000 59516.0700
v -25734.3400 -184312.5000 59516.0900
v -25734.0400 -184312.5000 59516.0100
v -25734.1400 -184312.5000 59516.0400
v -25733.8400 -184312.5000 59515.9500
v -25733.9400 -184312.5000 59515.9800
v -25733.6400 -184312.5000 59515.8900
v -25733.7400 -184312.5000 59515.9200
v -25733.4500 -184312.5000 59515.8200
v -25733.5400 -184312.5000 59515.8600
v -25733.2500 -184312.5000 59515.7600
v -25733.3500 -184312.5000 59515.7900
v -25733.0600 -184312.5000 59515.6800
v -25733.1600 -184312.5000 59515.7200
v -25732.8700 -184312.5000 59515.6100
v -25732.9600 -184312.5000 59515.6400
v -25732.6800 -184312.5000 59515.5300
v -25732.7700 -184312.5000 59515.5700
v -25732.4900 -184312.5000 59515.4500
v -25732.5800 -184312.5000 59515.4900
v -25732.3000 -184312.5000 59515.3600
v -25732.3900 -184312.5000 59515.4000
v -25732.1100 -184312.5000 59515.2700
v -25732.2100 -184312.5000 59515.3200
v -25731.9300 -184312.5000 59515.1800
v -25732.0200 -184312.5000 59515.2300
v -25731.7400 -184312.5000 59515.0900
v -25731.8400 -184312.5000 59515.1300
v -25731.5600 -184312.5000 59514.9800
v -25731.6500 -184312.5000 59515.0400
v -25731.3800 -184312.5000 59514.8800
v -25731.4700 -184312.5000 59514.9300
v -25731.2100 -184312.5000 59514.7800
v -25731.2900 -184312.5000 59514.8300
v -25731.0300 -184312.5000 59514.6700
v -25731.1200 -184312.5000 59514.7200
v -25730.8600 -184312.5000 59514.5600
v -25730.9400 -184312.5000 59514.6100
v -25730.6800 -184312.5000 59514.4500
v -25730.7700 -184312.5000 59514.5000
v -25730.5100 -184312.5000 59514.3300
v -25730.6000 -184312.5000 59514.3900
v -25730.3400 -184312.5000 59514.2100
v -25730.4300 -184312.5000 59514.2700
v -25730.1800 -184312.5000 59514.0900
v -25730.2600 -184312.5000 59514.1400
v -25730.0100 -184312.5000 59513.9600
v -25730.0900 -184312.5000 59514.0200
v -25729.8500 -184312.5000 59513.8300
v -25729.9300 -184312.5000 59513.8900
v -25729.6900 -184312.5000 59513.7000
v -25729.7700 -184312.5000 59513.7700
v -25729.5400 -184312.5000 59513.5700
v -25729.6100 -184312.5000 59513.6300
v -25729.3800 -184312.5000 59513.4300
v -25729.4600 -184312.5000 59513.5000
v -25729.2300 -184312.5000 59513.2900
v -25729.3000 -184312.5000 59513.3600
v -25729.0800 -184312.5000 59513.1500
v -25729.1500 -184312.5000 59513.2200
v -25728.9300 -184312.5000 59513.0000
v -25729.0000 -184312.5000 59513.0700
v -25728.7900 -184312.5000 59512.8600
v -25728.8600 -184312.5000 59512.9300
v -25728.6400 -184312.5000 59512.7000
v -25728.7100 -184312.5000 59512.7800
v -25728.5000 -184312.5000 59512.5500
v -25728.5700 -184312.5000 59512.6300
v -25728.3700 -184312.5000 59512.4000
v -25728.4400 -184312.5000 59512.4700
v -25728.2300 -184312.5000 59512.2400
v -25728.3000 -184312.5000 59512.3200
v -25728.1000 -184312.5000 59512.0800
v -25728.1700 -184312.5000 59512.1600
v -25727.9700 -184312.5000 59511.9200
v -25728.0400 -184312.5000 59512.0000
v -25727.8500 -184312.5000 59511.7500
v -25727.9100 -184312.5000 59511.8400
v -25727.7200 -184312.5000 59511.5900
v -25727.7900 -184312.5000 59511.6700
v -25727.6000 -184312.5000 59511.4200
v -25727.6600 -184312.5000 59511.5000
v -25727.4900 -184312.5000 59511.2500
v -25727.5400 -184312.5000 59511.3400
v -25727.3700 -184312.5000 59511.0800
v -25727.4300 -184312.5000 59511.1600
v -25727.2600 -184312.5000 59510.9000
v -25727.3200 -184312.5000 59510.9900
v -25727.1500 -184312.5000 59510.7300
v -25727.2100 -184312.5000 59510.8100
v -25727.0500 -184312.5000 59510.5500
v -25727.1000 -184312.5000 59510.6400
v -25726.9500 -184312.5000 59510.3700
v -25727.0000 -184312.5000 59510.4600
v -25726.8500 -184312.5000 59510.1900
v -25726.9000 -184312.5000 59510.2800
v -25726.7500 -184312.5000 59510.0000
v -25726.8000 -184312.5000 59510.0900
v -25726.6600 -184312.5000 59509.8200
v -25726.7100 -184312.5000 59509.9100
v -25726.5700 -184312.5000 59509.6300
v -25726.6200 -184312.5000 59509.7300
v -25726.4900 -184312.5000 59509.4500
v -25726.5300 -184312.5000 59509.5400
v -25726.4000 -184312.5000 59509.2500
v -25726.4400 -184312.5000 59509.3500
v -25726.3200 -184312.5000 59509.0700
v -25726.3600 -184312.5000 59509.1600
v -25726.2500 -184312.5000 59508.8700
v -25726.2900 -184312.5000 59508.9700
v -25726.1800 -184312.5000 59508.6800
v -25726.2100 -184312.5000 59508.7700
v -25726.1100 -184312.5000 59508.4800
v -25726.1400 -184312.5000 59508.5800
v -25726.0400 -184312.5000 59508.2900
v -25726.0700 -184312.5000 59508.3800
v -25725.9800 -184312.5000 59508.0900
v -25726.0100 -184312.5000 59508.1900
v -25725.9200 -184312.5000 59507.8900
v -25725.9500 -184312.5000 59507.9900
v -25725.8700 -184312.5000 59507.7000
v -25725.8900 -184312.5000 59507.7900
v -25725.8100 -184312.5000 59507.4900
v -25725.8400 -184312.5000 59507.5900
v -25725.7700 -184312.5000 59507.2900
v -25725.7900 -184312.5000 59507.3900
v -25725.7200 -184312.5000 59507.0900
v -25725.7400 -184312.5000 59507.1900
v -25725.6800 -184312.5000 59506.8900
v -25725.7000 -184312.5000 59506.9900
v -25725.6400 -184312.5000 59506.6800
v -25725.6600 -184312.5000 59506.7900
v -25725.6100 -184312.5000 59506.4800
v -25725.6200 -184312.5000 59506.5800
v -25725.5800 -184312.5000 59506.2800
v -25725.5900 -184312.5000 59506.3800
v -25725.5500 -184312.5000 59506.0700
v -25725.5600 -184312.5000 59506.1700
v -25725.5300 -184312.5000 59505.8700
v -25725.5400 -184312.5000 59505.9700
v -25725.5100 -184312.5000 59505.6600
v -25725.5200 -184312.5000 59505.7600
v -25725.4900 -184312.5000 59505.4500
v -25725.5000 -184312.5000 59505.5500
v -25725.4800 -184312.5000 59505.2500
v -25725.4800 -184312.5000 59505.3500
v -25725.4700 -184312.5000 59505.0400
v -25725.4700 -184312.5000 59505.1400
v -25725.4600 -184312.5000 59504.8400
v -25725.4700 -184312.5000 59504.9400
v -25725.4600 -184312.5000 59504.6300
v -25725.4600 -184312.5000 59504.7300
v -25725.4600 -184312.5000 59504.4200
v -25725.4600 -184312.5000 59504.5200
v -25725.4700 -184312.5000 59504.2100
v -25725.4700 -184312.5000 59504.3200
v -25725.4800 -184312.5000 59504.0100
v -25725.4700 -184312.5000 59504.1100
v -25725.4900 -184312.5000 59503.8000
v -25725.4800 -184312.5000 59503.9000
v -25725.5100 -184312.5000 59503.6000
v -25725.5000 -184312.5000 59503.7000
v -25725.5300 -184312.5000 59503.3900
v -25725.5200 -184312.5000 59503.4900
v -25725.5500 -184312.5000 59503.1800
v -25725.5400 -184312.5000 59503.2900
v -25725.5800 -184312.5000 59502.9800
v -25725.5600 -184312.5000 59503.0800
v -25725.6100 -184312.5000 59502.7800
v -25725.5900 -184312.5000 59502.8800
v -25725.6400 -184312.5000 59502.5700
v -25725.6200 -184312.5000 59502.6700
v -25725.6800 -184312.5000 59502.3700
v -25725.6600 -184312.5000 59502.4700
v -25725.7200 -184312.5000 59502.1700
v -25725.7000 -184312.5000 59502.2700
v -25725.7700 -184312.5000 59501.9600
v -25725.7400 -184312.5000 59502.0600
v -25725.8100 -184312.5000 59501.7600
v -25725.7900 -184312.5000 59501.8600
v -25725.8700 -184312.5000 59501.5600
v -25725.8400 -184312.5000 59501.6600
v -25725.9200 -184312.5000 59501.3600
v -25725.8900 -184312.5000 59501.4600
v -25725.9800 -184312.5000 59501.1700
v -25725.9500 -184312.5000 59501.2700
v -25726.0400 -184312.5000 59500.9700
v -25726.0100 -184312.5000 59501.0700
v -25726.1100 -184312.5000 59500.7700
v -25726.0700 -184312.5000 59500.8700
v -25726.1800 -184312.5000 59500.5800
v -25726.1400 -184312.5000 59500.6800
v -25726.2500 -184312.5000 59500.3800
v -25726.2100 -184312.5000 59500.4800
v -25726.3200 -184312.5000 59500.1900
v -25726.2900 -184312.5000 59500.2900
v -25726.4000 -184312.5000 59500.0000
v -25726.3700 -184312.5000 59500.0900
v -25726.4900 -184312.5000 59499.8100
v -25726.4500 -184312.5000 59499.9100
v -25726.5700 -184312.5000 59499.6200
v -25726.5300 -184312.5000 59499.7100
v -25726.6600 -184312.5000 59499.4400
v -25726.6200 -184312.5000 59499.5300
v -25726.7500 -184312.5000 59499.2500
v -25726.7100 -184312.5000 59499.3400
v -25726.8500 -184312.5000 59499.0700
v -25726.8000 -184312.5000 59499.1600
v -25726.9500 -184312.5000 59498.8900
v -25726.9000 -184312.5000 59498.9800
v -25727.0500 -184312.5000 59498.7100
v -25727.0000 -184312.5000 59498.8000
v -25727.1500 -184312.5000 59498.5300
v -25727.1000 -184312.5000 59498.6200
v -25727.2600 -184312.5000 59498.3500
v -25727.2100 -184312.5000 59498.4400
v -25727.3700 -184312.5000 59498.1800
v -25727.3200 -184312.5000 59498.2700
v -25727.4900 -184312.5000 59498.0100
v -25727.4300 -184312.5000 59498.0900
v -25727.6000 -184312.5000 59497.8400
v -25727.5500 -184312.5000 59497.9200
v -25727.7200 -184312.5000 59497.6700
v -25727.6600 -184312.5000 59497.7500
v -25727.8500 -184312.5000 59497.5000
v -25727.7900 -184312.5000 59497.5800
v -25727.9700 -184312.5000 59497.3400
v -25727.9100 -184312.5000 59497.4200
v -25728.1000 -184312.5000 59497.1800
v -25728.0400 -184312.5000 59497.2500
v -25728.2300 -184312.5000 59497.0200
v -25728.1700 -184312.5000 59497.0900
v -25728.3700 -184312.5000 59496.8600
v -25728.3000 -184312.5000 59496.9400
v -25728.5000 -184312.5000 59496.7000
v -25728.4400 -184312.5000 59496.7800
v -25728.6400 -184312.5000 59496.5500
v -25728.5700 -184312.5000 59496.6300
v -25728.7900 -184312.5000 59496.4000
v -25728.7100 -184312.5000 59496.4800
v -25728.9300 -184312.5000 59496.2500
v -25728.8600 -184312.5000 59496.3300
v -25729.0800 -184312.5000 59496.1100
v -25729.0100 -184312.5000 59496.1800
v -25729.2300 -184312.5000 59495.9700
v -25729.1500 -184312.5000 59496.0400
v -25729.3800 -184312.5000 59495.8300
v -25729.3000 -184312.5000 59495.9000
v -25729.5400 -184312.5000 59495.6900
v -25729.4600 -184312.5000 59495.7600
v -25729.6900 -184312.5000 59495.5600
v -25729.6200 -184312.5000 59495.6200
v -25729.8500 -184312.5000 59495.4300
v -25729.7700 -184312.5000 59495.4900
v -25730.0100 -184312.5000 59495.3000
v -25729.9300 -184312.5000 59495.3600
v -25730.1800 -184312.5000 59495.1700
v -25730.1000 -184312.5000 59495.2300
v -25730.3400 -184312.5000 59495.0500
v -25730.2600 -184312.5000 59495.1100
v -25730.5100 -184312.5000 59494.9300
v -25730.4300 -184312.5000 59494.9900
v -25730.6800 -184312.5000 59494.8100
v -25730.6000 -184312.5000 59494.8700
v -25730.8600 -184312.5000 59494.7000
v -25730.7700 -184312.5000 59494.7500
v -25731.0300 -184312.5000 59494.5900
v -25730.9400 -184312.5000 59494.6400
v -25731.2100 -184312.5000 59494.4800
v -25731.1200 -184312.5000 59494.5300
v -25731.3800 -184312.5000 59494.3800
v -25731.2900 -184312.5000 59494.4300
v -25731.5600 -184312.5000 59494.2700
v -25731.4700 -184312.5000 59494.3200
v -25731.7400 -184312.5000 59494.1700
v -25731.6500 -184312.5000 59494.2200
v -25731.9300 -184312.5000 59494.0800
v -25731.8400 -184312.5000 59494.1200
v -25732.1100 -184312.5000 59493.9800
v -25732.0200 -184312.5000 59494.0300
v -25732.3000 -184312.5000 59493.8900
v -25732.2100 -184312.5000 59493.9400
v -25732.4900 -184312.5000 59493.8100
v -25732.3900 -184312.5000 59493.8500
v -25732.6800 -184312.5000 59493.7300
v -25732.5800 -184312.5000 59493.7700
v -25732.8700 -184312.5000 59493.6500
v -25732.7700 -184312.5000 59493.6900
v -25733.0600 -184312.5000 59493.5700
v -25732.9600 -184312.5000 59493.6100
v -25733.2500 -184312.5000 59493.5000
v -25733.1600 -184312.5000 59493.5400
v -25733.4500 -184312.5000 59493.4300
v -25733.3500 -184312.5000 59493.4600
v -25733.6400 -184312.5000 59493.3700
v -25733.5500 -184312.5000 59493.4000
v -25733.8400 -184312.5000 59493.3000
v -25733.7400 -184312.5000 59493.3400
v -25734.0400 -184312.5000 59493.2500
v -25733.9400 -184312.5000 59493.2700
v -25734.2400 -184312.5000 59493.1900
v -25734.1400 -184312.5000 59493.2200
v -25734.4400 -184312.5000 59493.1400
v -25734.3400 -184312.5000 59493.1600
v -25734.6400 -184312.5000 59493.0900
v -25734.5400 -184312.5000 59493.1100
v -25734.8400 -184312.5000 59493.0500
v -25734.7400 -184312.5000 59493.0700
v -25735.0400 -184312.5000 59493.0000
v -25734.9500 -184312.5000 59493.0200
v -25735.2500 -184312.5000 59492.9600
v -25735.1500 -184312.5000 59492.9800
v -25735.4500 -184312.5000 59492.9300
v -25735.3500 -184312.5000 59492.9500
v -25735.6600 -184312.5000 59492.9000
v -25735.5500 -184312.5000 59492.9200
v -25735.8600 -184312.5000 59492.8800
v -25735.7600 -184312.5000 59492.8900
v -25736.0700 -184312.5000 59492.8500
v -25735.9600 -184312.5000 59492.8600
v -25736.2700 -184312.5000 59492.8300
v -25736.1700 -184312.5000 59492.8400
v -25736.4800 -184312.5000 59492.8200
v -25736.3800 -184312.5000 59492.8200
v -25736.6800 -184312.5000 59492.8000
v -25736.5800 -184312.5000 59492.8100
v -25736.8900 -184312.5000 59492.7900
v -25736.7900 -184312.5000 59492.8000
v -25737.1000 -184312.5000 59492.7900
v -25737.0000 -184312.5000 59492.7900
v -25737.3000 -184312.5000 59492.7900
v -25737.2000 -184312.5000 59492.7900
v -25737.5100 -184312.5000 59492.7900
v -25737.4100 -184312.5000 59492.7900
v -25737.7200 -184312.5000 59492.7900
v -25737.6200 -184312.5000 59492.7900
v -25737.9200 -184312.5000 59492.8000
v -25737.8200 -184312.5000 59492.8000
v -25738.1300 -184312.5000 59492.8200
v -25738.0300 -184312.5000 59492.8100
v -25738.3400 -184312.5000 59492.8300
v -25738.2300 -184312.5000 59492.8200
v -25738.5400 -184312.5000 59492.8500
v -25738.4400 -184312.5000 59492.8400
v -25738.7500 -184312.5000 59492.8800
v -25738.6500 -184312.5000 59492.8600
v -25738.9500 -184312.5000 59492.9000
v -25738.8500 -184312.5000 59492.8900
v -25739.1600 -184312.5000 59492.9300
v -25739.0500 -184312.5000 59492.9200
v -25739.3600 -184312.5000 59492.9600
v -25739.2600 -184312.5000 59492.9500
v -25739.5600 -184312.5000 59493.0000
v -25739.4600 -184312.5000 59492.9800
v -25739.7700 -184312.5000 59493.0500
v -25739.6700 -184312.5000 59493.0200
v -25739.9700 -184312.5000 59493.0900
v -25739.8700 -184312.5000 59493.0700
v -25740.1700 -184312.5000 59493.1400
v -25740.0700 -184312.5000 59493.1100
v -25740.3700 -184312.5000 59493.1900
v -25740.2700 -184312.5000 59493.1600
v -25740.5700 -184312.5000 59493.2500
v -25740.4700 -184312.5000 59493.2200
v -25740.7700 -184312.5000 59493.3000
v -25740.6700 -184312.5000 59493.2700
v -25740.9600 -184312.5000 59493.3700
v -25740.8700 -184312.5000 59493.3400
v -25741.1600 -184312.5000 59493.4300
v -25741.0600 -184312.5000 59493.4000
v -25741.3500 -184312.5000 59493.5000
v -25741.2600 -184312.5000 59493.4600
v -25741.5500 -184312.5000 59493.5700
v -25741.4500 -184312.5000 59493.5400
v -25741.7400 -184312.5000 59493.6500
v -25741.6400 -184312.5000 59493.6100
v -25741.9300 -184312.5000 59493.7300
v -25741.8400 -184312.5000 59493.6900
v -25742.1200 -184312.5000 59493.8100
v -25742.0300 -184312.5000 59493.7700
v -25742.3100 -184312.5000 59493.8900
v -25742.2200 -184312.5000 59493.8600
v -25742.5000 -184312.5000 59493.9800
v -25742.4000 -184312.5000 59493.9400
v -25742.6800 -184312.5000 59494.0800
v -25742.5900 -184312.5000 59494.0300
v -25742.8600 -184312.5000 59494.1700
v -25742.7700 -184312.5000 59494.1200
v -25743.0400 -184312.5000 59494.2700
v -25742.9600 -184312.5000 59494.2200
v -25743.2200 -184312.5000 59494.3800
v -25743.1400 -184312.5000 59494.3200
v -25743.4000 -184312.5000 59494.4800
v -25743.3100 -184312.5000 59494.4300
v -25743.5800 -184312.5000 59494.5900
v -25743.4900 -184312.5000 59494.5300
v -25743.7500 -184312.5000 59494.7000
v -25743.6700 -184312.5000 59494.6400
v -25743.9300 -184312.5000 59494.8100
v -25743.8400 -184312.5000 59494.7500
v -25744.1000 -184312.5000 59494.9300
v -25744.0100 -184312.5000 59494.8700
v -25744.2700 -184312.5000 59495.0500
v -25744.1800 -184312.5000 59494.9900
v -25744.4300 -184312.5000 59495.1700
v -25744.3500 -184312.5000 59495.1100
v -25744.6000 -184312.5000 59495.3000
v -25744.5100 -184312.5000 59495.2300
v -25744.7600 -184312.5000 59495.4300
v -25744.6800 -184312.5000 59495.3600
v -25744.9200 -184312.5000 59495.5600
v -25744.8400 -184312.5000 59495.4900
v -25745.0700 -184312.5000 59495.6900
v -25745.0000 -184312.5000 59495.6200
v -25745.2300 -184312.5000 59495.8300
v -25745.1500 -184312.5000 59495.7600
v -25745.3800 -184312.5000 59495.9700
v -25745.3000 -184312.5000 59495.9000
v -25745.5300 -184312.5000 59496.1100
v -25745.4600 -184312.5000 59496.0400
v -25745.6800 -184312.5000 59496.2500
v -25745.6100 -184312.5000 59496.1800
v -25745.8200 -184312.5000 59496.4000
v -25745.7500 -184312.5000 59496.3300
v -25745.9600 -184312.5000 59496.5500
v -25745.8900 -184312.5000 59496.4800
v -25746.1000 -184312.5000 59496.7000
v -25746.0400 -184312.5000 59496.6300
v -25746.2400 -184312.5000 59496.8600
v -25746.1700 -184312.5000 59496.7900
v -25746.3800 -184312.5000 59497.0200
v -25746.3100 -184312.5000 59496.9400
v -25746.5100 -184312.5000 59497.1800
v -25746.4400 -184312.5000 59497.1000
v -25746.6300 -184312.5000 59497.3400
v -25746.5700 -184312.5000 59497.2600
v -25746.7600 -184312.5000 59497.5000
v -25746.7000 -184312.5000 59497.4200
v -25746.8800 -184312.5000 59497.6700
v -25746.8200 -184312.5000 59497.5900
v -25747.0000 -184312.5000 59497.8400
v -25746.9500 -184312.5000 59497.7500
v -25747.1200 -184312.5000 59498.0100
v -25747.0600 -184312.5000 59497.9200
v -25747.2400 -184312.5000 59498.1800
v -25747.1800 -184312.5000 59498.0900
v -25747.3500 -184312.5000 59498.3500
v -25747.2900 -184312.5000 59498.2700
v -25747.4600 -184312.5000 59498.5300
v -25747.4000 -184312.5000 59498.4400
v -25747.5600 -184312.5000 59498.7100
v -25747.5100 -184312.5000 59498.6200
v -25747.6600 -184312.5000 59498.8900
v -25747.6100 -184312.5000 59498.8000
v -25747.7600 -184312.5000 59499.0700
v -25747.7100 -184312.5000 59498.9800
v -25747.8600 -184312.5000 59499.2500
v -25747.8100 -184312.5000 59499.1600
v -25747.9500 -184312.5000 59499.4400
v -25747.9000 -184312.5000 59499.3500
v -25748.0400 -184312.5000 59499.6200
v -25747.9900 -184312.5000 59499.5300
v -25748.1200 -184312.5000 59499.8100
v -25748.0800 -184312.5000 59499.7200
v -25748.2100 -184312.5000 59500.0000
v -25748.1600 -184312.5000 59499.9100
v -25748.2800 -184312.5000 59500.1900
v -25748.2400 -184312.5000 59500.1000
v -25748.3600 -184312.5000 59500.3800
v -25748.3200 -184312.5000 59500.2900
v -25748.4300 -184312.5000 59500.5800
v -25748.4000 -184312.5000 59500.4800
v -25748.5000 -184312.5000 59500.7700
v -25748.4700 -184312.5000 59500.6800
v -25748.5700 -184312.5000 59500.9700
v -25748.5300 -184312.5000 59500.8700
v -25748.6300 -184312.5000 59501.1700
v -25748.6000 -184312.5000 59501.0700
v -25748.6900 -184312.5000 59501.3600
v -25748.6600 -184312.5000 59501.2700
v -25748.7400 -184312.5000 59501.5600
v -25748.7100 -184312.5000 59501.4600
v -25748.7900 -184312.5000 59501.7600
v -25748.7700 -184312.5000 59501.6600
v -25748.8400 -184312.5000 59501.9600
v -25748.8200 -184312.5000 59501.8700
v -25748.8900 -184312.5000 59502.1700
v -25748.8700 -184312.5000 59502.0700
v -25748.9300 -184312.5000 59502.3700
v -25748.9100 -184312.5000 59502.2700
v -25748.9700 -184312.5000 59502.5700
v -25748.9500 -184312.5000 59502.4700
v -25749.0000 -184312.5000 59502.7800
v -25748.9800 -184312.5000 59502.6800
v -25749.0300 -184312.5000 59502.9800
v -25749.0200 -184312.5000 59502.8800
v -25749.0600 -184312.5000 59503.1800
v -25749.0400 -184312.5000 59503.0900
v -25749.0800 -184312.5000 59503.3900
v -25749.0700 -184312.5000 59503.2900
v -25749.1000 -184312.5000 59503.6000
v -25749.0900 -184312.5000 59503.5000
v -25749.1200 -184312.5000 59503.8000
v -25749.1100 -184312.5000 59503.7000
v -25749.1300 -184312.5000 59504.0100
v -25749.1200 -184312.5000 59503.9100
v -25749.1400 -184312.5000 59504.2100
v -25749.1300 -184312.5000 59504.1100
v -25749.1400 -184312.5000 59504.4200
v -25749.1400 -184312.5000 59504.3200
v -25749.1400 -184312.5000 59504.5300
v -25749.1500 -184233.6000 59504.6300
v -25749.1400 -184233.6000 59504.4200
v -25749.1400 -184233.6000 59504.5200
v -25749.1400 -184233.6000 59504.2100
v -25749.1400 -184233.6000 59504.3200
v -25749.1300 -184233.6000 59504.0100
v -25749.1300 -184233.6000 59504.1100
v -25749.1200 -184233.6000 59503.8000
v -25749.1200 -184233.6000 59503.9000
v -25749.1000 -184233.6000 59503.6000
v -25749.1100 -184233.6000 59503.7000
v -25749.0800 -184233.6000 59503.3900
v -25749.0900 -184233.6000 59503.4900
v -25749.0600 -184233.6000 59503.1800
v -25749.0700 -184233.6000 59503.2900
v -25749.0300 -184233.6000 59502.9800
v -25749.0400 -184233.6000 59503.0800
v -25749.0000 -184233.6000 59502.7800
v -25749.0200 -184233.6000 59502.8800
v -25748.9700 -184233.6000 59502.5700
v -25748.9800 -184233.6000 59502.6700
v -25748.9300 -184233.6000 59502.3700
v -25748.9500 -184233.6000 59502.4700
v -25748.8900 -184233.6000 59502.1700
v -25748.9100 -184233.6000 59502.2700
v -25748.8400 -184233.6000 59501.9600
v -25748.8700 -184233.6000 59502.0600
v -25748.7900 -184233.6000 59501.7600
v -25748.8200 -184233.6000 59501.8600
v -25748.7400 -184233.6000 59501.5600
v -25748.7700 -184233.6000 59501.6600
v -25748.6900 -184233.6000 59501.3600
v -25748.7100 -184233.6000 59501.4600
v -25748.6300 -184233.6000 59501.1700
v -25748.6600 -184233.6000 59501.2700
v -25748.5700 -184233.6000 59500.9700
v -25748.6000 -184233.6000 59501.0700
v -25748.5000 -184233.6000 59500.7700
v -25748.5300 -184233.6000 59500.8700
v -25748.4300 -184233.6000 59500.5800
v -25748.4700 -184233.6000 59500.6800
v -25748.3600 -184233.6000 59500.3800
v -25748.3900 -184233.6000 59500.4800
v -25748.2800 -184233.6000 59500.1900
v -25748.3200 -184233.6000 59500.2900
v -25748.2100 -184233.6000 59500.0000
v -25748.2400 -184233.6000 59500.0900
v -25748.1200 -184233.6000 59499.8100
v -25748.1600 -184233.6000 59499.9100
v -25748.0400 -184233.6000 59499.6200
v -25748.0800 -184233.6000 59499.7100
v -25747.9500 -184233.6000 59499.4400
v -25747.9900 -184233.6000 59499.5300
v -25747.8600 -184233.6000 59499.2500
v -25747.9000 -184233.6000 59499.3400
v -25747.7600 -184233.6000 59499.0700
v -25747.8100 -184233.6000 59499.1600
v -25747.6600 -184233.6000 59498.8900
v -25747.7100 -184233.6000 59498.9800
v -25747.5600 -184233.6000 59498.7100
v -25747.6100 -184233.6000 59498.8000
v -25747.4600 -184233.6000 59498.5300
v -25747.5100 -184233.6000 59498.6200
v -25747.3500 -184233.6000 59498.3500
v -25747.4000 -184233.6000 59498.4400
v -25747.2400 -184233.6000 59498.1800
v -25747.2900 -184233.6000 59498.2700
v -25747.1200 -184233.6000 59498.0100
v -25747.1800 -184233.6000 59498.0900
v -25747.0000 -184233.6000 59497.8400
v -25747.0600 -184233.6000 59497.9200
v -25746.8800 -184233.6000 59497.6700
v -25746.9400 -184233.6000 59497.7500
v -25746.7600 -184233.6000 59497.5000
v -25746.8200 -184233.6000 59497.5800
v -25746.6300 -184233.6000 59497.3400
v -25746.7000 -184233.6000 59497.4200
v -25746.5100 -184233.6000 59497.1800
v -25746.5700 -184233.6000 59497.2500
v -25746.3800 -184233.6000 59497.0200
v -25746.4400 -184233.6000 59497.0900
v -25746.2400 -184233.6000 59496.8600
v -25746.3100 -184233.6000 59496.9400
v -25746.1000 -184233.6000 59496.7000
v -25746.1700 -184233.6000 59496.7800
v -25745.9600 -184233.6000 59496.5500
v -25746.0300 -184233.6000 59496.6300
v -25745.8200 -184233.6000 59496.4000
v -25745.8900 -184233.6000 59496.4800
v -25745.6800 -184233.6000 59496.2500
v -25745.7500 -184233.6000 59496.3300
v -25745.5300 -184233.6000 59496.1100
v -25745.6000 -184233.6000 59496.1800
v -25745.3800 -184233.6000 59495.9700
v -25745.4600 -184233.6000 59496.0400
v -25745.2300 -184233.6000 59495.8300
v -25745.3000 -184233.6000 59495.9000
v -25745.0700 -184233.6000 59495.6900
v -25745.1500 -184233.6000 59495.7600
v -25744.9200 -184233.6000 59495.5600
v -25744.9900 -184233.6000 59495.6200
v -25744.7600 -184233.6000 59495.4300
v -25744.8400 -184233.6000 59495.4900
v -25744.6000 -184233.6000 59495.3000
v -25744.6700 -184233.6000 59495.3600
v -25744.4300 -184233.6000 59495.1700
v -25744.5100 -184233.6000 59495.2300
v -25744.2700 -184233.6000 59495.0500
v -25744.3500 -184233.6000 59495.1100
v -25744.1000 -184233.6000 59494.9300
v -25744.1800 -184233.6000 59494.9900
v -25743.9300 -184233.6000 59494.8100
v -25744.0100 -184233.6000 59494.8700
v -25743.7500 -184233.6000 59494.7000
v -25743.8400 -184233.6000 59494.7500
v -25743.5800 -184233.6000 59494.5900
v -25743.6700 -184233.6000 59494.6400
v -25743.4000 -184233.6000 59494.4800
v -25743.4900 -184233.6000 59494.5300
v -25743.2200 -184233.6000 59494.3800
v -25743.3100 -184233.6000 59494.4300
v -25743.0400 -184233.6000 59494.2700
v -25743.1300 -184233.6000 59494.3200
v -25742.8600 -184233.6000 59494.1700
v -25742.9500 -184233.6000 59494.2200
v -25742.6800 -184233.6000 59494.0800
v -25742.7700 -184233.6000 59494.1200
v -25742.5000 -184233.6000 59493.9800
v -25742.5900 -184233.6000 59494.0300
v -25742.3100 -184233.6000 59493.8900
v -25742.4000 -184233.6000 59493.9400
v -25742.1200 -184233.6000 59493.8100
v -25742.2100 -184233.6000 59493.8500
v -25741.9300 -184233.6000 59493.7300
v -25742.0300 -184233.6000 59493.7700
v -25741.7400 -184233.6000 59493.6500
v -25741.8300 -184233.6000 59493.6900
v -25741.5500 -184233.6000 59493.5700
v -25741.6400 -184233.6000 59493.6100
v -25741.3500 -184233.6000 59493.5000
v -25741.4500 -184233.6000 59493.5400
v -25741.1600 -184233.6000 59493.4300
v -25741.2600 -184233.6000 59493.4600
v -25740.9600 -184233.6000 59493.3700
v -25741.0600 -184233.6000 59493.4000
v -25740.7700 -184233.6000 59493.3000
v -25740.8600 -184233.6000 59493.3400
v -25740.5700 -184233.6000 59493.2500
v -25740.6700 -184233.6000 59493.2700
v -25740.3700 -184233.6000 59493.1900
v -25740.4700 -184233.6000 59493.2200
v -25740.1700 -184233.6000 59493.1400
v -25740.2700 -184233.6000 59493.1600
v -25739.9700 -184233.6000 59493.0900
v -25740.0700 -184233.6000 59493.1100
v -25739.7700 -184233.6000 59493.0500
v -25739.8700 -184233.6000 59493.0700
v -25739.5600 -184233.6000 59493.0000
v -25739.6600 -184233.6000 59493.0200
v -25739.3600 -184233.6000 59492.9600
v -25739.4600 -184233.6000 59492.9800
v -25739.1600 -184233.6000 59492.9300
v -25739.2600 -184233.6000 59492.9500
v -25738.9500 -184233.6000 59492.9000
v -25739.0500 -184233.6000 59492.9200
v -25738.7500 -184233.6000 59492.8800
v -25738.8500 -184233.6000 59492.8900
v -25738.5400 -184233.6000 59492.8500
v -25738.6400 -184233.6000 59492.8600
v -25738.3400 -184233.6000 59492.8300
v -25738.4400 -184233.6000 59492.8400
v -25738.1300 -184233.6000 59492.8200
v -25738.2300 -184233.6000 59492.8200
v -25737.9200 -184233.6000 59492.8000
v -25738.0300 -184233.6000 59492.8100
v -25737.7200 -184233.6000 59492.7900
v -25737.8200 -184233.6000 59492.8000
v -25737.5100 -184233.6000 59492.7900
v -25737.6100 -184233.6000 59492.7900
v -25737.3000 -184233.6000 59492.7900
v -25737.4100 -184233.6000 59492.7900
v -25737.1000 -184233.6000 59492.7900
v -25737.2000 -184233.6000 59492.7900
v -25736.8900 -184233.6000 59492.7900
v -25736.9900 -184233.6000 59492.7900
v -25736.6800 -184233.6000 59492.8000
v -25736.7900 -184233.6000 59492.8000
v -25736.4800 -184233.6000 59492.8200
v -25736.5800 -184233.6000 59492.8100
v -25736.2700 -184233.6000 59492.8300
v -25736.3700 -184233.6000 59492.8200
v -25736.0700 -184233.6000 59492.8500
v -25736.1700 -184233.6000 59492.8400
v -25735.8600 -184233.6000 59492.8800
v -25735.9600 -184233.6000 59492.8600
v -25735.6600 -184233.6000 59492.9000
v -25735.7600 -184233.6000 59492.8900
v -25735.4500 -184233.6000 59492.9300
v -25735.5500 -184233.6000 59492.9200
v -25735.2500 -184233.6000 59492.9600
v -25735.3500 -184233.6000 59492.9500
v -25735.0400 -184233.6000 59493.0000
v -25735.1400 -184233.6000 59492.9800
v -25734.8400 -184233.6000 59493.0500
v -25734.9400 -184233.6000 59493.0200
v -25734.6400 -184233.6000 59493.0900
v -25734.7400 -184233.6000 59493.0700
v -25734.4400 -184233.6000 59493.1400
v -25734.5400 -184233.6000 59493.1100
v -25734.2400 -184233.6000 59493.1900
v -25734.3400 -184233.6000 59493.1600
v -25734.0400 -184233.6000 59493.2500
v -25734.1400 -184233.6000 59493.2200
v -25733.8400 -184233.6000 59493.3000
v -25733.9400 -184233.6000 59493.2700
v -25733.6400 -184233.6000 59493.3700
v -25733.7400 -184233.6000 59493.3400
v -25733.4500 -184233.6000 59493.4300
v -25733.5400 -184233.6000 59493.4000
v -25733.2500 -184233.6000 59493.5000
v -25733.3500 -184233.6000 59493.4600
v -25733.0600 -184233.6000 59493.5700
v -25733.1600 -184233.6000 59493.5400
v -25732.8700 -184233.6000 59493.6500
v -25732.9600 -184233.6000 59493.6100
v -25732.6800 -184233.6000 59493.7300
v -25732.7700 -184233.6000 59493.6900
v -25732.4900 -184233.6000 59493.8100
v -25732.5800 -184233.6000 59493.7700
v -25732.3000 -184233.6000 59493.8900
v -25732.3900 -184233.6000 59493.8600
v -25732.1100 -184233.6000 59493.9800
v -25732.2100 -184233.6000 59493.9400
v -25731.9300 -184233.6000 59494.0800
v -25732.0200 -184233.6000 59494.0300
v -25731.7400 -184233.6000 59494.1700
v -25731.8400 -184233.6000 59494.1200
v -25731.5600 -184233.6000 59494.2700
v -25731.6500 -184233.6000 59494.2200
v -25731.3800 -184233.6000 59494.3800
v -25731.4700 -184233.6000 59494.3200
v -25731.2100 -184233.6000 59494.4800
v -25731.2900 -184233.6000 59494.4300
v -25731.0300 -184233.6000 59494.5900
v -25731.1200 -184233.6000 59494.5300
v -25730.8600 -184233.6000 59494.7000
v -25730.9400 -184233.6000 59494.6400
v -25730.6800 -184233.6000 59494.8100
v -25730.7700 -184233.6000 59494.7500
v -25730.5100 -184233.6000 59494.9300
v -25730.6000 -184233.6000 59494.8700
v -25730.3400 -184233.6000 59495.0500
v -25730.4300 -184233.6000 59494.9900
v -25730.1800 -184233.6000 59495.1700
v -25730.2600 -184233.6000 59495.1100
v -25730.0100 -184233.6000 59495.3000
v -25730.0900 -184233.6000 59495.2300
v -25729.8500 -184233.6000 59495.4300
v -25729.9300 -184233.6000 59495.3600
v -25729.6900 -184233.6000 59495.5600
v -25729.7700 -184233.6000 59495.4900
v -25729.5400 -184233.6000 59495.6900
v -25729.6100 -184233.6000 59495.6200
v -25729.3800 -184233.6000 59495.8300
v -25729.4600 -184233.6000 59495.7600
v -25729.2300 -184233.6000 59495.9700
v -25729.3000 -184233.6000 59495.9000
v -25729.0800 -184233.6000 59496.1100
v -25729.1500 -184233.6000 59496.0400
v -25728.9300 -184233.6000 59496.2500
v -25729.0000 -184233.6000 59496.1800
v -25728.7900 -184233.6000 59496.4000
v -25728.8600 -184233.6000 59496.3300
v -25728.6400 -184233.6000 59496.5500
v -25728.7100 -184233.6000 59496.4800
v -25728.5000 -184233.6000 59496.7000
v -25728.5700 -184233.6000 59496.6300
v -25728.3700 -184233.6000 59496.8600
v -25728.4400 -184233.6000 59496.7900
v -25728.2300 -184233.6000 59497.0200
v -25728.3000 -184233.6000 59496.9400
v -25728.1000 -184233.6000 59497.1800
v -25728.1700 -184233.6000 59497.1000
v -25727.9700 -184233.6000 59497.3400
v -25728.0400 -184233.6000 59497.2600
v -25727.8500 -184233.6000 59497.5000
v -25727.9100 -184233.6000 59497.4200
v -25727.7200 -184233.6000 59497.6700
v -25727.7900 -184233.6000 59497.5900
v -25727.6000 -184233.6000 59497.8400
v -25727.6600 -184233.6000 59497.7500
v -25727.4900 -184233.6000 59498.0100
v -25727.5400 -184233.6000 59497.9200
v -25727.3700 -184233.6000 59498.1800
v -25727.4300 -184233.6000 59498.0900
v -25727.2600 -184233.6000 59498.3500
v -25727.3200 -184233.6000 59498.2700
v -25727.1500 -184233.6000 59498.5300
v -25727.2100 -184233.6000 59498.4400
v -25727.0500 -184233.6000 59498.7100
v -25727.1000 -184233.6000 59498.6200
v -25726.9500 -184233.6000 59498.8900
v -25727.0000 -184233.6000 59498.8000
v -25726.8500 -184233.6000 59499.0700
v -25726.9000 -184233.6000 59498.9800
v -25726.7500 -184233.6000 59499.2500
v -25726.8000 -184233.6000 59499.1600
v -25726.6600 -184233.6000 59499.4400
v -25726.7100 -184233.6000 59499.3500
v -25726.5700 -184233.6000 59499.6200
v -25726.6200 -184233.6000 59499.5300
v -25726.4900 -184233.6000 59499.8100
v -25726.5300 -184233.6000 59499.7200
v -25726.4000 -184233.6000 59500.0000
v -25726.4400 -184233.6000 59499.9100
v -25726.3200 -184233.6000 59500.1900
v -25726.3600 -184233.6000 59500.1000
v -25726.2500 -184233.6000 59500.3800
v -25726.2900 -184233.6000 59500.2900
v -25726.1800 -184233.6000 59500.5800
v -25726.2100 -184233.6000 59500.4800
v -25726.1100 -184233.6000 59500.7700
v -25726.1400 -184233.6000 59500.6800
v -25726.0400 -184233.6000 59500.9700
v -25726.0700 -184233.6000 59500.8700
v -25725.9800 -184233.6000 59501.1700
v -25726.0100 -184233.6000 59501.0700
v -25725.9200 -184233.6000 59501.3600
v -25725.9500 -184233.6000 59501.2700
v -25725.8700 -184233.6000 59501.5600
v -25725.8900 -184233.6000 59501.4600
v -25725.8100 -184233.6000 59501.7600
v -25725.8400 -184233.6000 59501.6600
v -25725.7700 -184233.6000 59501.9600
v -25725.7900 -184233.6000 59501.8700
v -25725.7200 -184233.6000 59502.1700
v -25725.7400 -184233.6000 59502.0700
v -25725.6800 -184233.6000 59502.3700
v -25725.7000 -184233.6000 59502.2700
v -25725.6400 -184233.6000 59502.5700
v -25725.6600 -184233.6000 59502.4700
v -25725.6100 -184233.6000 59502.7800
v -25725.6200 -184233.6000 59502.6800
v -25725.5800 -184233.6000 59502.9800
v -25725.5900 -184233.6000 59502.8800
v -25725.5500 -184233.6000 59503.1800
v -25725.5600 -184233.6000 59503.0900
v -25725.5300 -184233.6000 59503.3900
v -25725.5400 -184233.6000 59503.2900
v -25725.5100 -184233.6000 59503.6000
v -25725.5200 -184233.6000 59503.5000
v -25725.4900 -184233.6000 59503.8000
v -25725.5000 -184233.6000 59503.7000
v -25725.4800 -184233.6000 59504.0100
v -25725.4800 -184233.6000 59503.9100
v -25725.4700 -184233.6000 59504.2100
v -25725.4700 -184233.6000 59504.1100
v -25725.4600 -184233.6000 59504.4200
v -25725.4700 -184233.6000 59504.3200
v -25725.4600 -184233.6000 59504.6300
v -25725.4600 -184233.6000 59504.5300
v -25725.4600 -184233.6000 59504.8400
v -25725.4600 -184233.6000 59504.7300
v -25725.4700 -184233.6000 59505.0400
v -25725.4700 -184233.6000 59504.9400
v -25725.4800 -184233.6000 59505.2500
v -25725.4700 -184233.6000 59505.1500
v -25725.4900 -184233.6000 59505.4500
v -25725.4800 -184233.6000 59505.3500
v -25725.5100 -184233.6000 59505.6600
v -25725.5000 -184233.6000 59505.5600
v -25725.5300 -184233.6000 59505.8700
v -25725.5200 -184233.6000 59505.7700
v -25725.5500 -184233.6000 59506.0700
v -25725.5400 -184233.6000 59505.9700
v -25725.5800 -184233.6000 59506.2800
v -25725.5600 -184233.6000 59506.1800
v -25725.6100 -184233.6000 59506.4800
v -25725.5900 -184233.6000 59506.3800
v -25725.6400 -184233.6000 59506.6800
v -25725.6200 -184233.6000 59506.5900
v -25725.6800 -184233.6000 59506.8900
v -25725.6600 -184233.6000 59506.7900
v -25725.7200 -184233.6000 59507.0900
v -25725.7000 -184233.6000 59506.9900
v -25725.7700 -184233.6000 59507.2900
v -25725.7400 -184233.6000 59507.1900
v -25725.8100 -184233.6000 59507.4900
v -25725.7900 -184233.6000 59507.3900
v -25725.8700 -184233.6000 59507.7000
v -25725.8400 -184233.6000 59507.5900
v -25725.9200 -184233.6000 59507.8900
v -25725.8900 -184233.6000 59507.7900
v -25725.9800 -184233.6000 59508.0900
v -25725.9500 -184233.6000 59507.9900
v -25726.0400 -184233.6000 59508.2900
v -25726.0100 -184233.6000 59508.1900
v -25726.1100 -184233.6000 59508.4800
v -25726.0700 -184233.6000 59508.3900
v -25726.1800 -184233.6000 59508.6800
v -25726.1400 -184233.6000 59508.5800
v -25726.2500 -184233.6000 59508.8700
v -25726.2100 -184233.6000 59508.7800
v -25726.3200 -184233.6000 59509.0700
v -25726.2900 -184233.6000 59508.9700
v -25726.4000 -184233.6000 59509.2500
v -25726.3700 -184233.6000 59509.1600
v -25726.4900 -184233.6000 59509.4500
v -25726.4500 -184233.6000 59509.3500
v -25726.5700 -184233.6000 59509.6300
v -25726.5300 -184233.6000 59509.5400
v -25726.6600 -184233.6000 59509.8200
v -25726.6200 -184233.6000 59509.7300
v -25726.7500 -184233.6000 59510.0000
v -25726.7100 -184233.6000 59509.9100
v -25726.8500 -184233.6000 59510.1900
v -25726.8000 -184233.6000 59510.1000
v -25726.9500 -184233.6000 59510.3700
v -25726.9000 -184233.6000 59510.2800
v -25727.0500 -184233.6000 59510.5500
v -25727.0000 -184233.6000 59510.4600
v -25727.1500 -184233.6000 59510.7300
v -25727.1000 -184233.6000 59510.6400
v -25727.2600 -184233.6000 59510.9000
v -25727.2100 -184233.6000 59510.8200
v -25727.3700 -184233.6000 59511.0800
v -25727.3200 -184233.6000 59510.9900
v -25727.4900 -184233.6000 59511.2500
v -25727.4300 -184233.6000 59511.1600
v -25727.6000 -184233.6000 59511.4200
v -25727.5500 -184233.6000 59511.3400
v -25727.7200 -184233.6000 59511.5900
v -25727.6600 -184233.6000 59511.5100
v -25727.8500 -184233.6000 59511.7500
v -25727.7900 -184233.6000 59511.6700
v -25727.9700 -184233.6000 59511.9200
v -25727.9100 -184233.6000 59511.8400
v -25728.1000 -184233.6000 59512.0800
v -25728.0400 -184233.6000 59512.0000
v -25728.2300 -184233.6000 59512.2400
v -25728.1700 -184233.6000 59512.1600
v -25728.3700 -184233.6000 59512.4000
v -25728.3000 -184233.6000 59512.3200
v -25728.5000 -184233.6000 59512.5500
v -25728.4400 -184233.6000 59512.4800
v -25728.6400 -184233.6000 59512.7000
v -25728.5700 -184233.6000 59512.6300
v -25728.7900 -184233.6000 59512.8600
v -25728.7100 -184233.6000 59512.7800
v -25728.9300 -184233.6000 59513.0000
v -25728.8600 -184233.6000 59512.9300
v -25729.0800 -184233.6000 59513.1500
v -25729.0100 -184233.6000 59513.0700
v -25729.2300 -184233.6000 59513.2900
v -25729.1500 -184233.6000 59513.2200
v -25729.3800 -184233.6000 59513.4300
v -25729.3000 -184233.6000 59513.3600
v -25729.5400 -184233.6000 59513.5700
v -25729.4600 -184233.6000 59513.5000
v -25729.6900 -184233.6000 59513.7000
v -25729.6200 -184233.6000 59513.6300
v -25729.8500 -184233.6000 59513.8300
v -25729.7700 -184233.6000 59513.7700
v -25730.0100 -184233.6000 59513.9600
v -25729.9300 -184233.6000 59513.9000
v -25730.1800 -184233.6000 59514.0900
v -25730.1000 -184233.6000 59514.0200
v -25730.3400 -184233.6000 59514.2100
v -25730.2600 -184233.6000 59514.1500
v -25730.5100 -184233.6000 59514.3300
v -25730.4300 -184233.6000 59514.2700
v -25730.6800 -184233.6000 59514.4500
v -25730.6000 -184233.6000 59514.3900
v -25730.8600 -184233.6000 59514.5600
v -25730.7700 -184233.6000 59514.5000
v -25731.0300 -184233.6000 59514.6700
v -25730.9400 -184233.6000 59514.6200
v -25731.2100 -184233.6000 59514.7800
v -25731.1200 -184233.6000 59514.7300
v -25731.3800 -184233.6000 59514.8800
v -25731.2900 -184233.6000 59514.8300
v -25731.5600 -184233.6000 59514.9800
v -25731.4700 -184233.6000 59514.9400
v -25731.7400 -184233.6000 59515.0900
v -25731.6500 -184233.6000 59515.0400
v -25731.9300 -184233.6000 59515.1800
v -25731.8400 -184233.6000 59515.1300
v -25732.1100 -184233.6000 59515.2700
v -25732.0200 -184233.6000 59515.2300
v -25732.3000 -184233.6000 59515.3600
v -25732.2100 -184233.6000 59515.3200
v -25732.4900 -184233.6000 59515.4500
v -25732.3900 -184233.6000 59515.4100
v -25732.6800 -184233.6000 59515.5300
v -25732.5800 -184233.6000 59515.4900
v -25732.8700 -184233.6000 59515.6100
v -25732.7700 -184233.6000 59515.5700
v -25733.0600 -184233.6000 59515.6800
v -25732.9600 -184233.6000 59515.6500
v -25733.2500 -184233.6000 59515.7600
v -25733.1600 -184233.6000 59515.7200
v -25733.4500 -184233.6000 59515.8200
v -25733.3500 -184233.6000 59515.7900
v -25733.6400 -184233.6000 59515.8900
v -25733.5500 -184233.6000 59515.8600
v -25733.8400 -184233.6000 59515.9500
v -25733.7400 -184233.6000 59515.9200
v -25734.0400 -184233.6000 59516.0100
v -25733.9400 -184233.6000 59515.9800
v -25734.2400 -184233.6000 59516.0700
v -25734.1400 -184233.6000 59516.0400
v -25734.4400 -184233.6000 59516.1200
v -25734.3400 -184233.6000 59516.0900
v -25734.6400 -184233.6000 59516.1700
v -25734.5400 -184233.6000 59516.1400
v -25734.8400 -184233.6000 59516.2100
v -25734.7400 -184233.6000 59516.1900
v -25735.0400 -184233.6000 59516.2500
v -25734.9500 -184233.6000 59516.2300
v -25735.2500 -184233.6000 59516.2900
v -25735.1500 -184233.6000 59516.2700
v -25735.4500 -184233.6000 59516.3200
v -25735.3500 -184233.6000 59516.3100
v -25735.6600 -184233.6000 59516.3600
v -25735.5500 -184233.6000 59516.3400
v -25735.8600 -184233.6000 59516.3800
v -25735.7600 -184233.6000 59516.3700
v -25736.0700 -184233.6000 59516.4100
v -25735.9600 -184233.6000 59516.3900
v -25736.2700 -184233.6000 59516.4300
v -25736.1700 -184233.6000 59516.4100
v -25736.4800 -184233.6000 59516.4400
v -25736.3800 -184233.6000 59516.4300
v -25736.6800 -184233.6000 59516.4500
v -25736.5800 -184233.6000 59516.4500
v -25736.8900 -184233.6000 59516.4600
v -25736.7900 -184233.6000 59516.4600
v -25737.1000 -184233.6000 59516.4700
v -25737.0000 -184233.6000 59516.4600
v -25737.3000 -184233.6000 59516.4700
v -25737.2000 -184233.6000 59516.4700
v -25737.5100 -184233.6000 59516.4700
v -25737.4100 -184233.6000 59516.4700
v -25737.7200 -184233.6000 59516.4600
v -25737.6200 -184233.6000 59516.4600
v -25737.9200 -184233.6000 59516.4500
v -25737.8200 -184233.6000 59516.4600
v -25738.1300 -184233.6000 59516.4400
v -25738.0300 -184233.6000 59516.4500
v -25738.3400 -184233.6000 59516.4300
v -25738.2300 -184233.6000 59516.4300
v -25738.5400 -184233.6000 59516.4100
v -25738.4400 -184233.6000 59516.4100
v -25738.7500 -184233.6000 59516.3800
v -25738.6500 -184233.6000 59516.3900
v -25738.9500 -184233.6000 59516.3600
v -25738.8500 -184233.6000 59516.3700
v -25739.1600 -184233.6000 59516.3200
v -25739.0500 -184233.6000 59516.3400
v -25739.3600 -184233.6000 59516.2900
v -25739.2600 -184233.6000 59516.3100
v -25739.5600 -184233.6000 59516.2500
v -25739.4600 -184233.6000 59516.2700
v -25739.7700 -184233.6000 59516.2100
v -25739.6700 -184233.6000 59516.2300
v -25739.9700 -184233.6000 59516.1700
v -25739.8700 -184233.6000 59516.1900
v -25740.1700 -184233.6000 59516.1200
v -25740.0700 -184233.6000 59516.1400
v -25740.3700 -184233.6000 59516.0700
v -25740.2700 -184233.6000 59516.0900
v -25740.5700 -184233.6000 59516.0100
v -25740.4700 -184233.6000 59516.0400
v -25740.7700 -184233.6000 59515.9500
v -25740.6700 -184233.6000 59515.9800
v -25740.9600 -184233.6000 59515.8900
v -25740.8700 -184233.6000 59515.9200
v -25741.1600 -184233.6000 59515.8200
v -25741.0600 -184233.6000 59515.8600
v -25741.3500 -184233.6000 59515.7600
v -25741.2600 -184233.6000 59515.7900
v -25741.5500 -184233.6000 59515.6800
v -25741.4500 -184233.6000 59515.7200
v -25741.7400 -184233.6000 59515.6100
v -25741.6400 -184233.6000 59515.6400
v -25741.9300 -184233.6000 59515.5300
v -25741.8400 -184233.6000 59515.5700
v -25742.1200 -184233.6000 59515.4500
v -25742.0300 -184233.6000 59515.4900
v -25742.3100 -184233.6000 59515.3600
v -25742.2200 -184233.6000 59515.4000
v -25742.5000 -184233.6000 59515.2700
v -25742.4000 -184233.6000 59515.3200
v -25742.6800 -184233.6000 59515.1800
v -25742.5900 -184233.6000 59515.2300
v -25742.8600 -184233.6000 59515.0900
v -25742.7700 -184233.6000 59515.1300
v -25743.0400 -184233.6000 59514.9800
v -25742.9600 -184233.6000 59515.0400
v -25743.2200 -184233.6000 59514.8800
v -25743.1400 -184233.6000 59514.9300
v -25743.4000 -184233.6000 59514.7800
v -25743.3100 -184233.6000 59514.8300
v -25743.5800 -184233.6000 59514.6700
v -25743.4900 -184233.6000 59514.7200
v -25743.7500 -184233.6000 59514.5600
v -25743.6700 -184233.6000 59514.6100
v -25743.9300 -184233.6000 59514.4500
v -25743.8400 -184233.6000 59514.5000
v -25744.1000 -184233.6000 59514.3300
v -25744.0100 -184233.6000 59514.3900
v -25744.2700 -184233.6000 59514.2100
v -25744.1800 -184233.6000 59514.2700
v -25744.4300 -184233.6000 59514.0900
v -25744.3500 -184233.6000 59514.1400
v -25744.6000 -184233.6000 59513.9600
v -25744.5100 -184233.6000 59514.0200
v -25744.7600 -184233.6000 59513.8300
v -25744.6800 -184233.6000 59513.8900
v -25744.9200 -184233.6000 59513.7000
v -25744.8400 -184233.6000 59513.7700
v -25745.0700 -184233.6000 59513.5700
v -25745.0000 -184233.6000 59513.6300
v -25745.2300 -184233.6000 59513.4300
v -25745.1500 -184233.6000 59513.5000
v -25745.3800 -184233.6000 59513.2900
v -25745.3000 -184233.6000 59513.3600
v -25745.5300 -184233.6000 59513.1500
v -25745.4600 -184233.6000 59513.2200
v -25745.6800 -184233.6000 59513.0000
v -25745.6100 -184233.6000 59513.0700
v -25745.8200 -184233.6000 59512.8600
v -25745.7500 -184233.6000 59512.9300
v -25745.9600 -184233.6000 59512.7000
v -25745.8900 -184233.6000 59512.7800
v -25746.1000 -184233.6000 59512.5500
v -25746.0400 -184233.6000 59512.6300
v -25746.2400 -184233.6000 59512.4000
v -25746.1700 -184233.6000 59512.4700
v -25746.3800 -184233.6000 59512.2400
v -25746.3100 -184233.6000 59512.3200
v -25746.5100 -184233.6000 59512.0800
v -25746.4400 -184233.6000 59512.1600
v -25746.6300 -184233.6000 59511.9200
v -25746.5700 -184233.6000 59512.0000
v -25746.7600 -184233.6000 59511.7500
v -25746.7000 -184233.6000 59511.8400
v -25746.8800 -184233.6000 59511.5900
v -25746.8200 -184233.6000 59511.6700
v -25747.0000 -184233.6000 59511.4200
v -25746.9500 -184233.6000 59511.5000
v -25747.1200 -184233.6000 59511.2500
v -25747.0600 -184233.6000 59511.3400
v -25747.2400 -184233.6000 59511.0800
v -25747.1800 -184233.6000 59511.1600
v -25747.3500 -184233.6000 59510.9000
v -25747.2900 -184233.6000 59510.9900
v -25747.4600 -184233.6000 59510.7300
v -25747.4000 -184233.6000 59510.8100
v -25747.5600 -184233.6000 59510.5500
v -25747.5100 -184233.6000 59510.6400
v -25747.6600 -184233.6000 59510.3700
v -25747.6100 -184233.6000 59510.4600
v -25747.7600 -184233.6000 59510.1900
v -25747.7100 -184233.6000 59510.2800
v -25747.8600 -184233.6000 59510.0000
v -25747.8100 -184233.6000 59510.0900
v -25747.9500 -184233.6000 59509.8200
v -25747.9000 -184233.6000 59509.9100
v -25748.0400 -184233.6000 59509.6300
v -25747.9900 -184233.6000 59509.7300
v -25748.1200 -184233.6000 59509.4500
v -25748.0800 -184233.6000 59509.5400
v -25748.2100 -184233.6000 59509.2500
v -25748.1600 -184233.6000 59509.3500
v -25748.2800 -184233.6000 59509.0700
v -25748.2400 -184233.6000 59509.1600
v -25748.3600 -184233.6000 59508.8700
v -25748.3200 -184233.6000 59508.9700
v -25748.4300 -184233.6000 59508.6800
v -25748.4000 -184233.6000 59508.7700
v -25748.5000 -184233.6000 59508.4800
v -25748.4700 -184233.6000 59508.5800
v -25748.5700 -184233.6000 59508.2900
v -25748.5300 -184233.6000 59508.3800
v -25748.6300 -184233.6000 59508.0900
v -25748.6000 -184233.6000 59508.1900
v -25748.6900 -184233.6000 59507.8900
v -25748.6600 -184233.6000 59507.9900
v -25748.7400 -184233.6000 59507.7000
v -25748.7100 -184233.6000 59507.7900
v -25748.7900 -184233.6000 59507.4900
v -25748.7700 -184233.6000 59507.5900
v -25748.8400 -184233.6000 59507.2900
v -25748.8200 -184233.6000 59507.3900
v -25748.8900 -184233.6000 59507.0900
v -25748.8700 -184233.6000 59507.1900
v -25748.9300 -184233.6000 59506.8900
v -25748.9100 -184233.6000 59506.9900
v -25748.9700 -184233.6000 59506.6800
v -25748.9500 -184233.6000 59506.7900
v -25749.0000 -184233.6000 59506.4800
v -25748.9800 -184233.6000 59506.5800
v -25749.0300 -184233.6000 59506.2800
v -25749.0200 -184233.6000 59506.3800
v -25749.0600 -184233.6000 59506.0700
v -25749.0400 -184233.6000 59506.1700
v -25749.0800 -184233.6000 59505.8700
v -25749.0700 -184233.6000 59505.9700
v -25749.1000 -184233.6000 59505.6600
v -25749.0900 -184233.6000 59505.7600
v -25749.1200 -184233.6000 59505.4500
v -25749.1100 -184233.6000 59505.5500
v -25749.1300 -184233.6000 59505.2500
v -25749.1200 -184233.6000 59505.3500
v -25749.1400 -184233.6000 59505.0400
v -25749.1300 -184233.6000 59505.1400
v -25749.1400 -184233.6000 59504.8400
v -25749.1400 -184233.6000 59504.9400
v -25749.1400 -184233.6000 59504.7300
v -25749.3200 -184272.6000 59504.6300
v -25745.8500 -184272.6000 59496.2500
v -25737.4800 -184272.6000 59492.7900
v -25729.1000 -184272.6000 59496.2500
v -25725.6300 -184272.6000 59504.6300
v -25729.1000 -184272.6000 59513.0000
v -25737.4800 -184272.6000 59516.4700
v -25745.8500 -184272.6000 59513.0000
v -28271.4800 -184312.5000 59504.6300
v -28271.4800 -184312.5000 59504.8400
v -28271.4800 -184312.5000 59504.7300
v -28271.4700 -184312.5000 59505.0400
v -28271.4700 -184312.5000 59504.9400
v -28271.4600 -184312.5000 59505.2500
v -28271.4700 -184312.5000 59505.1500
v -28271.4500 -184312.5000 59505.4500
v -28271.4600 -184312.5000 59505.3500
v -28271.4400 -184312.5000 59505.6600
v -28271.4400 -184312.5000 59505.5600
v -28271.4200 -184312.5000 59505.8700
v -28271.4300 -184312.5000 59505.7700
v -28271.3900 -184312.5000 59506.0700
v -28271.4000 -184312.5000 59505.9700
v -28271.3700 -184312.5000 59506.2800
v -28271.3800 -184312.5000 59506.1800
v -28271.3300 -184312.5000 59506.4800
v -28271.3500 -184312.5000 59506.3800
v -28271.3000 -184312.5000 59506.6800
v -28271.3200 -184312.5000 59506.5900
v -28271.2600 -184312.5000 59506.8900
v -28271.2800 -184312.5000 59506.7900
v -28271.2200 -184312.5000 59507.0900
v -28271.2400 -184312.5000 59506.9900
v -28271.1800 -184312.5000 59507.2900
v -28271.2000 -184312.5000 59507.1900
v -28271.1300 -184312.5000 59507.4900
v -28271.1500 -184312.5000 59507.3900
v -28271.0800 -184312.5000 59507.7000
v -28271.1000 -184312.5000 59507.5900
v -28271.0200 -184312.5000 59507.8900
v -28271.0500 -184312.5000 59507.7900
v -28270.9600 -184312.5000 59508.0900
v -28270.9900 -184312.5000 59507.9900
v -28270.9000 -184312.5000 59508.2900
v -28270.9300 -184312.5000 59508.1900
v -28270.8300 -184312.5000 59508.4800
v -28270.8700 -184312.5000 59508.3900
v -28270.7700 -184312.5000 59508.6800
v -28270.8000 -184312.5000 59508.5800
v -28270.6900 -184312.5000 59508.8700
v -28270.7300 -184312.5000 59508.7800
v -28270.6200 -184312.5000 59509.0700
v -28270.6500 -184312.5000 59508.9700
v -28270.5400 -184312.5000 59509.2500
v -28270.5800 -184312.5000 59509.1600
v -28270.4600 -184312.5000 59509.4500
v -28270.5000 -184312.5000 59509.3500
v -28270.3700 -184312.5000 59509.6300
v -28270.4100 -184312.5000 59509.5400
v -28270.2800 -184312.5000 59509.8200
v -28270.3300 -184312.5000 59509.7300
v -28270.1900 -184312.5000 59510.0000
v -28270.2300 -184312.5000 59509.9100
v -28270.0900 -184312.5000 59510.1900
v -28270.1400 -184312.5000 59510.1000
v -28270.0000 -184312.5000 59510.3700
v -28270.0400 -184312.5000 59510.2800
v -28269.8900 -184312.5000 59510.5500
v -28269.9400 -184312.5000 59510.4600
v -28269.7900 -184312.5000 59510.7300
v -28269.8400 -184312.5000 59510.6400
v -28269.6800 -184312.5000 59510.9000
v -28269.7300 -184312.5000 59510.8200
v -28269.5700 -184312.5000 59511.0800
v -28269.6200 -184312.5000 59510.9900
v -28269.4600 -184312.5000 59511.2500
v -28269.5100 -184312.5000 59511.1600
v -28269.3400 -184312.5000 59511.4200
v -28269.4000 -184312.5000 59511.3400
v -28269.2200 -184312.5000 59511.5900
v -28269.2800 -184312.5000 59511.5100
v -28269.1000 -184312.5000 59511.7500
v -28269.1600 -184312.5000 59511.6700
v -28268.9700 -184312.5000 59511.9200
v -28269.0300 -184312.5000 59511.8400
v -28268.8400 -184312.5000 59512.0800
v -28268.9000 -184312.5000 59512.0000
v -28268.7100 -184312.5000 59512.2400
v -28268.7800 -184312.5000 59512.1600
v -28268.5800 -184312.5000 59512.4000
v -28268.6400 -184312.5000 59512.3200
v -28268.4400 -184312.5000 59512.5500
v -28268.5100 -184312.5000 59512.4800
v -28268.3000 -184312.5000 59512.7000
v -28268.3700 -184312.5000 59512.6300
v -28268.1600 -184312.5000 59512.8600
v -28268.2300 -184312.5000 59512.7800
v -28268.0100 -184312.5000 59513.0000
v -28268.0800 -184312.5000 59512.9300
v -28267.8600 -184312.5000 59513.1500
v -28267.9400 -184312.5000 59513.0700
v -28267.7100 -184312.5000 59513.2900
v -28267.7900 -184312.5000 59513.2200
v -28267.5600 -184312.5000 59513.4300
v -28267.6400 -184312.5000 59513.3600
v -28267.4100 -184312.5000 59513.5700
v -28267.4800 -184312.5000 59513.5000
v -28267.2500 -184312.5000 59513.7000
v -28267.3300 -184312.5000 59513.6300
v -28267.0900 -184312.5000 59513.8300
v -28267.1700 -184312.5000 59513.7700
v -28266.9300 -184312.5000 59513.9600
v -28267.0100 -184312.5000 59513.9000
v -28266.7700 -184312.5000 59514.0900
v -28266.8500 -184312.5000 59514.0200
v -28266.6000 -184312.5000 59514.2100
v -28266.6800 -184312.5000 59514.1500
v -28266.4300 -184312.5000 59514.3300
v -28266.5100 -184312.5000 59514.2700
v -28266.2600 -184312.5000 59514.4500
v -28266.3400 -184312.5000 59514.3900
v -28266.0900 -184312.5000 59514.5600
v -28266.1700 -184312.5000 59514.5000
v -28265.9100 -184312.5000 59514.6700
v -28266.0000 -184312.5000 59514.6200
v -28265.7400 -184312.5000 59514.7800
v -28265.8200 -184312.5000 59514.7300
v -28265.5600 -184312.5000 59514.8800
v -28265.6500 -184312.5000 59514.8300
v -28265.3800 -184312.5000 59514.9800
v -28265.4700 -184312.5000 59514.9400
v -28265.2000 -184312.5000 59515.0900
v -28265.2900 -184312.5000 59515.0400
v -28265.0100 -184312.5000 59515.1800
v -28265.1100 -184312.5000 59515.1300
v -28264.8300 -184312.5000 59515.2700
v -28264.9200 -184312.5000 59515.2300
v -28264.6400 -184312.5000 59515.3600
v -28264.7300 -184312.5000 59515.3200
v -28264.4600 -184312.5000 59515.4500
v -28264.5500 -184312.5000 59515.4100
v -28264.2700 -184312.5000 59515.5300
v -28264.3600 -184312.5000 59515.4900
v -28264.0700 -184312.5000 59515.6100
v -28264.1700 -184312.5000 59515.5700
v -28263.8800 -184312.5000 59515.6800
v -28263.9800 -184312.5000 59515.6500
v -28263.6900 -184312.5000 59515.7600
v -28263.7800 -184312.5000 59515.7200
v -28263.4900 -184312.5000 59515.8200
v -28263.5900 -184312.5000 59515.7900
v -28263.3000 -184312.5000 59515.8900
v -28263.3900 -184312.5000 59515.8600
v -28263.1000 -184312.5000 59515.9500
v -28263.2000 -184312.5000 59515.9200
v -28262.9000 -184312.5000 59516.0100
v -28263.0000 -184312.5000 59515.9800
v -28262.7000 -184312.5000 59516.0700
v -28262.8000 -184312.5000 59516.0400
v -28262.5000 -184312.5000 59516.1200
v -28262.6000 -184312.5000 59516.0900
v -28262.3000 -184312.5000 59516.1700
v -28262.4000 -184312.5000 59516.1400
v -28262.1000 -184312.5000 59516.2100
v -28262.2000 -184312.5000 59516.1900
v -28261.9000 -184312.5000 59516.2500
v -28262.0000 -184312.5000 59516.2300
v -28261.7000 -184312.5000 59516.2900
v -28261.7900 -184312.5000 59516.2700
v -28261.4900 -184312.5000 59516.3200
v -28261.5900 -184312.5000 59516.3100
v -28261.2900 -184312.5000 59516.3600
v -28261.3900 -184312.5000 59516.3400
v -28261.0800 -184312.5000 59516.3800
v -28261.1800 -184312.5000 59516.3700
v -28260.8800 -184312.5000 59516.4100
v -28260.9800 -184312.5000 59516.3900
v -28260.6700 -184312.5000 59516.4300
v -28260.7700 -184312.5000 59516.4100
v -28260.4600 -184312.5000 59516.4400
v -28260.5700 -184312.5000 59516.4300
v -28260.2600 -184312.5000 59516.4500
v -28260.3600 -184312.5000 59516.4500
v -28260.0500 -184312.5000 59516.4600
v -28260.1500 -184312.5000 59516.4600
v -28259.8500 -184312.5000 59516.4700
v -28259.9500 -184312.5000 59516.4600
v -28259.6400 -184312.5000 59516.4700
v -28259.7400 -184312.5000 59516.4700
v -28259.4300 -184312.5000 59516.4700
v -28259.5300 -184312.5000 59516.4700
v -28259.2200 -184312.5000 59516.4600
v -28259.3300 -184312.5000 59516.4600
v -28259.0200 -184312.5000 59516.4500
v -28259.1200 -184312.5000 59516.4600
v -28258.8100 -184312.5000 59516.4400
v -28258.9100 -184312.5000 59516.4500
v -28258.6100 -184312.5000 59516.4300
v -28258.7100 -184312.5000 59516.4300
v -28258.4000 -184312.5000 59516.4100
v -28258.5000 -184312.5000 59516.4100
v -28258.2000 -184312.5000 59516.3800
v -28258.3000 -184312.5000 59516.3900
v -28257.9900 -184312.5000 59516.3600
v -28258.0900 -184312.5000 59516.3700
v -28257.7900 -184312.5000 59516.3200
v -28257.8900 -184312.5000 59516.3400
v -28257.5800 -184312.5000 59516.2900
v -28257.6800 -184312.5000 59516.3100
v -28257.3800 -184312.5000 59516.2500
v -28257.4800 -184312.5000 59516.2700
v -28257.1800 -184312.5000 59516.2100
v -28257.2800 -184312.5000 59516.2300
v -28256.9700 -184312.5000 59516.1700
v -28257.0700 -184312.5000 59516.1900
v -28256.7700 -184312.5000 59516.1200
v -28256.8700 -184312.5000 59516.1400
v -28256.5700 -184312.5000 59516.0700
v -28256.6700 -184312.5000 59516.0900
v -28256.3800 -184312.5000 59516.0100
v -28256.4700 -184312.5000 59516.0400
v -28256.1800 -184312.5000 59515.9500
v -28256.2700 -184312.5000 59515.9800
v -28255.9800 -184312.5000 59515.8900
v -28256.0800 -184312.5000 59515.9200
v -28255.7800 -184312.5000 59515.8200
v -28255.8800 -184312.5000 59515.8600
v -28255.5900 -184312.5000 59515.7600
v -28255.6800 -184312.5000 59515.7900
v -28255.3900 -184312.5000 59515.6800
v -28255.4900 -184312.5000 59515.7200
v -28255.2000 -184312.5000 59515.6100
v -28255.3000 -184312.5000 59515.6400
v -28255.0100 -184312.5000 59515.5300
v -28255.1100 -184312.5000 59515.5700
v -28254.8200 -184312.5000 59515.4500
v -28254.9200 -184312.5000 59515.4900
v -28254.6300 -184312.5000 59515.3600
v -28254.7300 -184312.5000 59515.4000
v -28254.4500 -184312.5000 59515.2700
v -28254.5400 -184312.5000 59515.3200
v -28254.2600 -184312.5000 59515.1800
v -28254.3500 -184312.5000 59515.2300
v -28254.0800 -184312.5000 59515.0900
v -28254.1700 -184312.5000 59515.1300
v -28253.9000 -184312.5000 59514.9800
v -28253.9900 -184312.5000 59515.0400
v -28253.7200 -184312.5000 59514.8800
v -28253.8100 -184312.5000 59514.9300
v -28253.5400 -184312.5000 59514.7800
v -28253.6300 -184312.5000 59514.8300
v -28253.3600 -184312.5000 59514.6700
v -28253.4500 -184312.5000 59514.7200
v -28253.1900 -184312.5000 59514.5600
v -28253.2800 -184312.5000 59514.6100
v -28253.0200 -184312.5000 59514.4500
v -28253.1000 -184312.5000 59514.5000
v -28252.8500 -184312.5000 59514.3300
v -28252.9300 -184312.5000 59514.3900
v -28252.6800 -184312.5000 59514.2100
v -28252.7600 -184312.5000 59514.2700
v -28252.5100 -184312.5000 59514.0900
v -28252.5900 -184312.5000 59514.1400
v -28252.3500 -184312.5000 59513.9600
v -28252.4300 -184312.5000 59514.0200
v -28252.1900 -184312.5000 59513.8300
v -28252.2700 -184312.5000 59513.8900
v -28252.0300 -184312.5000 59513.7000
v -28252.1100 -184312.5000 59513.7700
v -28251.8700 -184312.5000 59513.5700
v -28251.9500 -184312.5000 59513.6300
v -28251.7100 -184312.5000 59513.4300
v -28251.7900 -184312.5000 59513.5000
v -28251.5600 -184312.5000 59513.2900
v -28251.6400 -184312.5000 59513.3600
v -28251.4100 -184312.5000 59513.1500
v -28251.4900 -184312.5000 59513.2200
v -28251.2600 -184312.5000 59513.0000
v -28251.3400 -184312.5000 59513.0700
v -28251.1200 -184312.5000 59512.8600
v -28251.1900 -184312.5000 59512.9300
v -28250.9800 -184312.5000 59512.7000
v -28251.0500 -184312.5000 59512.7800
v -28250.8400 -184312.5000 59512.5500
v -28250.9100 -184312.5000 59512.6300
v -28250.7000 -184312.5000 59512.4000
v -28250.7700 -184312.5000 59512.4700
v -28250.5700 -184312.5000 59512.2400
v -28250.6300 -184312.5000 59512.3200
v -28250.4400 -184312.5000 59512.0800
v -28250.5000 -184312.5000 59512.1600
v -28250.3100 -184312.5000 59511.9200
v -28250.3700 -184312.5000 59512.0000
v -28250.1800 -184312.5000 59511.7500
v -28250.2400 -184312.5000 59511.8400
v -28250.0600 -184312.5000 59511.5900
v -28250.1200 -184312.5000 59511.6700
v -28249.9400 -184312.5000 59511.4200
v -28250.0000 -184312.5000 59511.5000
v -28249.8200 -184312.5000 59511.2500
v -28249.8800 -184312.5000 59511.3400
v -28249.7100 -184312.5000 59511.0800
v -28249.7600 -184312.5000 59511.1600
v -28249.6000 -184312.5000 59510.9000
v -28249.6500 -184312.5000 59510.9900
v -28249.4900 -184312.5000 59510.7300
v -28249.5400 -184312.5000 59510.8100
v -28249.3800 -184312.5000 59510.5500
v -28249.4300 -184312.5000 59510.6400
v -28249.2800 -184312.5000 59510.3700
v -28249.3300 -184312.5000 59510.4600
v -28249.1800 -184312.5000 59510.1900
v -28249.2300 -184312.5000 59510.2800
v -28249.0900 -184312.5000 59510.0000
v -28249.1300 -184312.5000 59510.0900
v -28248.9900 -184312.5000 59509.8200
v -28249.0400 -184312.5000 59509.9100
v -28248.9100 -184312.5000 59509.6300
v -28248.9500 -184312.5000 59509.7300
v -28248.8200 -184312.5000 59509.4500
v -28248.8600 -184312.5000 59509.5400
v -28248.7400 -184312.5000 59509.2500
v -28248.7800 -184312.5000 59509.3500
v -28248.6600 -184312.5000 59509.0700
v -28248.7000 -184312.5000 59509.1600
v -28248.5800 -184312.5000 59508.8700
v -28248.6200 -184312.5000 59508.9700
v -28248.5100 -184312.5000 59508.6800
v -28248.5500 -184312.5000 59508.7700
v -28248.4400 -184312.5000 59508.4800
v -28248.4700 -184312.5000 59508.5800
v -28248.3800 -184312.5000 59508.2900
v -28248.4100 -184312.5000 59508.3800
v -28248.3100 -184312.5000 59508.0900
v -28248.3400 -184312.5000 59508.1900
v -28248.2600 -184312.5000 59507.8900
v -28248.2800 -184312.5000 59507.9900
v -28248.2000 -184312.5000 59507.7000
v -28248.2300 -184312.5000 59507.7900
v -28248.1500 -184312.5000 59507.4900
v -28248.1700 -184312.5000 59507.5900
v -28248.1000 -184312.5000 59507.2900
v -28248.1200 -184312.5000 59507.3900
v -28248.0500 -184312.5000 59507.0900
v -28248.0800 -184312.5000 59507.1900
v -28248.0100 -184312.5000 59506.8900
v -28248.0300 -184312.5000 59506.9900
v -28247.9800 -184312.5000 59506.6800
v -28247.9900 -184312.5000 59506.7900
v -28247.9400 -184312.5000 59506.4800
v -28247.9600 -184312.5000 59506.5800
v -28247.9100 -184312.5000 59506.2800
v -28247.9300 -184312.5000 59506.3800
v -28247.8800 -184312.5000 59506.0700
v -28247.9000 -184312.5000 59506.1700
v -28247.8600 -184312.5000 59505.8700
v -28247.8700 -184312.5000 59505.9700
v -28247.8400 -184312.5000 59505.6600
v -28247.8500 -184312.5000 59505.7600
v -28247.8200 -184312.5000 59505.4500
v -28247.8300 -184312.5000 59505.5500
v -28247.8100 -184312.5000 59505.2500
v -28247.8200 -184312.5000 59505.3500
v -28247.8000 -184312.5000 59505.0400
v -28247.8100 -184312.5000 59505.1400
v -28247.8000 -184312.5000 59504.8400
v -28247.8000 -184312.5000 59504.9400
v -28247.8000 -184312.5000 59504.6300
v -28247.8000 -184312.5000 59504.7300
v -28247.8000 -184312.5000 59504.4200
v -28247.8000 -184312.5000 59504.5200
v -28247.8000 -184312.5000 59504.2100
v -28247.8000 -184312.5000 59504.3200
v -28247.8100 -184312.5000 59504.0100
v -28247.8100 -184312.5000 59504.1100
v -28247.8200 -184312.5000 59503.8000
v -28247.8200 -184312.5000 59503.9000
v -28247.8400 -184312.5000 59503.6000
v -28247.8300 -184312.5000 59503.7000
v -28247.8600 -184312.5000 59503.3900
v -28247.8500 -184312.5000 59503.4900
v -28247.8800 -184312.5000 59503.1800
v -28247.8700 -184312.5000 59503.2900
v -28247.9100 -184312.5000 59502.9800
v -28247.9000 -184312.5000 59503.0800
v -28247.9400 -184312.5000 59502.7800
v -28247.9300 -184312.5000 59502.8800
v -28247.9800 -184312.5000 59502.5700
v -28247.9600 -184312.5000 59502.6700
v -28248.0100 -184312.5000 59502.3700
v -28248.0000 -184312.5000 59502.4700
v -28248.0500 -184312.5000 59502.1700
v -28248.0400 -184312.5000 59502.2700
v -28248.1000 -184312.5000 59501.9600
v -28248.0800 -184312.5000 59502.0600
v -28248.1500 -184312.5000 59501.7600
v -28248.1200 -184312.5000 59501.8600
v -28248.2000 -184312.5000 59501.5600
v -28248.1700 -184312.5000 59501.6600
v -28248.2600 -184312.5000 59501.3600
v -28248.2300 -184312.5000 59501.4600
v -28248.3100 -184312.5000 59501.1700
v -28248.2900 -184312.5000 59501.2700
v -28248.3800 -184312.5000 59500.9700
v -28248.3500 -184312.5000 59501.0700
v -28248.4400 -184312.5000 59500.7700
v -28248.4100 -184312.5000 59500.8700
v -28248.5100 -184312.5000 59500.5800
v -28248.4800 -184312.5000 59500.6800
v -28248.5800 -184312.5000 59500.3800
v -28248.5500 -184312.5000 59500.4800
v -28248.6600 -184312.5000 59500.1900
v -28248.6200 -184312.5000 59500.2900
v -28248.7400 -184312.5000 59500.0000
v -28248.7000 -184312.5000 59500.0900
v -28248.8200 -184312.5000 59499.8100
v -28248.7800 -184312.5000 59499.9100
v -28248.9100 -184312.5000 59499.6200
v -28248.8600 -184312.5000 59499.7100
v -28248.9900 -184312.5000 59499.4400
v -28248.9500 -184312.5000 59499.5300
v -28249.0900 -184312.5000 59499.2500
v -28249.0400 -184312.5000 59499.3400
v -28249.1800 -184312.5000 59499.0700
v -28249.1300 -184312.5000 59499.1600
v -28249.2800 -184312.5000 59498.8900
v -28249.2300 -184312.5000 59498.9800
v -28249.3800 -184312.5000 59498.7100
v -28249.3300 -184312.5000 59498.8000
v -28249.4900 -184312.5000 59498.5300
v -28249.4400 -184312.5000 59498.6200
v -28249.6000 -184312.5000 59498.3500
v -28249.5400 -184312.5000 59498.4400
v -28249.7100 -184312.5000 59498.1800
v -28249.6500 -184312.5000 59498.2700
v -28249.8200 -184312.5000 59498.0100
v -28249.7600 -184312.5000 59498.0900
v -28249.9400 -184312.5000 59497.8400
v -28249.8800 -184312.5000 59497.9200
v -28250.0600 -184312.5000 59497.6700
v -28250.0000 -184312.5000 59497.7500
v -28250.1800 -184312.5000 59497.5000
v -28250.1200 -184312.5000 59497.5800
v -28250.3100 -184312.5000 59497.3400
v -28250.2400 -184312.5000 59497.4200
v -28250.4400 -184312.5000 59497.1800
v -28250.3700 -184312.5000 59497.2500
v -28250.5700 -184312.5000 59497.0200
v -28250.5000 -184312.5000 59497.0900
v -28250.7000 -184312.5000 59496.8600
v -28250.6300 -184312.5000 59496.9400
v -28250.8400 -184312.5000 59496.7000
v -28250.7700 -184312.5000 59496.7800
v -28250.9800 -184312.5000 59496.5500
v -28250.9100 -184312.5000 59496.6300
v -28251.1200 -184312.5000 59496.4000
v -28251.0500 -184312.5000 59496.4800
v -28251.2600 -184312.5000 59496.2500
v -28251.1900 -184312.5000 59496.3300
v -28251.4100 -184312.5000 59496.1100
v -28251.3400 -184312.5000 59496.1800
v -28251.5600 -184312.5000 59495.9700
v -28251.4900 -184312.5000 59496.0400
v -28251.7100 -184312.5000 59495.8300
v -28251.6400 -184312.5000 59495.9000
v -28251.8700 -184312.5000 59495.6900
v -28251.7900 -184312.5000 59495.7600
v -28252.0300 -184312.5000 59495.5600
v -28251.9500 -184312.5000 59495.6200
v -28252.1900 -184312.5000 59495.4300
v -28252.1100 -184312.5000 59495.4900
v -28252.3500 -184312.5000 59495.3000
v -28252.2700 -184312.5000 59495.3600
v -28252.5100 -184312.5000 59495.1700
v -28252.4300 -184312.5000 59495.2300
v -28252.6800 -184312.5000 59495.0500
v -28252.6000 -184312.5000 59495.1100
v -28252.8500 -184312.5000 59494.9300
v -28252.7600 -184312.5000 59494.9900
v -28253.0200 -184312.5000 59494.8100
v -28252.9300 -184312.5000 59494.8700
v -28253.1900 -184312.5000 59494.7000
v -28253.1000 -184312.5000 59494.7500
v -28253.3600 -184312.5000 59494.5900
v -28253.2800 -184312.5000 59494.6400
v -28253.5400 -184312.5000 59494.4800
v -28253.4500 -184312.5000 59494.5300
v -28253.7200 -184312.5000 59494.3800
v -28253.6300 -184312.5000 59494.4300
v -28253.9000 -184312.5000 59494.2700
v -28253.8100 -184312.5000 59494.3200
v -28254.0800 -184312.5000 59494.1700
v -28253.9900 -184312.5000 59494.2200
v -28254.2600 -184312.5000 59494.0800
v -28254.1700 -184312.5000 59494.1200
v -28254.4500 -184312.5000 59493.9800
v -28254.3600 -184312.5000 59494.0300
v -28254.6300 -184312.5000 59493.8900
v -28254.5400 -184312.5000 59493.9400
v -28254.8200 -184312.5000 59493.8100
v -28254.7300 -184312.5000 59493.8500
v -28255.0100 -184312.5000 59493.7300
v -28254.9200 -184312.5000 59493.7700
v -28255.2000 -184312.5000 59493.6500
v -28255.1100 -184312.5000 59493.6900
v -28255.3900 -184312.5000 59493.5700
v -28255.3000 -184312.5000 59493.6100
v -28255.5900 -184312.5000 59493.5000
v -28255.4900 -184312.5000 59493.5400
v -28255.7800 -184312.5000 59493.4300
v -28255.6900 -184312.5000 59493.4600
v -28255.9800 -184312.5000 59493.3700
v -28255.8800 -184312.5000 59493.4000
v -28256.1800 -184312.5000 59493.3000
v -28256.0800 -184312.5000 59493.3400
v -28256.3800 -184312.5000 59493.2500
v -28256.2800 -184312.5000 59493.2700
v -28256.5700 -184312.5000 59493.1900
v -28256.4700 -184312.5000 59493.2200
v -28256.7700 -184312.5000 59493.1400
v -28256.6700 -184312.5000 59493.1600
v -28256.9700 -184312.5000 59493.0900
v -28256.8800 -184312.5000 59493.1100
v -28257.1800 -184312.5000 59493.0500
v -28257.0800 -184312.5000 59493.0700
v -28257.3800 -184312.5000 59493.0000
v -28257.2800 -184312.5000 59493.0200
v -28257.5800 -184312.5000 59492.9600
v -28257.4800 -184312.5000 59492.9800
v -28257.7900 -184312.5000 59492.9300
v -28257.6900 -184312.5000 59492.9500
v -28257.9900 -184312.5000 59492.9000
v -28257.8900 -184312.5000 59492.9200
v -28258.2000 -184312.5000 59492.8800
v -28258.0900 -184312.5000 59492.8900
v -28258.4000 -184312.5000 59492.8500
v -28258.3000 -184312.5000 59492.8600
v -28258.6100 -184312.5000 59492.8300
v -28258.5000 -184312.5000 59492.8400
v -28258.8100 -184312.5000 59492.8200
v -28258.7100 -184312.5000 59492.8200
v -28259.0200 -184312.5000 59492.8000
v -28258.9200 -184312.5000 59492.8100
v -28259.2200 -184312.5000 59492.7900
v -28259.1200 -184312.5000 59492.8000
v -28259.4300 -184312.5000 59492.7900
v -28259.3300 -184312.5000 59492.7900
v -28259.6400 -184312.5000 59492.7900
v -28259.5400 -184312.5000 59492.7900
v -28259.8500 -184312.5000 59492.7900
v -28259.7400 -184312.5000 59492.7900
v -28260.0500 -184312.5000 59492.7900
v -28259.9500 -184312.5000 59492.7900
v -28260.2600 -184312.5000 59492.8000
v -28260.1600 -184312.5000 59492.8000
v -28260.4600 -184312.5000 59492.8200
v -28260.3600 -184312.5000 59492.8100
v -28260.6700 -184312.5000 59492.8300
v -28260.5700 -184312.5000 59492.8200
v -28260.8800 -184312.5000 59492.8500
v -28260.7700 -184312.5000 59492.8400
v -28261.0800 -184312.5000 59492.8800
v -28260.9800 -184312.5000 59492.8600
v -28261.2900 -184312.5000 59492.9000
v -28261.1900 -184312.5000 59492.8900
v -28261.4900 -184312.5000 59492.9300
v -28261.3900 -184312.5000 59492.9200
v -28261.7000 -184312.5000 59492.9600
v -28261.5900 -184312.5000 59492.9500
v -28261.9000 -184312.5000 59493.0000
v -28261.8000 -184312.5000 59492.9800
v -28262.1000 -184312.5000 59493.0500
v -28262.0000 -184312.5000 59493.0200
v -28262.3000 -184312.5000 59493.0900
v -28262.2000 -184312.5000 59493.0700
v -28262.5000 -184312.5000 59493.1400
v -28262.4000 -184312.5000 59493.1100
v -28262.7000 -184312.5000 59493.1900
v -28262.6000 -184312.5000 59493.1600
v -28262.9000 -184312.5000 59493.2500
v -28262.8000 -184312.5000 59493.2200
v -28263.1000 -184312.5000 59493.3000
v -28263.0000 -184312.5000 59493.2700
v -28263.3000 -184312.5000 59493.3700
v -28263.2000 -184312.5000 59493.3400
v -28263.4900 -184312.5000 59493.4300
v -28263.4000 -184312.5000 59493.4000
v -28263.6900 -184312.5000 59493.5000
v -28263.5900 -184312.5000 59493.4600
v -28263.8800 -184312.5000 59493.5700
v -28263.7900 -184312.5000 59493.5400
v -28264.0700 -184312.5000 59493.6500
v -28263.9800 -184312.5000 59493.6100
v -28264.2700 -184312.5000 59493.7300
v -28264.1700 -184312.5000 59493.6900
v -28264.4600 -184312.5000 59493.8100
v -28264.3600 -184312.5000 59493.7700
v -28264.6400 -184312.5000 59493.8900
v -28264.5500 -184312.5000 59493.8600
v -28264.8300 -184312.5000 59493.9800
v -28264.7400 -184312.5000 59493.9400
v -28265.0100 -184312.5000 59494.0800
v -28264.9200 -184312.5000 59494.0300
v -28265.2000 -184312.5000 59494.1700
v -28265.1100 -184312.5000 59494.1200
v -28265.3800 -184312.5000 59494.2700
v -28265.2900 -184312.5000 59494.2200
v -28265.5600 -184312.5000 59494.3800
v -28265.4700 -184312.5000 59494.3200
v -28265.7400 -184312.5000 59494.4800
v -28265.6500 -184312.5000 59494.4300
v -28265.9100 -184312.5000 59494.5900
v -28265.8300 -184312.5000 59494.5300
v -28266.0900 -184312.5000 59494.7000
v -28266.0000 -184312.5000 59494.6400
v -28266.2600 -184312.5000 59494.8100
v -28266.1800 -184312.5000 59494.7500
v -28266.4300 -184312.5000 59494.9300
v -28266.3500 -184312.5000 59494.8700
v -28266.6000 -184312.5000 59495.0500
v -28266.5200 -184312.5000 59494.9900
v -28266.7700 -184312.5000 59495.1700
v -28266.6800 -184312.5000 59495.1100
v -28266.9300 -184312.5000 59495.3000
v -28266.8500 -184312.5000 59495.2300
v -28267.0900 -184312.5000 59495.4300
v -28267.0100 -184312.5000 59495.3600
v -28267.2500 -184312.5000 59495.5600
v -28267.1700 -184312.5000 59495.4900
v -28267.4100 -184312.5000 59495.6900
v -28267.3300 -184312.5000 59495.6200
v -28267.5600 -184312.5000 59495.8300
v -28267.4900 -184312.5000 59495.7600
v -28267.7100 -184312.5000 59495.9700
v -28267.6400 -184312.5000 59495.9000
v -28267.8600 -184312.5000 59496.1100
v -28267.7900 -184312.5000 59496.0400
v -28268.0100 -184312.5000 59496.2500
v -28267.9400 -184312.5000 59496.1800
v -28268.1600 -184312.5000 59496.4000
v -28268.0800 -184312.5000 59496.3300
v -28268.3000 -184312.5000 59496.5500
v -28268.2300 -184312.5000 59496.4800
v -28268.4400 -184312.5000 59496.7000
v -28268.3700 -184312.5000 59496.6300
v -28268.5800 -184312.5000 59496.8600
v -28268.5100 -184312.5000 59496.7900
v -28268.7100 -184312.5000 59497.0200
v -28268.6400 -184312.5000 59496.9400
v -28268.8400 -184312.5000 59497.1800
v -28268.7800 -184312.5000 59497.1000
v -28268.9700 -184312.5000 59497.3400
v -28268.9100 -184312.5000 59497.2600
v -28269.1000 -184312.5000 59497.5000
v -28269.0300 -184312.5000 59497.4200
v -28269.2200 -184312.5000 59497.6700
v -28269.1600 -184312.5000 59497.5900
v -28269.3400 -184312.5000 59497.8400
v -28269.2800 -184312.5000 59497.7500
v -28269.4600 -184312.5000 59498.0100
v -28269.4000 -184312.5000 59497.9200
v -28269.5700 -184312.5000 59498.1800
v -28269.5100 -184312.5000 59498.0900
v -28269.6800 -184312.5000 59498.3500
v -28269.6200 -184312.5000 59498.2700
v -28269.7900 -184312.5000 59498.5300
v -28269.7300 -184312.5000 59498.4400
v -28269.8900 -184312.5000 59498.7100
v -28269.8400 -184312.5000 59498.6200
v -28270.0000 -184312.5000 59498.8900
v -28269.9500 -184312.5000 59498.8000
v -28270.0900 -184312.5000 59499.0700
v -28270.0400 -184312.5000 59498.9800
v -28270.1900 -184312.5000 59499.2500
v -28270.1400 -184312.5000 59499.1600
v -28270.2800 -184312.5000 59499.4400
v -28270.2400 -184312.5000 59499.3500
v -28270.3700 -184312.5000 59499.6200
v -28270.3300 -184312.5000 59499.5300
v -28270.4600 -184312.5000 59499.8100
v -28270.4100 -184312.5000 59499.7200
v -28270.5400 -184312.5000 59500.0000
v -28270.5000 -184312.5000 59499.9100
v -28270.6200 -184312.5000 59500.1900
v -28270.5800 -184312.5000 59500.1000
v -28270.6900 -184312.5000 59500.3800
v -28270.6600 -184312.5000 59500.2900
v -28270.7700 -184312.5000 59500.5800
v -28270.7300 -184312.5000 59500.4800
v -28270.8300 -184312.5000 59500.7700
v -28270.8000 -184312.5000 59500.6800
v -28270.9000 -184312.5000 59500.9700
v -28270.8700 -184312.5000 59500.8700
v -28270.9600 -184312.5000 59501.1700
v -28270.9300 -184312.5000 59501.0700
v -28271.0200 -184312.5000 59501.3600
v -28270.9900 -184312.5000 59501.2700
v -28271.0800 -184312.5000 59501.5600
v -28271.0500 -184312.5000 59501.4600
v -28271.1300 -184312.5000 59501.7600
v -28271.1000 -184312.5000 59501.6600
v -28271.1800 -184312.5000 59501.9600
v -28271.1500 -184312.5000 59501.8700
v -28271.2200 -184312.5000 59502.1700
v -28271.2000 -184312.5000 59502.0700
v -28271.2600 -184312.5000 59502.3700
v -28271.2400 -184312.5000 59502.2700
v -28271.3000 -184312.5000 59502.5700
v -28271.2800 -184312.5000 59502.4700
v -28271.3300 -184312.5000 59502.7800
v -28271.3200 -184312.5000 59502.6800
v -28271.3700 -184312.5000 59502.9800
v -28271.3500 -184312.5000 59502.8800
v -28271.3900 -184312.5000 59503.1800
v -28271.3800 -184312.5000 59503.0900
v -28271.4200 -184312.5000 59503.3900
v -28271.4000 -184312.5000 59503.2900
v -28271.4400 -184312.5000 59503.6000
v -28271.4300 -184312.5000 59503.5000
v -28271.4500 -184312.5000 59503.8000
v -28271.4400 -184312.5000 59503.7000
v -28271.4600 -184312.5000 59504.0100
v -28271.4600 -184312.5000 59503.9100
v -28271.4700 -184312.5000 59504.2100
v -28271.4700 -184312.5000 59504.1100
v -28271.4800 -184312.5000 59504.4200
v -28271.4800 -184312.5000 59504.3200
v -28271.4800 -184312.5000 59504.5300
v -28271.4800 -184233.6000 59504.6300
v -28271.4800 -184233.6000 59504.4200
v -28271.4800 -184233.6000 59504.5200
v -28271.4700 -184233.6000 59504.2100
v -28271.4700 -184233.6000 59504.3200
v -28271.4600 -184233.6000 59504.0100
v -28271.4700 -184233.6000 59504.1100
v -28271.4500 -184233.6000 59503.8000
v -28271.4600 -184233.6000 59503.9000
v -28271.4400 -184233.6000 59503.6000
v -28271.4400 -184233.6000 59503.7000
v -28271.4200 -184233.6000 59503.3900
v -28271.4300 -184233.6000 59503.4900
v -28271.3900 -184233.6000 59503.1800
v -28271.4000 -184233.6000 59503.2900
v -28271.3700 -184233.6000 59502.9800
v -28271.3800 -184233.6000 59503.0800
v -28271.3300 -184233.6000 59502.7800
v -28271.3500 -184233.6000 59502.8800
v -28271.3000 -184233.6000 59502.5700
v -28271.3200 -184233.6000 59502.6700
v -28271.2600 -184233.6000 59502.3700
v -28271.2800 -184233.6000 59502.4700
v -28271.2200 -184233.6000 59502.1700
v -28271.2400 -184233.6000 59502.2700
v -28271.1800 -184233.6000 59501.9600
v -28271.2000 -184233.6000 59502.0600
v -28271.1300 -184233.6000 59501.7600
v -28271.1500 -184233.6000 59501.8600
v -28271.0800 -184233.6000 59501.5600
v -28271.1000 -184233.6000 59501.6600
v -28271.0200 -184233.6000 59501.3600
v -28271.0500 -184233.6000 59501.4600
v -28270.9600 -184233.6000 59501.1700
v -28270.9900 -184233.6000 59501.2700
v -28270.9000 -184233.6000 59500.9700
v -28270.9300 -184233.6000 59501.0700
v -28270.8300 -184233.6000 59500.7700
v -28270.8700 -184233.6000 59500.8700
v -28270.7700 -184233.6000 59500.5800
v -28270.8000 -184233.6000 59500.6800
v -28270.6900 -184233.6000 59500.3800
v -28270.7300 -184233.6000 59500.4800
v -28270.6200 -184233.6000 59500.1900
v -28270.6500 -184233.6000 59500.2900
v -28270.5400 -184233.6000 59500.0000
v -28270.5800 -184233.6000 59500.0900
v -28270.4600 -184233.6000 59499.8100
v -28270.5000 -184233.6000 59499.9100
v -28270.3700 -184233.6000 59499.6200
v -28270.4100 -184233.6000 59499.7100
v -28270.2800 -184233.6000 59499.4400
v -28270.3300 -184233.6000 59499.5300
v -28270.1900 -184233.6000 59499.2500
v -28270.2300 -184233.6000 59499.3400
v -28270.0900 -184233.6000 59499.0700
v -28270.1400 -184233.6000 59499.1600
v -28270.0000 -184233.6000 59498.8900
v -28270.0400 -184233.6000 59498.9800
v -28269.8900 -184233.6000 59498.7100
v -28269.9400 -184233.6000 59498.8000
v -28269.7900 -184233.6000 59498.5300
v -28269.8400 -184233.6000 59498.6200
v -28269.6800 -184233.6000 59498.3500
v -28269.7300 -184233.6000 59498.4400
v -28269.5700 -184233.6000 59498.1800
v -28269.6200 -184233.6000 59498.2700
v -28269.4600 -184233.6000 59498.0100
v -28269.5100 -184233.6000 59498.0900
v -28269.3400 -184233.6000 59497.8400
v -28269.4000 -184233.6000 59497.9200
v -28269.2200 -184233.6000 59497.6700
v -28269.2800 -184233.6000 59497.7500
v -28269.1000 -184233.6000 59497.5000
v -28269.1600 -184233.6000 59497.5800
v -28268.9700 -184233.6000 59497.3400
v -28269.0300 -184233.6000 59497.4200
v -28268.8400 -184233.6000 59497.1800
v -28268.9000 -184233.6000 59497.2500
v -28268.7100 -184233.6000 59497.0200
v -28268.7800 -184233.6000 59497.0900
v -28268.5800 -184233.6000 59496.8600
v -28268.6400 -184233.6000 59496.9400
v -28268.4400 -184233.6000 59496.7000
v -28268.5100 -184233.6000 59496.7800
v -28268.3000 -184233.6000 59496.5500
v -28268.3700 -184233.6000 59496.6300
v -28268.1600 -184233.6000 59496.4000
v -28268.2300 -184233.6000 59496.4800
v -28268.0100 -184233.6000 59496.2500
v -28268.0800 -184233.6000 59496.3300
v -28267.8600 -184233.6000 59496.1100
v -28267.9400 -184233.6000 59496.1800
v -28267.7100 -184233.6000 59495.9700
v -28267.7900 -184233.6000 59496.0400
v -28267.5600 -184233.6000 59495.8300
v -28267.6400 -184233.6000 59495.9000
v -28267.4100 -184233.6000 59495.6900
v -28267.4800 -184233.6000 59495.7600
v -28267.2500 -184233.6000 59495.5600
v -28267.3300 -184233.6000 59495.6200
v -28267.0900 -184233.6000 59495.4300
v -28267.1700 -184233.6000 59495.4900
v -28266.9300 -184233.6000 59495.3000
v -28267.0100 -184233.6000 59495.3600
v -28266.7700 -184233.6000 59495.1700
v -28266.8500 -184233.6000 59495.2300
v -28266.6000 -184233.6000 59495.0500
v -28266.6800 -184233.6000 59495.1100
v -28266.4300 -184233.6000 59494.9300
v -28266.5100 -184233.6000 59494.9900
v -28266.2600 -184233.6000 59494.8100
v -28266.3400 -184233.6000 59494.8700
v -28266.0900 -184233.6000 59494.7000
v -28266.1700 -184233.6000 59494.7500
v -28265.9100 -184233.6000 59494.5900
v -28266.0000 -184233.6000 59494.6400
v -28265.7400 -184233.6000 59494.4800
v -28265.8200 -184233.6000 59494.5300
v -28265.5600 -184233.6000 59494.3800
v -28265.6500 -184233.6000 59494.4300
v -28265.3800 -184233.6000 59494.2700
v -28265.4700 -184233.6000 59494.3200
v -28265.2000 -184233.6000 59494.1700
v -28265.2900 -184233.6000 59494.2200
v -28265.0100 -184233.6000 59494.0800
v -28265.1100 -184233.6000 59494.1200
v -28264.8300 -184233.6000 59493.9800
v -28264.9200 -184233.6000 59494.0300
v -28264.6400 -184233.6000 59493.8900
v -28264.7300 -184233.6000 59493.9400
v -28264.4600 -184233.6000 59493.8100
v -28264.5500 -184233.6000 59493.8500
v -28264.2700 -184233.6000 59493.7300
v -28264.3600 -184233.6000 59493.7700
v -28264.0700 -184233.6000 59493.6500
v -28264.1700 -184233.6000 59493.6900
v -28263.8800 -184233.6000 59493.5700
v -28263.9800 -184233.6000 59493.6100
v -28263.6900 -184233.6000 59493.5000
v -28263.7800 -184233.6000 59493.5400
v -28263.4900 -184233.6000 59493.4300
v -28263.5900 -184233.6000 59493.4600
v -28263.3000 -184233.6000 59493.3700
v -28263.3900 -184233.6000 59493.4000
v -28263.1000 -184233.6000 59493.3000
v -28263.2000 -184233.6000 59493.3400
v -28262.9000 -184233.6000 59493.2500
v -28263.0000 -184233.6000 59493.2700
v -28262.7000 -184233.6000 59493.1900
v -28262.8000 -184233.6000 59493.2200
v -28262.5000 -184233.6000 59493.1400
v -28262.6000 -184233.6000 59493.1600
v -28262.3000 -184233.6000 59493.0900
v -28262.4000 -184233.6000 59493.1100
v -28262.1000 -184233.6000 59493.0500
v -28262.2000 -184233.6000 59493.0700
v -28261.9000 -184233.6000 59493.0000
v -28262.0000 -184233.6000 59493.0200
v -28261.7000 -184233.6000 59492.9600
v -28261.7900 -184233.6000 59492.9800
v -28261.4900 -184233.6000 59492.9300
v -28261.5900 -184233.6000 59492.9500
v -28261.2900 -184233.6000 59492.9000
v -28261.3900 -184233.6000 59492.9200
v -28261.0800 -184233.6000 59492.8800
v -28261.1800 -184233.6000 59492.8900
v -28260.8800 -184233.6000 59492.8500
v -28260.9800 -184233.6000 59492.8600
v -28260.6700 -184233.6000 59492.8300
v -28260.7700 -184233.6000 59492.8400
v -28260.4600 -184233.6000 59492.8200
v -28260.5700 -184233.6000 59492.8200
v -28260.2600 -184233.6000 59492.8000
v -28260.3600 -184233.6000 59492.8100
v -28260.0500 -184233.6000 59492.7900
v -28260.1500 -184233.6000 59492.8000
v -28259.8500 -184233.6000 59492.7900
v -28259.9500 -184233.6000 59492.7900
v -28259.6400 -184233.6000 59492.7900
v -28259.7400 -184233.6000 59492.7900
v -28259.4300 -184233.6000 59492.7900
v -28259.5300 -184233.6000 59492.7900
v -28259.2200 -184233.6000 59492.7900
v -28259.3300 -184233.6000 59492.7900
v -28259.0200 -184233.6000 59492.8000
v -28259.1200 -184233.6000 59492.8000
v -28258.8100 -184233.6000 59492.8200
v -28258.9100 -184233.6000 59492.8100
v -28258.6100 -184233.6000 59492.8300
v -28258.7100 -184233.6000 59492.8200
v -28258.4000 -184233.6000 59492.8500
v -28258.5000 -184233.6000 59492.8400
v -28258.2000 -184233.6000 59492.8800
v -28258.3000 -184233.6000 59492.8600
v -28257.9900 -184233.6000 59492.9000
v -28258.0900 -184233.6000 59492.8900
v -28257.7900 -184233.6000 59492.9300
v -28257.8900 -184233.6000 59492.9200
v -28257.5800 -184233.6000 59492.9600
v -28257.6800 -184233.6000 59492.9500
v -28257.3800 -184233.6000 59493.0000
v -28257.4800 -184233.6000 59492.9800
v -28257.1800 -184233.6000 59493.0500
v -28257.2800 -184233.6000 59493.0200
v -28256.9700 -184233.6000 59493.0900
v -28257.0700 -184233.6000 59493.0700
v -28256.7700 -184233.6000 59493.1400
v -28256.8700 -184233.6000 59493.1100
v -28256.5700 -184233.6000 59493.1900
v -28256.6700 -184233.6000 59493.1600
v -28256.3800 -184233.6000 59493.2500
v -28256.4700 -184233.6000 59493.2200
v -28256.1800 -184233.6000 59493.3000
v -28256.2700 -184233.6000 59493.2700
v -28255.9800 -184233.6000 59493.3700
v -28256.0800 -184233.6000 59493.3400
v -28255.7800 -184233.6000 59493.4300
v -28255.8800 -184233.6000 59493.4000
v -28255.5900 -184233.6000 59493.5000
v -28255.6800 -184233.6000 59493.4600
v -28255.3900 -184233.6000 59493.5700
v -28255.4900 -184233.6000 59493.5400
v -28255.2000 -184233.6000 59493.6500
v -28255.3000 -184233.6000 59493.6100
v -28255.0100 -184233.6000 59493.7300
v -28255.1100 -184233.6000 59493.6900
v -28254.8200 -184233.6000 59493.8100
v -28254.9200 -184233.6000 59493.7700
v -28254.6300 -184233.6000 59493.8900
v -28254.7300 -184233.6000 59493.8600
v -28254.4500 -184233.6000 59493.9800
v -28254.5400 -184233.6000 59493.9400
v -28254.2600 -184233.6000 59494.0800
v -28254.3500 -184233.6000 59494.0300
v -28254.0800 -184233.6000 59494.1700
v -28254.1700 -184233.6000 59494.1200
v -28253.9000 -184233.6000 59494.2700
v -28253.9900 -184233.6000 59494.2200
v -28253.7200 -184233.6000 59494.3800
v -28253.8100 -184233.6000 59494.3200
v -28253.5400 -184233.6000 59494.4800
v -28253.6300 -184233.6000 59494.4300
v -28253.3600 -184233.6000 59494.5900
v -28253.4500 -184233.6000 59494.5300
v -28253.1900 -184233.6000 59494.7000
v -28253.2800 -184233.6000 59494.6400
v -28253.0200 -184233.6000 59494.8100
v -28253.1000 -184233.6000 59494.7500
v -28252.8500 -184233.6000 59494.9300
v -28252.9300 -184233.6000 59494.8700
v -28252.6800 -184233.6000 59495.0500
v -28252.7600 -184233.6000 59494.9900
v -28252.5100 -184233.6000 59495.1700
v -28252.5900 -184233.6000 59495.1100
v -28252.3500 -184233.6000 59495.3000
v -28252.4300 -184233.6000 59495.2300
v -28252.1900 -184233.6000 59495.4300
v -28252.2700 -184233.6000 59495.3600
v -28252.0300 -184233.6000 59495.5600
v -28252.1100 -184233.6000 59495.4900
v -28251.8700 -184233.6000 59495.6900
v -28251.9500 -184233.6000 59495.6200
v -28251.7100 -184233.6000 59495.8300
v -28251.7900 -184233.6000 59495.7600
v -28251.5600 -184233.6000 59495.9700
v -28251.6400 -184233.6000 59495.9000
v -28251.4100 -184233.6000 59496.1100
v -28251.4900 -184233.6000 59496.0400
v -28251.2600 -184233.6000 59496.2500
v -28251.3400 -184233.6000 59496.1800
v -28251.1200 -184233.6000 59496.4000
v -28251.1900 -184233.6000 59496.3300
v -28250.9800 -184233.6000 59496.5500
v -28251.0500 -184233.6000 59496.4800
v -28250.8400 -184233.6000 59496.7000
v -28250.9100 -184233.6000 59496.6300
v -28250.7000 -184233.6000 59496.8600
v -28250.7700 -184233.6000 59496.7900
v -28250.5700 -184233.6000 59497.0200
v -28250.6300 -184233.6000 59496.9400
v -28250.4400 -184233.6000 59497.1800
v -28250.5000 -184233.6000 59497.1000
v -28250.3100 -184233.6000 59497.3400
v -28250.3700 -184233.6000 59497.2600
v -28250.1800 -184233.6000 59497.5000
v -28250.2400 -184233.6000 59497.4200
v -28250.0600 -184233.6000 59497.6700
v -28250.1200 -184233.6000 59497.5900
v -28249.9400 -184233.6000 59497.8400
v -28250.0000 -184233.6000 59497.7500
v -28249.8200 -184233.6000 59498.0100
v -28249.8800 -184233.6000 59497.9200
v -28249.7100 -184233.6000 59498.1800
v -28249.7600 -184233.6000 59498.0900
v -28249.6000 -184233.6000 59498.3500
v -28249.6500 -184233.6000 59498.2700
v -28249.4900 -184233.6000 59498.5300
v -28249.5400 -184233.6000 59498.4400
v -28249.3800 -184233.6000 59498.7100
v -28249.4300 -184233.6000 59498.6200
v -28249.2800 -184233.6000 59498.8900
v -28249.3300 -184233.6000 59498.8000
v -28249.1800 -184233.6000 59499.0700
v -28249.2300 -184233.6000 59498.9800
v -28249.0900 -184233.6000 59499.2500
v -28249.1300 -184233.6000 59499.1600
v -28248.9900 -184233.6000 59499.4400
v -28249.0400 -184233.6000 59499.3500
v -28248.9100 -184233.6000 59499.6200
v -28248.9500 -184233.6000 59499.5300
v -28248.8200 -184233.6000 59499.8100
v -28248.8600 -184233.6000 59499.7200
v -28248.7400 -184233.6000 59500.0000
v -28248.7800 -184233.6000 59499.9100
v -28248.6600 -184233.6000 59500.1900
v -28248.7000 -184233.6000 59500.1000
v -28248.5800 -184233.6000 59500.3800
v -28248.6200 -184233.6000 59500.2900
v -28248.5100 -184233.6000 59500.5800
v -28248.5500 -184233.6000 59500.4800
v -28248.4400 -184233.6000 59500.7700
v -28248.4700 -184233.6000 59500.6800
v -28248.3800 -184233.6000 59500.9700
v -28248.4100 -184233.6000 59500.8700
v -28248.3100 -184233.6000 59501.1700
v -28248.3400 -184233.6000 59501.0700
v -28248.2600 -184233.6000 59501.3600
v -28248.2800 -184233.6000 59501.2700
v -28248.2000 -184233.6000 59501.5600
v -28248.2300 -184233.6000 59501.4600
v -28248.1500 -184233.6000 59501.7600
v -28248.1700 -184233.6000 59501.6600
v -28248.1000 -184233.6000 59501.9600
v -28248.1200 -184233.6000 59501.8700
v -28248.0500 -184233.6000 59502.1700
v -28248.0800 -184233.6000 59502.0700
v -28248.0100 -184233.6000 59502.3700
v -28248.0300 -184233.6000 59502.2700
v -28247.9800 -184233.6000 59502.5700
v -28247.9900 -184233.6000 59502.4700
v -28247.9400 -184233.6000 59502.7800
v -28247.9600 -184233.6000 59502.6800
v -28247.9100 -184233.6000 59502.9800
v -28247.9300 -184233.6000 59502.8800
v -28247.8800 -184233.6000 59503.1800
v -28247.9000 -184233.6000 59503.0900
v -28247.8600 -184233.6000 59503.3900
v -28247.8700 -184233.6000 59503.2900
v -28247.8400 -184233.6000 59503.6000
v -28247.8500 -184233.6000 59503.5000
v -28247.8200 -184233.6000 59503.8000
v -28247.8300 -184233.6000 59503.7000
v -28247.8100 -184233.6000 59504.0100
v -28247.8200 -184233.6000 59503.9100
v -28247.8000 -184233.6000 59504.2100
v -28247.8100 -184233.6000 59504.1100
v -28247.8000 -184233.6000 59504.4200
v -28247.8000 -184233.6000 59504.3200
v -28247.8000 -184233.6000 59504.6300
v -28247.8000 -184233.6000 59504.5300
v -28247.8000 -184233.6000 59504.8400
v -28247.8000 -184233.6000 59504.7300
v -28247.8000 -184233.6000 59505.0400
v -28247.8000 -184233.6000 59504.9400
v -28247.8100 -184233.6000 59505.2500
v -28247.8100 -184233.6000 59505.1500
v -28247.8200 -184233.6000 59505.4500
v -28247.8200 -184233.6000 59505.3500
v -28247.8400 -184233.6000 59505.6600
v -28247.8300 -184233.6000 59505.5600
v -28247.8600 -184233.6000 59505.8700
v -28247.8500 -184233.6000 59505.7700
v -28247.8800 -184233.6000 59506.0700
v -28247.8700 -184233.6000 59505.9700
v -28247.9100 -184233.6000 59506.2800
v -28247.9000 -184233.6000 59506.1800
v -28247.9400 -184233.6000 59506.4800
v -28247.9300 -184233.6000 59506.3800
v -28247.9800 -184233.6000 59506.6800
v -28247.9600 -184233.6000 59506.5900
v -28248.0100 -184233.6000 59506.8900
v -28248.0000 -184233.6000 59506.7900
v -28248.0500 -184233.6000 59507.0900
v -28248.0400 -184233.6000 59506.9900
v -28248.1000 -184233.6000 59507.2900
v -28248.0800 -184233.6000 59507.1900
v -28248.1500 -184233.6000 59507.4900
v -28248.1200 -184233.6000 59507.3900
v -28248.2000 -184233.6000 59507.7000
v -28248.1700 -184233.6000 59507.5900
v -28248.2600 -184233.6000 59507.8900
v -28248.2300 -184233.6000 59507.7900
v -28248.3100 -184233.6000 59508.0900
v -28248.2900 -184233.6000 59507.9900
v -28248.3800 -184233.6000 59508.2900
v -28248.3500 -184233.6000 59508.1900
v -28248.4400 -184233.6000 59508.4800
v -28248.4100 -184233.6000 59508.3900
v -28248.5100 -184233.6000 59508.6800
v -28248.4800 -184233.6000 59508.5800
v -28248.5800 -184233.6000 59508.8700
v -28248.5500 -184233.6000 59508.7800
v -28248.6600 -184233.6000 59509.0700
v -28248.6200 -184233.6000 59508.9700
v -28248.7400 -184233.6000 59509.2500
v -28248.7000 -184233.6000 59509.1600
v -28248.8200 -184233.6000 59509.4500
v -28248.7800 -184233.6000 59509.3500
v -28248.9100 -184233.6000 59509.6300
v -28248.8600 -184233.6000 59509.5400
v -28248.9900 -184233.6000 59509.8200
v -28248.9500 -184233.6000 59509.7300
v -28249.0900 -184233.6000 59510.0000
v -28249.0400 -184233.6000 59509.9100
v -28249.1800 -184233.6000 59510.1900
v -28249.1300 -184233.6000 59510.1000
v -28249.2800 -184233.6000 59510.3700
v -28249.2300 -184233.6000 59510.2800
v -28249.3800 -184233.6000 59510.5500
v -28249.3300 -184233.6000 59510.4600
v -28249.4900 -184233.6000 59510.7300
v -28249.4400 -184233.6000 59510.6400
v -28249.6000 -184233.6000 59510.9000
v -28249.5400 -184233.6000 59510.8200
v -28249.7100 -184233.6000 59511.0800
v -28249.6500 -184233.6000 59510.9900
v -28249.8200 -184233.6000 59511.2500
v -28249.7600 -184233.6000 59511.1600
v -28249.9400 -184233.6000 59511.4200
v -28249.8800 -184233.6000 59511.3400
v -28250.0600 -184233.6000 59511.5900
v -28250.0000 -184233.6000 59511.5100
v -28250.1800 -184233.6000 59511.7500
v -28250.1200 -184233.6000 59511.6700
v -28250.3100 -184233.6000 59511.9200
v -28250.2400 -184233.6000 59511.8400
v -28250.4400 -184233.6000 59512.0800
v -28250.3700 -184233.6000 59512.0000
v -28250.5700 -184233.6000 59512.2400
v -28250.5000 -184233.6000 59512.1600
v -28250.7000 -184233.6000 59512.4000
v -28250.6300 -184233.6000 59512.3200
v -28250.8400 -184233.6000 59512.5500
v -28250.7700 -184233.6000 59512.4800
v -28250.9800 -184233.6000 59512.7000
v -28250.9100 -184233.6000 59512.6300
v -28251.1200 -184233.6000 59512.8600
v -28251.0500 -184233.6000 59512.7800
v -28251.2600 -184233.6000 59513.0000
v -28251.1900 -184233.6000 59512.9300
v -28251.4100 -184233.6000 59513.1500
v -28251.3400 -184233.6000 59513.0700
v -28251.5600 -184233.6000 59513.2900
v -28251.4900 -184233.6000 59513.2200
v -28251.7100 -184233.6000 59513.4300
v -28251.6400 -184233.6000 59513.3600
v -28251.8700 -184233.6000 59513.5700
v -28251.7900 -184233.6000 59513.5000
v -28252.0300 -184233.6000 59513.7000
v -28251.9500 -184233.6000 59513.6300
v -28252.1900 -184233.6000 59513.8300
v -28252.1100 -184233.6000 59513.7700
v -28252.3500 -184233.6000 59513.9600
v -28252.2700 -184233.6000 59513.9000
v -28252.5100 -184233.6000 59514.0900
v -28252.4300 -184233.6000 59514.0200
v -28252.6800 -184233.6000 59514.2100
v -28252.6000 -184233.6000 59514.1500
v -28252.8500 -184233.6000 59514.3300
v -28252.7600 -184233.6000 59514.2700
v -28253.0200 -184233.6000 59514.4500
v -28252.9300 -184233.6000 59514.3900
v -28253.1900 -184233.6000 59514.5600
v -28253.1000 -184233.6000 59514.5000
v -28253.3600 -184233.6000 59514.6700
v -28253.2800 -184233.6000 59514.6200
v -28253.5400 -184233.6000 59514.7800
v -28253.4500 -184233.6000 59514.7300
v -28253.7200 -184233.6000 59514.8800
v -28253.6300 -184233.6000 59514.8300
v -28253.9000 -184233.6000 59514.9800
v -28253.8100 -184233.6000 59514.9400
v -28254.0800 -184233.6000 59515.0900
v -28253.9900 -184233.6000 59515.0400
v -28254.2600 -184233.6000 59515.1800
v -28254.1700 -184233.6000 59515.1300
v -28254.4500 -184233.6000 59515.2700
v -28254.3600 -184233.6000 59515.2300
v -28254.6300 -184233.6000 59515.3600
v -28254.5400 -184233.6000 59515.3200
v -28254.8200 -184233.6000 59515.4500
v -28254.7300 -184233.6000 59515.4100
v -28255.0100 -184233.6000 59515.5300
v -28254.9200 -184233.6000 59515.4900
v -28255.2000 -184233.6000 59515.6100
v -28255.1100 -184233.6000 59515.5700
v -28255.3900 -184233.6000 59515.6800
v -28255.3000 -184233.6000 59515.6500
v -28255.5900 -184233.6000 59515.7600
v -28255.4900 -184233.6000 59515.7200
v -28255.7800 -184233.6000 59515.8200
v -28255.6900 -184233.6000 59515.7900
v -28255.9800 -184233.6000 59515.8900
v -28255.8800 -184233.6000 59515.8600
v -28256.1800 -184233.6000 59515.9500
v -28256.0800 -184233.6000 59515.9200
v -28256.3800 -184233.6000 59516.0100
v -28256.2800 -184233.6000 59515.9800
v -28256.5700 -184233.6000 59516.0700
v -28256.4700 -184233.6000 59516.0400
v -28256.7700 -184233.6000 59516.1200
v -28256.6700 -184233.6000 59516.0900
v -28256.9700 -184233.6000 59516.1700
v -28256.8800 -184233.6000 59516.1400
v -28257.1800 -184233.6000 59516.2100
v -28257.0800 -184233.6000 59516.1900
v -28257.3800 -184233.6000 59516.2500
v -28257.2800 -184233.6000 59516.2300
v -28257.5800 -184233.6000 59516.2900
v -28257.4800 -184233.6000 59516.2700
v -28257.7900 -184233.6000 59516.3200
v -28257.6900 -184233.6000 59516.3100
v -28257.9900 -184233.6000 59516.3600
v -28257.8900 -184233.6000 59516.3400
v -28258.2000 -184233.6000 59516.3800
v -28258.0900 -184233.6000 59516.3700
v -28258.4000 -184233.6000 59516.4100
v -28258.3000 -184233.6000 59516.3900
v -28258.6100 -184233.6000 59516.4300
v -28258.5000 -184233.6000 59516.4100
v -28258.8100 -184233.6000 59516.4400
v -28258.7100 -184233.6000 59516.4300
v -28259.0200 -184233.6000 59516.4500
v -28258.9200 -184233.6000 59516.4500
v -28259.2200 -184233.6000 59516.4600
v -28259.1200 -184233.6000 59516.4600
v -28259.4300 -184233.6000 59516.4700
v -28259.3300 -184233.6000 59516.4600
v -28259.6400 -184233.6000 59516.4700
v -28259.5400 -184233.6000 59516.4700
v -28259.8500 -184233.6000 59516.4700
v -28259.7400 -184233.6000 59516.4700
v -28260.0500 -184233.6000 59516.4600
v -28259.9500 -184233.6000 59516.4600
v -28260.2600 -184233.6000 59516.4500
v -28260.1600 -184233.6000 59516.4600
v -28260.4600 -184233.6000 59516.4400
v -28260.3600 -184233.6000 59516.4500
v -28260.6700 -184233.6000 59516.4300
v -28260.5700 -184233.6000 59516.4300
v -28260.8800 -184233.6000 59516.4100
v -28260.7700 -184233.6000 59516.4100
v -28261.0800 -184233.6000 59516.3800
v -28260.9800 -184233.6000 59516.3900
v -28261.2900 -184233.6000 59516.3600
v -28261.1900 -184233.6000 59516.3700
v -28261.4900 -184233.6000 59516.3200
v -28261.3900 -184233.6000 59516.3400
v -28261.7000 -184233.6000 59516.2900
v -28261.5900 -184233.6000 59516.3100
v -28261.9000 -184233.6000 59516.2500
v -28261.8000 -184233.6000 59516.2700
v -28262.1000 -184233.6000 59516.2100
v -28262.0000 -184233.6000 59516.2300
v -28262.3000 -184233.6000 59516.1700
v -28262.2000 -184233.6000 59516.1900
v -28262.5000 -184233.6000 59516.1200
v -28262.4000 -184233.6000 59516.1400
v -28262.7000 -184233.6000 59516.0700
v -28262.6000 -184233.6000 59516.0900
v -28262.9000 -184233.6000 59516.0100
v -28262.8000 -184233.6000 59516.0400
v -28263.1000 -184233.6000 59515.9500
v -28263.0000 -184233.6000 59515.9800
v -28263.3000 -184233.6000 59515.8900
v -28263.2000 -184233.6000 59515.9200
v -28263.4900 -184233.6000 59515.8200
v -28263.4000 -184233.6000 59515.8600
v -28263.6900 -184233.6000 59515.7600
v -28263.5900 -184233.6000 59515.7900
v -28263.8800 -184233.6000 59515.6800
v -28263.7900 -184233.6000 59515.7200
v -28264.0700 -184233.6000 59515.6100
v -28263.9800 -184233.6000 59515.6400
v -28264.2700 -184233.6000 59515.5300
v -28264.1700 -184233.6000 59515.5700
v -28264.4600 -184233.6000 59515.4500
v -28264.3600 -184233.6000 59515.4900
v -28264.6400 -184233.6000 59515.3600
v -28264.5500 -184233.6000 59515.4000
v -28264.8300 -184233.6000 59515.2700
v -28264.7400 -184233.6000 59515.3200
v -28265.0100 -184233.6000 59515.1800
v -28264.9200 -184233.6000 59515.2300
v -28265.2000 -184233.6000 59515.0900
v -28265.1100 -184233.6000 59515.1300
v -28265.3800 -184233.6000 59514.9800
v -28265.2900 -184233.6000 59515.0400
v -28265.5600 -184233.6000 59514.8800
v -28265.4700 -184233.6000 59514.9300
v -28265.7400 -184233.6000 59514.7800
v -28265.6500 -184233.6000 59514.8300
v -28265.9100 -184233.6000 59514.6700
v -28265.8300 -184233.6000 59514.7200
v -28266.0900 -184233.6000 59514.5600
v -28266.0000 -184233.6000 59514.6100
v -28266.2600 -184233.6000 59514.4500
v -28266.1800 -184233.6000 59514.5000
v -28266.4300 -184233.6000 59514.3300
v -28266.3500 -184233.6000 59514.3900
v -28266.6000 -184233.6000 59514.2100
v -28266.5200 -184233.6000 59514.2700
v -28266.7700 -184233.6000 59514.0900
v -28266.6800 -184233.6000 59514.1400
v -28266.9300 -184233.6000 59513.9600
v -28266.8500 -184233.6000 59514.0200
v -28267.0900 -184233.6000 59513.8300
v -28267.0100 -184233.6000 59513.8900
v -28267.2500 -184233.6000 59513.7000
v -28267.1700 -184233.6000 59513.7700
v -28267.4100 -184233.6000 59513.5700
v -28267.3300 -184233.6000 59513.6300
v -28267.5600 -184233.6000 59513.4300
v -28267.4900 -184233.6000 59513.5000
v -28267.7100 -184233.6000 59513.2900
v -28267.6400 -184233.6000 59513.3600
v -28267.8600 -184233.6000 59513.1500
v -28267.7900 -184233.6000 59513.2200
v -28268.0100 -184233.6000 59513.0000
v -28267.9400 -184233.6000 59513.0700
v -28268.1600 -184233.6000 59512.8600
v -28268.0800 -184233.6000 59512.9300
v -28268.3000 -184233.6000 59512.7000
v -28268.2300 -184233.6000 59512.7800
v -28268.4400 -184233.6000 59512.5500
v -28268.3700 -184233.6000 59512.6300
v -28268.5800 -184233.6000 59512.4000
v -28268.5100 -184233.6000 59512.4700
v -28268.7100 -184233.6000 59512.2400
v -28268.6400 -184233.6000 59512.3200
v -28268.8400 -184233.6000 59512.0800
v -28268.7800 -184233.6000 59512.1600
v -28268.9700 -184233.6000 59511.9200
v -28268.9100 -184233.6000 59512.0000
v -28269.1000 -184233.6000 59511.7500
v -28269.0300 -184233.6000 59511.8400
v -28269.2200 -184233.6000 59511.5900
v -28269.1600 -184233.6000 59511.6700
v -28269.3400 -184233.6000 59511.4200
v -28269.2800 -184233.6000 59511.5000
v -28269.4600 -184233.6000 59511.2500
v -28269.4000 -184233.6000 59511.3400
v -28269.5700 -184233.6000 59511.0800
v -28269.5100 -184233.6000 59511.1600
v -28269.6800 -184233.6000 59510.9000
v -28269.6200 -184233.6000 59510.9900
v -28269.7900 -184233.6000 59510.7300
v -28269.7300 -184233.6000 59510.8100
v -28269.8900 -184233.6000 59510.5500
v -28269.8400 -184233.6000 59510.6400
v -28270.0000 -184233.6000 59510.3700
v -28269.9500 -184233.6000 59510.4600
v -28270.0900 -184233.6000 59510.1900
v -28270.0400 -184233.6000 59510.2800
v -28270.1900 -184233.6000 59510.0000
v -28270.1400 -184233.6000 59510.0900
v -28270.2800 -184233.6000 59509.8200
v -28270.2400 -184233.6000 59509.9100
v -28270.3700 -184233.6000 59509.6300
v -28270.3300 -184233.6000 59509.7300
v -28270.4600 -184233.6000 59509.4500
v -28270.4100 -184233.6000 59509.5400
v -28270.5400 -184233.6000 59509.2500
v -28270.5000 -184233.6000 59509.3500
v -28270.6200 -184233.6000 59509.0700
v -28270.5800 -184233.6000 59509.1600
v -28270.6900 -184233.6000 59508.8700
v -28270.6600 -184233.6000 59508.9700
v -28270.7700 -184233.6000 59508.6800
v -28270.7300 -184233.6000 59508.7700
v -28270.8300 -184233.6000 59508.4800
v -28270.8000 -184233.6000 59508.5800
v -28270.9000 -184233.6000 59508.2900
v -28270.8700 -184233.6000 59508.3800
v -28270.9600 -184233.6000 59508.0900
v -28270.9300 -184233.6000 59508.1900
v -28271.0200 -184233.6000 59507.8900
v -28270.9900 -184233.6000 59507.9900
v -28271.0800 -184233.6000 59507.7000
v -28271.0500 -184233.6000 59507.7900
v -28271.1300 -184233.6000 59507.4900
v -28271.1000 -184233.6000 59507.5900
v -28271.1800 -184233.6000 59507.2900
v -28271.1500 -184233.6000 59507.3900
v -28271.2200 -184233.6000 59507.0900
v -28271.2000 -184233.6000 59507.1900
v -28271.2600 -184233.6000 59506.8900
v -28271.2400 -184233.6000 59506.9900
v -28271.3000 -184233.6000 59506.6800
v -28271.2800 -184233.6000 59506.7900
v -28271.3300 -184233.6000 59506.4800
v -28271.3200 -184233.6000 59506.5800
v -28271.3700 -184233.6000 59506.2800
v -28271.3500 -184233.6000 59506.3800
v -28271.3900 -184233.6000 59506.0700
v -28271.3800 -184233.6000 59506.1700
v -28271.4200 -184233.6000 59505.8700
v -28271.4000 -184233.6000 59505.9700
v -28271.4400 -184233.6000 59505.6600
v -28271.4300 -184233.6000 59505.7600
v -28271.4500 -184233.6000 59505.4500
v -28271.4400 -184233.6000 59505.5500
v -28271.4600 -184233.6000 59505.2500
v -28271.4600 -184233.6000 59505.3500
v -28271.4700 -184233.6000 59505.0400
v -28271.4700 -184233.6000 59505.1400
v -28271.4800 -184233.6000 59504.8400
v -28271.4800 -184233.6000 59504.9400
v -28271.4800 -184233.6000 59504.7300
v -28271.6500 -184272.6000 59504.6300
v -28268.1800 -184272.6000 59496.2500
v -28259.8100 -184272.6000 59492.7900
v -28251.4400 -184272.6000 59496.2500
v -28247.9700 -184272.6000 59504.6300
v -28251.4400 -184272.6000 59513.0000
v -28259.8100 -184272.6000 59516.4700
v -28268.1800 -184272.6000 59513.0000
v -28153.0600 -184312.5000 59504.6300
v -28153.0600 -184312.5000 59504.8400
v -28153.0600 -184312.5000 59504.7300
v -28153.0500 -184312.5000 59505.0400
v -28153.0600 -184312.5000 59504.9400
v -28153.0400 -184312.5000 59505.2500
v -28153.0500 -184312.5000 59505.1500
v -28153.0300 -184312.5000 59505.4500
v -28153.0400 -184312.5000 59505.3500
v -28153.0200 -184312.5000 59505.6600
v -28153.0200 -184312.5000 59505.5600
v -28153.0000 -184312.5000 59505.8700
v -28153.0100 -184312.5000 59505.7700
v -28152.9700 -184312.5000 59506.0700
v -28152.9800 -184312.5000 59505.9700
v -28152.9500 -184312.5000 59506.2800
v -28152.9600 -184312.5000 59506.1800
v -28152.9100 -184312.5000 59506.4800
v -28152.9300 -184312.5000 59506.3800
v -28152.8800 -184312.5000 59506.6800
v -28152.9000 -184312.5000 59506.5900
v -28152.8400 -184312.5000 59506.8900
v -28152.8600 -184312.5000 59506.7900
v -28152.8000 -184312.5000 59507.0900
v -28152.8200 -184312.5000 59506.9900
v -28152.7600 -184312.5000 59507.2900
v -28152.7800 -184312.5000 59507.1900
v -28152.7100 -184312.5000 59507.4900
v -28152.7300 -184312.5000 59507.3900
v -28152.6600 -184312.5000 59507.7000
v -28152.6800 -184312.5000 59507.5900
v -28152.6000 -184312.5000 59507.8900
v -28152.6300 -184312.5000 59507.7900
v -28152.5400 -184312.5000 59508.0900
v -28152.5700 -184312.5000 59507.9900
v -28152.4800 -184312.5000 59508.2900
v -28152.5100 -184312.5000 59508.1900
v -28152.4200 -184312.5000 59508.4800
v -28152.4500 -184312.5000 59508.3900
v -28152.3500 -184312.5000 59508.6800
v -28152.3800 -184312.5000 59508.5800
v -28152.2700 -184312.5000 59508.8700
v -28152.3100 -184312.5000 59508.7800
v -28152.2000 -184312.5000 59509.0700
v -28152.2400 -184312.5000 59508.9700
v -28152.1200 -184312.5000 59509.2500
v -28152.1600 -184312.5000 59509.1600
v -28152.0400 -184312.5000 59509.4500
v -28152.0800 -184312.5000 59509.3500
v -28151.9500 -184312.5000 59509.6300
v -28151.9900 -184312.5000 59509.5400
v -28151.8600 -184312.5000 59509.8200
v -28151.9100 -184312.5000 59509.7300
v -28151.7700 -184312.5000 59510.0000
v -28151.8200 -184312.5000 59509.9100
v -28151.6700 -184312.5000 59510.1900
v -28151.7200 -184312.5000 59510.1000
v -28151.5800 -184312.5000 59510.3700
v -28151.6200 -184312.5000 59510.2800
v -28151.4700 -184312.5000 59510.5500
v -28151.5300 -184312.5000 59510.4600
v -28151.3700 -184312.5000 59510.7300
v -28151.4200 -184312.5000 59510.6400
v -28151.2600 -184312.5000 59510.9000
v -28151.3100 -184312.5000 59510.8200
v -28151.1500 -184312.5000 59511.0800
v -28151.2100 -184312.5000 59510.9900
v -28151.0400 -184312.5000 59511.2500
v -28151.0900 -184312.5000 59511.1600
v -28150.9200 -184312.5000 59511.4200
v -28150.9800 -184312.5000 59511.3400
v -28150.8000 -184312.5000 59511.5900
v -28150.8600 -184312.5000 59511.5100
v -28150.6800 -184312.5000 59511.7500
v -28150.7400 -184312.5000 59511.6700
v -28150.5500 -184312.5000 59511.9200
v -28150.6100 -184312.5000 59511.8400
v -28150.4200 -184312.5000 59512.0800
v -28150.4800 -184312.5000 59512.0000
v -28150.2900 -184312.5000 59512.2400
v -28150.3600 -184312.5000 59512.1600
v -28150.1600 -184312.5000 59512.4000
v -28150.2200 -184312.5000 59512.3200
v -28150.0200 -184312.5000 59512.5500
v -28150.0900 -184312.5000 59512.4800
v -28149.8800 -184312.5000 59512.7000
v -28149.9500 -184312.5000 59512.6300
v -28149.7400 -184312.5000 59512.8600
v -28149.8100 -184312.5000 59512.7800
v -28149.5900 -184312.5000 59513.0000
v -28149.6600 -184312.5000 59512.9300
v -28149.4500 -184312.5000 59513.1500
v -28149.5200 -184312.5000 59513.0700
v -28149.2900 -184312.5000 59513.2900
v -28149.3700 -184312.5000 59513.2200
v -28149.1400 -184312.5000 59513.4300
v -28149.2200 -184312.5000 59513.3600
v -28148.9900 -184312.5000 59513.5700
v -28149.0600 -184312.5000 59513.5000
v -28148.8300 -184312.5000 59513.7000
v -28148.9100 -184312.5000 59513.6300
v -28148.6700 -184312.5000 59513.8300
v -28148.7500 -184312.5000 59513.7700
v -28148.5100 -184312.5000 59513.9600
v -28148.5900 -184312.5000 59513.9000
v -28148.3500 -184312.5000 59514.0900
v -28148.4300 -184312.5000 59514.0200
v -28148.1800 -184312.5000 59514.2100
v -28148.2600 -184312.5000 59514.1500
v -28148.0100 -184312.5000 59514.3300
v -28148.0900 -184312.5000 59514.2700
v -28147.8400 -184312.5000 59514.4500
v -28147.9300 -184312.5000 59514.3900
v -28147.6700 -184312.5000 59514.5600
v -28147.7500 -184312.5000 59514.5000
v -28147.4900 -184312.5000 59514.6700
v -28147.5800 -184312.5000 59514.6200
v -28147.3200 -184312.5000 59514.7800
v -28147.4000 -184312.5000 59514.7300
v -28147.1400 -184312.5000 59514.8800
v -28147.2300 -184312.5000 59514.8300
v -28146.9600 -184312.5000 59514.9800
v -28147.0500 -184312.5000 59514.9400
v -28146.7800 -184312.5000 59515.0900
v -28146.8700 -184312.5000 59515.0400
v -28146.6000 -184312.5000 59515.1800
v -28146.6900 -184312.5000 59515.1300
v -28146.4100 -184312.5000 59515.2700
v -28146.5000 -184312.5000 59515.2300
v -28146.2200 -184312.5000 59515.3600
v -28146.3200 -184312.5000 59515.3200
v -28146.0400 -184312.5000 59515.4500
v -28146.1300 -184312.5000 59515.4100
v -28145.8500 -184312.5000 59515.5300
v -28145.9400 -184312.5000 59515.4900
v -28145.6500 -184312.5000 59515.6100
v -28145.7500 -184312.5000 59515.5700
v -28145.4600 -184312.5000 59515.6800
v -28145.5600 -184312.5000 59515.6500
v -28145.2700 -184312.5000 59515.7600
v -28145.3700 -184312.5000 59515.7200
v -28145.0700 -184312.5000 59515.8200
v -28145.1700 -184312.5000 59515.7900
v -28144.8800 -184312.5000 59515.8900
v -28144.9700 -184312.5000 59515.8600
v -28144.6800 -184312.5000 59515.9500
v -28144.7800 -184312.5000 59515.9200
v -28144.4800 -184312.5000 59516.0100
v -28144.5800 -184312.5000 59515.9800
v -28144.2800 -184312.5000 59516.0700
v -28144.3800 -184312.5000 59516.0400
v -28144.0800 -184312.5000 59516.1200
v -28144.1800 -184312.5000 59516.0900
v -28143.8800 -184312.5000 59516.1700
v -28143.9800 -184312.5000 59516.1400
v -28143.6800 -184312.5000 59516.2100
v -28143.7800 -184312.5000 59516.1900
v -28143.4800 -184312.5000 59516.2500
v -28143.5800 -184312.5000 59516.2300
v -28143.2800 -184312.5000 59516.2900
v -28143.3800 -184312.5000 59516.2700
v -28143.0700 -184312.5000 59516.3200
v -28143.1700 -184312.5000 59516.3100
v -28142.8700 -184312.5000 59516.3600
v -28142.9700 -184312.5000 59516.3400
v -28142.6600 -184312.5000 59516.3800
v -28142.7600 -184312.5000 59516.3700
v -28142.4600 -184312.5000 59516.4100
v -28142.5600 -184312.5000 59516.3900
v -28142.2500 -184312.5000 59516.4300
v -28142.3500 -184312.5000 59516.4100
v -28142.0400 -184312.5000 59516.4400
v -28142.1500 -184312.5000 59516.4300
v -28141.8400 -184312.5000 59516.4500
v -28141.9400 -184312.5000 59516.4500
v -28141.6300 -184312.5000 59516.4600
v -28141.7300 -184312.5000 59516.4600
v -28141.4300 -184312.5000 59516.4700
v -28141.5300 -184312.5000 59516.4600
v -28141.2200 -184312.5000 59516.4700
v -28141.3200 -184312.5000 59516.4700
v -28141.0100 -184312.5000 59516.4700
v -28141.1100 -184312.5000 59516.4700
v -28140.8000 -184312.5000 59516.4600
v -28140.9100 -184312.5000 59516.4600
v -28140.6000 -184312.5000 59516.4500
v -28140.7000 -184312.5000 59516.4600
v -28140.3900 -184312.5000 59516.4400
v -28140.4900 -184312.5000 59516.4500
v -28140.1900 -184312.5000 59516.4300
v -28140.2900 -184312.5000 59516.4300
v -28139.9800 -184312.5000 59516.4100
v -28140.0800 -184312.5000 59516.4100
v -28139.7800 -184312.5000 59516.3800
v -28139.8800 -184312.5000 59516.3900
v -28139.5700 -184312.5000 59516.3600
v -28139.6700 -184312.5000 59516.3700
v -28139.3700 -184312.5000 59516.3200
v -28139.4700 -184312.5000 59516.3400
v -28139.1600 -184312.5000 59516.2900
v -28139.2600 -184312.5000 59516.3100
v -28138.9600 -184312.5000 59516.2500
v -28139.0600 -184312.5000 59516.2700
v -28138.7600 -184312.5000 59516.2100
v -28138.8600 -184312.5000 59516.2300
v -28138.5500 -184312.5000 59516.1700
v -28138.6500 -184312.5000 59516.1900
v -28138.3500 -184312.5000 59516.1200
v -28138.4500 -184312.5000 59516.1400
v -28138.1500 -184312.5000 59516.0700
v -28138.2500 -184312.5000 59516.0900
v -28137.9600 -184312.5000 59516.0100
v -28138.0500 -184312.5000 59516.0400
v -28137.7600 -184312.5000 59515.9500
v -28137.8500 -184312.5000 59515.9800
v -28137.5600 -184312.5000 59515.8900
v -28137.6600 -184312.5000 59515.9200
v -28137.3600 -184312.5000 59515.8200
v -28137.4600 -184312.5000 59515.8600
v -28137.1700 -184312.5000 59515.7600
v -28137.2700 -184312.5000 59515.7900
v -28136.9700 -184312.5000 59515.6800
v -28137.0700 -184312.5000 59515.7200
v -28136.7800 -184312.5000 59515.6100
v -28136.8800 -184312.5000 59515.6400
v -28136.5900 -184312.5000 59515.5300
v -28136.6900 -184312.5000 59515.5700
v -28136.4000 -184312.5000 59515.4500
v -28136.5000 -184312.5000 59515.4900
v -28136.2100 -184312.5000 59515.3600
v -28136.3100 -184312.5000 59515.4000
v -28136.0300 -184312.5000 59515.2700
v -28136.1200 -184312.5000 59515.3200
v -28135.8400 -184312.5000 59515.1800
v -28135.9300 -184312.5000 59515.2300
v -28135.6600 -184312.5000 59515.0900
v -28135.7500 -184312.5000 59515.1300
v -28135.4800 -184312.5000 59514.9800
v -28135.5700 -184312.5000 59515.0400
v -28135.3000 -184312.5000 59514.8800
v -28135.3900 -184312.5000 59514.9300
v -28135.1200 -184312.5000 59514.7800
v -28135.2100 -184312.5000 59514.8300
v -28134.9400 -184312.5000 59514.6700
v -28135.0300 -184312.5000 59514.7200
v -28134.7700 -184312.5000 59514.5600
v -28134.8600 -184312.5000 59514.6100
v -28134.6000 -184312.5000 59514.4500
v -28134.6800 -184312.5000 59514.5000
v -28134.4300 -184312.5000 59514.3300
v -28134.5100 -184312.5000 59514.3900
v -28134.2600 -184312.5000 59514.2100
v -28134.3400 -184312.5000 59514.2700
v -28134.0900 -184312.5000 59514.0900
v -28134.1700 -184312.5000 59514.1400
v -28133.9300 -184312.5000 59513.9600
v -28134.0100 -184312.5000 59514.0200
v -28133.7700 -184312.5000 59513.8300
v -28133.8500 -184312.5000 59513.8900
v -28133.6100 -184312.5000 59513.7000
v -28133.6900 -184312.5000 59513.7700
v -28133.4500 -184312.5000 59513.5700
v -28133.5300 -184312.5000 59513.6300
v -28133.2900 -184312.5000 59513.4300
v -28133.3700 -184312.5000 59513.5000
v -28133.1400 -184312.5000 59513.2900
v -28133.2200 -184312.5000 59513.3600
v -28132.9900 -184312.5000 59513.1500
v -28133.0700 -184312.5000 59513.2200
v -28132.8500 -184312.5000 59513.0000
v -28132.9200 -184312.5000 59513.0700
v -28132.7000 -184312.5000 59512.8600
v -28132.7700 -184312.5000 59512.9300
v -28132.5600 -184312.5000 59512.7000
v -28132.6300 -184312.5000 59512.7800
v -28132.4200 -184312.5000 59512.5500
v -28132.4900 -184312.5000 59512.6300
v -28132.2800 -184312.5000 59512.4000
v -28132.3500 -184312.5000 59512.4700
v -28132.1500 -184312.5000 59512.2400
v -28132.2100 -184312.5000 59512.3200
v -28132.0200 -184312.5000 59512.0800
v -28132.0800 -184312.5000 59512.1600
v -28131.8900 -184312.5000 59511.9200
v -28131.9500 -184312.5000 59512.0000
v -28131.7600 -184312.5000 59511.7500
v -28131.8200 -184312.5000 59511.8400
v -28131.6400 -184312.5000 59511.5900
v -28131.7000 -184312.5000 59511.6700
v -28131.5200 -184312.5000 59511.4200
v -28131.5800 -184312.5000 59511.5000
v -28131.4000 -184312.5000 59511.2500
v -28131.4600 -184312.5000 59511.3400
v -28131.2900 -184312.5000 59511.0800
v -28131.3400 -184312.5000 59511.1600
v -28131.1800 -184312.5000 59510.9000
v -28131.2300 -184312.5000 59510.9900
v -28131.0700 -184312.5000 59510.7300
v -28131.1200 -184312.5000 59510.8100
v -28130.9600 -184312.5000 59510.5500
v -28131.0200 -184312.5000 59510.6400
v -28130.8600 -184312.5000 59510.3700
v -28130.9100 -184312.5000 59510.4600
v -28130.7600 -184312.5000 59510.1900
v -28130.8100 -184312.5000 59510.2800
v -28130.6700 -184312.5000 59510.0000
v -28130.7100 -184312.5000 59510.0900
v -28130.5800 -184312.5000 59509.8200
v -28130.6200 -184312.5000 59509.9100
v -28130.4900 -184312.5000 59509.6300
v -28130.5300 -184312.5000 59509.7300
v -28130.4000 -184312.5000 59509.4500
v -28130.4400 -184312.5000 59509.5400
v -28130.3200 -184312.5000 59509.2500
v -28130.3600 -184312.5000 59509.3500
v -28130.2400 -184312.5000 59509.0700
v -28130.2800 -184312.5000 59509.1600
v -28130.1600 -184312.5000 59508.8700
v -28130.2000 -184312.5000 59508.9700
v -28130.0900 -184312.5000 59508.6800
v -28130.1300 -184312.5000 59508.7700
v -28130.0200 -184312.5000 59508.4800
v -28130.0600 -184312.5000 59508.5800
v -28129.9600 -184312.5000 59508.2900
v -28129.9900 -184312.5000 59508.3800
v -28129.8900 -184312.5000 59508.0900
v -28129.9300 -184312.5000 59508.1900
v -28129.8400 -184312.5000 59507.8900
v -28129.8700 -184312.5000 59507.9900
v -28129.7800 -184312.5000 59507.7000
v -28129.8100 -184312.5000 59507.7900
v -28129.7300 -184312.5000 59507.4900
v -28129.7500 -184312.5000 59507.5900
v -28129.6800 -184312.5000 59507.2900
v -28129.7100 -184312.5000 59507.3900
v -28129.6300 -184312.5000 59507.0900
v -28129.6600 -184312.5000 59507.1900
v -28129.5900 -184312.5000 59506.8900
v -28129.6200 -184312.5000 59506.9900
v -28129.5600 -184312.5000 59506.6800
v -28129.5800 -184312.5000 59506.7900
v -28129.5200 -184312.5000 59506.4800
v -28129.5400 -184312.5000 59506.5800
v -28129.4900 -184312.5000 59506.2800
v -28129.5100 -184312.5000 59506.3800
v -28129.4600 -184312.5000 59506.0700
v -28129.4800 -184312.5000 59506.1700
v -28129.4400 -184312.5000 59505.8700
v -28129.4500 -184312.5000 59505.9700
v -28129.4200 -184312.5000 59505.6600
v -28129.4300 -184312.5000 59505.7600
v -28129.4100 -184312.5000 59505.4500
v -28129.4100 -184312.5000 59505.5500
v -28129.3900 -184312.5000 59505.2500
v -28129.4000 -184312.5000 59505.3500
v -28129.3800 -184312.5000 59505.0400
v -28129.3900 -184312.5000 59505.1400
v -28129.3800 -184312.5000 59504.8400
v -28129.3800 -184312.5000 59504.9400
v -28129.3800 -184312.5000 59504.6300
v -28129.3800 -184312.5000 59504.7300
v -28129.3800 -184312.5000 59504.4200
v -28129.3800 -184312.5000 59504.5200
v -28129.3800 -184312.5000 59504.2100
v -28129.3800 -184312.5000 59504.3200
v -28129.3900 -184312.5000 59504.0100
v -28129.3900 -184312.5000 59504.1100
v -28129.4100 -184312.5000 59503.8000
v -28129.4000 -184312.5000 59503.9000
v -28129.4200 -184312.5000 59503.6000
v -28129.4100 -184312.5000 59503.7000
v -28129.4400 -184312.5000 59503.3900
v -28129.4300 -184312.5000 59503.4900
v -28129.4600 -184312.5000 59503.1800
v -28129.4500 -184312.5000 59503.2900
v -28129.4900 -184312.5000 59502.9800
v -28129.4800 -184312.5000 59503.0800
v -28129.5200 -184312.5000 59502.7800
v -28129.5100 -184312.5000 59502.8800
v -28129.5600 -184312.5000 59502.5700
v -28129.5400 -184312.5000 59502.6700
v -28129.5900 -184312.5000 59502.3700
v -28129.5800 -184312.5000 59502.4700
v -28129.6300 -184312.5000 59502.1700
v -28129.6200 -184312.5000 59502.2700
v -28129.6800 -184312.5000 59501.9600
v -28129.6600 -184312.5000 59502.0600
v -28129.7300 -184312.5000 59501.7600
v -28129.7100 -184312.5000 59501.8600
v -28129.7800 -184312.5000 59501.5600
v -28129.7500 -184312.5000 59501.6600
v -28129.8400 -184312.5000 59501.3600
v -28129.8100 -184312.5000 59501.4600
v -28129.8900 -184312.5000 59501.1700
v -28129.8700 -184312.5000 59501.2700
v -28129.9600 -184312.5000 59500.9700
v -28129.9300 -184312.5000 59501.0700
v -28130.0200 -184312.5000 59500.7700
v -28129.9900 -184312.5000 59500.8700
v -28130.0900 -184312.5000 59500.5800
v -28130.0600 -184312.5000 59500.6800
v -28130.1600 -184312.5000 59500.3800
v -28130.1300 -184312.5000 59500.4800
v -28130.2400 -184312.5000 59500.1900
v -28130.2000 -184312.5000 59500.2900
v -28130.3200 -184312.5000 59500.0000
v -28130.2800 -184312.5000 59500.0900
v -28130.4000 -184312.5000 59499.8100
v -28130.3600 -184312.5000 59499.9100
v -28130.4900 -184312.5000 59499.6200
v -28130.4400 -184312.5000 59499.7100
v -28130.5800 -184312.5000 59499.4400
v -28130.5300 -184312.5000 59499.5300
v -28130.6700 -184312.5000 59499.2500
v -28130.6200 -184312.5000 59499.3400
v -28130.7600 -184312.5000 59499.0700
v -28130.7100 -184312.5000 59499.1600
v -28130.8600 -184312.5000 59498.8900
v -28130.8100 -184312.5000 59498.9800
v -28130.9600 -184312.5000 59498.7100
v -28130.9100 -184312.5000 59498.8000
v -28131.0700 -184312.5000 59498.5300
v -28131.0200 -184312.5000 59498.6200
v -28131.1800 -184312.5000 59498.3500
v -28131.1200 -184312.5000 59498.4400
v -28131.2900 -184312.5000 59498.1800
v -28131.2300 -184312.5000 59498.2700
v -28131.4000 -184312.5000 59498.0100
v -28131.3500 -184312.5000 59498.0900
v -28131.5200 -184312.5000 59497.8400
v -28131.4600 -184312.5000 59497.9200
v -28131.6400 -184312.5000 59497.6700
v -28131.5800 -184312.5000 59497.7500
v -28131.7600 -184312.5000 59497.5000
v -28131.7000 -184312.5000 59497.5800
v -28131.8900 -184312.5000 59497.3400
v -28131.8200 -184312.5000 59497.4200
v -28132.0200 -184312.5000 59497.1800
v -28131.9500 -184312.5000 59497.2500
v -28132.1500 -184312.5000 59497.0200
v -28132.0800 -184312.5000 59497.0900
v -28132.2800 -184312.5000 59496.8600
v -28132.2100 -184312.5000 59496.9400
v -28132.4200 -184312.5000 59496.7000
v -28132.3500 -184312.5000 59496.7800
v -28132.5600 -184312.5000 59496.5500
v -28132.4900 -184312.5000 59496.6300
v -28132.7000 -184312.5000 59496.4000
v -28132.6300 -184312.5000 59496.4800
v -28132.8500 -184312.5000 59496.2500
v -28132.7700 -184312.5000 59496.3300
v -28132.9900 -184312.5000 59496.1100
v -28132.9200 -184312.5000 59496.1800
v -28133.1400 -184312.5000 59495.9700
v -28133.0700 -184312.5000 59496.0400
v -28133.2900 -184312.5000 59495.8300
v -28133.2200 -184312.5000 59495.9000
v -28133.4500 -184312.5000 59495.6900
v -28133.3700 -184312.5000 59495.7600
v -28133.6100 -184312.5000 59495.5600
v -28133.5300 -184312.5000 59495.6200
v -28133.7700 -184312.5000 59495.4300
v -28133.6900 -184312.5000 59495.4900
v -28133.9300 -184312.5000 59495.3000
v -28133.8500 -184312.5000 59495.3600
v -28134.0900 -184312.5000 59495.1700
v -28134.0100 -184312.5000 59495.2300
v -28134.2600 -184312.5000 59495.0500
v -28134.1800 -184312.5000 59495.1100
v -28134.4300 -184312.5000 59494.9300
v -28134.3400 -184312.5000 59494.9900
v -28134.6000 -184312.5000 59494.8100
v -28134.5100 -184312.5000 59494.8700
v -28134.7700 -184312.5000 59494.7000
v -28134.6800 -184312.5000 59494.7500
v -28134.9400 -184312.5000 59494.5900
v -28134.8600 -184312.5000 59494.6400
v -28135.1200 -184312.5000 59494.4800
v -28135.0300 -184312.5000 59494.5300
v -28135.3000 -184312.5000 59494.3800
v -28135.2100 -184312.5000 59494.4300
v -28135.4800 -184312.5000 59494.2700
v -28135.3900 -184312.5000 59494.3200
v -28135.6600 -184312.5000 59494.1700
v -28135.5700 -184312.5000 59494.2200
v -28135.8400 -184312.5000 59494.0800
v -28135.7500 -184312.5000 59494.1200
v -28136.0300 -184312.5000 59493.9800
v -28135.9400 -184312.5000 59494.0300
v -28136.2100 -184312.5000 59493.8900
v -28136.1200 -184312.5000 59493.9400
v -28136.4000 -184312.5000 59493.8100
v -28136.3100 -184312.5000 59493.8500
v -28136.5900 -184312.5000 59493.7300
v -28136.5000 -184312.5000 59493.7700
v -28136.7800 -184312.5000 59493.6500
v -28136.6900 -184312.5000 59493.6900
v -28136.9700 -184312.5000 59493.5700
v -28136.8800 -184312.5000 59493.6100
v -28137.1700 -184312.5000 59493.5000
v -28137.0700 -184312.5000 59493.5400
v -28137.3600 -184312.5000 59493.4300
v -28137.2700 -184312.5000 59493.4600
v -28137.5600 -184312.5000 59493.3700
v -28137.4600 -184312.5000 59493.4000
v -28137.7600 -184312.5000 59493.3000
v -28137.6600 -184312.5000 59493.3400
v -28137.9600 -184312.5000 59493.2500
v -28137.8600 -184312.5000 59493.2700
v -28138.1500 -184312.5000 59493.1900
v -28138.0500 -184312.5000 59493.2200
v -28138.3500 -184312.5000 59493.1400
v -28138.2600 -184312.5000 59493.1600
v -28138.5500 -184312.5000 59493.0900
v -28138.4600 -184312.5000 59493.1100
v -28138.7600 -184312.5000 59493.0500
v -28138.6600 -184312.5000 59493.0700
v -28138.9600 -184312.5000 59493.0000
v -28138.8600 -184312.5000 59493.0200
v -28139.1600 -184312.5000 59492.9600
v -28139.0600 -184312.5000 59492.9800
v -28139.3700 -184312.5000 59492.9300
v -28139.2700 -184312.5000 59492.9500
v -28139.5700 -184312.5000 59492.9000
v -28139.4700 -184312.5000 59492.9200
v -28139.7800 -184312.5000 59492.8800
v -28139.6700 -184312.5000 59492.8900
v -28139.9800 -184312.5000 59492.8500
v -28139.8800 -184312.5000 59492.8600
v -28140.1900 -184312.5000 59492.8300
v -28140.0800 -184312.5000 59492.8400
v -28140.3900 -184312.5000 59492.8200
v -28140.2900 -184312.5000 59492.8200
v -28140.6000 -184312.5000 59492.8000
v -28140.5000 -184312.5000 59492.8100
v -28140.8000 -184312.5000 59492.7900
v -28140.7000 -184312.5000 59492.8000
v -28141.0100 -184312.5000 59492.7900
v -28140.9100 -184312.5000 59492.7900
v -28141.2200 -184312.5000 59492.7900
v -28141.1200 -184312.5000 59492.7900
v -28141.4300 -184312.5000 59492.7900
v -28141.3200 -184312.5000 59492.7900
v -28141.6300 -184312.5000 59492.7900
v -28141.5300 -184312.5000 59492.7900
v -28141.8400 -184312.5000 59492.8000
v -28141.7400 -184312.5000 59492.8000
v -28142.0400 -184312.5000 59492.8200
v -28141.9400 -184312.5000 59492.8100
v -28142.2500 -184312.5000 59492.8300
v -28142.1500 -184312.5000 59492.8200
v -28142.4600 -184312.5000 59492.8500
v -28142.3600 -184312.5000 59492.8400
v -28142.6600 -184312.5000 59492.8800
v -28142.5600 -184312.5000 59492.8600
v -28142.8700 -184312.5000 59492.9000
v -28142.7700 -184312.5000 59492.8900
v -28143.0700 -184312.5000 59492.9300
v -28142.9700 -184312.5000 59492.9200
v -28143.2800 -184312.5000 59492.9600
v -28143.1700 -184312.5000 59492.9500
v -28143.4800 -184312.5000 59493.0000
v -28143.3800 -184312.5000 59492.9800
v -28143.6800 -184312.5000 59493.0500
v -28143.5800 -184312.5000 59493.0200
v -28143.8800 -184312.5000 59493.0900
v -28143.7800 -184312.5000 59493.0700
v -28144.0800 -184312.5000 59493.1400
v -28143.9800 -184312.5000 59493.1100
v -28144.2800 -184312.5000 59493.1900
v -28144.1900 -184312.5000 59493.1600
v -28144.4800 -184312.5000 59493.2500
v -28144.3800 -184312.5000 59493.2200
v -28144.6800 -184312.5000 59493.3000
v -28144.5800 -184312.5000 59493.2700
v -28144.8800 -184312.5000 59493.3700
v -28144.7800 -184312.5000 59493.3400
v -28145.0700 -184312.5000 59493.4300
v -28144.9800 -184312.5000 59493.4000
v -28145.2700 -184312.5000 59493.5000
v -28145.1700 -184312.5000 59493.4600
v -28145.4600 -184312.5000 59493.5700
v -28145.3700 -184312.5000 59493.5400
v -28145.6500 -184312.5000 59493.6500
v -28145.5600 -184312.5000 59493.6100
v -28145.8500 -184312.5000 59493.7300
v -28145.7500 -184312.5000 59493.6900
v -28146.0400 -184312.5000 59493.8100
v -28145.9400 -184312.5000 59493.7700
v -28146.2200 -184312.5000 59493.8900
v -28146.1300 -184312.5000 59493.8600
v -28146.4100 -184312.5000 59493.9800
v -28146.3200 -184312.5000 59493.9400
v -28146.6000 -184312.5000 59494.0800
v -28146.5000 -184312.5000 59494.0300
v -28146.7800 -184312.5000 59494.1700
v -28146.6900 -184312.5000 59494.1200
v -28146.9600 -184312.5000 59494.2700
v -28146.8700 -184312.5000 59494.2200
v -28147.1400 -184312.5000 59494.3800
v -28147.0500 -184312.5000 59494.3200
v -28147.3200 -184312.5000 59494.4800
v -28147.2300 -184312.5000 59494.4300
v -28147.4900 -184312.5000 59494.5900
v -28147.4100 -184312.5000 59494.5300
v -28147.6700 -184312.5000 59494.7000
v -28147.5800 -184312.5000 59494.6400
v -28147.8400 -184312.5000 59494.8100
v -28147.7600 -184312.5000 59494.7500
v -28148.0100 -184312.5000 59494.9300
v -28147.9300 -184312.5000 59494.8700
v -28148.1800 -184312.5000 59495.0500
v -28148.1000 -184312.5000 59494.9900
v -28148.3500 -184312.5000 59495.1700
v -28148.2600 -184312.5000 59495.1100
v -28148.5100 -184312.5000 59495.3000
v -28148.4300 -184312.5000 59495.2300
v -28148.6700 -184312.5000 59495.4300
v -28148.5900 -184312.5000 59495.3600
v -28148.8300 -184312.5000 59495.5600
v -28148.7500 -184312.5000 59495.4900
v -28148.9900 -184312.5000 59495.6900
v -28148.9100 -184312.5000 59495.6200
v -28149.1400 -184312.5000 59495.8300
v -28149.0700 -184312.5000 59495.7600
v -28149.2900 -184312.5000 59495.9700
v -28149.2200 -184312.5000 59495.9000
v -28149.4500 -184312.5000 59496.1100
v -28149.3700 -184312.5000 59496.0400
v -28149.5900 -184312.5000 59496.2500
v -28149.5200 -184312.5000 59496.1800
v -28149.7400 -184312.5000 59496.4000
v -28149.6700 -184312.5000 59496.3300
v -28149.8800 -184312.5000 59496.5500
v -28149.8100 -184312.5000 59496.4800
v -28150.0200 -184312.5000 59496.7000
v -28149.9500 -184312.5000 59496.6300
v -28150.1600 -184312.5000 59496.8600
v -28150.0900 -184312.5000 59496.7900
v -28150.2900 -184312.5000 59497.0200
v -28150.2200 -184312.5000 59496.9400
v -28150.4200 -184312.5000 59497.1800
v -28150.3600 -184312.5000 59497.1000
v -28150.5500 -184312.5000 59497.3400
v -28150.4900 -184312.5000 59497.2600
v -28150.6800 -184312.5000 59497.5000
v -28150.6100 -184312.5000 59497.4200
v -28150.8000 -184312.5000 59497.6700
v -28150.7400 -184312.5000 59497.5900
v -28150.9200 -184312.5000 59497.8400
v -28150.8600 -184312.5000 59497.7500
v -28151.0400 -184312.5000 59498.0100
v -28150.9800 -184312.5000 59497.9200
v -28151.1500 -184312.5000 59498.1800
v -28151.0900 -184312.5000 59498.0900
v -28151.2600 -184312.5000 59498.3500
v -28151.2100 -184312.5000 59498.2700
v -28151.3700 -184312.5000 59498.5300
v -28151.3200 -184312.5000 59498.4400
v -28151.4700 -184312.5000 59498.7100
v -28151.4200 -184312.5000 59498.6200
v -28151.5800 -184312.5000 59498.8900
v -28151.5300 -184312.5000 59498.8000
v -28151.6700 -184312.5000 59499.0700
v -28151.6200 -184312.5000 59498.9800
v -28151.7700 -184312.5000 59499.2500
v -28151.7200 -184312.5000 59499.1600
v -28151.8600 -184312.5000 59499.4400
v -28151.8200 -184312.5000 59499.3500
v -28151.9500 -184312.5000 59499.6200
v -28151.9100 -184312.5000 59499.5300
v -28152.0400 -184312.5000 59499.8100
v -28151.9900 -184312.5000 59499.7200
v -28152.1200 -184312.5000 59500.0000
v -28152.0800 -184312.5000 59499.9100
v -28152.2000 -184312.5000 59500.1900
v -28152.1600 -184312.5000 59500.1000
v -28152.2700 -184312.5000 59500.3800
v -28152.2400 -184312.5000 59500.2900
v -28152.3500 -184312.5000 59500.5800
v -28152.3100 -184312.5000 59500.4800
v -28152.4200 -184312.5000 59500.7700
v -28152.3800 -184312.5000 59500.6800
v -28152.4800 -184312.5000 59500.9700
v -28152.4500 -184312.5000 59500.8700
v -28152.5400 -184312.5000 59501.1700
v -28152.5100 -184312.5000 59501.0700
v -28152.6000 -184312.5000 59501.3600
v -28152.5700 -184312.5000 59501.2700
v -28152.6600 -184312.5000 59501.5600
v -28152.6300 -184312.5000 59501.4600
v -28152.7100 -184312.5000 59501.7600
v -28152.6800 -184312.5000 59501.6600
v -28152.7600 -184312.5000 59501.9600
v -28152.7300 -184312.5000 59501.8700
v -28152.8000 -184312.5000 59502.1700
v -28152.7800 -184312.5000 59502.0700
v -28152.8400 -184312.5000 59502.3700
v -28152.8200 -184312.5000 59502.2700
v -28152.8800 -184312.5000 59502.5700
v -28152.8600 -184312.5000 59502.4700
v -28152.9100 -184312.5000 59502.7800
v -28152.9000 -184312.5000 59502.6800
v -28152.9500 -184312.5000 59502.9800
v -28152.9300 -184312.5000 59502.8800
v -28152.9700 -184312.5000 59503.1800
v -28152.9600 -184312.5000 59503.0900
v -28153.0000 -184312.5000 59503.3900
v -28152.9800 -184312.5000 59503.2900
v -28153.0200 -184312.5000 59503.6000
v -28153.0100 -184312.5000 59503.5000
v -28153.0300 -184312.5000 59503.8000
v -28153.0200 -184312.5000 59503.7000
v -28153.0400 -184312.5000 59504.0100
v -28153.0400 -184312.5000 59503.9100
v -28153.0500 -184312.5000 59504.2100
v -28153.0500 -184312.5000 59504.1100
v -28153.0600 -184312.5000 59504.4200
v -28153.0600 -184312.5000 59504.3200
v -28153.0600 -184312.5000 59504.5300
v -28153.0600 -184233.6000 59504.6300
v -28153.0600 -184233.6000 59504.4200
v -28153.0600 -184233.6000 59504.5200
v -28153.0500 -184233.6000 59504.2100
v -28153.0600 -184233.6000 59504.3200
v -28153.0400 -184233.6000 59504.0100
v -28153.0500 -184233.6000 59504.1100
v -28153.0300 -184233.6000 59503.8000
v -28153.0400 -184233.6000 59503.9000
v -28153.0200 -184233.6000 59503.6000
v -28153.0200 -184233.6000 59503.7000
v -28153.0000 -184233.6000 59503.3900
v -28153.0100 -184233.6000 59503.4900
v -28152.9700 -184233.6000 59503.1800
v -28152.9800 -184233.6000 59503.2900
v -28152.9500 -184233.6000 59502.9800
v -28152.9600 -184233.6000 59503.0800
v -28152.9100 -184233.6000 59502.7800
v -28152.9300 -184233.6000 59502.8800
v -28152.8800 -184233.6000 59502.5700
v -28152.9000 -184233.6000 59502.6700
v -28152.8400 -184233.6000 59502.3700
v -28152.8600 -184233.6000 59502.4700
v -28152.8000 -184233.6000 59502.1700
v -28152.8200 -184233.6000 59502.2700
v -28152.7600 -184233.6000 59501.9600
v -28152.7800 -184233.6000 59502.0600
v -28152.7100 -184233.6000 59501.7600
v -28152.7300 -184233.6000 59501.8600
v -28152.6600 -184233.6000 59501.5600
v -28152.6800 -184233.6000 59501.6600
v -28152.6000 -184233.6000 59501.3600
v -28152.6300 -184233.6000 59501.4600
v -28152.5400 -184233.6000 59501.1700
v -28152.5700 -184233.6000 59501.2700
v -28152.4800 -184233.6000 59500.9700
v -28152.5100 -184233.6000 59501.0700
v -28152.4200 -184233.6000 59500.7700
v -28152.4500 -184233.6000 59500.8700
v -28152.3500 -184233.6000 59500.5800
v -28152.3800 -184233.6000 59500.6800
v -28152.2700 -184233.6000 59500.3800
v -28152.3100 -184233.6000 59500.4800
v -28152.2000 -184233.6000 59500.1900
v -28152.2400 -184233.6000 59500.2900
v -28152.1200 -184233.6000 59500.0000
v -28152.1600 -184233.6000 59500.0900
v -28152.0400 -184233.6000 59499.8100
v -28152.0800 -184233.6000 59499.9100
v -28151.9500 -184233.6000 59499.6200
v -28151.9900 -184233.6000 59499.7100
v -28151.8600 -184233.6000 59499.4400
v -28151.9100 -184233.6000 59499.5300
v -28151.7700 -184233.6000 59499.2500
v -28151.8200 -184233.6000 59499.3400
v -28151.6700 -184233.6000 59499.0700
v -28151.7200 -184233.6000 59499.1600
v -28151.5800 -184233.6000 59498.8900
v -28151.6200 -184233.6000 59498.9800
v -28151.4700 -184233.6000 59498.7100
v -28151.5300 -184233.6000 59498.8000
v -28151.3700 -184233.6000 59498.5300
v -28151.4200 -184233.6000 59498.6200
v -28151.2600 -184233.6000 59498.3500
v -28151.3100 -184233.6000 59498.4400
v -28151.1500 -184233.6000 59498.1800
v -28151.2100 -184233.6000 59498.2700
v -28151.0400 -184233.6000 59498.0100
v -28151.0900 -184233.6000 59498.0900
v -28150.9200 -184233.6000 59497.8400
v -28150.9800 -184233.6000 59497.9200
v -28150.8000 -184233.6000 59497.6700
v -28150.8600 -184233.6000 59497.7500
v -28150.6800 -184233.6000 59497.5000
v -28150.7400 -184233.6000 59497.5800
v -28150.5500 -184233.6000 59497.3400
v -28150.6100 -184233.6000 59497.4200
v -28150.4200 -184233.6000 59497.1800
v -28150.4800 -184233.6000 59497.2500
v -28150.2900 -184233.6000 59497.0200
v -28150.3600 -184233.6000 59497.0900
v -28150.1600 -184233.6000 59496.8600
v -28150.2200 -184233.6000 59496.9400
v -28150.0200 -184233.6000 59496.7000
v -28150.0900 -184233.6000 59496.7800
v -28149.8800 -184233.6000 59496.5500
v -28149.9500 -184233.6000 59496.6300
v -28149.7400 -184233.6000 59496.4000
v -28149.8100 -184233.6000 59496.4800
v -28149.5900 -184233.6000 59496.2500
v -28149.6600 -184233.6000 59496.3300
v -28149.4500 -184233.6000 59496.1100
v -28149.5200 -184233.6000 59496.1800
v -28149.2900 -184233.6000 59495.9700
v -28149.3700 -184233.6000 59496.0400
v -28149.1400 -184233.6000 59495.8300
v -28149.2200 -184233.6000 59495.9000
v -28148.9900 -184233.6000 59495.6900
v -28149.0600 -184233.6000 59495.7600
v -28148.8300 -184233.6000 59495.5600
v -28148.9100 -184233.6000 59495.6200
v -28148.6700 -184233.6000 59495.4300
v -28148.7500 -184233.6000 59495.4900
v -28148.5100 -184233.6000 59495.3000
v -28148.5900 -184233.6000 59495.3600
v -28148.3500 -184233.6000 59495.1700
v -28148.4300 -184233.6000 59495.2300
v -28148.1800 -184233.6000 59495.0500
v -28148.2600 -184233.6000 59495.1100
v -28148.0100 -184233.6000 59494.9300
v -28148.0900 -184233.6000 59494.9900
v -28147.8400 -184233.6000 59494.8100
v -28147.9300 -184233.6000 59494.8700
v -28147.6700 -184233.6000 59494.7000
v -28147.7500 -184233.6000 59494.7500
v -28147.4900 -184233.6000 59494.5900
v -28147.5800 -184233.6000 59494.6400
v -28147.3200 -184233.6000 59494.4800
v -28147.4000 -184233.6000 59494.5300
v -28147.1400 -184233.6000 59494.3800
v -28147.2300 -184233.6000 59494.4300
v -28146.9600 -184233.6000 59494.2700
v -28147.0500 -184233.6000 59494.3200
v -28146.7800 -184233.6000 59494.1700
v -28146.8700 -184233.6000 59494.2200
v -28146.6000 -184233.6000 59494.0800
v -28146.6900 -184233.6000 59494.1200
v -28146.4100 -184233.6000 59493.9800
v -28146.5000 -184233.6000 59494.0300
v -28146.2200 -184233.6000 59493.8900
v -28146.3200 -184233.6000 59493.9400
v -28146.0400 -184233.6000 59493.8100
v -28146.1300 -184233.6000 59493.8500
v -28145.8500 -184233.6000 59493.7300
v -28145.9400 -184233.6000 59493.7700
v -28145.6500 -184233.6000 59493.6500
v -28145.7500 -184233.6000 59493.6900
v -28145.4600 -184233.6000 59493.5700
v -28145.5600 -184233.6000 59493.6100
v -28145.2700 -184233.6000 59493.5000
v -28145.3700 -184233.6000 59493.5400
v -28145.0700 -184233.6000 59493.4300
v -28145.1700 -184233.6000 59493.4600
v -28144.8800 -184233.6000 59493.3700
v -28144.9700 -184233.6000 59493.4000
v -28144.6800 -184233.6000 59493.3000
v -28144.7800 -184233.6000 59493.3400
v -28144.4800 -184233.6000 59493.2500
v -28144.5800 -184233.6000 59493.2700
v -28144.2800 -184233.6000 59493.1900
v -28144.3800 -184233.6000 59493.2200
v -28144.0800 -184233.6000 59493.1400
v -28144.1800 -184233.6000 59493.1600
v -28143.8800 -184233.6000 59493.0900
v -28143.9800 -184233.6000 59493.1100
v -28143.6800 -184233.6000 59493.0500
v -28143.7800 -184233.6000 59493.0700
v -28143.4800 -184233.6000 59493.0000
v -28143.5800 -184233.6000 59493.0200
v -28143.2800 -184233.6000 59492.9600
v -28143.3800 -184233.6000 59492.9800
v -28143.0700 -184233.6000 59492.9300
v -28143.1700 -184233.6000 59492.9500
v -28142.8700 -184233.6000 59492.9000
v -28142.9700 -184233.6000 59492.9200
v -28142.6600 -184233.6000 59492.8800
v -28142.7600 -184233.6000 59492.8900
v -28142.4600 -184233.6000 59492.8500
v -28142.5600 -184233.6000 59492.8600
v -28142.2500 -184233.6000 59492.8300
v -28142.3500 -184233.6000 59492.8400
v -28142.0400 -184233.6000 59492.8200
v -28142.1500 -184233.6000 59492.8200
v -28141.8400 -184233.6000 59492.8000
v -28141.9400 -184233.6000 59492.8100
v -28141.6300 -184233.6000 59492.7900
v -28141.7300 -184233.6000 59492.8000
v -28141.4300 -184233.6000 59492.7900
v -28141.5300 -184233.6000 59492.7900
v -28141.2200 -184233.6000 59492.7900
v -28141.3200 -184233.6000 59492.7900
v -28141.0100 -184233.6000 59492.7900
v -28141.1100 -184233.6000 59492.7900
v -28140.8000 -184233.6000 59492.7900
v -28140.9100 -184233.6000 59492.7900
v -28140.6000 -184233.6000 59492.8000
v -28140.7000 -184233.6000 59492.8000
v -28140.3900 -184233.6000 59492.8200
v -28140.4900 -184233.6000 59492.8100
v -28140.1900 -184233.6000 59492.8300
v -28140.2900 -184233.6000 59492.8200
v -28139.9800 -184233.6000 59492.8500
v -28140.0800 -184233.6000 59492.8400
v -28139.7800 -184233.6000 59492.8800
v -28139.8800 -184233.6000 59492.8600
v -28139.5700 -184233.6000 59492.9000
v -28139.6700 -184233.6000 59492.8900
v -28139.3700 -184233.6000 59492.9300
v -28139.4700 -184233.6000 59492.9200
v -28139.1600 -184233.6000 59492.9600
v -28139.2600 -184233.6000 59492.9500
v -28138.9600 -184233.6000 59493.0000
v -28139.0600 -184233.6000 59492.9800
v -28138.7600 -184233.6000 59493.0500
v -28138.8600 -184233.6000 59493.0200
v -28138.5500 -184233.6000 59493.0900
v -28138.6500 -184233.6000 59493.0700
v -28138.3500 -184233.6000 59493.1400
v -28138.4500 -184233.6000 59493.1100
v -28138.1500 -184233.6000 59493.1900
v -28138.2500 -184233.6000 59493.1600
v -28137.9600 -184233.6000 59493.2500
v -28138.0500 -184233.6000 59493.2200
v -28137.7600 -184233.6000 59493.3000
v -28137.8500 -184233.6000 59493.2700
v -28137.5600 -184233.6000 59493.3700
v -28137.6600 -184233.6000 59493.3400
v -28137.3600 -184233.6000 59493.4300
v -28137.4600 -184233.6000 59493.4000
v -28137.1700 -184233.6000 59493.5000
v -28137.2700 -184233.6000 59493.4600
v -28136.9700 -184233.6000 59493.5700
v -28137.0700 -184233.6000 59493.5400
v -28136.7800 -184233.6000 59493.6500
v -28136.8800 -184233.6000 59493.6100
v -28136.5900 -184233.6000 59493.7300
v -28136.6900 -184233.6000 59493.6900
v -28136.4000 -184233.6000 59493.8100
v -28136.5000 -184233.6000 59493.7700
v -28136.2100 -184233.6000 59493.8900
v -28136.3100 -184233.6000 59493.8600
v -28136.0300 -184233.6000 59493.9800
v -28136.1200 -184233.6000 59493.9400
v -28135.8400 -184233.6000 59494.0800
v -28135.9300 -184233.6000 59494.0300
v -28135.6600 -184233.6000 59494.1700
v -28135.7500 -184233.6000 59494.1200
v -28135.4800 -184233.6000 59494.2700
v -28135.5700 -184233.6000 59494.2200
v -28135.3000 -184233.6000 59494.3800
v -28135.3900 -184233.6000 59494.3200
v -28135.1200 -184233.6000 59494.4800
v -28135.2100 -184233.6000 59494.4300
v -28134.9400 -184233.6000 59494.5900
v -28135.0300 -184233.6000 59494.5300
v -28134.7700 -184233.6000 59494.7000
v -28134.8600 -184233.6000 59494.6400
v -28134.6000 -184233.6000 59494.8100
v -28134.6800 -184233.6000 59494.7500
v -28134.4300 -184233.6000 59494.9300
v -28134.5100 -184233.6000 59494.8700
v -28134.2600 -184233.6000 59495.0500
v -28134.3400 -184233.6000 59494.9900
v -28134.0900 -184233.6000 59495.1700
v -28134.1700 -184233.6000 59495.1100
v -28133.9300 -184233.6000 59495.3000
v -28134.0100 -184233.6000 59495.2300
v -28133.7700 -184233.6000 59495.4300
v -28133.8500 -184233.6000 59495.3600
v -28133.6100 -184233.6000 59495.5600
v -28133.6900 -184233.6000 59495.4900
v -28133.4500 -184233.6000 59495.6900
v -28133.5300 -184233.6000 59495.6200
v -28133.2900 -184233.6000 59495.8300
v -28133.3700 -184233.6000 59495.7600
v -28133.1400 -184233.6000 59495.9700
v -28133.2200 -184233.6000 59495.9000
v -28132.9900 -184233.6000 59496.1100
v -28133.0700 -184233.6000 59496.0400
v -28132.8500 -184233.6000 59496.2500
v -28132.9200 -184233.6000 59496.1800
v -28132.7000 -184233.6000 59496.4000
v -28132.7700 -184233.6000 59496.3300
v -28132.5600 -184233.6000 59496.5500
v -28132.6300 -184233.6000 59496.4800
v -28132.4200 -184233.6000 59496.7000
v -28132.4900 -184233.6000 59496.6300
v -28132.2800 -184233.6000 59496.8600
v -28132.3500 -184233.6000 59496.7900
v -28132.1500 -184233.6000 59497.0200
v -28132.2100 -184233.6000 59496.9400
v -28132.0200 -184233.6000 59497.1800
v -28132.0800 -184233.6000 59497.1000
v -28131.8900 -184233.6000 59497.3400
v -28131.9500 -184233.6000 59497.2600
v -28131.7600 -184233.6000 59497.5000
v -28131.8200 -184233.6000 59497.4200
v -28131.6400 -184233.6000 59497.6700
v -28131.7000 -184233.6000 59497.5900
v -28131.5200 -184233.6000 59497.8400
v -28131.5800 -184233.6000 59497.7500
v -28131.4000 -184233.6000 59498.0100
v -28131.4600 -184233.6000 59497.9200
v -28131.2900 -184233.6000 59498.1800
v -28131.3400 -184233.6000 59498.0900
v -28131.1800 -184233.6000 59498.3500
v -28131.2300 -184233.6000 59498.2700
v -28131.0700 -184233.6000 59498.5300
v -28131.1200 -184233.6000 59498.4400
v -28130.9600 -184233.6000 59498.7100
v -28131.0200 -184233.6000 59498.6200
v -28130.8600 -184233.6000 59498.8900
v -28130.9100 -184233.6000 59498.8000
v -28130.7600 -184233.6000 59499.0700
v -28130.8100 -184233.6000 59498.9800
v -28130.6700 -184233.6000 59499.2500
v -28130.7100 -184233.6000 59499.1600
v -28130.5800 -184233.6000 59499.4400
v -28130.6200 -184233.6000 59499.3500
v -28130.4900 -184233.6000 59499.6200
v -28130.5300 -184233.6000 59499.5300
v -28130.4000 -184233.6000 59499.8100
v -28130.4400 -184233.6000 59499.7200
v -28130.3200 -184233.6000 59500.0000
v -28130.3600 -184233.6000 59499.9100
v -28130.2400 -184233.6000 59500.1900
v -28130.2800 -184233.6000 59500.1000
v -28130.1600 -184233.6000 59500.3800
v -28130.2000 -184233.6000 59500.2900
v -28130.0900 -184233.6000 59500.5800
v -28130.1300 -184233.6000 59500.4800
v -28130.0200 -184233.6000 59500.7700
v -28130.0600 -184233.6000 59500.6800
v -28129.9600 -184233.6000 59500.9700
v -28129.9900 -184233.6000 59500.8700
v -28129.8900 -184233.6000 59501.1700
v -28129.9300 -184233.6000 59501.0700
v -28129.8400 -184233.6000 59501.3600
v -28129.8700 -184233.6000 59501.2700
v -28129.7800 -184233.6000 59501.5600
v -28129.8100 -184233.6000 59501.4600
v -28129.7300 -184233.6000 59501.7600
v -28129.7500 -184233.6000 59501.6600
v -28129.6800 -184233.6000 59501.9600
v -28129.7100 -184233.6000 59501.8700
v -28129.6300 -184233.6000 59502.1700
v -28129.6600 -184233.6000 59502.0700
v -28129.5900 -184233.6000 59502.3700
v -28129.6200 -184233.6000 59502.2700
v -28129.5600 -184233.6000 59502.5700
v -28129.5800 -184233.6000 59502.4700
v -28129.5200 -184233.6000 59502.7800
v -28129.5400 -184233.6000 59502.6800
v -28129.4900 -184233.6000 59502.9800
v -28129.5100 -184233.6000 59502.8800
v -28129.4600 -184233.6000 59503.1800
v -28129.4800 -184233.6000 59503.0900
v -28129.4400 -184233.6000 59503.3900
v -28129.4500 -184233.6000 59503.2900
v -28129.4200 -184233.6000 59503.6000
v -28129.4300 -184233.6000 59503.5000
v -28129.4100 -184233.6000 59503.8000
v -28129.4100 -184233.6000 59503.7000
v -28129.3900 -184233.6000 59504.0100
v -28129.4000 -184233.6000 59503.9100
v -28129.3800 -184233.6000 59504.2100
v -28129.3900 -184233.6000 59504.1100
v -28129.3800 -184233.6000 59504.4200
v -28129.3800 -184233.6000 59504.3200
v -28129.3800 -184233.6000 59504.6300
v -28129.3800 -184233.6000 59504.5300
v -28129.3800 -184233.6000 59504.8400
v -28129.3800 -184233.6000 59504.7300
v -28129.3800 -184233.6000 59505.0400
v -28129.3800 -184233.6000 59504.9400
v -28129.3900 -184233.6000 59505.2500
v -28129.3900 -184233.6000 59505.1500
v -28129.4100 -184233.6000 59505.4500
v -28129.4000 -184233.6000 59505.3500
v -28129.4200 -184233.6000 59505.6600
v -28129.4100 -184233.6000 59505.5600
v -28129.4400 -184233.6000 59505.8700
v -28129.4300 -184233.6000 59505.7700
v -28129.4600 -184233.6000 59506.0700
v -28129.4500 -184233.6000 59505.9700
v -28129.4900 -184233.6000 59506.2800
v -28129.4800 -184233.6000 59506.1800
v -28129.5200 -184233.6000 59506.4800
v -28129.5100 -184233.6000 59506.3800
v -28129.5600 -184233.6000 59506.6800
v -28129.5400 -184233.6000 59506.5900
v -28129.5900 -184233.6000 59506.8900
v -28129.5800 -184233.6000 59506.7900
v -28129.6300 -184233.6000 59507.0900
v -28129.6200 -184233.6000 59506.9900
v -28129.6800 -184233.6000 59507.2900
v -28129.6600 -184233.6000 59507.1900
v -28129.7300 -184233.6000 59507.4900
v -28129.7100 -184233.6000 59507.3900
v -28129.7800 -184233.6000 59507.7000
v -28129.7500 -184233.6000 59507.5900
v -28129.8400 -184233.6000 59507.8900
v -28129.8100 -184233.6000 59507.7900
v -28129.8900 -184233.6000 59508.0900
v -28129.8700 -184233.6000 59507.9900
v -28129.9600 -184233.6000 59508.2900
v -28129.9300 -184233.6000 59508.1900
v -28130.0200 -184233.6000 59508.4800
v -28129.9900 -184233.6000 59508.3900
v -28130.0900 -184233.6000 59508.6800
v -28130.0600 -184233.6000 59508.5800
v -28130.1600 -184233.6000 59508.8700
v -28130.1300 -184233.6000 59508.7800
v -28130.2400 -184233.6000 59509.0700
v -28130.2000 -184233.6000 59508.9700
v -28130.3200 -184233.6000 59509.2500
v -28130.2800 -184233.6000 59509.1600
v -28130.4000 -184233.6000 59509.4500
v -28130.3600 -184233.6000 59509.3500
v -28130.4900 -184233.6000 59509.6300
v -28130.4400 -184233.6000 59509.5400
v -28130.5800 -184233.6000 59509.8200
v -28130.5300 -184233.6000 59509.7300
v -28130.6700 -184233.6000 59510.0000
v -28130.6200 -184233.6000 59509.9100
v -28130.7600 -184233.6000 59510.1900
v -28130.7100 -184233.6000 59510.1000
v -28130.8600 -184233.6000 59510.3700
v -28130.8100 -184233.6000 59510.2800
v -28130.9600 -184233.6000 59510.5500
v -28130.9100 -184233.6000 59510.4600
v -28131.0700 -184233.6000 59510.7300
v -28131.0200 -184233.6000 59510.6400
v -28131.1800 -184233.6000 59510.9000
v -28131.1200 -184233.6000 59510.8200
v -28131.2900 -184233.6000 59511.0800
v -28131.2300 -184233.6000 59510.9900
v -28131.4000 -184233.6000 59511.2500
v -28131.3500 -184233.6000 59511.1600
v -28131.5200 -184233.6000 59511.4200
v -28131.4600 -184233.6000 59511.3400
v -28131.6400 -184233.6000 59511.5900
v -28131.5800 -184233.6000 59511.5100
v -28131.7600 -184233.6000 59511.7500
v -28131.7000 -184233.6000 59511.6700
v -28131.8900 -184233.6000 59511.9200
v -28131.8200 -184233.6000 59511.8400
v -28132.0200 -184233.6000 59512.0800
v -28131.9500 -184233.6000 59512.0000
v -28132.1500 -184233.6000 59512.2400
v -28132.0800 -184233.6000 59512.1600
v -28132.2800 -184233.6000 59512.4000
v -28132.2100 -184233.6000 59512.3200
v -28132.4200 -184233.6000 59512.5500
v -28132.3500 -184233.6000 59512.4800
v -28132.5600 -184233.6000 59512.7000
v -28132.4900 -184233.6000 59512.6300
v -28132.7000 -184233.6000 59512.8600
v -28132.6300 -184233.6000 59512.7800
v -28132.8500 -184233.6000 59513.0000
v -28132.7700 -184233.6000 59512.9300
v -28132.9900 -184233.6000 59513.1500
v -28132.9200 -184233.6000 59513.0700
v -28133.1400 -184233.6000 59513.2900
v -28133.0700 -184233.6000 59513.2200
v -28133.2900 -184233.6000 59513.4300
v -28133.2200 -184233.6000 59513.3600
v -28133.4500 -184233.6000 59513.5700
v -28133.3700 -184233.6000 59513.5000
v -28133.6100 -184233.6000 59513.7000
v -28133.5300 -184233.6000 59513.6300
v -28133.7700 -184233.6000 59513.8300
v -28133.6900 -184233.6000 59513.7700
v -28133.9300 -184233.6000 59513.9600
v -28133.8500 -184233.6000 59513.9000
v -28134.0900 -184233.6000 59514.0900
v -28134.0100 -184233.6000 59514.0200
v -28134.2600 -184233.6000 59514.2100
v -28134.1800 -184233.6000 59514.1500
v -28134.4300 -184233.6000 59514.3300
v -28134.3400 -184233.6000 59514.2700
v -28134.6000 -184233.6000 59514.4500
v -28134.5100 -184233.6000 59514.3900
v -28134.7700 -184233.6000 59514.5600
v -28134.6800 -184233.6000 59514.5000
v -28134.9400 -184233.6000 59514.6700
v -28134.8600 -184233.6000 59514.6200
v -28135.1200 -184233.6000 59514.7800
v -28135.0300 -184233.6000 59514.7300
v -28135.3000 -184233.6000 59514.8800
v -28135.2100 -184233.6000 59514.8300
v -28135.4800 -184233.6000 59514.9800
v -28135.3900 -184233.6000 59514.9400
v -28135.6600 -184233.6000 59515.0900
v -28135.5700 -184233.6000 59515.0400
v -28135.8400 -184233.6000 59515.1800
v -28135.7500 -184233.6000 59515.1300
v -28136.0300 -184233.6000 59515.2700
v -28135.9400 -184233.6000 59515.2300
v -28136.2100 -184233.6000 59515.3600
v -28136.1200 -184233.6000 59515.3200
v -28136.4000 -184233.6000 59515.4500
v -28136.3100 -184233.6000 59515.4100
v -28136.5900 -184233.6000 59515.5300
v -28136.5000 -184233.6000 59515.4900
v -28136.7800 -184233.6000 59515.6100
v -28136.6900 -184233.6000 59515.5700
v -28136.9700 -184233.6000 59515.6800
v -28136.8800 -184233.6000 59515.6500
v -28137.1700 -184233.6000 59515.7600
v -28137.0700 -184233.6000 59515.7200
v -28137.3600 -184233.6000 59515.8200
v -28137.2700 -184233.6000 59515.7900
v -28137.5600 -184233.6000 59515.8900
v -28137.4600 -184233.6000 59515.8600
v -28137.7600 -184233.6000 59515.9500
v -28137.6600 -184233.6000 59515.9200
v -28137.9600 -184233.6000 59516.0100
v -28137.8600 -184233.6000 59515.9800
v -28138.1500 -184233.6000 59516.0700
v -28138.0500 -184233.6000 59516.0400
v -28138.3500 -184233.6000 59516.1200
v -28138.2600 -184233.6000 59516.0900
v -28138.5500 -184233.6000 59516.1700
v -28138.4600 -184233.6000 59516.1400
v -28138.7600 -184233.6000 59516.2100
v -28138.6600 -184233.6000 59516.1900
v -28138.9600 -184233.6000 59516.2500
v -28138.8600 -184233.6000 59516.2300
v -28139.1600 -184233.6000 59516.2900
v -28139.0600 -184233.6000 59516.2700
v -28139.3700 -184233.6000 59516.3200
v -28139.2700 -184233.6000 59516.3100
v -28139.5700 -184233.6000 59516.3600
v -28139.4700 -184233.6000 59516.3400
v -28139.7800 -184233.6000 59516.3800
v -28139.6700 -184233.6000 59516.3700
v -28139.9800 -184233.6000 59516.4100
v -28139.8800 -184233.6000 59516.3900
v -28140.1900 -184233.6000 59516.4300
v -28140.0800 -184233.6000 59516.4100
v -28140.3900 -184233.6000 59516.4400
v -28140.2900 -184233.6000 59516.4300
v -28140.6000 -184233.6000 59516.4500
v -28140.5000 -184233.6000 59516.4500
v -28140.8000 -184233.6000 59516.4600
v -28140.7000 -184233.6000 59516.4600
v -28141.0100 -184233.6000 59516.4700
v -28140.9100 -184233.6000 59516.4600
v -28141.2200 -184233.6000 59516.4700
v -28141.1200 -184233.6000 59516.4700
v -28141.4300 -184233.6000 59516.4700
v -28141.3200 -184233.6000 59516.4700
v -28141.6300 -184233.6000 59516.4600
v -28141.5300 -184233.6000 59516.4600
v -28141.8400 -184233.6000 59516.4500
v -28141.7400 -184233.6000 59516.4600
v -28142.0400 -184233.6000 59516.4400
v -28141.9400 -184233.6000 59516.4500
v -28142.2500 -184233.6000 59516.4300
v -28142.1500 -184233.6000 59516.4300
v -28142.4600 -184233.6000 59516.4100
v -28142.3600 -184233.6000 59516.4100
v -28142.6600 -184233.6000 59516.3800
v -28142.5600 -184233.6000 59516.3900
v -28142.8700 -184233.6000 59516.3600
v -28142.7700 -184233.6000 59516.3700
v -28143.0700 -184233.6000 59516.3200
v -28142.9700 -184233.6000 59516.3400
v -28143.2800 -184233.6000 59516.2900
v -28143.1700 -184233.6000 59516.3100
v -28143.4800 -184233.6000 59516.2500
v -28143.3800 -184233.6000 59516.2700
v -28143.6800 -184233.6000 59516.2100
v -28143.5800 -184233.6000 59516.2300
v -28143.8800 -184233.6000 59516.1700
v -28143.7800 -184233.6000 59516.1900
v -28144.0800 -184233.6000 59516.1200
v -28143.9800 -184233.6000 59516.1400
v -28144.2800 -184233.6000 59516.0700
v -28144.1900 -184233.6000 59516.0900
v -28144.4800 -184233.6000 59516.0100
v -28144.3800 -184233.6000 59516.0400
v -28144.6800 -184233.6000 59515.9500
v -28144.5800 -184233.6000 59515.9800
v -28144.8800 -184233.6000 59515.8900
v -28144.7800 -184233.6000 59515.9200
v -28145.0700 -184233.6000 59515.8200
v -28144.9800 -184233.6000 59515.8600
v -28145.2700 -184233.6000 59515.7600
v -28145.1700 -184233.6000 59515.7900
v -28145.4600 -184233.6000 59515.6800
v -28145.3700 -184233.6000 59515.7200
v -28145.6500 -184233.6000 59515.6100
v -28145.5600 -184233.6000 59515.6400
v -28145.8500 -184233.6000 59515.5300
v -28145.7500 -184233.6000 59515.5700
v -28146.0400 -184233.6000 59515.4500
v -28145.9400 -184233.6000 59515.4900
v -28146.2200 -184233.6000 59515.3600
v -28146.1300 -184233.6000 59515.4000
v -28146.4100 -184233.6000 59515.2700
v -28146.3200 -184233.6000 59515.3200
v -28146.6000 -184233.6000 59515.1800
v -28146.5000 -184233.6000 59515.2300
v -28146.7800 -184233.6000 59515.0900
v -28146.6900 -184233.6000 59515.1300
v -28146.9600 -184233.6000 59514.9800
v -28146.8700 -184233.6000 59515.0400
v -28147.1400 -184233.6000 59514.8800
v -28147.0500 -184233.6000 59514.9300
v -28147.3200 -184233.6000 59514.7800
v -28147.2300 -184233.6000 59514.8300
v -28147.4900 -184233.6000 59514.6700
v -28147.4100 -184233.6000 59514.7200
v -28147.6700 -184233.6000 59514.5600
v -28147.5800 -184233.6000 59514.6100
v -28147.8400 -184233.6000 59514.4500
v -28147.7600 -184233.6000 59514.5000
v -28148.0100 -184233.6000 59514.3300
v -28147.9300 -184233.6000 59514.3900
v -28148.1800 -184233.6000 59514.2100
v -28148.1000 -184233.6000 59514.2700
v -28148.3500 -184233.6000 59514.0900
v -28148.2600 -184233.6000 59514.1400
v -28148.5100 -184233.6000 59513.9600
v -28148.4300 -184233.6000 59514.0200
v -28148.6700 -184233.6000 59513.8300
v -28148.5900 -184233.6000 59513.8900
v -28148.8300 -184233.6000 59513.7000
v -28148.7500 -184233.6000 59513.7700
v -28148.9900 -184233.6000 59513.5700
v -28148.9100 -184233.6000 59513.6300
v -28149.1400 -184233.6000 59513.4300
v -28149.0700 -184233.6000 59513.5000
v -28149.2900 -184233.6000 59513.2900
v -28149.2200 -184233.6000 59513.3600
v -28149.4500 -184233.6000 59513.1500
v -28149.3700 -184233.6000 59513.2200
v -28149.5900 -184233.6000 59513.0000
v -28149.5200 -184233.6000 59513.0700
v -28149.7400 -184233.6000 59512.8600
v -28149.6700 -184233.6000 59512.9300
v -28149.8800 -184233.6000 59512.7000
v -28149.8100 -184233.6000 59512.7800
v -28150.0200 -184233.6000 59512.5500
v -28149.9500 -184233.6000 59512.6300
v -28150.1600 -184233.6000 59512.4000
v -28150.0900 -184233.6000 59512.4700
v -28150.2900 -184233.6000 59512.2400
v -28150.2200 -184233.6000 59512.3200
v -28150.4200 -184233.6000 59512.0800
v -28150.3600 -184233.6000 59512.1600
v -28150.5500 -184233.6000 59511.9200
v -28150.4900 -184233.6000 59512.0000
v -28150.6800 -184233.6000 59511.7500
v -28150.6100 -184233.6000 59511.8400
v -28150.8000 -184233.6000 59511.5900
v -28150.7400 -184233.6000 59511.6700
v -28150.9200 -184233.6000 59511.4200
v -28150.8600 -184233.6000 59511.5000
v -28151.0400 -184233.6000 59511.2500
v -28150.9800 -184233.6000 59511.3400
v -28151.1500 -184233.6000 59511.0800
v -28151.0900 -184233.6000 59511.1600
v -28151.2600 -184233.6000 59510.9000
v -28151.2100 -184233.6000 59510.9900
v -28151.3700 -184233.6000 59510.7300
v -28151.3200 -184233.6000 59510.8100
v -28151.4700 -184233.6000 59510.5500
v -28151.4200 -184233.6000 59510.6400
v -28151.5800 -184233.6000 59510.3700
v -28151.5300 -184233.6000 59510.4600
v -28151.6700 -184233.6000 59510.1900
v -28151.6200 -184233.6000 59510.2800
v -28151.7700 -184233.6000 59510.0000
v -28151.7200 -184233.6000 59510.0900
v -28151.8600 -184233.6000 59509.8200
v -28151.8200 -184233.6000 59509.9100
v -28151.9500 -184233.6000 59509.6300
v -28151.9100 -184233.6000 59509.7300
v -28152.0400 -184233.6000 59509.4500
v -28151.9900 -184233.6000 59509.5400
v -28152.1200 -184233.6000 59509.2500
v -28152.0800 -184233.6000 59509.3500
v -28152.2000 -184233.6000 59509.0700
v -28152.1600 -184233.6000 59509.1600
v -28152.2700 -184233.6000 59508.8700
v -28152.2400 -184233.6000 59508.9700
v -28152.3500 -184233.6000 59508.6800
v -28152.3100 -184233.6000 59508.7700
v -28152.4200 -184233.6000 59508.4800
v -28152.3800 -184233.6000 59508.5800
v -28152.4800 -184233.6000 59508.2900
v -28152.4500 -184233.6000 59508.3800
v -28152.5400 -184233.6000 59508.0900
v -28152.5100 -184233.6000 59508.1900
v -28152.6000 -184233.6000 59507.8900
v -28152.5700 -184233.6000 59507.9900
v -28152.6600 -184233.6000 59507.7000
v -28152.6300 -184233.6000 59507.7900
v -28152.7100 -184233.6000 59507.4900
v -28152.6800 -184233.6000 59507.5900
v -28152.7600 -184233.6000 59507.2900
v -28152.7300 -184233.6000 59507.3900
v -28152.8000 -184233.6000 59507.0900
v -28152.7800 -184233.6000 59507.1900
v -28152.8400 -184233.6000 59506.8900
v -28152.8200 -184233.6000 59506.9900
v -28152.8800 -184233.6000 59506.6800
v -28152.8600 -184233.6000 59506.7900
v -28152.9100 -184233.6000 59506.4800
v -28152.9000 -184233.6000 59506.5800
v -28152.9500 -184233.6000 59506.2800
v -28152.9300 -184233.6000 59506.3800
v -28152.9700 -184233.6000 59506.0700
v -28152.9600 -184233.6000 59506.1700
v -28153.0000 -184233.6000 59505.8700
v -28152.9800 -184233.6000 59505.9700
v -28153.0200 -184233.6000 59505.6600
v -28153.0100 -184233.6000 59505.7600
v -28153.0300 -184233.6000 59505.4500
v -28153.0200 -184233.6000 59505.5500
v -28153.0400 -184233.6000 59505.2500
v -28153.0400 -184233.6000 59505.3500
v -28153.0500 -184233.6000 59505.0400
v -28153.0500 -184233.6000 59505.1400
v -28153.0600 -184233.6000 59504.8400
v -28153.0600 -184233.6000 59504.9400
v -28153.0600 -184233.6000 59504.7300
v -28153.2300 -184272.6000 59504.6300
v -28149.7600 -184272.6000 59496.2500
v -28141.3900 -184272.6000 59492.7900
v -28133.0200 -184272.6000 59496.2500
v -28129.5500 -184272.6000 59504.6300
v -28133.0200 -184272.6000 59513.0000
v -28141.3900 -184272.6000 59516.4700
v -28149.7600 -184272.6000 59513.0000
v -27049.7900 -184312.5000 59504.6300
v -27049.7900 -184312.5000 59504.8400
v -27049.7900 -184312.5000 59504.7300
v -27049.7800 -184312.5000 59505.0400
v -27049.7800 -184312.5000 59504.9400
v -27049.7700 -184312.5000 59505.2500
v -27049.7800 -184312.5000 59505.1500
v -27049.7600 -184312.5000 59505.4500
v -27049.7600 -184312.5000 59505.3500
v -27049.7400 -184312.5000 59505.6600
v -27049.7500 -184312.5000 59505.5600
v -27049.7200 -184312.5000 59505.8700
v -27049.7300 -184312.5000 59505.7700
v -27049.7000 -184312.5000 59506.0700
v -27049.7100 -184312.5000 59505.9700
v -27049.6700 -184312.5000 59506.2800
v -27049.6800 -184312.5000 59506.1800
v -27049.6400 -184312.5000 59506.4800
v -27049.6600 -184312.5000 59506.3800
v -27049.6100 -184312.5000 59506.6800
v -27049.6200 -184312.5000 59506.5900
v -27049.5700 -184312.5000 59506.8900
v -27049.5900 -184312.5000 59506.7900
v -27049.5300 -184312.5000 59507.0900
v -27049.5500 -184312.5000 59506.9900
v -27049.4800 -184312.5000 59507.2900
v -27049.5000 -184312.5000 59507.1900
v -27049.4300 -184312.5000 59507.4900
v -27049.4600 -184312.5000 59507.3900
v -27049.3800 -184312.5000 59507.7000
v -27049.4100 -184312.5000 59507.5900
v -27049.3300 -184312.5000 59507.8900
v -27049.3600 -184312.5000 59507.7900
v -27049.2700 -184312.5000 59508.0900
v -27049.3000 -184312.5000 59507.9900
v -27049.2100 -184312.5000 59508.2900
v -27049.2400 -184312.5000 59508.1900
v -27049.1400 -184312.5000 59508.4800
v -27049.1700 -184312.5000 59508.3900
v -27049.0700 -184312.5000 59508.6800
v -27049.1100 -184312.5000 59508.5800
v -27049.0000 -184312.5000 59508.8700
v -27049.0400 -184312.5000 59508.7800
v -27048.9200 -184312.5000 59509.0700
v -27048.9600 -184312.5000 59508.9700
v -27048.8500 -184312.5000 59509.2500
v -27048.8800 -184312.5000 59509.1600
v -27048.7600 -184312.5000 59509.4500
v -27048.8000 -184312.5000 59509.3500
v -27048.6800 -184312.5000 59509.6300
v -27048.7200 -184312.5000 59509.5400
v -27048.5900 -184312.5000 59509.8200
v -27048.6300 -184312.5000 59509.7300
v -27048.5000 -184312.5000 59510.0000
v -27048.5400 -184312.5000 59509.9100
v -27048.4000 -184312.5000 59510.1900
v -27048.4500 -184312.5000 59510.1000
v -27048.3000 -184312.5000 59510.3700
v -27048.3500 -184312.5000 59510.2800
v -27048.2000 -184312.5000 59510.5500
v -27048.2500 -184312.5000 59510.4600
v -27048.1000 -184312.5000 59510.7300
v -27048.1500 -184312.5000 59510.6400
v -27047.9900 -184312.5000 59510.9000
v -27048.0400 -184312.5000 59510.8200
v -27047.8800 -184312.5000 59511.0800
v -27047.9300 -184312.5000 59510.9900
v -27047.7600 -184312.5000 59511.2500
v -27047.8200 -184312.5000 59511.1600
v -27047.6400 -184312.5000 59511.4200
v -27047.7000 -184312.5000 59511.3400
v -27047.5300 -184312.5000 59511.5900
v -27047.5800 -184312.5000 59511.5100
v -27047.4000 -184312.5000 59511.7500
v -27047.4600 -184312.5000 59511.6700
v -27047.2800 -184312.5000 59511.9200
v -27047.3400 -184312.5000 59511.8400
v -27047.1500 -184312.5000 59512.0800
v -27047.2100 -184312.5000 59512.0000
v -27047.0200 -184312.5000 59512.2400
v -27047.0800 -184312.5000 59512.1600
v -27046.8800 -184312.5000 59512.4000
v -27046.9500 -184312.5000 59512.3200
v -27046.7400 -184312.5000 59512.5500
v -27046.8100 -184312.5000 59512.4800
v -27046.6100 -184312.5000 59512.7000
v -27046.6700 -184312.5000 59512.6300
v -27046.4600 -184312.5000 59512.8600
v -27046.5300 -184312.5000 59512.7800
v -27046.3200 -184312.5000 59513.0000
v -27046.3900 -184312.5000 59512.9300
v -27046.1700 -184312.5000 59513.1500
v -27046.2400 -184312.5000 59513.0700
v -27046.0200 -184312.5000 59513.2900
v -27046.0900 -184312.5000 59513.2200
v -27045.8700 -184312.5000 59513.4300
v -27045.9400 -184312.5000 59513.3600
v -27045.7100 -184312.5000 59513.5700
v -27045.7900 -184312.5000 59513.5000
v -27045.5600 -184312.5000 59513.7000
v -27045.6300 -184312.5000 59513.6300
v -27045.4000 -184312.5000 59513.8300
v -27045.4700 -184312.5000 59513.7700
v -27045.2300 -184312.5000 59513.9600
v -27045.3100 -184312.5000 59513.9000
v -27045.0700 -184312.5000 59514.0900
v -27045.1500 -184312.5000 59514.0200
v -27044.9000 -184312.5000 59514.2100
v -27044.9900 -184312.5000 59514.1500
v -27044.7400 -184312.5000 59514.3300
v -27044.8200 -184312.5000 59514.2700
v -27044.5700 -184312.5000 59514.4500
v -27044.6500 -184312.5000 59514.3900
v -27044.3900 -184312.5000 59514.5600
v -27044.4800 -184312.5000 59514.5000
v -27044.2200 -184312.5000 59514.6700
v -27044.3100 -184312.5000 59514.6200
v -27044.0400 -184312.5000 59514.7800
v -27044.1300 -184312.5000 59514.7300
v -27043.8700 -184312.5000 59514.8800
v -27043.9500 -184312.5000 59514.8300
v -27043.6900 -184312.5000 59514.9800
v -27043.7700 -184312.5000 59514.9400
v -27043.5000 -184312.5000 59515.0900
v -27043.5900 -184312.5000 59515.0400
v -27043.3200 -184312.5000 59515.1800
v -27043.4100 -184312.5000 59515.1300
v -27043.1300 -184312.5000 59515.2700
v -27043.2300 -184312.5000 59515.2300
v -27042.9500 -184312.5000 59515.3600
v -27043.0400 -184312.5000 59515.3200
v -27042.7600 -184312.5000 59515.4500
v -27042.8500 -184312.5000 59515.4100
v -27042.5700 -184312.5000 59515.5300
v -27042.6600 -184312.5000 59515.4900
v -27042.3800 -184312.5000 59515.6100
v -27042.4700 -184312.5000 59515.5700
v -27042.1900 -184312.5000 59515.6800
v -27042.2800 -184312.5000 59515.6500
v -27041.9900 -184312.5000 59515.7600
v -27042.0900 -184312.5000 59515.7200
v -27041.8000 -184312.5000 59515.8200
v -27041.9000 -184312.5000 59515.7900
v -27041.6000 -184312.5000 59515.8900
v -27041.7000 -184312.5000 59515.8600
v -27041.4100 -184312.5000 59515.9500
v -27041.5000 -184312.5000 59515.9200
v -27041.2100 -184312.5000 59516.0100
v -27041.3100 -184312.5000 59515.9800
v -27041.0100 -184312.5000 59516.0700
v -27041.1100 -184312.5000 59516.0400
v -27040.8100 -184312.5000 59516.1200
v -27040.9100 -184312.5000 59516.0900
v -27040.6100 -184312.5000 59516.1700
v -27040.7100 -184312.5000 59516.1400
v -27040.4100 -184312.5000 59516.2100
v -27040.5100 -184312.5000 59516.1900
v -27040.2000 -184312.5000 59516.2500
v -27040.3000 -184312.5000 59516.2300
v -27040.0000 -184312.5000 59516.2900
v -27040.1000 -184312.5000 59516.2700
v -27039.8000 -184312.5000 59516.3200
v -27039.9000 -184312.5000 59516.3100
v -27039.5900 -184312.5000 59516.3600
v -27039.6900 -184312.5000 59516.3400
v -27039.3900 -184312.5000 59516.3800
v -27039.4900 -184312.5000 59516.3700
v -27039.1800 -184312.5000 59516.4100
v -27039.2800 -184312.5000 59516.3900
v -27038.9800 -184312.5000 59516.4300
v -27039.0800 -184312.5000 59516.4100
v -27038.7700 -184312.5000 59516.4400
v -27038.8700 -184312.5000 59516.4300
v -27038.5600 -184312.5000 59516.4500
v -27038.6700 -184312.5000 59516.4500
v -27038.3600 -184312.5000 59516.4600
v -27038.4600 -184312.5000 59516.4600
v -27038.1500 -184312.5000 59516.4700
v -27038.2500 -184312.5000 59516.4600
v -27037.9400 -184312.5000 59516.4700
v -27038.0500 -184312.5000 59516.4700
v -27037.7400 -184312.5000 59516.4700
v -27037.8400 -184312.5000 59516.4700
v -27037.5300 -184312.5000 59516.4600
v -27037.6300 -184312.5000 59516.4600
v -27037.3200 -184312.5000 59516.4500
v -27037.4300 -184312.5000 59516.4600
v -27037.1200 -184312.5000 59516.4400
v -27037.2200 -184312.5000 59516.4500
v -27036.9100 -184312.5000 59516.4300
v -27037.0100 -184312.5000 59516.4300
v -27036.7100 -184312.5000 59516.4100
v -27036.8100 -184312.5000 59516.4100
v -27036.5000 -184312.5000 59516.3800
v -27036.6000 -184312.5000 59516.3900
v -27036.3000 -184312.5000 59516.3600
v -27036.4000 -184312.5000 59516.3700
v -27036.0900 -184312.5000 59516.3200
v -27036.1900 -184312.5000 59516.3400
v -27035.8900 -184312.5000 59516.2900
v -27035.9900 -184312.5000 59516.3100
v -27035.6900 -184312.5000 59516.2500
v -27035.7900 -184312.5000 59516.2700
v -27035.4800 -184312.5000 59516.2100
v -27035.5800 -184312.5000 59516.2300
v -27035.2800 -184312.5000 59516.1700
v -27035.3800 -184312.5000 59516.1900
v -27035.0800 -184312.5000 59516.1200
v -27035.1800 -184312.5000 59516.1400
v -27034.8800 -184312.5000 59516.0700
v -27034.9800 -184312.5000 59516.0900
v -27034.6800 -184312.5000 59516.0100
v -27034.7800 -184312.5000 59516.0400
v -27034.4800 -184312.5000 59515.9500
v -27034.5800 -184312.5000 59515.9800
v -27034.2900 -184312.5000 59515.8900
v -27034.3800 -184312.5000 59515.9200
v -27034.0900 -184312.5000 59515.8200
v -27034.1900 -184312.5000 59515.8600
v -27033.8900 -184312.5000 59515.7600
v -27033.9900 -184312.5000 59515.7900
v -27033.7000 -184312.5000 59515.6800
v -27033.8000 -184312.5000 59515.7200
v -27033.5100 -184312.5000 59515.6100
v -27033.6000 -184312.5000 59515.6400
v -27033.3200 -184312.5000 59515.5300
v -27033.4100 -184312.5000 59515.5700
v -27033.1300 -184312.5000 59515.4500
v -27033.2200 -184312.5000 59515.4900
v -27032.9400 -184312.5000 59515.3600
v -27033.0300 -184312.5000 59515.4000
v -27032.7500 -184312.5000 59515.2700
v -27032.8500 -184312.5000 59515.3200
v -27032.5700 -184312.5000 59515.1800
v -27032.6600 -184312.5000 59515.2300
v -27032.3800 -184312.5000 59515.0900
v -27032.4700 -184312.5000 59515.1300
v -27032.2000 -184312.5000 59514.9800
v -27032.2900 -184312.5000 59515.0400
v -27032.0200 -184312.5000 59514.8800
v -27032.1100 -184312.5000 59514.9300
v -27031.8500 -184312.5000 59514.7800
v -27031.9300 -184312.5000 59514.8300
v -27031.6700 -184312.5000 59514.6700
v -27031.7600 -184312.5000 59514.7200
v -27031.4900 -184312.5000 59514.5600
v -27031.5800 -184312.5000 59514.6100
v -27031.3200 -184312.5000 59514.4500
v -27031.4100 -184312.5000 59514.5000
v -27031.1500 -184312.5000 59514.3300
v -27031.2400 -184312.5000 59514.3900
v -27030.9800 -184312.5000 59514.2100
v -27031.0700 -184312.5000 59514.2700
v -27030.8200 -184312.5000 59514.0900
v -27030.9000 -184312.5000 59514.1400
v -27030.6500 -184312.5000 59513.9600
v -27030.7300 -184312.5000 59514.0200
v -27030.4900 -184312.5000 59513.8300
v -27030.5700 -184312.5000 59513.8900
v -27030.3300 -184312.5000 59513.7000
v -27030.4100 -184312.5000 59513.7700
v -27030.1800 -184312.5000 59513.5700
v -27030.2500 -184312.5000 59513.6300
v -27030.0200 -184312.5000 59513.4300
v -27030.1000 -184312.5000 59513.5000
v -27029.8700 -184312.5000 59513.2900
v -27029.9400 -184312.5000 59513.3600
v -27029.7200 -184312.5000 59513.1500
v -27029.7900 -184312.5000 59513.2200
v -27029.5700 -184312.5000 59513.0000
v -27029.6400 -184312.5000 59513.0700
v -27029.4300 -184312.5000 59512.8600
v -27029.5000 -184312.5000 59512.9300
v -27029.2800 -184312.5000 59512.7000
v -27029.3500 -184312.5000 59512.7800
v -27029.1400 -184312.5000 59512.5500
v -27029.2100 -184312.5000 59512.6300
v -27029.0100 -184312.5000 59512.4000
v -27029.0700 -184312.5000 59512.4700
v -27028.8700 -184312.5000 59512.2400
v -27028.9400 -184312.5000 59512.3200
v -27028.7400 -184312.5000 59512.0800
v -27028.8100 -184312.5000 59512.1600
v -27028.6100 -184312.5000 59511.9200
v -27028.6800 -184312.5000 59512.0000
v -27028.4900 -184312.5000 59511.7500
v -27028.5500 -184312.5000 59511.8400
v -27028.3600 -184312.5000 59511.5900
v -27028.4200 -184312.5000 59511.6700
v -27028.2400 -184312.5000 59511.4200
v -27028.3000 -184312.5000 59511.5000
v -27028.1300 -184312.5000 59511.2500
v -27028.1900 -184312.5000 59511.3400
v -27028.0100 -184312.5000 59511.0800
v -27028.0700 -184312.5000 59511.1600
v -27027.9000 -184312.5000 59510.9000
v -27027.9600 -184312.5000 59510.9900
v -27027.7900 -184312.5000 59510.7300
v -27027.8500 -184312.5000 59510.8100
v -27027.6900 -184312.5000 59510.5500
v -27027.7400 -184312.5000 59510.6400
v -27027.5900 -184312.5000 59510.3700
v -27027.6400 -184312.5000 59510.4600
v -27027.4900 -184312.5000 59510.1900
v -27027.5400 -184312.5000 59510.2800
v -27027.3900 -184312.5000 59510.0000
v -27027.4400 -184312.5000 59510.0900
v -27027.3000 -184312.5000 59509.8200
v -27027.3500 -184312.5000 59509.9100
v -27027.2100 -184312.5000 59509.6300
v -27027.2600 -184312.5000 59509.7300
v -27027.1300 -184312.5000 59509.4500
v -27027.1700 -184312.5000 59509.5400
v -27027.0400 -184312.5000 59509.2500
v -27027.0800 -184312.5000 59509.3500
v -27026.9600 -184312.5000 59509.0700
v -27027.0000 -184312.5000 59509.1600
v -27026.8900 -184312.5000 59508.8700
v -27026.9300 -184312.5000 59508.9700
v -27026.8200 -184312.5000 59508.6800
v -27026.8500 -184312.5000 59508.7700
v -27026.7500 -184312.5000 59508.4800
v -27026.7800 -184312.5000 59508.5800
v -27026.6800 -184312.5000 59508.2900
v -27026.7100 -184312.5000 59508.3800
v -27026.6200 -184312.5000 59508.0900
v -27026.6500 -184312.5000 59508.1900
v -27026.5600 -184312.5000 59507.8900
v -27026.5900 -184312.5000 59507.9900
v -27026.5100 -184312.5000 59507.7000
v -27026.5300 -184312.5000 59507.7900
v -27026.4600 -184312.5000 59507.4900
v -27026.4800 -184312.5000 59507.5900
v -27026.4100 -184312.5000 59507.2900
v -27026.4300 -184312.5000 59507.3900
v -27026.3600 -184312.5000 59507.0900
v -27026.3800 -184312.5000 59507.1900
v -27026.3200 -184312.5000 59506.8900
v -27026.3400 -184312.5000 59506.9900
v -27026.2800 -184312.5000 59506.6800
v -27026.3000 -184312.5000 59506.7900
v -27026.2500 -184312.5000 59506.4800
v -27026.2700 -184312.5000 59506.5800
v -27026.2200 -184312.5000 59506.2800
v -27026.2300 -184312.5000 59506.3800
v -27026.1900 -184312.5000 59506.0700
v -27026.2000 -184312.5000 59506.1700
v -27026.1700 -184312.5000 59505.8700
v -27026.1800 -184312.5000 59505.9700
v -27026.1500 -184312.5000 59505.6600
v -27026.1600 -184312.5000 59505.7600
v -27026.1300 -184312.5000 59505.4500
v -27026.1400 -184312.5000 59505.5500
v -27026.1200 -184312.5000 59505.2500
v -27026.1200 -184312.5000 59505.3500
v -27026.1100 -184312.5000 59505.0400
v -27026.1100 -184312.5000 59505.1400
v -27026.1000 -184312.5000 59504.8400
v -27026.1100 -184312.5000 59504.9400
v -27026.1000 -184312.5000 59504.6300
v -27026.1000 -184312.5000 59504.7300
v -27026.1000 -184312.5000 59504.4200
v -27026.1000 -184312.5000 59504.5200
v -27026.1100 -184312.5000 59504.2100
v -27026.1100 -184312.5000 59504.3200
v -27026.1200 -184312.5000 59504.0100
v -27026.1100 -184312.5000 59504.1100
v -27026.1300 -184312.5000 59503.8000
v -27026.1200 -184312.5000 59503.9000
v -27026.1500 -184312.5000 59503.6000
v -27026.1400 -184312.5000 59503.7000
v -27026.1700 -184312.5000 59503.3900
v -27026.1600 -184312.5000 59503.4900
v -27026.1900 -184312.5000 59503.1800
v -27026.1800 -184312.5000 59503.2900
v -27026.2200 -184312.5000 59502.9800
v -27026.2100 -184312.5000 59503.0800
v -27026.2500 -184312.5000 59502.7800
v -27026.2300 -184312.5000 59502.8800
v -27026.2800 -184312.5000 59502.5700
v -27026.2700 -184312.5000 59502.6700
v -27026.3200 -184312.5000 59502.3700
v -27026.3000 -184312.5000 59502.4700
v -27026.3600 -184312.5000 59502.1700
v -27026.3400 -184312.5000 59502.2700
v -27026.4100 -184312.5000 59501.9600
v -27026.3800 -184312.5000 59502.0600
v -27026.4600 -184312.5000 59501.7600
v -27026.4300 -184312.5000 59501.8600
v -27026.5100 -184312.5000 59501.5600
v -27026.4800 -184312.5000 59501.6600
v -27026.5600 -184312.5000 59501.3600
v -27026.5300 -184312.5000 59501.4600
v -27026.6200 -184312.5000 59501.1700
v -27026.5900 -184312.5000 59501.2700
v -27026.6800 -184312.5000 59500.9700
v -27026.6500 -184312.5000 59501.0700
v -27026.7500 -184312.5000 59500.7700
v -27026.7100 -184312.5000 59500.8700
v -27026.8200 -184312.5000 59500.5800
v -27026.7800 -184312.5000 59500.6800
v -27026.8900 -184312.5000 59500.3800
v -27026.8500 -184312.5000 59500.4800
v -27026.9600 -184312.5000 59500.1900
v -27026.9300 -184312.5000 59500.2900
v -27027.0400 -184312.5000 59500.0000
v -27027.0000 -184312.5000 59500.0900
v -27027.1300 -184312.5000 59499.8100
v -27027.0900 -184312.5000 59499.9100
v -27027.2100 -184312.5000 59499.6200
v -27027.1700 -184312.5000 59499.7100
v -27027.3000 -184312.5000 59499.4400
v -27027.2600 -184312.5000 59499.5300
v -27027.3900 -184312.5000 59499.2500
v -27027.3500 -184312.5000 59499.3400
v -27027.4900 -184312.5000 59499.0700
v -27027.4400 -184312.5000 59499.1600
v -27027.5900 -184312.5000 59498.8900
v -27027.5400 -184312.5000 59498.9800
v -27027.6900 -184312.5000 59498.7100
v -27027.6400 -184312.5000 59498.8000
v -27027.7900 -184312.5000 59498.5300
v -27027.7400 -184312.5000 59498.6200
v -27027.9000 -184312.5000 59498.3500
v -27027.8500 -184312.5000 59498.4400
v -27028.0100 -184312.5000 59498.1800
v -27027.9600 -184312.5000 59498.2700
v -27028.1300 -184312.5000 59498.0100
v -27028.0700 -184312.5000 59498.0900
v -27028.2400 -184312.5000 59497.8400
v -27028.1900 -184312.5000 59497.9200
v -27028.3600 -184312.5000 59497.6700
v -27028.3000 -184312.5000 59497.7500
v -27028.4900 -184312.5000 59497.5000
v -27028.4300 -184312.5000 59497.5800
v -27028.6100 -184312.5000 59497.3400
v -27028.5500 -184312.5000 59497.4200
v -27028.7400 -184312.5000 59497.1800
v -27028.6800 -184312.5000 59497.2500
v -27028.8700 -184312.5000 59497.0200
v -27028.8100 -184312.5000 59497.0900
v -27029.0100 -184312.5000 59496.8600
v -27028.9400 -184312.5000 59496.9400
v -27029.1400 -184312.5000 59496.7000
v -27029.0800 -184312.5000 59496.7800
v -27029.2800 -184312.5000 59496.5500
v -27029.2100 -184312.5000 59496.6300
v -27029.4300 -184312.5000 59496.4000
v -27029.3600 -184312.5000 59496.4800
v -27029.5700 -184312.5000 59496.2500
v -27029.5000 -184312.5000 59496.3300
v -27029.7200 -184312.5000 59496.1100
v -27029.6400 -184312.5000 59496.1800
v -27029.8700 -184312.5000 59495.9700
v -27029.7900 -184312.5000 59496.0400
v -27030.0200 -184312.5000 59495.8300
v -27029.9500 -184312.5000 59495.9000
v -27030.1800 -184312.5000 59495.6900
v -27030.1000 -184312.5000 59495.7600
v -27030.3300 -184312.5000 59495.5600
v -27030.2500 -184312.5000 59495.6200
v -27030.4900 -184312.5000 59495.4300
v -27030.4100 -184312.5000 59495.4900
v -27030.6500 -184312.5000 59495.3000
v -27030.5700 -184312.5000 59495.3600
v -27030.8200 -184312.5000 59495.1700
v -27030.7400 -184312.5000 59495.2300
v -27030.9800 -184312.5000 59495.0500
v -27030.9000 -184312.5000 59495.1100
v -27031.1500 -184312.5000 59494.9300
v -27031.0700 -184312.5000 59494.9900
v -27031.3200 -184312.5000 59494.8100
v -27031.2400 -184312.5000 59494.8700
v -27031.4900 -184312.5000 59494.7000
v -27031.4100 -184312.5000 59494.7500
v -27031.6700 -184312.5000 59494.5900
v -27031.5800 -184312.5000 59494.6400
v -27031.8500 -184312.5000 59494.4800
v -27031.7600 -184312.5000 59494.5300
v -27032.0200 -184312.5000 59494.3800
v -27031.9400 -184312.5000 59494.4300
v -27032.2000 -184312.5000 59494.2700
v -27032.1200 -184312.5000 59494.3200
v -27032.3800 -184312.5000 59494.1700
v -27032.2900 -184312.5000 59494.2200
v -27032.5700 -184312.5000 59494.0800
v -27032.4800 -184312.5000 59494.1200
v -27032.7500 -184312.5000 59493.9800
v -27032.6600 -184312.5000 59494.0300
v -27032.9400 -184312.5000 59493.8900
v -27032.8500 -184312.5000 59493.9400
v -27033.1300 -184312.5000 59493.8100
v -27033.0400 -184312.5000 59493.8500
v -27033.3200 -184312.5000 59493.7300
v -27033.2200 -184312.5000 59493.7700
v -27033.5100 -184312.5000 59493.6500
v -27033.4100 -184312.5000 59493.6900
v -27033.7000 -184312.5000 59493.5700
v -27033.6100 -184312.5000 59493.6100
v -27033.8900 -184312.5000 59493.5000
v -27033.8000 -184312.5000 59493.5400
v -27034.0900 -184312.5000 59493.4300
v -27033.9900 -184312.5000 59493.4600
v -27034.2900 -184312.5000 59493.3700
v -27034.1900 -184312.5000 59493.4000
v -27034.4800 -184312.5000 59493.3000
v -27034.3800 -184312.5000 59493.3400
v -27034.6800 -184312.5000 59493.2500
v -27034.5800 -184312.5000 59493.2700
v -27034.8800 -184312.5000 59493.1900
v -27034.7800 -184312.5000 59493.2200
v -27035.0800 -184312.5000 59493.1400
v -27034.9800 -184312.5000 59493.1600
v -27035.2800 -184312.5000 59493.0900
v -27035.1800 -184312.5000 59493.1100
v -27035.4800 -184312.5000 59493.0500
v -27035.3800 -184312.5000 59493.0700
v -27035.6900 -184312.5000 59493.0000
v -27035.5800 -184312.5000 59493.0200
v -27035.8900 -184312.5000 59492.9600
v -27035.7900 -184312.5000 59492.9800
v -27036.0900 -184312.5000 59492.9300
v -27035.9900 -184312.5000 59492.9500
v -27036.3000 -184312.5000 59492.9000
v -27036.2000 -184312.5000 59492.9200
v -27036.5000 -184312.5000 59492.8800
v -27036.4000 -184312.5000 59492.8900
v -27036.7100 -184312.5000 59492.8500
v -27036.6100 -184312.5000 59492.8600
v -27036.9100 -184312.5000 59492.8300
v -27036.8100 -184312.5000 59492.8400
v -27037.1200 -184312.5000 59492.8200
v -27037.0200 -184312.5000 59492.8200
v -27037.3200 -184312.5000 59492.8000
v -27037.2200 -184312.5000 59492.8100
v -27037.5300 -184312.5000 59492.7900
v -27037.4300 -184312.5000 59492.8000
v -27037.7400 -184312.5000 59492.7900
v -27037.6300 -184312.5000 59492.7900
v -27037.9400 -184312.5000 59492.7900
v -27037.8400 -184312.5000 59492.7900
v -27038.1500 -184312.5000 59492.7900
v -27038.0500 -184312.5000 59492.7900
v -27038.3600 -184312.5000 59492.7900
v -27038.2600 -184312.5000 59492.7900
v -27038.5600 -184312.5000 59492.8000
v -27038.4600 -184312.5000 59492.8000
v -27038.7700 -184312.5000 59492.8200
v -27038.6700 -184312.5000 59492.8100
v -27038.9800 -184312.5000 59492.8300
v -27038.8800 -184312.5000 59492.8200
v -27039.1800 -184312.5000 59492.8500
v -27039.0800 -184312.5000 59492.8400
v -27039.3900 -184312.5000 59492.8800
v -27039.2900 -184312.5000 59492.8600
v -27039.5900 -184312.5000 59492.9000
v -27039.4900 -184312.5000 59492.8900
v -27039.8000 -184312.5000 59492.9300
v -27039.7000 -184312.5000 59492.9200
v -27040.0000 -184312.5000 59492.9600
v -27039.9000 -184312.5000 59492.9500
v -27040.2000 -184312.5000 59493.0000
v -27040.1000 -184312.5000 59492.9800
v -27040.4100 -184312.5000 59493.0500
v -27040.3100 -184312.5000 59493.0200
v -27040.6100 -184312.5000 59493.0900
v -27040.5100 -184312.5000 59493.0700
v -27040.8100 -184312.5000 59493.1400
v -27040.7100 -184312.5000 59493.1100
v -27041.0100 -184312.5000 59493.1900
v -27040.9100 -184312.5000 59493.1600
v -27041.2100 -184312.5000 59493.2500
v -27041.1100 -184312.5000 59493.2200
v -27041.4100 -184312.5000 59493.3000
v -27041.3100 -184312.5000 59493.2700
v -27041.6000 -184312.5000 59493.3700
v -27041.5100 -184312.5000 59493.3400
v -27041.8000 -184312.5000 59493.4300
v -27041.7000 -184312.5000 59493.4000
v -27041.9900 -184312.5000 59493.5000
v -27041.9000 -184312.5000 59493.4600
v -27042.1900 -184312.5000 59493.5700
v -27042.0900 -184312.5000 59493.5400
v -27042.3800 -184312.5000 59493.6500
v -27042.2900 -184312.5000 59493.6100
v -27042.5700 -184312.5000 59493.7300
v -27042.4800 -184312.5000 59493.6900
v -27042.7600 -184312.5000 59493.8100
v -27042.6700 -184312.5000 59493.7700
v -27042.9500 -184312.5000 59493.8900
v -27042.8600 -184312.5000 59493.8600
v -27043.1300 -184312.5000 59493.9800
v -27043.0400 -184312.5000 59493.9400
v -27043.3200 -184312.5000 59494.0800
v -27043.2300 -184312.5000 59494.0300
v -27043.5000 -184312.5000 59494.1700
v -27043.4100 -184312.5000 59494.1200
v -27043.6900 -184312.5000 59494.2700
v -27043.6000 -184312.5000 59494.2200
v -27043.8700 -184312.5000 59494.3800
v -27043.7800 -184312.5000 59494.3200
v -27044.0400 -184312.5000 59494.4800
v -27043.9600 -184312.5000 59494.4300
v -27044.2200 -184312.5000 59494.5900
v -27044.1300 -184312.5000 59494.5300
v -27044.3900 -184312.5000 59494.7000
v -27044.3100 -184312.5000 59494.6400
v -27044.5700 -184312.5000 59494.8100
v -27044.4800 -184312.5000 59494.7500
v -27044.7400 -184312.5000 59494.9300
v -27044.6500 -184312.5000 59494.8700
v -27044.9000 -184312.5000 59495.0500
v -27044.8200 -184312.5000 59494.9900
v -27045.0700 -184312.5000 59495.1700
v -27044.9900 -184312.5000 59495.1100
v -27045.2300 -184312.5000 59495.3000
v -27045.1500 -184312.5000 59495.2300
v -27045.4000 -184312.5000 59495.4300
v -27045.3200 -184312.5000 59495.3600
v -27045.5600 -184312.5000 59495.5600
v -27045.4800 -184312.5000 59495.4900
v -27045.7100 -184312.5000 59495.6900
v -27045.6300 -184312.5000 59495.6200
v -27045.8700 -184312.5000 59495.8300
v -27045.7900 -184312.5000 59495.7600
v -27046.0200 -184312.5000 59495.9700
v -27045.9500 -184312.5000 59495.9000
v -27046.1700 -184312.5000 59496.1100
v -27046.1000 -184312.5000 59496.0400
v -27046.3200 -184312.5000 59496.2500
v -27046.2400 -184312.5000 59496.1800
v -27046.4600 -184312.5000 59496.4000
v -27046.3900 -184312.5000 59496.3300
v -27046.6100 -184312.5000 59496.5500
v -27046.5400 -184312.5000 59496.4800
v -27046.7400 -184312.5000 59496.7000
v -27046.6800 -184312.5000 59496.6300
v -27046.8800 -184312.5000 59496.8600
v -27046.8100 -184312.5000 59496.7900
v -27047.0200 -184312.5000 59497.0200
v -27046.9500 -184312.5000 59496.9400
v -27047.1500 -184312.5000 59497.1800
v -27047.0800 -184312.5000 59497.1000
v -27047.2800 -184312.5000 59497.3400
v -27047.2100 -184312.5000 59497.2600
v -27047.4000 -184312.5000 59497.5000
v -27047.3400 -184312.5000 59497.4200
v -27047.5300 -184312.5000 59497.6700
v -27047.4600 -184312.5000 59497.5900
v -27047.6400 -184312.5000 59497.8400
v -27047.5900 -184312.5000 59497.7500
v -27047.7600 -184312.5000 59498.0100
v -27047.7000 -184312.5000 59497.9200
v -27047.8800 -184312.5000 59498.1800
v -27047.8200 -184312.5000 59498.0900
v -27047.9900 -184312.5000 59498.3500
v -27047.9300 -184312.5000 59498.2700
v -27048.1000 -184312.5000 59498.5300
v -27048.0400 -184312.5000 59498.4400
v -27048.2000 -184312.5000 59498.7100
v -27048.1500 -184312.5000 59498.6200
v -27048.3000 -184312.5000 59498.8900
v -27048.2500 -184312.5000 59498.8000
v -27048.4000 -184312.5000 59499.0700
v -27048.3500 -184312.5000 59498.9800
v -27048.5000 -184312.5000 59499.2500
v -27048.4500 -184312.5000 59499.1600
v -27048.5900 -184312.5000 59499.4400
v -27048.5400 -184312.5000 59499.3500
v -27048.6800 -184312.5000 59499.6200
v -27048.6300 -184312.5000 59499.5300
v -27048.7600 -184312.5000 59499.8100
v -27048.7200 -184312.5000 59499.7200
v -27048.8500 -184312.5000 59500.0000
v -27048.8000 -184312.5000 59499.9100
v -27048.9200 -184312.5000 59500.1900
v -27048.8800 -184312.5000 59500.1000
v -27049.0000 -184312.5000 59500.3800
v -27048.9600 -184312.5000 59500.2900
v -27049.0700 -184312.5000 59500.5800
v -27049.0400 -184312.5000 59500.4800
v -27049.1400 -184312.5000 59500.7700
v -27049.1100 -184312.5000 59500.6800
v -27049.2100 -184312.5000 59500.9700
v -27049.1700 -184312.5000 59500.8700
v -27049.2700 -184312.5000 59501.1700
v -27049.2400 -184312.5000 59501.0700
v -27049.3300 -184312.5000 59501.3600
v -27049.3000 -184312.5000 59501.2700
v -27049.3800 -184312.5000 59501.5600
v -27049.3600 -184312.5000 59501.4600
v -27049.4300 -184312.5000 59501.7600
v -27049.4100 -184312.5000 59501.6600
v -27049.4800 -184312.5000 59501.9600
v -27049.4600 -184312.5000 59501.8700
v -27049.5300 -184312.5000 59502.1700
v -27049.5100 -184312.5000 59502.0700
v -27049.5700 -184312.5000 59502.3700
v -27049.5500 -184312.5000 59502.2700
v -27049.6100 -184312.5000 59502.5700
v -27049.5900 -184312.5000 59502.4700
v -27049.6400 -184312.5000 59502.7800
v -27049.6200 -184312.5000 59502.6800
v -27049.6700 -184312.5000 59502.9800
v -27049.6600 -184312.5000 59502.8800
v -27049.7000 -184312.5000 59503.1800
v -27049.6900 -184312.5000 59503.0900
v -27049.7200 -184312.5000 59503.3900
v -27049.7100 -184312.5000 59503.2900
v -27049.7400 -184312.5000 59503.6000
v -27049.7300 -184312.5000 59503.5000
v -27049.7600 -184312.5000 59503.8000
v -27049.7500 -184312.5000 59503.7000
v -27049.7700 -184312.5000 59504.0100
v -27049.7600 -184312.5000 59503.9100
v -27049.7800 -184312.5000 59504.2100
v -27049.7800 -184312.5000 59504.1100
v -27049.7900 -184312.5000 59504.4200
v -27049.7800 -184312.5000 59504.3200
v -27049.7900 -184312.5000 59504.5300
v -27049.7900 -184233.6000 59504.6300
v -27049.7900 -184233.6000 59504.4200
v -27049.7900 -184233.6000 59504.5200
v -27049.7800 -184233.6000 59504.2100
v -27049.7800 -184233.6000 59504.3200
v -27049.7700 -184233.6000 59504.0100
v -27049.7800 -184233.6000 59504.1100
v -27049.7600 -184233.6000 59503.8000
v -27049.7600 -184233.6000 59503.9000
v -27049.7400 -184233.6000 59503.6000
v -27049.7500 -184233.6000 59503.7000
v -27049.7200 -184233.6000 59503.3900
v -27049.7300 -184233.6000 59503.4900
v -27049.7000 -184233.6000 59503.1800
v -27049.7100 -184233.6000 59503.2900
v -27049.6700 -184233.6000 59502.9800
v -27049.6800 -184233.6000 59503.0800
v -27049.6400 -184233.6000 59502.7800
v -27049.6600 -184233.6000 59502.8800
v -27049.6100 -184233.6000 59502.5700
v -27049.6200 -184233.6000 59502.6700
v -27049.5700 -184233.6000 59502.3700
v -27049.5900 -184233.6000 59502.4700
v -27049.5300 -184233.6000 59502.1700
v -27049.5500 -184233.6000 59502.2700
v -27049.4800 -184233.6000 59501.9600
v -27049.5000 -184233.6000 59502.0600
v -27049.4300 -184233.6000 59501.7600
v -27049.4600 -184233.6000 59501.8600
v -27049.3800 -184233.6000 59501.5600
v -27049.4100 -184233.6000 59501.6600
v -27049.3300 -184233.6000 59501.3600
v -27049.3600 -184233.6000 59501.4600
v -27049.2700 -184233.6000 59501.1700
v -27049.3000 -184233.6000 59501.2700
v -27049.2100 -184233.6000 59500.9700
v -27049.2400 -184233.6000 59501.0700
v -27049.1400 -184233.6000 59500.7700
v -27049.1700 -184233.6000 59500.8700
v -27049.0700 -184233.6000 59500.5800
v -27049.1100 -184233.6000 59500.6800
v -27049.0000 -184233.6000 59500.3800
v -27049.0400 -184233.6000 59500.4800
v -27048.9200 -184233.6000 59500.1900
v -27048.9600 -184233.6000 59500.2900
v -27048.8500 -184233.6000 59500.0000
v -27048.8800 -184233.6000 59500.0900
v -27048.7600 -184233.6000 59499.8100
v -27048.8000 -184233.6000 59499.9100
v -27048.6800 -184233.6000 59499.6200
v -27048.7200 -184233.6000 59499.7100
v -27048.5900 -184233.6000 59499.4400
v -27048.6300 -184233.6000 59499.5300
v -27048.5000 -184233.6000 59499.2500
v -27048.5400 -184233.6000 59499.3400
v -27048.4000 -184233.6000 59499.0700
v -27048.4500 -184233.6000 59499.1600
v -27048.3000 -184233.6000 59498.8900
v -27048.3500 -184233.6000 59498.9800
v -27048.2000 -184233.6000 59498.7100
v -27048.2500 -184233.6000 59498.8000
v -27048.1000 -184233.6000 59498.5300
v -27048.1500 -184233.6000 59498.6200
v -27047.9900 -184233.6000 59498.3500
v -27048.0400 -184233.6000 59498.4400
v -27047.8800 -184233.6000 59498.1800
v -27047.9300 -184233.6000 59498.2700
v -27047.7600 -184233.6000 59498.0100
v -27047.8200 -184233.6000 59498.0900
v -27047.6400 -184233.6000 59497.8400
v -27047.7000 -184233.6000 59497.9200
v -27047.5300 -184233.6000 59497.6700
v -27047.5800 -184233.6000 59497.7500
v -27047.4000 -184233.6000 59497.5000
v -27047.4600 -184233.6000 59497.5800
v -27047.2800 -184233.6000 59497.3400
v -27047.3400 -184233.6000 59497.4200
v -27047.1500 -184233.6000 59497.1800
v -27047.2100 -184233.6000 59497.2500
v -27047.0200 -184233.6000 59497.0200
v -27047.0800 -184233.6000 59497.0900
v -27046.8800 -184233.6000 59496.8600
v -27046.9500 -184233.6000 59496.9400
v -27046.7400 -184233.6000 59496.7000
v -27046.8100 -184233.6000 59496.7800
v -27046.6100 -184233.6000 59496.5500
v -27046.6700 -184233.6000 59496.6300
v -27046.4600 -184233.6000 59496.4000
v -27046.5300 -184233.6000 59496.4800
v -27046.3200 -184233.6000 59496.2500
v -27046.3900 -184233.6000 59496.3300
v -27046.1700 -184233.6000 59496.1100
v -27046.2400 -184233.6000 59496.1800
v -27046.0200 -184233.6000 59495.9700
v -27046.0900 -184233.6000 59496.0400
v -27045.8700 -184233.6000 59495.8300
v -27045.9400 -184233.6000 59495.9000
v -27045.7100 -184233.6000 59495.6900
v -27045.7900 -184233.6000 59495.7600
v -27045.5600 -184233.6000 59495.5600
v -27045.6300 -184233.6000 59495.6200
v -27045.4000 -184233.6000 59495.4300
v -27045.4700 -184233.6000 59495.4900
v -27045.2300 -184233.6000 59495.3000
v -27045.3100 -184233.6000 59495.3600
v -27045.0700 -184233.6000 59495.1700
v -27045.1500 -184233.6000 59495.2300
v -27044.9000 -184233.6000 59495.0500
v -27044.9900 -184233.6000 59495.1100
v -27044.7400 -184233.6000 59494.9300
v -27044.8200 -184233.6000 59494.9900
v -27044.5700 -184233.6000 59494.8100
v -27044.6500 -184233.6000 59494.8700
v -27044.3900 -184233.6000 59494.7000
v -27044.4800 -184233.6000 59494.7500
v -27044.2200 -184233.6000 59494.5900
v -27044.3100 -184233.6000 59494.6400
v -27044.0400 -184233.6000 59494.4800
v -27044.1300 -184233.6000 59494.5300
v -27043.8700 -184233.6000 59494.3800
v -27043.9500 -184233.6000 59494.4300
v -27043.6900 -184233.6000 59494.2700
v -27043.7700 -184233.6000 59494.3200
v -27043.5000 -184233.6000 59494.1700
v -27043.5900 -184233.6000 59494.2200
v -27043.3200 -184233.6000 59494.0800
v -27043.4100 -184233.6000 59494.1200
v -27043.1300 -184233.6000 59493.9800
v -27043.2300 -184233.6000 59494.0300
v -27042.9500 -184233.6000 59493.8900
v -27043.0400 -184233.6000 59493.9400
v -27042.7600 -184233.6000 59493.8100
v -27042.8500 -184233.6000 59493.8500
v -27042.5700 -184233.6000 59493.7300
v -27042.6600 -184233.6000 59493.7700
v -27042.3800 -184233.6000 59493.6500
v -27042.4700 -184233.6000 59493.6900
v -27042.1900 -184233.6000 59493.5700
v -27042.2800 -184233.6000 59493.6100
v -27041.9900 -184233.6000 59493.5000
v -27042.0900 -184233.6000 59493.5400
v -27041.8000 -184233.6000 59493.4300
v -27041.9000 -184233.6000 59493.4600
v -27041.6000 -184233.6000 59493.3700
v -27041.7000 -184233.6000 59493.4000
v -27041.4100 -184233.6000 59493.3000
v -27041.5000 -184233.6000 59493.3400
v -27041.2100 -184233.6000 59493.2500
v -27041.3100 -184233.6000 59493.2700
v -27041.0100 -184233.6000 59493.1900
v -27041.1100 -184233.6000 59493.2200
v -27040.8100 -184233.6000 59493.1400
v -27040.9100 -184233.6000 59493.1600
v -27040.6100 -184233.6000 59493.0900
v -27040.7100 -184233.6000 59493.1100
v -27040.4100 -184233.6000 59493.0500
v -27040.5100 -184233.6000 59493.0700
v -27040.2000 -184233.6000 59493.0000
v -27040.3000 -184233.6000 59493.0200
v -27040.0000 -184233.6000 59492.9600
v -27040.1000 -184233.6000 59492.9800
v -27039.8000 -184233.6000 59492.9300
v -27039.9000 -184233.6000 59492.9500
v -27039.5900 -184233.6000 59492.9000
v -27039.6900 -184233.6000 59492.9200
v -27039.3900 -184233.6000 59492.8800
v -27039.4900 -184233.6000 59492.8900
v -27039.1800 -184233.6000 59492.8500
v -27039.2800 -184233.6000 59492.8600
v -27038.9800 -184233.6000 59492.8300
v -27039.0800 -184233.6000 59492.8400
v -27038.7700 -184233.6000 59492.8200
v -27038.8700 -184233.6000 59492.8200
v -27038.5600 -184233.6000 59492.8000
v -27038.6700 -184233.6000 59492.8100
v -27038.3600 -184233.6000 59492.7900
v -27038.4600 -184233.6000 59492.8000
v -27038.1500 -184233.6000 59492.7900
v -27038.2500 -184233.6000 59492.7900
v -27037.9400 -184233.6000 59492.7900
v -27038.0500 -184233.6000 59492.7900
v -27037.7400 -184233.6000 59492.7900
v -27037.8400 -184233.6000 59492.7900
v -27037.5300 -184233.6000 59492.7900
v -27037.6300 -184233.6000 59492.7900
v -27037.3200 -184233.6000 59492.8000
v -27037.4300 -184233.6000 59492.8000
v -27037.1200 -184233.6000 59492.8200
v -27037.2200 -184233.6000 59492.8100
v -27036.9100 -184233.6000 59492.8300
v -27037.0100 -184233.6000 59492.8200
v -27036.7100 -184233.6000 59492.8500
v -27036.8100 -184233.6000 59492.8400
v -27036.5000 -184233.6000 59492.8800
v -27036.6000 -184233.6000 59492.8600
v -27036.3000 -184233.6000 59492.9000
v -27036.4000 -184233.6000 59492.8900
v -27036.0900 -184233.6000 59492.9300
v -27036.1900 -184233.6000 59492.9200
v -27035.8900 -184233.6000 59492.9600
v -27035.9900 -184233.6000 59492.9500
v -27035.6900 -184233.6000 59493.0000
v -27035.7900 -184233.6000 59492.9800
v -27035.4800 -184233.6000 59493.0500
v -27035.5800 -184233.6000 59493.0200
v -27035.2800 -184233.6000 59493.0900
v -27035.3800 -184233.6000 59493.0700
v -27035.0800 -184233.6000 59493.1400
v -27035.1800 -184233.6000 59493.1100
v -27034.8800 -184233.6000 59493.1900
v -27034.9800 -184233.6000 59493.1600
v -27034.6800 -184233.6000 59493.2500
v -27034.7800 -184233.6000 59493.2200
v -27034.4800 -184233.6000 59493.3000
v -27034.5800 -184233.6000 59493.2700
v -27034.2900 -184233.6000 59493.3700
v -27034.3800 -184233.6000 59493.3400
v -27034.0900 -184233.6000 59493.4300
v -27034.1900 -184233.6000 59493.4000
v -27033.8900 -184233.6000 59493.5000
v -27033.9900 -184233.6000 59493.4600
v -27033.7000 -184233.6000 59493.5700
v -27033.8000 -184233.6000 59493.5400
v -27033.5100 -184233.6000 59493.6500
v -27033.6000 -184233.6000 59493.6100
v -27033.3200 -184233.6000 59493.7300
v -27033.4100 -184233.6000 59493.6900
v -27033.1300 -184233.6000 59493.8100
v -27033.2200 -184233.6000 59493.7700
v -27032.9400 -184233.6000 59493.8900
v -27033.0300 -184233.6000 59493.8600
v -27032.7500 -184233.6000 59493.9800
v -27032.8500 -184233.6000 59493.9400
v -27032.5700 -184233.6000 59494.0800
v -27032.6600 -184233.6000 59494.0300
v -27032.3800 -184233.6000 59494.1700
v -27032.4700 -184233.6000 59494.1200
v -27032.2000 -184233.6000 59494.2700
v -27032.2900 -184233.6000 59494.2200
v -27032.0200 -184233.6000 59494.3800
v -27032.1100 -184233.6000 59494.3200
v -27031.8500 -184233.6000 59494.4800
v -27031.9300 -184233.6000 59494.4300
v -27031.6700 -184233.6000 59494.5900
v -27031.7600 -184233.6000 59494.5300
v -27031.4900 -184233.6000 59494.7000
v -27031.5800 -184233.6000 59494.6400
v -27031.3200 -184233.6000 59494.8100
v -27031.4100 -184233.6000 59494.7500
v -27031.1500 -184233.6000 59494.9300
v -27031.2400 -184233.6000 59494.8700
v -27030.9800 -184233.6000 59495.0500
v -27031.0700 -184233.6000 59494.9900
v -27030.8200 -184233.6000 59495.1700
v -27030.9000 -184233.6000 59495.1100
v -27030.6500 -184233.6000 59495.3000
v -27030.7300 -184233.6000 59495.2300
v -27030.4900 -184233.6000 59495.4300
v -27030.5700 -184233.6000 59495.3600
v -27030.3300 -184233.6000 59495.5600
v -27030.4100 -184233.6000 59495.4900
v -27030.1800 -184233.6000 59495.6900
v -27030.2500 -184233.6000 59495.6200
v -27030.0200 -184233.6000 59495.8300
v -27030.1000 -184233.6000 59495.7600
v -27029.8700 -184233.6000 59495.9700
v -27029.9400 -184233.6000 59495.9000
v -27029.7200 -184233.6000 59496.1100
v -27029.7900 -184233.6000 59496.0400
v -27029.5700 -184233.6000 59496.2500
v -27029.6400 -184233.6000 59496.1800
v -27029.4300 -184233.6000 59496.4000
v -27029.5000 -184233.6000 59496.3300
v -27029.2800 -184233.6000 59496.5500
v -27029.3500 -184233.6000 59496.4800
v -27029.1400 -184233.6000 59496.7000
v -27029.2100 -184233.6000 59496.6300
v -27029.0100 -184233.6000 59496.8600
v -27029.0700 -184233.6000 59496.7900
v -27028.8700 -184233.6000 59497.0200
v -27028.9400 -184233.6000 59496.9400
v -27028.7400 -184233.6000 59497.1800
v -27028.8100 -184233.6000 59497.1000
v -27028.6100 -184233.6000 59497.3400
v -27028.6800 -184233.6000 59497.2600
v -27028.4900 -184233.6000 59497.5000
v -27028.5500 -184233.6000 59497.4200
v -27028.3600 -184233.6000 59497.6700
v -27028.4200 -184233.6000 59497.5900
v -27028.2400 -184233.6000 59497.8400
v -27028.3000 -184233.6000 59497.7500
v -27028.1300 -184233.6000 59498.0100
v -27028.1900 -184233.6000 59497.9200
v -27028.0100 -184233.6000 59498.1800
v -27028.0700 -184233.6000 59498.0900
v -27027.9000 -184233.6000 59498.3500
v -27027.9600 -184233.6000 59498.2700
v -27027.7900 -184233.6000 59498.5300
v -27027.8500 -184233.6000 59498.4400
v -27027.6900 -184233.6000 59498.7100
v -27027.7400 -184233.6000 59498.6200
v -27027.5900 -184233.6000 59498.8900
v -27027.6400 -184233.6000 59498.8000
v -27027.4900 -184233.6000 59499.0700
v -27027.5400 -184233.6000 59498.9800
v -27027.3900 -184233.6000 59499.2500
v -27027.4400 -184233.6000 59499.1600
v -27027.3000 -184233.6000 59499.4400
v -27027.3500 -184233.6000 59499.3500
v -27027.2100 -184233.6000 59499.6200
v -27027.2600 -184233.6000 59499.5300
v -27027.1300 -184233.6000 59499.8100
v -27027.1700 -184233.6000 59499.7200
v -27027.0400 -184233.6000 59500.0000
v -27027.0800 -184233.6000 59499.9100
v -27026.9600 -184233.6000 59500.1900
v -27027.0000 -184233.6000 59500.1000
v -27026.8900 -184233.6000 59500.3800
v -27026.9300 -184233.6000 59500.2900
v -27026.8200 -184233.6000 59500.5800
v -27026.8500 -184233.6000 59500.4800
v -27026.7500 -184233.6000 59500.7700
v -27026.7800 -184233.6000 59500.6800
v -27026.6800 -184233.6000 59500.9700
v -27026.7100 -184233.6000 59500.8700
v -27026.6200 -184233.6000 59501.1700
v -27026.6500 -184233.6000 59501.0700
v -27026.5600 -184233.6000 59501.3600
v -27026.5900 -184233.6000 59501.2700
v -27026.5100 -184233.6000 59501.5600
v -27026.5300 -184233.6000 59501.4600
v -27026.4600 -184233.6000 59501.7600
v -27026.4800 -184233.6000 59501.6600
v -27026.4100 -184233.6000 59501.9600
v -27026.4300 -184233.6000 59501.8700
v -27026.3600 -184233.6000 59502.1700
v -27026.3800 -184233.6000 59502.0700
v -27026.3200 -184233.6000 59502.3700
v -27026.3400 -184233.6000 59502.2700
v -27026.2800 -184233.6000 59502.5700
v -27026.3000 -184233.6000 59502.4700
v -27026.2500 -184233.6000 59502.7800
v -27026.2700 -184233.6000 59502.6800
v -27026.2200 -184233.6000 59502.9800
v -27026.2300 -184233.6000 59502.8800
v -27026.1900 -184233.6000 59503.1800
v -27026.2000 -184233.6000 59503.0900
v -27026.1700 -184233.6000 59503.3900
v -27026.1800 -184233.6000 59503.2900
v -27026.1500 -184233.6000 59503.6000
v -27026.1600 -184233.6000 59503.5000
v -27026.1300 -184233.6000 59503.8000
v -27026.1400 -184233.6000 59503.7000
v -27026.1200 -184233.6000 59504.0100
v -27026.1200 -184233.6000 59503.9100
v -27026.1100 -184233.6000 59504.2100
v -27026.1100 -184233.6000 59504.1100
v -27026.1000 -184233.6000 59504.4200
v -27026.1100 -184233.6000 59504.3200
v -27026.1000 -184233.6000 59504.6300
v -27026.1000 -184233.6000 59504.5300
v -27026.1000 -184233.6000 59504.8400
v -27026.1000 -184233.6000 59504.7300
v -27026.1100 -184233.6000 59505.0400
v -27026.1100 -184233.6000 59504.9400
v -27026.1200 -184233.6000 59505.2500
v -27026.1100 -184233.6000 59505.1500
v -27026.1300 -184233.6000 59505.4500
v -27026.1200 -184233.6000 59505.3500
v -27026.1500 -184233.6000 59505.6600
v -27026.1400 -184233.6000 59505.5600
v -27026.1700 -184233.6000 59505.8700
v -27026.1600 -184233.6000 59505.7700
v -27026.1900 -184233.6000 59506.0700
v -27026.1800 -184233.6000 59505.9700
v -27026.2200 -184233.6000 59506.2800
v -27026.2100 -184233.6000 59506.1800
v -27026.2500 -184233.6000 59506.4800
v -27026.2300 -184233.6000 59506.3800
v -27026.2800 -184233.6000 59506.6800
v -27026.2700 -184233.6000 59506.5900
v -27026.3200 -184233.6000 59506.8900
v -27026.3000 -184233.6000 59506.7900
v -27026.3600 -184233.6000 59507.0900
v -27026.3400 -184233.6000 59506.9900
v -27026.4100 -184233.6000 59507.2900
v -27026.3800 -184233.6000 59507.1900
v -27026.4600 -184233.6000 59507.4900
v -27026.4300 -184233.6000 59507.3900
v -27026.5100 -184233.6000 59507.7000
v -27026.4800 -184233.6000 59507.5900
v -27026.5600 -184233.6000 59507.8900
v -27026.5300 -184233.6000 59507.7900
v -27026.6200 -184233.6000 59508.0900
v -27026.5900 -184233.6000 59507.9900
v -27026.6800 -184233.6000 59508.2900
v -27026.6500 -184233.6000 59508.1900
v -27026.7500 -184233.6000 59508.4800
v -27026.7100 -184233.6000 59508.3900
v -27026.8200 -184233.6000 59508.6800
v -27026.7800 -184233.6000 59508.5800
v -27026.8900 -184233.6000 59508.8700
v -27026.8500 -184233.6000 59508.7800
v -27026.9600 -184233.6000 59509.0700
v -27026.9300 -184233.6000 59508.9700
v -27027.0400 -184233.6000 59509.2500
v -27027.0000 -184233.6000 59509.1600
v -27027.1300 -184233.6000 59509.4500
v -27027.0900 -184233.6000 59509.3500
v -27027.2100 -184233.6000 59509.6300
v -27027.1700 -184233.6000 59509.5400
v -27027.3000 -184233.6000 59509.8200
v -27027.2600 -184233.6000 59509.7300
v -27027.3900 -184233.6000 59510.0000
v -27027.3500 -184233.6000 59509.9100
v -27027.4900 -184233.6000 59510.1900
v -27027.4400 -184233.6000 59510.1000
v -27027.5900 -184233.6000 59510.3700
v -27027.5400 -184233.6000 59510.2800
v -27027.6900 -184233.6000 59510.5500
v -27027.6400 -184233.6000 59510.4600
v -27027.7900 -184233.6000 59510.7300
v -27027.7400 -184233.6000 59510.6400
v -27027.9000 -184233.6000 59510.9000
v -27027.8500 -184233.6000 59510.8200
v -27028.0100 -184233.6000 59511.0800
v -27027.9600 -184233.6000 59510.9900
v -27028.1300 -184233.6000 59511.2500
v -27028.0700 -184233.6000 59511.1600
v -27028.2400 -184233.6000 59511.4200
v -27028.1900 -184233.6000 59511.3400
v -27028.3600 -184233.6000 59511.5900
v -27028.3000 -184233.6000 59511.5100
v -27028.4900 -184233.6000 59511.7500
v -27028.4300 -184233.6000 59511.6700
v -27028.6100 -184233.6000 59511.9200
v -27028.5500 -184233.6000 59511.8400
v -27028.7400 -184233.6000 59512.0800
v -27028.6800 -184233.6000 59512.0000
v -27028.8700 -184233.6000 59512.2400
v -27028.8100 -184233.6000 59512.1600
v -27029.0100 -184233.6000 59512.4000
v -27028.9400 -184233.6000 59512.3200
v -27029.1400 -184233.6000 59512.5500
v -27029.0800 -184233.6000 59512.4800
v -27029.2800 -184233.6000 59512.7000
v -27029.2100 -184233.6000 59512.6300
v -27029.4300 -184233.6000 59512.8600
v -27029.3600 -184233.6000 59512.7800
v -27029.5700 -184233.6000 59513.0000
v -27029.5000 -184233.6000 59512.9300
v -27029.7200 -184233.6000 59513.1500
v -27029.6400 -184233.6000 59513.0700
v -27029.8700 -184233.6000 59513.2900
v -27029.7900 -184233.6000 59513.2200
v -27030.0200 -184233.6000 59513.4300
v -27029.9500 -184233.6000 59513.3600
v -27030.1800 -184233.6000 59513.5700
v -27030.1000 -184233.6000 59513.5000
v -27030.3300 -184233.6000 59513.7000
v -27030.2500 -184233.6000 59513.6300
v -27030.4900 -184233.6000 59513.8300
v -27030.4100 -184233.6000 59513.7700
v -27030.6500 -184233.6000 59513.9600
v -27030.5700 -184233.6000 59513.9000
v -27030.8200 -184233.6000 59514.0900
v -27030.7400 -184233.6000 59514.0200
v -27030.9800 -184233.6000 59514.2100
v -27030.9000 -184233.6000 59514.1500
v -27031.1500 -184233.6000 59514.3300
v -27031.0700 -184233.6000 59514.2700
v -27031.3200 -184233.6000 59514.4500
v -27031.2400 -184233.6000 59514.3900
v -27031.4900 -184233.6000 59514.5600
v -27031.4100 -184233.6000 59514.5000
v -27031.6700 -184233.6000 59514.6700
v -27031.5800 -184233.6000 59514.6200
v -27031.8500 -184233.6000 59514.7800
v -27031.7600 -184233.6000 59514.7300
v -27032.0200 -184233.6000 59514.8800
v -27031.9400 -184233.6000 59514.8300
v -27032.2000 -184233.6000 59514.9800
v -27032.1200 -184233.6000 59514.9400
v -27032.3800 -184233.6000 59515.0900
v -27032.2900 -184233.6000 59515.0400
v -27032.5700 -184233.6000 59515.1800
v -27032.4800 -184233.6000 59515.1300
v -27032.7500 -184233.6000 59515.2700
v -27032.6600 -184233.6000 59515.2300
v -27032.9400 -184233.6000 59515.3600
v -27032.8500 -184233.6000 59515.3200
v -27033.1300 -184233.6000 59515.4500
v -27033.0400 -184233.6000 59515.4100
v -27033.3200 -184233.6000 59515.5300
v -27033.2200 -184233.6000 59515.4900
v -27033.5100 -184233.6000 59515.6100
v -27033.4100 -184233.6000 59515.5700
v -27033.7000 -184233.6000 59515.6800
v -27033.6100 -184233.6000 59515.6500
v -27033.8900 -184233.6000 59515.7600
v -27033.8000 -184233.6000 59515.7200
v -27034.0900 -184233.6000 59515.8200
v -27033.9900 -184233.6000 59515.7900
v -27034.2900 -184233.6000 59515.8900
v -27034.1900 -184233.6000 59515.8600
v -27034.4800 -184233.6000 59515.9500
v -27034.3800 -184233.6000 59515.9200
v -27034.6800 -184233.6000 59516.0100
v -27034.5800 -184233.6000 59515.9800
v -27034.8800 -184233.6000 59516.0700
v -27034.7800 -184233.6000 59516.0400
v -27035.0800 -184233.6000 59516.1200
v -27034.9800 -184233.6000 59516.0900
v -27035.2800 -184233.6000 59516.1700
v -27035.1800 -184233.6000 59516.1400
v -27035.4800 -184233.6000 59516.2100
v -27035.3800 -184233.6000 59516.1900
v -27035.6900 -184233.6000 59516.2500
v -27035.5800 -184233.6000 59516.2300
v -27035.8900 -184233.6000 59516.2900
v -27035.7900 -184233.6000 59516.2700
v -27036.0900 -184233.6000 59516.3200
v -27035.9900 -184233.6000 59516.3100
v -27036.3000 -184233.6000 59516.3600
v -27036.2000 -184233.6000 59516.3400
v -27036.5000 -184233.6000 59516.3800
v -27036.4000 -184233.6000 59516.3700
v -27036.7100 -184233.6000 59516.4100
v -27036.6100 -184233.6000 59516.3900
v -27036.9100 -184233.6000 59516.4300
v -27036.8100 -184233.6000 59516.4100
v -27037.1200 -184233.6000 59516.4400
v -27037.0200 -184233.6000 59516.4300
v -27037.3200 -184233.6000 59516.4500
v -27037.2200 -184233.6000 59516.4500
v -27037.5300 -184233.6000 59516.4600
v -27037.4300 -184233.6000 59516.4600
v -27037.7400 -184233.6000 59516.4700
v -27037.6300 -184233.6000 59516.4600
v -27037.9400 -184233.6000 59516.4700
v -27037.8400 -184233.6000 59516.4700
v -27038.1500 -184233.6000 59516.4700
v -27038.0500 -184233.6000 59516.4700
v -27038.3600 -184233.6000 59516.4600
v -27038.2600 -184233.6000 59516.4600
v -27038.5600 -184233.6000 59516.4500
v -27038.4600 -184233.6000 59516.4600
v -27038.7700 -184233.6000 59516.4400
v -27038.6700 -184233.6000 59516.4500
v -27038.9800 -184233.6000 59516.4300
v -27038.8800 -184233.6000 59516.4300
v -27039.1800 -184233.6000 59516.4100
v -27039.0800 -184233.6000 59516.4100
v -27039.3900 -184233.6000 59516.3800
v -27039.2900 -184233.6000 59516.3900
v -27039.5900 -184233.6000 59516.3600
v -27039.4900 -184233.6000 59516.3700
v -27039.8000 -184233.6000 59516.3200
v -27039.7000 -184233.6000 59516.3400
v -27040.0000 -184233.6000 59516.2900
v -27039.9000 -184233.6000 59516.3100
v -27040.2000 -184233.6000 59516.2500
v -27040.1000 -184233.6000 59516.2700
v -27040.4100 -184233.6000 59516.2100
v -27040.3100 -184233.6000 59516.2300
v -27040.6100 -184233.6000 59516.1700
v -27040.5100 -184233.6000 59516.1900
v -27040.8100 -184233.6000 59516.1200
v -27040.7100 -184233.6000 59516.1400
v -27041.0100 -184233.6000 59516.0700
v -27040.9100 -184233.6000 59516.0900
v -27041.2100 -184233.6000 59516.0100
v -27041.1100 -184233.6000 59516.0400
v -27041.4100 -184233.6000 59515.9500
v -27041.3100 -184233.6000 59515.9800
v -27041.6000 -184233.6000 59515.8900
v -27041.5100 -184233.6000 59515.9200
v -27041.8000 -184233.6000 59515.8200
v -27041.7000 -184233.6000 59515.8600
v -27041.9900 -184233.6000 59515.7600
v -27041.9000 -184233.6000 59515.7900
v -27042.1900 -184233.6000 59515.6800
v -27042.0900 -184233.6000 59515.7200
v -27042.3800 -184233.6000 59515.6100
v -27042.2900 -184233.6000 59515.6400
v -27042.5700 -184233.6000 59515.5300
v -27042.4800 -184233.6000 59515.5700
v -27042.7600 -184233.6000 59515.4500
v -27042.6700 -184233.6000 59515.4900
v -27042.9500 -184233.6000 59515.3600
v -27042.8600 -184233.6000 59515.4000
v -27043.1300 -184233.6000 59515.2700
v -27043.0400 -184233.6000 59515.3200
v -27043.3200 -184233.6000 59515.1800
v -27043.2300 -184233.6000 59515.2300
v -27043.5000 -184233.6000 59515.0900
v -27043.4100 -184233.6000 59515.1300
v -27043.6900 -184233.6000 59514.9800
v -27043.6000 -184233.6000 59515.0400
v -27043.8700 -184233.6000 59514.8800
v -27043.7800 -184233.6000 59514.9300
v -27044.0400 -184233.6000 59514.7800
v -27043.9600 -184233.6000 59514.8300
v -27044.2200 -184233.6000 59514.6700
v -27044.1300 -184233.6000 59514.7200
v -27044.3900 -184233.6000 59514.5600
v -27044.3100 -184233.6000 59514.6100
v -27044.5700 -184233.6000 59514.4500
v -27044.4800 -184233.6000 59514.5000
v -27044.7400 -184233.6000 59514.3300
v -27044.6500 -184233.6000 59514.3900
v -27044.9000 -184233.6000 59514.2100
v -27044.8200 -184233.6000 59514.2700
v -27045.0700 -184233.6000 59514.0900
v -27044.9900 -184233.6000 59514.1400
v -27045.2300 -184233.6000 59513.9600
v -27045.1500 -184233.6000 59514.0200
v -27045.4000 -184233.6000 59513.8300
v -27045.3200 -184233.6000 59513.8900
v -27045.5600 -184233.6000 59513.7000
v -27045.4800 -184233.6000 59513.7700
v -27045.7100 -184233.6000 59513.5700
v -27045.6300 -184233.6000 59513.6300
v -27045.8700 -184233.6000 59513.4300
v -27045.7900 -184233.6000 59513.5000
v -27046.0200 -184233.6000 59513.2900
v -27045.9500 -184233.6000 59513.3600
v -27046.1700 -184233.6000 59513.1500
v -27046.1000 -184233.6000 59513.2200
v -27046.3200 -184233.6000 59513.0000
v -27046.2400 -184233.6000 59513.0700
v -27046.4600 -184233.6000 59512.8600
v -27046.3900 -184233.6000 59512.9300
v -27046.6100 -184233.6000 59512.7000
v -27046.5400 -184233.6000 59512.7800
v -27046.7400 -184233.6000 59512.5500
v -27046.6800 -184233.6000 59512.6300
v -27046.8800 -184233.6000 59512.4000
v -27046.8100 -184233.6000 59512.4700
v -27047.0200 -184233.6000 59512.2400
v -27046.9500 -184233.6000 59512.3200
v -27047.1500 -184233.6000 59512.0800
v -27047.0800 -184233.6000 59512.1600
v -27047.2800 -184233.6000 59511.9200
v -27047.2100 -184233.6000 59512.0000
v -27047.4000 -184233.6000 59511.7500
v -27047.3400 -184233.6000 59511.8400
v -27047.5300 -184233.6000 59511.5900
v -27047.4600 -184233.6000 59511.6700
v -27047.6400 -184233.6000 59511.4200
v -27047.5900 -184233.6000 59511.5000
v -27047.7600 -184233.6000 59511.2500
v -27047.7000 -184233.6000 59511.3400
v -27047.8800 -184233.6000 59511.0800
v -27047.8200 -184233.6000 59511.1600
v -27047.9900 -184233.6000 59510.9000
v -27047.9300 -184233.6000 59510.9900
v -27048.1000 -184233.6000 59510.7300
v -27048.0400 -184233.6000 59510.8100
v -27048.2000 -184233.6000 59510.5500
v -27048.1500 -184233.6000 59510.6400
v -27048.3000 -184233.6000 59510.3700
v -27048.2500 -184233.6000 59510.4600
v -27048.4000 -184233.6000 59510.1900
v -27048.3500 -184233.6000 59510.2800
v -27048.5000 -184233.6000 59510.0000
v -27048.4500 -184233.6000 59510.0900
v -27048.5900 -184233.6000 59509.8200
v -27048.5400 -184233.6000 59509.9100
v -27048.6800 -184233.6000 59509.6300
v -27048.6300 -184233.6000 59509.7300
v -27048.7600 -184233.6000 59509.4500
v -27048.7200 -184233.6000 59509.5400
v -27048.8500 -184233.6000 59509.2500
v -27048.8000 -184233.6000 59509.3500
v -27048.9200 -184233.6000 59509.0700
v -27048.8800 -184233.6000 59509.1600
v -27049.0000 -184233.6000 59508.8700
v -27048.9600 -184233.6000 59508.9700
v -27049.0700 -184233.6000 59508.6800
v -27049.0400 -184233.6000 59508.7700
v -27049.1400 -184233.6000 59508.4800
v -27049.1100 -184233.6000 59508.5800
v -27049.2100 -184233.6000 59508.2900
v -27049.1700 -184233.6000 59508.3800
v -27049.2700 -184233.6000 59508.0900
v -27049.2400 -184233.6000 59508.1900
v -27049.3300 -184233.6000 59507.8900
v -27049.3000 -184233.6000 59507.9900
v -27049.3800 -184233.6000 59507.7000
v -27049.3600 -184233.6000 59507.7900
v -27049.4300 -184233.6000 59507.4900
v -27049.4100 -184233.6000 59507.5900
v -27049.4800 -184233.6000 59507.2900
v -27049.4600 -184233.6000 59507.3900
v -27049.5300 -184233.6000 59507.0900
v -27049.5100 -184233.6000 59507.1900
v -27049.5700 -184233.6000 59506.8900
v -27049.5500 -184233.6000 59506.9900
v -27049.6100 -184233.6000 59506.6800
v -27049.5900 -184233.6000 59506.7900
v -27049.6400 -184233.6000 59506.4800
v -27049.6200 -184233.6000 59506.5800
v -27049.6700 -184233.6000 59506.2800
v -27049.6600 -184233.6000 59506.3800
v -27049.7000 -184233.6000 59506.0700
v -27049.6900 -184233.6000 59506.1700
v -27049.7200 -184233.6000 59505.8700
v -27049.7100 -184233.6000 59505.9700
v -27049.7400 -184233.6000 59505.6600
v -27049.7300 -184233.6000 59505.7600
v -27049.7600 -184233.6000 59505.4500
v -27049.7500 -184233.6000 59505.5500
v -27049.7700 -184233.6000 59505.2500
v -27049.7600 -184233.6000 59505.3500
v -27049.7800 -184233.6000 59505.0400
v -27049.7800 -184233.6000 59505.1400
v -27049.7900 -184233.6000 59504.8400
v -27049.7800 -184233.6000 59504.9400
v -27049.7900 -184233.6000 59504.7300
v -27049.9600 -184272.6000 59504.6300
v -27046.4900 -184272.6000 59496.2500
v -27038.1200 -184272.6000 59492.7900
v -27029.7400 -184272.6000 59496.2500
v -27026.2800 -184272.6000 59504.6300
v -27029.7400 -184272.6000 59513.0000
v -27038.1200 -184272.6000 59516.4700
v -27046.4900 -184272.6000 59513.0000
v -26931.3700 -184312.5000 59504.6300
v -26931.3700 -184312.5000 59504.8400
v -26931.3700 -184312.5000 59504.7300
v -26931.3600 -184312.5000 59505.0400
v -26931.3600 -184312.5000 59504.9400
v -26931.3500 -184312.5000 59505.2500
v -26931.3600 -184312.5000 59505.1500
v -26931.3400 -184312.5000 59505.4500
v -26931.3400 -184312.5000 59505.3500
v -26931.3200 -184312.5000 59505.6600
v -26931.3300 -184312.5000 59505.5600
v -26931.3000 -184312.5000 59505.8700
v -26931.3100 -184312.5000 59505.7700
v -26931.2800 -184312.5000 59506.0700
v -26931.2900 -184312.5000 59505.9700
v -26931.2500 -184312.5000 59506.2800
v -26931.2700 -184312.5000 59506.1800
v -26931.2200 -184312.5000 59506.4800
v -26931.2400 -184312.5000 59506.3800
v -26931.1900 -184312.5000 59506.6800
v -26931.2000 -184312.5000 59506.5900
v -26931.1500 -184312.5000 59506.8900
v -26931.1700 -184312.5000 59506.7900
v -26931.1100 -184312.5000 59507.0900
v -26931.1300 -184312.5000 59506.9900
v -26931.0600 -184312.5000 59507.2900
v -26931.0900 -184312.5000 59507.1900
v -26931.0200 -184312.5000 59507.4900
v -26931.0400 -184312.5000 59507.3900
v -26930.9600 -184312.5000 59507.7000
v -26930.9900 -184312.5000 59507.5900
v -26930.9100 -184312.5000 59507.8900
v -26930.9400 -184312.5000 59507.7900
v -26930.8500 -184312.5000 59508.0900
v -26930.8800 -184312.5000 59507.9900
v -26930.7900 -184312.5000 59508.2900
v -26930.8200 -184312.5000 59508.1900
v -26930.7200 -184312.5000 59508.4800
v -26930.7500 -184312.5000 59508.3900
v -26930.6500 -184312.5000 59508.6800
v -26930.6900 -184312.5000 59508.5800
v -26930.5800 -184312.5000 59508.8700
v -26930.6200 -184312.5000 59508.7800
v -26930.5000 -184312.5000 59509.0700
v -26930.5400 -184312.5000 59508.9700
v -26930.4300 -184312.5000 59509.2500
v -26930.4600 -184312.5000 59509.1600
v -26930.3400 -184312.5000 59509.4500
v -26930.3800 -184312.5000 59509.3500
v -26930.2600 -184312.5000 59509.6300
v -26930.3000 -184312.5000 59509.5400
v -26930.1700 -184312.5000 59509.8200
v -26930.2100 -184312.5000 59509.7300
v -26930.0800 -184312.5000 59510.0000
v -26930.1200 -184312.5000 59509.9100
v -26929.9800 -184312.5000 59510.1900
v -26930.0300 -184312.5000 59510.1000
v -26929.8800 -184312.5000 59510.3700
v -26929.9300 -184312.5000 59510.2800
v -26929.7800 -184312.5000 59510.5500
v -26929.8300 -184312.5000 59510.4600
v -26929.6800 -184312.5000 59510.7300
v -26929.7300 -184312.5000 59510.6400
v -26929.5700 -184312.5000 59510.9000
v -26929.6200 -184312.5000 59510.8200
v -26929.4600 -184312.5000 59511.0800
v -26929.5100 -184312.5000 59510.9900
v -26929.3400 -184312.5000 59511.2500
v -26929.4000 -184312.5000 59511.1600
v -26929.2200 -184312.5000 59511.4200
v -26929.2800 -184312.5000 59511.3400
v -26929.1100 -184312.5000 59511.5900
v -26929.1600 -184312.5000 59511.5100
v -26928.9800 -184312.5000 59511.7500
v -26929.0400 -184312.5000 59511.6700
v -26928.8600 -184312.5000 59511.9200
v -26928.9200 -184312.5000 59511.8400
v -26928.7300 -184312.5000 59512.0800
v -26928.7900 -184312.5000 59512.0000
v -26928.6000 -184312.5000 59512.2400
v -26928.6600 -184312.5000 59512.1600
v -26928.4600 -184312.5000 59512.4000
v -26928.5300 -184312.5000 59512.3200
v -26928.3200 -184312.5000 59512.5500
v -26928.3900 -184312.5000 59512.4800
v -26928.1900 -184312.5000 59512.7000
v -26928.2500 -184312.5000 59512.6300
v -26928.0400 -184312.5000 59512.8600
v -26928.1100 -184312.5000 59512.7800
v -26927.9000 -184312.5000 59513.0000
v -26927.9700 -184312.5000 59512.9300
v -26927.7500 -184312.5000 59513.1500
v -26927.8200 -184312.5000 59513.0700
v -26927.6000 -184312.5000 59513.2900
v -26927.6800 -184312.5000 59513.2200
v -26927.4500 -184312.5000 59513.4300
v -26927.5200 -184312.5000 59513.3600
v -26927.2900 -184312.5000 59513.5700
v -26927.3700 -184312.5000 59513.5000
v -26927.1400 -184312.5000 59513.7000
v -26927.2100 -184312.5000 59513.6300
v -26926.9800 -184312.5000 59513.8300
v -26927.0600 -184312.5000 59513.7700
v -26926.8200 -184312.5000 59513.9600
v -26926.8900 -184312.5000 59513.9000
v -26926.6500 -184312.5000 59514.0900
v -26926.7300 -184312.5000 59514.0200
v -26926.4900 -184312.5000 59514.2100
v -26926.5700 -184312.5000 59514.1500
v -26926.3200 -184312.5000 59514.3300
v -26926.4000 -184312.5000 59514.2700
v -26926.1500 -184312.5000 59514.4500
v -26926.2300 -184312.5000 59514.3900
v -26925.9700 -184312.5000 59514.5600
v -26926.0600 -184312.5000 59514.5000
v -26925.8000 -184312.5000 59514.6700
v -26925.8900 -184312.5000 59514.6200
v -26925.6200 -184312.5000 59514.7800
v -26925.7100 -184312.5000 59514.7300
v -26925.4500 -184312.5000 59514.8800
v -26925.5300 -184312.5000 59514.8300
v -26925.2700 -184312.5000 59514.9800
v -26925.3600 -184312.5000 59514.9400
v -26925.0800 -184312.5000 59515.0900
v -26925.1700 -184312.5000 59515.0400
v -26924.9000 -184312.5000 59515.1800
v -26924.9900 -184312.5000 59515.1300
v -26924.7200 -184312.5000 59515.2700
v -26924.8100 -184312.5000 59515.2300
v -26924.5300 -184312.5000 59515.3600
v -26924.6200 -184312.5000 59515.3200
v -26924.3400 -184312.5000 59515.4500
v -26924.4300 -184312.5000 59515.4100
v -26924.1500 -184312.5000 59515.5300
v -26924.2500 -184312.5000 59515.4900
v -26923.9600 -184312.5000 59515.6100
v -26924.0500 -184312.5000 59515.5700
v -26923.7700 -184312.5000 59515.6800
v -26923.8600 -184312.5000 59515.6500
v -26923.5700 -184312.5000 59515.7600
v -26923.6700 -184312.5000 59515.7200
v -26923.3800 -184312.5000 59515.8200
v -26923.4800 -184312.5000 59515.7900
v -26923.1800 -184312.5000 59515.8900
v -26923.2800 -184312.5000 59515.8600
v -26922.9900 -184312.5000 59515.9500
v -26923.0800 -184312.5000 59515.9200
v -26922.7900 -184312.5000 59516.0100
v -26922.8900 -184312.5000 59515.9800
v -26922.5900 -184312.5000 59516.0700
v -26922.6900 -184312.5000 59516.0400
v -26922.3900 -184312.5000 59516.1200
v -26922.4900 -184312.5000 59516.0900
v -26922.1900 -184312.5000 59516.1700
v -26922.2900 -184312.5000 59516.1400
v -26921.9900 -184312.5000 59516.2100
v -26922.0900 -184312.5000 59516.1900
v -26921.7900 -184312.5000 59516.2500
v -26921.8800 -184312.5000 59516.2300
v -26921.5800 -184312.5000 59516.2900
v -26921.6800 -184312.5000 59516.2700
v -26921.3800 -184312.5000 59516.3200
v -26921.4800 -184312.5000 59516.3100
v -26921.1700 -184312.5000 59516.3600
v -26921.2700 -184312.5000 59516.3400
v -26920.9700 -184312.5000 59516.3800
v -26921.0700 -184312.5000 59516.3700
v -26920.7600 -184312.5000 59516.4100
v -26920.8600 -184312.5000 59516.3900
v -26920.5600 -184312.5000 59516.4300
v -26920.6600 -184312.5000 59516.4100
v -26920.3500 -184312.5000 59516.4400
v -26920.4500 -184312.5000 59516.4300
v -26920.1400 -184312.5000 59516.4500
v -26920.2500 -184312.5000 59516.4500
v -26919.9400 -184312.5000 59516.4600
v -26920.0400 -184312.5000 59516.4600
v -26919.7300 -184312.5000 59516.4700
v -26919.8300 -184312.5000 59516.4600
v -26919.5300 -184312.5000 59516.4700
v -26919.6300 -184312.5000 59516.4700
v -26919.3200 -184312.5000 59516.4700
v -26919.4200 -184312.5000 59516.4700
v -26919.1100 -184312.5000 59516.4600
v -26919.2100 -184312.5000 59516.4600
v -26918.9000 -184312.5000 59516.4500
v -26919.0100 -184312.5000 59516.4600
v -26918.7000 -184312.5000 59516.4400
v -26918.8000 -184312.5000 59516.4500
v -26918.4900 -184312.5000 59516.4300
v -26918.5900 -184312.5000 59516.4300
v -26918.2900 -184312.5000 59516.4100
v -26918.3900 -184312.5000 59516.4100
v -26918.0800 -184312.5000 59516.3800
v -26918.1800 -184312.5000 59516.3900
v -26917.8800 -184312.5000 59516.3600
v -26917.9800 -184312.5000 59516.3700
v -26917.6700 -184312.5000 59516.3200
v -26917.7700 -184312.5000 59516.3400
v -26917.4700 -184312.5000 59516.2900
v -26917.5700 -184312.5000 59516.3100
v -26917.2700 -184312.5000 59516.2500
v -26917.3700 -184312.5000 59516.2700
v -26917.0600 -184312.5000 59516.2100
v -26917.1600 -184312.5000 59516.2300
v -26916.8600 -184312.5000 59516.1700
v -26916.9600 -184312.5000 59516.1900
v -26916.6600 -184312.5000 59516.1200
v -26916.7600 -184312.5000 59516.1400
v -26916.4600 -184312.5000 59516.0700
v -26916.5600 -184312.5000 59516.0900
v -26916.2600 -184312.5000 59516.0100
v -26916.3600 -184312.5000 59516.0400
v -26916.0600 -184312.5000 59515.9500
v -26916.1600 -184312.5000 59515.9800
v -26915.8700 -184312.5000 59515.8900
v -26915.9600 -184312.5000 59515.9200
v -26915.6700 -184312.5000 59515.8200
v -26915.7700 -184312.5000 59515.8600
v -26915.4700 -184312.5000 59515.7600
v -26915.5700 -184312.5000 59515.7900
v -26915.2800 -184312.5000 59515.6800
v -26915.3800 -184312.5000 59515.7200
v -26915.0900 -184312.5000 59515.6100
v -26915.1800 -184312.5000 59515.6400
v -26914.9000 -184312.5000 59515.5300
v -26914.9900 -184312.5000 59515.5700
v -26914.7100 -184312.5000 59515.4500
v -26914.8000 -184312.5000 59515.4900
v -26914.5200 -184312.5000 59515.3600
v -26914.6100 -184312.5000 59515.4000
v -26914.3300 -184312.5000 59515.2700
v -26914.4300 -184312.5000 59515.3200
v -26914.1500 -184312.5000 59515.1800
v -26914.2400 -184312.5000 59515.2300
v -26913.9600 -184312.5000 59515.0900
v -26914.0600 -184312.5000 59515.1300
v -26913.7800 -184312.5000 59514.9800
v -26913.8700 -184312.5000 59515.0400
v -26913.6000 -184312.5000 59514.8800
v -26913.6900 -184312.5000 59514.9300
v -26913.4300 -184312.5000 59514.7800
v -26913.5100 -184312.5000 59514.8300
v -26913.2500 -184312.5000 59514.6700
v -26913.3400 -184312.5000 59514.7200
v -26913.0800 -184312.5000 59514.5600
v -26913.1600 -184312.5000 59514.6100
v -26912.9000 -184312.5000 59514.4500
v -26912.9900 -184312.5000 59514.5000
v -26912.7300 -184312.5000 59514.3300
v -26912.8200 -184312.5000 59514.3900
v -26912.5600 -184312.5000 59514.2100
v -26912.6500 -184312.5000 59514.2700
v -26912.4000 -184312.5000 59514.0900
v -26912.4800 -184312.5000 59514.1400
v -26912.2300 -184312.5000 59513.9600
v -26912.3100 -184312.5000 59514.0200
v -26912.0700 -184312.5000 59513.8300
v -26912.1500 -184312.5000 59513.8900
v -26911.9100 -184312.5000 59513.7000
v -26911.9900 -184312.5000 59513.7700
v -26911.7600 -184312.5000 59513.5700
v -26911.8300 -184312.5000 59513.6300
v -26911.6000 -184312.5000 59513.4300
v -26911.6800 -184312.5000 59513.5000
v -26911.4500 -184312.5000 59513.2900
v -26911.5200 -184312.5000 59513.3600
v -26911.3000 -184312.5000 59513.1500
v -26911.3700 -184312.5000 59513.2200
v -26911.1500 -184312.5000 59513.0000
v -26911.2200 -184312.5000 59513.0700
v -26911.0100 -184312.5000 59512.8600
v -26911.0800 -184312.5000 59512.9300
v -26910.8600 -184312.5000 59512.7000
v -26910.9300 -184312.5000 59512.7800
v -26910.7200 -184312.5000 59512.5500
v -26910.7900 -184312.5000 59512.6300
v -26910.5900 -184312.5000 59512.4000
v -26910.6600 -184312.5000 59512.4700
v -26910.4500 -184312.5000 59512.2400
v -26910.5200 -184312.5000 59512.3200
v -26910.3200 -184312.5000 59512.0800
v -26910.3900 -184312.5000 59512.1600
v -26910.1900 -184312.5000 59511.9200
v -26910.2600 -184312.5000 59512.0000
v -26910.0700 -184312.5000 59511.7500
v -26910.1300 -184312.5000 59511.8400
v -26909.9500 -184312.5000 59511.5900
v -26910.0100 -184312.5000 59511.6700
v -26909.8200 -184312.5000 59511.4200
v -26909.8800 -184312.5000 59511.5000
v -26909.7100 -184312.5000 59511.2500
v -26909.7700 -184312.5000 59511.3400
v -26909.5900 -184312.5000 59511.0800
v -26909.6500 -184312.5000 59511.1600
v -26909.4800 -184312.5000 59510.9000
v -26909.5400 -184312.5000 59510.9900
v -26909.3800 -184312.5000 59510.7300
v -26909.4300 -184312.5000 59510.8100
v -26909.2700 -184312.5000 59510.5500
v -26909.3200 -184312.5000 59510.6400
v -26909.1700 -184312.5000 59510.3700
v -26909.2200 -184312.5000 59510.4600
v -26909.0700 -184312.5000 59510.1900
v -26909.1200 -184312.5000 59510.2800
v -26908.9700 -184312.5000 59510.0000
v -26909.0200 -184312.5000 59510.0900
v -26908.8800 -184312.5000 59509.8200
v -26908.9300 -184312.5000 59509.9100
v -26908.7900 -184312.5000 59509.6300
v -26908.8400 -184312.5000 59509.7300
v -26908.7100 -184312.5000 59509.4500
v -26908.7500 -184312.5000 59509.5400
v -26908.6200 -184312.5000 59509.2500
v -26908.6600 -184312.5000 59509.3500
v -26908.5400 -184312.5000 59509.0700
v -26908.5800 -184312.5000 59509.1600
v -26908.4700 -184312.5000 59508.8700
v -26908.5100 -184312.5000 59508.9700
v -26908.4000 -184312.5000 59508.6800
v -26908.4300 -184312.5000 59508.7700
v -26908.3300 -184312.5000 59508.4800
v -26908.3600 -184312.5000 59508.5800
v -26908.2600 -184312.5000 59508.2900
v -26908.2900 -184312.5000 59508.3800
v -26908.2000 -184312.5000 59508.0900
v -26908.2300 -184312.5000 59508.1900
v -26908.1400 -184312.5000 59507.8900
v -26908.1700 -184312.5000 59507.9900
v -26908.0900 -184312.5000 59507.7000
v -26908.1100 -184312.5000 59507.7900
v -26908.0400 -184312.5000 59507.4900
v -26908.0600 -184312.5000 59507.5900
v -26907.9900 -184312.5000 59507.2900
v -26908.0100 -184312.5000 59507.3900
v -26907.9400 -184312.5000 59507.0900
v -26907.9600 -184312.5000 59507.1900
v -26907.9000 -184312.5000 59506.8900
v -26907.9200 -184312.5000 59506.9900
v -26907.8600 -184312.5000 59506.6800
v -26907.8800 -184312.5000 59506.7900
v -26907.8300 -184312.5000 59506.4800
v -26907.8500 -184312.5000 59506.5800
v -26907.8000 -184312.5000 59506.2800
v -26907.8100 -184312.5000 59506.3800
v -26907.7700 -184312.5000 59506.0700
v -26907.7900 -184312.5000 59506.1700
v -26907.7500 -184312.5000 59505.8700
v -26907.7600 -184312.5000 59505.9700
v -26907.7300 -184312.5000 59505.6600
v -26907.7400 -184312.5000 59505.7600
v -26907.7100 -184312.5000 59505.4500
v -26907.7200 -184312.5000 59505.5500
v -26907.7000 -184312.5000 59505.2500
v -26907.7100 -184312.5000 59505.3500
v -26907.6900 -184312.5000 59505.0400
v -26907.7000 -184312.5000 59505.1400
v -26907.6900 -184312.5000 59504.8400
v -26907.6900 -184312.5000 59504.9400
v -26907.6800 -184312.5000 59504.6300
v -26907.6800 -184312.5000 59504.7300
v -26907.6900 -184312.5000 59504.4200
v -26907.6800 -184312.5000 59504.5200
v -26907.6900 -184312.5000 59504.2100
v -26907.6900 -184312.5000 59504.3200
v -26907.7000 -184312.5000 59504.0100
v -26907.7000 -184312.5000 59504.1100
v -26907.7100 -184312.5000 59503.8000
v -26907.7100 -184312.5000 59503.9000
v -26907.7300 -184312.5000 59503.6000
v -26907.7200 -184312.5000 59503.7000
v -26907.7500 -184312.5000 59503.3900
v -26907.7400 -184312.5000 59503.4900
v -26907.7700 -184312.5000 59503.1800
v -26907.7600 -184312.5000 59503.2900
v -26907.8000 -184312.5000 59502.9800
v -26907.7900 -184312.5000 59503.0800
v -26907.8300 -184312.5000 59502.7800
v -26907.8100 -184312.5000 59502.8800
v -26907.8600 -184312.5000 59502.5700
v -26907.8500 -184312.5000 59502.6700
v -26907.9000 -184312.5000 59502.3700
v -26907.8800 -184312.5000 59502.4700
v -26907.9400 -184312.5000 59502.1700
v -26907.9200 -184312.5000 59502.2700
v -26907.9900 -184312.5000 59501.9600
v -26907.9600 -184312.5000 59502.0600
v -26908.0400 -184312.5000 59501.7600
v -26908.0100 -184312.5000 59501.8600
v -26908.0900 -184312.5000 59501.5600
v -26908.0600 -184312.5000 59501.6600
v -26908.1400 -184312.5000 59501.3600
v -26908.1200 -184312.5000 59501.4600
v -26908.2000 -184312.5000 59501.1700
v -26908.1700 -184312.5000 59501.2700
v -26908.2600 -184312.5000 59500.9700
v -26908.2300 -184312.5000 59501.0700
v -26908.3300 -184312.5000 59500.7700
v -26908.2900 -184312.5000 59500.8700
v -26908.4000 -184312.5000 59500.5800
v -26908.3600 -184312.5000 59500.6800
v -26908.4700 -184312.5000 59500.3800
v -26908.4300 -184312.5000 59500.4800
v -26908.5400 -184312.5000 59500.1900
v -26908.5100 -184312.5000 59500.2900
v -26908.6200 -184312.5000 59500.0000
v -26908.5900 -184312.5000 59500.0900
v -26908.7100 -184312.5000 59499.8100
v -26908.6700 -184312.5000 59499.9100
v -26908.7900 -184312.5000 59499.6200
v -26908.7500 -184312.5000 59499.7100
v -26908.8800 -184312.5000 59499.4400
v -26908.8400 -184312.5000 59499.5300
v -26908.9700 -184312.5000 59499.2500
v -26908.9300 -184312.5000 59499.3400
v -26909.0700 -184312.5000 59499.0700
v -26909.0200 -184312.5000 59499.1600
v -26909.1700 -184312.5000 59498.8900
v -26909.1200 -184312.5000 59498.9800
v -26909.2700 -184312.5000 59498.7100
v -26909.2200 -184312.5000 59498.8000
v -26909.3800 -184312.5000 59498.5300
v -26909.3200 -184312.5000 59498.6200
v -26909.4800 -184312.5000 59498.3500
v -26909.4300 -184312.5000 59498.4400
v -26909.5900 -184312.5000 59498.1800
v -26909.5400 -184312.5000 59498.2700
v -26909.7100 -184312.5000 59498.0100
v -26909.6500 -184312.5000 59498.0900
v -26909.8200 -184312.5000 59497.8400
v -26909.7700 -184312.5000 59497.9200
v -26909.9500 -184312.5000 59497.6700
v -26909.8800 -184312.5000 59497.7500
v -26910.0700 -184312.5000 59497.5000
v -26910.0100 -184312.5000 59497.5800
v -26910.1900 -184312.5000 59497.3400
v -26910.1300 -184312.5000 59497.4200
v -26910.3200 -184312.5000 59497.1800
v -26910.2600 -184312.5000 59497.2500
v -26910.4500 -184312.5000 59497.0200
v -26910.3900 -184312.5000 59497.0900
v -26910.5900 -184312.5000 59496.8600
v -26910.5200 -184312.5000 59496.9400
v -26910.7200 -184312.5000 59496.7000
v -26910.6600 -184312.5000 59496.7800
v -26910.8600 -184312.5000 59496.5500
v -26910.7900 -184312.5000 59496.6300
v -26911.0100 -184312.5000 59496.4000
v -26910.9400 -184312.5000 59496.4800
v -26911.1500 -184312.5000 59496.2500
v -26911.0800 -184312.5000 59496.3300
v -26911.3000 -184312.5000 59496.1100
v -26911.2300 -184312.5000 59496.1800
v -26911.4500 -184312.5000 59495.9700
v -26911.3800 -184312.5000 59496.0400
v -26911.6000 -184312.5000 59495.8300
v -26911.5300 -184312.5000 59495.9000
v -26911.7600 -184312.5000 59495.6900
v -26911.6800 -184312.5000 59495.7600
v -26911.9100 -184312.5000 59495.5600
v -26911.8400 -184312.5000 59495.6200
v -26912.0700 -184312.5000 59495.4300
v -26911.9900 -184312.5000 59495.4900
v -26912.2300 -184312.5000 59495.3000
v -26912.1500 -184312.5000 59495.3600
v -26912.4000 -184312.5000 59495.1700
v -26912.3200 -184312.5000 59495.2300
v -26912.5600 -184312.5000 59495.0500
v -26912.4800 -184312.5000 59495.1100
v -26912.7300 -184312.5000 59494.9300
v -26912.6500 -184312.5000 59494.9900
v -26912.9000 -184312.5000 59494.8100
v -26912.8200 -184312.5000 59494.8700
v -26913.0800 -184312.5000 59494.7000
v -26912.9900 -184312.5000 59494.7500
v -26913.2500 -184312.5000 59494.5900
v -26913.1600 -184312.5000 59494.6400
v -26913.4300 -184312.5000 59494.4800
v -26913.3400 -184312.5000 59494.5300
v -26913.6000 -184312.5000 59494.3800
v -26913.5200 -184312.5000 59494.4300
v -26913.7800 -184312.5000 59494.2700
v -26913.7000 -184312.5000 59494.3200
v -26913.9600 -184312.5000 59494.1700
v -26913.8800 -184312.5000 59494.2200
v -26914.1500 -184312.5000 59494.0800
v -26914.0600 -184312.5000 59494.1200
v -26914.3300 -184312.5000 59493.9800
v -26914.2400 -184312.5000 59494.0300
v -26914.5200 -184312.5000 59493.8900
v -26914.4300 -184312.5000 59493.9400
v -26914.7100 -184312.5000 59493.8100
v -26914.6200 -184312.5000 59493.8500
v -26914.9000 -184312.5000 59493.7300
v -26914.8000 -184312.5000 59493.7700
v -26915.0900 -184312.5000 59493.6500
v -26914.9900 -184312.5000 59493.6900
v -26915.2800 -184312.5000 59493.5700
v -26915.1900 -184312.5000 59493.6100
v -26915.4700 -184312.5000 59493.5000
v -26915.3800 -184312.5000 59493.5400
v -26915.6700 -184312.5000 59493.4300
v -26915.5700 -184312.5000 59493.4600
v -26915.8700 -184312.5000 59493.3700
v -26915.7700 -184312.5000 59493.4000
v -26916.0600 -184312.5000 59493.3000
v -26915.9600 -184312.5000 59493.3400
v -26916.2600 -184312.5000 59493.2500
v -26916.1600 -184312.5000 59493.2700
v -26916.4600 -184312.5000 59493.1900
v -26916.3600 -184312.5000 59493.2200
v -26916.6600 -184312.5000 59493.1400
v -26916.5600 -184312.5000 59493.1600
v -26916.8600 -184312.5000 59493.0900
v -26916.7600 -184312.5000 59493.1100
v -26917.0600 -184312.5000 59493.0500
v -26916.9600 -184312.5000 59493.0700
v -26917.2700 -184312.5000 59493.0000
v -26917.1700 -184312.5000 59493.0200
v -26917.4700 -184312.5000 59492.9600
v -26917.3700 -184312.5000 59492.9800
v -26917.6700 -184312.5000 59492.9300
v -26917.5700 -184312.5000 59492.9500
v -26917.8800 -184312.5000 59492.9000
v -26917.7800 -184312.5000 59492.9200
v -26918.0800 -184312.5000 59492.8800
v -26917.9800 -184312.5000 59492.8900
v -26918.2900 -184312.5000 59492.8500
v -26918.1900 -184312.5000 59492.8600
v -26918.4900 -184312.5000 59492.8300
v -26918.3900 -184312.5000 59492.8400
v -26918.7000 -184312.5000 59492.8200
v -26918.6000 -184312.5000 59492.8200
v -26918.9000 -184312.5000 59492.8000
v -26918.8000 -184312.5000 59492.8100
v -26919.1100 -184312.5000 59492.7900
v -26919.0100 -184312.5000 59492.8000
v -26919.3200 -184312.5000 59492.7900
v -26919.2200 -184312.5000 59492.7900
v -26919.5300 -184312.5000 59492.7900
v -26919.4200 -184312.5000 59492.7900
v -26919.7300 -184312.5000 59492.7900
v -26919.6300 -184312.5000 59492.7900
v -26919.9400 -184312.5000 59492.7900
v -26919.8400 -184312.5000 59492.7900
v -26920.1400 -184312.5000 59492.8000
v -26920.0400 -184312.5000 59492.8000
v -26920.3500 -184312.5000 59492.8200
v -26920.2500 -184312.5000 59492.8100
v -26920.5600 -184312.5000 59492.8300
v -26920.4600 -184312.5000 59492.8200
v -26920.7600 -184312.5000 59492.8500
v -26920.6600 -184312.5000 59492.8400
v -26920.9700 -184312.5000 59492.8800
v -26920.8700 -184312.5000 59492.8600
v -26921.1700 -184312.5000 59492.9000
v -26921.0700 -184312.5000 59492.8900
v -26921.3800 -184312.5000 59492.9300
v -26921.2800 -184312.5000 59492.9200
v -26921.5800 -184312.5000 59492.9600
v -26921.4800 -184312.5000 59492.9500
v -26921.7900 -184312.5000 59493.0000
v -26921.6800 -184312.5000 59492.9800
v -26921.9900 -184312.5000 59493.0500
v -26921.8900 -184312.5000 59493.0200
v -26922.1900 -184312.5000 59493.0900
v -26922.0900 -184312.5000 59493.0700
v -26922.3900 -184312.5000 59493.1400
v -26922.2900 -184312.5000 59493.1100
v -26922.5900 -184312.5000 59493.1900
v -26922.4900 -184312.5000 59493.1600
v -26922.7900 -184312.5000 59493.2500
v -26922.6900 -184312.5000 59493.2200
v -26922.9900 -184312.5000 59493.3000
v -26922.8900 -184312.5000 59493.2700
v -26923.1800 -184312.5000 59493.3700
v -26923.0900 -184312.5000 59493.3400
v -26923.3800 -184312.5000 59493.4300
v -26923.2800 -184312.5000 59493.4000
v -26923.5700 -184312.5000 59493.5000
v -26923.4800 -184312.5000 59493.4600
v -26923.7700 -184312.5000 59493.5700
v -26923.6700 -184312.5000 59493.5400
v -26923.9600 -184312.5000 59493.6500
v -26923.8700 -184312.5000 59493.6100
v -26924.1500 -184312.5000 59493.7300
v -26924.0600 -184312.5000 59493.6900
v -26924.3400 -184312.5000 59493.8100
v -26924.2500 -184312.5000 59493.7700
v -26924.5300 -184312.5000 59493.8900
v -26924.4400 -184312.5000 59493.8600
v -26924.7200 -184312.5000 59493.9800
v -26924.6200 -184312.5000 59493.9400
v -26924.9000 -184312.5000 59494.0800
v -26924.8100 -184312.5000 59494.0300
v -26925.0800 -184312.5000 59494.1700
v -26924.9900 -184312.5000 59494.1200
v -26925.2700 -184312.5000 59494.2700
v -26925.1800 -184312.5000 59494.2200
v -26925.4500 -184312.5000 59494.3800
v -26925.3600 -184312.5000 59494.3200
v -26925.6200 -184312.5000 59494.4800
v -26925.5400 -184312.5000 59494.4300
v -26925.8000 -184312.5000 59494.5900
v -26925.7100 -184312.5000 59494.5300
v -26925.9700 -184312.5000 59494.7000
v -26925.8900 -184312.5000 59494.6400
v -26926.1500 -184312.5000 59494.8100
v -26926.0600 -184312.5000 59494.7500
v -26926.3200 -184312.5000 59494.9300
v -26926.2300 -184312.5000 59494.8700
v -26926.4900 -184312.5000 59495.0500
v -26926.4000 -184312.5000 59494.9900
v -26926.6500 -184312.5000 59495.1700
v -26926.5700 -184312.5000 59495.1100
v -26926.8200 -184312.5000 59495.3000
v -26926.7300 -184312.5000 59495.2300
v -26926.9800 -184312.5000 59495.4300
v -26926.9000 -184312.5000 59495.3600
v -26927.1400 -184312.5000 59495.5600
v -26927.0600 -184312.5000 59495.4900
v -26927.2900 -184312.5000 59495.6900
v -26927.2200 -184312.5000 59495.6200
v -26927.4500 -184312.5000 59495.8300
v -26927.3700 -184312.5000 59495.7600
v -26927.6000 -184312.5000 59495.9700
v -26927.5300 -184312.5000 59495.9000
v -26927.7500 -184312.5000 59496.1100
v -26927.6800 -184312.5000 59496.0400
v -26927.9000 -184312.5000 59496.2500
v -26927.8300 -184312.5000 59496.1800
v -26928.0400 -184312.5000 59496.4000
v -26927.9700 -184312.5000 59496.3300
v -26928.1900 -184312.5000 59496.5500
v -26928.1200 -184312.5000 59496.4800
v -26928.3200 -184312.5000 59496.7000
v -26928.2600 -184312.5000 59496.6300
v -26928.4600 -184312.5000 59496.8600
v -26928.3900 -184312.5000 59496.7900
v -26928.6000 -184312.5000 59497.0200
v -26928.5300 -184312.5000 59496.9400
v -26928.7300 -184312.5000 59497.1800
v -26928.6600 -184312.5000 59497.1000
v -26928.8600 -184312.5000 59497.3400
v -26928.7900 -184312.5000 59497.2600
v -26928.9800 -184312.5000 59497.5000
v -26928.9200 -184312.5000 59497.4200
v -26929.1100 -184312.5000 59497.6700
v -26929.0400 -184312.5000 59497.5900
v -26929.2200 -184312.5000 59497.8400
v -26929.1700 -184312.5000 59497.7500
v -26929.3400 -184312.5000 59498.0100
v -26929.2900 -184312.5000 59497.9200
v -26929.4600 -184312.5000 59498.1800
v -26929.4000 -184312.5000 59498.0900
v -26929.5700 -184312.5000 59498.3500
v -26929.5100 -184312.5000 59498.2700
v -26929.6800 -184312.5000 59498.5300
v -26929.6200 -184312.5000 59498.4400
v -26929.7800 -184312.5000 59498.7100
v -26929.7300 -184312.5000 59498.6200
v -26929.8800 -184312.5000 59498.8900
v -26929.8300 -184312.5000 59498.8000
v -26929.9800 -184312.5000 59499.0700
v -26929.9300 -184312.5000 59498.9800
v -26930.0800 -184312.5000 59499.2500
v -26930.0300 -184312.5000 59499.1600
v -26930.1700 -184312.5000 59499.4400
v -26930.1200 -184312.5000 59499.3500
v -26930.2600 -184312.5000 59499.6200
v -26930.2100 -184312.5000 59499.5300
v -26930.3400 -184312.5000 59499.8100
v -26930.3000 -184312.5000 59499.7200
v -26930.4300 -184312.5000 59500.0000
v -26930.3800 -184312.5000 59499.9100
v -26930.5000 -184312.5000 59500.1900
v -26930.4600 -184312.5000 59500.1000
v -26930.5800 -184312.5000 59500.3800
v -26930.5400 -184312.5000 59500.2900
v -26930.6500 -184312.5000 59500.5800
v -26930.6200 -184312.5000 59500.4800
v -26930.7200 -184312.5000 59500.7700
v -26930.6900 -184312.5000 59500.6800
v -26930.7900 -184312.5000 59500.9700
v -26930.7500 -184312.5000 59500.8700
v -26930.8500 -184312.5000 59501.1700
v -26930.8200 -184312.5000 59501.0700
v -26930.9100 -184312.5000 59501.3600
v -26930.8800 -184312.5000 59501.2700
v -26930.9600 -184312.5000 59501.5600
v -26930.9400 -184312.5000 59501.4600
v -26931.0200 -184312.5000 59501.7600
v -26930.9900 -184312.5000 59501.6600
v -26931.0600 -184312.5000 59501.9600
v -26931.0400 -184312.5000 59501.8700
v -26931.1100 -184312.5000 59502.1700
v -26931.0900 -184312.5000 59502.0700
v -26931.1500 -184312.5000 59502.3700
v -26931.1300 -184312.5000 59502.2700
v -26931.1900 -184312.5000 59502.5700
v -26931.1700 -184312.5000 59502.4700
v -26931.2200 -184312.5000 59502.7800
v -26931.2100 -184312.5000 59502.6800
v -26931.2500 -184312.5000 59502.9800
v -26931.2400 -184312.5000 59502.8800
v -26931.2800 -184312.5000 59503.1800
v -26931.2700 -184312.5000 59503.0900
v -26931.3000 -184312.5000 59503.3900
v -26931.2900 -184312.5000 59503.2900
v -26931.3200 -184312.5000 59503.6000
v -26931.3100 -184312.5000 59503.5000
v -26931.3400 -184312.5000 59503.8000
v -26931.3300 -184312.5000 59503.7000
v -26931.3500 -184312.5000 59504.0100
v -26931.3400 -184312.5000 59503.9100
v -26931.3600 -184312.5000 59504.2100
v -26931.3600 -184312.5000 59504.1100
v -26931.3700 -184312.5000 59504.4200
v -26931.3600 -184312.5000 59504.3200
v -26931.3700 -184312.5000 59504.5300
v -26931.3700 -184233.6000 59504.6300
v -26931.3700 -184233.6000 59504.4200
v -26931.3700 -184233.6000 59504.5200
v -26931.3600 -184233.6000 59504.2100
v -26931.3600 -184233.6000 59504.3200
v -26931.3500 -184233.6000 59504.0100
v -26931.3600 -184233.6000 59504.1100
v -26931.3400 -184233.6000 59503.8000
v -26931.3400 -184233.6000 59503.9000
v -26931.3200 -184233.6000 59503.6000
v -26931.3300 -184233.6000 59503.7000
v -26931.3000 -184233.6000 59503.3900
v -26931.3100 -184233.6000 59503.4900
v -26931.2800 -184233.6000 59503.1800
v -26931.2900 -184233.6000 59503.2900
v -26931.2500 -184233.6000 59502.9800
v -26931.2700 -184233.6000 59503.0800
v -26931.2200 -184233.6000 59502.7800
v -26931.2400 -184233.6000 59502.8800
v -26931.1900 -184233.6000 59502.5700
v -26931.2000 -184233.6000 59502.6700
v -26931.1500 -184233.6000 59502.3700
v -26931.1700 -184233.6000 59502.4700
v -26931.1100 -184233.6000 59502.1700
v -26931.1300 -184233.6000 59502.2700
v -26931.0600 -184233.6000 59501.9600
v -26931.0900 -184233.6000 59502.0600
v -26931.0200 -184233.6000 59501.7600
v -26931.0400 -184233.6000 59501.8600
v -26930.9600 -184233.6000 59501.5600
v -26930.9900 -184233.6000 59501.6600
v -26930.9100 -184233.6000 59501.3600
v -26930.9400 -184233.6000 59501.4600
v -26930.8500 -184233.6000 59501.1700
v -26930.8800 -184233.6000 59501.2700
v -26930.7900 -184233.6000 59500.9700
v -26930.8200 -184233.6000 59501.0700
v -26930.7200 -184233.6000 59500.7700
v -26930.7500 -184233.6000 59500.8700
v -26930.6500 -184233.6000 59500.5800
v -26930.6900 -184233.6000 59500.6800
v -26930.5800 -184233.6000 59500.3800
v -26930.6200 -184233.6000 59500.4800
v -26930.5000 -184233.6000 59500.1900
v -26930.5400 -184233.6000 59500.2900
v -26930.4300 -184233.6000 59500.0000
v -26930.4600 -184233.6000 59500.0900
v -26930.3400 -184233.6000 59499.8100
v -26930.3800 -184233.6000 59499.9100
v -26930.2600 -184233.6000 59499.6200
v -26930.3000 -184233.6000 59499.7100
v -26930.1700 -184233.6000 59499.4400
v -26930.2100 -184233.6000 59499.5300
v -26930.0800 -184233.6000 59499.2500
v -26930.1200 -184233.6000 59499.3400
v -26929.9800 -184233.6000 59499.0700
v -26930.0300 -184233.6000 59499.1600
v -26929.8800 -184233.6000 59498.8900
v -26929.9300 -184233.6000 59498.9800
v -26929.7800 -184233.6000 59498.7100
v -26929.8300 -184233.6000 59498.8000
v -26929.6800 -184233.6000 59498.5300
v -26929.7300 -184233.6000 59498.6200
v -26929.5700 -184233.6000 59498.3500
v -26929.6200 -184233.6000 59498.4400
v -26929.4600 -184233.6000 59498.1800
v -26929.5100 -184233.6000 59498.2700
v -26929.3400 -184233.6000 59498.0100
v -26929.4000 -184233.6000 59498.0900
v -26929.2200 -184233.6000 59497.8400
v -26929.2800 -184233.6000 59497.9200
v -26929.1100 -184233.6000 59497.6700
v -26929.1600 -184233.6000 59497.7500
v -26928.9800 -184233.6000 59497.5000
v -26929.0400 -184233.6000 59497.5800
v -26928.8600 -184233.6000 59497.3400
v -26928.9200 -184233.6000 59497.4200
v -26928.7300 -184233.6000 59497.1800
v -26928.7900 -184233.6000 59497.2500
v -26928.6000 -184233.6000 59497.0200
v -26928.6600 -184233.6000 59497.0900
v -26928.4600 -184233.6000 59496.8600
v -26928.5300 -184233.6000 59496.9400
v -26928.3200 -184233.6000 59496.7000
v -26928.3900 -184233.6000 59496.7800
v -26928.1900 -184233.6000 59496.5500
v -26928.2500 -184233.6000 59496.6300
v -26928.0400 -184233.6000 59496.4000
v -26928.1100 -184233.6000 59496.4800
v -26927.9000 -184233.6000 59496.2500
v -26927.9700 -184233.6000 59496.3300
v -26927.7500 -184233.6000 59496.1100
v -26927.8200 -184233.6000 59496.1800
v -26927.6000 -184233.6000 59495.9700
v -26927.6800 -184233.6000 59496.0400
v -26927.4500 -184233.6000 59495.8300
v -26927.5200 -184233.6000 59495.9000
v -26927.2900 -184233.6000 59495.6900
v -26927.3700 -184233.6000 59495.7600
v -26927.1400 -184233.6000 59495.5600
v -26927.2100 -184233.6000 59495.6200
v -26926.9800 -184233.6000 59495.4300
v -26927.0600 -184233.6000 59495.4900
v -26926.8200 -184233.6000 59495.3000
v -26926.8900 -184233.6000 59495.3600
v -26926.6500 -184233.6000 59495.1700
v -26926.7300 -184233.6000 59495.2300
v -26926.4900 -184233.6000 59495.0500
v -26926.5700 -184233.6000 59495.1100
v -26926.3200 -184233.6000 59494.9300
v -26926.4000 -184233.6000 59494.9900
v -26926.1500 -184233.6000 59494.8100
v -26926.2300 -184233.6000 59494.8700
v -26925.9700 -184233.6000 59494.7000
v -26926.0600 -184233.6000 59494.7500
v -26925.8000 -184233.6000 59494.5900
v -26925.8900 -184233.6000 59494.6400
v -26925.6200 -184233.6000 59494.4800
v -26925.7100 -184233.6000 59494.5300
v -26925.4500 -184233.6000 59494.3800
v -26925.5300 -184233.6000 59494.4300
v -26925.2700 -184233.6000 59494.2700
v -26925.3600 -184233.6000 59494.3200
v -26925.0800 -184233.6000 59494.1700
v -26925.1700 -184233.6000 59494.2200
v -26924.9000 -184233.6000 59494.0800
v -26924.9900 -184233.6000 59494.1200
v -26924.7200 -184233.6000 59493.9800
v -26924.8100 -184233.6000 59494.0300
v -26924.5300 -184233.6000 59493.8900
v -26924.6200 -184233.6000 59493.9400
v -26924.3400 -184233.6000 59493.8100
v -26924.4300 -184233.6000 59493.8500
v -26924.1500 -184233.6000 59493.7300
v -26924.2500 -184233.6000 59493.7700
v -26923.9600 -184233.6000 59493.6500
v -26924.0500 -184233.6000 59493.6900
v -26923.7700 -184233.6000 59493.5700
v -26923.8600 -184233.6000 59493.6100
v -26923.5700 -184233.6000 59493.5000
v -26923.6700 -184233.6000 59493.5400
v -26923.3800 -184233.6000 59493.4300
v -26923.4800 -184233.6000 59493.4600
v -26923.1800 -184233.6000 59493.3700
v -26923.2800 -184233.6000 59493.4000
v -26922.9900 -184233.6000 59493.3000
v -26923.0800 -184233.6000 59493.3400
v -26922.7900 -184233.6000 59493.2500
v -26922.8900 -184233.6000 59493.2700
v -26922.5900 -184233.6000 59493.1900
v -26922.6900 -184233.6000 59493.2200
v -26922.3900 -184233.6000 59493.1400
v -26922.4900 -184233.6000 59493.1600
v -26922.1900 -184233.6000 59493.0900
v -26922.2900 -184233.6000 59493.1100
v -26921.9900 -184233.6000 59493.0500
v -26922.0900 -184233.6000 59493.0700
v -26921.7900 -184233.6000 59493.0000
v -26921.8800 -184233.6000 59493.0200
v -26921.5800 -184233.6000 59492.9600
v -26921.6800 -184233.6000 59492.9800
v -26921.3800 -184233.6000 59492.9300
v -26921.4800 -184233.6000 59492.9500
v -26921.1700 -184233.6000 59492.9000
v -26921.2700 -184233.6000 59492.9200
v -26920.9700 -184233.6000 59492.8800
v -26921.0700 -184233.6000 59492.8900
v -26920.7600 -184233.6000 59492.8500
v -26920.8600 -184233.6000 59492.8600
v -26920.5600 -184233.6000 59492.8300
v -26920.6600 -184233.6000 59492.8400
v -26920.3500 -184233.6000 59492.8200
v -26920.4500 -184233.6000 59492.8200
v -26920.1400 -184233.6000 59492.8000
v -26920.2500 -184233.6000 59492.8100
v -26919.9400 -184233.6000 59492.7900
v -26920.0400 -184233.6000 59492.8000
v -26919.7300 -184233.6000 59492.7900
v -26919.8300 -184233.6000 59492.7900
v -26919.5300 -184233.6000 59492.7900
v -26919.6300 -184233.6000 59492.7900
v -26919.3200 -184233.6000 59492.7900
v -26919.4200 -184233.6000 59492.7900
v -26919.1100 -184233.6000 59492.7900
v -26919.2100 -184233.6000 59492.7900
v -26918.9000 -184233.6000 59492.8000
v -26919.0100 -184233.6000 59492.8000
v -26918.7000 -184233.6000 59492.8200
v -26918.8000 -184233.6000 59492.8100
v -26918.4900 -184233.6000 59492.8300
v -26918.5900 -184233.6000 59492.8200
v -26918.2900 -184233.6000 59492.8500
v -26918.3900 -184233.6000 59492.8400
v -26918.0800 -184233.6000 59492.8800
v -26918.1800 -184233.6000 59492.8600
v -26917.8800 -184233.6000 59492.9000
v -26917.9800 -184233.6000 59492.8900
v -26917.6700 -184233.6000 59492.9300
v -26917.7700 -184233.6000 59492.9200
v -26917.4700 -184233.6000 59492.9600
v -26917.5700 -184233.6000 59492.9500
v -26917.2700 -184233.6000 59493.0000
v -26917.3700 -184233.6000 59492.9800
v -26917.0600 -184233.6000 59493.0500
v -26917.1600 -184233.6000 59493.0200
v -26916.8600 -184233.6000 59493.0900
v -26916.9600 -184233.6000 59493.0700
v -26916.6600 -184233.6000 59493.1400
v -26916.7600 -184233.6000 59493.1100
v -26916.4600 -184233.6000 59493.1900
v -26916.5600 -184233.6000 59493.1600
v -26916.2600 -184233.6000 59493.2500
v -26916.3600 -184233.6000 59493.2200
v -26916.0600 -184233.6000 59493.3000
v -26916.1600 -184233.6000 59493.2700
v -26915.8700 -184233.6000 59493.3700
v -26915.9600 -184233.6000 59493.3400
v -26915.6700 -184233.6000 59493.4300
v -26915.7700 -184233.6000 59493.4000
v -26915.4700 -184233.6000 59493.5000
v -26915.5700 -184233.6000 59493.4600
v -26915.2800 -184233.6000 59493.5700
v -26915.3800 -184233.6000 59493.5400
v -26915.0900 -184233.6000 59493.6500
v -26915.1800 -184233.6000 59493.6100
v -26914.9000 -184233.6000 59493.7300
v -26914.9900 -184233.6000 59493.6900
v -26914.7100 -184233.6000 59493.8100
v -26914.8000 -184233.6000 59493.7700
v -26914.5200 -184233.6000 59493.8900
v -26914.6100 -184233.6000 59493.8600
v -26914.3300 -184233.6000 59493.9800
v -26914.4300 -184233.6000 59493.9400
v -26914.1500 -184233.6000 59494.0800
v -26914.2400 -184233.6000 59494.0300
v -26913.9600 -184233.6000 59494.1700
v -26914.0600 -184233.6000 59494.1200
v -26913.7800 -184233.6000 59494.2700
v -26913.8700 -184233.6000 59494.2200
v -26913.6000 -184233.6000 59494.3800
v -26913.6900 -184233.6000 59494.3200
v -26913.4300 -184233.6000 59494.4800
v -26913.5100 -184233.6000 59494.4300
v -26913.2500 -184233.6000 59494.5900
v -26913.3400 -184233.6000 59494.5300
v -26913.0800 -184233.6000 59494.7000
v -26913.1600 -184233.6000 59494.6400
v -26912.9000 -184233.6000 59494.8100
v -26912.9900 -184233.6000 59494.7500
v -26912.7300 -184233.6000 59494.9300
v -26912.8200 -184233.6000 59494.8700
v -26912.5600 -184233.6000 59495.0500
v -26912.6500 -184233.6000 59494.9900
v -26912.4000 -184233.6000 59495.1700
v -26912.4800 -184233.6000 59495.1100
v -26912.2300 -184233.6000 59495.3000
v -26912.3100 -184233.6000 59495.2300
v -26912.0700 -184233.6000 59495.4300
v -26912.1500 -184233.6000 59495.3600
v -26911.9100 -184233.6000 59495.5600
v -26911.9900 -184233.6000 59495.4900
v -26911.7600 -184233.6000 59495.6900
v -26911.8300 -184233.6000 59495.6200
v -26911.6000 -184233.6000 59495.8300
v -26911.6800 -184233.6000 59495.7600
v -26911.4500 -184233.6000 59495.9700
v -26911.5200 -184233.6000 59495.9000
v -26911.3000 -184233.6000 59496.1100
v -26911.3700 -184233.6000 59496.0400
v -26911.1500 -184233.6000 59496.2500
v -26911.2200 -184233.6000 59496.1800
v -26911.0100 -184233.6000 59496.4000
v -26911.0800 -184233.6000 59496.3300
v -26910.8600 -184233.6000 59496.5500
v -26910.9300 -184233.6000 59496.4800
v -26910.7200 -184233.6000 59496.7000
v -26910.7900 -184233.6000 59496.6300
v -26910.5900 -184233.6000 59496.8600
v -26910.6600 -184233.6000 59496.7900
v -26910.4500 -184233.6000 59497.0200
v -26910.5200 -184233.6000 59496.9400
v -26910.3200 -184233.6000 59497.1800
v -26910.3900 -184233.6000 59497.1000
v -26910.1900 -184233.6000 59497.3400
v -26910.2600 -184233.6000 59497.2600
v -26910.0700 -184233.6000 59497.5000
v -26910.1300 -184233.6000 59497.4200
v -26909.9500 -184233.6000 59497.6700
v -26910.0100 -184233.6000 59497.5900
v -26909.8200 -184233.6000 59497.8400
v -26909.8800 -184233.6000 59497.7500
v -26909.7100 -184233.6000 59498.0100
v -26909.7700 -184233.6000 59497.9200
v -26909.5900 -184233.6000 59498.1800
v -26909.6500 -184233.6000 59498.0900
v -26909.4800 -184233.6000 59498.3500
v -26909.5400 -184233.6000 59498.2700
v -26909.3800 -184233.6000 59498.5300
v -26909.4300 -184233.6000 59498.4400
v -26909.2700 -184233.6000 59498.7100
v -26909.3200 -184233.6000 59498.6200
v -26909.1700 -184233.6000 59498.8900
v -26909.2200 -184233.6000 59498.8000
v -26909.0700 -184233.6000 59499.0700
v -26909.1200 -184233.6000 59498.9800
v -26908.9700 -184233.6000 59499.2500
v -26909.0200 -184233.6000 59499.1600
v -26908.8800 -184233.6000 59499.4400
v -26908.9300 -184233.6000 59499.3500
v -26908.7900 -184233.6000 59499.6200
v -26908.8400 -184233.6000 59499.5300
v -26908.7100 -184233.6000 59499.8100
v -26908.7500 -184233.6000 59499.7200
v -26908.6200 -184233.6000 59500.0000
v -26908.6600 -184233.6000 59499.9100
v -26908.5400 -184233.6000 59500.1900
v -26908.5800 -184233.6000 59500.1000
v -26908.4700 -184233.6000 59500.3800
v -26908.5100 -184233.6000 59500.2900
v -26908.4000 -184233.6000 59500.5800
v -26908.4300 -184233.6000 59500.4800
v -26908.3300 -184233.6000 59500.7700
v -26908.3600 -184233.6000 59500.6800
v -26908.2600 -184233.6000 59500.9700
v -26908.2900 -184233.6000 59500.8700
v -26908.2000 -184233.6000 59501.1700
v -26908.2300 -184233.6000 59501.0700
v -26908.1400 -184233.6000 59501.3600
v -26908.1700 -184233.6000 59501.2700
v -26908.0900 -184233.6000 59501.5600
v -26908.1100 -184233.6000 59501.4600
v -26908.0400 -184233.6000 59501.7600
v -26908.0600 -184233.6000 59501.6600
v -26907.9900 -184233.6000 59501.9600
v -26908.0100 -184233.6000 59501.8700
v -26907.9400 -184233.6000 59502.1700
v -26907.9600 -184233.6000 59502.0700
v -26907.9000 -184233.6000 59502.3700
v -26907.9200 -184233.6000 59502.2700
v -26907.8600 -184233.6000 59502.5700
v -26907.8800 -184233.6000 59502.4700
v -26907.8300 -184233.6000 59502.7800
v -26907.8500 -184233.6000 59502.6800
v -26907.8000 -184233.6000 59502.9800
v -26907.8100 -184233.6000 59502.8800
v -26907.7700 -184233.6000 59503.1800
v -26907.7900 -184233.6000 59503.0900
v -26907.7500 -184233.6000 59503.3900
v -26907.7600 -184233.6000 59503.2900
v -26907.7300 -184233.6000 59503.6000
v -26907.7400 -184233.6000 59503.5000
v -26907.7100 -184233.6000 59503.8000
v -26907.7200 -184233.6000 59503.7000
v -26907.7000 -184233.6000 59504.0100
v -26907.7100 -184233.6000 59503.9100
v -26907.6900 -184233.6000 59504.2100
v -26907.7000 -184233.6000 59504.1100
v -26907.6900 -184233.6000 59504.4200
v -26907.6900 -184233.6000 59504.3200
v -26907.6800 -184233.6000 59504.6300
v -26907.6800 -184233.6000 59504.5300
v -26907.6900 -184233.6000 59504.8400
v -26907.6800 -184233.6000 59504.7300
v -26907.6900 -184233.6000 59505.0400
v -26907.6900 -184233.6000 59504.9400
v -26907.7000 -184233.6000 59505.2500
v -26907.7000 -184233.6000 59505.1500
v -26907.7100 -184233.6000 59505.4500
v -26907.7100 -184233.6000 59505.3500
v -26907.7300 -184233.6000 59505.6600
v -26907.7200 -184233.6000 59505.5600
v -26907.7500 -184233.6000 59505.8700
v -26907.7400 -184233.6000 59505.7700
v -26907.7700 -184233.6000 59506.0700
v -26907.7600 -184233.6000 59505.9700
v -26907.8000 -184233.6000 59506.2800
v -26907.7900 -184233.6000 59506.1800
v -26907.8300 -184233.6000 59506.4800
v -26907.8100 -184233.6000 59506.3800
v -26907.8600 -184233.6000 59506.6800
v -26907.8500 -184233.6000 59506.5900
v -26907.9000 -184233.6000 59506.8900
v -26907.8800 -184233.6000 59506.7900
v -26907.9400 -184233.6000 59507.0900
v -26907.9200 -184233.6000 59506.9900
v -26907.9900 -184233.6000 59507.2900
v -26907.9600 -184233.6000 59507.1900
v -26908.0400 -184233.6000 59507.4900
v -26908.0100 -184233.6000 59507.3900
v -26908.0900 -184233.6000 59507.7000
v -26908.0600 -184233.6000 59507.5900
v -26908.1400 -184233.6000 59507.8900
v -26908.1200 -184233.6000 59507.7900
v -26908.2000 -184233.6000 59508.0900
v -26908.1700 -184233.6000 59507.9900
v -26908.2600 -184233.6000 59508.2900
v -26908.2300 -184233.6000 59508.1900
v -26908.3300 -184233.6000 59508.4800
v -26908.2900 -184233.6000 59508.3900
v -26908.4000 -184233.6000 59508.6800
v -26908.3600 -184233.6000 59508.5800
v -26908.4700 -184233.6000 59508.8700
v -26908.4300 -184233.6000 59508.7800
v -26908.5400 -184233.6000 59509.0700
v -26908.5100 -184233.6000 59508.9700
v -26908.6200 -184233.6000 59509.2500
v -26908.5900 -184233.6000 59509.1600
v -26908.7100 -184233.6000 59509.4500
v -26908.6700 -184233.6000 59509.3500
v -26908.7900 -184233.6000 59509.6300
v -26908.7500 -184233.6000 59509.5400
v -26908.8800 -184233.6000 59509.8200
v -26908.8400 -184233.6000 59509.7300
v -26908.9700 -184233.6000 59510.0000
v -26908.9300 -184233.6000 59509.9100
v -26909.0700 -184233.6000 59510.1900
v -26909.0200 -184233.6000 59510.1000
v -26909.1700 -184233.6000 59510.3700
v -26909.1200 -184233.6000 59510.2800
v -26909.2700 -184233.6000 59510.5500
v -26909.2200 -184233.6000 59510.4600
v -26909.3800 -184233.6000 59510.7300
v -26909.3200 -184233.6000 59510.6400
v -26909.4800 -184233.6000 59510.9000
v -26909.4300 -184233.6000 59510.8200
v -26909.5900 -184233.6000 59511.0800
v -26909.5400 -184233.6000 59510.9900
v -26909.7100 -184233.6000 59511.2500
v -26909.6500 -184233.6000 59511.1600
v -26909.8200 -184233.6000 59511.4200
v -26909.7700 -184233.6000 59511.3400
v -26909.9500 -184233.6000 59511.5900
v -26909.8800 -184233.6000 59511.5100
v -26910.0700 -184233.6000 59511.7500
v -26910.0100 -184233.6000 59511.6700
v -26910.1900 -184233.6000 59511.9200
v -26910.1300 -184233.6000 59511.8400
v -26910.3200 -184233.6000 59512.0800
v -26910.2600 -184233.6000 59512.0000
v -26910.4500 -184233.6000 59512.2400
v -26910.3900 -184233.6000 59512.1600
v -26910.5900 -184233.6000 59512.4000
v -26910.5200 -184233.6000 59512.3200
v -26910.7200 -184233.6000 59512.5500
v -26910.6600 -184233.6000 59512.4800
v -26910.8600 -184233.6000 59512.7000
v -26910.7900 -184233.6000 59512.6300
v -26911.0100 -184233.6000 59512.8600
v -26910.9400 -184233.6000 59512.7800
v -26911.1500 -184233.6000 59513.0000
v -26911.0800 -184233.6000 59512.9300
v -26911.3000 -184233.6000 59513.1500
v -26911.2300 -184233.6000 59513.0700
v -26911.4500 -184233.6000 59513.2900
v -26911.3800 -184233.6000 59513.2200
v -26911.6000 -184233.6000 59513.4300
v -26911.5300 -184233.6000 59513.3600
v -26911.7600 -184233.6000 59513.5700
v -26911.6800 -184233.6000 59513.5000
v -26911.9100 -184233.6000 59513.7000
v -26911.8400 -184233.6000 59513.6300
v -26912.0700 -184233.6000 59513.8300
v -26911.9900 -184233.6000 59513.7700
v -26912.2300 -184233.6000 59513.9600
v -26912.1500 -184233.6000 59513.9000
v -26912.4000 -184233.6000 59514.0900
v -26912.3200 -184233.6000 59514.0200
v -26912.5600 -184233.6000 59514.2100
v -26912.4800 -184233.6000 59514.1500
v -26912.7300 -184233.6000 59514.3300
v -26912.6500 -184233.6000 59514.2700
v -26912.9000 -184233.6000 59514.4500
v -26912.8200 -184233.6000 59514.3900
v -26913.0800 -184233.6000 59514.5600
v -26912.9900 -184233.6000 59514.5000
v -26913.2500 -184233.6000 59514.6700
v -26913.1600 -184233.6000 59514.6200
v -26913.4300 -184233.6000 59514.7800
v -26913.3400 -184233.6000 59514.7300
v -26913.6000 -184233.6000 59514.8800
v -26913.5200 -184233.6000 59514.8300
v -26913.7800 -184233.6000 59514.9800
v -26913.7000 -184233.6000 59514.9400
v -26913.9600 -184233.6000 59515.0900
v -26913.8800 -184233.6000 59515.0400
v -26914.1500 -184233.6000 59515.1800
v -26914.0600 -184233.6000 59515.1300
v -26914.3300 -184233.6000 59515.2700
v -26914.2400 -184233.6000 59515.2300
v -26914.5200 -184233.6000 59515.3600
v -26914.4300 -184233.6000 59515.3200
v -26914.7100 -184233.6000 59515.4500
v -26914.6200 -184233.6000 59515.4100
v -26914.9000 -184233.6000 59515.5300
v -26914.8000 -184233.6000 59515.4900
v -26915.0900 -184233.6000 59515.6100
v -26914.9900 -184233.6000 59515.5700
v -26915.2800 -184233.6000 59515.6800
v -26915.1900 -184233.6000 59515.6500
v -26915.4700 -184233.6000 59515.7600
v -26915.3800 -184233.6000 59515.7200
v -26915.6700 -184233.6000 59515.8200
v -26915.5700 -184233.6000 59515.7900
v -26915.8700 -184233.6000 59515.8900
v -26915.7700 -184233.6000 59515.8600
v -26916.0600 -184233.6000 59515.9500
v -26915.9600 -184233.6000 59515.9200
v -26916.2600 -184233.6000 59516.0100
v -26916.1600 -184233.6000 59515.9800
v -26916.4600 -184233.6000 59516.0700
v -26916.3600 -184233.6000 59516.0400
v -26916.6600 -184233.6000 59516.1200
v -26916.5600 -184233.6000 59516.0900
v -26916.8600 -184233.6000 59516.1700
v -26916.7600 -184233.6000 59516.1400
v -26917.0600 -184233.6000 59516.2100
v -26916.9600 -184233.6000 59516.1900
v -26917.2700 -184233.6000 59516.2500
v -26917.1700 -184233.6000 59516.2300
v -26917.4700 -184233.6000 59516.2900
v -26917.3700 -184233.6000 59516.2700
v -26917.6700 -184233.6000 59516.3200
v -26917.5700 -184233.6000 59516.3100
v -26917.8800 -184233.6000 59516.3600
v -26917.7800 -184233.6000 59516.3400
v -26918.0800 -184233.6000 59516.3800
v -26917.9800 -184233.6000 59516.3700
v -26918.2900 -184233.6000 59516.4100
v -26918.1900 -184233.6000 59516.3900
v -26918.4900 -184233.6000 59516.4300
v -26918.3900 -184233.6000 59516.4100
v -26918.7000 -184233.6000 59516.4400
v -26918.6000 -184233.6000 59516.4300
v -26918.9000 -184233.6000 59516.4500
v -26918.8000 -184233.6000 59516.4500
v -26919.1100 -184233.6000 59516.4600
v -26919.0100 -184233.6000 59516.4600
v -26919.3200 -184233.6000 59516.4700
v -26919.2200 -184233.6000 59516.4600
v -26919.5300 -184233.6000 59516.4700
v -26919.4200 -184233.6000 59516.4700
v -26919.7300 -184233.6000 59516.4700
v -26919.6300 -184233.6000 59516.4700
v -26919.9400 -184233.6000 59516.4600
v -26919.8400 -184233.6000 59516.4600
v -26920.1400 -184233.6000 59516.4500
v -26920.0400 -184233.6000 59516.4600
v -26920.3500 -184233.6000 59516.4400
v -26920.2500 -184233.6000 59516.4500
v -26920.5600 -184233.6000 59516.4300
v -26920.4600 -184233.6000 59516.4300
v -26920.7600 -184233.6000 59516.4100
v -26920.6600 -184233.6000 59516.4100
v -26920.9700 -184233.6000 59516.3800
v -26920.8700 -184233.6000 59516.3900
v -26921.1700 -184233.6000 59516.3600
v -26921.0700 -184233.6000 59516.3700
v -26921.3800 -184233.6000 59516.3200
v -26921.2800 -184233.6000 59516.3400
v -26921.5800 -184233.6000 59516.2900
v -26921.4800 -184233.6000 59516.3100
v -26921.7900 -184233.6000 59516.2500
v -26921.6800 -184233.6000 59516.2700
v -26921.9900 -184233.6000 59516.2100
v -26921.8900 -184233.6000 59516.2300
v -26922.1900 -184233.6000 59516.1700
v -26922.0900 -184233.6000 59516.1900
v -26922.3900 -184233.6000 59516.1200
v -26922.2900 -184233.6000 59516.1400
v -26922.5900 -184233.6000 59516.0700
v -26922.4900 -184233.6000 59516.0900
v -26922.7900 -184233.6000 59516.0100
v -26922.6900 -184233.6000 59516.0400
v -26922.9900 -184233.6000 59515.9500
v -26922.8900 -184233.6000 59515.9800
v -26923.1800 -184233.6000 59515.8900
v -26923.0900 -184233.6000 59515.9200
v -26923.3800 -184233.6000 59515.8200
v -26923.2800 -184233.6000 59515.8600
v -26923.5700 -184233.6000 59515.7600
v -26923.4800 -184233.6000 59515.7900
v -26923.7700 -184233.6000 59515.6800
v -26923.6700 -184233.6000 59515.7200
v -26923.9600 -184233.6000 59515.6100
v -26923.8700 -184233.6000 59515.6400
v -26924.1500 -184233.6000 59515.5300
v -26924.0600 -184233.6000 59515.5700
v -26924.3400 -184233.6000 59515.4500
v -26924.2500 -184233.6000 59515.4900
v -26924.5300 -184233.6000 59515.3600
v -26924.4400 -184233.6000 59515.4000
v -26924.7200 -184233.6000 59515.2700
v -26924.6200 -184233.6000 59515.3200
v -26924.9000 -184233.6000 59515.1800
v -26924.8100 -184233.6000 59515.2300
v -26925.0800 -184233.6000 59515.0900
v -26924.9900 -184233.6000 59515.1300
v -26925.2700 -184233.6000 59514.9800
v -26925.1800 -184233.6000 59515.0400
v -26925.4500 -184233.6000 59514.8800
v -26925.3600 -184233.6000 59514.9300
v -26925.6200 -184233.6000 59514.7800
v -26925.5400 -184233.6000 59514.8300
v -26925.8000 -184233.6000 59514.6700
v -26925.7100 -184233.6000 59514.7200
v -26925.9700 -184233.6000 59514.5600
v -26925.8900 -184233.6000 59514.6100
v -26926.1500 -184233.6000 59514.4500
v -26926.0600 -184233.6000 59514.5000
v -26926.3200 -184233.6000 59514.3300
v -26926.2300 -184233.6000 59514.3900
v -26926.4900 -184233.6000 59514.2100
v -26926.4000 -184233.6000 59514.2700
v -26926.6500 -184233.6000 59514.0900
v -26926.5700 -184233.6000 59514.1400
v -26926.8200 -184233.6000 59513.9600
v -26926.7300 -184233.6000 59514.0200
v -26926.9800 -184233.6000 59513.8300
v -26926.9000 -184233.6000 59513.8900
v -26927.1400 -184233.6000 59513.7000
v -26927.0600 -184233.6000 59513.7700
v -26927.2900 -184233.6000 59513.5700
v -26927.2200 -184233.6000 59513.6300
v -26927.4500 -184233.6000 59513.4300
v -26927.3700 -184233.6000 59513.5000
v -26927.6000 -184233.6000 59513.2900
v -26927.5300 -184233.6000 59513.3600
v -26927.7500 -184233.6000 59513.1500
v -26927.6800 -184233.6000 59513.2200
v -26927.9000 -184233.6000 59513.0000
v -26927.8300 -184233.6000 59513.0700
v -26928.0400 -184233.6000 59512.8600
v -26927.9700 -184233.6000 59512.9300
v -26928.1900 -184233.6000 59512.7000
v -26928.1200 -184233.6000 59512.7800
v -26928.3200 -184233.6000 59512.5500
v -26928.2600 -184233.6000 59512.6300
v -26928.4600 -184233.6000 59512.4000
v -26928.3900 -184233.6000 59512.4700
v -26928.6000 -184233.6000 59512.2400
v -26928.5300 -184233.6000 59512.3200
v -26928.7300 -184233.6000 59512.0800
v -26928.6600 -184233.6000 59512.1600
v -26928.8600 -184233.6000 59511.9200
v -26928.7900 -184233.6000 59512.0000
v -26928.9800 -184233.6000 59511.7500
v -26928.9200 -184233.6000 59511.8400
v -26929.1100 -184233.6000 59511.5900
v -26929.0400 -184233.6000 59511.6700
v -26929.2200 -184233.6000 59511.4200
v -26929.1700 -184233.6000 59511.5000
v -26929.3400 -184233.6000 59511.2500
v -26929.2900 -184233.6000 59511.3400
v -26929.4600 -184233.6000 59511.0800
v -26929.4000 -184233.6000 59511.1600
v -26929.5700 -184233.6000 59510.9000
v -26929.5100 -184233.6000 59510.9900
v -26929.6800 -184233.6000 59510.7300
v -26929.6200 -184233.6000 59510.8100
v -26929.7800 -184233.6000 59510.5500
v -26929.7300 -184233.6000 59510.6400
v -26929.8800 -184233.6000 59510.3700
v -26929.8300 -184233.6000 59510.4600
v -26929.9800 -184233.6000 59510.1900
v -26929.9300 -184233.6000 59510.2800
v -26930.0800 -184233.6000 59510.0000
v -26930.0300 -184233.6000 59510.0900
v -26930.1700 -184233.6000 59509.8200
v -26930.1200 -184233.6000 59509.9100
v -26930.2600 -184233.6000 59509.6300
v -26930.2100 -184233.6000 59509.7300
v -26930.3400 -184233.6000 59509.4500
v -26930.3000 -184233.6000 59509.5400
v -26930.4300 -184233.6000 59509.2500
v -26930.3800 -184233.6000 59509.3500
v -26930.5000 -184233.6000 59509.0700
v -26930.4600 -184233.6000 59509.1600
v -26930.5800 -184233.6000 59508.8700
v -26930.5400 -184233.6000 59508.9700
v -26930.6500 -184233.6000 59508.6800
v -26930.6200 -184233.6000 59508.7700
v -26930.7200 -184233.6000 59508.4800
v -26930.6900 -184233.6000 59508.5800
v -26930.7900 -184233.6000 59508.2900
v -26930.7500 -184233.6000 59508.3800
v -26930.8500 -184233.6000 59508.0900
v -26930.8200 -184233.6000 59508.1900
v -26930.9100 -184233.6000 59507.8900
v -26930.8800 -184233.6000 59507.9900
v -26930.9600 -184233.6000 59507.7000
v -26930.9400 -184233.6000 59507.7900
v -26931.0200 -184233.6000 59507.4900
v -26930.9900 -184233.6000 59507.5900
v -26931.0600 -184233.6000 59507.2900
v -26931.0400 -184233.6000 59507.3900
v -26931.1100 -184233.6000 59507.0900
v -26931.0900 -184233.6000 59507.1900
v -26931.1500 -184233.6000 59506.8900
v -26931.1300 -184233.6000 59506.9900
v -26931.1900 -184233.6000 59506.6800
v -26931.1700 -184233.6000 59506.7900
v -26931.2200 -184233.6000 59506.4800
v -26931.2100 -184233.6000 59506.5800
v -26931.2500 -184233.6000 59506.2800
v -26931.2400 -184233.6000 59506.3800
v -26931.2800 -184233.6000 59506.0700
v -26931.2700 -184233.6000 59506.1700
v -26931.3000 -184233.6000 59505.8700
v -26931.2900 -184233.6000 59505.9700
v -26931.3200 -184233.6000 59505.6600
v -26931.3100 -184233.6000 59505.7600
v -26931.3400 -184233.6000 59505.4500
v -26931.3300 -184233.6000 59505.5500
v -26931.3500 -184233.6000 59505.2500
v -26931.3400 -184233.6000 59505.3500
v -26931.3600 -184233.6000 59505.0400
v -26931.3600 -184233.6000 59505.1400
v -26931.3700 -184233.6000 59504.8400
v -26931.3600 -184233.6000 59504.9400
v -26931.3700 -184233.6000 59504.7300
v -26931.5400 -184272.6000 59504.6300
v -26928.0700 -184272.6000 59496.2500
v -26919.7000 -184272.6000 59492.7900
v -26911.3200 -184272.6000 59496.2500
v -26907.8600 -184272.6000 59504.6300
v -26911.3200 -184272.6000 59513.0000
v -26919.7000 -184272.6000 59516.4700
v -26928.0700 -184272.6000 59513.0000
v -25630.7300 -184312.5000 59504.6300
v -25630.7200 -184312.5000 59504.8400
v -25630.7300 -184312.5000 59504.7300
v -25630.7200 -184312.5000 59505.0400
v -25630.7200 -184312.5000 59504.9400
v -25630.7100 -184312.5000 59505.2500
v -25630.7100 -184312.5000 59505.1500
v -25630.7000 -184312.5000 59505.4500
v -25630.7000 -184312.5000 59505.3500
v -25630.6800 -184312.5000 59505.6600
v -25630.6900 -184312.5000 59505.5600
v -25630.6600 -184312.5000 59505.8700
v -25630.6700 -184312.5000 59505.7700
v -25630.6400 -184312.5000 59506.0700
v -25630.6500 -184312.5000 59505.9700
v -25630.6100 -184312.5000 59506.2800
v -25630.6200 -184312.5000 59506.1800
v -25630.5800 -184312.5000 59506.4800
v -25630.6000 -184312.5000 59506.3800
v -25630.5500 -184312.5000 59506.6800
v -25630.5600 -184312.5000 59506.5900
v -25630.5100 -184312.5000 59506.8900
v -25630.5300 -184312.5000 59506.7900
v -25630.4700 -184312.5000 59507.0900
v -25630.4900 -184312.5000 59506.9900
v -25630.4200 -184312.5000 59507.2900
v -25630.4500 -184312.5000 59507.1900
v -25630.3800 -184312.5000 59507.4900
v -25630.4000 -184312.5000 59507.3900
v -25630.3200 -184312.5000 59507.7000
v -25630.3500 -184312.5000 59507.5900
v -25630.2700 -184312.5000 59507.8900
v -25630.2900 -184312.5000 59507.7900
v -25630.2100 -184312.5000 59508.0900
v -25630.2400 -184312.5000 59507.9900
v -25630.1500 -184312.5000 59508.2900
v -25630.1800 -184312.5000 59508.1900
v -25630.0800 -184312.5000 59508.4800
v -25630.1100 -184312.5000 59508.3900
v -25630.0100 -184312.5000 59508.6800
v -25630.0500 -184312.5000 59508.5800
v -25629.9400 -184312.5000 59508.8700
v -25629.9800 -184312.5000 59508.7800
v -25629.8700 -184312.5000 59509.0700
v -25629.9000 -184312.5000 59508.9700
v -25629.7900 -184312.5000 59509.2500
v -25629.8200 -184312.5000 59509.1600
v -25629.7000 -184312.5000 59509.4500
v -25629.7400 -184312.5000 59509.3500
v -25629.6200 -184312.5000 59509.6300
v -25629.6600 -184312.5000 59509.5400
v -25629.5300 -184312.5000 59509.8200
v -25629.5700 -184312.5000 59509.7300
v -25629.4400 -184312.5000 59510.0000
v -25629.4800 -184312.5000 59509.9100
v -25629.3400 -184312.5000 59510.1900
v -25629.3900 -184312.5000 59510.1000
v -25629.2400 -184312.5000 59510.3700
v -25629.2900 -184312.5000 59510.2800
v -25629.1400 -184312.5000 59510.5500
v -25629.1900 -184312.5000 59510.4600
v -25629.0400 -184312.5000 59510.7300
v -25629.0900 -184312.5000 59510.6400
v -25628.9300 -184312.5000 59510.9000
v -25628.9800 -184312.5000 59510.8200
v -25628.8200 -184312.5000 59511.0800
v -25628.8700 -184312.5000 59510.9900
v -25628.7000 -184312.5000 59511.2500
v -25628.7600 -184312.5000 59511.1600
v -25628.5900 -184312.5000 59511.4200
v -25628.6400 -184312.5000 59511.3400
v -25628.4600 -184312.5000 59511.5900
v -25628.5200 -184312.5000 59511.5100
v -25628.3400 -184312.5000 59511.7500
v -25628.4000 -184312.5000 59511.6700
v -25628.2200 -184312.5000 59511.9200
v -25628.2800 -184312.5000 59511.8400
v -25628.0900 -184312.5000 59512.0800
v -25628.1500 -184312.5000 59512.0000
v -25627.9600 -184312.5000 59512.2400
v -25628.0200 -184312.5000 59512.1600
v -25627.8200 -184312.5000 59512.4000
v -25627.8900 -184312.5000 59512.3200
v -25627.6900 -184312.5000 59512.5500
v -25627.7500 -184312.5000 59512.4800
v -25627.5400 -184312.5000 59512.7000
v -25627.6200 -184312.5000 59512.6300
v -25627.4000 -184312.5000 59512.8600
v -25627.4700 -184312.5000 59512.7800
v -25627.2600 -184312.5000 59513.0000
v -25627.3300 -184312.5000 59512.9300
v -25627.1100 -184312.5000 59513.1500
v -25627.1800 -184312.5000 59513.0700
v -25626.9600 -184312.5000 59513.2900
v -25627.0400 -184312.5000 59513.2200
v -25626.8100 -184312.5000 59513.4300
v -25626.8800 -184312.5000 59513.3600
v -25626.6500 -184312.5000 59513.5700
v -25626.7300 -184312.5000 59513.5000
v -25626.5000 -184312.5000 59513.7000
v -25626.5700 -184312.5000 59513.6300
v -25626.3400 -184312.5000 59513.8300
v -25626.4200 -184312.5000 59513.7700
v -25626.1800 -184312.5000 59513.9600
v -25626.2600 -184312.5000 59513.9000
v -25626.0100 -184312.5000 59514.0900
v -25626.0900 -184312.5000 59514.0200
v -25625.8500 -184312.5000 59514.2100
v -25625.9300 -184312.5000 59514.1500
v -25625.6800 -184312.5000 59514.3300
v -25625.7600 -184312.5000 59514.2700
v -25625.5100 -184312.5000 59514.4500
v -25625.5900 -184312.5000 59514.3900
v -25625.3300 -184312.5000 59514.5600
v -25625.4200 -184312.5000 59514.5000
v -25625.1600 -184312.5000 59514.6700
v -25625.2500 -184312.5000 59514.6200
v -25624.9800 -184312.5000 59514.7800
v -25625.0700 -184312.5000 59514.7300
v -25624.8100 -184312.5000 59514.8800
v -25624.8900 -184312.5000 59514.8300
v -25624.6200 -184312.5000 59514.9800
v -25624.7100 -184312.5000 59514.9400
v -25624.4400 -184312.5000 59515.0900
v -25624.5300 -184312.5000 59515.0400
v -25624.2600 -184312.5000 59515.1800
v -25624.3500 -184312.5000 59515.1300
v -25624.0800 -184312.5000 59515.2700
v -25624.1700 -184312.5000 59515.2300
v -25623.8900 -184312.5000 59515.3600
v -25623.9800 -184312.5000 59515.3200
v -25623.7000 -184312.5000 59515.4500
v -25623.7900 -184312.5000 59515.4100
v -25623.5100 -184312.5000 59515.5300
v -25623.6100 -184312.5000 59515.4900
v -25623.3200 -184312.5000 59515.6100
v -25623.4200 -184312.5000 59515.5700
v -25623.1300 -184312.5000 59515.6800
v -25623.2200 -184312.5000 59515.6500
v -25622.9400 -184312.5000 59515.7600
v -25623.0300 -184312.5000 59515.7200
v -25622.7400 -184312.5000 59515.8200
v -25622.8400 -184312.5000 59515.7900
v -25622.5400 -184312.5000 59515.8900
v -25622.6400 -184312.5000 59515.8600
v -25622.3500 -184312.5000 59515.9500
v -25622.4500 -184312.5000 59515.9200
v -25622.1500 -184312.5000 59516.0100
v -25622.2500 -184312.5000 59515.9800
v -25621.9500 -184312.5000 59516.0700
v -25622.0500 -184312.5000 59516.0400
v -25621.7500 -184312.5000 59516.1200
v -25621.8500 -184312.5000 59516.0900
v -25621.5500 -184312.5000 59516.1700
v -25621.6500 -184312.5000 59516.1400
v -25621.3500 -184312.5000 59516.2100
v -25621.4500 -184312.5000 59516.1900
v -25621.1400 -184312.5000 59516.2500
v -25621.2400 -184312.5000 59516.2300
v -25620.9400 -184312.5000 59516.2900
v -25621.0400 -184312.5000 59516.2700
v -25620.7400 -184312.5000 59516.3200
v -25620.8400 -184312.5000 59516.3100
v -25620.5300 -184312.5000 59516.3600
v -25620.6300 -184312.5000 59516.3400
v -25620.3300 -184312.5000 59516.3800
v -25620.4300 -184312.5000 59516.3700
v -25620.1200 -184312.5000 59516.4100
v -25620.2200 -184312.5000 59516.3900
v -25619.9200 -184312.5000 59516.4300
v -25620.0200 -184312.5000 59516.4100
v -25619.7100 -184312.5000 59516.4400
v -25619.8100 -184312.5000 59516.4300
v -25619.5000 -184312.5000 59516.4500
v -25619.6100 -184312.5000 59516.4500
v -25619.3000 -184312.5000 59516.4600
v -25619.4000 -184312.5000 59516.4600
v -25619.0900 -184312.5000 59516.4700
v -25619.1900 -184312.5000 59516.4600
v -25618.8800 -184312.5000 59516.4700
v -25618.9900 -184312.5000 59516.4700
v -25618.6800 -184312.5000 59516.4700
v -25618.7800 -184312.5000 59516.4700
v -25618.4700 -184312.5000 59516.4600
v -25618.5700 -184312.5000 59516.4600
v -25618.2700 -184312.5000 59516.4500
v -25618.3700 -184312.5000 59516.4600
v -25618.0600 -184312.5000 59516.4400
v -25618.1600 -184312.5000 59516.4500
v -25617.8500 -184312.5000 59516.4300
v -25617.9600 -184312.5000 59516.4300
v -25617.6500 -184312.5000 59516.4100
v -25617.7500 -184312.5000 59516.4100
v -25617.4400 -184312.5000 59516.3800
v -25617.5400 -184312.5000 59516.3900
v -25617.2400 -184312.5000 59516.3600
v -25617.3400 -184312.5000 59516.3700
v -25617.0300 -184312.5000 59516.3200
v -25617.1300 -184312.5000 59516.3400
v -25616.8300 -184312.5000 59516.2900
v -25616.9300 -184312.5000 59516.3100
v -25616.6200 -184312.5000 59516.2500
v -25616.7300 -184312.5000 59516.2700
v -25616.4200 -184312.5000 59516.2100
v -25616.5200 -184312.5000 59516.2300
v -25616.2200 -184312.5000 59516.1700
v -25616.3200 -184312.5000 59516.1900
v -25616.0200 -184312.5000 59516.1200
v -25616.1200 -184312.5000 59516.1400
v -25615.8200 -184312.5000 59516.0700
v -25615.9200 -184312.5000 59516.0900
v -25615.6200 -184312.5000 59516.0100
v -25615.7200 -184312.5000 59516.0400
v -25615.4200 -184312.5000 59515.9500
v -25615.5200 -184312.5000 59515.9800
v -25615.2200 -184312.5000 59515.8900
v -25615.3200 -184312.5000 59515.9200
v -25615.0300 -184312.5000 59515.8200
v -25615.1300 -184312.5000 59515.8600
v -25614.8300 -184312.5000 59515.7600
v -25614.9300 -184312.5000 59515.7900
v -25614.6400 -184312.5000 59515.6800
v -25614.7400 -184312.5000 59515.7200
v -25614.4500 -184312.5000 59515.6100
v -25614.5400 -184312.5000 59515.6400
v -25614.2600 -184312.5000 59515.5300
v -25614.3500 -184312.5000 59515.5700
v -25614.0700 -184312.5000 59515.4500
v -25614.1600 -184312.5000 59515.4900
v -25613.8800 -184312.5000 59515.3600
v -25613.9700 -184312.5000 59515.4000
v -25613.6900 -184312.5000 59515.2700
v -25613.7900 -184312.5000 59515.3200
v -25613.5100 -184312.5000 59515.1800
v -25613.6000 -184312.5000 59515.2300
v -25613.3300 -184312.5000 59515.0900
v -25613.4200 -184312.5000 59515.1300
v -25613.1400 -184312.5000 59514.9800
v -25613.2300 -184312.5000 59515.0400
v -25612.9600 -184312.5000 59514.8800
v -25613.0500 -184312.5000 59514.9300
v -25612.7900 -184312.5000 59514.7800
v -25612.8700 -184312.5000 59514.8300
v -25612.6100 -184312.5000 59514.6700
v -25612.7000 -184312.5000 59514.7200
v -25612.4400 -184312.5000 59514.5600
v -25612.5200 -184312.5000 59514.6100
v -25612.2600 -184312.5000 59514.4500
v -25612.3500 -184312.5000 59514.5000
v -25612.0900 -184312.5000 59514.3300
v -25612.1800 -184312.5000 59514.3900
v -25611.9200 -184312.5000 59514.2100
v -25612.0100 -184312.5000 59514.2700
v -25611.7600 -184312.5000 59514.0900
v -25611.8400 -184312.5000 59514.1400
v -25611.5900 -184312.5000 59513.9600
v -25611.6800 -184312.5000 59514.0200
v -25611.4300 -184312.5000 59513.8300
v -25611.5100 -184312.5000 59513.8900
v -25611.2700 -184312.5000 59513.7000
v -25611.3500 -184312.5000 59513.7700
v -25611.1200 -184312.5000 59513.5700
v -25611.1900 -184312.5000 59513.6300
v -25610.9600 -184312.5000 59513.4300
v -25611.0400 -184312.5000 59513.5000
v -25610.8100 -184312.5000 59513.2900
v -25610.8800 -184312.5000 59513.3600
v -25610.6600 -184312.5000 59513.1500
v -25610.7300 -184312.5000 59513.2200
v -25610.5100 -184312.5000 59513.0000
v -25610.5800 -184312.5000 59513.0700
v -25610.3700 -184312.5000 59512.8600
v -25610.4400 -184312.5000 59512.9300
v -25610.2200 -184312.5000 59512.7000
v -25610.2900 -184312.5000 59512.7800
v -25610.0800 -184312.5000 59512.5500
v -25610.1500 -184312.5000 59512.6300
v -25609.9500 -184312.5000 59512.4000
v -25610.0200 -184312.5000 59512.4700
v -25609.8100 -184312.5000 59512.2400
v -25609.8800 -184312.5000 59512.3200
v -25609.6800 -184312.5000 59512.0800
v -25609.7500 -184312.5000 59512.1600
v -25609.5500 -184312.5000 59511.9200
v -25609.6200 -184312.5000 59512.0000
v -25609.4300 -184312.5000 59511.7500
v -25609.4900 -184312.5000 59511.8400
v -25609.3000 -184312.5000 59511.5900
v -25609.3700 -184312.5000 59511.6700
v -25609.1800 -184312.5000 59511.4200
v -25609.2400 -184312.5000 59511.5000
v -25609.0700 -184312.5000 59511.2500
v -25609.1200 -184312.5000 59511.3400
v -25608.9500 -184312.5000 59511.0800
v -25609.0100 -184312.5000 59511.1600
v -25608.8400 -184312.5000 59510.9000
v -25608.9000 -184312.5000 59510.9900
v -25608.7300 -184312.5000 59510.7300
v -25608.7900 -184312.5000 59510.8100
v -25608.6300 -184312.5000 59510.5500
v -25608.6800 -184312.5000 59510.6400
v -25608.5300 -184312.5000 59510.3700
v -25608.5800 -184312.5000 59510.4600
v -25608.4300 -184312.5000 59510.1900
v -25608.4800 -184312.5000 59510.2800
v -25608.3300 -184312.5000 59510.0000
v -25608.3800 -184312.5000 59510.0900
v -25608.2400 -184312.5000 59509.8200
v -25608.2900 -184312.5000 59509.9100
v -25608.1500 -184312.5000 59509.6300
v -25608.2000 -184312.5000 59509.7300
v -25608.0700 -184312.5000 59509.4500
v -25608.1100 -184312.5000 59509.5400
v -25607.9800 -184312.5000 59509.2500
v -25608.0300 -184312.5000 59509.3500
v -25607.9000 -184312.5000 59509.0700
v -25607.9400 -184312.5000 59509.1600
v -25607.8300 -184312.5000 59508.8700
v -25607.8700 -184312.5000 59508.9700
v -25607.7600 -184312.5000 59508.6800
v -25607.7900 -184312.5000 59508.7700
v -25607.6900 -184312.5000 59508.4800
v -25607.7200 -184312.5000 59508.5800
v -25607.6200 -184312.5000 59508.2900
v -25607.6500 -184312.5000 59508.3800
v -25607.5600 -184312.5000 59508.0900
v -25607.5900 -184312.5000 59508.1900
v -25607.5000 -184312.5000 59507.8900
v -25607.5300 -184312.5000 59507.9900
v -25607.4500 -184312.5000 59507.7000
v -25607.4700 -184312.5000 59507.7900
v -25607.3900 -184312.5000 59507.4900
v -25607.4200 -184312.5000 59507.5900
v -25607.3500 -184312.5000 59507.2900
v -25607.3700 -184312.5000 59507.3900
v -25607.3000 -184312.5000 59507.0900
v -25607.3200 -184312.5000 59507.1900
v -25607.2600 -184312.5000 59506.8900
v -25607.2800 -184312.5000 59506.9900
v -25607.2200 -184312.5000 59506.6800
v -25607.2400 -184312.5000 59506.7900
v -25607.1900 -184312.5000 59506.4800
v -25607.2100 -184312.5000 59506.5800
v -25607.1600 -184312.5000 59506.2800
v -25607.1700 -184312.5000 59506.3800
v -25607.1300 -184312.5000 59506.0700
v -25607.1400 -184312.5000 59506.1700
v -25607.1100 -184312.5000 59505.8700
v -25607.1200 -184312.5000 59505.9700
v -25607.0900 -184312.5000 59505.6600
v -25607.1000 -184312.5000 59505.7600
v -25607.0700 -184312.5000 59505.4500
v -25607.0800 -184312.5000 59505.5500
v -25607.0600 -184312.5000 59505.2500
v -25607.0600 -184312.5000 59505.3500
v -25607.0500 -184312.5000 59505.0400
v -25607.0500 -184312.5000 59505.1400
v -25607.0400 -184312.5000 59504.8400
v -25607.0500 -184312.5000 59504.9400
v -25607.0400 -184312.5000 59504.6300
v -25607.0400 -184312.5000 59504.7300
v -25607.0400 -184312.5000 59504.4200
v -25607.0400 -184312.5000 59504.5200
v -25607.0500 -184312.5000 59504.2100
v -25607.0500 -184312.5000 59504.3200
v -25607.0600 -184312.5000 59504.0100
v -25607.0500 -184312.5000 59504.1100
v -25607.0700 -184312.5000 59503.8000
v -25607.0600 -184312.5000 59503.9000
v -25607.0900 -184312.5000 59503.6000
v -25607.0800 -184312.5000 59503.7000
v -25607.1100 -184312.5000 59503.3900
v -25607.1000 -184312.5000 59503.4900
v -25607.1300 -184312.5000 59503.1800
v -25607.1200 -184312.5000 59503.2900
v -25607.1600 -184312.5000 59502.9800
v -25607.1400 -184312.5000 59503.0800
v -25607.1900 -184312.5000 59502.7800
v -25607.1700 -184312.5000 59502.8800
v -25607.2200 -184312.5000 59502.5700
v -25607.2100 -184312.5000 59502.6700
v -25607.2600 -184312.5000 59502.3700
v -25607.2400 -184312.5000 59502.4700
v -25607.3000 -184312.5000 59502.1700
v -25607.2800 -184312.5000 59502.2700
v -25607.3500 -184312.5000 59501.9600
v -25607.3200 -184312.5000 59502.0600
v -25607.3900 -184312.5000 59501.7600
v -25607.3700 -184312.5000 59501.8600
v -25607.4500 -184312.5000 59501.5600
v -25607.4200 -184312.5000 59501.6600
v -25607.5000 -184312.5000 59501.3600
v -25607.4700 -184312.5000 59501.4600
v -25607.5600 -184312.5000 59501.1700
v -25607.5300 -184312.5000 59501.2700
v -25607.6200 -184312.5000 59500.9700
v -25607.5900 -184312.5000 59501.0700
v -25607.6900 -184312.5000 59500.7700
v -25607.6600 -184312.5000 59500.8700
v -25607.7600 -184312.5000 59500.5800
v -25607.7200 -184312.5000 59500.6800
v -25607.8300 -184312.5000 59500.3800
v -25607.7900 -184312.5000 59500.4800
v -25607.9000 -184312.5000 59500.1900
v -25607.8700 -184312.5000 59500.2900
v -25607.9800 -184312.5000 59500.0000
v -25607.9500 -184312.5000 59500.0900
v -25608.0700 -184312.5000 59499.8100
v -25608.0300 -184312.5000 59499.9100
v -25608.1500 -184312.5000 59499.6200
v -25608.1100 -184312.5000 59499.7100
v -25608.2400 -184312.5000 59499.4400
v -25608.2000 -184312.5000 59499.5300
v -25608.3300 -184312.5000 59499.2500
v -25608.2900 -184312.5000 59499.3400
v -25608.4300 -184312.5000 59499.0700
v -25608.3800 -184312.5000 59499.1600
v -25608.5300 -184312.5000 59498.8900
v -25608.4800 -184312.5000 59498.9800
v -25608.6300 -184312.5000 59498.7100
v -25608.5800 -184312.5000 59498.8000
v -25608.7300 -184312.5000 59498.5300
v -25608.6800 -184312.5000 59498.6200
v -25608.8400 -184312.5000 59498.3500
v -25608.7900 -184312.5000 59498.4400
v -25608.9500 -184312.5000 59498.1800
v -25608.9000 -184312.5000 59498.2700
v -25609.0700 -184312.5000 59498.0100
v -25609.0100 -184312.5000 59498.0900
v -25609.1800 -184312.5000 59497.8400
v -25609.1300 -184312.5000 59497.9200
v -25609.3000 -184312.5000 59497.6700
v -25609.2400 -184312.5000 59497.7500
v -25609.4300 -184312.5000 59497.5000
v -25609.3700 -184312.5000 59497.5800
v -25609.5500 -184312.5000 59497.3400
v -25609.4900 -184312.5000 59497.4200
v -25609.6800 -184312.5000 59497.1800
v -25609.6200 -184312.5000 59497.2500
v -25609.8100 -184312.5000 59497.0200
v -25609.7500 -184312.5000 59497.0900
v -25609.9500 -184312.5000 59496.8600
v -25609.8800 -184312.5000 59496.9400
v -25610.0800 -184312.5000 59496.7000
v -25610.0200 -184312.5000 59496.7800
v -25610.2200 -184312.5000 59496.5500
v -25610.1500 -184312.5000 59496.6300
v -25610.3700 -184312.5000 59496.4000
v -25610.3000 -184312.5000 59496.4800
v -25610.5100 -184312.5000 59496.2500
v -25610.4400 -184312.5000 59496.3300
v -25610.6600 -184312.5000 59496.1100
v -25610.5900 -184312.5000 59496.1800
v -25610.8100 -184312.5000 59495.9700
v -25610.7300 -184312.5000 59496.0400
v -25610.9600 -184312.5000 59495.8300
v -25610.8800 -184312.5000 59495.9000
v -25611.1200 -184312.5000 59495.6900
v -25611.0400 -184312.5000 59495.7600
v -25611.2700 -184312.5000 59495.5600
v -25611.2000 -184312.5000 59495.6200
v -25611.4300 -184312.5000 59495.4300
v -25611.3500 -184312.5000 59495.4900
v -25611.5900 -184312.5000 59495.3000
v -25611.5100 -184312.5000 59495.3600
v -25611.7600 -184312.5000 59495.1700
v -25611.6800 -184312.5000 59495.2300
v -25611.9200 -184312.5000 59495.0500
v -25611.8400 -184312.5000 59495.1100
v -25612.0900 -184312.5000 59494.9300
v -25612.0100 -184312.5000 59494.9900
v -25612.2600 -184312.5000 59494.8100
v -25612.1800 -184312.5000 59494.8700
v -25612.4400 -184312.5000 59494.7000
v -25612.3500 -184312.5000 59494.7500
v -25612.6100 -184312.5000 59494.5900
v -25612.5200 -184312.5000 59494.6400
v -25612.7900 -184312.5000 59494.4800
v -25612.7000 -184312.5000 59494.5300
v -25612.9600 -184312.5000 59494.3800
v -25612.8800 -184312.5000 59494.4300
v -25613.1400 -184312.5000 59494.2700
v -25613.0500 -184312.5000 59494.3200
v -25613.3300 -184312.5000 59494.1700
v -25613.2400 -184312.5000 59494.2200
v -25613.5100 -184312.5000 59494.0800
v -25613.4200 -184312.5000 59494.1200
v -25613.6900 -184312.5000 59493.9800
v -25613.6000 -184312.5000 59494.0300
v -25613.8800 -184312.5000 59493.8900
v -25613.7900 -184312.5000 59493.9400
v -25614.0700 -184312.5000 59493.8100
v -25613.9700 -184312.5000 59493.8500
v -25614.2600 -184312.5000 59493.7300
v -25614.1600 -184312.5000 59493.7700
v -25614.4500 -184312.5000 59493.6500
v -25614.3500 -184312.5000 59493.6900
v -25614.6400 -184312.5000 59493.5700
v -25614.5500 -184312.5000 59493.6100
v -25614.8300 -184312.5000 59493.5000
v -25614.7400 -184312.5000 59493.5400
v -25615.0300 -184312.5000 59493.4300
v -25614.9300 -184312.5000 59493.4600
v -25615.2200 -184312.5000 59493.3700
v -25615.1300 -184312.5000 59493.4000
v -25615.4200 -184312.5000 59493.3000
v -25615.3200 -184312.5000 59493.3400
v -25615.6200 -184312.5000 59493.2500
v -25615.5200 -184312.5000 59493.2700
v -25615.8200 -184312.5000 59493.1900
v -25615.7200 -184312.5000 59493.2200
v -25616.0200 -184312.5000 59493.1400
v -25615.9200 -184312.5000 59493.1600
v -25616.2200 -184312.5000 59493.0900
v -25616.1200 -184312.5000 59493.1100
v -25616.4200 -184312.5000 59493.0500
v -25616.3200 -184312.5000 59493.0700
v -25616.6200 -184312.5000 59493.0000
v -25616.5300 -184312.5000 59493.0200
v -25616.8300 -184312.5000 59492.9600
v -25616.7300 -184312.5000 59492.9800
v -25617.0300 -184312.5000 59492.9300
v -25616.9300 -184312.5000 59492.9500
v -25617.2400 -184312.5000 59492.9000
v -25617.1300 -184312.5000 59492.9200
v -25617.4400 -184312.5000 59492.8800
v -25617.3400 -184312.5000 59492.8900
v -25617.6500 -184312.5000 59492.8500
v -25617.5400 -184312.5000 59492.8600
v -25617.8500 -184312.5000 59492.8300
v -25617.7500 -184312.5000 59492.8400
v -25618.0600 -184312.5000 59492.8200
v -25617.9600 -184312.5000 59492.8200
v -25618.2700 -184312.5000 59492.8000
v -25618.1600 -184312.5000 59492.8100
v -25618.4700 -184312.5000 59492.7900
v -25618.3700 -184312.5000 59492.8000
v -25618.6800 -184312.5000 59492.7900
v -25618.5800 -184312.5000 59492.7900
v -25618.8800 -184312.5000 59492.7900
v -25618.7800 -184312.5000 59492.7900
v -25619.0900 -184312.5000 59492.7900
v -25618.9900 -184312.5000 59492.7900
v -25619.3000 -184312.5000 59492.7900
v -25619.2000 -184312.5000 59492.7900
v -25619.5000 -184312.5000 59492.8000
v -25619.4000 -184312.5000 59492.8000
v -25619.7100 -184312.5000 59492.8200
v -25619.6100 -184312.5000 59492.8100
v -25619.9200 -184312.5000 59492.8300
v -25619.8100 -184312.5000 59492.8200
v -25620.1200 -184312.5000 59492.8500
v -25620.0200 -184312.5000 59492.8400
v -25620.3300 -184312.5000 59492.8800
v -25620.2300 -184312.5000 59492.8600
v -25620.5300 -184312.5000 59492.9000
v -25620.4300 -184312.5000 59492.8900
v -25620.7400 -184312.5000 59492.9300
v -25620.6400 -184312.5000 59492.9200
v -25620.9400 -184312.5000 59492.9600
v -25620.8400 -184312.5000 59492.9500
v -25621.1400 -184312.5000 59493.0000
v -25621.0400 -184312.5000 59492.9800
v -25621.3500 -184312.5000 59493.0500
v -25621.2500 -184312.5000 59493.0200
v -25621.5500 -184312.5000 59493.0900
v -25621.4500 -184312.5000 59493.0700
v -25621.7500 -184312.5000 59493.1400
v -25621.6500 -184312.5000 59493.1100
v -25621.9500 -184312.5000 59493.1900
v -25621.8500 -184312.5000 59493.1600
v -25622.1500 -184312.5000 59493.2500
v -25622.0500 -184312.5000 59493.2200
v -25622.3500 -184312.5000 59493.3000
v -25622.2500 -184312.5000 59493.2700
v -25622.5400 -184312.5000 59493.3700
v -25622.4500 -184312.5000 59493.3400
v -25622.7400 -184312.5000 59493.4300
v -25622.6400 -184312.5000 59493.4000
v -25622.9400 -184312.5000 59493.5000
v -25622.8400 -184312.5000 59493.4600
v -25623.1300 -184312.5000 59493.5700
v -25623.0300 -184312.5000 59493.5400
v -25623.3200 -184312.5000 59493.6500
v -25623.2300 -184312.5000 59493.6100
v -25623.5100 -184312.5000 59493.7300
v -25623.4200 -184312.5000 59493.6900
v -25623.7000 -184312.5000 59493.8100
v -25623.6100 -184312.5000 59493.7700
v -25623.8900 -184312.5000 59493.8900
v -25623.8000 -184312.5000 59493.8600
v -25624.0800 -184312.5000 59493.9800
v -25623.9800 -184312.5000 59493.9400
v -25624.2600 -184312.5000 59494.0800
v -25624.1700 -184312.5000 59494.0300
v -25624.4400 -184312.5000 59494.1700
v -25624.3500 -184312.5000 59494.1200
v -25624.6200 -184312.5000 59494.2700
v -25624.5400 -184312.5000 59494.2200
v -25624.8100 -184312.5000 59494.3800
v -25624.7200 -184312.5000 59494.3200
v -25624.9800 -184312.5000 59494.4800
v -25624.9000 -184312.5000 59494.4300
v -25625.1600 -184312.5000 59494.5900
v -25625.0700 -184312.5000 59494.5300
v -25625.3300 -184312.5000 59494.7000
v -25625.2500 -184312.5000 59494.6400
v -25625.5100 -184312.5000 59494.8100
v -25625.4200 -184312.5000 59494.7500
v -25625.6800 -184312.5000 59494.9300
v -25625.5900 -184312.5000 59494.8700
v -25625.8500 -184312.5000 59495.0500
v -25625.7600 -184312.5000 59494.9900
v -25626.0100 -184312.5000 59495.1700
v -25625.9300 -184312.5000 59495.1100
v -25626.1800 -184312.5000 59495.3000
v -25626.0900 -184312.5000 59495.2300
v -25626.3400 -184312.5000 59495.4300
v -25626.2600 -184312.5000 59495.3600
v -25626.5000 -184312.5000 59495.5600
v -25626.4200 -184312.5000 59495.4900
v -25626.6500 -184312.5000 59495.6900
v -25626.5800 -184312.5000 59495.6200
v -25626.8100 -184312.5000 59495.8300
v -25626.7300 -184312.5000 59495.7600
v -25626.9600 -184312.5000 59495.9700
v -25626.8800 -184312.5000 59495.9000
v -25627.1100 -184312.5000 59496.1100
v -25627.0400 -184312.5000 59496.0400
v -25627.2600 -184312.5000 59496.2500
v -25627.1900 -184312.5000 59496.1800
v -25627.4000 -184312.5000 59496.4000
v -25627.3300 -184312.5000 59496.3300
v -25627.5400 -184312.5000 59496.5500
v -25627.4700 -184312.5000 59496.4800
v -25627.6900 -184312.5000 59496.7000
v -25627.6200 -184312.5000 59496.6300
v -25627.8200 -184312.5000 59496.8600
v -25627.7500 -184312.5000 59496.7900
v -25627.9600 -184312.5000 59497.0200
v -25627.8900 -184312.5000 59496.9400
v -25628.0900 -184312.5000 59497.1800
v -25628.0200 -184312.5000 59497.1000
v -25628.2200 -184312.5000 59497.3400
v -25628.1500 -184312.5000 59497.2600
v -25628.3400 -184312.5000 59497.5000
v -25628.2800 -184312.5000 59497.4200
v -25628.4600 -184312.5000 59497.6700
v -25628.4000 -184312.5000 59497.5900
v -25628.5900 -184312.5000 59497.8400
v -25628.5300 -184312.5000 59497.7500
v -25628.7000 -184312.5000 59498.0100
v -25628.6400 -184312.5000 59497.9200
v -25628.8200 -184312.5000 59498.1800
v -25628.7600 -184312.5000 59498.0900
v -25628.9300 -184312.5000 59498.3500
v -25628.8700 -184312.5000 59498.2700
v -25629.0400 -184312.5000 59498.5300
v -25628.9800 -184312.5000 59498.4400
v -25629.1400 -184312.5000 59498.7100
v -25629.0900 -184312.5000 59498.6200
v -25629.2400 -184312.5000 59498.8900
v -25629.1900 -184312.5000 59498.8000
v -25629.3400 -184312.5000 59499.0700
v -25629.2900 -184312.5000 59498.9800
v -25629.4400 -184312.5000 59499.2500
v -25629.3900 -184312.5000 59499.1600
v -25629.5300 -184312.5000 59499.4400
v -25629.4800 -184312.5000 59499.3500
v -25629.6200 -184312.5000 59499.6200
v -25629.5700 -184312.5000 59499.5300
v -25629.7000 -184312.5000 59499.8100
v -25629.6600 -184312.5000 59499.7200
v -25629.7900 -184312.5000 59500.0000
v -25629.7400 -184312.5000 59499.9100
v -25629.8700 -184312.5000 59500.1900
v -25629.8300 -184312.5000 59500.1000
v -25629.9400 -184312.5000 59500.3800
v -25629.9000 -184312.5000 59500.2900
v -25630.0100 -184312.5000 59500.5800
v -25629.9800 -184312.5000 59500.4800
v -25630.0800 -184312.5000 59500.7700
v -25630.0500 -184312.5000 59500.6800
v -25630.1500 -184312.5000 59500.9700
v -25630.1200 -184312.5000 59500.8700
v -25630.2100 -184312.5000 59501.1700
v -25630.1800 -184312.5000 59501.0700
v -25630.2700 -184312.5000 59501.3600
v -25630.2400 -184312.5000 59501.2700
v -25630.3200 -184312.5000 59501.5600
v -25630.2900 -184312.5000 59501.4600
v -25630.3800 -184312.5000 59501.7600
v -25630.3500 -184312.5000 59501.6600
v -25630.4200 -184312.5000 59501.9600
v -25630.4000 -184312.5000 59501.8700
v -25630.4700 -184312.5000 59502.1700
v -25630.4500 -184312.5000 59502.0700
v -25630.5100 -184312.5000 59502.3700
v -25630.4900 -184312.5000 59502.2700
v -25630.5500 -184312.5000 59502.5700
v -25630.5300 -184312.5000 59502.4700
v -25630.5800 -184312.5000 59502.7800
v -25630.5600 -184312.5000 59502.6800
v -25630.6100 -184312.5000 59502.9800
v -25630.6000 -184312.5000 59502.8800
v -25630.6400 -184312.5000 59503.1800
v -25630.6200 -184312.5000 59503.0900
v -25630.6600 -184312.5000 59503.3900
v -25630.6500 -184312.5000 59503.2900
v -25630.6800 -184312.5000 59503.6000
v -25630.6700 -184312.5000 59503.5000
v -25630.7000 -184312.5000 59503.8000
v -25630.6900 -184312.5000 59503.7000
v -25630.7100 -184312.5000 59504.0100
v -25630.7100 -184312.5000 59503.9100
v -25630.7200 -184312.5000 59504.2100
v -25630.7100 -184312.5000 59504.1100
v -25630.7200 -184312.5000 59504.4200
v -25630.7200 -184312.5000 59504.3200
v -25630.7300 -184312.5000 59504.5300
v -25630.7300 -184233.6000 59504.6300
v -25630.7200 -184233.6000 59504.4200
v -25630.7300 -184233.6000 59504.5200
v -25630.7200 -184233.6000 59504.2100
v -25630.7200 -184233.6000 59504.3200
v -25630.7100 -184233.6000 59504.0100
v -25630.7100 -184233.6000 59504.1100
v -25630.7000 -184233.6000 59503.8000
v -25630.7000 -184233.6000 59503.9000
v -25630.6800 -184233.6000 59503.6000
v -25630.6900 -184233.6000 59503.7000
v -25630.6600 -184233.6000 59503.3900
v -25630.6700 -184233.6000 59503.4900
v -25630.6400 -184233.6000 59503.1800
v -25630.6500 -184233.6000 59503.2900
v -25630.6100 -184233.6000 59502.9800
v -25630.6200 -184233.6000 59503.0800
v -25630.5800 -184233.6000 59502.7800
v -25630.6000 -184233.6000 59502.8800
v -25630.5500 -184233.6000 59502.5700
v -25630.5600 -184233.6000 59502.6700
v -25630.5100 -184233.6000 59502.3700
v -25630.5300 -184233.6000 59502.4700
v -25630.4700 -184233.6000 59502.1700
v -25630.4900 -184233.6000 59502.2700
v -25630.4200 -184233.6000 59501.9600
v -25630.4500 -184233.6000 59502.0600
v -25630.3800 -184233.6000 59501.7600
v -25630.4000 -184233.6000 59501.8600
v -25630.3200 -184233.6000 59501.5600
v -25630.3500 -184233.6000 59501.6600
v -25630.2700 -184233.6000 59501.3600
v -25630.2900 -184233.6000 59501.4600
v -25630.2100 -184233.6000 59501.1700
v -25630.2400 -184233.6000 59501.2700
v -25630.1500 -184233.6000 59500.9700
v -25630.1800 -184233.6000 59501.0700
v -25630.0800 -184233.6000 59500.7700
v -25630.1100 -184233.6000 59500.8700
v -25630.0100 -184233.6000 59500.5800
v -25630.0500 -184233.6000 59500.6800
v -25629.9400 -184233.6000 59500.3800
v -25629.9800 -184233.6000 59500.4800
v -25629.8700 -184233.6000 59500.1900
v -25629.9000 -184233.6000 59500.2900
v -25629.7900 -184233.6000 59500.0000
v -25629.8200 -184233.6000 59500.0900
v -25629.7000 -184233.6000 59499.8100
v -25629.7400 -184233.6000 59499.9100
v -25629.6200 -184233.6000 59499.6200
v -25629.6600 -184233.6000 59499.7100
v -25629.5300 -184233.6000 59499.4400
v -25629.5700 -184233.6000 59499.5300
v -25629.4400 -184233.6000 59499.2500
v -25629.4800 -184233.6000 59499.3400
v -25629.3400 -184233.6000 59499.0700
v -25629.3900 -184233.6000 59499.1600
v -25629.2400 -184233.6000 59498.8900
v -25629.2900 -184233.6000 59498.9800
v -25629.1400 -184233.6000 59498.7100
v -25629.1900 -184233.6000 59498.8000
v -25629.0400 -184233.6000 59498.5300
v -25629.0900 -184233.6000 59498.6200
v -25628.9300 -184233.6000 59498.3500
v -25628.9800 -184233.6000 59498.4400
v -25628.8200 -184233.6000 59498.1800
v -25628.8700 -184233.6000 59498.2700
v -25628.7000 -184233.6000 59498.0100
v -25628.7600 -184233.6000 59498.0900
v -25628.5900 -184233.6000 59497.8400
v -25628.6400 -184233.6000 59497.9200
v -25628.4600 -184233.6000 59497.6700
v -25628.5200 -184233.6000 59497.7500
v -25628.3400 -184233.6000 59497.5000
v -25628.4000 -184233.6000 59497.5800
v -25628.2200 -184233.6000 59497.3400
v -25628.2800 -184233.6000 59497.4200
v -25628.0900 -184233.6000 59497.1800
v -25628.1500 -184233.6000 59497.2500
v -25627.9600 -184233.6000 59497.0200
v -25628.0200 -184233.6000 59497.0900
v -25627.8200 -184233.6000 59496.8600
v -25627.8900 -184233.6000 59496.9400
v -25627.6900 -184233.6000 59496.7000
v -25627.7500 -184233.6000 59496.7800
v -25627.5400 -184233.6000 59496.5500
v -25627.6200 -184233.6000 59496.6300
v -25627.4000 -184233.6000 59496.4000
v -25627.4700 -184233.6000 59496.4800
v -25627.2600 -184233.6000 59496.2500
v -25627.3300 -184233.6000 59496.3300
v -25627.1100 -184233.6000 59496.1100
v -25627.1800 -184233.6000 59496.1800
v -25626.9600 -184233.6000 59495.9700
v -25627.0400 -184233.6000 59496.0400
v -25626.8100 -184233.6000 59495.8300
v -25626.8800 -184233.6000 59495.9000
v -25626.6500 -184233.6000 59495.6900
v -25626.7300 -184233.6000 59495.7600
v -25626.5000 -184233.6000 59495.5600
v -25626.5700 -184233.6000 59495.6200
v -25626.3400 -184233.6000 59495.4300
v -25626.4200 -184233.6000 59495.4900
v -25626.1800 -184233.6000 59495.3000
v -25626.2600 -184233.6000 59495.3600
v -25626.0100 -184233.6000 59495.1700
v -25626.0900 -184233.6000 59495.2300
v -25625.8500 -184233.6000 59495.0500
v -25625.9300 -184233.6000 59495.1100
v -25625.6800 -184233.6000 59494.9300
v -25625.7600 -184233.6000 59494.9900
v -25625.5100 -184233.6000 59494.8100
v -25625.5900 -184233.6000 59494.8700
v -25625.3300 -184233.6000 59494.7000
v -25625.4200 -184233.6000 59494.7500
v -25625.1600 -184233.6000 59494.5900
v -25625.2500 -184233.6000 59494.6400
v -25624.9800 -184233.6000 59494.4800
v -25625.0700 -184233.6000 59494.5300
v -25624.8100 -184233.6000 59494.3800
v -25624.8900 -184233.6000 59494.4300
v -25624.6200 -184233.6000 59494.2700
v -25624.7100 -184233.6000 59494.3200
v -25624.4400 -184233.6000 59494.1700
v -25624.5300 -184233.6000 59494.2200
v -25624.2600 -184233.6000 59494.0800
v -25624.3500 -184233.6000 59494.1200
v -25624.0800 -184233.6000 59493.9800
v -25624.1700 -184233.6000 59494.0300
v -25623.8900 -184233.6000 59493.8900
v -25623.9800 -184233.6000 59493.9400
v -25623.7000 -184233.6000 59493.8100
v -25623.7900 -184233.6000 59493.8500
v -25623.5100 -184233.6000 59493.7300
v -25623.6100 -184233.6000 59493.7700
v -25623.3200 -184233.6000 59493.6500
v -25623.4200 -184233.6000 59493.6900
v -25623.1300 -184233.6000 59493.5700
v -25623.2200 -184233.6000 59493.6100
v -25622.9400 -184233.6000 59493.5000
v -25623.0300 -184233.6000 59493.5400
v -25622.7400 -184233.6000 59493.4300
v -25622.8400 -184233.6000 59493.4600
v -25622.5400 -184233.6000 59493.3700
v -25622.6400 -184233.6000 59493.4000
v -25622.3500 -184233.6000 59493.3000
v -25622.4500 -184233.6000 59493.3400
v -25622.1500 -184233.6000 59493.2500
v -25622.2500 -184233.6000 59493.2700
v -25621.9500 -184233.6000 59493.1900
v -25622.0500 -184233.6000 59493.2200
v -25621.7500 -184233.6000 59493.1400
v -25621.8500 -184233.6000 59493.1600
v -25621.5500 -184233.6000 59493.0900
v -25621.6500 -184233.6000 59493.1100
v -25621.3500 -184233.6000 59493.0500
v -25621.4500 -184233.6000 59493.0700
v -25621.1400 -184233.6000 59493.0000
v -25621.2400 -184233.6000 59493.0200
v -25620.9400 -184233.6000 59492.9600
v -25621.0400 -184233.6000 59492.9800
v -25620.7400 -184233.6000 59492.9300
v -25620.8400 -184233.6000 59492.9500
v -25620.5300 -184233.6000 59492.9000
v -25620.6300 -184233.6000 59492.9200
v -25620.3300 -184233.6000 59492.8800
v -25620.4300 -184233.6000 59492.8900
v -25620.1200 -184233.6000 59492.8500
v -25620.2200 -184233.6000 59492.8600
v -25619.9200 -184233.6000 59492.8300
v -25620.0200 -184233.6000 59492.8400
v -25619.7100 -184233.6000 59492.8200
v -25619.8100 -184233.6000 59492.8200
v -25619.5000 -184233.6000 59492.8000
v -25619.6100 -184233.6000 59492.8100
v -25619.3000 -184233.6000 59492.7900
v -25619.4000 -184233.6000 59492.8000
v -25619.0900 -184233.6000 59492.7900
v -25619.1900 -184233.6000 59492.7900
v -25618.8800 -184233.6000 59492.7900
v -25618.9900 -184233.6000 59492.7900
v -25618.6800 -184233.6000 59492.7900
v -25618.7800 -184233.6000 59492.7900
v -25618.4700 -184233.6000 59492.7900
v -25618.5700 -184233.6000 59492.7900
v -25618.2700 -184233.6000 59492.8000
v -25618.3700 -184233.6000 59492.8000
v -25618.0600 -184233.6000 59492.8200
v -25618.1600 -184233.6000 59492.8100
v -25617.8500 -184233.6000 59492.8300
v -25617.9600 -184233.6000 59492.8200
v -25617.6500 -184233.6000 59492.8500
v -25617.7500 -184233.6000 59492.8400
v -25617.4400 -184233.6000 59492.8800
v -25617.5400 -184233.6000 59492.8600
v -25617.2400 -184233.6000 59492.9000
v -25617.3400 -184233.6000 59492.8900
v -25617.0300 -184233.6000 59492.9300
v -25617.1300 -184233.6000 59492.9200
v -25616.8300 -184233.6000 59492.9600
v -25616.9300 -184233.6000 59492.9500
v -25616.6200 -184233.6000 59493.0000
v -25616.7300 -184233.6000 59492.9800
v -25616.4200 -184233.6000 59493.0500
v -25616.5200 -184233.6000 59493.0200
v -25616.2200 -184233.6000 59493.0900
v -25616.3200 -184233.6000 59493.0700
v -25616.0200 -184233.6000 59493.1400
v -25616.1200 -184233.6000 59493.1100
v -25615.8200 -184233.6000 59493.1900
v -25615.9200 -184233.6000 59493.1600
v -25615.6200 -184233.6000 59493.2500
v -25615.7200 -184233.6000 59493.2200
v -25615.4200 -184233.6000 59493.3000
v -25615.5200 -184233.6000 59493.2700
v -25615.2200 -184233.6000 59493.3700
v -25615.3200 -184233.6000 59493.3400
v -25615.0300 -184233.6000 59493.4300
v -25615.1300 -184233.6000 59493.4000
v -25614.8300 -184233.6000 59493.5000
v -25614.9300 -184233.6000 59493.4600
v -25614.6400 -184233.6000 59493.5700
v -25614.7400 -184233.6000 59493.5400
v -25614.4500 -184233.6000 59493.6500
v -25614.5400 -184233.6000 59493.6100
v -25614.2600 -184233.6000 59493.7300
v -25614.3500 -184233.6000 59493.6900
v -25614.0700 -184233.6000 59493.8100
v -25614.1600 -184233.6000 59493.7700
v -25613.8800 -184233.6000 59493.8900
v -25613.9700 -184233.6000 59493.8600
v -25613.6900 -184233.6000 59493.9800
v -25613.7900 -184233.6000 59493.9400
v -25613.5100 -184233.6000 59494.0800
v -25613.6000 -184233.6000 59494.0300
v -25613.3300 -184233.6000 59494.1700
v -25613.4200 -184233.6000 59494.1200
v -25613.1400 -184233.6000 59494.2700
v -25613.2300 -184233.6000 59494.2200
v -25612.9600 -184233.6000 59494.3800
v -25613.0500 -184233.6000 59494.3200
v -25612.7900 -184233.6000 59494.4800
v -25612.8700 -184233.6000 59494.4300
v -25612.6100 -184233.6000 59494.5900
v -25612.7000 -184233.6000 59494.5300
v -25612.4400 -184233.6000 59494.7000
v -25612.5200 -184233.6000 59494.6400
v -25612.2600 -184233.6000 59494.8100
v -25612.3500 -184233.6000 59494.7500
v -25612.0900 -184233.6000 59494.9300
v -25612.1800 -184233.6000 59494.8700
v -25611.9200 -184233.6000 59495.0500
v -25612.0100 -184233.6000 59494.9900
v -25611.7600 -184233.6000 59495.1700
v -25611.8400 -184233.6000 59495.1100
v -25611.5900 -184233.6000 59495.3000
v -25611.6800 -184233.6000 59495.2300
v -25611.4300 -184233.6000 59495.4300
v -25611.5100 -184233.6000 59495.3600
v -25611.2700 -184233.6000 59495.5600
v -25611.3500 -184233.6000 59495.4900
v -25611.1200 -184233.6000 59495.6900
v -25611.1900 -184233.6000 59495.6200
v -25610.9600 -184233.6000 59495.8300
v -25611.0400 -184233.6000 59495.7600
v -25610.8100 -184233.6000 59495.9700
v -25610.8800 -184233.6000 59495.9000
v -25610.6600 -184233.6000 59496.1100
v -25610.7300 -184233.6000 59496.0400
v -25610.5100 -184233.6000 59496.2500
v -25610.5800 -184233.6000 59496.1800
v -25610.3700 -184233.6000 59496.4000
v -25610.4400 -184233.6000 59496.3300
v -25610.2200 -184233.6000 59496.5500
v -25610.2900 -184233.6000 59496.4800
v -25610.0800 -184233.6000 59496.7000
v -25610.1500 -184233.6000 59496.6300
v -25609.9500 -184233.6000 59496.8600
v -25610.0200 -184233.6000 59496.7900
v -25609.8100 -184233.6000 59497.0200
v -25609.8800 -184233.6000 59496.9400
v -25609.6800 -184233.6000 59497.1800
v -25609.7500 -184233.6000 59497.1000
v -25609.5500 -184233.6000 59497.3400
v -25609.6200 -184233.6000 59497.2600
v -25609.4300 -184233.6000 59497.5000
v -25609.4900 -184233.6000 59497.4200
v -25609.3000 -184233.6000 59497.6700
v -25609.3700 -184233.6000 59497.5900
v -25609.1800 -184233.6000 59497.8400
v -25609.2400 -184233.6000 59497.7500
v -25609.0700 -184233.6000 59498.0100
v -25609.1200 -184233.6000 59497.9200
v -25608.9500 -184233.6000 59498.1800
v -25609.0100 -184233.6000 59498.0900
v -25608.8400 -184233.6000 59498.3500
v -25608.9000 -184233.6000 59498.2700
v -25608.7300 -184233.6000 59498.5300
v -25608.7900 -184233.6000 59498.4400
v -25608.6300 -184233.6000 59498.7100
v -25608.6800 -184233.6000 59498.6200
v -25608.5300 -184233.6000 59498.8900
v -25608.5800 -184233.6000 59498.8000
v -25608.4300 -184233.6000 59499.0700
v -25608.4800 -184233.6000 59498.9800
v -25608.3300 -184233.6000 59499.2500
v -25608.3800 -184233.6000 59499.1600
v -25608.2400 -184233.6000 59499.4400
v -25608.2900 -184233.6000 59499.3500
v -25608.1500 -184233.6000 59499.6200
v -25608.2000 -184233.6000 59499.5300
v -25608.0700 -184233.6000 59499.8100
v -25608.1100 -184233.6000 59499.7200
v -25607.9800 -184233.6000 59500.0000
v -25608.0300 -184233.6000 59499.9100
v -25607.9000 -184233.6000 59500.1900
v -25607.9400 -184233.6000 59500.1000
v -25607.8300 -184233.6000 59500.3800
v -25607.8700 -184233.6000 59500.2900
v -25607.7600 -184233.6000 59500.5800
v -25607.7900 -184233.6000 59500.4800
v -25607.6900 -184233.6000 59500.7700
v -25607.7200 -184233.6000 59500.6800
v -25607.6200 -184233.6000 59500.9700
v -25607.6500 -184233.6000 59500.8700
v -25607.5600 -184233.6000 59501.1700
v -25607.5900 -184233.6000 59501.0700
v -25607.5000 -184233.6000 59501.3600
v -25607.5300 -184233.6000 59501.2700
v -25607.4500 -184233.6000 59501.5600
v -25607.4700 -184233.6000 59501.4600
v -25607.3900 -184233.6000 59501.7600
v -25607.4200 -184233.6000 59501.6600
v -25607.3500 -184233.6000 59501.9600
v -25607.3700 -184233.6000 59501.8700
v -25607.3000 -184233.6000 59502.1700
v -25607.3200 -184233.6000 59502.0700
v -25607.2600 -184233.6000 59502.3700
v -25607.2800 -184233.6000 59502.2700
v -25607.2200 -184233.6000 59502.5700
v -25607.2400 -184233.6000 59502.4700
v -25607.1900 -184233.6000 59502.7800
v -25607.2100 -184233.6000 59502.6800
v -25607.1600 -184233.6000 59502.9800
v -25607.1700 -184233.6000 59502.8800
v -25607.1300 -184233.6000 59503.1800
v -25607.1400 -184233.6000 59503.0900
v -25607.1100 -184233.6000 59503.3900
v -25607.1200 -184233.6000 59503.2900
v -25607.0900 -184233.6000 59503.6000
v -25607.1000 -184233.6000 59503.5000
v -25607.0700 -184233.6000 59503.8000
v -25607.0800 -184233.6000 59503.7000
v -25607.0600 -184233.6000 59504.0100
v -25607.0600 -184233.6000 59503.9100
v -25607.0500 -184233.6000 59504.2100
v -25607.0500 -184233.6000 59504.1100
v -25607.0400 -184233.6000 59504.4200
v -25607.0500 -184233.6000 59504.3200
v -25607.0400 -184233.6000 59504.6300
v -25607.0400 -184233.6000 59504.5300
v -25607.0400 -184233.6000 59504.8400
v -25607.0400 -184233.6000 59504.7300
v -25607.0500 -184233.6000 59505.0400
v -25607.0500 -184233.6000 59504.9400
v -25607.0600 -184233.6000 59505.2500
v -25607.0500 -184233.6000 59505.1500
v -25607.0700 -184233.6000 59505.4500
v -25607.0600 -184233.6000 59505.3500
v -25607.0900 -184233.6000 59505.6600
v -25607.0800 -184233.6000 59505.5600
v -25607.1100 -184233.6000 59505.8700
v -25607.1000 -184233.6000 59505.7700
v -25607.1300 -184233.6000 59506.0700
v -25607.1200 -184233.6000 59505.9700
v -25607.1600 -184233.6000 59506.2800
v -25607.1400 -184233.6000 59506.1800
v -25607.1900 -184233.6000 59506.4800
v -25607.1700 -184233.6000 59506.3800
v -25607.2200 -184233.6000 59506.6800
v -25607.2100 -184233.6000 59506.5900
v -25607.2600 -184233.6000 59506.8900
v -25607.2400 -184233.6000 59506.7900
v -25607.3000 -184233.6000 59507.0900
v -25607.2800 -184233.6000 59506.9900
v -25607.3500 -184233.6000 59507.2900
v -25607.3200 -184233.6000 59507.1900
v -25607.3900 -184233.6000 59507.4900
v -25607.3700 -184233.6000 59507.3900
v -25607.4500 -184233.6000 59507.7000
v -25607.4200 -184233.6000 59507.5900
v -25607.5000 -184233.6000 59507.8900
v -25607.4700 -184233.6000 59507.7900
v -25607.5600 -184233.6000 59508.0900
v -25607.5300 -184233.6000 59507.9900
v -25607.6200 -184233.6000 59508.2900
v -25607.5900 -184233.6000 59508.1900
v -25607.6900 -184233.6000 59508.4800
v -25607.6600 -184233.6000 59508.3900
v -25607.7600 -184233.6000 59508.6800
v -25607.7200 -184233.6000 59508.5800
v -25607.8300 -184233.6000 59508.8700
v -25607.7900 -184233.6000 59508.7800
v -25607.9000 -184233.6000 59509.0700
v -25607.8700 -184233.6000 59508.9700
v -25607.9800 -184233.6000 59509.2500
v -25607.9500 -184233.6000 59509.1600
v -25608.0700 -184233.6000 59509.4500
v -25608.0300 -184233.6000 59509.3500
v -25608.1500 -184233.6000 59509.6300
v -25608.1100 -184233.6000 59509.5400
v -25608.2400 -184233.6000 59509.8200
v -25608.2000 -184233.6000 59509.7300
v -25608.3300 -184233.6000 59510.0000
v -25608.2900 -184233.6000 59509.9100
v -25608.4300 -184233.6000 59510.1900
v -25608.3800 -184233.6000 59510.1000
v -25608.5300 -184233.6000 59510.3700
v -25608.4800 -184233.6000 59510.2800
v -25608.6300 -184233.6000 59510.5500
v -25608.5800 -184233.6000 59510.4600
v -25608.7300 -184233.6000 59510.7300
v -25608.6800 -184233.6000 59510.6400
v -25608.8400 -184233.6000 59510.9000
v -25608.7900 -184233.6000 59510.8200
v -25608.9500 -184233.6000 59511.0800
v -25608.9000 -184233.6000 59510.9900
v -25609.0700 -184233.6000 59511.2500
v -25609.0100 -184233.6000 59511.1600
v -25609.1800 -184233.6000 59511.4200
v -25609.1300 -184233.6000 59511.3400
v -25609.3000 -184233.6000 59511.5900
v -25609.2400 -184233.6000 59511.5100
v -25609.4300 -184233.6000 59511.7500
v -25609.3700 -184233.6000 59511.6700
v -25609.5500 -184233.6000 59511.9200
v -25609.4900 -184233.6000 59511.8400
v -25609.6800 -184233.6000 59512.0800
v -25609.6200 -184233.6000 59512.0000
v -25609.8100 -184233.6000 59512.2400
v -25609.7500 -184233.6000 59512.1600
v -25609.9500 -184233.6000 59512.4000
v -25609.8800 -184233.6000 59512.3200
v -25610.0800 -184233.6000 59512.5500
v -25610.0200 -184233.6000 59512.4800
v -25610.2200 -184233.6000 59512.7000
v -25610.1500 -184233.6000 59512.6300
v -25610.3700 -184233.6000 59512.8600
v -25610.3000 -184233.6000 59512.7800
v -25610.5100 -184233.6000 59513.0000
v -25610.4400 -184233.6000 59512.9300
v -25610.6600 -184233.6000 59513.1500
v -25610.5900 -184233.6000 59513.0700
v -25610.8100 -184233.6000 59513.2900
v -25610.7300 -184233.6000 59513.2200
v -25610.9600 -184233.6000 59513.4300
v -25610.8800 -184233.6000 59513.3600
v -25611.1200 -184233.6000 59513.5700
v -25611.0400 -184233.6000 59513.5000
v -25611.2700 -184233.6000 59513.7000
v -25611.2000 -184233.6000 59513.6300
v -25611.4300 -184233.6000 59513.8300
v -25611.3500 -184233.6000 59513.7700
v -25611.5900 -184233.6000 59513.9600
v -25611.5100 -184233.6000 59513.9000
v -25611.7600 -184233.6000 59514.0900
v -25611.6800 -184233.6000 59514.0200
v -25611.9200 -184233.6000 59514.2100
v -25611.8400 -184233.6000 59514.1500
v -25612.0900 -184233.6000 59514.3300
v -25612.0100 -184233.6000 59514.2700
v -25612.2600 -184233.6000 59514.4500
v -25612.1800 -184233.6000 59514.3900
v -25612.4400 -184233.6000 59514.5600
v -25612.3500 -184233.6000 59514.5000
v -25612.6100 -184233.6000 59514.6700
v -25612.5200 -184233.6000 59514.6200
v -25612.7900 -184233.6000 59514.7800
v -25612.7000 -184233.6000 59514.7300
v -25612.9600 -184233.6000 59514.8800
v -25612.8800 -184233.6000 59514.8300
v -25613.1400 -184233.6000 59514.9800
v -25613.0500 -184233.6000 59514.9400
v -25613.3300 -184233.6000 59515.0900
v -25613.2400 -184233.6000 59515.0400
v -25613.5100 -184233.6000 59515.1800
v -25613.4200 -184233.6000 59515.1300
v -25613.6900 -184233.6000 59515.2700
v -25613.6000 -184233.6000 59515.2300
v -25613.8800 -184233.6000 59515.3600
v -25613.7900 -184233.6000 59515.3200
v -25614.0700 -184233.6000 59515.4500
v -25613.9700 -184233.6000 59515.4100
v -25614.2600 -184233.6000 59515.5300
v -25614.1600 -184233.6000 59515.4900
v -25614.4500 -184233.6000 59515.6100
v -25614.3500 -184233.6000 59515.5700
v -25614.6400 -184233.6000 59515.6800
v -25614.5500 -184233.6000 59515.6500
v -25614.8300 -184233.6000 59515.7600
v -25614.7400 -184233.6000 59515.7200
v -25615.0300 -184233.6000 59515.8200
v -25614.9300 -184233.6000 59515.7900
v -25615.2200 -184233.6000 59515.8900
v -25615.1300 -184233.6000 59515.8600
v -25615.4200 -184233.6000 59515.9500
v -25615.3200 -184233.6000 59515.9200
v -25615.6200 -184233.6000 59516.0100
v -25615.5200 -184233.6000 59515.9800
v -25615.8200 -184233.6000 59516.0700
v -25615.7200 -184233.6000 59516.0400
v -25616.0200 -184233.6000 59516.1200
v -25615.9200 -184233.6000 59516.0900
v -25616.2200 -184233.6000 59516.1700
v -25616.1200 -184233.6000 59516.1400
v -25616.4200 -184233.6000 59516.2100
v -25616.3200 -184233.6000 59516.1900
v -25616.6200 -184233.6000 59516.2500
v -25616.5300 -184233.6000 59516.2300
v -25616.8300 -184233.6000 59516.2900
v -25616.7300 -184233.6000 59516.2700
v -25617.0300 -184233.6000 59516.3200
v -25616.9300 -184233.6000 59516.3100
v -25617.2400 -184233.6000 59516.3600
v -25617.1300 -184233.6000 59516.3400
v -25617.4400 -184233.6000 59516.3800
v -25617.3400 -184233.6000 59516.3700
v -25617.6500 -184233.6000 59516.4100
v -25617.5400 -184233.6000 59516.3900
v -25617.8500 -184233.6000 59516.4300
v -25617.7500 -184233.6000 59516.4100
v -25618.0600 -184233.6000 59516.4400
v -25617.9600 -184233.6000 59516.4300
v -25618.2700 -184233.6000 59516.4500
v -25618.1600 -184233.6000 59516.4500
v -25618.4700 -184233.6000 59516.4600
v -25618.3700 -184233.6000 59516.4600
v -25618.6800 -184233.6000 59516.4700
v -25618.5800 -184233.6000 59516.4600
v -25618.8800 -184233.6000 59516.4700
v -25618.7800 -184233.6000 59516.4700
v -25619.0900 -184233.6000 59516.4700
v -25618.9900 -184233.6000 59516.4700
v -25619.3000 -184233.6000 59516.4600
v -25619.2000 -184233.6000 59516.4600
v -25619.5000 -184233.6000 59516.4500
v -25619.4000 -184233.6000 59516.4600
v -25619.7100 -184233.6000 59516.4400
v -25619.6100 -184233.6000 59516.4500
v -25619.9200 -184233.6000 59516.4300
v -25619.8100 -184233.6000 59516.4300
v -25620.1200 -184233.6000 59516.4100
v -25620.0200 -184233.6000 59516.4100
v -25620.3300 -184233.6000 59516.3800
v -25620.2300 -184233.6000 59516.3900
v -25620.5300 -184233.6000 59516.3600
v -25620.4300 -184233.6000 59516.3700
v -25620.7400 -184233.6000 59516.3200
v -25620.6400 -184233.6000 59516.3400
v -25620.9400 -184233.6000 59516.2900
v -25620.8400 -184233.6000 59516.3100
v -25621.1400 -184233.6000 59516.2500
v -25621.0400 -184233.6000 59516.2700
v -25621.3500 -184233.6000 59516.2100
v -25621.2500 -184233.6000 59516.2300
v -25621.5500 -184233.6000 59516.1700
v -25621.4500 -184233.6000 59516.1900
v -25621.7500 -184233.6000 59516.1200
v -25621.6500 -184233.6000 59516.1400
v -25621.9500 -184233.6000 59516.0700
v -25621.8500 -184233.6000 59516.0900
v -25622.1500 -184233.6000 59516.0100
v -25622.0500 -184233.6000 59516.0400
v -25622.3500 -184233.6000 59515.9500
v -25622.2500 -184233.6000 59515.9800
v -25622.5400 -184233.6000 59515.8900
v -25622.4500 -184233.6000 59515.9200
v -25622.7400 -184233.6000 59515.8200
v -25622.6400 -184233.6000 59515.8600
v -25622.9400 -184233.6000 59515.7600
v -25622.8400 -184233.6000 59515.7900
v -25623.1300 -184233.6000 59515.6800
v -25623.0300 -184233.6000 59515.7200
v -25623.3200 -184233.6000 59515.6100
v -25623.2300 -184233.6000 59515.6400
v -25623.5100 -184233.6000 59515.5300
v -25623.4200 -184233.6000 59515.5700
v -25623.7000 -184233.6000 59515.4500
v -25623.6100 -184233.6000 59515.4900
v -25623.8900 -184233.6000 59515.3600
v -25623.8000 -184233.6000 59515.4000
v -25624.0800 -184233.6000 59515.2700
v -25623.9800 -184233.6000 59515.3200
v -25624.2600 -184233.6000 59515.1800
v -25624.1700 -184233.6000 59515.2300
v -25624.4400 -184233.6000 59515.0900
v -25624.3500 -184233.6000 59515.1300
v -25624.6200 -184233.6000 59514.9800
v -25624.5400 -184233.6000 59515.0400
v -25624.8100 -184233.6000 59514.8800
v -25624.7200 -184233.6000 59514.9300
v -25624.9800 -184233.6000 59514.7800
v -25624.9000 -184233.6000 59514.8300
v -25625.1600 -184233.6000 59514.6700
v -25625.0700 -184233.6000 59514.7200
v -25625.3300 -184233.6000 59514.5600
v -25625.2500 -184233.6000 59514.6100
v -25625.5100 -184233.6000 59514.4500
v -25625.4200 -184233.6000 59514.5000
v -25625.6800 -184233.6000 59514.3300
v -25625.5900 -184233.6000 59514.3900
v -25625.8500 -184233.6000 59514.2100
v -25625.7600 -184233.6000 59514.2700
v -25626.0100 -184233.6000 59514.0900
v -25625.9300 -184233.6000 59514.1400
v -25626.1800 -184233.6000 59513.9600
v -25626.0900 -184233.6000 59514.0200
v -25626.3400 -184233.6000 59513.8300
v -25626.2600 -184233.6000 59513.8900
v -25626.5000 -184233.6000 59513.7000
v -25626.4200 -184233.6000 59513.7700
v -25626.6500 -184233.6000 59513.5700
v -25626.5800 -184233.6000 59513.6300
v -25626.8100 -184233.6000 59513.4300
v -25626.7300 -184233.6000 59513.5000
v -25626.9600 -184233.6000 59513.2900
v -25626.8800 -184233.6000 59513.3600
v -25627.1100 -184233.6000 59513.1500
v -25627.0400 -184233.6000 59513.2200
v -25627.2600 -184233.6000 59513.0000
v -25627.1900 -184233.6000 59513.0700
v -25627.4000 -184233.6000 59512.8600
v -25627.3300 -184233.6000 59512.9300
v -25627.5400 -184233.6000 59512.7000
v -25627.4700 -184233.6000 59512.7800
v -25627.6900 -184233.6000 59512.5500
v -25627.6200 -184233.6000 59512.6300
v -25627.8200 -184233.6000 59512.4000
v -25627.7500 -184233.6000 59512.4700
v -25627.9600 -184233.6000 59512.2400
v -25627.8900 -184233.6000 59512.3200
v -25628.0900 -184233.6000 59512.0800
v -25628.0200 -184233.6000 59512.1600
v -25628.2200 -184233.6000 59511.9200
v -25628.1500 -184233.6000 59512.0000
v -25628.3400 -184233.6000 59511.7500
v -25628.2800 -184233.6000 59511.8400
v -25628.4600 -184233.6000 59511.5900
v -25628.4000 -184233.6000 59511.6700
v -25628.5900 -184233.6000 59511.4200
v -25628.5300 -184233.6000 59511.5000
v -25628.7000 -184233.6000 59511.2500
v -25628.6400 -184233.6000 59511.3400
v -25628.8200 -184233.6000 59511.0800
v -25628.7600 -184233.6000 59511.1600
v -25628.9300 -184233.6000 59510.9000
v -25628.8700 -184233.6000 59510.9900
v -25629.0400 -184233.6000 59510.7300
v -25628.9800 -184233.6000 59510.8100
v -25629.1400 -184233.6000 59510.5500
v -25629.0900 -184233.6000 59510.6400
v -25629.2400 -184233.6000 59510.3700
v -25629.1900 -184233.6000 59510.4600
v -25629.3400 -184233.6000 59510.1900
v -25629.2900 -184233.6000 59510.2800
v -25629.4400 -184233.6000 59510.0000
v -25629.3900 -184233.6000 59510.0900
v -25629.5300 -184233.6000 59509.8200
v -25629.4800 -184233.6000 59509.9100
v -25629.6200 -184233.6000 59509.6300
v -25629.5700 -184233.6000 59509.7300
v -25629.7000 -184233.6000 59509.4500
v -25629.6600 -184233.6000 59509.5400
v -25629.7900 -184233.6000 59509.2500
v -25629.7400 -184233.6000 59509.3500
v -25629.8700 -184233.6000 59509.0700
v -25629.8300 -184233.6000 59509.1600
v -25629.9400 -184233.6000 59508.8700
v -25629.9000 -184233.6000 59508.9700
v -25630.0100 -184233.6000 59508.6800
v -25629.9800 -184233.6000 59508.7700
v -25630.0800 -184233.6000 59508.4800
v -25630.0500 -184233.6000 59508.5800
v -25630.1500 -184233.6000 59508.2900
v -25630.1200 -184233.6000 59508.3800
v -25630.2100 -184233.6000 59508.0900
v -25630.1800 -184233.6000 59508.1900
v -25630.2700 -184233.6000 59507.8900
v -25630.2400 -184233.6000 59507.9900
v -25630.3200 -184233.6000 59507.7000
v -25630.2900 -184233.6000 59507.7900
v -25630.3800 -184233.6000 59507.4900
v -25630.3500 -184233.6000 59507.5900
v -25630.4200 -184233.6000 59507.2900
v -25630.4000 -184233.6000 59507.3900
v -25630.4700 -184233.6000 59507.0900
v -25630.4500 -184233.6000 59507.1900
v -25630.5100 -184233.6000 59506.8900
v -25630.4900 -184233.6000 59506.9900
v -25630.5500 -184233.6000 59506.6800
v -25630.5300 -184233.6000 59506.7900
v -25630.5800 -184233.6000 59506.4800
v -25630.5600 -184233.6000 59506.5800
v -25630.6100 -184233.6000 59506.2800
v -25630.6000 -184233.6000 59506.3800
v -25630.6400 -184233.6000 59506.0700
v -25630.6200 -184233.6000 59506.1700
v -25630.6600 -184233.6000 59505.8700
v -25630.6500 -184233.6000 59505.9700
v -25630.6800 -184233.6000 59505.6600
v -25630.6700 -184233.6000 59505.7600
v -25630.7000 -184233.6000 59505.4500
v -25630.6900 -184233.6000 59505.5500
v -25630.7100 -184233.6000 59505.2500
v -25630.7100 -184233.6000 59505.3500
v -25630.7200 -184233.6000 59505.0400
v -25630.7100 -184233.6000 59505.1400
v -25630.7200 -184233.6000 59504.8400
v -25630.7200 -184233.6000 59504.9400
v -25630.7300 -184233.6000 59504.7300
v -25630.9000 -184272.6000 59504.6300
v -25627.4300 -184272.6000 59496.2500
v -25619.0600 -184272.6000 59492.7900
v -25610.6800 -184272.6000 59496.2500
v -25607.2100 -184272.6000 59504.6300
v -25610.6800 -184272.6000 59513.0000
v -25619.0600 -184272.6000 59516.4700
v -25627.4300 -184272.6000 59513.0000
v -27845.0700 -183572.3000 59536.9100
v -27845.0800 -183571.8000 59536.9100
v -27845.0800 -183572.0000 59536.9100
v -27845.1100 -183571.2000 59536.9100
v -27845.1000 -183571.5000 59536.9100
v -27845.1600 -183570.7000 59536.9100
v -27845.1300 -183570.9000 59536.9100
v -27845.2200 -183570.1000 59536.9100
v -27845.1900 -183570.4000 59536.9100
v -27845.3100 -183569.6000 59536.9100
v -27845.2700 -183569.8000 59536.9100
v -27845.4100 -183569.0000 59536.9100
v -27845.3600 -183569.3000 59536.9100
v -27845.4700 -183568.8000 59536.9100
v -27845.4500 -183568.9000 59536.9100
v -27845.5400 -183568.5000 59536.9100
v -27845.5100 -183568.6000 59536.9100
v -27845.6100 -183568.2000 59536.9100
v -27845.5700 -183568.4000 59536.9100
v -27845.6800 -183568.0000 59536.9100
v -27845.6500 -183568.1000 59536.9100
v -27845.7600 -183567.7000 59536.9100
v -27845.7200 -183567.8000 59536.9100
v -27845.8400 -183567.4000 59536.9100
v -27845.8000 -183567.6000 59536.9100
v -27845.9300 -183567.2000 59536.9100
v -27845.8900 -183567.3000 59536.9100
v -27846.0200 -183566.9000 59536.9100
v -27845.9800 -183567.0000 59536.9100
v -27846.1200 -183566.7000 59536.9100
v -27846.0700 -183566.8000 59536.9100
v -27846.2200 -183566.4000 59536.9100
v -27846.1700 -183566.5000 59536.9100
v -27846.3200 -183566.2000 59536.9100
v -27846.2700 -183566.3000 59536.9100
v -27846.4400 -183565.9000 59536.9100
v -27846.3800 -183566.0000 59536.9100
v -27846.5500 -183565.7000 59536.9100
v -27846.4900 -183565.8000 59536.9100
v -27846.6700 -183565.4000 59536.9100
v -27846.6100 -183565.5000 59536.9100
v -27846.7900 -183565.2000 59536.9100
v -27846.7300 -183565.3000 59536.9100
v -27846.9200 -183564.9000 59536.9100
v -27846.8600 -183565.0000 59536.9100
v -27847.0500 -183564.7000 59536.9100
v -27846.9800 -183564.8000 59536.9100
v -27847.1900 -183564.4000 59536.9100
v -27847.1200 -183564.5000 59536.9100
v -27847.3200 -183564.2000 59536.9100
v -27847.2600 -183564.3000 59536.9100
v -27847.4700 -183564.0000 59536.9100
v -27847.4000 -183564.1000 59536.9100
v -27847.6200 -183563.7000 59536.9100
v -27847.5400 -183563.8000 59536.9100
v -27847.7700 -183563.5000 59536.9100
v -27847.7000 -183563.6000 59536.9100
v -27847.9300 -183563.3000 59536.9100
v -27847.8500 -183563.4000 59536.9100
v -27848.0900 -183563.0000 59536.9100
v -27848.0100 -183563.2000 59536.9100
v -27848.2500 -183562.8000 59536.9100
v -27848.1700 -183562.9000 59536.9100
v -27848.4200 -183562.6000 59536.9100
v -27848.3300 -183562.7000 59536.9100
v -27848.5900 -183562.4000 59536.9100
v -27848.5000 -183562.5000 59536.9100
v -27848.7600 -183562.2000 59536.9100
v -27848.6800 -183562.3000 59536.9100
v -27848.9400 -183562.0000 59536.9100
v -27848.8600 -183562.1000 59536.9100
v -27849.1200 -183561.8000 59536.9100
v -27849.0400 -183561.9000 59536.9100
v -27849.3100 -183561.5000 59536.9100
v -27849.2200 -183561.7000 59536.9100
v -27849.5000 -183561.4000 59536.9100
v -27849.4100 -183561.5000 59536.9100
v -27849.7000 -183561.2000 59536.9100
v -27849.6000 -183561.2000 59536.9100
v -27849.8900 -183561.0000 59536.9100
v -27849.7900 -183561.1000 59536.9100
v -27850.0900 -183560.8000 59536.9100
v -27849.9900 -183560.9000 59536.9100
v -27850.2900 -183560.6000 59536.9100
v -27850.1900 -183560.7000 59536.9100
v -27850.5000 -183560.4000 59536.9100
v -27850.4000 -183560.5000 59536.9100
v -27850.7100 -183560.2000 59536.9100
v -27850.6100 -183560.3000 59536.9100
v -27850.9200 -183560.0000 59536.9100
v -27850.8200 -183560.1000 59536.9100
v -27851.1400 -183559.9000 59536.9100
v -27851.0300 -183560.0000 59536.9100
v -27851.3600 -183559.7000 59536.9100
v -27851.2500 -183559.8000 59536.9100
v -27851.5800 -183559.5000 59536.9100
v -27851.4700 -183559.6000 59536.9100
v -27851.8000 -183559.4000 59536.9100
v -27851.6900 -183559.5000 59536.9100
v -27852.0300 -183559.2000 59536.9100
v -27851.9200 -183559.3000 59536.9100
v -27852.2600 -183559.1000 59536.9100
v -27852.1500 -183559.2000 59536.9100
v -27852.4900 -183558.9000 59536.9100
v -27852.3800 -183559.0000 59536.9100
v -27852.7300 -183558.8000 59536.9100
v -27852.6100 -183558.9000 59536.9100
v -27852.9600 -183558.7000 59536.9100
v -27852.8500 -183558.7000 59536.9100
v -27853.2100 -183558.5000 59536.9100
v -27853.0900 -183558.6000 59536.9100
v -27853.4500 -183558.4000 59536.9100
v -27853.3300 -183558.5000 59536.9100
v -27853.6900 -183558.2000 59536.9100
v -27853.5700 -183558.3000 59536.9100
v -27853.9400 -183558.1000 59536.9100
v -27853.8200 -183558.2000 59536.9100
v -27854.1900 -183558.0000 59536.9100
v -27854.0600 -183558.1000 59536.9100
v -27854.4400 -183557.9000 59536.9100
v -27854.3100 -183558.0000 59536.9100
v -27854.6900 -183557.8000 59536.9100
v -27854.5600 -183557.8000 59536.9100
v -27854.9400 -183557.7000 59536.9100
v -27854.8200 -183557.7000 59536.9100
v -27855.2000 -183557.6000 59536.9100
v -27855.0700 -183557.6000 59536.9100
v -27855.4600 -183557.5000 59536.9100
v -27855.3300 -183557.5000 59536.9100
v -27855.7200 -183557.4000 59536.9100
v -27855.5900 -183557.4000 59536.9100
v -27855.9800 -183557.3000 59536.9100
v -27855.8500 -183557.3000 59536.9100
v -27856.2400 -183557.2000 59536.9100
v -27856.1100 -183557.3000 59536.9100
v -27856.5100 -183557.1000 59536.9100
v -27856.3800 -183557.2000 59536.9100
v -27856.7700 -183557.1000 59536.9100
v -27856.6400 -183557.1000 59536.9100
v -27857.0400 -183557.0000 59536.9100
v -27856.9100 -183557.0000 59536.9100
v -27857.3100 -183556.9000 59536.9100
v -27857.1800 -183557.0000 59536.9100
v -27857.5800 -183556.9000 59536.9100
v -27857.4400 -183556.9000 59536.9100
v -27857.8500 -183556.8000 59536.9100
v -27857.7100 -183556.8000 59536.9100
v -27858.1200 -183556.8000 59536.9100
v -27857.9800 -183556.8000 59536.9100
v -27858.3900 -183556.7000 59536.9100
v -27858.2500 -183556.8000 59536.9100
v -27858.6600 -183556.7000 59536.9100
v -27858.5300 -183556.7000 59536.9100
v -27858.9400 -183556.7000 59536.9100
v -27858.8000 -183556.7000 59536.9100
v -27859.2100 -183556.6000 59536.9100
v -27859.0700 -183556.6000 59536.9100
v -27859.4800 -183556.6000 59536.9100
v -27859.3500 -183556.6000 59536.9100
v -27859.7600 -183556.6000 59536.9100
v -27859.6200 -183556.6000 59536.9100
v -27860.0300 -183556.6000 59536.9100
v -27859.9000 -183556.6000 59536.9100
v -27860.3100 -183556.5000 59536.9100
v -27860.1700 -183556.5000 59536.9100
v -27860.5800 -183556.5000 59536.9100
v -27860.4500 -183556.5000 59536.9100
v -27860.8600 -183556.5000 59536.9100
v -27860.7200 -183556.5000 59536.9100
v -27861.1300 -183556.5000 59536.9100
v -27861.0000 -183556.5000 59536.9100
v -27861.4100 -183556.5000 59536.9100
v -27861.2700 -183556.5000 59536.9100
v -27861.6900 -183556.6000 59536.9100
v -27861.5500 -183556.5000 59536.9100
v -27861.9600 -183556.6000 59536.9100
v -27861.8200 -183556.6000 59536.9100
v -27862.2300 -183556.6000 59536.9100
v -27862.1000 -183556.6000 59536.9100
v -27862.5100 -183556.6000 59536.9100
v -27862.3700 -183556.6000 59536.9100
v -27862.7800 -183556.7000 59536.9100
v -27862.6500 -183556.6000 59536.9100
v -27863.0600 -183556.7000 59536.9100
v -27862.9200 -183556.7000 59536.9100
v -27863.3300 -183556.7000 59536.9100
v -27863.1900 -183556.7000 59536.9100
v -27863.6000 -183556.8000 59536.9100
v -27863.4700 -183556.8000 59536.9100
v -27863.8700 -183556.8000 59536.9100
v -27863.7400 -183556.8000 59536.9100
v -27864.1400 -183556.9000 59536.9100
v -27864.0100 -183556.9000 59536.9100
v -27864.4100 -183556.9000 59536.9100
v -27864.2800 -183556.9000 59536.9100
v -27864.6800 -183557.0000 59536.9100
v -27864.5500 -183557.0000 59536.9100
v -27864.9500 -183557.1000 59536.9100
v -27864.8100 -183557.0000 59536.9100
v -27865.2100 -183557.1000 59536.9100
v -27865.0800 -183557.1000 59536.9100
v -27865.4700 -183557.2000 59536.9100
v -27865.3400 -183557.2000 59536.9100
v -27865.7400 -183557.3000 59536.9100
v -27865.6100 -183557.3000 59536.9100
v -27866.0000 -183557.4000 59536.9100
v -27865.8700 -183557.3000 59536.9100
v -27866.2600 -183557.5000 59536.9100
v -27866.1300 -183557.4000 59536.9100
v -27866.5200 -183557.6000 59536.9100
v -27866.3900 -183557.5000 59536.9100
v -27866.7700 -183557.7000 59536.9100
v -27866.6500 -183557.6000 59536.9100
v -27867.0300 -183557.8000 59536.9100
v -27866.9000 -183557.7000 59536.9100
v -27867.2800 -183557.9000 59536.9100
v -27867.1600 -183557.8000 59536.9100
v -27867.5300 -183558.0000 59536.9100
v -27867.4100 -183558.0000 59536.9100
v -27867.7800 -183558.1000 59536.9100
v -27867.6600 -183558.1000 59536.9100
v -27868.0300 -183558.2000 59536.9100
v -27867.9000 -183558.2000 59536.9100
v -27868.2700 -183558.4000 59536.9100
v -27868.1500 -183558.3000 59536.9100
v -27868.5100 -183558.5000 59536.9100
v -27868.3900 -183558.5000 59536.9100
v -27868.7500 -183558.7000 59536.9100
v -27868.6300 -183558.6000 59536.9100
v -27868.9900 -183558.8000 59536.9100
v -27868.8700 -183558.7000 59536.9100
v -27869.2300 -183558.9000 59536.9100
v -27869.1100 -183558.9000 59536.9100
v -27869.4600 -183559.1000 59536.9100
v -27869.3400 -183559.0000 59536.9100
v -27869.6900 -183559.2000 59536.9100
v -27869.5700 -183559.2000 59536.9100
v -27869.9200 -183559.4000 59536.9100
v -27869.8000 -183559.3000 59536.9100
v -27870.1400 -183559.5000 59536.9100
v -27870.0300 -183559.5000 59536.9100
v -27870.3600 -183559.7000 59536.9100
v -27870.2500 -183559.6000 59536.9100
v -27870.5800 -183559.9000 59536.9100
v -27870.4700 -183559.8000 59536.9100
v -27870.7900 -183560.0000 59536.9100
v -27870.6900 -183560.0000 59536.9100
v -27871.0100 -183560.2000 59536.9100
v -27870.9000 -183560.1000 59536.9100
v -27871.2200 -183560.4000 59536.9100
v -27871.1100 -183560.3000 59536.9100
v -27871.4200 -183560.6000 59536.9100
v -27871.3200 -183560.5000 59536.9100
v -27871.6300 -183560.8000 59536.9100
v -27871.5300 -183560.7000 59536.9100
v -27871.8300 -183561.0000 59536.9100
v -27871.7300 -183560.9000 59536.9100
v -27872.0200 -183561.2000 59536.9100
v -27871.9300 -183561.1000 59536.9100
v -27872.2200 -183561.4000 59536.9100
v -27872.1200 -183561.3000 59536.9100
v -27872.4100 -183561.5000 59536.9100
v -27872.3100 -183561.5000 59536.9100
v -27872.5900 -183561.8000 59536.9100
v -27872.5000 -183561.7000 59536.9100
v -27872.7800 -183562.0000 59536.9100
v -27872.6900 -183561.9000 59536.9100
v -27872.9600 -183562.2000 59536.9100
v -27872.8700 -183562.1000 59536.9100
v -27873.1300 -183562.4000 59536.9100
v -27873.0400 -183562.3000 59536.9100
v -27873.3000 -183562.6000 59536.9100
v -27873.2200 -183562.5000 59536.9100
v -27873.4700 -183562.8000 59536.9100
v -27873.3800 -183562.7000 59536.9100
v -27873.6300 -183563.0000 59536.9100
v -27873.5500 -183562.9000 59536.9100
v -27873.7900 -183563.3000 59536.9100
v -27873.7100 -183563.2000 59536.9100
v -27873.9500 -183563.5000 59536.9100
v -27873.8700 -183563.4000 59536.9100
v -27874.1000 -183563.7000 59536.9100
v -27874.0300 -183563.6000 59536.9100
v -27874.2500 -183564.0000 59536.9100
v -27874.1800 -183563.8000 59536.9100
v -27874.3900 -183564.2000 59536.9100
v -27874.3200 -183564.1000 59536.9100
v -27874.5300 -183564.4000 59536.9100
v -27874.4600 -183564.3000 59536.9100
v -27874.6700 -183564.7000 59536.9100
v -27874.6000 -183564.5000 59536.9100
v -27874.8000 -183564.9000 59536.9100
v -27874.7300 -183564.8000 59536.9100
v -27874.9300 -183565.2000 59536.9100
v -27874.8600 -183565.0000 59536.9100
v -27875.0500 -183565.4000 59536.9100
v -27874.9900 -183565.3000 59536.9100
v -27875.1700 -183565.7000 59536.9100
v -27875.1100 -183565.5000 59536.9100
v -27875.2800 -183565.9000 59536.9100
v -27875.2300 -183565.8000 59536.9100
v -27875.3900 -183566.2000 59536.9100
v -27875.3400 -183566.0000 59536.9100
v -27875.5000 -183566.4000 59536.9100
v -27875.4500 -183566.3000 59536.9100
v -27875.6000 -183566.7000 59536.9100
v -27875.5500 -183566.5000 59536.9100
v -27875.7000 -183566.9000 59536.9100
v -27875.6500 -183566.8000 59536.9100
v -27875.7900 -183567.2000 59536.9100
v -27875.7400 -183567.0000 59536.9100
v -27875.8800 -183567.4000 59536.9100
v -27875.8300 -183567.3000 59536.9100
v -27875.9600 -183567.7000 59536.9100
v -27875.9200 -183567.6000 59536.9100
v -27876.0400 -183568.0000 59536.9100
v -27876.0000 -183567.8000 59536.9100
v -27876.1100 -183568.2000 59536.9100
v -27876.0700 -183568.1000 59536.9100
v -27876.1800 -183568.5000 59536.9100
v -27876.1400 -183568.4000 59536.9100
v -27876.2400 -183568.8000 59536.9100
v -27876.2100 -183568.6000 59536.9100
v -27876.3000 -183569.0000 59536.9100
v -27876.2700 -183568.9000 59536.9100
v -27876.4100 -183569.6000 59536.9100
v -27876.3600 -183569.3000 59536.9100
v -27876.4900 -183570.1000 59536.9100
v -27876.4500 -183569.9000 59536.9100
v -27876.5600 -183570.7000 59536.9100
v -27876.5300 -183570.4000 59536.9100
v -27876.6100 -183571.2000 59536.9100
v -27876.5800 -183571.0000 59536.9100
v -27876.6400 -183571.8000 59536.9100
v -27876.6200 -183571.5000 59536.9100
v -27876.6500 -183572.3000 59536.9100
v -27876.6400 -183572.0000 59536.9100
v -27876.6400 -183572.9000 59536.9100
v -27876.6400 -183572.6000 59536.9100
v -27876.6100 -183573.4000 59536.9100
v -27876.6200 -183573.2000 59536.9100
v -27876.5600 -183574.0000 59536.9100
v -27876.5800 -183573.7000 59536.9100
v -27876.4900 -183574.5000 59536.9100
v -27876.5300 -183574.2000 59536.9100
v -27876.4100 -183575.1000 59536.9100
v -27876.4500 -183574.8000 59536.9100
v -27876.3000 -183575.6000 59536.9100
v -27876.3500 -183575.3000 59536.9100
v -27876.2400 -183575.9000 59536.9100
v -27876.2700 -183575.7000 59536.9100
v -27876.1800 -183576.1000 59536.9100
v -27876.2100 -183576.0000 59536.9100
v -27876.1100 -183576.4000 59536.9100
v -27876.1400 -183576.3000 59536.9100
v -27876.0400 -183576.7000 59536.9100
v -27876.0700 -183576.5000 59536.9100
v -27875.9600 -183576.9000 59536.9100
v -27876.0000 -183576.8000 59536.9100
v -27875.8800 -183577.2000 59536.9100
v -27875.9200 -183577.1000 59536.9100
v -27875.7900 -183577.5000 59536.9100
v -27875.8300 -183577.3000 59536.9100
v -27875.7000 -183577.7000 59536.9100
v -27875.7400 -183577.6000 59536.9100
v -27875.6000 -183578.0000 59536.9100
v -27875.6500 -183577.9000 59536.9100
v -27875.5000 -183578.2000 59536.9100
v -27875.5500 -183578.1000 59536.9100
v -27875.3900 -183578.5000 59536.9100
v -27875.4500 -183578.4000 59536.9100
v -27875.2800 -183578.8000 59536.9100
v -27875.3400 -183578.6000 59536.9100
v -27875.1700 -183579.0000 59536.9100
v -27875.2200 -183578.9000 59536.9100
v -27875.0500 -183579.2000 59536.9100
v -27875.1100 -183579.1000 59536.9100
v -27874.9300 -183579.5000 59536.9100
v -27874.9900 -183579.4000 59536.9100
v -27874.8000 -183579.7000 59536.9100
v -27874.8600 -183579.6000 59536.9100
v -27874.6700 -183580.0000 59536.9100
v -27874.7300 -183579.9000 59536.9100
v -27874.5300 -183580.2000 59536.9100
v -27874.6000 -183580.1000 59536.9100
v -27874.3900 -183580.5000 59536.9100
v -27874.4600 -183580.3000 59536.9100
v -27874.2500 -183580.7000 59536.9100
v -27874.3200 -183580.6000 59536.9100
v -27874.1000 -183580.9000 59536.9100
v -27874.1700 -183580.8000 59536.9100
v -27873.9500 -183581.2000 59536.9100
v -27874.0200 -183581.0000 59536.9100
v -27873.7900 -183581.4000 59536.9100
v -27873.8700 -183581.3000 59536.9100
v -27873.6300 -183581.6000 59536.9100
v -27873.7100 -183581.5000 59536.9100
v -27873.4700 -183581.8000 59536.9100
v -27873.5500 -183581.7000 59536.9100
v -27873.3000 -183582.0000 59536.9100
v -27873.3800 -183581.9000 59536.9100
v -27873.1300 -183582.3000 59536.9100
v -27873.2100 -183582.2000 59536.9100
v -27872.9600 -183582.5000 59536.9100
v -27873.0400 -183582.4000 59536.9100
v -27872.7800 -183582.7000 59536.9100
v -27872.8600 -183582.6000 59536.9100
v -27872.5900 -183582.9000 59536.9100
v -27872.6800 -183582.8000 59536.9100
v -27872.4100 -183583.1000 59536.9100
v -27872.5000 -183583.0000 59536.9100
v -27872.2200 -183583.3000 59536.9100
v -27872.3100 -183583.2000 59536.9100
v -27872.0200 -183583.5000 59536.9100
v -27872.1200 -183583.4000 59536.9100
v -27871.8300 -183583.7000 59536.9100
v -27871.9200 -183583.6000 59536.9100
v -27871.6300 -183583.9000 59536.9100
v -27871.7300 -183583.8000 59536.9100
v -27871.4200 -183584.1000 59536.9100
v -27871.5200 -183584.0000 59536.9100
v -27871.2200 -183584.2000 59536.9100
v -27871.3200 -183584.2000 59536.9100
v -27871.0100 -183584.4000 59536.9100
v -27871.1100 -183584.3000 59536.9100
v -27870.7900 -183584.6000 59536.9100
v -27870.9000 -183584.5000 59536.9100
v -27870.5800 -183584.8000 59536.9100
v -27870.6900 -183584.7000 59536.9100
v -27870.3600 -183584.9000 59536.9100
v -27870.4700 -183584.8000 59536.9100
v -27870.1400 -183585.1000 59536.9100
v -27870.2500 -183585.0000 59536.9100
v -27869.9200 -183585.2000 59536.9100
v -27870.0300 -183585.2000 59536.9100
v -27869.6900 -183585.4000 59536.9100
v -27869.8000 -183585.3000 59536.9100
v -27869.4600 -183585.6000 59536.9100
v -27869.5700 -183585.5000 59536.9100
v -27869.2300 -183585.7000 59536.9100
v -27869.3400 -183585.6000 59536.9100
v -27868.9900 -183585.9000 59536.9100
v -27869.1100 -183585.8000 59536.9100
v -27868.7500 -183586.0000 59536.9100
v -27868.8700 -183585.9000 59536.9100
v -27868.5100 -183586.1000 59536.9100
v -27868.6300 -183586.1000 59536.9100
v -27868.2700 -183586.3000 59536.9100
v -27868.3900 -183586.2000 59536.9100
v -27868.0300 -183586.4000 59536.9100
v -27868.1500 -183586.3000 59536.9100
v -27867.7800 -183586.5000 59536.9100
v -27867.9000 -183586.5000 59536.9100
v -27867.5300 -183586.6000 59536.9100
v -27867.6500 -183586.6000 59536.9100
v -27867.2800 -183586.8000 59536.9100
v -27867.4000 -183586.7000 59536.9100
v -27867.0300 -183586.9000 59536.9100
v -27867.1500 -183586.8000 59536.9100
v -27866.7700 -183587.0000 59536.9100
v -27866.9000 -183586.9000 59536.9100
v -27866.5200 -183587.1000 59536.9100
v -27866.6400 -183587.0000 59536.9100
v -27866.2600 -183587.2000 59536.9100
v -27866.3900 -183587.1000 59536.9100
v -27866.0000 -183587.2000 59536.9100
v -27866.1300 -183587.2000 59536.9100
v -27865.7400 -183587.3000 59536.9100
v -27865.8700 -183587.3000 59536.9100
v -27865.4700 -183587.4000 59536.9100
v -27865.6100 -183587.4000 59536.9100
v -27865.2100 -183587.5000 59536.9100
v -27865.3400 -183587.5000 59536.9100
v -27864.9500 -183587.6000 59536.9100
v -27865.0800 -183587.5000 59536.9100
v -27864.6800 -183587.6000 59536.9100
v -27864.8100 -183587.6000 59536.9100
v -27864.4100 -183587.7000 59536.9100
v -27864.5400 -183587.7000 59536.9100
v -27864.1400 -183587.8000 59536.9100
v -27864.2800 -183587.7000 59536.9100
v -27863.8700 -183587.8000 59536.9100
v -27864.0100 -183587.8000 59536.9100
v -27863.6000 -183587.9000 59536.9100
v -27863.7300 -183587.8000 59536.9100
v -27863.3300 -183587.9000 59536.9100
v -27863.4600 -183587.9000 59536.9100
v -27863.0600 -183588.0000 59536.9100
v -27863.1900 -183587.9000 59536.9100
v -27862.7800 -183588.0000 59536.9100
v -27862.9200 -183588.0000 59536.9100
v -27862.5100 -183588.0000 59536.9100
v -27862.6400 -183588.0000 59536.9100
v -27862.2300 -183588.0000 59536.9100
v -27862.3700 -183588.0000 59536.9100
v -27861.9600 -183588.1000 59536.9100
v -27862.1000 -183588.1000 59536.9100
v -27861.6900 -183588.1000 59536.9100
v -27861.8200 -183588.1000 59536.9100
v -27861.4100 -183588.1000 59536.9100
v -27861.5500 -183588.1000 59536.9100
v -27861.1300 -183588.1000 59536.9100
v -27861.2700 -183588.1000 59536.9100
v -27860.8600 -183588.1000 59536.9100
v -27861.0000 -183588.1000 59536.9100
v -27860.5800 -183588.1000 59536.9100
v -27860.7200 -183588.1000 59536.9100
v -27860.3100 -183588.1000 59536.9100
v -27860.4400 -183588.1000 59536.9100
v -27860.0300 -183588.1000 59536.9100
v -27860.1700 -183588.1000 59536.9100
v -27859.7600 -183588.1000 59536.9100
v -27859.8900 -183588.1000 59536.9100
v -27859.4800 -183588.0000 59536.9100
v -27859.6200 -183588.1000 59536.9100
v -27859.2100 -183588.0000 59536.9100
v -27859.3400 -183588.0000 59536.9100
v -27858.9400 -183588.0000 59536.9100
v -27859.0700 -183588.0000 59536.9100
v -27858.6600 -183588.0000 59536.9100
v -27858.8000 -183588.0000 59536.9100
v -27858.3900 -183587.9000 59536.9100
v -27858.5200 -183587.9000 59536.9100
v -27858.1200 -183587.9000 59536.9100
v -27858.2500 -183587.9000 59536.9100
v -27857.8500 -183587.8000 59536.9100
v -27857.9800 -183587.8000 59536.9100
v -27857.5800 -183587.8000 59536.9100
v -27857.7100 -183587.8000 59536.9100
v -27857.3100 -183587.7000 59536.9100
v -27857.4400 -183587.7000 59536.9100
v -27857.0400 -183587.6000 59536.9100
v -27857.1700 -183587.7000 59536.9100
v -27856.7700 -183587.6000 59536.9100
v -27856.9000 -183587.6000 59536.9100
v -27856.5100 -183587.5000 59536.9100
v -27856.6400 -183587.5000 59536.9100
v -27856.2400 -183587.4000 59536.9100
v -27856.3700 -183587.5000 59536.9100
v -27855.9800 -183587.3000 59536.9100
v -27856.1100 -183587.4000 59536.9100
v -27855.7200 -183587.2000 59536.9100
v -27855.8500 -183587.3000 59536.9100
v -27855.4600 -183587.2000 59536.9100
v -27855.5900 -183587.2000 59536.9100
v -27855.2000 -183587.1000 59536.9100
v -27855.3300 -183587.1000 59536.9100
v -27854.9400 -183587.0000 59536.9100
v -27855.0700 -183587.0000 59536.9100
v -27854.6900 -183586.9000 59536.9100
v -27854.8200 -183586.9000 59536.9100
v -27854.4400 -183586.8000 59536.9100
v -27854.5600 -183586.8000 59536.9100
v -27854.1900 -183586.6000 59536.9100
v -27854.3100 -183586.7000 59536.9100
v -27853.9400 -183586.5000 59536.9100
v -27854.0600 -183586.6000 59536.9100
v -27853.6900 -183586.4000 59536.9100
v -27853.8100 -183586.5000 59536.9100
v -27853.4500 -183586.3000 59536.9100
v -27853.5700 -183586.3000 59536.9100
v -27853.2100 -183586.1000 59536.9100
v -27853.3200 -183586.2000 59536.9100
v -27852.9600 -183586.0000 59536.9100
v -27853.0800 -183586.1000 59536.9100
v -27852.7300 -183585.9000 59536.9100
v -27852.8400 -183585.9000 59536.9100
v -27852.4900 -183585.7000 59536.9100
v -27852.6100 -183585.8000 59536.9100
v -27852.2600 -183585.6000 59536.9100
v -27852.3800 -183585.6000 59536.9100
v -27852.0300 -183585.4000 59536.9100
v -27852.1400 -183585.5000 59536.9100
v -27851.8000 -183585.2000 59536.9100
v -27851.9200 -183585.3000 59536.9100
v -27851.5800 -183585.1000 59536.9100
v -27851.6900 -183585.2000 59536.9100
v -27851.3600 -183584.9000 59536.9100
v -27851.4700 -183585.0000 59536.9100
v -27851.1400 -183584.8000 59536.9100
v -27851.2500 -183584.8000 59536.9100
v -27850.9200 -183584.6000 59536.9100
v -27851.0300 -183584.7000 59536.9100
v -27850.7100 -183584.4000 59536.9100
v -27850.8100 -183584.5000 59536.9100
v -27850.5000 -183584.2000 59536.9100
v -27850.6000 -183584.3000 59536.9100
v -27850.2900 -183584.1000 59536.9100
v -27850.4000 -183584.1000 59536.9100
v -27850.0900 -183583.9000 59536.9100
v -27850.1900 -183584.0000 59536.9100
v -27849.8900 -183583.7000 59536.9100
v -27849.9900 -183583.8000 59536.9100
v -27849.7000 -183583.5000 59536.9100
v -27849.7900 -183583.6000 59536.9100
v -27849.5000 -183583.3000 59536.9100
v -27849.6000 -183583.4000 59536.9100
v -27849.3100 -183583.1000 59536.9100
v -27849.4100 -183583.2000 59536.9100
v -27849.1200 -183582.9000 59536.9100
v -27849.2200 -183583.0000 59536.9100
v -27848.9400 -183582.7000 59536.9100
v -27849.0300 -183582.8000 59536.9100
v -27848.7600 -183582.5000 59536.9100
v -27848.8500 -183582.6000 59536.9100
v -27848.5900 -183582.3000 59536.9100
v -27848.6800 -183582.4000 59536.9100
v -27848.4200 -183582.0000 59536.9100
v -27848.5000 -183582.2000 59536.9100
v -27848.2500 -183581.8000 59536.9100
v -27848.3300 -183581.9000 59536.9100
v -27848.0900 -183581.6000 59536.9100
v -27848.1700 -183581.7000 59536.9100
v -27847.9300 -183581.4000 59536.9100
v -27848.0000 -183581.5000 59536.9100
v -27847.7700 -183581.2000 59536.9100
v -27847.8500 -183581.3000 59536.9100
v -27847.6200 -183580.9000 59536.9100
v -27847.6900 -183581.0000 59536.9100
v -27847.4700 -183580.7000 59536.9100
v -27847.5400 -183580.8000 59536.9100
v -27847.3200 -183580.5000 59536.9100
v -27847.4000 -183580.6000 59536.9100
v -27847.1900 -183580.2000 59536.9100
v -27847.2500 -183580.3000 59536.9100
v -27847.0500 -183580.0000 59536.9100
v -27847.1200 -183580.1000 59536.9100
v -27846.9200 -183579.7000 59536.9100
v -27846.9800 -183579.9000 59536.9100
v -27846.7900 -183579.5000 59536.9100
v -27846.8500 -183579.6000 59536.9100
v -27846.6700 -183579.2000 59536.9100
v -27846.7300 -183579.4000 59536.9100
v -27846.5500 -183579.0000 59536.9100
v -27846.6100 -183579.1000 59536.9100
v -27846.4400 -183578.8000 59536.9100
v -27846.4900 -183578.9000 59536.9100
v -27846.3200 -183578.5000 59536.9100
v -27846.3800 -183578.6000 59536.9100
v -27846.2200 -183578.2000 59536.9100
v -27846.2700 -183578.4000 59536.9100
v -27846.1200 -183578.0000 59536.9100
v -27846.1700 -183578.1000 59536.9100
v -27846.0200 -183577.7000 59536.9100
v -27846.0700 -183577.8000 59536.9100
v -27845.9300 -183577.5000 59536.9100
v -27845.9800 -183577.6000 59536.9100
v -27845.8400 -183577.2000 59536.9100
v -27845.8900 -183577.3000 59536.9100
v -27845.7600 -183576.9000 59536.9100
v -27845.8000 -183577.1000 59536.9100
v -27845.6800 -183576.7000 59536.9100
v -27845.7200 -183576.8000 59536.9100
v -27845.6100 -183576.4000 59536.9100
v -27845.6400 -183576.5000 59536.9100
v -27845.5400 -183576.1000 59536.9100
v -27845.5700 -183576.3000 59536.9100
v -27845.4700 -183575.9000 59536.9100
v -27845.5100 -183576.0000 59536.9100
v -27845.4100 -183575.6000 59536.9100
v -27845.4500 -183575.7000 59536.9100
v -27845.3100 -183575.1000 59536.9100
v -27845.3600 -183575.3000 59536.9100
v -27845.2200 -183574.5000 59536.9100
v -27845.2700 -183574.8000 59536.9100
v -27845.1600 -183574.0000 59536.9100
v -27845.1900 -183574.2000 59536.9100
v -27845.1100 -183573.4000 59536.9100
v -27845.1300 -183573.7000 59536.9100
v -27845.0800 -183572.9000 59536.9100
v -27845.1000 -183573.1000 59536.9100
v -27845.0800 -183572.6000 59536.9100
v -27845.0700 -183572.3000 59643.4900
v -27845.0800 -183572.9000 59643.4900
v -27845.0700 -183572.6000 59643.4900
v -27845.1100 -183573.4000 59643.4900
v -27845.0900 -183573.2000 59643.4900
v -27845.1600 -183574.0000 59643.4900
v -27845.1300 -183573.7000 59643.4900
v -27845.2200 -183574.5000 59643.4900
v -27845.1900 -183574.2000 59643.4900
v -27845.3100 -183575.1000 59643.4900
v -27845.2700 -183574.8000 59643.4900
v -27845.4100 -183575.6000 59643.4900
v -27845.3600 -183575.3000 59643.4900
v -27845.4700 -183575.9000 59643.4900
v -27845.4500 -183575.7000 59643.4900
v -27845.5400 -183576.1000 59643.4900
v -27845.5100 -183576.0000 59643.4900
v -27845.6100 -183576.4000 59643.4900
v -27845.5700 -183576.3000 59643.4900
v -27845.6800 -183576.7000 59643.4900
v -27845.6400 -183576.5000 59643.4900
v -27845.7600 -183576.9000 59643.4900
v -27845.7200 -183576.8000 59643.4900
v -27845.8400 -183577.2000 59643.4900
v -27845.8000 -183577.1000 59643.4900
v -27845.9300 -183577.5000 59643.4900
v -27845.8900 -183577.3000 59643.4900
v -27846.0200 -183577.7000 59643.4900
v -27845.9800 -183577.6000 59643.4900
v -27846.1200 -183578.0000 59643.4900
v -27846.0700 -183577.9000 59643.4900
v -27846.2200 -183578.2000 59643.4900
v -27846.1700 -183578.1000 59643.4900
v -27846.3200 -183578.5000 59643.4900
v -27846.2700 -183578.4000 59643.4900
v -27846.4400 -183578.8000 59643.4900
v -27846.3800 -183578.6000 59643.4900
v -27846.5500 -183579.0000 59643.4900
v -27846.4900 -183578.9000 59643.4900
v -27846.6700 -183579.2000 59643.4900
v -27846.6100 -183579.1000 59643.4900
v -27846.7900 -183579.5000 59643.4900
v -27846.7300 -183579.4000 59643.4900
v -27846.9200 -183579.7000 59643.4900
v -27846.8600 -183579.6000 59643.4900
v -27847.0500 -183580.0000 59643.4900
v -27846.9800 -183579.9000 59643.4900
v -27847.1900 -183580.2000 59643.4900
v -27847.1200 -183580.1000 59643.4900
v -27847.3200 -183580.5000 59643.4900
v -27847.2600 -183580.3000 59643.4900
v -27847.4700 -183580.7000 59643.4900
v -27847.4000 -183580.6000 59643.4900
v -27847.6200 -183580.9000 59643.4900
v -27847.5400 -183580.8000 59643.4900
v -27847.7700 -183581.2000 59643.4900
v -27847.6900 -183581.0000 59643.4900
v -27847.9300 -183581.4000 59643.4900
v -27847.8500 -183581.3000 59643.4900
v -27848.0900 -183581.6000 59643.4900
v -27848.0100 -183581.5000 59643.4900
v -27848.2500 -183581.8000 59643.4900
v -27848.1700 -183581.7000 59643.4900
v -27848.4200 -183582.0000 59643.4900
v -27848.3300 -183581.9000 59643.4900
v -27848.5900 -183582.3000 59643.4900
v -27848.5000 -183582.2000 59643.4900
v -27848.7600 -183582.5000 59643.4900
v -27848.6800 -183582.4000 59643.4900
v -27848.9400 -183582.7000 59643.4900
v -27848.8500 -183582.6000 59643.4900
v -27849.1200 -183582.9000 59643.4900
v -27849.0400 -183582.8000 59643.4900
v -27849.3100 -183583.1000 59643.4900
v -27849.2200 -183583.0000 59643.4900
v -27849.5000 -183583.3000 59643.4900
v -27849.4100 -183583.2000 59643.4900
v -27849.7000 -183583.5000 59643.4900
v -27849.6000 -183583.4000 59643.4900
v -27849.8900 -183583.7000 59643.4900
v -27849.7900 -183583.6000 59643.4900
v -27850.0900 -183583.9000 59643.4900
v -27849.9900 -183583.8000 59643.4900
v -27850.2900 -183584.1000 59643.4900
v -27850.1900 -183584.0000 59643.4900
v -27850.5000 -183584.2000 59643.4900
v -27850.4000 -183584.2000 59643.4900
v -27850.7100 -183584.4000 59643.4900
v -27850.6100 -183584.3000 59643.4900
v -27850.9200 -183584.6000 59643.4900
v -27850.8200 -183584.5000 59643.4900
v -27851.1400 -183584.8000 59643.4900
v -27851.0300 -183584.7000 59643.4900
v -27851.3600 -183584.9000 59643.4900
v -27851.2500 -183584.8000 59643.4900
v -27851.5800 -183585.1000 59643.4900
v -27851.4700 -183585.0000 59643.4900
v -27851.8000 -183585.2000 59643.4900
v -27851.6900 -183585.2000 59643.4900
v -27852.0300 -183585.4000 59643.4900
v -27851.9200 -183585.3000 59643.4900
v -27852.2600 -183585.6000 59643.4900
v -27852.1500 -183585.5000 59643.4900
v -27852.4900 -183585.7000 59643.4900
v -27852.3800 -183585.6000 59643.4900
v -27852.7300 -183585.9000 59643.4900
v -27852.6100 -183585.8000 59643.4900
v -27852.9600 -183586.0000 59643.4900
v -27852.8500 -183585.9000 59643.4900
v -27853.2100 -183586.1000 59643.4900
v -27853.0900 -183586.1000 59643.4900
v -27853.4500 -183586.3000 59643.4900
v -27853.3300 -183586.2000 59643.4900
v -27853.6900 -183586.4000 59643.4900
v -27853.5700 -183586.3000 59643.4900
v -27853.9400 -183586.5000 59643.4900
v -27853.8100 -183586.5000 59643.4900
v -27854.1900 -183586.6000 59643.4900
v -27854.0600 -183586.6000 59643.4900
v -27854.4400 -183586.8000 59643.4900
v -27854.3100 -183586.7000 59643.4900
v -27854.6900 -183586.9000 59643.4900
v -27854.5600 -183586.8000 59643.4900
v -27854.9400 -183587.0000 59643.4900
v -27854.8200 -183586.9000 59643.4900
v -27855.2000 -183587.1000 59643.4900
v -27855.0700 -183587.0000 59643.4900
v -27855.4600 -183587.2000 59643.4900
v -27855.3300 -183587.1000 59643.4900
v -27855.7200 -183587.2000 59643.4900
v -27855.5900 -183587.2000 59643.4900
v -27855.9800 -183587.3000 59643.4900
v -27855.8500 -183587.3000 59643.4900
v -27856.2400 -183587.4000 59643.4900
v -27856.1100 -183587.4000 59643.4900
v -27856.5100 -183587.5000 59643.4900
v -27856.3800 -183587.5000 59643.4900
v -27856.7700 -183587.6000 59643.4900
v -27856.6400 -183587.5000 59643.4900
v -27857.0400 -183587.6000 59643.4900
v -27856.9100 -183587.6000 59643.4900
v -27857.3100 -183587.7000 59643.4900
v -27857.1700 -183587.7000 59643.4900
v -27857.5800 -183587.8000 59643.4900
v -27857.4400 -183587.7000 59643.4900
v -27857.8500 -183587.8000 59643.4900
v -27857.7100 -183587.8000 59643.4900
v -27858.1200 -183587.9000 59643.4900
v -27857.9800 -183587.8000 59643.4900
v -27858.3900 -183587.9000 59643.4900
v -27858.2500 -183587.9000 59643.4900
v -27858.6600 -183588.0000 59643.4900
v -27858.5300 -183587.9000 59643.4900
v -27858.9400 -183588.0000 59643.4900
v -27858.8000 -183588.0000 59643.4900
v -27859.2100 -183588.0000 59643.4900
v -27859.0700 -183588.0000 59643.4900
v -27859.4800 -183588.0000 59643.4900
v -27859.3500 -183588.0000 59643.4900
v -27859.7600 -183588.1000 59643.4900
v -27859.6200 -183588.1000 59643.4900
v -27860.0300 -183588.1000 59643.4900
v -27859.9000 -183588.1000 59643.4900
v -27860.3100 -183588.1000 59643.4900
v -27860.1700 -183588.1000 59643.4900
v -27860.5800 -183588.1000 59643.4900
v -27860.4500 -183588.1000 59643.4900
v -27860.8600 -183588.1000 59643.4900
v -27860.7200 -183588.1000 59643.4900
v -27861.1300 -183588.1000 59643.4900
v -27861.0000 -183588.1000 59643.4900
v -27861.4100 -183588.1000 59643.4900
v -27861.2700 -183588.1000 59643.4900
v -27861.6900 -183588.1000 59643.4900
v -27861.5500 -183588.1000 59643.4900
v -27861.9600 -183588.1000 59643.4900
v -27861.8200 -183588.1000 59643.4900
v -27862.2300 -183588.0000 59643.4900
v -27862.1000 -183588.1000 59643.4900
v -27862.5100 -183588.0000 59643.4900
v -27862.3700 -183588.0000 59643.4900
v -27862.7800 -183588.0000 59643.4900
v -27862.6500 -183588.0000 59643.4900
v -27863.0600 -183588.0000 59643.4900
v -27862.9200 -183588.0000 59643.4900
v -27863.3300 -183587.9000 59643.4900
v -27863.2000 -183587.9000 59643.4900
v -27863.6000 -183587.9000 59643.4900
v -27863.4700 -183587.9000 59643.4900
v -27863.8700 -183587.8000 59643.4900
v -27863.7400 -183587.8000 59643.4900
v -27864.1400 -183587.8000 59643.4900
v -27864.0100 -183587.8000 59643.4900
v -27864.4100 -183587.7000 59643.4900
v -27864.2800 -183587.7000 59643.4900
v -27864.6800 -183587.6000 59643.4900
v -27864.5500 -183587.7000 59643.4900
v -27864.9500 -183587.6000 59643.4900
v -27864.8100 -183587.6000 59643.4900
v -27865.2100 -183587.5000 59643.4900
v -27865.0800 -183587.5000 59643.4900
v -27865.4700 -183587.4000 59643.4900
v -27865.3500 -183587.5000 59643.4900
v -27865.7400 -183587.3000 59643.4900
v -27865.6100 -183587.4000 59643.4900
v -27866.0000 -183587.2000 59643.4900
v -27865.8700 -183587.3000 59643.4900
v -27866.2600 -183587.2000 59643.4900
v -27866.1300 -183587.2000 59643.4900
v -27866.5200 -183587.1000 59643.4900
v -27866.3900 -183587.1000 59643.4900
v -27866.7700 -183587.0000 59643.4900
v -27866.6500 -183587.0000 59643.4900
v -27867.0300 -183586.9000 59643.4900
v -27866.9000 -183586.9000 59643.4900
v -27867.2800 -183586.8000 59643.4900
v -27867.1600 -183586.8000 59643.4900
v -27867.5300 -183586.6000 59643.4900
v -27867.4100 -183586.7000 59643.4900
v -27867.7800 -183586.5000 59643.4900
v -27867.6600 -183586.6000 59643.4900
v -27868.0300 -183586.4000 59643.4900
v -27867.9100 -183586.5000 59643.4900
v -27868.2700 -183586.3000 59643.4900
v -27868.1500 -183586.3000 59643.4900
v -27868.5100 -183586.1000 59643.4900
v -27868.3900 -183586.2000 59643.4900
v -27868.7500 -183586.0000 59643.4900
v -27868.6300 -183586.1000 59643.4900
v -27868.9900 -183585.9000 59643.4900
v -27868.8800 -183585.9000 59643.4900
v -27869.2300 -183585.7000 59643.4900
v -27869.1100 -183585.8000 59643.4900
v -27869.4600 -183585.6000 59643.4900
v -27869.3400 -183585.6000 59643.4900
v -27869.6900 -183585.4000 59643.4900
v -27869.5700 -183585.5000 59643.4900
v -27869.9200 -183585.2000 59643.4900
v -27869.8000 -183585.3000 59643.4900
v -27870.1400 -183585.1000 59643.4900
v -27870.0300 -183585.2000 59643.4900
v -27870.3600 -183584.9000 59643.4900
v -27870.2500 -183585.0000 59643.4900
v -27870.5800 -183584.8000 59643.4900
v -27870.4700 -183584.8000 59643.4900
v -27870.7900 -183584.6000 59643.4900
v -27870.6900 -183584.7000 59643.4900
v -27871.0100 -183584.4000 59643.4900
v -27870.9000 -183584.5000 59643.4900
v -27871.2200 -183584.2000 59643.4900
v -27871.1200 -183584.3000 59643.4900
v -27871.4200 -183584.1000 59643.4900
v -27871.3200 -183584.1000 59643.4900
v -27871.6300 -183583.9000 59643.4900
v -27871.5300 -183584.0000 59643.4900
v -27871.8300 -183583.7000 59643.4900
v -27871.7300 -183583.8000 59643.4900
v -27872.0200 -183583.5000 59643.4900
v -27871.9300 -183583.6000 59643.4900
v -27872.2200 -183583.3000 59643.4900
v -27872.1200 -183583.4000 59643.4900
v -27872.4100 -183583.1000 59643.4900
v -27872.3100 -183583.2000 59643.4900
v -27872.5900 -183582.9000 59643.4900
v -27872.5000 -183583.0000 59643.4900
v -27872.7800 -183582.7000 59643.4900
v -27872.6900 -183582.8000 59643.4900
v -27872.9600 -183582.5000 59643.4900
v -27872.8700 -183582.6000 59643.4900
v -27873.1300 -183582.3000 59643.4900
v -27873.0400 -183582.4000 59643.4900
v -27873.3000 -183582.0000 59643.4900
v -27873.2200 -183582.2000 59643.4900
v -27873.4700 -183581.8000 59643.4900
v -27873.3900 -183581.9000 59643.4900
v -27873.6300 -183581.6000 59643.4900
v -27873.5500 -183581.7000 59643.4900
v -27873.7900 -183581.4000 59643.4900
v -27873.7100 -183581.5000 59643.4900
v -27873.9500 -183581.2000 59643.4900
v -27873.8700 -183581.3000 59643.4900
v -27874.1000 -183580.9000 59643.4900
v -27874.0300 -183581.0000 59643.4900
v -27874.2500 -183580.7000 59643.4900
v -27874.1800 -183580.8000 59643.4900
v -27874.3900 -183580.5000 59643.4900
v -27874.3200 -183580.6000 59643.4900
v -27874.5300 -183580.2000 59643.4900
v -27874.4600 -183580.3000 59643.4900
v -27874.6700 -183580.0000 59643.4900
v -27874.6000 -183580.1000 59643.4900
v -27874.8000 -183579.7000 59643.4900
v -27874.7400 -183579.9000 59643.4900
v -27874.9300 -183579.5000 59643.4900
v -27874.8700 -183579.6000 59643.4900
v -27875.0500 -183579.2000 59643.4900
v -27874.9900 -183579.4000 59643.4900
v -27875.1700 -183579.0000 59643.4900
v -27875.1100 -183579.1000 59643.4900
v -27875.2800 -183578.8000 59643.4900
v -27875.2300 -183578.9000 59643.4900
v -27875.3900 -183578.5000 59643.4900
v -27875.3400 -183578.6000 59643.4900
v -27875.5000 -183578.2000 59643.4900
v -27875.4500 -183578.4000 59643.4900
v -27875.6000 -183578.0000 59643.4900
v -27875.5500 -183578.1000 59643.4900
v -27875.7000 -183577.7000 59643.4900
v -27875.6500 -183577.8000 59643.4900
v -27875.7900 -183577.5000 59643.4900
v -27875.7400 -183577.6000 59643.4900
v -27875.8800 -183577.2000 59643.4900
v -27875.8300 -183577.3000 59643.4900
v -27875.9600 -183576.9000 59643.4900
v -27875.9200 -183577.1000 59643.4900
v -27876.0400 -183576.7000 59643.4900
v -27876.0000 -183576.8000 59643.4900
v -27876.1100 -183576.4000 59643.4900
v -27876.0700 -183576.5000 59643.4900
v -27876.1800 -183576.1000 59643.4900
v -27876.1500 -183576.3000 59643.4900
v -27876.2400 -183575.9000 59643.4900
v -27876.2100 -183576.0000 59643.4900
v -27876.3000 -183575.6000 59643.4900
v -27876.2800 -183575.7000 59643.4900
v -27876.4100 -183575.1000 59643.4900
v -27876.3600 -183575.3000 59643.4900
v -27876.4900 -183574.5000 59643.4900
v -27876.4500 -183574.8000 59643.4900
v -27876.5600 -183574.0000 59643.4900
v -27876.5300 -183574.2000 59643.4900
v -27876.6100 -183573.4000 59643.4900
v -27876.5900 -183573.7000 59643.4900
v -27876.6400 -183572.9000 59643.4900
v -27876.6200 -183573.1000 59643.4900
v -27876.6500 -183572.3000 59643.4900
v -27876.6400 -183572.6000 59643.4900
v -27876.6400 -183571.8000 59643.4900
v -27876.6400 -183572.0000 59643.4900
v -27876.6100 -183571.2000 59643.4900
v -27876.6200 -183571.5000 59643.4900
v -27876.5600 -183570.7000 59643.4900
v -27876.5900 -183570.9000 59643.4900
v -27876.4900 -183570.1000 59643.4900
v -27876.5300 -183570.4000 59643.4900
v -27876.4100 -183569.6000 59643.4900
v -27876.4500 -183569.8000 59643.4900
v -27876.3000 -183569.0000 59643.4900
v -27876.3600 -183569.3000 59643.4900
v -27876.2400 -183568.8000 59643.4900
v -27876.2700 -183568.9000 59643.4900
v -27876.1800 -183568.5000 59643.4900
v -27876.2100 -183568.6000 59643.4900
v -27876.1100 -183568.2000 59643.4900
v -27876.1400 -183568.4000 59643.4900
v -27876.0400 -183568.0000 59643.4900
v -27876.0700 -183568.1000 59643.4900
v -27875.9600 -183567.7000 59643.4900
v -27876.0000 -183567.8000 59643.4900
v -27875.8800 -183567.4000 59643.4900
v -27875.9200 -183567.6000 59643.4900
v -27875.7900 -183567.2000 59643.4900
v -27875.8300 -183567.3000 59643.4900
v -27875.7000 -183566.9000 59643.4900
v -27875.7400 -183567.0000 59643.4900
v -27875.6000 -183566.7000 59643.4900
v -27875.6500 -183566.8000 59643.4900
v -27875.5000 -183566.4000 59643.4900
v -27875.5500 -183566.5000 59643.4900
v -27875.3900 -183566.2000 59643.4900
v -27875.4500 -183566.3000 59643.4900
v -27875.2800 -183565.9000 59643.4900
v -27875.3400 -183566.0000 59643.4900
v -27875.1700 -183565.7000 59643.4900
v -27875.2300 -183565.8000 59643.4900
v -27875.0500 -183565.4000 59643.4900
v -27875.1100 -183565.5000 59643.4900
v -27874.9300 -183565.2000 59643.4900
v -27874.9900 -183565.3000 59643.4900
v -27874.8000 -183564.9000 59643.4900
v -27874.8600 -183565.0000 59643.4900
v -27874.6700 -183564.7000 59643.4900
v -27874.7300 -183564.8000 59643.4900
v -27874.5300 -183564.4000 59643.4900
v -27874.6000 -183564.5000 59643.4900
v -27874.3900 -183564.2000 59643.4900
v -27874.4600 -183564.3000 59643.4900
v -27874.2500 -183564.0000 59643.4900
v -27874.3200 -183564.1000 59643.4900
v -27874.1000 -183563.7000 59643.4900
v -27874.1700 -183563.8000 59643.4900
v -27873.9500 -183563.5000 59643.4900
v -27874.0300 -183563.6000 59643.4900
v -27873.7900 -183563.3000 59643.4900
v -27873.8700 -183563.4000 59643.4900
v -27873.6300 -183563.0000 59643.4900
v -27873.7100 -183563.2000 59643.4900
v -27873.4700 -183562.8000 59643.4900
v -27873.5500 -183562.9000 59643.4900
v -27873.3000 -183562.6000 59643.4900
v -27873.3800 -183562.7000 59643.4900
v -27873.1300 -183562.4000 59643.4900
v -27873.2100 -183562.5000 59643.4900
v -27872.9600 -183562.2000 59643.4900
v -27873.0400 -183562.3000 59643.4900
v -27872.7800 -183562.0000 59643.4900
v -27872.8700 -183562.1000 59643.4900
v -27872.5900 -183561.8000 59643.4900
v -27872.6800 -183561.9000 59643.4900
v -27872.4100 -183561.5000 59643.4900
v -27872.5000 -183561.7000 59643.4900
v -27872.2200 -183561.4000 59643.4900
v -27872.3100 -183561.5000 59643.4900
v -27872.0200 -183561.2000 59643.4900
v -27872.1200 -183561.2000 59643.4900
v -27871.8300 -183561.0000 59643.4900
v -27871.9200 -183561.1000 59643.4900
v -27871.6300 -183560.8000 59643.4900
v -27871.7300 -183560.9000 59643.4900
v -27871.4200 -183560.6000 59643.4900
v -27871.5300 -183560.7000 59643.4900
v -27871.2200 -183560.4000 59643.4900
v -27871.3200 -183560.5000 59643.4900
v -27871.0100 -183560.2000 59643.4900
v -27871.1100 -183560.3000 59643.4900
v -27870.7900 -183560.0000 59643.4900
v -27870.9000 -183560.1000 59643.4900
v -27870.5800 -183559.9000 59643.4900
v -27870.6900 -183560.0000 59643.4900
v -27870.3600 -183559.7000 59643.4900
v -27870.4700 -183559.8000 59643.4900
v -27870.1400 -183559.5000 59643.4900
v -27870.2500 -183559.6000 59643.4900
v -27869.9200 -183559.4000 59643.4900
v -27870.0300 -183559.5000 59643.4900
v -27869.6900 -183559.2000 59643.4900
v -27869.8000 -183559.3000 59643.4900
v -27869.4600 -183559.1000 59643.4900
v -27869.5700 -183559.2000 59643.4900
v -27869.2300 -183558.9000 59643.4900
v -27869.3400 -183559.0000 59643.4900
v -27868.9900 -183558.8000 59643.4900
v -27869.1100 -183558.9000 59643.4900
v -27868.7500 -183558.7000 59643.4900
v -27868.8700 -183558.7000 59643.4900
v -27868.5100 -183558.5000 59643.4900
v -27868.6300 -183558.6000 59643.4900
v -27868.2700 -183558.4000 59643.4900
v -27868.3900 -183558.5000 59643.4900
v -27868.0300 -183558.2000 59643.4900
v -27868.1500 -183558.3000 59643.4900
v -27867.7800 -183558.1000 59643.4900
v -27867.9000 -183558.2000 59643.4900
v -27867.5300 -183558.0000 59643.4900
v -27867.6500 -183558.1000 59643.4900
v -27867.2800 -183557.9000 59643.4900
v -27867.4100 -183558.0000 59643.4900
v -27867.0300 -183557.8000 59643.4900
v -27867.1500 -183557.8000 59643.4900
v -27866.7700 -183557.7000 59643.4900
v -27866.9000 -183557.7000 59643.4900
v -27866.5200 -183557.6000 59643.4900
v -27866.6400 -183557.6000 59643.4900
v -27866.2600 -183557.5000 59643.4900
v -27866.3900 -183557.5000 59643.4900
v -27866.0000 -183557.4000 59643.4900
v -27866.1300 -183557.4000 59643.4900
v -27865.7400 -183557.3000 59643.4900
v -27865.8700 -183557.3000 59643.4900
v -27865.4700 -183557.2000 59643.4900
v -27865.6100 -183557.3000 59643.4900
v -27865.2100 -183557.1000 59643.4900
v -27865.3400 -183557.2000 59643.4900
v -27864.9500 -183557.1000 59643.4900
v -27865.0800 -183557.1000 59643.4900
v -27864.6800 -183557.0000 59643.4900
v -27864.8100 -183557.0000 59643.4900
v -27864.4100 -183556.9000 59643.4900
v -27864.5400 -183557.0000 59643.4900
v -27864.1400 -183556.9000 59643.4900
v -27864.2800 -183556.9000 59643.4900
v -27863.8700 -183556.8000 59643.4900
v -27864.0100 -183556.8000 59643.4900
v -27863.6000 -183556.8000 59643.4900
v -27863.7300 -183556.8000 59643.4900
v -27863.3300 -183556.7000 59643.4900
v -27863.4600 -183556.8000 59643.4900
v -27863.0600 -183556.7000 59643.4900
v -27863.1900 -183556.7000 59643.4900
v -27862.7800 -183556.7000 59643.4900
v -27862.9200 -183556.7000 59643.4900
v -27862.5100 -183556.6000 59643.4900
v -27862.6400 -183556.6000 59643.4900
v -27862.2300 -183556.6000 59643.4900
v -27862.3700 -183556.6000 59643.4900
v -27861.9600 -183556.6000 59643.4900
v -27862.1000 -183556.6000 59643.4900
v -27861.6900 -183556.6000 59643.4900
v -27861.8200 -183556.6000 59643.4900
v -27861.4100 -183556.5000 59643.4900
v -27861.5500 -183556.5000 59643.4900
v -27861.1300 -183556.5000 59643.4900
v -27861.2700 -183556.5000 59643.4900
v -27860.8600 -183556.5000 59643.4900
v -27861.0000 -183556.5000 59643.4900
v -27860.5800 -183556.5000 59643.4900
v -27860.7200 -183556.5000 59643.4900
v -27860.3100 -183556.5000 59643.4900
v -27860.4400 -183556.5000 59643.4900
v -27860.0300 -183556.6000 59643.4900
v -27860.1700 -183556.5000 59643.4900
v -27859.7600 -183556.6000 59643.4900
v -27859.8900 -183556.6000 59643.4900
v -27859.4800 -183556.6000 59643.4900
v -27859.6200 -183556.6000 59643.4900
v -27859.2100 -183556.6000 59643.4900
v -27859.3400 -183556.6000 59643.4900
v -27858.9400 -183556.7000 59643.4900
v -27859.0700 -183556.6000 59643.4900
v -27858.6600 -183556.7000 59643.4900
v -27858.8000 -183556.7000 59643.4900
v -27858.3900 -183556.7000 59643.4900
v -27858.5200 -183556.7000 59643.4900
v -27858.1200 -183556.8000 59643.4900
v -27858.2500 -183556.8000 59643.4900
v -27857.8500 -183556.8000 59643.4900
v -27857.9800 -183556.8000 59643.4900
v -27857.5800 -183556.9000 59643.4900
v -27857.7100 -183556.8000 59643.4900
v -27857.3100 -183556.9000 59643.4900
v -27857.4400 -183556.9000 59643.4900
v -27857.0400 -183557.0000 59643.4900
v -27857.1700 -183557.0000 59643.4900
v -27856.7700 -183557.1000 59643.4900
v -27856.9000 -183557.0000 59643.4900
v -27856.5100 -183557.1000 59643.4900
v -27856.6400 -183557.1000 59643.4900
v -27856.2400 -183557.2000 59643.4900
v -27856.3700 -183557.2000 59643.4900
v -27855.9800 -183557.3000 59643.4900
v -27856.1100 -183557.3000 59643.4900
v -27855.7200 -183557.4000 59643.4900
v -27855.8500 -183557.3000 59643.4900
v -27855.4600 -183557.5000 59643.4900
v -27855.5900 -183557.4000 59643.4900
v -27855.2000 -183557.6000 59643.4900
v -27855.3300 -183557.5000 59643.4900
v -27854.9400 -183557.7000 59643.4900
v -27855.0700 -183557.6000 59643.4900
v -27854.6900 -183557.8000 59643.4900
v -27854.8100 -183557.7000 59643.4900
v -27854.4400 -183557.9000 59643.4900
v -27854.5600 -183557.8000 59643.4900
v -27854.1900 -183558.0000 59643.4900
v -27854.3100 -183558.0000 59643.4900
v -27853.9400 -183558.1000 59643.4900
v -27854.0600 -183558.1000 59643.4900
v -27853.6900 -183558.2000 59643.4900
v -27853.8100 -183558.2000 59643.4900
v -27853.4500 -183558.4000 59643.4900
v -27853.5700 -183558.3000 59643.4900
v -27853.2100 -183558.5000 59643.4900
v -27853.3200 -183558.5000 59643.4900
v -27852.9600 -183558.7000 59643.4900
v -27853.0800 -183558.6000 59643.4900
v -27852.7300 -183558.8000 59643.4900
v -27852.8400 -183558.7000 59643.4900
v -27852.4900 -183558.9000 59643.4900
v -27852.6100 -183558.9000 59643.4900
v -27852.2600 -183559.1000 59643.4900
v -27852.3800 -183559.0000 59643.4900
v -27852.0300 -183559.2000 59643.4900
v -27852.1400 -183559.2000 59643.4900
v -27851.8000 -183559.4000 59643.4900
v -27851.9100 -183559.3000 59643.4900
v -27851.5800 -183559.5000 59643.4900
v -27851.6900 -183559.5000 59643.4900
v -27851.3600 -183559.7000 59643.4900
v -27851.4700 -183559.6000 59643.4900
v -27851.1400 -183559.9000 59643.4900
v -27851.2500 -183559.8000 59643.4900
v -27850.9200 -183560.0000 59643.4900
v -27851.0300 -183560.0000 59643.4900
v -27850.7100 -183560.2000 59643.4900
v -27850.8100 -183560.1000 59643.4900
v -27850.5000 -183560.4000 59643.4900
v -27850.6000 -183560.3000 59643.4900
v -27850.2900 -183560.6000 59643.4900
v -27850.4000 -183560.5000 59643.4900
v -27850.0900 -183560.8000 59643.4900
v -27850.1900 -183560.7000 59643.4900
v -27849.8900 -183561.0000 59643.4900
v -27849.9900 -183560.9000 59643.4900
v -27849.7000 -183561.2000 59643.4900
v -27849.7900 -183561.1000 59643.4900
v -27849.5000 -183561.4000 59643.4900
v -27849.6000 -183561.2000 59643.4900
v -27849.3100 -183561.5000 59643.4900
v -27849.4000 -183561.5000 59643.4900
v -27849.1200 -183561.8000 59643.4900
v -27849.2200 -183561.7000 59643.4900
v -27848.9400 -183562.0000 59643.4900
v -27849.0300 -183561.9000 59643.4900
v -27848.7600 -183562.2000 59643.4900
v -27848.8500 -183562.1000 59643.4900
v -27848.5900 -183562.4000 59643.4900
v -27848.6700 -183562.3000 59643.4900
v -27848.4200 -183562.6000 59643.4900
v -27848.5000 -183562.5000 59643.4900
v -27848.2500 -183562.8000 59643.4900
v -27848.3300 -183562.7000 59643.4900
v -27848.0900 -183563.0000 59643.4900
v -27848.1700 -183562.9000 59643.4900
v -27847.9300 -183563.3000 59643.4900
v -27848.0000 -183563.2000 59643.4900
v -27847.7700 -183563.5000 59643.4900
v -27847.8500 -183563.4000 59643.4900
v -27847.6200 -183563.7000 59643.4900
v -27847.6900 -183563.6000 59643.4900
v -27847.4700 -183564.0000 59643.4900
v -27847.5400 -183563.8000 59643.4900
v -27847.3200 -183564.2000 59643.4900
v -27847.4000 -183564.1000 59643.4900
v -27847.1900 -183564.4000 59643.4900
v -27847.2500 -183564.3000 59643.4900
v -27847.0500 -183564.7000 59643.4900
v -27847.1200 -183564.5000 59643.4900
v -27846.9200 -183564.9000 59643.4900
v -27846.9800 -183564.8000 59643.4900
v -27846.7900 -183565.2000 59643.4900
v -27846.8500 -183565.0000 59643.4900
v -27846.6700 -183565.4000 59643.4900
v -27846.7300 -183565.3000 59643.4900
v -27846.5500 -183565.7000 59643.4900
v -27846.6100 -183565.5000 59643.4900
v -27846.4400 -183565.9000 59643.4900
v -27846.4900 -183565.8000 59643.4900
v -27846.3200 -183566.2000 59643.4900
v -27846.3800 -183566.0000 59643.4900
v -27846.2200 -183566.4000 59643.4900
v -27846.2700 -183566.3000 59643.4900
v -27846.1200 -183566.7000 59643.4900
v -27846.1700 -183566.5000 59643.4900
v -27846.0200 -183566.9000 59643.4900
v -27846.0700 -183566.8000 59643.4900
v -27845.9300 -183567.2000 59643.4900
v -27845.9700 -183567.0000 59643.4900
v -27845.8400 -183567.4000 59643.4900
v -27845.8800 -183567.3000 59643.4900
v -27845.7600 -183567.7000 59643.4900
v -27845.8000 -183567.6000 59643.4900
v -27845.6800 -183568.0000 59643.4900
v -27845.7200 -183567.8000 59643.4900
v -27845.6100 -183568.2000 59643.4900
v -27845.6400 -183568.1000 59643.4900
v -27845.5400 -183568.5000 59643.4900
v -27845.5700 -183568.4000 59643.4900
v -27845.4700 -183568.8000 59643.4900
v -27845.5100 -183568.6000 59643.4900
v -27845.4100 -183569.0000 59643.4900
v -27845.4400 -183568.9000 59643.4900
v -27845.3100 -183569.6000 59643.4900
v -27845.3600 -183569.3000 59643.4900
v -27845.2200 -183570.1000 59643.4900
v -27845.2700 -183569.9000 59643.4900
v -27845.1600 -183570.7000 59643.4900
v -27845.1900 -183570.4000 59643.4900
v -27845.1100 -183571.2000 59643.4900
v -27845.1300 -183571.0000 59643.4900
v -27845.0800 -183571.8000 59643.4900
v -27845.0900 -183571.5000 59643.4900
v -27845.0700 -183572.0000 59643.4900
v -27845.0700 -183572.3000 59591.0500
v -27849.7000 -183583.5000 59591.0500
v -27860.8600 -183588.1000 59591.0500
v -27872.0200 -183583.5000 59591.0500
v -27876.6500 -183572.3000 59591.0500
v -27872.0200 -183561.2000 59591.0500
v -27860.8600 -183556.5000 59591.0500
v -27849.7000 -183561.2000 59591.0500
v -27845.0700 -182092.1000 59536.9100
v -27845.0800 -182092.7000 59536.9100
v -27845.0700 -182092.4000 59536.9100
v -27845.1100 -182093.2000 59536.9100
v -27845.0900 -182093.0000 59536.9100
v -27845.1600 -182093.8000 59536.9100
v -27845.1300 -182093.5000 59536.9100
v -27845.2200 -182094.3000 59536.9100
v -27845.1900 -182094.1000 59536.9100
v -27845.3100 -182094.9000 59536.9100
v -27845.2700 -182094.6000 59536.9100
v -27845.4100 -182095.4000 59536.9100
v -27845.3600 -182095.2000 59536.9100
v -27845.4700 -182095.7000 59536.9100
v -27845.4500 -182095.6000 59536.9100
v -27845.5400 -182096.0000 59536.9100
v -27845.5100 -182095.8000 59536.9100
v -27845.6100 -182096.2000 59536.9100
v -27845.5700 -182096.1000 59536.9100
v -27845.6800 -182096.5000 59536.9100
v -27845.6400 -182096.4000 59536.9100
v -27845.7600 -182096.8000 59536.9100
v -27845.7200 -182096.6000 59536.9100
v -27845.8400 -182097.0000 59536.9100
v -27845.8000 -182096.9000 59536.9100
v -27845.9300 -182097.3000 59536.9100
v -27845.8900 -182097.2000 59536.9100
v -27846.0200 -182097.5000 59536.9100
v -27845.9800 -182097.4000 59536.9100
v -27846.1200 -182097.8000 59536.9100
v -27846.0700 -182097.7000 59536.9100
v -27846.2200 -182098.1000 59536.9100
v -27846.1700 -182097.9000 59536.9100
v -27846.3200 -182098.3000 59536.9100
v -27846.2700 -182098.2000 59536.9100
v -27846.4400 -182098.6000 59536.9100
v -27846.3800 -182098.4000 59536.9100
v -27846.5500 -182098.8000 59536.9100
v -27846.4900 -182098.7000 59536.9100
v -27846.6700 -182099.1000 59536.9100
v -27846.6100 -182098.9000 59536.9100
v -27846.7900 -182099.3000 59536.9100
v -27846.7300 -182099.2000 59536.9100
v -27846.9200 -182099.6000 59536.9100
v -27846.8600 -182099.4000 59536.9100
v -27847.0500 -182099.8000 59536.9100
v -27846.9800 -182099.7000 59536.9100
v -27847.1900 -182100.0000 59536.9100
v -27847.1200 -182099.9000 59536.9100
v -27847.3200 -182100.3000 59536.9100
v -27847.2600 -182100.2000 59536.9100
v -27847.4700 -182100.5000 59536.9100
v -27847.4000 -182100.4000 59536.9100
v -27847.6200 -182100.7000 59536.9100
v -27847.5400 -182100.6000 59536.9100
v -27847.7700 -182101.0000 59536.9100
v -27847.6900 -182100.9000 59536.9100
v -27847.9300 -182101.2000 59536.9100
v -27847.8500 -182101.1000 59536.9100
v -27848.0900 -182101.4000 59536.9100
v -27848.0100 -182101.3000 59536.9100
v -27848.2500 -182101.6000 59536.9100
v -27848.1700 -182101.5000 59536.9100
v -27848.4200 -182101.9000 59536.9100
v -27848.3300 -182101.8000 59536.9100
v -27848.5900 -182102.1000 59536.9100
v -27848.5000 -182102.0000 59536.9100
v -27848.7600 -182102.3000 59536.9100
v -27848.6800 -182102.2000 59536.9100
v -27848.9400 -182102.5000 59536.9100
v -27848.8500 -182102.4000 59536.9100
v -27849.1200 -182102.7000 59536.9100
v -27849.0400 -182102.6000 59536.9100
v -27849.3100 -182102.9000 59536.9100
v -27849.2200 -182102.8000 59536.9100
v -27849.5000 -182103.1000 59536.9100
v -27849.4100 -182103.0000 59536.9100
v -27849.7000 -182103.3000 59536.9100
v -27849.6000 -182103.2000 59536.9100
v -27849.8900 -182103.5000 59536.9100
v -27849.7900 -182103.4000 59536.9100
v -27850.0900 -182103.7000 59536.9100
v -27849.9900 -182103.6000 59536.9100
v -27850.2900 -182103.9000 59536.9100
v -27850.1900 -182103.8000 59536.9100
v -27850.5000 -182104.1000 59536.9100
v -27850.4000 -182104.0000 59536.9100
v -27850.7100 -182104.2000 59536.9100
v -27850.6100 -182104.2000 59536.9100
v -27850.9200 -182104.4000 59536.9100
v -27850.8200 -182104.3000 59536.9100
v -27851.1400 -182104.6000 59536.9100
v -27851.0300 -182104.5000 59536.9100
v -27851.3600 -182104.8000 59536.9100
v -27851.2500 -182104.7000 59536.9100
v -27851.5800 -182104.9000 59536.9100
v -27851.4700 -182104.8000 59536.9100
v -27851.8000 -182105.1000 59536.9100
v -27851.6900 -182105.0000 59536.9100
v -27852.0300 -182105.2000 59536.9100
v -27851.9200 -182105.2000 59536.9100
v -27852.2600 -182105.4000 59536.9100
v -27852.1500 -182105.3000 59536.9100
v -27852.4900 -182105.5000 59536.9100
v -27852.3800 -182105.5000 59536.9100
v -27852.7300 -182105.7000 59536.9100
v -27852.6100 -182105.6000 59536.9100
v -27852.9600 -182105.8000 59536.9100
v -27852.8500 -182105.8000 59536.9100
v -27853.2100 -182106.0000 59536.9100
v -27853.0900 -182105.9000 59536.9100
v -27853.4500 -182106.1000 59536.9100
v -27853.3300 -182106.0000 59536.9100
v -27853.6900 -182106.2000 59536.9100
v -27853.5700 -182106.2000 59536.9100
v -27853.9400 -182106.3000 59536.9100
v -27853.8100 -182106.3000 59536.9100
v -27854.1900 -182106.5000 59536.9100
v -27854.0600 -182106.4000 59536.9100
v -27854.4400 -182106.6000 59536.9100
v -27854.3100 -182106.5000 59536.9100
v -27854.6900 -182106.7000 59536.9100
v -27854.5600 -182106.6000 59536.9100
v -27854.9400 -182106.8000 59536.9100
v -27854.8200 -182106.7000 59536.9100
v -27855.2000 -182106.9000 59536.9100
v -27855.0700 -182106.8000 59536.9100
v -27855.4600 -182107.0000 59536.9100
v -27855.3300 -182106.9000 59536.9100
v -27855.7200 -182107.1000 59536.9100
v -27855.5900 -182107.0000 59536.9100
v -27855.9800 -182107.2000 59536.9100
v -27855.8500 -182107.1000 59536.9100
v -27856.2400 -182107.2000 59536.9100
v -27856.1100 -182107.2000 59536.9100
v -27856.5100 -182107.3000 59536.9100
v -27856.3800 -182107.3000 59536.9100
v -27856.7700 -182107.4000 59536.9100
v -27856.6400 -182107.4000 59536.9100
v -27857.0400 -182107.5000 59536.9100
v -27856.9100 -182107.4000 59536.9100
v -27857.3100 -182107.5000 59536.9100
v -27857.1700 -182107.5000 59536.9100
v -27857.5800 -182107.6000 59536.9100
v -27857.4400 -182107.6000 59536.9100
v -27857.8500 -182107.6000 59536.9100
v -27857.7100 -182107.6000 59536.9100
v -27858.1200 -182107.7000 59536.9100
v -27857.9800 -182107.7000 59536.9100
v -27858.3900 -182107.7000 59536.9100
v -27858.2500 -182107.7000 59536.9100
v -27858.6600 -182107.8000 59536.9100
v -27858.5300 -182107.8000 59536.9100
v -27858.9400 -182107.8000 59536.9100
v -27858.8000 -182107.8000 59536.9100
v -27859.2100 -182107.8000 59536.9100
v -27859.0700 -182107.8000 59536.9100
v -27859.4800 -182107.9000 59536.9100
v -27859.3500 -182107.9000 59536.9100
v -27859.7600 -182107.9000 59536.9100
v -27859.6200 -182107.9000 59536.9100
v -27860.0300 -182107.9000 59536.9100
v -27859.9000 -182107.9000 59536.9100
v -27860.3100 -182107.9000 59536.9100
v -27860.1700 -182107.9000 59536.9100
v -27860.5800 -182107.9000 59536.9100
v -27860.4500 -182107.9000 59536.9100
v -27860.8600 -182107.9000 59536.9100
v -27860.7200 -182107.9000 59536.9100
v -27861.1300 -182107.9000 59536.9100
v -27861.0000 -182107.9000 59536.9100
v -27861.4100 -182107.9000 59536.9100
v -27861.2700 -182107.9000 59536.9100
v -27861.6900 -182107.9000 59536.9100
v -27861.5500 -182107.9000 59536.9100
v -27861.9600 -182107.9000 59536.9100
v -27861.8200 -182107.9000 59536.9100
v -27862.2300 -182107.9000 59536.9100
v -27862.1000 -182107.9000 59536.9100
v -27862.5100 -182107.8000 59536.9100
v -27862.3700 -182107.9000 59536.9100
v -27862.7800 -182107.8000 59536.9100
v -27862.6500 -182107.8000 59536.9100
v -27863.0600 -182107.8000 59536.9100
v -27862.9200 -182107.8000 59536.9100
v -27863.3300 -182107.7000 59536.9100
v -27863.2000 -182107.8000 59536.9100
v -27863.6000 -182107.7000 59536.9100
v -27863.4700 -182107.7000 59536.9100
v -27863.8700 -182107.6000 59536.9100
v -27863.7400 -182107.7000 59536.9100
v -27864.1400 -182107.6000 59536.9100
v -27864.0100 -182107.6000 59536.9100
v -27864.4100 -182107.5000 59536.9100
v -27864.2800 -182107.6000 59536.9100
v -27864.6800 -182107.5000 59536.9100
v -27864.5500 -182107.5000 59536.9100
v -27864.9500 -182107.4000 59536.9100
v -27864.8100 -182107.4000 59536.9100
v -27865.2100 -182107.3000 59536.9100
v -27865.0800 -182107.4000 59536.9100
v -27865.4700 -182107.2000 59536.9100
v -27865.3500 -182107.3000 59536.9100
v -27865.7400 -182107.2000 59536.9100
v -27865.6100 -182107.2000 59536.9100
v -27866.0000 -182107.1000 59536.9100
v -27865.8700 -182107.1000 59536.9100
v -27866.2600 -182107.0000 59536.9100
v -27866.1300 -182107.0000 59536.9100
v -27866.5200 -182106.9000 59536.9100
v -27866.3900 -182106.9000 59536.9100
v -27866.7700 -182106.8000 59536.9100
v -27866.6500 -182106.8000 59536.9100
v -27867.0300 -182106.7000 59536.9100
v -27866.9000 -182106.7000 59536.9100
v -27867.2800 -182106.6000 59536.9100
v -27867.1600 -182106.6000 59536.9100
v -27867.5300 -182106.5000 59536.9100
v -27867.4100 -182106.5000 59536.9100
v -27867.7800 -182106.3000 59536.9100
v -27867.6600 -182106.4000 59536.9100
v -27868.0300 -182106.2000 59536.9100
v -27867.9100 -182106.3000 59536.9100
v -27868.2700 -182106.1000 59536.9100
v -27868.1500 -182106.1000 59536.9100
v -27868.5100 -182106.0000 59536.9100
v -27868.3900 -182106.0000 59536.9100
v -27868.7500 -182105.8000 59536.9100
v -27868.6300 -182105.9000 59536.9100
v -27868.9900 -182105.7000 59536.9100
v -27868.8800 -182105.8000 59536.9100
v -27869.2300 -182105.5000 59536.9100
v -27869.1100 -182105.6000 59536.9100
v -27869.4600 -182105.4000 59536.9100
v -27869.3400 -182105.5000 59536.9100
v -27869.6900 -182105.2000 59536.9100
v -27869.5700 -182105.3000 59536.9100
v -27869.9200 -182105.1000 59536.9100
v -27869.8000 -182105.2000 59536.9100
v -27870.1400 -182104.9000 59536.9100
v -27870.0300 -182105.0000 59536.9100
v -27870.3600 -182104.8000 59536.9100
v -27870.2500 -182104.8000 59536.9100
v -27870.5800 -182104.6000 59536.9100
v -27870.4700 -182104.7000 59536.9100
v -27870.7900 -182104.4000 59536.9100
v -27870.6900 -182104.5000 59536.9100
v -27871.0100 -182104.2000 59536.9100
v -27870.9000 -182104.3000 59536.9100
v -27871.2200 -182104.1000 59536.9100
v -27871.1200 -182104.1000 59536.9100
v -27871.4200 -182103.9000 59536.9100
v -27871.3200 -182104.0000 59536.9100
v -27871.6300 -182103.7000 59536.9100
v -27871.5300 -182103.8000 59536.9100
v -27871.8300 -182103.5000 59536.9100
v -27871.7300 -182103.6000 59536.9100
v -27872.0200 -182103.3000 59536.9100
v -27871.9300 -182103.4000 59536.9100
v -27872.2200 -182103.1000 59536.9100
v -27872.1200 -182103.2000 59536.9100
v -27872.4100 -182102.9000 59536.9100
v -27872.3100 -182103.0000 59536.9100
v -27872.5900 -182102.7000 59536.9100
v -27872.5000 -182102.8000 59536.9100
v -27872.7800 -182102.5000 59536.9100
v -27872.6900 -182102.6000 59536.9100
v -27872.9600 -182102.3000 59536.9100
v -27872.8700 -182102.4000 59536.9100
v -27873.1300 -182102.1000 59536.9100
v -27873.0400 -182102.2000 59536.9100
v -27873.3000 -182101.9000 59536.9100
v -27873.2200 -182102.0000 59536.9100
v -27873.4700 -182101.6000 59536.9100
v -27873.3900 -182101.8000 59536.9100
v -27873.6300 -182101.4000 59536.9100
v -27873.5500 -182101.5000 59536.9100
v -27873.7900 -182101.2000 59536.9100
v -27873.7100 -182101.3000 59536.9100
v -27873.9500 -182101.0000 59536.9100
v -27873.8700 -182101.1000 59536.9100
v -27874.1000 -182100.7000 59536.9100
v -27874.0300 -182100.9000 59536.9100
v -27874.2500 -182100.5000 59536.9100
v -27874.1800 -182100.6000 59536.9100
v -27874.3900 -182100.3000 59536.9100
v -27874.3200 -182100.4000 59536.9100
v -27874.5300 -182100.0000 59536.9100
v -27874.4600 -182100.2000 59536.9100
v -27874.6700 -182099.8000 59536.9100
v -27874.6000 -182099.9000 59536.9100
v -27874.8000 -182099.6000 59536.9100
v -27874.7400 -182099.7000 59536.9100
v -27874.9300 -182099.3000 59536.9100
v -27874.8700 -182099.4000 59536.9100
v -27875.0500 -182099.1000 59536.9100
v -27874.9900 -182099.2000 59536.9100
v -27875.1700 -182098.8000 59536.9100
v -27875.1100 -182098.9000 59536.9100
v -27875.2800 -182098.6000 59536.9100
v -27875.2300 -182098.7000 59536.9100
v -27875.3900 -182098.3000 59536.9100
v -27875.3400 -182098.4000 59536.9100
v -27875.5000 -182098.1000 59536.9100
v -27875.4500 -182098.2000 59536.9100
v -27875.6000 -182097.8000 59536.9100
v -27875.5500 -182097.9000 59536.9100
v -27875.7000 -182097.5000 59536.9100
v -27875.6500 -182097.7000 59536.9100
v -27875.7900 -182097.3000 59536.9100
v -27875.7400 -182097.4000 59536.9100
v -27875.8800 -182097.0000 59536.9100
v -27875.8300 -182097.2000 59536.9100
v -27875.9600 -182096.8000 59536.9100
v -27875.9200 -182096.9000 59536.9100
v -27876.0400 -182096.5000 59536.9100
v -27876.0000 -182096.6000 59536.9100
v -27876.1100 -182096.2000 59536.9100
v -27876.0700 -182096.4000 59536.9100
v -27876.1800 -182096.0000 59536.9100
v -27876.1500 -182096.1000 59536.9100
v -27876.2400 -182095.7000 59536.9100
v -27876.2100 -182095.8000 59536.9100
v -27876.3000 -182095.4000 59536.9100
v -27876.2800 -182095.6000 59536.9100
v -27876.4100 -182094.9000 59536.9100
v -27876.3600 -182095.2000 59536.9100
v -27876.4900 -182094.3000 59536.9100
v -27876.4500 -182094.6000 59536.9100
v -27876.5600 -182093.8000 59536.9100
v -27876.5300 -182094.1000 59536.9100
v -27876.6100 -182093.2000 59536.9100
v -27876.5900 -182093.5000 59536.9100
v -27876.6400 -182092.7000 59536.9100
v -27876.6200 -182093.0000 59536.9100
v -27876.6500 -182092.1000 59536.9100
v -27876.6400 -182092.4000 59536.9100
v -27876.6400 -182091.6000 59536.9100
v -27876.6400 -182091.9000 59536.9100
v -27876.6100 -182091.0000 59536.9100
v -27876.6200 -182091.3000 59536.9100
v -27876.5600 -182090.5000 59536.9100
v -27876.5900 -182090.8000 59536.9100
v -27876.4900 -182089.9000 59536.9100
v -27876.5300 -182090.2000 59536.9100
v -27876.4100 -182089.4000 59536.9100
v -27876.4500 -182089.7000 59536.9100
v -27876.3000 -182088.9000 59536.9100
v -27876.3600 -182089.1000 59536.9100
v -27876.2400 -182088.6000 59536.9100
v -27876.2700 -182088.7000 59536.9100
v -27876.1800 -182088.3000 59536.9100
v -27876.2100 -182088.5000 59536.9100
v -27876.1100 -182088.1000 59536.9100
v -27876.1400 -182088.2000 59536.9100
v -27876.0400 -182087.8000 59536.9100
v -27876.0700 -182087.9000 59536.9100
v -27875.9600 -182087.5000 59536.9100
v -27876.0000 -182087.7000 59536.9100
v -27875.8800 -182087.3000 59536.9100
v -27875.9200 -182087.4000 59536.9100
v -27875.7900 -182087.0000 59536.9100
v -27875.8300 -182087.1000 59536.9100
v -27875.7000 -182086.8000 59536.9100
v -27875.7400 -182086.9000 59536.9100
v -27875.6000 -182086.5000 59536.9100
v -27875.6500 -182086.6000 59536.9100
v -27875.5000 -182086.2000 59536.9100
v -27875.5500 -182086.4000 59536.9100
v -27875.3900 -182086.0000 59536.9100
v -27875.4500 -182086.1000 59536.9100
v -27875.2800 -182085.7000 59536.9100
v -27875.3400 -182085.8000 59536.9100
v -27875.1700 -182085.5000 59536.9100
v -27875.2300 -182085.6000 59536.9100
v -27875.0500 -182085.2000 59536.9100
v -27875.1100 -182085.3000 59536.9100
v -27874.9300 -182085.0000 59536.9100
v -27874.9900 -182085.1000 59536.9100
v -27874.8000 -182084.7000 59536.9100
v -27874.8600 -182084.8000 59536.9100
v -27874.6700 -182084.5000 59536.9100
v -27874.7300 -182084.6000 59536.9100
v -27874.5300 -182084.2000 59536.9100
v -27874.6000 -182084.4000 59536.9100
v -27874.3900 -182084.0000 59536.9100
v -27874.4600 -182084.1000 59536.9100
v -27874.2500 -182083.8000 59536.9100
v -27874.3200 -182083.9000 59536.9100
v -27874.1000 -182083.5000 59536.9100
v -27874.1700 -182083.7000 59536.9100
v -27873.9500 -182083.3000 59536.9100
v -27874.0300 -182083.4000 59536.9100
v -27873.7900 -182083.1000 59536.9100
v -27873.8700 -182083.2000 59536.9100
v -27873.6300 -182082.9000 59536.9100
v -27873.7100 -182083.0000 59536.9100
v -27873.4700 -182082.6000 59536.9100
v -27873.5500 -182082.8000 59536.9100
v -27873.3000 -182082.4000 59536.9100
v -27873.3800 -182082.5000 59536.9100
v -27873.1300 -182082.2000 59536.9100
v -27873.2100 -182082.3000 59536.9100
v -27872.9600 -182082.0000 59536.9100
v -27873.0400 -182082.1000 59536.9100
v -27872.7800 -182081.8000 59536.9100
v -27872.8700 -182081.9000 59536.9100
v -27872.5900 -182081.6000 59536.9100
v -27872.6800 -182081.7000 59536.9100
v -27872.4100 -182081.4000 59536.9100
v -27872.5000 -182081.5000 59536.9100
v -27872.2200 -182081.2000 59536.9100
v -27872.3100 -182081.3000 59536.9100
v -27872.0200 -182081.0000 59536.9100
v -27872.1200 -182081.1000 59536.9100
v -27871.8300 -182080.8000 59536.9100
v -27871.9200 -182080.9000 59536.9100
v -27871.6300 -182080.6000 59536.9100
v -27871.7300 -182080.7000 59536.9100
v -27871.4200 -182080.4000 59536.9100
v -27871.5300 -182080.5000 59536.9100
v -27871.2200 -182080.2000 59536.9100
v -27871.3200 -182080.3000 59536.9100
v -27871.0100 -182080.0000 59536.9100
v -27871.1100 -182080.1000 59536.9100
v -27870.7900 -182079.9000 59536.9100
v -27870.9000 -182080.0000 59536.9100
v -27870.5800 -182079.7000 59536.9100
v -27870.6900 -182079.8000 59536.9100
v -27870.3600 -182079.5000 59536.9100
v -27870.4700 -182079.6000 59536.9100
v -27870.1400 -182079.4000 59536.9100
v -27870.2500 -182079.5000 59536.9100
v -27869.9200 -182079.2000 59536.9100
v -27870.0300 -182079.3000 59536.9100
v -27869.6900 -182079.0000 59536.9100
v -27869.8000 -182079.1000 59536.9100
v -27869.4600 -182078.9000 59536.9100
v -27869.5700 -182079.0000 59536.9100
v -27869.2300 -182078.8000 59536.9100
v -27869.3400 -182078.8000 59536.9100
v -27868.9900 -182078.6000 59536.9100
v -27869.1100 -182078.7000 59536.9100
v -27868.7500 -182078.5000 59536.9100
v -27868.8700 -182078.5000 59536.9100
v -27868.5100 -182078.3000 59536.9100
v -27868.6300 -182078.4000 59536.9100
v -27868.2700 -182078.2000 59536.9100
v -27868.3900 -182078.3000 59536.9100
v -27868.0300 -182078.1000 59536.9100
v -27868.1500 -182078.1000 59536.9100
v -27867.7800 -182078.0000 59536.9100
v -27867.9000 -182078.0000 59536.9100
v -27867.5300 -182077.8000 59536.9100
v -27867.6500 -182077.9000 59536.9100
v -27867.2800 -182077.7000 59536.9100
v -27867.4100 -182077.8000 59536.9100
v -27867.0300 -182077.6000 59536.9100
v -27867.1500 -182077.7000 59536.9100
v -27866.7700 -182077.5000 59536.9100
v -27866.9000 -182077.5000 59536.9100
v -27866.5200 -182077.4000 59536.9100
v -27866.6400 -182077.5000 59536.9100
v -27866.2600 -182077.3000 59536.9100
v -27866.3900 -182077.4000 59536.9100
v -27866.0000 -182077.2000 59536.9100
v -27866.1300 -182077.3000 59536.9100
v -27865.7400 -182077.1000 59536.9100
v -27865.8700 -182077.2000 59536.9100
v -27865.4700 -182077.0000 59536.9100
v -27865.6100 -182077.1000 59536.9100
v -27865.2100 -182077.0000 59536.9100
v -27865.3400 -182077.0000 59536.9100
v -27864.9500 -182076.9000 59536.9100
v -27865.0800 -182076.9000 59536.9100
v -27864.6800 -182076.8000 59536.9100
v -27864.8100 -182076.9000 59536.9100
v -27864.4100 -182076.8000 59536.9100
v -27864.5400 -182076.8000 59536.9100
v -27864.1400 -182076.7000 59536.9100
v -27864.2800 -182076.7000 59536.9100
v -27863.8700 -182076.6000 59536.9100
v -27864.0100 -182076.7000 59536.9100
v -27863.6000 -182076.6000 59536.9100
v -27863.7300 -182076.6000 59536.9100
v -27863.3300 -182076.5000 59536.9100
v -27863.4600 -182076.6000 59536.9100
v -27863.0600 -182076.5000 59536.9100
v -27863.1900 -182076.5000 59536.9100
v -27862.7800 -182076.5000 59536.9100
v -27862.9200 -182076.5000 59536.9100
v -27862.5100 -182076.4000 59536.9100
v -27862.6400 -182076.5000 59536.9100
v -27862.2300 -182076.4000 59536.9100
v -27862.3700 -182076.4000 59536.9100
v -27861.9600 -182076.4000 59536.9100
v -27862.1000 -182076.4000 59536.9100
v -27861.6900 -182076.4000 59536.9100
v -27861.8200 -182076.4000 59536.9100
v -27861.4100 -182076.4000 59536.9100
v -27861.5500 -182076.4000 59536.9100
v -27861.1300 -182076.4000 59536.9100
v -27861.2700 -182076.4000 59536.9100
v -27860.8600 -182076.4000 59536.9100
v -27861.0000 -182076.4000 59536.9100
v -27860.5800 -182076.4000 59536.9100
v -27860.7200 -182076.4000 59536.9100
v -27860.3100 -182076.4000 59536.9100
v -27860.4400 -182076.4000 59536.9100
v -27860.0300 -182076.4000 59536.9100
v -27860.1700 -182076.4000 59536.9100
v -27859.7600 -182076.4000 59536.9100
v -27859.8900 -182076.4000 59536.9100
v -27859.4800 -182076.4000 59536.9100
v -27859.6200 -182076.4000 59536.9100
v -27859.2100 -182076.4000 59536.9100
v -27859.3400 -182076.4000 59536.9100
v -27858.9400 -182076.5000 59536.9100
v -27859.0700 -182076.5000 59536.9100
v -27858.6600 -182076.5000 59536.9100
v -27858.8000 -182076.5000 59536.9100
v -27858.3900 -182076.5000 59536.9100
v -27858.5200 -182076.5000 59536.9100
v -27858.1200 -182076.6000 59536.9100
v -27858.2500 -182076.6000 59536.9100
v -27857.8500 -182076.6000 59536.9100
v -27857.9800 -182076.6000 59536.9100
v -27857.5800 -182076.7000 59536.9100
v -27857.7100 -182076.7000 59536.9100
v -27857.3100 -182076.8000 59536.9100
v -27857.4400 -182076.7000 59536.9100
v -27857.0400 -182076.8000 59536.9100
v -27857.1700 -182076.8000 59536.9100
v -27856.7700 -182076.9000 59536.9100
v -27856.9000 -182076.9000 59536.9100
v -27856.5100 -182077.0000 59536.9100
v -27856.6400 -182076.9000 59536.9100
v -27856.2400 -182077.0000 59536.9100
v -27856.3700 -182077.0000 59536.9100
v -27855.9800 -182077.1000 59536.9100
v -27856.1100 -182077.1000 59536.9100
v -27855.7200 -182077.2000 59536.9100
v -27855.8500 -182077.2000 59536.9100
v -27855.4600 -182077.3000 59536.9100
v -27855.5900 -182077.3000 59536.9100
v -27855.2000 -182077.4000 59536.9100
v -27855.3300 -182077.4000 59536.9100
v -27854.9400 -182077.5000 59536.9100
v -27855.0700 -182077.5000 59536.9100
v -27854.6900 -182077.6000 59536.9100
v -27854.8100 -182077.6000 59536.9100
v -27854.4400 -182077.7000 59536.9100
v -27854.5600 -182077.7000 59536.9100
v -27854.1900 -182077.8000 59536.9100
v -27854.3100 -182077.8000 59536.9100
v -27853.9400 -182078.0000 59536.9100
v -27854.0600 -182077.9000 59536.9100
v -27853.6900 -182078.1000 59536.9100
v -27853.8100 -182078.0000 59536.9100
v -27853.4500 -182078.2000 59536.9100
v -27853.5700 -182078.1000 59536.9100
v -27853.2100 -182078.3000 59536.9100
v -27853.3200 -182078.3000 59536.9100
v -27852.9600 -182078.5000 59536.9100
v -27853.0800 -182078.4000 59536.9100
v -27852.7300 -182078.6000 59536.9100
v -27852.8400 -182078.5000 59536.9100
v -27852.4900 -182078.8000 59536.9100
v -27852.6100 -182078.7000 59536.9100
v -27852.2600 -182078.9000 59536.9100
v -27852.3800 -182078.8000 59536.9100
v -27852.0300 -182079.0000 59536.9100
v -27852.1400 -182079.0000 59536.9100
v -27851.8000 -182079.2000 59536.9100
v -27851.9100 -182079.1000 59536.9100
v -27851.5800 -182079.4000 59536.9100
v -27851.6900 -182079.3000 59536.9100
v -27851.3600 -182079.5000 59536.9100
v -27851.4700 -182079.5000 59536.9100
v -27851.1400 -182079.7000 59536.9100
v -27851.2500 -182079.6000 59536.9100
v -27850.9200 -182079.9000 59536.9100
v -27851.0300 -182079.8000 59536.9100
v -27850.7100 -182080.0000 59536.9100
v -27850.8100 -182080.0000 59536.9100
v -27850.5000 -182080.2000 59536.9100
v -27850.6000 -182080.1000 59536.9100
v -27850.2900 -182080.4000 59536.9100
v -27850.4000 -182080.3000 59536.9100
v -27850.0900 -182080.6000 59536.9100
v -27850.1900 -182080.5000 59536.9100
v -27849.8900 -182080.8000 59536.9100
v -27849.9900 -182080.7000 59536.9100
v -27849.7000 -182081.0000 59536.9100
v -27849.7900 -182080.9000 59536.9100
v -27849.5000 -182081.2000 59536.9100
v -27849.6000 -182081.1000 59536.9100
v -27849.3100 -182081.4000 59536.9100
v -27849.4000 -182081.3000 59536.9100
v -27849.1200 -182081.6000 59536.9100
v -27849.2200 -182081.5000 59536.9100
v -27848.9400 -182081.8000 59536.9100
v -27849.0300 -182081.7000 59536.9100
v -27848.7600 -182082.0000 59536.9100
v -27848.8500 -182081.9000 59536.9100
v -27848.5900 -182082.2000 59536.9100
v -27848.6700 -182082.1000 59536.9100
v -27848.4200 -182082.4000 59536.9100
v -27848.5000 -182082.3000 59536.9100
v -27848.2500 -182082.6000 59536.9100
v -27848.3300 -182082.5000 59536.9100
v -27848.0900 -182082.9000 59536.9100
v -27848.1700 -182082.8000 59536.9100
v -27847.9300 -182083.1000 59536.9100
v -27848.0000 -182083.0000 59536.9100
v -27847.7700 -182083.3000 59536.9100
v -27847.8500 -182083.2000 59536.9100
v -27847.6200 -182083.5000 59536.9100
v -27847.6900 -182083.4000 59536.9100
v -27847.4700 -182083.8000 59536.9100
v -27847.5400 -182083.7000 59536.9100
v -27847.3200 -182084.0000 59536.9100
v -27847.4000 -182083.9000 59536.9100
v -27847.1900 -182084.2000 59536.9100
v -27847.2500 -182084.1000 59536.9100
v -27847.0500 -182084.5000 59536.9100
v -27847.1200 -182084.4000 59536.9100
v -27846.9200 -182084.7000 59536.9100
v -27846.9800 -182084.6000 59536.9100
v -27846.7900 -182085.0000 59536.9100
v -27846.8500 -182084.9000 59536.9100
v -27846.6700 -182085.2000 59536.9100
v -27846.7300 -182085.1000 59536.9100
v -27846.5500 -182085.5000 59536.9100
v -27846.6100 -182085.3000 59536.9100
v -27846.4400 -182085.7000 59536.9100
v -27846.4900 -182085.6000 59536.9100
v -27846.3200 -182086.0000 59536.9100
v -27846.3800 -182085.8000 59536.9100
v -27846.2200 -182086.2000 59536.9100
v -27846.2700 -182086.1000 59536.9100
v -27846.1200 -182086.5000 59536.9100
v -27846.1700 -182086.4000 59536.9100
v -27846.0200 -182086.8000 59536.9100
v -27846.0700 -182086.6000 59536.9100
v -27845.9300 -182087.0000 59536.9100
v -27845.9700 -182086.9000 59536.9100
v -27845.8400 -182087.3000 59536.9100
v -27845.8800 -182087.1000 59536.9100
v -27845.7600 -182087.5000 59536.9100
v -27845.8000 -182087.4000 59536.9100
v -27845.6800 -182087.8000 59536.9100
v -27845.7200 -182087.7000 59536.9100
v -27845.6100 -182088.1000 59536.9100
v -27845.6400 -182087.9000 59536.9100
v -27845.5400 -182088.3000 59536.9100
v -27845.5700 -182088.2000 59536.9100
v -27845.4700 -182088.6000 59536.9100
v -27845.5100 -182088.5000 59536.9100
v -27845.4100 -182088.9000 59536.9100
v -27845.4400 -182088.7000 59536.9100
v -27845.3100 -182089.4000 59536.9100
v -27845.3600 -182089.1000 59536.9100
v -27845.2200 -182089.9000 59536.9100
v -27845.2700 -182089.7000 59536.9100
v -27845.1600 -182090.5000 59536.9100
v -27845.1900 -182090.2000 59536.9100
v -27845.1100 -182091.0000 59536.9100
v -27845.1300 -182090.8000 59536.9100
v -27845.0800 -182091.6000 59536.9100
v -27845.0900 -182091.3000 59536.9100
v -27845.0700 -182091.9000 59536.9100
v -27845.0700 -182092.1000 59643.4900
v -27845.0800 -182091.6000 59643.4900
v -27845.0800 -182091.9000 59643.4900
v -27845.1100 -182091.0000 59643.4900
v -27845.1000 -182091.3000 59643.4900
v -27845.1600 -182090.5000 59643.4900
v -27845.1300 -182090.8000 59643.4900
v -27845.2200 -182089.9000 59643.4900
v -27845.1900 -182090.2000 59643.4900
v -27845.3100 -182089.4000 59643.4900
v -27845.2700 -182089.7000 59643.4900
v -27845.4100 -182088.9000 59643.4900
v -27845.3600 -182089.1000 59643.4900
v -27845.4700 -182088.6000 59643.4900
v -27845.4500 -182088.7000 59643.4900
v -27845.5400 -182088.3000 59643.4900
v -27845.5100 -182088.5000 59643.4900
v -27845.6100 -182088.1000 59643.4900
v -27845.5700 -182088.2000 59643.4900
v -27845.6800 -182087.8000 59643.4900
v -27845.6500 -182087.9000 59643.4900
v -27845.7600 -182087.5000 59643.4900
v -27845.7200 -182087.7000 59643.4900
v -27845.8400 -182087.3000 59643.4900
v -27845.8000 -182087.4000 59643.4900
v -27845.9300 -182087.0000 59643.4900
v -27845.8900 -182087.1000 59643.4900
v -27846.0200 -182086.8000 59643.4900
v -27845.9800 -182086.9000 59643.4900
v -27846.1200 -182086.5000 59643.4900
v -27846.0700 -182086.6000 59643.4900
v -27846.2200 -182086.2000 59643.4900
v -27846.1700 -182086.4000 59643.4900
v -27846.3200 -182086.0000 59643.4900
v -27846.2700 -182086.1000 59643.4900
v -27846.4400 -182085.7000 59643.4900
v -27846.3800 -182085.8000 59643.4900
v -27846.5500 -182085.5000 59643.4900
v -27846.4900 -182085.6000 59643.4900
v -27846.6700 -182085.2000 59643.4900
v -27846.6100 -182085.3000 59643.4900
v -27846.7900 -182085.0000 59643.4900
v -27846.7300 -182085.1000 59643.4900
v -27846.9200 -182084.7000 59643.4900
v -27846.8600 -182084.8000 59643.4900
v -27847.0500 -182084.5000 59643.4900
v -27846.9800 -182084.6000 59643.4900
v -27847.1900 -182084.2000 59643.4900
v -27847.1200 -182084.4000 59643.4900
v -27847.3200 -182084.0000 59643.4900
v -27847.2600 -182084.1000 59643.4900
v -27847.4700 -182083.8000 59643.4900
v -27847.4000 -182083.9000 59643.4900
v -27847.6200 -182083.5000 59643.4900
v -27847.5400 -182083.7000 59643.4900
v -27847.7700 -182083.3000 59643.4900
v -27847.7000 -182083.4000 59643.4900
v -27847.9300 -182083.1000 59643.4900
v -27847.8500 -182083.2000 59643.4900
v -27848.0900 -182082.9000 59643.4900
v -27848.0100 -182083.0000 59643.4900
v -27848.2500 -182082.6000 59643.4900
v -27848.1700 -182082.8000 59643.4900
v -27848.4200 -182082.4000 59643.4900
v -27848.3300 -182082.5000 59643.4900
v -27848.5900 -182082.2000 59643.4900
v -27848.5000 -182082.3000 59643.4900
v -27848.7600 -182082.0000 59643.4900
v -27848.6800 -182082.1000 59643.4900
v -27848.9400 -182081.8000 59643.4900
v -27848.8600 -182081.9000 59643.4900
v -27849.1200 -182081.6000 59643.4900
v -27849.0400 -182081.7000 59643.4900
v -27849.3100 -182081.4000 59643.4900
v -27849.2200 -182081.5000 59643.4900
v -27849.5000 -182081.2000 59643.4900
v -27849.4100 -182081.3000 59643.4900
v -27849.7000 -182081.0000 59643.4900
v -27849.6000 -182081.1000 59643.4900
v -27849.8900 -182080.8000 59643.4900
v -27849.7900 -182080.9000 59643.4900
v -27850.0900 -182080.6000 59643.4900
v -27849.9900 -182080.7000 59643.4900
v -27850.2900 -182080.4000 59643.4900
v -27850.1900 -182080.5000 59643.4900
v -27850.5000 -182080.2000 59643.4900
v -27850.4000 -182080.3000 59643.4900
v -27850.7100 -182080.0000 59643.4900
v -27850.6100 -182080.1000 59643.4900
v -27850.9200 -182079.9000 59643.4900
v -27850.8200 -182080.0000 59643.4900
v -27851.1400 -182079.7000 59643.4900
v -27851.0300 -182079.8000 59643.4900
v -27851.3600 -182079.5000 59643.4900
v -27851.2500 -182079.6000 59643.4900
v -27851.5800 -182079.4000 59643.4900
v -27851.4700 -182079.5000 59643.4900
v -27851.8000 -182079.2000 59643.4900
v -27851.6900 -182079.3000 59643.4900
v -27852.0300 -182079.0000 59643.4900
v -27851.9200 -182079.1000 59643.4900
v -27852.2600 -182078.9000 59643.4900
v -27852.1500 -182079.0000 59643.4900
v -27852.4900 -182078.8000 59643.4900
v -27852.3800 -182078.8000 59643.4900
v -27852.7300 -182078.6000 59643.4900
v -27852.6100 -182078.7000 59643.4900
v -27852.9600 -182078.5000 59643.4900
v -27852.8500 -182078.5000 59643.4900
v -27853.2100 -182078.3000 59643.4900
v -27853.0900 -182078.4000 59643.4900
v -27853.4500 -182078.2000 59643.4900
v -27853.3300 -182078.3000 59643.4900
v -27853.6900 -182078.1000 59643.4900
v -27853.5700 -182078.1000 59643.4900
v -27853.9400 -182078.0000 59643.4900
v -27853.8200 -182078.0000 59643.4900
v -27854.1900 -182077.8000 59643.4900
v -27854.0600 -182077.9000 59643.4900
v -27854.4400 -182077.7000 59643.4900
v -27854.3100 -182077.8000 59643.4900
v -27854.6900 -182077.6000 59643.4900
v -27854.5600 -182077.7000 59643.4900
v -27854.9400 -182077.5000 59643.4900
v -27854.8200 -182077.6000 59643.4900
v -27855.2000 -182077.4000 59643.4900
v -27855.0700 -182077.5000 59643.4900
v -27855.4600 -182077.3000 59643.4900
v -27855.3300 -182077.4000 59643.4900
v -27855.7200 -182077.2000 59643.4900
v -27855.5900 -182077.3000 59643.4900
v -27855.9800 -182077.1000 59643.4900
v -27855.8500 -182077.2000 59643.4900
v -27856.2400 -182077.0000 59643.4900
v -27856.1100 -182077.1000 59643.4900
v -27856.5100 -182077.0000 59643.4900
v -27856.3800 -182077.0000 59643.4900
v -27856.7700 -182076.9000 59643.4900
v -27856.6400 -182076.9000 59643.4900
v -27857.0400 -182076.8000 59643.4900
v -27856.9100 -182076.9000 59643.4900
v -27857.3100 -182076.8000 59643.4900
v -27857.1800 -182076.8000 59643.4900
v -27857.5800 -182076.7000 59643.4900
v -27857.4400 -182076.7000 59643.4900
v -27857.8500 -182076.6000 59643.4900
v -27857.7100 -182076.7000 59643.4900
v -27858.1200 -182076.6000 59643.4900
v -27857.9800 -182076.6000 59643.4900
v -27858.3900 -182076.5000 59643.4900
v -27858.2500 -182076.6000 59643.4900
v -27858.6600 -182076.5000 59643.4900
v -27858.5300 -182076.5000 59643.4900
v -27858.9400 -182076.5000 59643.4900
v -27858.8000 -182076.5000 59643.4900
v -27859.2100 -182076.4000 59643.4900
v -27859.0700 -182076.5000 59643.4900
v -27859.4800 -182076.4000 59643.4900
v -27859.3500 -182076.4000 59643.4900
v -27859.7600 -182076.4000 59643.4900
v -27859.6200 -182076.4000 59643.4900
v -27860.0300 -182076.4000 59643.4900
v -27859.9000 -182076.4000 59643.4900
v -27860.3100 -182076.4000 59643.4900
v -27860.1700 -182076.4000 59643.4900
v -27860.5800 -182076.4000 59643.4900
v -27860.4500 -182076.4000 59643.4900
v -27860.8600 -182076.4000 59643.4900
v -27860.7200 -182076.4000 59643.4900
v -27861.1300 -182076.4000 59643.4900
v -27861.0000 -182076.4000 59643.4900
v -27861.4100 -182076.4000 59643.4900
v -27861.2700 -182076.4000 59643.4900
v -27861.6900 -182076.4000 59643.4900
v -27861.5500 -182076.4000 59643.4900
v -27861.9600 -182076.4000 59643.4900
v -27861.8200 -182076.4000 59643.4900
v -27862.2300 -182076.4000 59643.4900
v -27862.1000 -182076.4000 59643.4900
v -27862.5100 -182076.4000 59643.4900
v -27862.3700 -182076.4000 59643.4900
v -27862.7800 -182076.5000 59643.4900
v -27862.6500 -182076.5000 59643.4900
v -27863.0600 -182076.5000 59643.4900
v -27862.9200 -182076.5000 59643.4900
v -27863.3300 -182076.5000 59643.4900
v -27863.1900 -182076.5000 59643.4900
v -27863.6000 -182076.6000 59643.4900
v -27863.4700 -182076.6000 59643.4900
v -27863.8700 -182076.6000 59643.4900
v -27863.7400 -182076.6000 59643.4900
v -27864.1400 -182076.7000 59643.4900
v -27864.0100 -182076.7000 59643.4900
v -27864.4100 -182076.8000 59643.4900
v -27864.2800 -182076.7000 59643.4900
v -27864.6800 -182076.8000 59643.4900
v -27864.5500 -182076.8000 59643.4900
v -27864.9500 -182076.9000 59643.4900
v -27864.8100 -182076.9000 59643.4900
v -27865.2100 -182077.0000 59643.4900
v -27865.0800 -182076.9000 59643.4900
v -27865.4700 -182077.0000 59643.4900
v -27865.3400 -182077.0000 59643.4900
v -27865.7400 -182077.1000 59643.4900
v -27865.6100 -182077.1000 59643.4900
v -27866.0000 -182077.2000 59643.4900
v -27865.8700 -182077.2000 59643.4900
v -27866.2600 -182077.3000 59643.4900
v -27866.1300 -182077.3000 59643.4900
v -27866.5200 -182077.4000 59643.4900
v -27866.3900 -182077.4000 59643.4900
v -27866.7700 -182077.5000 59643.4900
v -27866.6500 -182077.5000 59643.4900
v -27867.0300 -182077.6000 59643.4900
v -27866.9000 -182077.6000 59643.4900
v -27867.2800 -182077.7000 59643.4900
v -27867.1600 -182077.7000 59643.4900
v -27867.5300 -182077.8000 59643.4900
v -27867.4100 -182077.8000 59643.4900
v -27867.7800 -182078.0000 59643.4900
v -27867.6600 -182077.9000 59643.4900
v -27868.0300 -182078.1000 59643.4900
v -27867.9000 -182078.0000 59643.4900
v -27868.2700 -182078.2000 59643.4900
v -27868.1500 -182078.1000 59643.4900
v -27868.5100 -182078.3000 59643.4900
v -27868.3900 -182078.3000 59643.4900
v -27868.7500 -182078.5000 59643.4900
v -27868.6300 -182078.4000 59643.4900
v -27868.9900 -182078.6000 59643.4900
v -27868.8700 -182078.5000 59643.4900
v -27869.2300 -182078.8000 59643.4900
v -27869.1100 -182078.7000 59643.4900
v -27869.4600 -182078.9000 59643.4900
v -27869.3400 -182078.8000 59643.4900
v -27869.6900 -182079.0000 59643.4900
v -27869.5700 -182079.0000 59643.4900
v -27869.9200 -182079.2000 59643.4900
v -27869.8000 -182079.1000 59643.4900
v -27870.1400 -182079.4000 59643.4900
v -27870.0300 -182079.3000 59643.4900
v -27870.3600 -182079.5000 59643.4900
v -27870.2500 -182079.5000 59643.4900
v -27870.5800 -182079.7000 59643.4900
v -27870.4700 -182079.6000 59643.4900
v -27870.7900 -182079.9000 59643.4900
v -27870.6900 -182079.8000 59643.4900
v -27871.0100 -182080.0000 59643.4900
v -27870.9000 -182080.0000 59643.4900
v -27871.2200 -182080.2000 59643.4900
v -27871.1100 -182080.1000 59643.4900
v -27871.4200 -182080.4000 59643.4900
v -27871.3200 -182080.3000 59643.4900
v -27871.6300 -182080.6000 59643.4900
v -27871.5300 -182080.5000 59643.4900
v -27871.8300 -182080.8000 59643.4900
v -27871.7300 -182080.7000 59643.4900
v -27872.0200 -182081.0000 59643.4900
v -27871.9300 -182080.9000 59643.4900
v -27872.2200 -182081.2000 59643.4900
v -27872.1200 -182081.1000 59643.4900
v -27872.4100 -182081.4000 59643.4900
v -27872.3100 -182081.3000 59643.4900
v -27872.5900 -182081.6000 59643.4900
v -27872.5000 -182081.5000 59643.4900
v -27872.7800 -182081.8000 59643.4900
v -27872.6900 -182081.7000 59643.4900
v -27872.9600 -182082.0000 59643.4900
v -27872.8700 -182081.9000 59643.4900
v -27873.1300 -182082.2000 59643.4900
v -27873.0400 -182082.1000 59643.4900
v -27873.3000 -182082.4000 59643.4900
v -27873.2200 -182082.3000 59643.4900
v -27873.4700 -182082.6000 59643.4900
v -27873.3800 -182082.5000 59643.4900
v -27873.6300 -182082.9000 59643.4900
v -27873.5500 -182082.8000 59643.4900
v -27873.7900 -182083.1000 59643.4900
v -27873.7100 -182083.0000 59643.4900
v -27873.9500 -182083.3000 59643.4900
v -27873.8700 -182083.2000 59643.4900
v -27874.1000 -182083.5000 59643.4900
v -27874.0300 -182083.4000 59643.4900
v -27874.2500 -182083.8000 59643.4900
v -27874.1800 -182083.7000 59643.4900
v -27874.3900 -182084.0000 59643.4900
v -27874.3200 -182083.9000 59643.4900
v -27874.5300 -182084.2000 59643.4900
v -27874.4600 -182084.1000 59643.4900
v -27874.6700 -182084.5000 59643.4900
v -27874.6000 -182084.4000 59643.4900
v -27874.8000 -182084.7000 59643.4900
v -27874.7300 -182084.6000 59643.4900
v -27874.9300 -182085.0000 59643.4900
v -27874.8600 -182084.9000 59643.4900
v -27875.0500 -182085.2000 59643.4900
v -27874.9900 -182085.1000 59643.4900
v -27875.1700 -182085.5000 59643.4900
v -27875.1100 -182085.3000 59643.4900
v -27875.2800 -182085.7000 59643.4900
v -27875.2300 -182085.6000 59643.4900
v -27875.3900 -182086.0000 59643.4900
v -27875.3400 -182085.8000 59643.4900
v -27875.5000 -182086.2000 59643.4900
v -27875.4500 -182086.1000 59643.4900
v -27875.6000 -182086.5000 59643.4900
v -27875.5500 -182086.4000 59643.4900
v -27875.7000 -182086.8000 59643.4900
v -27875.6500 -182086.6000 59643.4900
v -27875.7900 -182087.0000 59643.4900
v -27875.7400 -182086.9000 59643.4900
v -27875.8800 -182087.3000 59643.4900
v -27875.8300 -182087.1000 59643.4900
v -27875.9600 -182087.5000 59643.4900
v -27875.9200 -182087.4000 59643.4900
v -27876.0400 -182087.8000 59643.4900
v -27876.0000 -182087.7000 59643.4900
v -27876.1100 -182088.1000 59643.4900
v -27876.0700 -182087.9000 59643.4900
v -27876.1800 -182088.3000 59643.4900
v -27876.1400 -182088.2000 59643.4900
v -27876.2400 -182088.6000 59643.4900
v -27876.2100 -182088.5000 59643.4900
v -27876.3000 -182088.9000 59643.4900
v -27876.2700 -182088.7000 59643.4900
v -27876.4100 -182089.4000 59643.4900
v -27876.3600 -182089.1000 59643.4900
v -27876.4900 -182089.9000 59643.4900
v -27876.4500 -182089.7000 59643.4900
v -27876.5600 -182090.5000 59643.4900
v -27876.5300 -182090.2000 59643.4900
v -27876.6100 -182091.0000 59643.4900
v -27876.5800 -182090.8000 59643.4900
v -27876.6400 -182091.6000 59643.4900
v -27876.6200 -182091.3000 59643.4900
v -27876.6500 -182092.1000 59643.4900
v -27876.6400 -182091.9000 59643.4900
v -27876.6400 -182092.7000 59643.4900
v -27876.6400 -182092.4000 59643.4900
v -27876.6100 -182093.2000 59643.4900
v -27876.6200 -182093.0000 59643.4900
v -27876.5600 -182093.8000 59643.4900
v -27876.5800 -182093.5000 59643.4900
v -27876.4900 -182094.3000 59643.4900
v -27876.5300 -182094.1000 59643.4900
v -27876.4100 -182094.9000 59643.4900
v -27876.4500 -182094.6000 59643.4900
v -27876.3000 -182095.4000 59643.4900
v -27876.3500 -182095.2000 59643.4900
v -27876.2400 -182095.7000 59643.4900
v -27876.2700 -182095.6000 59643.4900
v -27876.1800 -182096.0000 59643.4900
v -27876.2100 -182095.8000 59643.4900
v -27876.1100 -182096.2000 59643.4900
v -27876.1400 -182096.1000 59643.4900
v -27876.0400 -182096.5000 59643.4900
v -27876.0700 -182096.4000 59643.4900
v -27875.9600 -182096.8000 59643.4900
v -27876.0000 -182096.6000 59643.4900
v -27875.8800 -182097.0000 59643.4900
v -27875.9200 -182096.9000 59643.4900
v -27875.7900 -182097.3000 59643.4900
v -27875.8300 -182097.2000 59643.4900
v -27875.7000 -182097.5000 59643.4900
v -27875.7400 -182097.4000 59643.4900
v -27875.6000 -182097.8000 59643.4900
v -27875.6500 -182097.7000 59643.4900
v -27875.5000 -182098.1000 59643.4900
v -27875.5500 -182097.9000 59643.4900
v -27875.3900 -182098.3000 59643.4900
v -27875.4500 -182098.2000 59643.4900
v -27875.2800 -182098.6000 59643.4900
v -27875.3400 -182098.4000 59643.4900
v -27875.1700 -182098.8000 59643.4900
v -27875.2200 -182098.7000 59643.4900
v -27875.0500 -182099.1000 59643.4900
v -27875.1100 -182098.9000 59643.4900
v -27874.9300 -182099.3000 59643.4900
v -27874.9900 -182099.2000 59643.4900
v -27874.8000 -182099.6000 59643.4900
v -27874.8600 -182099.4000 59643.4900
v -27874.6700 -182099.8000 59643.4900
v -27874.7300 -182099.7000 59643.4900
v -27874.5300 -182100.0000 59643.4900
v -27874.6000 -182099.9000 59643.4900
v -27874.3900 -182100.3000 59643.4900
v -27874.4600 -182100.2000 59643.4900
v -27874.2500 -182100.5000 59643.4900
v -27874.3200 -182100.4000 59643.4900
v -27874.1000 -182100.7000 59643.4900
v -27874.1700 -182100.6000 59643.4900
v -27873.9500 -182101.0000 59643.4900
v -27874.0200 -182100.9000 59643.4900
v -27873.7900 -182101.2000 59643.4900
v -27873.8700 -182101.1000 59643.4900
v -27873.6300 -182101.4000 59643.4900
v -27873.7100 -182101.3000 59643.4900
v -27873.4700 -182101.6000 59643.4900
v -27873.5500 -182101.5000 59643.4900
v -27873.3000 -182101.9000 59643.4900
v -27873.3800 -182101.8000 59643.4900
v -27873.1300 -182102.1000 59643.4900
v -27873.2100 -182102.0000 59643.4900
v -27872.9600 -182102.3000 59643.4900
v -27873.0400 -182102.2000 59643.4900
v -27872.7800 -182102.5000 59643.4900
v -27872.8600 -182102.4000 59643.4900
v -27872.5900 -182102.7000 59643.4900
v -27872.6800 -182102.6000 59643.4900
v -27872.4100 -182102.9000 59643.4900
v -27872.5000 -182102.8000 59643.4900
v -27872.2200 -182103.1000 59643.4900
v -27872.3100 -182103.0000 59643.4900
v -27872.0200 -182103.3000 59643.4900
v -27872.1200 -182103.2000 59643.4900
v -27871.8300 -182103.5000 59643.4900
v -27871.9200 -182103.4000 59643.4900
v -27871.6300 -182103.7000 59643.4900
v -27871.7300 -182103.6000 59643.4900
v -27871.4200 -182103.9000 59643.4900
v -27871.5200 -182103.8000 59643.4900
v -27871.2200 -182104.1000 59643.4900
v -27871.3200 -182104.0000 59643.4900
v -27871.0100 -182104.2000 59643.4900
v -27871.1100 -182104.2000 59643.4900
v -27870.7900 -182104.4000 59643.4900
v -27870.9000 -182104.3000 59643.4900
v -27870.5800 -182104.6000 59643.4900
v -27870.6900 -182104.5000 59643.4900
v -27870.3600 -182104.8000 59643.4900
v -27870.4700 -182104.7000 59643.4900
v -27870.1400 -182104.9000 59643.4900
v -27870.2500 -182104.8000 59643.4900
v -27869.9200 -182105.1000 59643.4900
v -27870.0300 -182105.0000 59643.4900
v -27869.6900 -182105.2000 59643.4900
v -27869.8000 -182105.2000 59643.4900
v -27869.4600 -182105.4000 59643.4900
v -27869.5700 -182105.3000 59643.4900
v -27869.2300 -182105.5000 59643.4900
v -27869.3400 -182105.5000 59643.4900
v -27868.9900 -182105.7000 59643.4900
v -27869.1100 -182105.6000 59643.4900
v -27868.7500 -182105.8000 59643.4900
v -27868.8700 -182105.8000 59643.4900
v -27868.5100 -182106.0000 59643.4900
v -27868.6300 -182105.9000 59643.4900
v -27868.2700 -182106.1000 59643.4900
v -27868.3900 -182106.0000 59643.4900
v -27868.0300 -182106.2000 59643.4900
v -27868.1500 -182106.1000 59643.4900
v -27867.7800 -182106.3000 59643.4900
v -27867.9000 -182106.3000 59643.4900
v -27867.5300 -182106.5000 59643.4900
v -27867.6500 -182106.4000 59643.4900
v -27867.2800 -182106.6000 59643.4900
v -27867.4000 -182106.5000 59643.4900
v -27867.0300 -182106.7000 59643.4900
v -27867.1500 -182106.6000 59643.4900
v -27866.7700 -182106.8000 59643.4900
v -27866.9000 -182106.7000 59643.4900
v -27866.5200 -182106.9000 59643.4900
v -27866.6400 -182106.8000 59643.4900
v -27866.2600 -182107.0000 59643.4900
v -27866.3900 -182106.9000 59643.4900
v -27866.0000 -182107.1000 59643.4900
v -27866.1300 -182107.0000 59643.4900
v -27865.7400 -182107.2000 59643.4900
v -27865.8700 -182107.1000 59643.4900
v -27865.4700 -182107.2000 59643.4900
v -27865.6100 -182107.2000 59643.4900
v -27865.2100 -182107.3000 59643.4900
v -27865.3400 -182107.3000 59643.4900
v -27864.9500 -182107.4000 59643.4900
v -27865.0800 -182107.4000 59643.4900
v -27864.6800 -182107.5000 59643.4900
v -27864.8100 -182107.4000 59643.4900
v -27864.4100 -182107.5000 59643.4900
v -27864.5400 -182107.5000 59643.4900
v -27864.1400 -182107.6000 59643.4900
v -27864.2800 -182107.6000 59643.4900
v -27863.8700 -182107.6000 59643.4900
v -27864.0100 -182107.6000 59643.4900
v -27863.6000 -182107.7000 59643.4900
v -27863.7300 -182107.7000 59643.4900
v -27863.3300 -182107.7000 59643.4900
v -27863.4600 -182107.7000 59643.4900
v -27863.0600 -182107.8000 59643.4900
v -27863.1900 -182107.8000 59643.4900
v -27862.7800 -182107.8000 59643.4900
v -27862.9200 -182107.8000 59643.4900
v -27862.5100 -182107.8000 59643.4900
v -27862.6400 -182107.8000 59643.4900
v -27862.2300 -182107.9000 59643.4900
v -27862.3700 -182107.9000 59643.4900
v -27861.9600 -182107.9000 59643.4900
v -27862.1000 -182107.9000 59643.4900
v -27861.6900 -182107.9000 59643.4900
v -27861.8200 -182107.9000 59643.4900
v -27861.4100 -182107.9000 59643.4900
v -27861.5500 -182107.9000 59643.4900
v -27861.1300 -182107.9000 59643.4900
v -27861.2700 -182107.9000 59643.4900
v -27860.8600 -182107.9000 59643.4900
v -27861.0000 -182107.9000 59643.4900
v -27860.5800 -182107.9000 59643.4900
v -27860.7200 -182107.9000 59643.4900
v -27860.3100 -182107.9000 59643.4900
v -27860.4400 -182107.9000 59643.4900
v -27860.0300 -182107.9000 59643.4900
v -27860.1700 -182107.9000 59643.4900
v -27859.7600 -182107.9000 59643.4900
v -27859.8900 -182107.9000 59643.4900
v -27859.4800 -182107.9000 59643.4900
v -27859.6200 -182107.9000 59643.4900
v -27859.2100 -182107.8000 59643.4900
v -27859.3400 -182107.9000 59643.4900
v -27858.9400 -182107.8000 59643.4900
v -27859.0700 -182107.8000 59643.4900
v -27858.6600 -182107.8000 59643.4900
v -27858.8000 -182107.8000 59643.4900
v -27858.3900 -182107.7000 59643.4900
v -27858.5200 -182107.8000 59643.4900
v -27858.1200 -182107.7000 59643.4900
v -27858.2500 -182107.7000 59643.4900
v -27857.8500 -182107.6000 59643.4900
v -27857.9800 -182107.7000 59643.4900
v -27857.5800 -182107.6000 59643.4900
v -27857.7100 -182107.6000 59643.4900
v -27857.3100 -182107.5000 59643.4900
v -27857.4400 -182107.6000 59643.4900
v -27857.0400 -182107.5000 59643.4900
v -27857.1700 -182107.5000 59643.4900
v -27856.7700 -182107.4000 59643.4900
v -27856.9000 -182107.4000 59643.4900
v -27856.5100 -182107.3000 59643.4900
v -27856.6400 -182107.4000 59643.4900
v -27856.2400 -182107.2000 59643.4900
v -27856.3700 -182107.3000 59643.4900
v -27855.9800 -182107.2000 59643.4900
v -27856.1100 -182107.2000 59643.4900
v -27855.7200 -182107.1000 59643.4900
v -27855.8500 -182107.1000 59643.4900
v -27855.4600 -182107.0000 59643.4900
v -27855.5900 -182107.0000 59643.4900
v -27855.2000 -182106.9000 59643.4900
v -27855.3300 -182106.9000 59643.4900
v -27854.9400 -182106.8000 59643.4900
v -27855.0700 -182106.8000 59643.4900
v -27854.6900 -182106.7000 59643.4900
v -27854.8200 -182106.7000 59643.4900
v -27854.4400 -182106.6000 59643.4900
v -27854.5600 -182106.6000 59643.4900
v -27854.1900 -182106.5000 59643.4900
v -27854.3100 -182106.5000 59643.4900
v -27853.9400 -182106.3000 59643.4900
v -27854.0600 -182106.4000 59643.4900
v -27853.6900 -182106.2000 59643.4900
v -27853.8100 -182106.3000 59643.4900
v -27853.4500 -182106.1000 59643.4900
v -27853.5700 -182106.1000 59643.4900
v -27853.2100 -182106.0000 59643.4900
v -27853.3200 -182106.0000 59643.4900
v -27852.9600 -182105.8000 59643.4900
v -27853.0800 -182105.9000 59643.4900
v -27852.7300 -182105.7000 59643.4900
v -27852.8400 -182105.8000 59643.4900
v -27852.4900 -182105.5000 59643.4900
v -27852.6100 -182105.6000 59643.4900
v -27852.2600 -182105.4000 59643.4900
v -27852.3800 -182105.5000 59643.4900
v -27852.0300 -182105.2000 59643.4900
v -27852.1400 -182105.3000 59643.4900
v -27851.8000 -182105.1000 59643.4900
v -27851.9200 -182105.2000 59643.4900
v -27851.5800 -182104.9000 59643.4900
v -27851.6900 -182105.0000 59643.4900
v -27851.3600 -182104.8000 59643.4900
v -27851.4700 -182104.8000 59643.4900
v -27851.1400 -182104.6000 59643.4900
v -27851.2500 -182104.7000 59643.4900
v -27850.9200 -182104.4000 59643.4900
v -27851.0300 -182104.5000 59643.4900
v -27850.7100 -182104.2000 59643.4900
v -27850.8100 -182104.3000 59643.4900
v -27850.5000 -182104.1000 59643.4900
v -27850.6000 -182104.1000 59643.4900
v -27850.2900 -182103.9000 59643.4900
v -27850.4000 -182104.0000 59643.4900
v -27850.0900 -182103.7000 59643.4900
v -27850.1900 -182103.8000 59643.4900
v -27849.8900 -182103.5000 59643.4900
v -27849.9900 -182103.6000 59643.4900
v -27849.7000 -182103.3000 59643.4900
v -27849.7900 -182103.4000 59643.4900
v -27849.5000 -182103.1000 59643.4900
v -27849.6000 -182103.2000 59643.4900
v -27849.3100 -182102.9000 59643.4900
v -27849.4100 -182103.0000 59643.4900
v -27849.1200 -182102.7000 59643.4900
v -27849.2200 -182102.8000 59643.4900
v -27848.9400 -182102.5000 59643.4900
v -27849.0300 -182102.6000 59643.4900
v -27848.7600 -182102.3000 59643.4900
v -27848.8500 -182102.4000 59643.4900
v -27848.5900 -182102.1000 59643.4900
v -27848.6800 -182102.2000 59643.4900
v -27848.4200 -182101.9000 59643.4900
v -27848.5000 -182102.0000 59643.4900
v -27848.2500 -182101.6000 59643.4900
v -27848.3300 -182101.8000 59643.4900
v -27848.0900 -182101.4000 59643.4900
v -27848.1700 -182101.5000 59643.4900
v -27847.9300 -182101.2000 59643.4900
v -27848.0000 -182101.3000 59643.4900
v -27847.7700 -182101.0000 59643.4900
v -27847.8500 -182101.1000 59643.4900
v -27847.6200 -182100.7000 59643.4900
v -27847.6900 -182100.9000 59643.4900
v -27847.4700 -182100.5000 59643.4900
v -27847.5400 -182100.6000 59643.4900
v -27847.3200 -182100.3000 59643.4900
v -27847.4000 -182100.4000 59643.4900
v -27847.1900 -182100.0000 59643.4900
v -27847.2500 -182100.2000 59643.4900
v -27847.0500 -182099.8000 59643.4900
v -27847.1200 -182099.9000 59643.4900
v -27846.9200 -182099.6000 59643.4900
v -27846.9800 -182099.7000 59643.4900
v -27846.7900 -182099.3000 59643.4900
v -27846.8500 -182099.4000 59643.4900
v -27846.6700 -182099.1000 59643.4900
v -27846.7300 -182099.2000 59643.4900
v -27846.5500 -182098.8000 59643.4900
v -27846.6100 -182098.9000 59643.4900
v -27846.4400 -182098.6000 59643.4900
v -27846.4900 -182098.7000 59643.4900
v -27846.3200 -182098.3000 59643.4900
v -27846.3800 -182098.4000 59643.4900
v -27846.2200 -182098.1000 59643.4900
v -27846.2700 -182098.2000 59643.4900
v -27846.1200 -182097.8000 59643.4900
v -27846.1700 -182097.9000 59643.4900
v -27846.0200 -182097.5000 59643.4900
v -27846.0700 -182097.7000 59643.4900
v -27845.9300 -182097.3000 59643.4900
v -27845.9800 -182097.4000 59643.4900
v -27845.8400 -182097.0000 59643.4900
v -27845.8900 -182097.2000 59643.4900
v -27845.7600 -182096.8000 59643.4900
v -27845.8000 -182096.9000 59643.4900
v -27845.6800 -182096.5000 59643.4900
v -27845.7200 -182096.6000 59643.4900
v -27845.6100 -182096.2000 59643.4900
v -27845.6400 -182096.4000 59643.4900
v -27845.5400 -182096.0000 59643.4900
v -27845.5700 -182096.1000 59643.4900
v -27845.4700 -182095.7000 59643.4900
v -27845.5100 -182095.8000 59643.4900
v -27845.4100 -182095.4000 59643.4900
v -27845.4500 -182095.6000 59643.4900
v -27845.3100 -182094.9000 59643.4900
v -27845.3600 -182095.2000 59643.4900
v -27845.2200 -182094.3000 59643.4900
v -27845.2700 -182094.6000 59643.4900
v -27845.1600 -182093.8000 59643.4900
v -27845.1900 -182094.1000 59643.4900
v -27845.1100 -182093.2000 59643.4900
v -27845.1300 -182093.5000 59643.4900
v -27845.0800 -182092.7000 59643.4900
v -27845.1000 -182093.0000 59643.4900
v -27845.0800 -182092.4000 59643.4900
v -27845.0700 -182092.1000 59591.0500
v -27849.7000 -182081.0000 59591.0500
v -27860.8600 -182076.4000 59591.0500
v -27872.0200 -182081.0000 59591.0500
v -27876.6500 -182092.1000 59591.0500
v -27872.0200 -182103.3000 59591.0500
v -27860.8600 -182107.9000 59591.0500
v -27849.7000 -182103.3000 59591.0500
v -26100.4300 -183572.3000 59536.9100
v -26100.4200 -183571.8000 59536.9100
v -26100.4300 -183572.0000 59536.9100
v -26100.3900 -183571.2000 59536.9100
v -26100.4100 -183571.5000 59536.9100
v -26100.3500 -183570.7000 59536.9100
v -26100.3700 -183570.9000 59536.9100
v -26100.2800 -183570.1000 59536.9100
v -26100.3100 -183570.4000 59536.9100
v -26100.1900 -183569.6000 59536.9100
v -26100.2400 -183569.8000 59536.9100
v -26100.0900 -183569.0000 59536.9100
v -26100.1400 -183569.3000 59536.9100
v -26100.0300 -183568.8000 59536.9100
v -26100.0600 -183568.9000 59536.9100
v -26099.9600 -183568.5000 59536.9100
v -26100.0000 -183568.6000 59536.9100
v -26099.8900 -183568.2000 59536.9100
v -26099.9300 -183568.4000 59536.9100
v -26099.8200 -183568.0000 59536.9100
v -26099.8600 -183568.1000 59536.9100
v -26099.7400 -183567.7000 59536.9100
v -26099.7800 -183567.8000 59536.9100
v -26099.6600 -183567.4000 59536.9100
v -26099.7000 -183567.6000 59536.9100
v -26099.5700 -183567.2000 59536.9100
v -26099.6200 -183567.3000 59536.9100
v -26099.4800 -183566.9000 59536.9100
v -26099.5300 -183567.0000 59536.9100
v -26099.3800 -183566.7000 59536.9100
v -26099.4300 -183566.8000 59536.9100
v -26099.2800 -183566.4000 59536.9100
v -26099.3300 -183566.5000 59536.9100
v -26099.1800 -183566.2000 59536.9100
v -26099.2300 -183566.3000 59536.9100
v -26099.0700 -183565.9000 59536.9100
v -26099.1200 -183566.0000 59536.9100
v -26098.9500 -183565.7000 59536.9100
v -26099.0100 -183565.8000 59536.9100
v -26098.8300 -183565.4000 59536.9100
v -26098.8900 -183565.5000 59536.9100
v -26098.7100 -183565.2000 59536.9100
v -26098.7700 -183565.3000 59536.9100
v -26098.5800 -183564.9000 59536.9100
v -26098.6500 -183565.0000 59536.9100
v -26098.4500 -183564.7000 59536.9100
v -26098.5200 -183564.8000 59536.9100
v -26098.3200 -183564.4000 59536.9100
v -26098.3800 -183564.5000 59536.9100
v -26098.1800 -183564.2000 59536.9100
v -26098.2500 -183564.3000 59536.9100
v -26098.0300 -183564.0000 59536.9100
v -26098.1000 -183564.1000 59536.9100
v -26097.8800 -183563.7000 59536.9100
v -26097.9600 -183563.8000 59536.9100
v -26097.7300 -183563.5000 59536.9100
v -26097.8100 -183563.6000 59536.9100
v -26097.5800 -183563.3000 59536.9100
v -26097.6500 -183563.4000 59536.9100
v -26097.4200 -183563.0000 59536.9100
v -26097.5000 -183563.2000 59536.9100
v -26097.2500 -183562.8000 59536.9100
v -26097.3300 -183562.9000 59536.9100
v -26097.0800 -183562.6000 59536.9100
v -26097.1700 -183562.7000 59536.9100
v -26096.9100 -183562.4000 59536.9100
v -26097.0000 -183562.5000 59536.9100
v -26096.7400 -183562.2000 59536.9100
v -26096.8200 -183562.3000 59536.9100
v -26096.5600 -183562.0000 59536.9100
v -26096.6500 -183562.1000 59536.9100
v -26096.3800 -183561.8000 59536.9100
v -26096.4700 -183561.9000 59536.9100
v -26096.1900 -183561.5000 59536.9100
v -26096.2800 -183561.7000 59536.9100
v -26096.0000 -183561.4000 59536.9100
v -26096.1000 -183561.5000 59536.9100
v -26095.8100 -183561.2000 59536.9100
v -26095.9000 -183561.2000 59536.9100
v -26095.6100 -183561.0000 59536.9100
v -26095.7100 -183561.1000 59536.9100
v -26095.4100 -183560.8000 59536.9100
v -26095.5100 -183560.9000 59536.9100
v -26095.2100 -183560.6000 59536.9100
v -26095.3100 -183560.7000 59536.9100
v -26095.0000 -183560.4000 59536.9100
v -26095.1000 -183560.5000 59536.9100
v -26094.7900 -183560.2000 59536.9100
v -26094.9000 -183560.3000 59536.9100
v -26094.5800 -183560.0000 59536.9100
v -26094.6900 -183560.1000 59536.9100
v -26094.3600 -183559.9000 59536.9100
v -26094.4700 -183560.0000 59536.9100
v -26094.1400 -183559.7000 59536.9100
v -26094.2500 -183559.8000 59536.9100
v -26093.9200 -183559.5000 59536.9100
v -26094.0300 -183559.6000 59536.9100
v -26093.7000 -183559.4000 59536.9100
v -26093.8100 -183559.5000 59536.9100
v -26093.4700 -183559.2000 59536.9100
v -26093.5800 -183559.3000 59536.9100
v -26093.2400 -183559.1000 59536.9100
v -26093.3600 -183559.2000 59536.9100
v -26093.0100 -183558.9000 59536.9100
v -26093.1200 -183559.0000 59536.9100
v -26092.7800 -183558.8000 59536.9100
v -26092.8900 -183558.9000 59536.9100
v -26092.5400 -183558.7000 59536.9100
v -26092.6500 -183558.7000 59536.9100
v -26092.3000 -183558.5000 59536.9100
v -26092.4200 -183558.6000 59536.9100
v -26092.0500 -183558.4000 59536.9100
v -26092.1800 -183558.5000 59536.9100
v -26091.8100 -183558.2000 59536.9100
v -26091.9300 -183558.3000 59536.9100
v -26091.5600 -183558.1000 59536.9100
v -26091.6900 -183558.2000 59536.9100
v -26091.3200 -183558.0000 59536.9100
v -26091.4400 -183558.1000 59536.9100
v -26091.0600 -183557.9000 59536.9100
v -26091.1900 -183558.0000 59536.9100
v -26090.8100 -183557.8000 59536.9100
v -26090.9400 -183557.8000 59536.9100
v -26090.5600 -183557.7000 59536.9100
v -26090.6800 -183557.7000 59536.9100
v -26090.3000 -183557.6000 59536.9100
v -26090.4300 -183557.6000 59536.9100
v -26090.0400 -183557.5000 59536.9100
v -26090.1700 -183557.5000 59536.9100
v -26089.7800 -183557.4000 59536.9100
v -26089.9100 -183557.4000 59536.9100
v -26089.5200 -183557.3000 59536.9100
v -26089.6500 -183557.3000 59536.9100
v -26089.2600 -183557.2000 59536.9100
v -26089.3900 -183557.3000 59536.9100
v -26088.9900 -183557.1000 59536.9100
v -26089.1200 -183557.2000 59536.9100
v -26088.7300 -183557.1000 59536.9100
v -26088.8600 -183557.1000 59536.9100
v -26088.4600 -183557.0000 59536.9100
v -26088.5900 -183557.0000 59536.9100
v -26088.2000 -183556.9000 59536.9100
v -26088.3300 -183557.0000 59536.9100
v -26087.9300 -183556.9000 59536.9100
v -26088.0600 -183556.9000 59536.9100
v -26087.6600 -183556.8000 59536.9100
v -26087.7900 -183556.8000 59536.9100
v -26087.3800 -183556.8000 59536.9100
v -26087.5200 -183556.8000 59536.9100
v -26087.1100 -183556.7000 59536.9100
v -26087.2500 -183556.8000 59536.9100
v -26086.8400 -183556.7000 59536.9100
v -26086.9700 -183556.7000 59536.9100
v -26086.5700 -183556.7000 59536.9100
v -26086.7000 -183556.7000 59536.9100
v -26086.2900 -183556.6000 59536.9100
v -26086.4300 -183556.6000 59536.9100
v -26086.0200 -183556.6000 59536.9100
v -26086.1500 -183556.6000 59536.9100
v -26085.7400 -183556.6000 59536.9100
v -26085.8800 -183556.6000 59536.9100
v -26085.4700 -183556.6000 59536.9100
v -26085.6100 -183556.6000 59536.9100
v -26085.1900 -183556.5000 59536.9100
v -26085.3300 -183556.5000 59536.9100
v -26084.9200 -183556.5000 59536.9100
v -26085.0500 -183556.5000 59536.9100
v -26084.6400 -183556.5000 59536.9100
v -26084.7800 -183556.5000 59536.9100
v -26084.3700 -183556.5000 59536.9100
v -26084.5000 -183556.5000 59536.9100
v -26084.0900 -183556.5000 59536.9100
v -26084.2300 -183556.5000 59536.9100
v -26083.8200 -183556.6000 59536.9100
v -26083.9500 -183556.5000 59536.9100
v -26083.5400 -183556.6000 59536.9100
v -26083.6800 -183556.6000 59536.9100
v -26083.2700 -183556.6000 59536.9100
v -26083.4000 -183556.6000 59536.9100
v -26082.9900 -183556.6000 59536.9100
v -26083.1300 -183556.6000 59536.9100
v -26082.7200 -183556.7000 59536.9100
v -26082.8500 -183556.6000 59536.9100
v -26082.4500 -183556.7000 59536.9100
v -26082.5800 -183556.7000 59536.9100
v -26082.1700 -183556.7000 59536.9100
v -26082.3100 -183556.7000 59536.9100
v -26081.9000 -183556.8000 59536.9100
v -26082.0400 -183556.8000 59536.9100
v -26081.6300 -183556.8000 59536.9100
v -26081.7600 -183556.8000 59536.9100
v -26081.3600 -183556.9000 59536.9100
v -26081.4900 -183556.8000 59536.9100
v -26081.0900 -183556.9000 59536.9100
v -26081.2200 -183556.9000 59536.9100
v -26080.8200 -183557.0000 59536.9100
v -26080.9600 -183557.0000 59536.9100
v -26080.5600 -183557.1000 59536.9100
v -26080.6900 -183557.0000 59536.9100
v -26080.2900 -183557.1000 59536.9100
v -26080.4200 -183557.1000 59536.9100
v -26080.0300 -183557.2000 59536.9100
v -26080.1600 -183557.2000 59536.9100
v -26079.7600 -183557.3000 59536.9100
v -26079.8900 -183557.3000 59536.9100
v -26079.5000 -183557.4000 59536.9100
v -26079.6300 -183557.3000 59536.9100
v -26079.2400 -183557.5000 59536.9100
v -26079.3700 -183557.4000 59536.9100
v -26078.9800 -183557.6000 59536.9100
v -26079.1100 -183557.5000 59536.9100
v -26078.7300 -183557.7000 59536.9100
v -26078.8600 -183557.6000 59536.9100
v -26078.4700 -183557.8000 59536.9100
v -26078.6000 -183557.7000 59536.9100
v -26078.2200 -183557.9000 59536.9100
v -26078.3500 -183557.8000 59536.9100
v -26077.9700 -183558.0000 59536.9100
v -26078.0900 -183558.0000 59536.9100
v -26077.7200 -183558.1000 59536.9100
v -26077.8400 -183558.1000 59536.9100
v -26077.4700 -183558.2000 59536.9100
v -26077.6000 -183558.2000 59536.9100
v -26077.2300 -183558.4000 59536.9100
v -26077.3500 -183558.3000 59536.9100
v -26076.9900 -183558.5000 59536.9100
v -26077.1100 -183558.5000 59536.9100
v -26076.7500 -183558.7000 59536.9100
v -26076.8700 -183558.6000 59536.9100
v -26076.5100 -183558.8000 59536.9100
v -26076.6300 -183558.7000 59536.9100
v -26076.2800 -183558.9000 59536.9100
v -26076.3900 -183558.9000 59536.9100
v -26076.0400 -183559.1000 59536.9100
v -26076.1600 -183559.0000 59536.9100
v -26075.8100 -183559.2000 59536.9100
v -26075.9300 -183559.2000 59536.9100
v -26075.5900 -183559.4000 59536.9100
v -26075.7000 -183559.3000 59536.9100
v -26075.3600 -183559.5000 59536.9100
v -26075.4700 -183559.5000 59536.9100
v -26075.1400 -183559.7000 59536.9100
v -26075.2500 -183559.6000 59536.9100
v -26074.9200 -183559.9000 59536.9100
v -26075.0300 -183559.8000 59536.9100
v -26074.7100 -183560.0000 59536.9100
v -26074.8100 -183560.0000 59536.9100
v -26074.4900 -183560.2000 59536.9100
v -26074.6000 -183560.1000 59536.9100
v -26074.2800 -183560.4000 59536.9100
v -26074.3900 -183560.3000 59536.9100
v -26074.0800 -183560.6000 59536.9100
v -26074.1800 -183560.5000 59536.9100
v -26073.8800 -183560.8000 59536.9100
v -26073.9700 -183560.7000 59536.9100
v -26073.6700 -183561.0000 59536.9100
v -26073.7700 -183560.9000 59536.9100
v -26073.4800 -183561.2000 59536.9100
v -26073.5700 -183561.1000 59536.9100
v -26073.2900 -183561.4000 59536.9100
v -26073.3800 -183561.2000 59536.9100
v -26073.1000 -183561.5000 59536.9100
v -26073.1900 -183561.5000 59536.9100
v -26072.9100 -183561.8000 59536.9100
v -26073.0000 -183561.7000 59536.9100
v -26072.7300 -183562.0000 59536.9100
v -26072.8200 -183561.9000 59536.9100
v -26072.5500 -183562.2000 59536.9100
v -26072.6300 -183562.1000 59536.9100
v -26072.3700 -183562.4000 59536.9100
v -26072.4600 -183562.3000 59536.9100
v -26072.2000 -183562.6000 59536.9100
v -26072.2900 -183562.5000 59536.9100
v -26072.0300 -183562.8000 59536.9100
v -26072.1200 -183562.7000 59536.9100
v -26071.8700 -183563.0000 59536.9100
v -26071.9500 -183562.9000 59536.9100
v -26071.7100 -183563.3000 59536.9100
v -26071.7900 -183563.2000 59536.9100
v -26071.5500 -183563.5000 59536.9100
v -26071.6300 -183563.4000 59536.9100
v -26071.4000 -183563.7000 59536.9100
v -26071.4700 -183563.6000 59536.9100
v -26071.2500 -183564.0000 59536.9100
v -26071.3300 -183563.8000 59536.9100
v -26071.1100 -183564.2000 59536.9100
v -26071.1800 -183564.1000 59536.9100
v -26070.9700 -183564.4000 59536.9100
v -26071.0400 -183564.3000 59536.9100
v -26070.8300 -183564.7000 59536.9100
v -26070.9000 -183564.5000 59536.9100
v -26070.7000 -183564.9000 59536.9100
v -26070.7700 -183564.8000 59536.9100
v -26070.5700 -183565.2000 59536.9100
v -26070.6400 -183565.0000 59536.9100
v -26070.4500 -183565.4000 59536.9100
v -26070.5100 -183565.3000 59536.9100
v -26070.3300 -183565.7000 59536.9100
v -26070.3900 -183565.5000 59536.9100
v -26070.2200 -183565.9000 59536.9100
v -26070.2800 -183565.8000 59536.9100
v -26070.1100 -183566.2000 59536.9100
v -26070.1600 -183566.0000 59536.9100
v -26070.0000 -183566.4000 59536.9100
v -26070.0500 -183566.3000 59536.9100
v -26069.9000 -183566.7000 59536.9100
v -26069.9500 -183566.5000 59536.9100
v -26069.8100 -183566.9000 59536.9100
v -26069.8500 -183566.8000 59536.9100
v -26069.7100 -183567.2000 59536.9100
v -26069.7600 -183567.0000 59536.9100
v -26069.6300 -183567.4000 59536.9100
v -26069.6700 -183567.3000 59536.9100
v -26069.5400 -183567.7000 59536.9100
v -26069.5800 -183567.6000 59536.9100
v -26069.4600 -183568.0000 59536.9100
v -26069.5000 -183567.8000 59536.9100
v -26069.3900 -183568.2000 59536.9100
v -26069.4300 -183568.1000 59536.9100
v -26069.3200 -183568.5000 59536.9100
v -26069.3600 -183568.4000 59536.9100
v -26069.2600 -183568.8000 59536.9100
v -26069.2900 -183568.6000 59536.9100
v -26069.2000 -183569.0000 59536.9100
v -26069.2300 -183568.9000 59536.9100
v -26069.1400 -183569.3000 59536.9100
v -26069.1700 -183569.2000 59536.9100
v -26069.0500 -183569.9000 59536.9100
v -26069.0900 -183569.6000 59536.9100
v -26068.9700 -183570.4000 59536.9100
v -26069.0100 -183570.1000 59536.9100
v -26068.9100 -183571.0000 59536.9100
v -26068.9400 -183570.7000 59536.9100
v -26068.8800 -183571.5000 59536.9100
v -26068.8900 -183571.2000 59536.9100
v -26068.8600 -183572.0000 59536.9100
v -26068.8600 -183571.8000 59536.9100
v -26068.8600 -183572.6000 59536.9100
v -26068.8600 -183572.3000 59536.9100
v -26068.8800 -183573.2000 59536.9100
v -26068.8700 -183572.9000 59536.9100
v -26068.9100 -183573.7000 59536.9100
v -26068.8900 -183573.4000 59536.9100
v -26068.9700 -183574.2000 59536.9100
v -26068.9400 -183574.0000 59536.9100
v -26069.0500 -183574.8000 59536.9100
v -26069.0100 -183574.5000 59536.9100
v -26069.1400 -183575.3000 59536.9100
v -26069.1000 -183575.1000 59536.9100
v -26069.2000 -183575.6000 59536.9100
v -26069.1700 -183575.5000 59536.9100
v -26069.2600 -183575.9000 59536.9100
v -26069.2300 -183575.7000 59536.9100
v -26069.3200 -183576.1000 59536.9100
v -26069.2900 -183576.0000 59536.9100
v -26069.3900 -183576.4000 59536.9100
v -26069.3600 -183576.3000 59536.9100
v -26069.4600 -183576.7000 59536.9100
v -26069.4300 -183576.5000 59536.9100
v -26069.5400 -183576.9000 59536.9100
v -26069.5000 -183576.8000 59536.9100
v -26069.6300 -183577.2000 59536.9100
v -26069.5800 -183577.1000 59536.9100
v -26069.7100 -183577.5000 59536.9100
v -26069.6700 -183577.3000 59536.9100
v -26069.8100 -183577.7000 59536.9100
v -26069.7600 -183577.6000 59536.9100
v -26069.9000 -183578.0000 59536.9100
v -26069.8500 -183577.9000 59536.9100
v -26070.0000 -183578.2000 59536.9100
v -26069.9500 -183578.1000 59536.9100
v -26070.1100 -183578.5000 59536.9100
v -26070.0600 -183578.4000 59536.9100
v -26070.2200 -183578.8000 59536.9100
v -26070.1600 -183578.6000 59536.9100
v -26070.3300 -183579.0000 59536.9100
v -26070.2800 -183578.9000 59536.9100
v -26070.4500 -183579.2000 59536.9100
v -26070.3900 -183579.1000 59536.9100
v -26070.5700 -183579.5000 59536.9100
v -26070.5100 -183579.4000 59536.9100
v -26070.7000 -183579.7000 59536.9100
v -26070.6400 -183579.6000 59536.9100
v -26070.8300 -183580.0000 59536.9100
v -26070.7700 -183579.9000 59536.9100
v -26070.9700 -183580.2000 59536.9100
v -26070.9000 -183580.1000 59536.9100
v -26071.1100 -183580.5000 59536.9100
v -26071.0400 -183580.3000 59536.9100
v -26071.2500 -183580.7000 59536.9100
v -26071.1800 -183580.6000 59536.9100
v -26071.4000 -183580.9000 59536.9100
v -26071.3300 -183580.8000 59536.9100
v -26071.5500 -183581.2000 59536.9100
v -26071.4800 -183581.0000 59536.9100
v -26071.7100 -183581.4000 59536.9100
v -26071.6300 -183581.3000 59536.9100
v -26071.8700 -183581.6000 59536.9100
v -26071.7900 -183581.5000 59536.9100
v -26072.0300 -183581.8000 59536.9100
v -26071.9500 -183581.7000 59536.9100
v -26072.2000 -183582.0000 59536.9100
v -26072.1200 -183581.9000 59536.9100
v -26072.3700 -183582.3000 59536.9100
v -26072.2900 -183582.2000 59536.9100
v -26072.5500 -183582.5000 59536.9100
v -26072.4600 -183582.4000 59536.9100
v -26072.7300 -183582.7000 59536.9100
v -26072.6400 -183582.6000 59536.9100
v -26072.9100 -183582.9000 59536.9100
v -26072.8200 -183582.8000 59536.9100
v -26073.1000 -183583.1000 59536.9100
v -26073.0000 -183583.0000 59536.9100
v -26073.2900 -183583.3000 59536.9100
v -26073.1900 -183583.2000 59536.9100
v -26073.4800 -183583.5000 59536.9100
v -26073.3800 -183583.4000 59536.9100
v -26073.6700 -183583.7000 59536.9100
v -26073.5800 -183583.6000 59536.9100
v -26073.8800 -183583.9000 59536.9100
v -26073.7800 -183583.8000 59536.9100
v -26074.0800 -183584.1000 59536.9100
v -26073.9800 -183584.0000 59536.9100
v -26074.2800 -183584.2000 59536.9100
v -26074.1800 -183584.2000 59536.9100
v -26074.4900 -183584.4000 59536.9100
v -26074.3900 -183584.3000 59536.9100
v -26074.7100 -183584.6000 59536.9100
v -26074.6000 -183584.5000 59536.9100
v -26074.9200 -183584.8000 59536.9100
v -26074.8100 -183584.7000 59536.9100
v -26075.1400 -183584.9000 59536.9100
v -26075.0300 -183584.8000 59536.9100
v -26075.3600 -183585.1000 59536.9100
v -26075.2500 -183585.0000 59536.9100
v -26075.5900 -183585.2000 59536.9100
v -26075.4700 -183585.2000 59536.9100
v -26075.8100 -183585.4000 59536.9100
v -26075.7000 -183585.3000 59536.9100
v -26076.0400 -183585.6000 59536.9100
v -26075.9300 -183585.5000 59536.9100
v -26076.2800 -183585.7000 59536.9100
v -26076.1600 -183585.6000 59536.9100
v -26076.5100 -183585.9000 59536.9100
v -26076.3900 -183585.8000 59536.9100
v -26076.7500 -183586.0000 59536.9100
v -26076.6300 -183585.9000 59536.9100
v -26076.9900 -183586.1000 59536.9100
v -26076.8700 -183586.1000 59536.9100
v -26077.2300 -183586.3000 59536.9100
v -26077.1100 -183586.2000 59536.9100
v -26077.4700 -183586.4000 59536.9100
v -26077.3500 -183586.3000 59536.9100
v -26077.7200 -183586.5000 59536.9100
v -26077.6000 -183586.5000 59536.9100
v -26077.9700 -183586.6000 59536.9100
v -26077.8500 -183586.6000 59536.9100
v -26078.2200 -183586.8000 59536.9100
v -26078.1000 -183586.7000 59536.9100
v -26078.4700 -183586.9000 59536.9100
v -26078.3500 -183586.8000 59536.9100
v -26078.7300 -183587.0000 59536.9100
v -26078.6000 -183586.9000 59536.9100
v -26078.9800 -183587.1000 59536.9100
v -26078.8600 -183587.0000 59536.9100
v -26079.2400 -183587.2000 59536.9100
v -26079.1200 -183587.1000 59536.9100
v -26079.5000 -183587.2000 59536.9100
v -26079.3700 -183587.2000 59536.9100
v -26079.7600 -183587.3000 59536.9100
v -26079.6300 -183587.3000 59536.9100
v -26080.0300 -183587.4000 59536.9100
v -26079.9000 -183587.4000 59536.9100
v -26080.2900 -183587.5000 59536.9100
v -26080.1600 -183587.5000 59536.9100
v -26080.5600 -183587.6000 59536.9100
v -26080.4200 -183587.5000 59536.9100
v -26080.8200 -183587.6000 59536.9100
v -26080.6900 -183587.6000 59536.9100
v -26081.0900 -183587.7000 59536.9100
v -26080.9600 -183587.7000 59536.9100
v -26081.3600 -183587.8000 59536.9100
v -26081.2300 -183587.7000 59536.9100
v -26081.6300 -183587.8000 59536.9100
v -26081.5000 -183587.8000 59536.9100
v -26081.9000 -183587.9000 59536.9100
v -26081.7700 -183587.8000 59536.9100
v -26082.1700 -183587.9000 59536.9100
v -26082.0400 -183587.9000 59536.9100
v -26082.4500 -183588.0000 59536.9100
v -26082.3100 -183587.9000 59536.9100
v -26082.7200 -183588.0000 59536.9100
v -26082.5800 -183588.0000 59536.9100
v -26082.9900 -183588.0000 59536.9100
v -26082.8600 -183588.0000 59536.9100
v -26083.2700 -183588.0000 59536.9100
v -26083.1300 -183588.0000 59536.9100
v -26083.5400 -183588.1000 59536.9100
v -26083.4100 -183588.1000 59536.9100
v -26083.8200 -183588.1000 59536.9100
v -26083.6800 -183588.1000 59536.9100
v -26084.0900 -183588.1000 59536.9100
v -26083.9600 -183588.1000 59536.9100
v -26084.3700 -183588.1000 59536.9100
v -26084.2300 -183588.1000 59536.9100
v -26084.6400 -183588.1000 59536.9100
v -26084.5100 -183588.1000 59536.9100
v -26084.9200 -183588.1000 59536.9100
v -26084.7800 -183588.1000 59536.9100
v -26085.1900 -183588.1000 59536.9100
v -26085.0600 -183588.1000 59536.9100
v -26085.4700 -183588.1000 59536.9100
v -26085.3300 -183588.1000 59536.9100
v -26085.7400 -183588.1000 59536.9100
v -26085.6100 -183588.1000 59536.9100
v -26086.0200 -183588.0000 59536.9100
v -26085.8800 -183588.1000 59536.9100
v -26086.2900 -183588.0000 59536.9100
v -26086.1600 -183588.0000 59536.9100
v -26086.5700 -183588.0000 59536.9100
v -26086.4300 -183588.0000 59536.9100
v -26086.8400 -183588.0000 59536.9100
v -26086.7100 -183588.0000 59536.9100
v -26087.1100 -183587.9000 59536.9100
v -26086.9800 -183587.9000 59536.9100
v -26087.3800 -183587.9000 59536.9100
v -26087.2500 -183587.9000 59536.9100
v -26087.6600 -183587.8000 59536.9100
v -26087.5200 -183587.8000 59536.9100
v -26087.9300 -183587.8000 59536.9100
v -26087.7900 -183587.8000 59536.9100
v -26088.2000 -183587.7000 59536.9100
v -26088.0600 -183587.7000 59536.9100
v -26088.4600 -183587.6000 59536.9100
v -26088.3300 -183587.7000 59536.9100
v -26088.7300 -183587.6000 59536.9100
v -26088.6000 -183587.6000 59536.9100
v -26088.9900 -183587.5000 59536.9100
v -26088.8600 -183587.5000 59536.9100
v -26089.2600 -183587.4000 59536.9100
v -26089.1300 -183587.5000 59536.9100
v -26089.5200 -183587.3000 59536.9100
v -26089.3900 -183587.4000 59536.9100
v -26089.7800 -183587.2000 59536.9100
v -26089.6500 -183587.3000 59536.9100
v -26090.0400 -183587.2000 59536.9100
v -26089.9100 -183587.2000 59536.9100
v -26090.3000 -183587.1000 59536.9100
v -26090.1700 -183587.1000 59536.9100
v -26090.5600 -183587.0000 59536.9100
v -26090.4300 -183587.0000 59536.9100
v -26090.8100 -183586.9000 59536.9100
v -26090.6900 -183586.9000 59536.9100
v -26091.0600 -183586.8000 59536.9100
v -26090.9400 -183586.8000 59536.9100
v -26091.3200 -183586.6000 59536.9100
v -26091.1900 -183586.7000 59536.9100
v -26091.5600 -183586.5000 59536.9100
v -26091.4400 -183586.6000 59536.9100
v -26091.8100 -183586.4000 59536.9100
v -26091.6900 -183586.5000 59536.9100
v -26092.0500 -183586.3000 59536.9100
v -26091.9400 -183586.3000 59536.9100
v -26092.3000 -183586.1000 59536.9100
v -26092.1800 -183586.2000 59536.9100
v -26092.5400 -183586.0000 59536.9100
v -26092.4200 -183586.1000 59536.9100
v -26092.7800 -183585.9000 59536.9100
v -26092.6600 -183585.9000 59536.9100
v -26093.0100 -183585.7000 59536.9100
v -26092.8900 -183585.8000 59536.9100
v -26093.2400 -183585.6000 59536.9100
v -26093.1300 -183585.6000 59536.9100
v -26093.4700 -183585.4000 59536.9100
v -26093.3600 -183585.5000 59536.9100
v -26093.7000 -183585.2000 59536.9100
v -26093.5900 -183585.3000 59536.9100
v -26093.9200 -183585.1000 59536.9100
v -26093.8100 -183585.2000 59536.9100
v -26094.1400 -183584.9000 59536.9100
v -26094.0400 -183585.0000 59536.9100
v -26094.3600 -183584.8000 59536.9100
v -26094.2600 -183584.8000 59536.9100
v -26094.5800 -183584.6000 59536.9100
v -26094.4700 -183584.7000 59536.9100
v -26094.7900 -183584.4000 59536.9100
v -26094.6900 -183584.5000 59536.9100
v -26095.0000 -183584.2000 59536.9100
v -26094.9000 -183584.3000 59536.9100
v -26095.2100 -183584.1000 59536.9100
v -26095.1100 -183584.1000 59536.9100
v -26095.4100 -183583.9000 59536.9100
v -26095.3100 -183584.0000 59536.9100
v -26095.6100 -183583.7000 59536.9100
v -26095.5100 -183583.8000 59536.9100
v -26095.8100 -183583.5000 59536.9100
v -26095.7100 -183583.6000 59536.9100
v -26096.0000 -183583.3000 59536.9100
v -26095.9100 -183583.4000 59536.9100
v -26096.1900 -183583.1000 59536.9100
v -26096.1000 -183583.2000 59536.9100
v -26096.3800 -183582.9000 59536.9100
v -26096.2900 -183583.0000 59536.9100
v -26096.5600 -183582.7000 59536.9100
v -26096.4700 -183582.8000 59536.9100
v -26096.7400 -183582.5000 59536.9100
v -26096.6500 -183582.6000 59536.9100
v -26096.9100 -183582.3000 59536.9100
v -26096.8300 -183582.4000 59536.9100
v -26097.0800 -183582.0000 59536.9100
v -26097.0000 -183582.2000 59536.9100
v -26097.2500 -183581.8000 59536.9100
v -26097.1700 -183581.9000 59536.9100
v -26097.4200 -183581.6000 59536.9100
v -26097.3400 -183581.7000 59536.9100
v -26097.5800 -183581.4000 59536.9100
v -26097.5000 -183581.5000 59536.9100
v -26097.7300 -183581.2000 59536.9100
v -26097.6600 -183581.3000 59536.9100
v -26097.8800 -183580.9000 59536.9100
v -26097.8100 -183581.0000 59536.9100
v -26098.0300 -183580.7000 59536.9100
v -26097.9600 -183580.8000 59536.9100
v -26098.1800 -183580.5000 59536.9100
v -26098.1100 -183580.6000 59536.9100
v -26098.3200 -183580.2000 59536.9100
v -26098.2500 -183580.3000 59536.9100
v -26098.4500 -183580.0000 59536.9100
v -26098.3900 -183580.1000 59536.9100
v -26098.5800 -183579.7000 59536.9100
v -26098.5200 -183579.9000 59536.9100
v -26098.7100 -183579.5000 59536.9100
v -26098.6500 -183579.6000 59536.9100
v -26098.8300 -183579.2000 59536.9100
v -26098.7700 -183579.4000 59536.9100
v -26098.9500 -183579.0000 59536.9100
v -26098.8900 -183579.1000 59536.9100
v -26099.0700 -183578.8000 59536.9100
v -26099.0100 -183578.9000 59536.9100
v -26099.1800 -183578.5000 59536.9100
v -26099.1200 -183578.6000 59536.9100
v -26099.2800 -183578.2000 59536.9100
v -26099.2300 -183578.4000 59536.9100
v -26099.3800 -183578.0000 59536.9100
v -26099.3300 -183578.1000 59536.9100
v -26099.4800 -183577.7000 59536.9100
v -26099.4300 -183577.8000 59536.9100
v -26099.5700 -183577.5000 59536.9100
v -26099.5300 -183577.6000 59536.9100
v -26099.6600 -183577.2000 59536.9100
v -26099.6200 -183577.3000 59536.9100
v -26099.7400 -183576.9000 59536.9100
v -26099.7000 -183577.1000 59536.9100
v -26099.8200 -183576.7000 59536.9100
v -26099.7800 -183576.8000 59536.9100
v -26099.8900 -183576.4000 59536.9100
v -26099.8600 -183576.5000 59536.9100
v -26099.9600 -183576.1000 59536.9100
v -26099.9300 -183576.3000 59536.9100
v -26100.0300 -183575.9000 59536.9100
v -26100.0000 -183576.0000 59536.9100
v -26100.0900 -183575.6000 59536.9100
v -26100.0600 -183575.7000 59536.9100
v -26100.1400 -183575.3000 59536.9100
v -26100.1200 -183575.5000 59536.9100
v -26100.2400 -183574.8000 59536.9100
v -26100.1900 -183575.1000 59536.9100
v -26100.3100 -183574.2000 59536.9100
v -26100.2800 -183574.5000 59536.9100
v -26100.3700 -183573.7000 59536.9100
v -26100.3400 -183574.0000 59536.9100
v -26100.4100 -183573.2000 59536.9100
v -26100.3900 -183573.4000 59536.9100
v -26100.4300 -183572.6000 59536.9100
v -26100.4200 -183572.9000 59536.9100
v -26100.4300 -183572.3000 59643.4900
v -26100.4200 -183572.9000 59643.4900
v -26100.4300 -183572.6000 59643.4900
v -26100.3900 -183573.4000 59643.4900
v -26100.4100 -183573.2000 59643.4900
v -26100.3500 -183574.0000 59643.4900
v -26100.3700 -183573.7000 59643.4900
v -26100.2800 -183574.5000 59643.4900
v -26100.3100 -183574.2000 59643.4900
v -26100.1900 -183575.1000 59643.4900
v -26100.2300 -183574.8000 59643.4900
v -26100.0900 -183575.6000 59643.4900
v -26100.1400 -183575.3000 59643.4900
v -26100.0300 -183575.9000 59643.4900
v -26100.0600 -183575.7000 59643.4900
v -26099.9600 -183576.1000 59643.4900
v -26099.9900 -183576.0000 59643.4900
v -26099.8900 -183576.4000 59643.4900
v -26099.9300 -183576.3000 59643.4900
v -26099.8200 -183576.7000 59643.4900
v -26099.8600 -183576.5000 59643.4900
v -26099.7400 -183576.9000 59643.4900
v -26099.7800 -183576.8000 59643.4900
v -26099.6600 -183577.2000 59643.4900
v -26099.7000 -183577.1000 59643.4900
v -26099.5700 -183577.5000 59643.4900
v -26099.6200 -183577.3000 59643.4900
v -26099.4800 -183577.7000 59643.4900
v -26099.5300 -183577.6000 59643.4900
v -26099.3800 -183578.0000 59643.4900
v -26099.4300 -183577.9000 59643.4900
v -26099.2800 -183578.2000 59643.4900
v -26099.3300 -183578.1000 59643.4900
v -26099.1800 -183578.5000 59643.4900
v -26099.2300 -183578.4000 59643.4900
v -26099.0700 -183578.8000 59643.4900
v -26099.1200 -183578.6000 59643.4900
v -26098.9500 -183579.0000 59643.4900
v -26099.0100 -183578.9000 59643.4900
v -26098.8300 -183579.2000 59643.4900
v -26098.8900 -183579.1000 59643.4900
v -26098.7100 -183579.5000 59643.4900
v -26098.7700 -183579.4000 59643.4900
v -26098.5800 -183579.7000 59643.4900
v -26098.6500 -183579.6000 59643.4900
v -26098.4500 -183580.0000 59643.4900
v -26098.5200 -183579.9000 59643.4900
v -26098.3200 -183580.2000 59643.4900
v -26098.3800 -183580.1000 59643.4900
v -26098.1800 -183580.5000 59643.4900
v -26098.2500 -183580.3000 59643.4900
v -26098.0300 -183580.7000 59643.4900
v -26098.1000 -183580.6000 59643.4900
v -26097.8800 -183580.9000 59643.4900
v -26097.9600 -183580.8000 59643.4900
v -26097.7300 -183581.2000 59643.4900
v -26097.8100 -183581.0000 59643.4900
v -26097.5800 -183581.4000 59643.4900
v -26097.6500 -183581.3000 59643.4900
v -26097.4200 -183581.6000 59643.4900
v -26097.5000 -183581.5000 59643.4900
v -26097.2500 -183581.8000 59643.4900
v -26097.3300 -183581.7000 59643.4900
v -26097.0800 -183582.0000 59643.4900
v -26097.1700 -183581.9000 59643.4900
v -26096.9100 -183582.3000 59643.4900
v -26097.0000 -183582.2000 59643.4900
v -26096.7400 -183582.5000 59643.4900
v -26096.8200 -183582.4000 59643.4900
v -26096.5600 -183582.7000 59643.4900
v -26096.6500 -183582.6000 59643.4900
v -26096.3800 -183582.9000 59643.4900
v -26096.4700 -183582.8000 59643.4900
v -26096.1900 -183583.1000 59643.4900
v -26096.2800 -183583.0000 59643.4900
v -26096.0000 -183583.3000 59643.4900
v -26096.0900 -183583.2000 59643.4900
v -26095.8100 -183583.5000 59643.4900
v -26095.9000 -183583.4000 59643.4900
v -26095.6100 -183583.7000 59643.4900
v -26095.7100 -183583.6000 59643.4900
v -26095.4100 -183583.9000 59643.4900
v -26095.5100 -183583.8000 59643.4900
v -26095.2100 -183584.1000 59643.4900
v -26095.3100 -183584.0000 59643.4900
v -26095.0000 -183584.2000 59643.4900
v -26095.1000 -183584.2000 59643.4900
v -26094.7900 -183584.4000 59643.4900
v -26094.8900 -183584.3000 59643.4900
v -26094.5800 -183584.6000 59643.4900
v -26094.6800 -183584.5000 59643.4900
v -26094.3600 -183584.8000 59643.4900
v -26094.4700 -183584.7000 59643.4900
v -26094.1400 -183584.9000 59643.4900
v -26094.2500 -183584.8000 59643.4900
v -26093.9200 -183585.1000 59643.4900
v -26094.0300 -183585.0000 59643.4900
v -26093.7000 -183585.2000 59643.4900
v -26093.8100 -183585.2000 59643.4900
v -26093.4700 -183585.4000 59643.4900
v -26093.5800 -183585.3000 59643.4900
v -26093.2400 -183585.6000 59643.4900
v -26093.3600 -183585.5000 59643.4900
v -26093.0100 -183585.7000 59643.4900
v -26093.1200 -183585.6000 59643.4900
v -26092.7800 -183585.9000 59643.4900
v -26092.8900 -183585.8000 59643.4900
v -26092.5400 -183586.0000 59643.4900
v -26092.6500 -183585.9000 59643.4900
v -26092.3000 -183586.1000 59643.4900
v -26092.4200 -183586.1000 59643.4900
v -26092.0500 -183586.3000 59643.4900
v -26092.1700 -183586.2000 59643.4900
v -26091.8100 -183586.4000 59643.4900
v -26091.9300 -183586.3000 59643.4900
v -26091.5600 -183586.5000 59643.4900
v -26091.6900 -183586.5000 59643.4900
v -26091.3200 -183586.6000 59643.4900
v -26091.4400 -183586.6000 59643.4900
v -26091.0600 -183586.8000 59643.4900
v -26091.1900 -183586.7000 59643.4900
v -26090.8100 -183586.9000 59643.4900
v -26090.9400 -183586.8000 59643.4900
v -26090.5600 -183587.0000 59643.4900
v -26090.6800 -183586.9000 59643.4900
v -26090.3000 -183587.1000 59643.4900
v -26090.4300 -183587.0000 59643.4900
v -26090.0400 -183587.2000 59643.4900
v -26090.1700 -183587.1000 59643.4900
v -26089.7800 -183587.2000 59643.4900
v -26089.9100 -183587.2000 59643.4900
v -26089.5200 -183587.3000 59643.4900
v -26089.6500 -183587.3000 59643.4900
v -26089.2600 -183587.4000 59643.4900
v -26089.3900 -183587.4000 59643.4900
v -26088.9900 -183587.5000 59643.4900
v -26089.1200 -183587.5000 59643.4900
v -26088.7300 -183587.6000 59643.4900
v -26088.8600 -183587.5000 59643.4900
v -26088.4600 -183587.6000 59643.4900
v -26088.5900 -183587.6000 59643.4900
v -26088.2000 -183587.7000 59643.4900
v -26088.3300 -183587.7000 59643.4900
v -26087.9300 -183587.8000 59643.4900
v -26088.0600 -183587.7000 59643.4900
v -26087.6600 -183587.8000 59643.4900
v -26087.7900 -183587.8000 59643.4900
v -26087.3800 -183587.9000 59643.4900
v -26087.5200 -183587.8000 59643.4900
v -26087.1100 -183587.9000 59643.4900
v -26087.2500 -183587.9000 59643.4900
v -26086.8400 -183588.0000 59643.4900
v -26086.9700 -183587.9000 59643.4900
v -26086.5700 -183588.0000 59643.4900
v -26086.7000 -183588.0000 59643.4900
v -26086.2900 -183588.0000 59643.4900
v -26086.4300 -183588.0000 59643.4900
v -26086.0200 -183588.0000 59643.4900
v -26086.1500 -183588.0000 59643.4900
v -26085.7400 -183588.1000 59643.4900
v -26085.8800 -183588.1000 59643.4900
v -26085.4700 -183588.1000 59643.4900
v -26085.6100 -183588.1000 59643.4900
v -26085.1900 -183588.1000 59643.4900
v -26085.3300 -183588.1000 59643.4900
v -26084.9200 -183588.1000 59643.4900
v -26085.0500 -183588.1000 59643.4900
v -26084.6400 -183588.1000 59643.4900
v -26084.7800 -183588.1000 59643.4900
v -26084.3700 -183588.1000 59643.4900
v -26084.5000 -183588.1000 59643.4900
v -26084.0900 -183588.1000 59643.4900
v -26084.2300 -183588.1000 59643.4900
v -26083.8200 -183588.1000 59643.4900
v -26083.9500 -183588.1000 59643.4900
v -26083.5400 -183588.1000 59643.4900
v -26083.6800 -183588.1000 59643.4900
v -26083.2700 -183588.0000 59643.4900
v -26083.4000 -183588.1000 59643.4900
v -26082.9900 -183588.0000 59643.4900
v -26083.1300 -183588.0000 59643.4900
v -26082.7200 -183588.0000 59643.4900
v -26082.8500 -183588.0000 59643.4900
v -26082.4500 -183588.0000 59643.4900
v -26082.5800 -183588.0000 59643.4900
v -26082.1700 -183587.9000 59643.4900
v -26082.3100 -183587.9000 59643.4900
v -26081.9000 -183587.9000 59643.4900
v -26082.0400 -183587.9000 59643.4900
v -26081.6300 -183587.8000 59643.4900
v -26081.7600 -183587.8000 59643.4900
v -26081.3600 -183587.8000 59643.4900
v -26081.4900 -183587.8000 59643.4900
v -26081.0900 -183587.7000 59643.4900
v -26081.2200 -183587.7000 59643.4900
v -26080.8200 -183587.6000 59643.4900
v -26080.9600 -183587.7000 59643.4900
v -26080.5600 -183587.6000 59643.4900
v -26080.6900 -183587.6000 59643.4900
v -26080.2900 -183587.5000 59643.4900
v -26080.4200 -183587.5000 59643.4900
v -26080.0300 -183587.4000 59643.4900
v -26080.1600 -183587.5000 59643.4900
v -26079.7600 -183587.3000 59643.4900
v -26079.8900 -183587.4000 59643.4900
v -26079.5000 -183587.2000 59643.4900
v -26079.6300 -183587.3000 59643.4900
v -26079.2400 -183587.2000 59643.4900
v -26079.3700 -183587.2000 59643.4900
v -26078.9800 -183587.1000 59643.4900
v -26079.1100 -183587.1000 59643.4900
v -26078.7300 -183587.0000 59643.4900
v -26078.8600 -183587.0000 59643.4900
v -26078.4700 -183586.9000 59643.4900
v -26078.6000 -183586.9000 59643.4900
v -26078.2200 -183586.8000 59643.4900
v -26078.3500 -183586.8000 59643.4900
v -26077.9700 -183586.6000 59643.4900
v -26078.0900 -183586.7000 59643.4900
v -26077.7200 -183586.5000 59643.4900
v -26077.8400 -183586.6000 59643.4900
v -26077.4700 -183586.4000 59643.4900
v -26077.6000 -183586.5000 59643.4900
v -26077.2300 -183586.3000 59643.4900
v -26077.3500 -183586.3000 59643.4900
v -26076.9900 -183586.1000 59643.4900
v -26077.1100 -183586.2000 59643.4900
v -26076.7500 -183586.0000 59643.4900
v -26076.8700 -183586.1000 59643.4900
v -26076.5100 -183585.9000 59643.4900
v -26076.6300 -183585.9000 59643.4900
v -26076.2800 -183585.7000 59643.4900
v -26076.3900 -183585.8000 59643.4900
v -26076.0400 -183585.6000 59643.4900
v -26076.1600 -183585.6000 59643.4900
v -26075.8100 -183585.4000 59643.4900
v -26075.9300 -183585.5000 59643.4900
v -26075.5900 -183585.2000 59643.4900
v -26075.7000 -183585.3000 59643.4900
v -26075.3600 -183585.1000 59643.4900
v -26075.4700 -183585.2000 59643.4900
v -26075.1400 -183584.9000 59643.4900
v -26075.2500 -183585.0000 59643.4900
v -26074.9200 -183584.8000 59643.4900
v -26075.0300 -183584.8000 59643.4900
v -26074.7100 -183584.6000 59643.4900
v -26074.8100 -183584.7000 59643.4900
v -26074.4900 -183584.4000 59643.4900
v -26074.6000 -183584.5000 59643.4900
v -26074.2800 -183584.2000 59643.4900
v -26074.3900 -183584.3000 59643.4900
v -26074.0800 -183584.1000 59643.4900
v -26074.1800 -183584.1000 59643.4900
v -26073.8800 -183583.9000 59643.4900
v -26073.9700 -183584.0000 59643.4900
v -26073.6700 -183583.7000 59643.4900
v -26073.7700 -183583.8000 59643.4900
v -26073.4800 -183583.5000 59643.4900
v -26073.5800 -183583.6000 59643.4900
v -26073.2900 -183583.3000 59643.4900
v -26073.3800 -183583.4000 59643.4900
v -26073.1000 -183583.1000 59643.4900
v -26073.1900 -183583.2000 59643.4900
v -26072.9100 -183582.9000 59643.4900
v -26073.0000 -183583.0000 59643.4900
v -26072.7300 -183582.7000 59643.4900
v -26072.8200 -183582.8000 59643.4900
v -26072.5500 -183582.5000 59643.4900
v -26072.6400 -183582.6000 59643.4900
v -26072.3700 -183582.3000 59643.4900
v -26072.4600 -183582.4000 59643.4900
v -26072.2000 -183582.0000 59643.4900
v -26072.2900 -183582.2000 59643.4900
v -26072.0300 -183581.8000 59643.4900
v -26072.1200 -183581.9000 59643.4900
v -26071.8700 -183581.6000 59643.4900
v -26071.9500 -183581.7000 59643.4900
v -26071.7100 -183581.4000 59643.4900
v -26071.7900 -183581.5000 59643.4900
v -26071.5500 -183581.2000 59643.4900
v -26071.6300 -183581.3000 59643.4900
v -26071.4000 -183580.9000 59643.4900
v -26071.4800 -183581.0000 59643.4900
v -26071.2500 -183580.7000 59643.4900
v -26071.3300 -183580.8000 59643.4900
v -26071.1100 -183580.5000 59643.4900
v -26071.1800 -183580.6000 59643.4900
v -26070.9700 -183580.2000 59643.4900
v -26071.0400 -183580.3000 59643.4900
v -26070.8300 -183580.0000 59643.4900
v -26070.9000 -183580.1000 59643.4900
v -26070.7000 -183579.7000 59643.4900
v -26070.7700 -183579.9000 59643.4900
v -26070.5700 -183579.5000 59643.4900
v -26070.6400 -183579.6000 59643.4900
v -26070.4500 -183579.2000 59643.4900
v -26070.5100 -183579.4000 59643.4900
v -26070.3300 -183579.0000 59643.4900
v -26070.3900 -183579.1000 59643.4900
v -26070.2200 -183578.8000 59643.4900
v -26070.2800 -183578.9000 59643.4900
v -26070.1100 -183578.5000 59643.4900
v -26070.1600 -183578.6000 59643.4900
v -26070.0000 -183578.2000 59643.4900
v -26070.0600 -183578.4000 59643.4900
v -26069.9000 -183578.0000 59643.4900
v -26069.9500 -183578.1000 59643.4900
v -26069.8100 -183577.7000 59643.4900
v -26069.8500 -183577.8000 59643.4900
v -26069.7100 -183577.5000 59643.4900
v -26069.7600 -183577.6000 59643.4900
v -26069.6300 -183577.2000 59643.4900
v -26069.6700 -183577.3000 59643.4900
v -26069.5400 -183576.9000 59643.4900
v -26069.5800 -183577.1000 59643.4900
v -26069.4600 -183576.7000 59643.4900
v -26069.5000 -183576.8000 59643.4900
v -26069.3900 -183576.4000 59643.4900
v -26069.4300 -183576.5000 59643.4900
v -26069.3200 -183576.1000 59643.4900
v -26069.3600 -183576.3000 59643.4900
v -26069.2600 -183575.9000 59643.4900
v -26069.2900 -183576.0000 59643.4900
v -26069.2000 -183575.6000 59643.4900
v -26069.2300 -183575.7000 59643.4900
v -26069.1400 -183575.3000 59643.4900
v -26069.1700 -183575.5000 59643.4900
v -26069.0500 -183574.8000 59643.4900
v -26069.1000 -183575.1000 59643.4900
v -26068.9700 -183574.2000 59643.4900
v -26069.0100 -183574.5000 59643.4900
v -26068.9100 -183573.7000 59643.4900
v -26068.9400 -183574.0000 59643.4900
v -26068.8800 -183573.2000 59643.4900
v -26068.8900 -183573.4000 59643.4900
v -26068.8600 -183572.6000 59643.4900
v -26068.8700 -183572.9000 59643.4900
v -26068.8600 -183572.0000 59643.4900
v -26068.8600 -183572.3000 59643.4900
v -26068.8800 -183571.5000 59643.4900
v -26068.8700 -183571.8000 59643.4900
v -26068.9100 -183571.0000 59643.4900
v -26068.9000 -183571.2000 59643.4900
v -26068.9700 -183570.4000 59643.4900
v -26068.9400 -183570.7000 59643.4900
v -26069.0500 -183569.9000 59643.4900
v -26069.0100 -183570.1000 59643.4900
v -26069.1400 -183569.3000 59643.4900
v -26069.1000 -183569.6000 59643.4900
v -26069.2000 -183569.0000 59643.4900
v -26069.1700 -183569.2000 59643.4900
v -26069.2600 -183568.8000 59643.4900
v -26069.2300 -183568.9000 59643.4900
v -26069.3200 -183568.5000 59643.4900
v -26069.2900 -183568.6000 59643.4900
v -26069.3900 -183568.2000 59643.4900
v -26069.3600 -183568.4000 59643.4900
v -26069.4600 -183568.0000 59643.4900
v -26069.4300 -183568.1000 59643.4900
v -26069.5400 -183567.7000 59643.4900
v -26069.5100 -183567.8000 59643.4900
v -26069.6300 -183567.4000 59643.4900
v -26069.5900 -183567.6000 59643.4900
v -26069.7100 -183567.2000 59643.4900
v -26069.6700 -183567.3000 59643.4900
v -26069.8100 -183566.9000 59643.4900
v -26069.7600 -183567.0000 59643.4900
v -26069.9000 -183566.7000 59643.4900
v -26069.8600 -183566.8000 59643.4900
v -26070.0000 -183566.4000 59643.4900
v -26069.9500 -183566.5000 59643.4900
v -26070.1100 -183566.2000 59643.4900
v -26070.0600 -183566.3000 59643.4900
v -26070.2200 -183565.9000 59643.4900
v -26070.1600 -183566.0000 59643.4900
v -26070.3300 -183565.7000 59643.4900
v -26070.2800 -183565.8000 59643.4900
v -26070.4500 -183565.4000 59643.4900
v -26070.3900 -183565.5000 59643.4900
v -26070.5700 -183565.2000 59643.4900
v -26070.5100 -183565.3000 59643.4900
v -26070.7000 -183564.9000 59643.4900
v -26070.6400 -183565.0000 59643.4900
v -26070.8300 -183564.7000 59643.4900
v -26070.7700 -183564.8000 59643.4900
v -26070.9700 -183564.4000 59643.4900
v -26070.9000 -183564.5000 59643.4900
v -26071.1100 -183564.2000 59643.4900
v -26071.0400 -183564.3000 59643.4900
v -26071.2500 -183564.0000 59643.4900
v -26071.1800 -183564.1000 59643.4900
v -26071.4000 -183563.7000 59643.4900
v -26071.3300 -183563.8000 59643.4900
v -26071.5500 -183563.5000 59643.4900
v -26071.4800 -183563.6000 59643.4900
v -26071.7100 -183563.3000 59643.4900
v -26071.6300 -183563.4000 59643.4900
v -26071.8700 -183563.0000 59643.4900
v -26071.7900 -183563.2000 59643.4900
v -26072.0300 -183562.8000 59643.4900
v -26071.9500 -183562.9000 59643.4900
v -26072.2000 -183562.6000 59643.4900
v -26072.1200 -183562.7000 59643.4900
v -26072.3700 -183562.4000 59643.4900
v -26072.2900 -183562.5000 59643.4900
v -26072.5500 -183562.2000 59643.4900
v -26072.4600 -183562.3000 59643.4900
v -26072.7300 -183562.0000 59643.4900
v -26072.6400 -183562.1000 59643.4900
v -26072.9100 -183561.8000 59643.4900
v -26072.8200 -183561.9000 59643.4900
v -26073.1000 -183561.5000 59643.4900
v -26073.0000 -183561.7000 59643.4900
v -26073.2900 -183561.4000 59643.4900
v -26073.1900 -183561.5000 59643.4900
v -26073.4800 -183561.2000 59643.4900
v -26073.3800 -183561.2000 59643.4900
v -26073.6700 -183561.0000 59643.4900
v -26073.5800 -183561.1000 59643.4900
v -26073.8800 -183560.8000 59643.4900
v -26073.7800 -183560.9000 59643.4900
v -26074.0800 -183560.6000 59643.4900
v -26073.9800 -183560.7000 59643.4900
v -26074.2800 -183560.4000 59643.4900
v -26074.1800 -183560.5000 59643.4900
v -26074.4900 -183560.2000 59643.4900
v -26074.3900 -183560.3000 59643.4900
v -26074.7100 -183560.0000 59643.4900
v -26074.6000 -183560.1000 59643.4900
v -26074.9200 -183559.9000 59643.4900
v -26074.8200 -183560.0000 59643.4900
v -26075.1400 -183559.7000 59643.4900
v -26075.0300 -183559.8000 59643.4900
v -26075.3600 -183559.5000 59643.4900
v -26075.2500 -183559.6000 59643.4900
v -26075.5900 -183559.4000 59643.4900
v -26075.4800 -183559.5000 59643.4900
v -26075.8100 -183559.2000 59643.4900
v -26075.7000 -183559.3000 59643.4900
v -26076.0400 -183559.1000 59643.4900
v -26075.9300 -183559.2000 59643.4900
v -26076.2800 -183558.9000 59643.4900
v -26076.1600 -183559.0000 59643.4900
v -26076.5100 -183558.8000 59643.4900
v -26076.3900 -183558.9000 59643.4900
v -26076.7500 -183558.7000 59643.4900
v -26076.6300 -183558.7000 59643.4900
v -26076.9900 -183558.5000 59643.4900
v -26076.8700 -183558.6000 59643.4900
v -26077.2300 -183558.4000 59643.4900
v -26077.1100 -183558.5000 59643.4900
v -26077.4700 -183558.2000 59643.4900
v -26077.3500 -183558.3000 59643.4900
v -26077.7200 -183558.1000 59643.4900
v -26077.6000 -183558.2000 59643.4900
v -26077.9700 -183558.0000 59643.4900
v -26077.8500 -183558.1000 59643.4900
v -26078.2200 -183557.9000 59643.4900
v -26078.1000 -183558.0000 59643.4900
v -26078.4700 -183557.8000 59643.4900
v -26078.3500 -183557.8000 59643.4900
v -26078.7300 -183557.7000 59643.4900
v -26078.6000 -183557.7000 59643.4900
v -26078.9800 -183557.6000 59643.4900
v -26078.8600 -183557.6000 59643.4900
v -26079.2400 -183557.5000 59643.4900
v -26079.1200 -183557.5000 59643.4900
v -26079.5000 -183557.4000 59643.4900
v -26079.3800 -183557.4000 59643.4900
v -26079.7600 -183557.3000 59643.4900
v -26079.6300 -183557.3000 59643.4900
v -26080.0300 -183557.2000 59643.4900
v -26079.9000 -183557.3000 59643.4900
v -26080.2900 -183557.1000 59643.4900
v -26080.1600 -183557.2000 59643.4900
v -26080.5600 -183557.1000 59643.4900
v -26080.4300 -183557.1000 59643.4900
v -26080.8200 -183557.0000 59643.4900
v -26080.6900 -183557.0000 59643.4900
v -26081.0900 -183556.9000 59643.4900
v -26080.9600 -183557.0000 59643.4900
v -26081.3600 -183556.9000 59643.4900
v -26081.2300 -183556.9000 59643.4900
v -26081.6300 -183556.8000 59643.4900
v -26081.5000 -183556.8000 59643.4900
v -26081.9000 -183556.8000 59643.4900
v -26081.7700 -183556.8000 59643.4900
v -26082.1700 -183556.7000 59643.4900
v -26082.0400 -183556.8000 59643.4900
v -26082.4500 -183556.7000 59643.4900
v -26082.3100 -183556.7000 59643.4900
v -26082.7200 -183556.7000 59643.4900
v -26082.5800 -183556.7000 59643.4900
v -26082.9900 -183556.6000 59643.4900
v -26082.8600 -183556.6000 59643.4900
v -26083.2700 -183556.6000 59643.4900
v -26083.1300 -183556.6000 59643.4900
v -26083.5400 -183556.6000 59643.4900
v -26083.4100 -183556.6000 59643.4900
v -26083.8200 -183556.6000 59643.4900
v -26083.6800 -183556.6000 59643.4900
v -26084.0900 -183556.5000 59643.4900
v -26083.9600 -183556.5000 59643.4900
v -26084.3700 -183556.5000 59643.4900
v -26084.2300 -183556.5000 59643.4900
v -26084.6400 -183556.5000 59643.4900
v -26084.5100 -183556.5000 59643.4900
v -26084.9200 -183556.5000 59643.4900
v -26084.7800 -183556.5000 59643.4900
v -26085.1900 -183556.5000 59643.4900
v -26085.0600 -183556.5000 59643.4900
v -26085.4700 -183556.6000 59643.4900
v -26085.3300 -183556.5000 59643.4900
v -26085.7400 -183556.6000 59643.4900
v -26085.6100 -183556.6000 59643.4900
v -26086.0200 -183556.6000 59643.4900
v -26085.8800 -183556.6000 59643.4900
v -26086.2900 -183556.6000 59643.4900
v -26086.1600 -183556.6000 59643.4900
v -26086.5700 -183556.7000 59643.4900
v -26086.4300 -183556.6000 59643.4900
v -26086.8400 -183556.7000 59643.4900
v -26086.7100 -183556.7000 59643.4900
v -26087.1100 -183556.7000 59643.4900
v -26086.9800 -183556.7000 59643.4900
v -26087.3800 -183556.8000 59643.4900
v -26087.2500 -183556.8000 59643.4900
v -26087.6600 -183556.8000 59643.4900
v -26087.5200 -183556.8000 59643.4900
v -26087.9300 -183556.9000 59643.4900
v -26087.7900 -183556.9000 59643.4900
v -26088.2000 -183556.9000 59643.4900
v -26088.0600 -183556.9000 59643.4900
v -26088.4600 -183557.0000 59643.4900
v -26088.3300 -183557.0000 59643.4900
v -26088.7300 -183557.1000 59643.4900
v -26088.6000 -183557.0000 59643.4900
v -26088.9900 -183557.1000 59643.4900
v -26088.8600 -183557.1000 59643.4900
v -26089.2600 -183557.2000 59643.4900
v -26089.1300 -183557.2000 59643.4900
v -26089.5200 -183557.3000 59643.4900
v -26089.3900 -183557.3000 59643.4900
v -26089.7800 -183557.4000 59643.4900
v -26089.6500 -183557.3000 59643.4900
v -26090.0400 -183557.5000 59643.4900
v -26089.9100 -183557.4000 59643.4900
v -26090.3000 -183557.6000 59643.4900
v -26090.1700 -183557.5000 59643.4900
v -26090.5600 -183557.7000 59643.4900
v -26090.4300 -183557.6000 59643.4900
v -26090.8100 -183557.8000 59643.4900
v -26090.6900 -183557.7000 59643.4900
v -26091.0600 -183557.9000 59643.4900
v -26090.9400 -183557.8000 59643.4900
v -26091.3200 -183558.0000 59643.4900
v -26091.1900 -183558.0000 59643.4900
v -26091.5600 -183558.1000 59643.4900
v -26091.4400 -183558.1000 59643.4900
v -26091.8100 -183558.2000 59643.4900
v -26091.6900 -183558.2000 59643.4900
v -26092.0500 -183558.4000 59643.4900
v -26091.9300 -183558.3000 59643.4900
v -26092.3000 -183558.5000 59643.4900
v -26092.1800 -183558.5000 59643.4900
v -26092.5400 -183558.7000 59643.4900
v -26092.4200 -183558.6000 59643.4900
v -26092.7800 -183558.8000 59643.4900
v -26092.6600 -183558.7000 59643.4900
v -26093.0100 -183558.9000 59643.4900
v -26092.8900 -183558.9000 59643.4900
v -26093.2400 -183559.1000 59643.4900
v -26093.1300 -183559.0000 59643.4900
v -26093.4700 -183559.2000 59643.4900
v -26093.3600 -183559.2000 59643.4900
v -26093.7000 -183559.4000 59643.4900
v -26093.5900 -183559.3000 59643.4900
v -26093.9200 -183559.5000 59643.4900
v -26093.8100 -183559.5000 59643.4900
v -26094.1400 -183559.7000 59643.4900
v -26094.0400 -183559.6000 59643.4900
v -26094.3600 -183559.9000 59643.4900
v -26094.2600 -183559.8000 59643.4900
v -26094.5800 -183560.0000 59643.4900
v -26094.4700 -183560.0000 59643.4900
v -26094.7900 -183560.2000 59643.4900
v -26094.6900 -183560.1000 59643.4900
v -26095.0000 -183560.4000 59643.4900
v -26094.9000 -183560.3000 59643.4900
v -26095.2100 -183560.6000 59643.4900
v -26095.1100 -183560.5000 59643.4900
v -26095.4100 -183560.8000 59643.4900
v -26095.3100 -183560.7000 59643.4900
v -26095.6100 -183561.0000 59643.4900
v -26095.5100 -183560.9000 59643.4900
v -26095.8100 -183561.2000 59643.4900
v -26095.7100 -183561.1000 59643.4900
v -26096.0000 -183561.4000 59643.4900
v -26095.9000 -183561.3000 59643.4900
v -26096.1900 -183561.5000 59643.4900
v -26096.1000 -183561.5000 59643.4900
v -26096.3800 -183561.8000 59643.4900
v -26096.2800 -183561.7000 59643.4900
v -26096.5600 -183562.0000 59643.4900
v -26096.4700 -183561.9000 59643.4900
v -26096.7400 -183562.2000 59643.4900
v -26096.6500 -183562.1000 59643.4900
v -26096.9100 -183562.4000 59643.4900
v -26096.8300 -183562.3000 59643.4900
v -26097.0800 -183562.6000 59643.4900
v -26097.0000 -183562.5000 59643.4900
v -26097.2500 -183562.8000 59643.4900
v -26097.1700 -183562.7000 59643.4900
v -26097.4200 -183563.0000 59643.4900
v -26097.3400 -183562.9000 59643.4900
v -26097.5800 -183563.3000 59643.4900
v -26097.5000 -183563.2000 59643.4900
v -26097.7300 -183563.5000 59643.4900
v -26097.6500 -183563.4000 59643.4900
v -26097.8800 -183563.7000 59643.4900
v -26097.8100 -183563.6000 59643.4900
v -26098.0300 -183564.0000 59643.4900
v -26097.9600 -183563.8000 59643.4900
v -26098.1800 -183564.2000 59643.4900
v -26098.1100 -183564.1000 59643.4900
v -26098.3200 -183564.4000 59643.4900
v -26098.2500 -183564.3000 59643.4900
v -26098.4500 -183564.7000 59643.4900
v -26098.3800 -183564.5000 59643.4900
v -26098.5800 -183564.9000 59643.4900
v -26098.5200 -183564.8000 59643.4900
v -26098.7100 -183565.2000 59643.4900
v -26098.6500 -183565.0000 59643.4900
v -26098.8300 -183565.4000 59643.4900
v -26098.7700 -183565.3000 59643.4900
v -26098.9500 -183565.7000 59643.4900
v -26098.8900 -183565.5000 59643.4900
v -26099.0700 -183565.9000 59643.4900
v -26099.0100 -183565.8000 59643.4900
v -26099.1800 -183566.2000 59643.4900
v -26099.1200 -183566.0000 59643.4900
v -26099.2800 -183566.4000 59643.4900
v -26099.2300 -183566.3000 59643.4900
v -26099.3800 -183566.7000 59643.4900
v -26099.3300 -183566.5000 59643.4900
v -26099.4800 -183566.9000 59643.4900
v -26099.4300 -183566.8000 59643.4900
v -26099.5700 -183567.2000 59643.4900
v -26099.5300 -183567.0000 59643.4900
v -26099.6600 -183567.4000 59643.4900
v -26099.6200 -183567.3000 59643.4900
v -26099.7400 -183567.7000 59643.4900
v -26099.7000 -183567.6000 59643.4900
v -26099.8200 -183568.0000 59643.4900
v -26099.7800 -183567.8000 59643.4900
v -26099.8900 -183568.2000 59643.4900
v -26099.8600 -183568.1000 59643.4900
v -26099.9600 -183568.5000 59643.4900
v -26099.9300 -183568.4000 59643.4900
v -26100.0300 -183568.8000 59643.4900
v -26099.9900 -183568.6000 59643.4900
v -26100.0900 -183569.0000 59643.4900
v -26100.0600 -183568.9000 59643.4900
v -26100.1400 -183569.3000 59643.4900
v -26100.1100 -183569.2000 59643.4900
v -26100.2400 -183569.9000 59643.4900
v -26100.1900 -183569.6000 59643.4900
v -26100.3100 -183570.4000 59643.4900
v -26100.2800 -183570.1000 59643.4900
v -26100.3700 -183571.0000 59643.4900
v -26100.3400 -183570.7000 59643.4900
v -26100.4100 -183571.5000 59643.4900
v -26100.3900 -183571.2000 59643.4900
v -26100.4300 -183572.0000 59643.4900
v -26100.4200 -183571.8000 59643.4900
v -26100.4300 -183572.3000 59591.0500
v -26095.8100 -183583.5000 59591.0500
v -26084.6400 -183588.1000 59591.0500
v -26073.4800 -183583.5000 59591.0500
v -26068.8500 -183572.3000 59536.9100
v -26068.8500 -183572.3000 59643.4900
v -26068.8500 -183572.3000 59591.0500
v -26073.4800 -183561.2000 59591.0500
v -26084.6400 -183556.5000 59591.0500
v -26095.8100 -183561.2000 59591.0500
v -26100.4300 -182092.1000 59536.9100
v -26100.4200 -182092.7000 59536.9100
v -26100.4300 -182092.4000 59536.9100
v -26100.3900 -182093.2000 59536.9100
v -26100.4100 -182093.0000 59536.9100
v -26100.3500 -182093.8000 59536.9100
v -26100.3700 -182093.5000 59536.9100
v -26100.2800 -182094.3000 59536.9100
v -26100.3100 -182094.1000 59536.9100
v -26100.1900 -182094.9000 59536.9100
v -26100.2300 -182094.6000 59536.9100
v -26100.0900 -182095.4000 59536.9100
v -26100.1400 -182095.2000 59536.9100
v -26100.0300 -182095.7000 59536.9100
v -26100.0600 -182095.6000 59536.9100
v -26099.9600 -182096.0000 59536.9100
v -26099.9900 -182095.8000 59536.9100
v -26099.8900 -182096.2000 59536.9100
v -26099.9300 -182096.1000 59536.9100
v -26099.8200 -182096.5000 59536.9100
v -26099.8600 -182096.4000 59536.9100
v -26099.7400 -182096.8000 59536.9100
v -26099.7800 -182096.6000 59536.9100
v -26099.6600 -182097.0000 59536.9100
v -26099.7000 -182096.9000 59536.9100
v -26099.5700 -182097.3000 59536.9100
v -26099.6200 -182097.2000 59536.9100
v -26099.4800 -182097.5000 59536.9100
v -26099.5300 -182097.4000 59536.9100
v -26099.3800 -182097.8000 59536.9100
v -26099.4300 -182097.7000 59536.9100
v -26099.2800 -182098.1000 59536.9100
v -26099.3300 -182097.9000 59536.9100
v -26099.1800 -182098.3000 59536.9100
v -26099.2300 -182098.2000 59536.9100
v -26099.0700 -182098.6000 59536.9100
v -26099.1200 -182098.4000 59536.9100
v -26098.9500 -182098.8000 59536.9100
v -26099.0100 -182098.7000 59536.9100
v -26098.8300 -182099.1000 59536.9100
v -26098.8900 -182098.9000 59536.9100
v -26098.7100 -182099.3000 59536.9100
v -26098.7700 -182099.2000 59536.9100
v -26098.5800 -182099.6000 59536.9100
v -26098.6500 -182099.4000 59536.9100
v -26098.4500 -182099.8000 59536.9100
v -26098.5200 -182099.7000 59536.9100
v -26098.3200 -182100.0000 59536.9100
v -26098.3800 -182099.9000 59536.9100
v -26098.1800 -182100.3000 59536.9100
v -26098.2500 -182100.2000 59536.9100
v -26098.0300 -182100.5000 59536.9100
v -26098.1000 -182100.4000 59536.9100
v -26097.8800 -182100.7000 59536.9100
v -26097.9600 -182100.6000 59536.9100
v -26097.7300 -182101.0000 59536.9100
v -26097.8100 -182100.9000 59536.9100
v -26097.5800 -182101.2000 59536.9100
v -26097.6500 -182101.1000 59536.9100
v -26097.4200 -182101.4000 59536.9100
v -26097.5000 -182101.3000 59536.9100
v -26097.2500 -182101.6000 59536.9100
v -26097.3300 -182101.5000 59536.9100
v -26097.0800 -182101.9000 59536.9100
v -26097.1700 -182101.8000 59536.9100
v -26096.9100 -182102.1000 59536.9100
v -26097.0000 -182102.0000 59536.9100
v -26096.7400 -182102.3000 59536.9100
v -26096.8200 -182102.2000 59536.9100
v -26096.5600 -182102.5000 59536.9100
v -26096.6500 -182102.4000 59536.9100
v -26096.3800 -182102.7000 59536.9100
v -26096.4700 -182102.6000 59536.9100
v -26096.1900 -182102.9000 59536.9100
v -26096.2800 -182102.8000 59536.9100
v -26096.0000 -182103.1000 59536.9100
v -26096.0900 -182103.0000 59536.9100
v -26095.8100 -182103.3000 59536.9100
v -26095.9000 -182103.2000 59536.9100
v -26095.6100 -182103.5000 59536.9100
v -26095.7100 -182103.4000 59536.9100
v -26095.4100 -182103.7000 59536.9100
v -26095.5100 -182103.6000 59536.9100
v -26095.2100 -182103.9000 59536.9100
v -26095.3100 -182103.8000 59536.9100
v -26095.0000 -182104.1000 59536.9100
v -26095.1000 -182104.0000 59536.9100
v -26094.7900 -182104.2000 59536.9100
v -26094.8900 -182104.2000 59536.9100
v -26094.5800 -182104.4000 59536.9100
v -26094.6800 -182104.3000 59536.9100
v -26094.3600 -182104.6000 59536.9100
v -26094.4700 -182104.5000 59536.9100
v -26094.1400 -182104.8000 59536.9100
v -26094.2500 -182104.7000 59536.9100
v -26093.9200 -182104.9000 59536.9100
v -26094.0300 -182104.8000 59536.9100
v -26093.7000 -182105.1000 59536.9100
v -26093.8100 -182105.0000 59536.9100
v -26093.4700 -182105.2000 59536.9100
v -26093.5800 -182105.2000 59536.9100
v -26093.2400 -182105.4000 59536.9100
v -26093.3600 -182105.3000 59536.9100
v -26093.0100 -182105.5000 59536.9100
v -26093.1200 -182105.5000 59536.9100
v -26092.7800 -182105.7000 59536.9100
v -26092.8900 -182105.6000 59536.9100
v -26092.5400 -182105.8000 59536.9100
v -26092.6500 -182105.8000 59536.9100
v -26092.3000 -182106.0000 59536.9100
v -26092.4200 -182105.9000 59536.9100
v -26092.0500 -182106.1000 59536.9100
v -26092.1700 -182106.0000 59536.9100
v -26091.8100 -182106.2000 59536.9100
v -26091.9300 -182106.1000 59536.9100
v -26091.5600 -182106.3000 59536.9100
v -26091.6900 -182106.3000 59536.9100
v -26091.3200 -182106.5000 59536.9100
v -26091.4400 -182106.4000 59536.9100
v -26091.0600 -182106.6000 59536.9100
v -26091.1900 -182106.5000 59536.9100
v -26090.8100 -182106.7000 59536.9100
v -26090.9400 -182106.6000 59536.9100
v -26090.5600 -182106.8000 59536.9100
v -26090.6800 -182106.7000 59536.9100
v -26090.3000 -182106.9000 59536.9100
v -26090.4300 -182106.8000 59536.9100
v -26090.0400 -182107.0000 59536.9100
v -26090.1700 -182106.9000 59536.9100
v -26089.7800 -182107.1000 59536.9100
v -26089.9100 -182107.0000 59536.9100
v -26089.5200 -182107.2000 59536.9100
v -26089.6500 -182107.1000 59536.9100
v -26089.2600 -182107.2000 59536.9100
v -26089.3900 -182107.2000 59536.9100
v -26088.9900 -182107.3000 59536.9100
v -26089.1200 -182107.3000 59536.9100
v -26088.7300 -182107.4000 59536.9100
v -26088.8600 -182107.4000 59536.9100
v -26088.4600 -182107.5000 59536.9100
v -26088.5900 -182107.4000 59536.9100
v -26088.2000 -182107.5000 59536.9100
v -26088.3300 -182107.5000 59536.9100
v -26087.9300 -182107.6000 59536.9100
v -26088.0600 -182107.6000 59536.9100
v -26087.6600 -182107.6000 59536.9100
v -26087.7900 -182107.6000 59536.9100
v -26087.3800 -182107.7000 59536.9100
v -26087.5200 -182107.7000 59536.9100
v -26087.1100 -182107.7000 59536.9100
v -26087.2500 -182107.7000 59536.9100
v -26086.8400 -182107.8000 59536.9100
v -26086.9700 -182107.8000 59536.9100
v -26086.5700 -182107.8000 59536.9100
v -26086.7000 -182107.8000 59536.9100
v -26086.2900 -182107.8000 59536.9100
v -26086.4300 -182107.8000 59536.9100
v -26086.0200 -182107.9000 59536.9100
v -26086.1500 -182107.9000 59536.9100
v -26085.7400 -182107.9000 59536.9100
v -26085.8800 -182107.9000 59536.9100
v -26085.4700 -182107.9000 59536.9100
v -26085.6100 -182107.9000 59536.9100
v -26085.1900 -182107.9000 59536.9100
v -26085.3300 -182107.9000 59536.9100
v -26084.9200 -182107.9000 59536.9100
v -26085.0500 -182107.9000 59536.9100
v -26084.6400 -182107.9000 59536.9100
v -26084.7800 -182107.9000 59536.9100
v -26084.3700 -182107.9000 59536.9100
v -26084.5000 -182107.9000 59536.9100
v -26084.0900 -182107.9000 59536.9100
v -26084.2300 -182107.9000 59536.9100
v -26083.8200 -182107.9000 59536.9100
v -26083.9500 -182107.9000 59536.9100
v -26083.5400 -182107.9000 59536.9100
v -26083.6800 -182107.9000 59536.9100
v -26083.2700 -182107.9000 59536.9100
v -26083.4000 -182107.9000 59536.9100
v -26082.9900 -182107.8000 59536.9100
v -26083.1300 -182107.9000 59536.9100
v -26082.7200 -182107.8000 59536.9100
v -26082.8500 -182107.8000 59536.9100
v -26082.4500 -182107.8000 59536.9100
v -26082.5800 -182107.8000 59536.9100
v -26082.1700 -182107.7000 59536.9100
v -26082.3100 -182107.8000 59536.9100
v -26081.9000 -182107.7000 59536.9100
v -26082.0400 -182107.7000 59536.9100
v -26081.6300 -182107.6000 59536.9100
v -26081.7600 -182107.7000 59536.9100
v -26081.3600 -182107.6000 59536.9100
v -26081.4900 -182107.6000 59536.9100
v -26081.0900 -182107.5000 59536.9100
v -26081.2200 -182107.6000 59536.9100
v -26080.8200 -182107.5000 59536.9100
v -26080.9600 -182107.5000 59536.9100
v -26080.5600 -182107.4000 59536.9100
v -26080.6900 -182107.4000 59536.9100
v -26080.2900 -182107.3000 59536.9100
v -26080.4200 -182107.4000 59536.9100
v -26080.0300 -182107.2000 59536.9100
v -26080.1600 -182107.3000 59536.9100
v -26079.7600 -182107.2000 59536.9100
v -26079.8900 -182107.2000 59536.9100
v -26079.5000 -182107.1000 59536.9100
v -26079.6300 -182107.1000 59536.9100
v -26079.2400 -182107.0000 59536.9100
v -26079.3700 -182107.0000 59536.9100
v -26078.9800 -182106.9000 59536.9100
v -26079.1100 -182106.9000 59536.9100
v -26078.7300 -182106.8000 59536.9100
v -26078.8600 -182106.8000 59536.9100
v -26078.4700 -182106.7000 59536.9100
v -26078.6000 -182106.7000 59536.9100
v -26078.2200 -182106.6000 59536.9100
v -26078.3500 -182106.6000 59536.9100
v -26077.9700 -182106.5000 59536.9100
v -26078.0900 -182106.5000 59536.9100
v -26077.7200 -182106.3000 59536.9100
v -26077.8400 -182106.4000 59536.9100
v -26077.4700 -182106.2000 59536.9100
v -26077.6000 -182106.3000 59536.9100
v -26077.2300 -182106.1000 59536.9100
v -26077.3500 -182106.1000 59536.9100
v -26076.9900 -182106.0000 59536.9100
v -26077.1100 -182106.0000 59536.9100
v -26076.7500 -182105.8000 59536.9100
v -26076.8700 -182105.9000 59536.9100
v -26076.5100 -182105.7000 59536.9100
v -26076.6300 -182105.8000 59536.9100
v -26076.2800 -182105.5000 59536.9100
v -26076.3900 -182105.6000 59536.9100
v -26076.0400 -182105.4000 59536.9100
v -26076.1600 -182105.5000 59536.9100
v -26075.8100 -182105.2000 59536.9100
v -26075.9300 -182105.3000 59536.9100
v -26075.5900 -182105.1000 59536.9100
v -26075.7000 -182105.2000 59536.9100
v -26075.3600 -182104.9000 59536.9100
v -26075.4700 -182105.0000 59536.9100
v -26075.1400 -182104.8000 59536.9100
v -26075.2500 -182104.8000 59536.9100
v -26074.9200 -182104.6000 59536.9100
v -26075.0300 -182104.7000 59536.9100
v -26074.7100 -182104.4000 59536.9100
v -26074.8100 -182104.5000 59536.9100
v -26074.4900 -182104.2000 59536.9100
v -26074.6000 -182104.3000 59536.9100
v -26074.2800 -182104.1000 59536.9100
v -26074.3900 -182104.1000 59536.9100
v -26074.0800 -182103.9000 59536.9100
v -26074.1800 -182104.0000 59536.9100
v -26073.8800 -182103.7000 59536.9100
v -26073.9700 -182103.8000 59536.9100
v -26073.6700 -182103.5000 59536.9100
v -26073.7700 -182103.6000 59536.9100
v -26073.4800 -182103.3000 59536.9100
v -26073.5800 -182103.4000 59536.9100
v -26073.2900 -182103.1000 59536.9100
v -26073.3800 -182103.2000 59536.9100
v -26073.1000 -182102.9000 59536.9100
v -26073.1900 -182103.0000 59536.9100
v -26072.9100 -182102.7000 59536.9100
v -26073.0000 -182102.8000 59536.9100
v -26072.7300 -182102.5000 59536.9100
v -26072.8200 -182102.6000 59536.9100
v -26072.5500 -182102.3000 59536.9100
v -26072.6400 -182102.4000 59536.9100
v -26072.3700 -182102.1000 59536.9100
v -26072.4600 -182102.2000 59536.9100
v -26072.2000 -182101.9000 59536.9100
v -26072.2900 -182102.0000 59536.9100
v -26072.0300 -182101.6000 59536.9100
v -26072.1200 -182101.8000 59536.9100
v -26071.8700 -182101.4000 59536.9100
v -26071.9500 -182101.5000 59536.9100
v -26071.7100 -182101.2000 59536.9100
v -26071.7900 -182101.3000 59536.9100
v -26071.5500 -182101.0000 59536.9100
v -26071.6300 -182101.1000 59536.9100
v -26071.4000 -182100.7000 59536.9100
v -26071.4800 -182100.9000 59536.9100
v -26071.2500 -182100.5000 59536.9100
v -26071.3300 -182100.6000 59536.9100
v -26071.1100 -182100.3000 59536.9100
v -26071.1800 -182100.4000 59536.9100
v -26070.9700 -182100.0000 59536.9100
v -26071.0400 -182100.2000 59536.9100
v -26070.8300 -182099.8000 59536.9100
v -26070.9000 -182099.9000 59536.9100
v -26070.7000 -182099.6000 59536.9100
v -26070.7700 -182099.7000 59536.9100
v -26070.5700 -182099.3000 59536.9100
v -26070.6400 -182099.4000 59536.9100
v -26070.4500 -182099.1000 59536.9100
v -26070.5100 -182099.2000 59536.9100
v -26070.3300 -182098.8000 59536.9100
v -26070.3900 -182098.9000 59536.9100
v -26070.2200 -182098.6000 59536.9100
v -26070.2800 -182098.7000 59536.9100
v -26070.1100 -182098.3000 59536.9100
v -26070.1600 -182098.4000 59536.9100
v -26070.0000 -182098.1000 59536.9100
v -26070.0600 -182098.2000 59536.9100
v -26069.9000 -182097.8000 59536.9100
v -26069.9500 -182097.9000 59536.9100
v -26069.8100 -182097.5000 59536.9100
v -26069.8500 -182097.7000 59536.9100
v -26069.7100 -182097.3000 59536.9100
v -26069.7600 -182097.4000 59536.9100
v -26069.6300 -182097.0000 59536.9100
v -26069.6700 -182097.2000 59536.9100
v -26069.5400 -182096.8000 59536.9100
v -26069.5800 -182096.9000 59536.9100
v -26069.4600 -182096.5000 59536.9100
v -26069.5000 -182096.6000 59536.9100
v -26069.3900 -182096.2000 59536.9100
v -26069.4300 -182096.4000 59536.9100
v -26069.3200 -182096.0000 59536.9100
v -26069.3600 -182096.1000 59536.9100
v -26069.2600 -182095.7000 59536.9100
v -26069.2900 -182095.8000 59536.9100
v -26069.2000 -182095.4000 59536.9100
v -26069.2300 -182095.6000 59536.9100
v -26069.1400 -182095.2000 59536.9100
v -26069.1700 -182095.3000 59536.9100
v -26069.0500 -182094.6000 59536.9100
v -26069.1000 -182094.9000 59536.9100
v -26068.9700 -182094.1000 59536.9100
v -26069.0100 -182094.3000 59536.9100
v -26068.9100 -182093.5000 59536.9100
v -26068.9400 -182093.8000 59536.9100
v -26068.8800 -182093.0000 59536.9100
v -26068.8900 -182093.2000 59536.9100
v -26068.8600 -182092.4000 59536.9100
v -26068.8700 -182092.7000 59536.9100
v -26068.8600 -182091.9000 59536.9100
v -26068.8600 -182092.1000 59536.9100
v -26068.8800 -182091.3000 59536.9100
v -26068.8700 -182091.6000 59536.9100
v -26068.9100 -182090.8000 59536.9100
v -26068.9000 -182091.0000 59536.9100
v -26068.9700 -182090.2000 59536.9100
v -26068.9400 -182090.5000 59536.9100
v -26069.0500 -182089.7000 59536.9100
v -26069.0100 -182089.9000 59536.9100
v -26069.1400 -182089.1000 59536.9100
v -26069.1000 -182089.4000 59536.9100
v -26069.2000 -182088.9000 59536.9100
v -26069.1700 -182089.0000 59536.9100
v -26069.2600 -182088.6000 59536.9100
v -26069.2300 -182088.7000 59536.9100
v -26069.3200 -182088.3000 59536.9100
v -26069.2900 -182088.5000 59536.9100
v -26069.3900 -182088.1000 59536.9100
v -26069.3600 -182088.2000 59536.9100
v -26069.4600 -182087.8000 59536.9100
v -26069.4300 -182087.9000 59536.9100
v -26069.5400 -182087.5000 59536.9100
v -26069.5100 -182087.7000 59536.9100
v -26069.6300 -182087.3000 59536.9100
v -26069.5900 -182087.4000 59536.9100
v -26069.7100 -182087.0000 59536.9100
v -26069.6700 -182087.1000 59536.9100
v -26069.8100 -182086.8000 59536.9100
v -26069.7600 -182086.9000 59536.9100
v -26069.9000 -182086.5000 59536.9100
v -26069.8600 -182086.6000 59536.9100
v -26070.0000 -182086.2000 59536.9100
v -26069.9500 -182086.4000 59536.9100
v -26070.1100 -182086.0000 59536.9100
v -26070.0600 -182086.1000 59536.9100
v -26070.2200 -182085.7000 59536.9100
v -26070.1600 -182085.8000 59536.9100
v -26070.3300 -182085.5000 59536.9100
v -26070.2800 -182085.6000 59536.9100
v -26070.4500 -182085.2000 59536.9100
v -26070.3900 -182085.3000 59536.9100
v -26070.5700 -182085.0000 59536.9100
v -26070.5100 -182085.1000 59536.9100
v -26070.7000 -182084.7000 59536.9100
v -26070.6400 -182084.8000 59536.9100
v -26070.8300 -182084.5000 59536.9100
v -26070.7700 -182084.6000 59536.9100
v -26070.9700 -182084.2000 59536.9100
v -26070.9000 -182084.4000 59536.9100
v -26071.1100 -182084.0000 59536.9100
v -26071.0400 -182084.1000 59536.9100
v -26071.2500 -182083.8000 59536.9100
v -26071.1800 -182083.9000 59536.9100
v -26071.4000 -182083.5000 59536.9100
v -26071.3300 -182083.7000 59536.9100
v -26071.5500 -182083.3000 59536.9100
v -26071.4800 -182083.4000 59536.9100
v -26071.7100 -182083.1000 59536.9100
v -26071.6300 -182083.2000 59536.9100
v -26071.8700 -182082.9000 59536.9100
v -26071.7900 -182083.0000 59536.9100
v -26072.0300 -182082.6000 59536.9100
v -26071.9500 -182082.8000 59536.9100
v -26072.2000 -182082.4000 59536.9100
v -26072.1200 -182082.5000 59536.9100
v -26072.3700 -182082.2000 59536.9100
v -26072.2900 -182082.3000 59536.9100
v -26072.5500 -182082.0000 59536.9100
v -26072.4600 -182082.1000 59536.9100
v -26072.7300 -182081.8000 59536.9100
v -26072.6400 -182081.9000 59536.9100
v -26072.9100 -182081.6000 59536.9100
v -26072.8200 -182081.7000 59536.9100
v -26073.1000 -182081.4000 59536.9100
v -26073.0000 -182081.5000 59536.9100
v -26073.2900 -182081.2000 59536.9100
v -26073.1900 -182081.3000 59536.9100
v -26073.4800 -182081.0000 59536.9100
v -26073.3800 -182081.1000 59536.9100
v -26073.6700 -182080.8000 59536.9100
v -26073.5800 -182080.9000 59536.9100
v -26073.8800 -182080.6000 59536.9100
v -26073.7800 -182080.7000 59536.9100
v -26074.0800 -182080.4000 59536.9100
v -26073.9800 -182080.5000 59536.9100
v -26074.2800 -182080.2000 59536.9100
v -26074.1800 -182080.3000 59536.9100
v -26074.4900 -182080.0000 59536.9100
v -26074.3900 -182080.1000 59536.9100
v -26074.7100 -182079.9000 59536.9100
v -26074.6000 -182080.0000 59536.9100
v -26074.9200 -182079.7000 59536.9100
v -26074.8200 -182079.8000 59536.9100
v -26075.1400 -182079.5000 59536.9100
v -26075.0300 -182079.6000 59536.9100
v -26075.3600 -182079.4000 59536.9100
v -26075.2500 -182079.5000 59536.9100
v -26075.5900 -182079.2000 59536.9100
v -26075.4800 -182079.3000 59536.9100
v -26075.8100 -182079.0000 59536.9100
v -26075.7000 -182079.1000 59536.9100
v -26076.0400 -182078.9000 59536.9100
v -26075.9300 -182079.0000 59536.9100
v -26076.2800 -182078.8000 59536.9100
v -26076.1600 -182078.8000 59536.9100
v -26076.5100 -182078.6000 59536.9100
v -26076.3900 -182078.7000 59536.9100
v -26076.7500 -182078.5000 59536.9100
v -26076.6300 -182078.5000 59536.9100
v -26076.9900 -182078.3000 59536.9100
v -26076.8700 -182078.4000 59536.9100
v -26077.2300 -182078.2000 59536.9100
v -26077.1100 -182078.3000 59536.9100
v -26077.4700 -182078.1000 59536.9100
v -26077.3500 -182078.1000 59536.9100
v -26077.7200 -182078.0000 59536.9100
v -26077.6000 -182078.0000 59536.9100
v -26077.9700 -182077.8000 59536.9100
v -26077.8500 -182077.9000 59536.9100
v -26078.2200 -182077.7000 59536.9100
v -26078.1000 -182077.8000 59536.9100
v -26078.4700 -182077.6000 59536.9100
v -26078.3500 -182077.7000 59536.9100
v -26078.7300 -182077.5000 59536.9100
v -26078.6000 -182077.6000 59536.9100
v -26078.9800 -182077.4000 59536.9100
v -26078.8600 -182077.5000 59536.9100
v -26079.2400 -182077.3000 59536.9100
v -26079.1200 -182077.4000 59536.9100
v -26079.5000 -182077.2000 59536.9100
v -26079.3800 -182077.3000 59536.9100
v -26079.7600 -182077.1000 59536.9100
v -26079.6300 -182077.2000 59536.9100
v -26080.0300 -182077.0000 59536.9100
v -26079.9000 -182077.1000 59536.9100
v -26080.2900 -182077.0000 59536.9100
v -26080.1600 -182077.0000 59536.9100
v -26080.5600 -182076.9000 59536.9100
v -26080.4300 -182076.9000 59536.9100
v -26080.8200 -182076.8000 59536.9100
v -26080.6900 -182076.9000 59536.9100
v -26081.0900 -182076.8000 59536.9100
v -26080.9600 -182076.8000 59536.9100
v -26081.3600 -182076.7000 59536.9100
v -26081.2300 -182076.7000 59536.9100
v -26081.6300 -182076.6000 59536.9100
v -26081.5000 -182076.7000 59536.9100
v -26081.9000 -182076.6000 59536.9100
v -26081.7700 -182076.6000 59536.9100
v -26082.1700 -182076.5000 59536.9100
v -26082.0400 -182076.6000 59536.9100
v -26082.4500 -182076.5000 59536.9100
v -26082.3100 -182076.5000 59536.9100
v -26082.7200 -182076.5000 59536.9100
v -26082.5800 -182076.5000 59536.9100
v -26082.9900 -182076.4000 59536.9100
v -26082.8600 -182076.5000 59536.9100
v -26083.2700 -182076.4000 59536.9100
v -26083.1300 -182076.4000 59536.9100
v -26083.5400 -182076.4000 59536.9100
v -26083.4100 -182076.4000 59536.9100
v -26083.8200 -182076.4000 59536.9100
v -26083.6800 -182076.4000 59536.9100
v -26084.0900 -182076.4000 59536.9100
v -26083.9600 -182076.4000 59536.9100
v -26084.3700 -182076.4000 59536.9100
v -26084.2300 -182076.4000 59536.9100
v -26084.6400 -182076.4000 59536.9100
v -26084.5100 -182076.4000 59536.9100
v -26084.9200 -182076.4000 59536.9100
v -26084.7800 -182076.4000 59536.9100
v -26085.1900 -182076.4000 59536.9100
v -26085.0600 -182076.4000 59536.9100
v -26085.4700 -182076.4000 59536.9100
v -26085.3300 -182076.4000 59536.9100
v -26085.7400 -182076.4000 59536.9100
v -26085.6100 -182076.4000 59536.9100
v -26086.0200 -182076.4000 59536.9100
v -26085.8800 -182076.4000 59536.9100
v -26086.2900 -182076.4000 59536.9100
v -26086.1600 -182076.4000 59536.9100
v -26086.5700 -182076.5000 59536.9100
v -26086.4300 -182076.5000 59536.9100
v -26086.8400 -182076.5000 59536.9100
v -26086.7100 -182076.5000 59536.9100
v -26087.1100 -182076.5000 59536.9100
v -26086.9800 -182076.5000 59536.9100
v -26087.3800 -182076.6000 59536.9100
v -26087.2500 -182076.6000 59536.9100
v -26087.6600 -182076.6000 59536.9100
v -26087.5200 -182076.6000 59536.9100
v -26087.9300 -182076.7000 59536.9100
v -26087.7900 -182076.7000 59536.9100
v -26088.2000 -182076.8000 59536.9100
v -26088.0600 -182076.7000 59536.9100
v -26088.4600 -182076.8000 59536.9100
v -26088.3300 -182076.8000 59536.9100
v -26088.7300 -182076.9000 59536.9100
v -26088.6000 -182076.9000 59536.9100
v -26088.9900 -182077.0000 59536.9100
v -26088.8600 -182076.9000 59536.9100
v -26089.2600 -182077.0000 59536.9100
v -26089.1300 -182077.0000 59536.9100
v -26089.5200 -182077.1000 59536.9100
v -26089.3900 -182077.1000 59536.9100
v -26089.7800 -182077.2000 59536.9100
v -26089.6500 -182077.2000 59536.9100
v -26090.0400 -182077.3000 59536.9100
v -26089.9100 -182077.3000 59536.9100
v -26090.3000 -182077.4000 59536.9100
v -26090.1700 -182077.4000 59536.9100
v -26090.5600 -182077.5000 59536.9100
v -26090.4300 -182077.5000 59536.9100
v -26090.8100 -182077.6000 59536.9100
v -26090.6900 -182077.6000 59536.9100
v -26091.0600 -182077.7000 59536.9100
v -26090.9400 -182077.7000 59536.9100
v -26091.3200 -182077.8000 59536.9100
v -26091.1900 -182077.8000 59536.9100
v -26091.5600 -182078.0000 59536.9100
v -26091.4400 -182077.9000 59536.9100
v -26091.8100 -182078.1000 59536.9100
v -26091.6900 -182078.0000 59536.9100
v -26092.0500 -182078.2000 59536.9100
v -26091.9300 -182078.1000 59536.9100
v -26092.3000 -182078.3000 59536.9100
v -26092.1800 -182078.3000 59536.9100
v -26092.5400 -182078.5000 59536.9100
v -26092.4200 -182078.4000 59536.9100
v -26092.7800 -182078.6000 59536.9100
v -26092.6600 -182078.5000 59536.9100
v -26093.0100 -182078.8000 59536.9100
v -26092.8900 -182078.7000 59536.9100
v -26093.2400 -182078.9000 59536.9100
v -26093.1300 -182078.8000 59536.9100
v -26093.4700 -182079.0000 59536.9100
v -26093.3600 -182079.0000 59536.9100
v -26093.7000 -182079.2000 59536.9100
v -26093.5900 -182079.1000 59536.9100
v -26093.9200 -182079.4000 59536.9100
v -26093.8100 -182079.3000 59536.9100
v -26094.1400 -182079.5000 59536.9100
v -26094.0400 -182079.5000 59536.9100
v -26094.3600 -182079.7000 59536.9100
v -26094.2600 -182079.6000 59536.9100
v -26094.5800 -182079.9000 59536.9100
v -26094.4700 -182079.8000 59536.9100
v -26094.7900 -182080.0000 59536.9100
v -26094.6900 -182080.0000 59536.9100
v -26095.0000 -182080.2000 59536.9100
v -26094.9000 -182080.1000 59536.9100
v -26095.2100 -182080.4000 59536.9100
v -26095.1100 -182080.3000 59536.9100
v -26095.4100 -182080.6000 59536.9100
v -26095.3100 -182080.5000 59536.9100
v -26095.6100 -182080.8000 59536.9100
v -26095.5100 -182080.7000 59536.9100
v -26095.8100 -182081.0000 59536.9100
v -26095.7100 -182080.9000 59536.9100
v -26096.0000 -182081.2000 59536.9100
v -26095.9000 -182081.1000 59536.9100
v -26096.1900 -182081.4000 59536.9100
v -26096.1000 -182081.3000 59536.9100
v -26096.3800 -182081.6000 59536.9100
v -26096.2800 -182081.5000 59536.9100
v -26096.5600 -182081.8000 59536.9100
v -26096.4700 -182081.7000 59536.9100
v -26096.7400 -182082.0000 59536.9100
v -26096.6500 -182081.9000 59536.9100
v -26096.9100 -182082.2000 59536.9100
v -26096.8300 -182082.1000 59536.9100
v -26097.0800 -182082.4000 59536.9100
v -26097.0000 -182082.3000 59536.9100
v -26097.2500 -182082.6000 59536.9100
v -26097.1700 -182082.5000 59536.9100
v -26097.4200 -182082.9000 59536.9100
v -26097.3400 -182082.8000 59536.9100
v -26097.5800 -182083.1000 59536.9100
v -26097.5000 -182083.0000 59536.9100
v -26097.7300 -182083.3000 59536.9100
v -26097.6500 -182083.2000 59536.9100
v -26097.8800 -182083.5000 59536.9100
v -26097.8100 -182083.4000 59536.9100
v -26098.0300 -182083.8000 59536.9100
v -26097.9600 -182083.7000 59536.9100
v -26098.1800 -182084.0000 59536.9100
v -26098.1100 -182083.9000 59536.9100
v -26098.3200 -182084.2000 59536.9100
v -26098.2500 -182084.1000 59536.9100
v -26098.4500 -182084.5000 59536.9100
v -26098.3800 -182084.4000 59536.9100
v -26098.5800 -182084.7000 59536.9100
v -26098.5200 -182084.6000 59536.9100
v -26098.7100 -182085.0000 59536.9100
v -26098.6500 -182084.9000 59536.9100
v -26098.8300 -182085.2000 59536.9100
v -26098.7700 -182085.1000 59536.9100
v -26098.9500 -182085.5000 59536.9100
v -26098.8900 -182085.3000 59536.9100
v -26099.0700 -182085.7000 59536.9100
v -26099.0100 -182085.6000 59536.9100
v -26099.1800 -182086.0000 59536.9100
v -26099.1200 -182085.8000 59536.9100
v -26099.2800 -182086.2000 59536.9100
v -26099.2300 -182086.1000 59536.9100
v -26099.3800 -182086.5000 59536.9100
v -26099.3300 -182086.4000 59536.9100
v -26099.4800 -182086.8000 59536.9100
v -26099.4300 -182086.6000 59536.9100
v -26099.5700 -182087.0000 59536.9100
v -26099.5300 -182086.9000 59536.9100
v -26099.6600 -182087.3000 59536.9100
v -26099.6200 -182087.1000 59536.9100
v -26099.7400 -182087.5000 59536.9100
v -26099.7000 -182087.4000 59536.9100
v -26099.8200 -182087.8000 59536.9100
v -26099.7800 -182087.7000 59536.9100
v -26099.8900 -182088.1000 59536.9100
v -26099.8600 -182087.9000 59536.9100
v -26099.9600 -182088.3000 59536.9100
v -26099.9300 -182088.2000 59536.9100
v -26100.0300 -182088.6000 59536.9100
v -26099.9900 -182088.5000 59536.9100
v -26100.0900 -182088.9000 59536.9100
v -26100.0600 -182088.7000 59536.9100
v -26100.1400 -182089.1000 59536.9100
v -26100.1100 -182089.0000 59536.9100
v -26100.2400 -182089.7000 59536.9100
v -26100.1900 -182089.4000 59536.9100
v -26100.3100 -182090.2000 59536.9100
v -26100.2800 -182090.0000 59536.9100
v -26100.3700 -182090.8000 59536.9100
v -26100.3400 -182090.5000 59536.9100
v -26100.4100 -182091.3000 59536.9100
v -26100.3900 -182091.0000 59536.9100
v -26100.4300 -182091.9000 59536.9100
v -26100.4200 -182091.6000 59536.9100
v -26100.4300 -182092.1000 59643.4900
v -26100.4200 -182091.6000 59643.4900
v -26100.4300 -182091.9000 59643.4900
v -26100.3900 -182091.0000 59643.4900
v -26100.4100 -182091.3000 59643.4900
v -26100.3500 -182090.5000 59643.4900
v -26100.3700 -182090.8000 59643.4900
v -26100.2800 -182089.9000 59643.4900
v -26100.3100 -182090.2000 59643.4900
v -26100.1900 -182089.4000 59643.4900
v -26100.2400 -182089.7000 59643.4900
v -26100.0900 -182088.9000 59643.4900
v -26100.1400 -182089.1000 59643.4900
v -26100.0300 -182088.6000 59643.4900
v -26100.0600 -182088.7000 59643.4900
v -26099.9600 -182088.3000 59643.4900
v -26100.0000 -182088.5000 59643.4900
v -26099.8900 -182088.1000 59643.4900
v -26099.9300 -182088.2000 59643.4900
v -26099.8200 -182087.8000 59643.4900
v -26099.8600 -182087.9000 59643.4900
v -26099.7400 -182087.5000 59643.4900
v -26099.7800 -182087.7000 59643.4900
v -26099.6600 -182087.3000 59643.4900
v -26099.7000 -182087.4000 59643.4900
v -26099.5700 -182087.0000 59643.4900
v -26099.6200 -182087.1000 59643.4900
v -26099.4800 -182086.8000 59643.4900
v -26099.5300 -182086.9000 59643.4900
v -26099.3800 -182086.5000 59643.4900
v -26099.4300 -182086.6000 59643.4900
v -26099.2800 -182086.2000 59643.4900
v -26099.3300 -182086.4000 59643.4900
v -26099.1800 -182086.0000 59643.4900
v -26099.2300 -182086.1000 59643.4900
v -26099.0700 -182085.7000 59643.4900
v -26099.1200 -182085.8000 59643.4900
v -26098.9500 -182085.5000 59643.4900
v -26099.0100 -182085.6000 59643.4900
v -26098.8300 -182085.2000 59643.4900
v -26098.8900 -182085.3000 59643.4900
v -26098.7100 -182085.0000 59643.4900
v -26098.7700 -182085.1000 59643.4900
v -26098.5800 -182084.7000 59643.4900
v -26098.6500 -182084.8000 59643.4900
v -26098.4500 -182084.5000 59643.4900
v -26098.5200 -182084.6000 59643.4900
v -26098.3200 -182084.2000 59643.4900
v -26098.3800 -182084.4000 59643.4900
v -26098.1800 -182084.0000 59643.4900
v -26098.2500 -182084.1000 59643.4900
v -26098.0300 -182083.8000 59643.4900
v -26098.1000 -182083.9000 59643.4900
v -26097.8800 -182083.5000 59643.4900
v -26097.9600 -182083.7000 59643.4900
v -26097.7300 -182083.3000 59643.4900
v -26097.8100 -182083.4000 59643.4900
v -26097.5800 -182083.1000 59643.4900
v -26097.6500 -182083.2000 59643.4900
v -26097.4200 -182082.9000 59643.4900
v -26097.5000 -182083.0000 59643.4900
v -26097.2500 -182082.6000 59643.4900
v -26097.3300 -182082.8000 59643.4900
v -26097.0800 -182082.4000 59643.4900
v -26097.1700 -182082.5000 59643.4900
v -26096.9100 -182082.2000 59643.4900
v -26097.0000 -182082.3000 59643.4900
v -26096.7400 -182082.0000 59643.4900
v -26096.8200 -182082.1000 59643.4900
v -26096.5600 -182081.8000 59643.4900
v -26096.6500 -182081.9000 59643.4900
v -26096.3800 -182081.6000 59643.4900
v -26096.4700 -182081.7000 59643.4900
v -26096.1900 -182081.4000 59643.4900
v -26096.2800 -182081.5000 59643.4900
v -26096.0000 -182081.2000 59643.4900
v -26096.1000 -182081.3000 59643.4900
v -26095.8100 -182081.0000 59643.4900
v -26095.9000 -182081.1000 59643.4900
v -26095.6100 -182080.8000 59643.4900
v -26095.7100 -182080.9000 59643.4900
v -26095.4100 -182080.6000 59643.4900
v -26095.5100 -182080.7000 59643.4900
v -26095.2100 -182080.4000 59643.4900
v -26095.3100 -182080.5000 59643.4900
v -26095.0000 -182080.2000 59643.4900
v -26095.1000 -182080.3000 59643.4900
v -26094.7900 -182080.0000 59643.4900
v -26094.9000 -182080.1000 59643.4900
v -26094.5800 -182079.9000 59643.4900
v -26094.6900 -182080.0000 59643.4900
v -26094.3600 -182079.7000 59643.4900
v -26094.4700 -182079.8000 59643.4900
v -26094.1400 -182079.5000 59643.4900
v -26094.2500 -182079.6000 59643.4900
v -26093.9200 -182079.4000 59643.4900
v -26094.0300 -182079.5000 59643.4900
v -26093.7000 -182079.2000 59643.4900
v -26093.8100 -182079.3000 59643.4900
v -26093.4700 -182079.0000 59643.4900
v -26093.5800 -182079.1000 59643.4900
v -26093.2400 -182078.9000 59643.4900
v -26093.3600 -182079.0000 59643.4900
v -26093.0100 -182078.8000 59643.4900
v -26093.1200 -182078.8000 59643.4900
v -26092.7800 -182078.6000 59643.4900
v -26092.8900 -182078.7000 59643.4900
v -26092.5400 -182078.5000 59643.4900
v -26092.6500 -182078.5000 59643.4900
v -26092.3000 -182078.3000 59643.4900
v -26092.4200 -182078.4000 59643.4900
v -26092.0500 -182078.2000 59643.4900
v -26092.1800 -182078.3000 59643.4900
v -26091.8100 -182078.1000 59643.4900
v -26091.9300 -182078.1000 59643.4900
v -26091.5600 -182078.0000 59643.4900
v -26091.6900 -182078.0000 59643.4900
v -26091.3200 -182077.8000 59643.4900
v -26091.4400 -182077.9000 59643.4900
v -26091.0600 -182077.7000 59643.4900
v -26091.1900 -182077.8000 59643.4900
v -26090.8100 -182077.6000 59643.4900
v -26090.9400 -182077.7000 59643.4900
v -26090.5600 -182077.5000 59643.4900
v -26090.6800 -182077.5000 59643.4900
v -26090.3000 -182077.4000 59643.4900
v -26090.4300 -182077.5000 59643.4900
v -26090.0400 -182077.3000 59643.4900
v -26090.1700 -182077.4000 59643.4900
v -26089.7800 -182077.2000 59643.4900
v -26089.9100 -182077.3000 59643.4900
v -26089.5200 -182077.1000 59643.4900
v -26089.6500 -182077.2000 59643.4900
v -26089.2600 -182077.0000 59643.4900
v -26089.3900 -182077.1000 59643.4900
v -26088.9900 -182077.0000 59643.4900
v -26089.1200 -182077.0000 59643.4900
v -26088.7300 -182076.9000 59643.4900
v -26088.8600 -182076.9000 59643.4900
v -26088.4600 -182076.8000 59643.4900
v -26088.5900 -182076.9000 59643.4900
v -26088.2000 -182076.8000 59643.4900
v -26088.3300 -182076.8000 59643.4900
v -26087.9300 -182076.7000 59643.4900
v -26088.0600 -182076.7000 59643.4900
v -26087.6600 -182076.6000 59643.4900
v -26087.7900 -182076.7000 59643.4900
v -26087.3800 -182076.6000 59643.4900
v -26087.5200 -182076.6000 59643.4900
v -26087.1100 -182076.5000 59643.4900
v -26087.2500 -182076.6000 59643.4900
v -26086.8400 -182076.5000 59643.4900
v -26086.9700 -182076.5000 59643.4900
v -26086.5700 -182076.5000 59643.4900
v -26086.7000 -182076.5000 59643.4900
v -26086.2900 -182076.4000 59643.4900
v -26086.4300 -182076.5000 59643.4900
v -26086.0200 -182076.4000 59643.4900
v -26086.1500 -182076.4000 59643.4900
v -26085.7400 -182076.4000 59643.4900
v -26085.8800 -182076.4000 59643.4900
v -26085.4700 -182076.4000 59643.4900
v -26085.6100 -182076.4000 59643.4900
v -26085.1900 -182076.4000 59643.4900
v -26085.3300 -182076.4000 59643.4900
v -26084.9200 -182076.4000 59643.4900
v -26085.0500 -182076.4000 59643.4900
v -26084.6400 -182076.4000 59643.4900
v -26084.7800 -182076.4000 59643.4900
v -26084.3700 -182076.4000 59643.4900
v -26084.5000 -182076.4000 59643.4900
v -26084.0900 -182076.4000 59643.4900
v -26084.2300 -182076.4000 59643.4900
v -26083.8200 -182076.4000 59643.4900
v -26083.9500 -182076.4000 59643.4900
v -26083.5400 -182076.4000 59643.4900
v -26083.6800 -182076.4000 59643.4900
v -26083.2700 -182076.4000 59643.4900
v -26083.4000 -182076.4000 59643.4900
v -26082.9900 -182076.4000 59643.4900
v -26083.1300 -182076.4000 59643.4900
v -26082.7200 -182076.5000 59643.4900
v -26082.8500 -182076.5000 59643.4900
v -26082.4500 -182076.5000 59643.4900
v -26082.5800 -182076.5000 59643.4900
v -26082.1700 -182076.5000 59643.4900
v -26082.3100 -182076.5000 59643.4900
v -26081.9000 -182076.6000 59643.4900
v -26082.0400 -182076.6000 59643.4900
v -26081.6300 -182076.6000 59643.4900
v -26081.7600 -182076.6000 59643.4900
v -26081.3600 -182076.7000 59643.4900
v -26081.4900 -182076.7000 59643.4900
v -26081.0900 -182076.8000 59643.4900
v -26081.2200 -182076.7000 59643.4900
v -26080.8200 -182076.8000 59643.4900
v -26080.9600 -182076.8000 59643.4900
v -26080.5600 -182076.9000 59643.4900
v -26080.6900 -182076.9000 59643.4900
v -26080.2900 -182077.0000 59643.4900
v -26080.4200 -182076.9000 59643.4900
v -26080.0300 -182077.0000 59643.4900
v -26080.1600 -182077.0000 59643.4900
v -26079.7600 -182077.1000 59643.4900
v -26079.8900 -182077.1000 59643.4900
v -26079.5000 -182077.2000 59643.4900
v -26079.6300 -182077.2000 59643.4900
v -26079.2400 -182077.3000 59643.4900
v -26079.3700 -182077.3000 59643.4900
v -26078.9800 -182077.4000 59643.4900
v -26079.1100 -182077.4000 59643.4900
v -26078.7300 -182077.5000 59643.4900
v -26078.8600 -182077.5000 59643.4900
v -26078.4700 -182077.6000 59643.4900
v -26078.6000 -182077.6000 59643.4900
v -26078.2200 -182077.7000 59643.4900
v -26078.3500 -182077.7000 59643.4900
v -26077.9700 -182077.8000 59643.4900
v -26078.0900 -182077.8000 59643.4900
v -26077.7200 -182078.0000 59643.4900
v -26077.8400 -182077.9000 59643.4900
v -26077.4700 -182078.1000 59643.4900
v -26077.6000 -182078.0000 59643.4900
v -26077.2300 -182078.2000 59643.4900
v -26077.3500 -182078.1000 59643.4900
v -26076.9900 -182078.3000 59643.4900
v -26077.1100 -182078.3000 59643.4900
v -26076.7500 -182078.5000 59643.4900
v -26076.8700 -182078.4000 59643.4900
v -26076.5100 -182078.6000 59643.4900
v -26076.6300 -182078.5000 59643.4900
v -26076.2800 -182078.8000 59643.4900
v -26076.3900 -182078.7000 59643.4900
v -26076.0400 -182078.9000 59643.4900
v -26076.1600 -182078.8000 59643.4900
v -26075.8100 -182079.0000 59643.4900
v -26075.9300 -182079.0000 59643.4900
v -26075.5900 -182079.2000 59643.4900
v -26075.7000 -182079.1000 59643.4900
v -26075.3600 -182079.4000 59643.4900
v -26075.4700 -182079.3000 59643.4900
v -26075.1400 -182079.5000 59643.4900
v -26075.2500 -182079.5000 59643.4900
v -26074.9200 -182079.7000 59643.4900
v -26075.0300 -182079.6000 59643.4900
v -26074.7100 -182079.9000 59643.4900
v -26074.8100 -182079.8000 59643.4900
v -26074.4900 -182080.0000 59643.4900
v -26074.6000 -182080.0000 59643.4900
v -26074.2800 -182080.2000 59643.4900
v -26074.3900 -182080.1000 59643.4900
v -26074.0800 -182080.4000 59643.4900
v -26074.1800 -182080.3000 59643.4900
v -26073.8800 -182080.6000 59643.4900
v -26073.9700 -182080.5000 59643.4900
v -26073.6700 -182080.8000 59643.4900
v -26073.7700 -182080.7000 59643.4900
v -26073.4800 -182081.0000 59643.4900
v -26073.5700 -182080.9000 59643.4900
v -26073.2900 -182081.2000 59643.4900
v -26073.3800 -182081.1000 59643.4900
v -26073.1000 -182081.4000 59643.4900
v -26073.1900 -182081.3000 59643.4900
v -26072.9100 -182081.6000 59643.4900
v -26073.0000 -182081.5000 59643.4900
v -26072.7300 -182081.8000 59643.4900
v -26072.8200 -182081.7000 59643.4900
v -26072.5500 -182082.0000 59643.4900
v -26072.6300 -182081.9000 59643.4900
v -26072.3700 -182082.2000 59643.4900
v -26072.4600 -182082.1000 59643.4900
v -26072.2000 -182082.4000 59643.4900
v -26072.2900 -182082.3000 59643.4900
v -26072.0300 -182082.6000 59643.4900
v -26072.1200 -182082.5000 59643.4900
v -26071.8700 -182082.9000 59643.4900
v -26071.9500 -182082.8000 59643.4900
v -26071.7100 -182083.1000 59643.4900
v -26071.7900 -182083.0000 59643.4900
v -26071.5500 -182083.3000 59643.4900
v -26071.6300 -182083.2000 59643.4900
v -26071.4000 -182083.5000 59643.4900
v -26071.4700 -182083.4000 59643.4900
v -26071.2500 -182083.8000 59643.4900
v -26071.3300 -182083.7000 59643.4900
v -26071.1100 -182084.0000 59643.4900
v -26071.1800 -182083.9000 59643.4900
v -26070.9700 -182084.2000 59643.4900
v -26071.0400 -182084.1000 59643.4900
v -26070.8300 -182084.5000 59643.4900
v -26070.9000 -182084.4000 59643.4900
v -26070.7000 -182084.7000 59643.4900
v -26070.7700 -182084.6000 59643.4900
v -26070.5700 -182085.0000 59643.4900
v -26070.6400 -182084.9000 59643.4900
v -26070.4500 -182085.2000 59643.4900
v -26070.5100 -182085.1000 59643.4900
v -26070.3300 -182085.5000 59643.4900
v -26070.3900 -182085.3000 59643.4900
v -26070.2200 -182085.7000 59643.4900
v -26070.2800 -182085.6000 59643.4900
v -26070.1100 -182086.0000 59643.4900
v -26070.1600 -182085.8000 59643.4900
v -26070.0000 -182086.2000 59643.4900
v -26070.0500 -182086.1000 59643.4900
v -26069.9000 -182086.5000 59643.4900
v -26069.9500 -182086.4000 59643.4900
v -26069.8100 -182086.8000 59643.4900
v -26069.8500 -182086.6000 59643.4900
v -26069.7100 -182087.0000 59643.4900
v -26069.7600 -182086.9000 59643.4900
v -26069.6300 -182087.3000 59643.4900
v -26069.6700 -182087.1000 59643.4900
v -26069.5400 -182087.5000 59643.4900
v -26069.5800 -182087.4000 59643.4900
v -26069.4600 -182087.8000 59643.4900
v -26069.5000 -182087.7000 59643.4900
v -26069.3900 -182088.1000 59643.4900
v -26069.4300 -182087.9000 59643.4900
v -26069.3200 -182088.3000 59643.4900
v -26069.3600 -182088.2000 59643.4900
v -26069.2600 -182088.6000 59643.4900
v -26069.2900 -182088.5000 59643.4900
v -26069.2000 -182088.9000 59643.4900
v -26069.2300 -182088.7000 59643.4900
v -26069.1400 -182089.1000 59643.4900
v -26069.1700 -182089.0000 59643.4900
v -26069.0500 -182089.7000 59643.4900
v -26069.0900 -182089.4000 59643.4900
v -26068.9700 -182090.2000 59643.4900
v -26069.0100 -182090.0000 59643.4900
v -26068.9100 -182090.8000 59643.4900
v -26068.9400 -182090.5000 59643.4900
v -26068.8800 -182091.3000 59643.4900
v -26068.8900 -182091.0000 59643.4900
v -26068.8600 -182091.9000 59643.4900
v -26068.8600 -182091.6000 59643.4900
v -26068.8600 -182092.4000 59643.4900
v -26068.8600 -182092.1000 59643.4900
v -26068.8800 -182093.0000 59643.4900
v -26068.8700 -182092.7000 59643.4900
v -26068.9100 -182093.5000 59643.4900
v -26068.8900 -182093.2000 59643.4900
v -26068.9700 -182094.1000 59643.4900
v -26068.9400 -182093.8000 59643.4900
v -26069.0500 -182094.6000 59643.4900
v -26069.0100 -182094.3000 59643.4900
v -26069.1400 -182095.2000 59643.4900
v -26069.1000 -182094.9000 59643.4900
v -26069.2000 -182095.4000 59643.4900
v -26069.1700 -182095.3000 59643.4900
v -26069.2600 -182095.7000 59643.4900
v -26069.2300 -182095.6000 59643.4900
v -26069.3200 -182096.0000 59643.4900
v -26069.2900 -182095.8000 59643.4900
v -26069.3900 -182096.2000 59643.4900
v -26069.3600 -182096.1000 59643.4900
v -26069.4600 -182096.5000 59643.4900
v -26069.4300 -182096.4000 59643.4900
v -26069.5400 -182096.8000 59643.4900
v -26069.5000 -182096.6000 59643.4900
v -26069.6300 -182097.0000 59643.4900
v -26069.5800 -182096.9000 59643.4900
v -26069.7100 -182097.3000 59643.4900
v -26069.6700 -182097.2000 59643.4900
v -26069.8100 -182097.5000 59643.4900
v -26069.7600 -182097.4000 59643.4900
v -26069.9000 -182097.8000 59643.4900
v -26069.8500 -182097.7000 59643.4900
v -26070.0000 -182098.1000 59643.4900
v -26069.9500 -182097.9000 59643.4900
v -26070.1100 -182098.3000 59643.4900
v -26070.0600 -182098.2000 59643.4900
v -26070.2200 -182098.6000 59643.4900
v -26070.1600 -182098.4000 59643.4900
v -26070.3300 -182098.8000 59643.4900
v -26070.2800 -182098.7000 59643.4900
v -26070.4500 -182099.1000 59643.4900
v -26070.3900 -182098.9000 59643.4900
v -26070.5700 -182099.3000 59643.4900
v -26070.5100 -182099.2000 59643.4900
v -26070.7000 -182099.6000 59643.4900
v -26070.6400 -182099.4000 59643.4900
v -26070.8300 -182099.8000 59643.4900
v -26070.7700 -182099.7000 59643.4900
v -26070.9700 -182100.0000 59643.4900
v -26070.9000 -182099.9000 59643.4900
v -26071.1100 -182100.3000 59643.4900
v -26071.0400 -182100.2000 59643.4900
v -26071.2500 -182100.5000 59643.4900
v -26071.1800 -182100.4000 59643.4900
v -26071.4000 -182100.7000 59643.4900
v -26071.3300 -182100.6000 59643.4900
v -26071.5500 -182101.0000 59643.4900
v -26071.4800 -182100.9000 59643.4900
v -26071.7100 -182101.2000 59643.4900
v -26071.6300 -182101.1000 59643.4900
v -26071.8700 -182101.4000 59643.4900
v -26071.7900 -182101.3000 59643.4900
v -26072.0300 -182101.6000 59643.4900
v -26071.9500 -182101.5000 59643.4900
v -26072.2000 -182101.9000 59643.4900
v -26072.1200 -182101.8000 59643.4900
v -26072.3700 -182102.1000 59643.4900
v -26072.2900 -182102.0000 59643.4900
v -26072.5500 -182102.3000 59643.4900
v -26072.4600 -182102.2000 59643.4900
v -26072.7300 -182102.5000 59643.4900
v -26072.6400 -182102.4000 59643.4900
v -26072.9100 -182102.7000 59643.4900
v -26072.8200 -182102.6000 59643.4900
v -26073.1000 -182102.9000 59643.4900
v -26073.0000 -182102.8000 59643.4900
v -26073.2900 -182103.1000 59643.4900
v -26073.1900 -182103.0000 59643.4900
v -26073.4800 -182103.3000 59643.4900
v -26073.3800 -182103.2000 59643.4900
v -26073.6700 -182103.5000 59643.4900
v -26073.5800 -182103.4000 59643.4900
v -26073.8800 -182103.7000 59643.4900
v -26073.7800 -182103.6000 59643.4900
v -26074.0800 -182103.9000 59643.4900
v -26073.9800 -182103.8000 59643.4900
v -26074.2800 -182104.1000 59643.4900
v -26074.1800 -182104.0000 59643.4900
v -26074.4900 -182104.2000 59643.4900
v -26074.3900 -182104.2000 59643.4900
v -26074.7100 -182104.4000 59643.4900
v -26074.6000 -182104.3000 59643.4900
v -26074.9200 -182104.6000 59643.4900
v -26074.8100 -182104.5000 59643.4900
v -26075.1400 -182104.8000 59643.4900
v -26075.0300 -182104.7000 59643.4900
v -26075.3600 -182104.9000 59643.4900
v -26075.2500 -182104.8000 59643.4900
v -26075.5900 -182105.1000 59643.4900
v -26075.4700 -182105.0000 59643.4900
v -26075.8100 -182105.2000 59643.4900
v -26075.7000 -182105.2000 59643.4900
v -26076.0400 -182105.4000 59643.4900
v -26075.9300 -182105.3000 59643.4900
v -26076.2800 -182105.5000 59643.4900
v -26076.1600 -182105.5000 59643.4900
v -26076.5100 -182105.7000 59643.4900
v -26076.3900 -182105.6000 59643.4900
v -26076.7500 -182105.8000 59643.4900
v -26076.6300 -182105.8000 59643.4900
v -26076.9900 -182106.0000 59643.4900
v -26076.8700 -182105.9000 59643.4900
v -26077.2300 -182106.1000 59643.4900
v -26077.1100 -182106.0000 59643.4900
v -26077.4700 -182106.2000 59643.4900
v -26077.3500 -182106.2000 59643.4900
v -26077.7200 -182106.3000 59643.4900
v -26077.6000 -182106.3000 59643.4900
v -26077.9700 -182106.5000 59643.4900
v -26077.8500 -182106.4000 59643.4900
v -26078.2200 -182106.6000 59643.4900
v -26078.1000 -182106.5000 59643.4900
v -26078.4700 -182106.7000 59643.4900
v -26078.3500 -182106.6000 59643.4900
v -26078.7300 -182106.8000 59643.4900
v -26078.6000 -182106.7000 59643.4900
v -26078.9800 -182106.9000 59643.4900
v -26078.8600 -182106.8000 59643.4900
v -26079.2400 -182107.0000 59643.4900
v -26079.1200 -182106.9000 59643.4900
v -26079.5000 -182107.1000 59643.4900
v -26079.3700 -182107.0000 59643.4900
v -26079.7600 -182107.2000 59643.4900
v -26079.6300 -182107.1000 59643.4900
v -26080.0300 -182107.2000 59643.4900
v -26079.9000 -182107.2000 59643.4900
v -26080.2900 -182107.3000 59643.4900
v -26080.1600 -182107.3000 59643.4900
v -26080.5600 -182107.4000 59643.4900
v -26080.4200 -182107.4000 59643.4900
v -26080.8200 -182107.5000 59643.4900
v -26080.6900 -182107.4000 59643.4900
v -26081.0900 -182107.5000 59643.4900
v -26080.9600 -182107.5000 59643.4900
v -26081.3600 -182107.6000 59643.4900
v -26081.2300 -182107.6000 59643.4900
v -26081.6300 -182107.6000 59643.4900
v -26081.5000 -182107.6000 59643.4900
v -26081.9000 -182107.7000 59643.4900
v -26081.7700 -182107.7000 59643.4900
v -26082.1700 -182107.7000 59643.4900
v -26082.0400 -182107.7000 59643.4900
v -26082.4500 -182107.8000 59643.4900
v -26082.3100 -182107.8000 59643.4900
v -26082.7200 -182107.8000 59643.4900
v -26082.5800 -182107.8000 59643.4900
v -26082.9900 -182107.8000 59643.4900
v -26082.8600 -182107.8000 59643.4900
v -26083.2700 -182107.9000 59643.4900
v -26083.1300 -182107.9000 59643.4900
v -26083.5400 -182107.9000 59643.4900
v -26083.4100 -182107.9000 59643.4900
v -26083.8200 -182107.9000 59643.4900
v -26083.6800 -182107.9000 59643.4900
v -26084.0900 -182107.9000 59643.4900
v -26083.9600 -182107.9000 59643.4900
v -26084.3700 -182107.9000 59643.4900
v -26084.2300 -182107.9000 59643.4900
v -26084.6400 -182107.9000 59643.4900
v -26084.5100 -182107.9000 59643.4900
v -26084.9200 -182107.9000 59643.4900
v -26084.7800 -182107.9000 59643.4900
v -26085.1900 -182107.9000 59643.4900
v -26085.0600 -182107.9000 59643.4900
v -26085.4700 -182107.9000 59643.4900
v -26085.3300 -182107.9000 59643.4900
v -26085.7400 -182107.9000 59643.4900
v -26085.6100 -182107.9000 59643.4900
v -26086.0200 -182107.9000 59643.4900
v -26085.8800 -182107.9000 59643.4900
v -26086.2900 -182107.8000 59643.4900
v -26086.1600 -182107.9000 59643.4900
v -26086.5700 -182107.8000 59643.4900
v -26086.4300 -182107.8000 59643.4900
v -26086.8400 -182107.8000 59643.4900
v -26086.7100 -182107.8000 59643.4900
v -26087.1100 -182107.7000 59643.4900
v -26086.9800 -182107.8000 59643.4900
v -26087.3800 -182107.7000 59643.4900
v -26087.2500 -182107.7000 59643.4900
v -26087.6600 -182107.6000 59643.4900
v -26087.5200 -182107.7000 59643.4900
v -26087.9300 -182107.6000 59643.4900
v -26087.7900 -182107.6000 59643.4900
v -26088.2000 -182107.5000 59643.4900
v -26088.0600 -182107.6000 59643.4900
v -26088.4600 -182107.5000 59643.4900
v -26088.3300 -182107.5000 59643.4900
v -26088.7300 -182107.4000 59643.4900
v -26088.6000 -182107.4000 59643.4900
v -26088.9900 -182107.3000 59643.4900
v -26088.8600 -182107.4000 59643.4900
v -26089.2600 -182107.2000 59643.4900
v -26089.1300 -182107.3000 59643.4900
v -26089.5200 -182107.2000 59643.4900
v -26089.3900 -182107.2000 59643.4900
v -26089.7800 -182107.1000 59643.4900
v -26089.6500 -182107.1000 59643.4900
v -26090.0400 -182107.0000 59643.4900
v -26089.9100 -182107.0000 59643.4900
v -26090.3000 -182106.9000 59643.4900
v -26090.1700 -182106.9000 59643.4900
v -26090.5600 -182106.8000 59643.4900
v -26090.4300 -182106.8000 59643.4900
v -26090.8100 -182106.7000 59643.4900
v -26090.6900 -182106.7000 59643.4900
v -26091.0600 -182106.6000 59643.4900
v -26090.9400 -182106.6000 59643.4900
v -26091.3200 -182106.5000 59643.4900
v -26091.1900 -182106.5000 59643.4900
v -26091.5600 -182106.3000 59643.4900
v -26091.4400 -182106.4000 59643.4900
v -26091.8100 -182106.2000 59643.4900
v -26091.6900 -182106.3000 59643.4900
v -26092.0500 -182106.1000 59643.4900
v -26091.9400 -182106.1000 59643.4900
v -26092.3000 -182106.0000 59643.4900
v -26092.1800 -182106.0000 59643.4900
v -26092.5400 -182105.8000 59643.4900
v -26092.4200 -182105.9000 59643.4900
v -26092.7800 -182105.7000 59643.4900
v -26092.6600 -182105.8000 59643.4900
v -26093.0100 -182105.5000 59643.4900
v -26092.8900 -182105.6000 59643.4900
v -26093.2400 -182105.4000 59643.4900
v -26093.1300 -182105.5000 59643.4900
v -26093.4700 -182105.2000 59643.4900
v -26093.3600 -182105.3000 59643.4900
v -26093.7000 -182105.1000 59643.4900
v -26093.5900 -182105.2000 59643.4900
v -26093.9200 -182104.9000 59643.4900
v -26093.8100 -182105.0000 59643.4900
v -26094.1400 -182104.8000 59643.4900
v -26094.0400 -182104.8000 59643.4900
v -26094.3600 -182104.6000 59643.4900
v -26094.2600 -182104.7000 59643.4900
v -26094.5800 -182104.4000 59643.4900
v -26094.4700 -182104.5000 59643.4900
v -26094.7900 -182104.2000 59643.4900
v -26094.6900 -182104.3000 59643.4900
v -26095.0000 -182104.1000 59643.4900
v -26094.9000 -182104.1000 59643.4900
v -26095.2100 -182103.9000 59643.4900
v -26095.1100 -182104.0000 59643.4900
v -26095.4100 -182103.7000 59643.4900
v -26095.3100 -182103.8000 59643.4900
v -26095.6100 -182103.5000 59643.4900
v -26095.5100 -182103.6000 59643.4900
v -26095.8100 -182103.3000 59643.4900
v -26095.7100 -182103.4000 59643.4900
v -26096.0000 -182103.1000 59643.4900
v -26095.9100 -182103.2000 59643.4900
v -26096.1900 -182102.9000 59643.4900
v -26096.1000 -182103.0000 59643.4900
v -26096.3800 -182102.7000 59643.4900
v -26096.2900 -182102.8000 59643.4900
v -26096.5600 -182102.5000 59643.4900
v -26096.4700 -182102.6000 59643.4900
v -26096.7400 -182102.3000 59643.4900
v -26096.6500 -182102.4000 59643.4900
v -26096.9100 -182102.1000 59643.4900
v -26096.8300 -182102.2000 59643.4900
v -26097.0800 -182101.9000 59643.4900
v -26097.0000 -182102.0000 59643.4900
v -26097.2500 -182101.6000 59643.4900
v -26097.1700 -182101.8000 59643.4900
v -26097.4200 -182101.4000 59643.4900
v -26097.3400 -182101.5000 59643.4900
v -26097.5800 -182101.2000 59643.4900
v -26097.5000 -182101.3000 59643.4900
v -26097.7300 -182101.0000 59643.4900
v -26097.6600 -182101.1000 59643.4900
v -26097.8800 -182100.7000 59643.4900
v -26097.8100 -182100.9000 59643.4900
v -26098.0300 -182100.5000 59643.4900
v -26097.9600 -182100.6000 59643.4900
v -26098.1800 -182100.3000 59643.4900
v -26098.1100 -182100.4000 59643.4900
v -26098.3200 -182100.0000 59643.4900
v -26098.2500 -182100.2000 59643.4900
v -26098.4500 -182099.8000 59643.4900
v -26098.3900 -182099.9000 59643.4900
v -26098.5800 -182099.6000 59643.4900
v -26098.5200 -182099.7000 59643.4900
v -26098.7100 -182099.3000 59643.4900
v -26098.6500 -182099.4000 59643.4900
v -26098.8300 -182099.1000 59643.4900
v -26098.7700 -182099.2000 59643.4900
v -26098.9500 -182098.8000 59643.4900
v -26098.8900 -182098.9000 59643.4900
v -26099.0700 -182098.6000 59643.4900
v -26099.0100 -182098.7000 59643.4900
v -26099.1800 -182098.3000 59643.4900
v -26099.1200 -182098.4000 59643.4900
v -26099.2800 -182098.1000 59643.4900
v -26099.2300 -182098.2000 59643.4900
v -26099.3800 -182097.8000 59643.4900
v -26099.3300 -182097.9000 59643.4900
v -26099.4800 -182097.5000 59643.4900
v -26099.4300 -182097.7000 59643.4900
v -26099.5700 -182097.3000 59643.4900
v -26099.5300 -182097.4000 59643.4900
v -26099.6600 -182097.0000 59643.4900
v -26099.6200 -182097.2000 59643.4900
v -26099.7400 -182096.8000 59643.4900
v -26099.7000 -182096.9000 59643.4900
v -26099.8200 -182096.5000 59643.4900
v -26099.7800 -182096.6000 59643.4900
v -26099.8900 -182096.2000 59643.4900
v -26099.8600 -182096.4000 59643.4900
v -26099.9600 -182096.0000 59643.4900
v -26099.9300 -182096.1000 59643.4900
v -26100.0300 -182095.7000 59643.4900
v -26100.0000 -182095.8000 59643.4900
v -26100.0900 -182095.4000 59643.4900
v -26100.0600 -182095.6000 59643.4900
v -26100.1400 -182095.2000 59643.4900
v -26100.1200 -182095.3000 59643.4900
v -26100.2400 -182094.6000 59643.4900
v -26100.1900 -182094.9000 59643.4900
v -26100.3100 -182094.1000 59643.4900
v -26100.2800 -182094.3000 59643.4900
v -26100.3700 -182093.5000 59643.4900
v -26100.3400 -182093.8000 59643.4900
v -26100.4100 -182093.0000 59643.4900
v -26100.3900 -182093.2000 59643.4900
v -26100.4300 -182092.4000 59643.4900
v -26100.4200 -182092.7000 59643.4900
v -26100.4300 -182092.1000 59591.0500
v -26095.8100 -182081.0000 59591.0500
v -26084.6400 -182076.4000 59591.0500
v -26073.4800 -182081.0000 59591.0500
v -26068.8500 -182092.1000 59536.9100
v -26068.8500 -182092.1000 59643.4900
v -26068.8500 -182092.1000 59591.0500
v -26073.4800 -182103.3000 59591.0500
v -26084.6400 -182107.9000 59591.0500
v -26095.8100 -182103.3000 59591.0500

o Shape_0
usemtl material_1
f 1 2 3
f 2 4 5
f 4 6 7
f 6 8 9
f 8 10 11
f 10 12 13
f 12 14 15
f 14 16 17
f 16 18 19
f 18 20 21
f 20 22 23
f 22 24 25
f 24 26 27
f 26 28 29
f 28 30 31
f 30 32 33
f 32 34 35
f 34 36 37
f 36 38 39
f 38 40 41
f 40 42 43
f 42 44 45
f 44 46 47
f 46 48 49
f 48 50 51
f 50 52 53
f 52 54 55
f 54 56 57
f 56 58 59
f 58 60 61
f 60 62 63
f 62 64 65
f 64 66 67
f 66 68 69
f 68 70 71
f 70 72 73
f 72 74 75
f 74 76 77
f 76 78 79
f 78 80 81
f 80 82 83
f 82 84 85
f 84 86 87
f 86 88 89
f 88 90 91
f 90 92 93
f 92 94 95
f 94 96 97
f 96 98 99
f 98 100 101
f 100 102 103
f 102 104 105
f 104 106 107
f 106 108 109
f 108 110 111
f 110 112 113
f 112 114 115
f 114 116 117
f 116 118 119
f 118 120 121
f 120 122 123
f 122 124 125
f 124 126 127
f 126 128 129
f 128 130 131
f 130 132 133
f 132 134 135
f 134 136 137
f 136 138 139
f 138 140 141
f 140 142 143
f 142 144 145
f 144 146 147
f 146 148 149
f 148 150 151
f 150 152 153
f 152 154 155
f 154 156 157
f 156 158 159
f 158 160 161
f 160 162 163
f 162 164 165
f 164 166 167
f 166 168 169
f 168 170 171
f 170 172 173
f 172 174 175
f 174 176 177
f 176 178 179
f 178 180 181
f 180 182 183
f 182 184 185
f 184 186 187
f 186 188 189
f 188 190 191
f 190 192 193
f 192 194 195
f 194 196 197
f 196 198 199
f 198 200 201
f 200 202 203
f 202 204 205
f 204 206 207
f 206 208 209
f 208 210 211
f 210 212 213
f 212 214 215
f 214 216 217
f 216 218 219
f 218 220 221
f 220 222 223
f 222 224 225
f 224 226 227
f 226 228 229
f 228 230 231
f 230 232 233
f 232 234 235
f 234 236 237
f 236 238 239
f 238 240 241
f 240 242 243
f 242 244 245
f 244 246 247
f 246 248 249
f 248 250 251
f 250 252 253
f 252 254 255
f 254 256 257
f 256 258 259
f 258 260 261
f 260 262 263
f 262 264 265
f 264 266 267
f 266 268 269
f 268 270 271
f 270 272 273
f 272 274 275
f 274 276 277
f 276 278 279
f 278 280 281
f 280 282 283
f 282 284 285
f 284 286 287
f 286 288 289
f 288 290 291
f 290 292 293
f 292 294 295
f 294 296 297
f 296 298 299
f 298 300 301
f 300 302 303
f 302 304 305
f 304 306 307
f 306 308 309
f 308 310 311
f 310 312 313
f 312 314 315
f 314 316 317
f 316 318 319
f 318 320 321
f 320 322 323
f 322 324 325
f 324 326 327
f 326 328 329
f 328 330 331
f 330 332 333
f 332 334 335
f 334 336 337
f 336 338 339
f 338 340 341
f 340 342 343
f 342 344 345
f 344 346 347
f 346 348 349
f 348 350 351
f 350 352 353
f 352 354 355
f 354 356 357
f 356 358 359
f 358 360 361
f 360 362 363
f 362 364 365
f 364 366 367
f 366 368 369
f 368 370 371
f 370 372 373
f 372 374 375
f 374 376 377
f 376 378 379
f 378 380 381
f 380 382 383
f 382 384 385
f 384 386 387
f 386 388 389
f 388 390 391
f 390 392 393
f 392 394 395
f 394 396 397
f 396 398 399
f 398 400 401
f 400 402 403
f 402 404 405
f 404 406 407
f 406 408 409
f 408 410 411
f 410 412 413
f 412 414 415
f 414 416 417
f 416 418 419
f 418 420 421
f 420 422 423
f 422 424 425
f 424 426 427
f 426 428 429
f 428 430 431
f 430 432 433
f 432 434 435
f 434 436 437
f 436 438 439
f 438 440 441
f 440 442 443
f 442 444 445
f 444 446 447
f 446 448 449
f 448 450 451
f 450 452 453
f 452 454 455
f 454 456 457
f 456 458 459
f 458 460 461
f 460 462 463
f 462 464 465
f 464 466 467
f 466 468 469
f 468 470 471
f 470 472 473
f 472 474 475
f 474 476 477
f 476 478 479
f 478 480 481
f 480 482 483
f 482 484 485
f 484 486 487
f 486 488 489
f 488 490 491
f 490 492 493
f 492 494 495
f 494 496 497
f 496 498 499
f 498 500 501
f 500 502 503
f 502 504 505
f 504 506 507
f 506 508 509
f 508 510 511
f 510 512 513
f 512 514 515
f 514 516 517
f 516 518 519
f 518 520 521
f 520 522 523
f 522 524 525
f 524 526 527
f 526 528 529
f 528 530 531
f 530 532 533
f 532 534 535
f 534 536 537
f 536 538 539
f 538 540 541
f 540 542 543
f 542 544 545
f 544 546 547
f 546 548 549
f 548 550 551
f 550 552 553
f 552 554 555
f 554 556 557
f 556 558 559
f 558 560 561
f 560 562 563
f 562 564 565
f 564 566 567
f 566 568 569
f 568 570 571
f 570 572 573
f 572 574 575
f 574 576 577
f 576 578 579
f 578 580 581
f 580 582 583
f 582 584 585
f 584 586 587
f 586 588 589
f 588 590 591
f 590 592 593
f 592 594 595
f 594 596 597
f 596 598 599
f 598 600 601
f 600 602 603
f 602 604 605
f 604 606 607
f 606 608 609
f 608 610 611
f 610 612 613
f 612 614 615
f 614 616 617
f 616 618 619
f 618 620 621
f 620 622 623
f 622 624 625
f 624 626 627
f 626 628 629
f 628 630 631
f 630 632 633
f 632 634 635
f 634 636 637
f 636 638 639
f 638 640 641
f 640 642 643
f 642 644 645
f 644 646 647
f 646 648 649
f 648 650 651
f 650 652 653
f 652 654 655
f 654 656 657
f 656 658 659
f 658 660 661
f 660 662 663
f 662 664 665
f 664 666 667
f 666 668 669
f 668 670 671
f 670 1 672

o Shape_1
usemtl material_1
f 673 674 675
f 674 676 677
f 676 678 679
f 678 680 681
f 680 682 683
f 682 684 685
f 684 686 687
f 686 688 689
f 688 690 691
f 690 692 693
f 692 694 695
f 694 696 697
f 696 698 699
f 698 700 701
f 700 702 703
f 702 704 705
f 704 706 707
f 706 708 709
f 708 710 711
f 710 712 713
f 712 714 715
f 714 716 717
f 716 718 719
f 718 720 721
f 720 722 723
f 722 724 725
f 724 726 727
f 726 728 729
f 728 730 731
f 730 732 733
f 732 734 735
f 734 736 737
f 736 738 739
f 738 740 741
f 740 742 743
f 742 744 745
f 744 746 747
f 746 748 749
f 748 750 751
f 750 752 753
f 752 754 755
f 754 756 757
f 756 758 759
f 758 760 761
f 760 762 763
f 762 764 765
f 764 766 767
f 766 768 769
f 768 770 771
f 770 772 773
f 772 774 775
f 774 776 777
f 776 778 779
f 778 780 781
f 780 782 783
f 782 784 785
f 784 786 787
f 786 788 789
f 788 790 791
f 790 792 793
f 792 794 795
f 794 796 797
f 796 798 799
f 798 800 801
f 800 802 803
f 802 804 805
f 804 806 807
f 806 808 809
f 808 810 811
f 810 812 813
f 812 814 815
f 814 816 817
f 816 818 819
f 818 820 821
f 820 822 823
f 822 824 825
f 824 826 827
f 826 828 829
f 828 830 831
f 830 832 833
f 832 834 835
f 834 836 837
f 836 838 839
f 838 840 841
f 840 842 843
f 842 844 845
f 844 846 847
f 846 848 849
f 848 850 851
f 850 852 853
f 852 854 855
f 854 856 857
f 856 858 859
f 858 860 861
f 860 862 863
f 862 864 865
f 864 866 867
f 866 868 869
f 868 870 871
f 870 872 873
f 872 874 875
f 874 876 877
f 876 878 879
f 878 880 881
f 880 882 883
f 882 884 885
f 884 886 887
f 886 888 889
f 888 890 891
f 890 892 893
f 892 894 895
f 894 896 897
f 896 898 899
f 898 900 901
f 900 902 903
f 902 904 905
f 904 906 907
f 906 908 909
f 908 910 911
f 910 912 913
f 912 914 915
f 914 916 917
f 916 918 919
f 918 920 921
f 920 922 923
f 922 924 925
f 924 926 927
f 926 928 929
f 928 930 931
f 930 932 933
f 932 934 935
f 934 936 937
f 936 938 939
f 938 940 941
f 940 942 943
f 942 944 945
f 944 946 947
f 946 948 949
f 948 950 951
f 950 952 953
f 952 954 955
f 954 956 957
f 956 958 959
f 958 960 961
f 960 962 963
f 962 964 965
f 964 966 967
f 966 968 969
f 968 970 971
f 970 972 973
f 972 974 975
f 974 976 977
f 976 978 979
f 978 980 981
f 980 982 983
f 982 984 985
f 984 986 987
f 986 988 989
f 988 990 991
f 990 992 993
f 992 994 995
f 994 996 997
f 996 998 999
f 998 1000 1001
f 1000 1002 1003
f 1002 1004 1005
f 1004 1006 1007
f 1006 1008 1009
f 1008 1010 1011
f 1010 1012 1013
f 1012 1014 1015
f 1014 1016 1017
f 1016 1018 1019
f 1018 1020 1021
f 1020 1022 1023
f 1022 1024 1025
f 1024 1026 1027
f 1026 1028 1029
f 1028 1030 1031
f 1030 1032 1033
f 1032 1034 1035
f 1034 1036 1037
f 1036 1038 1039
f 1038 1040 1041
f 1040 1042 1043
f 1042 1044 1045
f 1044 1046 1047
f 1046 1048 1049
f 1048 1050 1051
f 1050 1052 1053
f 1052 1054 1055
f 1054 1056 1057
f 1056 1058 1059
f 1058 1060 1061
f 1060 1062 1063
f 1062 1064 1065
f 1064 1066 1067
f 1066 1068 1069
f 1068 1070 1071
f 1070 1072 1073
f 1072 1074 1075
f 1074 1076 1077
f 1076 1078 1079
f 1078 1080 1081
f 1080 1082 1083
f 1082 1084 1085
f 1084 1086 1087
f 1086 1088 1089
f 1088 1090 1091
f 1090 1092 1093
f 1092 1094 1095
f 1094 1096 1097
f 1096 1098 1099
f 1098 1100 1101
f 1100 1102 1103
f 1102 1104 1105
f 1104 1106 1107
f 1106 1108 1109
f 1108 1110 1111
f 1110 1112 1113
f 1112 1114 1115
f 1114 1116 1117
f 1116 1118 1119
f 1118 1120 1121
f 1120 1122 1123
f 1122 1124 1125
f 1124 1126 1127
f 1126 1128 1129
f 1128 1130 1131
f 1130 1132 1133
f 1132 1134 1135
f 1134 1136 1137
f 1136 1138 1139
f 1138 1140 1141
f 1140 1142 1143
f 1142 1144 1145
f 1144 1146 1147
f 1146 1148 1149
f 1148 1150 1151
f 1150 1152 1153
f 1152 1154 1155
f 1154 1156 1157
f 1156 1158 1159
f 1158 1160 1161
f 1160 1162 1163
f 1162 1164 1165
f 1164 1166 1167
f 1166 1168 1169
f 1168 1170 1171
f 1170 1172 1173
f 1172 1174 1175
f 1174 1176 1177
f 1176 1178 1179
f 1178 1180 1181
f 1180 1182 1183
f 1182 1184 1185
f 1184 1186 1187
f 1186 1188 1189
f 1188 1190 1191
f 1190 1192 1193
f 1192 1194 1195
f 1194 1196 1197
f 1196 1198 1199
f 1198 1200 1201
f 1200 1202 1203
f 1202 1204 1205
f 1204 1206 1207
f 1206 1208 1209
f 1208 1210 1211
f 1210 1212 1213
f 1212 1214 1215
f 1214 1216 1217
f 1216 1218 1219
f 1218 1220 1221
f 1220 1222 1223
f 1222 1224 1225
f 1224 1226 1227
f 1226 1228 1229
f 1228 1230 1231
f 1230 1232 1233
f 1232 1234 1235
f 1234 1236 1237
f 1236 1238 1239
f 1238 1240 1241
f 1240 1242 1243
f 1242 1244 1245
f 1244 1246 1247
f 1246 1248 1249
f 1248 1250 1251
f 1250 1252 1253
f 1252 1254 1255
f 1254 1256 1257
f 1256 1258 1259
f 1258 1260 1261
f 1260 1262 1263
f 1262 1264 1265
f 1264 1266 1267
f 1266 1268 1269
f 1268 1270 1271
f 1270 1272 1273
f 1272 1274 1275
f 1274 1276 1277
f 1276 1278 1279
f 1278 1280 1281
f 1280 1282 1283
f 1282 1284 1285
f 1284 1286 1287
f 1286 1288 1289
f 1288 1290 1291
f 1290 1292 1293
f 1292 1294 1295
f 1294 1296 1297
f 1296 1298 1299
f 1298 1300 1301
f 1300 1302 1303
f 1302 1304 1305
f 1304 1306 1307
f 1306 1308 1309
f 1308 1310 1311
f 1310 1312 1313
f 1312 1314 1315
f 1314 1316 1317
f 1316 1318 1319
f 1318 1320 1321
f 1320 1322 1323
f 1322 1324 1325
f 1324 1326 1327
f 1326 1328 1329
f 1328 1330 1331
f 1330 1332 1333
f 1332 1334 1335
f 1334 1336 1337
f 1336 1338 1339
f 1338 1340 1341
f 1340 1342 1343
f 1342 673 1344

o Shape_2
usemtl material_1
f 1 673 1345
f 1 673 1345

o Shape_3
usemtl material_1
f 594 750 1346
f 594 750 1346

o Shape_4
usemtl material_1
f 504 840 1347
f 504 840 1347

o Shape_5
usemtl material_1
f 414 930 1348
f 414 930 1348

o Shape_6
usemtl material_1
f 336 1008 1349
f 336 1008 1349

o Shape_7
usemtl material_1
f 258 1086 1350
f 258 1086 1350

o Shape_8
usemtl material_1
f 168 1176 1351
f 168 1176 1351

o Shape_9
usemtl material_1
f 78 1266 1352
f 78 1266 1352

o Shape_10
usemtl material_1
f 1 673 1345
f 1 673 1345

o Shape_11
usemtl material_1
f 1353 1354 1355
f 1354 1356 1357
f 1356 1358 1359
f 1358 1360 1361
f 1360 1362 1363
f 1362 1364 1365
f 1364 1366 1367
f 1366 1368 1369
f 1368 1370 1371
f 1370 1372 1373
f 1372 1374 1375
f 1374 1376 1377
f 1376 1378 1379
f 1378 1380 1381
f 1380 1382 1383
f 1382 1384 1385
f 1384 1386 1387
f 1386 1388 1389
f 1388 1390 1391
f 1390 1392 1393
f 1392 1394 1395
f 1394 1396 1397
f 1396 1398 1399
f 1398 1400 1401
f 1400 1402 1403
f 1402 1404 1405
f 1404 1406 1407
f 1406 1408 1409
f 1408 1410 1411
f 1410 1412 1413
f 1412 1414 1415
f 1414 1416 1417
f 1416 1418 1419
f 1418 1420 1421
f 1420 1422 1423
f 1422 1424 1425
f 1424 1426 1427
f 1426 1428 1429
f 1428 1430 1431
f 1430 1432 1433
f 1432 1434 1435
f 1434 1436 1437
f 1436 1438 1439
f 1438 1440 1441
f 1440 1442 1443
f 1442 1444 1445
f 1444 1446 1447
f 1446 1448 1449
f 1448 1450 1451
f 1450 1452 1453
f 1452 1454 1455
f 1454 1456 1457
f 1456 1458 1459
f 1458 1460 1461
f 1460 1462 1463
f 1462 1464 1465
f 1464 1466 1467
f 1466 1468 1469
f 1468 1470 1471
f 1470 1472 1473
f 1472 1474 1475
f 1474 1476 1477
f 1476 1478 1479
f 1478 1480 1481
f 1480 1482 1483
f 1482 1484 1485
f 1484 1486 1487
f 1486 1488 1489
f 1488 1490 1491
f 1490 1492 1493
f 1492 1494 1495
f 1494 1496 1497
f 1496 1498 1499
f 1498 1500 1501
f 1500 1502 1503
f 1502 1504 1505
f 1504 1506 1507
f 1506 1508 1509
f 1508 1510 1511
f 1510 1512 1513
f 1512 1514 1515
f 1514 1516 1517
f 1516 1518 1519
f 1518 1520 1521
f 1520 1522 1523
f 1522 1524 1525
f 1524 1526 1527
f 1526 1528 1529
f 1528 1530 1531
f 1530 1532 1533
f 1532 1534 1535
f 1534 1536 1537
f 1536 1538 1539
f 1538 1540 1541
f 1540 1542 1543
f 1542 1544 1545
f 1544 1546 1547
f 1546 1548 1549
f 1548 1550 1551
f 1550 1552 1553
f 1552 1554 1555
f 1554 1556 1557
f 1556 1558 1559
f 1558 1560 1561
f 1560 1562 1563
f 1562 1564 1565
f 1564 1566 1567
f 1566 1568 1569
f 1568 1570 1571
f 1570 1572 1573
f 1572 1574 1575
f 1574 1576 1577
f 1576 1578 1579
f 1578 1580 1581
f 1580 1582 1583
f 1582 1584 1585
f 1584 1586 1587
f 1586 1588 1589
f 1588 1590 1591
f 1590 1592 1593
f 1592 1594 1595
f 1594 1596 1597
f 1596 1598 1599
f 1598 1600 1601
f 1600 1602 1603
f 1602 1604 1605
f 1604 1606 1607
f 1606 1608 1609
f 1608 1610 1611
f 1610 1612 1613
f 1612 1614 1615
f 1614 1616 1617
f 1616 1618 1619
f 1618 1620 1621
f 1620 1622 1623
f 1622 1624 1625
f 1624 1626 1627
f 1626 1628 1629
f 1628 1630 1631
f 1630 1632 1633
f 1632 1634 1635
f 1634 1636 1637
f 1636 1638 1639
f 1638 1640 1641
f 1640 1642 1643
f 1642 1644 1645
f 1644 1646 1647
f 1646 1648 1649
f 1648 1650 1651
f 1650 1652 1653
f 1652 1654 1655
f 1654 1656 1657
f 1656 1658 1659
f 1658 1660 1661
f 1660 1662 1663
f 1662 1664 1665
f 1664 1666 1667
f 1666 1668 1669
f 1668 1670 1671
f 1670 1672 1673
f 1672 1674 1675
f 1674 1676 1677
f 1676 1678 1679
f 1678 1680 1681
f 1680 1682 1683
f 1682 1684 1685
f 1684 1686 1687
f 1686 1688 1689
f 1688 1690 1691
f 1690 1692 1693
f 1692 1694 1695
f 1694 1696 1697
f 1696 1698 1699
f 1698 1700 1701
f 1700 1702 1703
f 1702 1704 1705
f 1704 1706 1707
f 1706 1708 1709
f 1708 1710 1711
f 1710 1712 1713
f 1712 1714 1715
f 1714 1716 1717
f 1716 1718 1719
f 1718 1720 1721
f 1720 1722 1723
f 1722 1724 1725
f 1724 1726 1727
f 1726 1728 1729
f 1728 1730 1731
f 1730 1732 1733
f 1732 1734 1735
f 1734 1736 1737
f 1736 1738 1739
f 1738 1740 1741
f 1740 1742 1743
f 1742 1744 1745
f 1744 1746 1747
f 1746 1748 1749
f 1748 1750 1751
f 1750 1752 1753
f 1752 1754 1755
f 1754 1756 1757
f 1756 1758 1759
f 1758 1760 1761
f 1760 1762 1763
f 1762 1764 1765
f 1764 1766 1767
f 1766 1768 1769
f 1768 1770 1771
f 1770 1772 1773
f 1772 1774 1775
f 1774 1776 1777
f 1776 1778 1779
f 1778 1780 1781
f 1780 1782 1783
f 1782 1784 1785
f 1784 1786 1787
f 1786 1788 1789
f 1788 1790 1791
f 1790 1792 1793
f 1792 1794 1795
f 1794 1796 1797
f 1796 1798 1799
f 1798 1800 1801
f 1800 1802 1803
f 1802 1804 1805
f 1804 1806 1807
f 1806 1808 1809
f 1808 1810 1811
f 1810 1812 1813
f 1812 1814 1815
f 1814 1816 1817
f 1816 1818 1819
f 1818 1820 1821
f 1820 1822 1823
f 1822 1824 1825
f 1824 1826 1827
f 1826 1828 1829
f 1828 1830 1831
f 1830 1832 1833
f 1832 1834 1835
f 1834 1836 1837
f 1836 1838 1839
f 1838 1840 1841
f 1840 1842 1843
f 1842 1844 1845
f 1844 1846 1847
f 1846 1848 1849
f 1848 1850 1851
f 1850 1852 1853
f 1852 1854 1855
f 1854 1856 1857
f 1856 1858 1859
f 1858 1860 1861
f 1860 1862 1863
f 1862 1864 1865
f 1864 1866 1867
f 1866 1868 1869
f 1868 1870 1871
f 1870 1872 1873
f 1872 1874 1875
f 1874 1876 1877
f 1876 1878 1879
f 1878 1880 1881
f 1880 1882 1883
f 1882 1884 1885
f 1884 1886 1887
f 1886 1888 1889
f 1888 1890 1891
f 1890 1892 1893
f 1892 1894 1895
f 1894 1896 1897
f 1896 1898 1899
f 1898 1900 1901
f 1900 1902 1903
f 1902 1904 1905
f 1904 1906 1907
f 1906 1908 1909
f 1908 1910 1911
f 1910 1912 1913
f 1912 1914 1915
f 1914 1916 1917
f 1916 1918 1919
f 1918 1920 1921
f 1920 1922 1923
f 1922 1924 1925
f 1924 1926 1927
f 1926 1928 1929
f 1928 1930 1931
f 1930 1932 1933
f 1932 1934 1935
f 1934 1936 1937
f 1936 1938 1939
f 1938 1940 1941
f 1940 1942 1943
f 1942 1944 1945
f 1944 1946 1947
f 1946 1948 1949
f 1948 1950 1951
f 1950 1952 1953
f 1952 1954 1955
f 1954 1956 1957
f 1956 1958 1959
f 1958 1960 1961
f 1960 1962 1963
f 1962 1964 1965
f 1964 1966 1967
f 1966 1968 1969
f 1968 1970 1971
f 1970 1972 1973
f 1972 1974 1975
f 1974 1976 1977
f 1976 1978 1979
f 1978 1980 1981
f 1980 1982 1983
f 1982 1984 1985
f 1984 1986 1987
f 1986 1988 1989
f 1988 1990 1991
f 1990 1992 1993
f 1992 1994 1995
f 1994 1996 1997
f 1996 1998 1999
f 1998 2000 2001
f 2000 2002 2003
f 2002 2004 2005
f 2004 2006 2007
f 2006 2008 2009
f 2008 2010 2011
f 2010 2012 2013
f 2012 2014 2015
f 2014 2016 2017
f 2016 2018 2019
f 2018 2020 2021
f 2020 2022 2023
f 2022 1353 2024

o Shape_12
usemtl material_1
f 2025 2026 2027
f 2026 2028 2029
f 2028 2030 2031
f 2030 2032 2033
f 2032 2034 2035
f 2034 2036 2037
f 2036 2038 2039
f 2038 2040 2041
f 2040 2042 2043
f 2042 2044 2045
f 2044 2046 2047
f 2046 2048 2049
f 2048 2050 2051
f 2050 2052 2053
f 2052 2054 2055
f 2054 2056 2057
f 2056 2058 2059
f 2058 2060 2061
f 2060 2062 2063
f 2062 2064 2065
f 2064 2066 2067
f 2066 2068 2069
f 2068 2070 2071
f 2070 2072 2073
f 2072 2074 2075
f 2074 2076 2077
f 2076 2078 2079
f 2078 2080 2081
f 2080 2082 2083
f 2082 2084 2085
f 2084 2086 2087
f 2086 2088 2089
f 2088 2090 2091
f 2090 2092 2093
f 2092 2094 2095
f 2094 2096 2097
f 2096 2098 2099
f 2098 2100 2101
f 2100 2102 2103
f 2102 2104 2105
f 2104 2106 2107
f 2106 2108 2109
f 2108 2110 2111
f 2110 2112 2113
f 2112 2114 2115
f 2114 2116 2117
f 2116 2118 2119
f 2118 2120 2121
f 2120 2122 2123
f 2122 2124 2125
f 2124 2126 2127
f 2126 2128 2129
f 2128 2130 2131
f 2130 2132 2133
f 2132 2134 2135
f 2134 2136 2137
f 2136 2138 2139
f 2138 2140 2141
f 2140 2142 2143
f 2142 2144 2145
f 2144 2146 2147
f 2146 2148 2149
f 2148 2150 2151
f 2150 2152 2153
f 2152 2154 2155
f 2154 2156 2157
f 2156 2158 2159
f 2158 2160 2161
f 2160 2162 2163
f 2162 2164 2165
f 2164 2166 2167
f 2166 2168 2169
f 2168 2170 2171
f 2170 2172 2173
f 2172 2174 2175
f 2174 2176 2177
f 2176 2178 2179
f 2178 2180 2181
f 2180 2182 2183
f 2182 2184 2185
f 2184 2186 2187
f 2186 2188 2189
f 2188 2190 2191
f 2190 2192 2193
f 2192 2194 2195
f 2194 2196 2197
f 2196 2198 2199
f 2198 2200 2201
f 2200 2202 2203
f 2202 2204 2205
f 2204 2206 2207
f 2206 2208 2209
f 2208 2210 2211
f 2210 2212 2213
f 2212 2214 2215
f 2214 2216 2217
f 2216 2218 2219
f 2218 2220 2221
f 2220 2222 2223
f 2222 2224 2225
f 2224 2226 2227
f 2226 2228 2229
f 2228 2230 2231
f 2230 2232 2233
f 2232 2234 2235
f 2234 2236 2237
f 2236 2238 2239
f 2238 2240 2241
f 2240 2242 2243
f 2242 2244 2245
f 2244 2246 2247
f 2246 2248 2249
f 2248 2250 2251
f 2250 2252 2253
f 2252 2254 2255
f 2254 2256 2257
f 2256 2258 2259
f 2258 2260 2261
f 2260 2262 2263
f 2262 2264 2265
f 2264 2266 2267
f 2266 2268 2269
f 2268 2270 2271
f 2270 2272 2273
f 2272 2274 2275
f 2274 2276 2277
f 2276 2278 2279
f 2278 2280 2281
f 2280 2282 2283
f 2282 2284 2285
f 2284 2286 2287
f 2286 2288 2289
f 2288 2290 2291
f 2290 2292 2293
f 2292 2294 2295
f 2294 2296 2297
f 2296 2298 2299
f 2298 2300 2301
f 2300 2302 2303
f 2302 2304 2305
f 2304 2306 2307
f 2306 2308 2309
f 2308 2310 2311
f 2310 2312 2313
f 2312 2314 2315
f 2314 2316 2317
f 2316 2318 2319
f 2318 2320 2321
f 2320 2322 2323
f 2322 2324 2325
f 2324 2326 2327
f 2326 2328 2329
f 2328 2330 2331
f 2330 2332 2333
f 2332 2334 2335
f 2334 2336 2337
f 2336 2338 2339
f 2338 2340 2341
f 2340 2342 2343
f 2342 2344 2345
f 2344 2346 2347
f 2346 2348 2349
f 2348 2350 2351
f 2350 2352 2353
f 2352 2354 2355
f 2354 2356 2357
f 2356 2358 2359
f 2358 2360 2361
f 2360 2362 2363
f 2362 2364 2365
f 2364 2366 2367
f 2366 2368 2369
f 2368 2370 2371
f 2370 2372 2373
f 2372 2374 2375
f 2374 2376 2377
f 2376 2378 2379
f 2378 2380 2381
f 2380 2382 2383
f 2382 2384 2385
f 2384 2386 2387
f 2386 2388 2389
f 2388 2390 2391
f 2390 2392 2393
f 2392 2394 2395
f 2394 2396 2397
f 2396 2398 2399
f 2398 2400 2401
f 2400 2402 2403
f 2402 2404 2405
f 2404 2406 2407
f 2406 2408 2409
f 2408 2410 2411
f 2410 2412 2413
f 2412 2414 2415
f 2414 2416 2417
f 2416 2418 2419
f 2418 2420 2421
f 2420 2422 2423
f 2422 2424 2425
f 2424 2426 2427
f 2426 2428 2429
f 2428 2430 2431
f 2430 2432 2433
f 2432 2434 2435
f 2434 2436 2437
f 2436 2438 2439
f 2438 2440 2441
f 2440 2442 2443
f 2442 2444 2445
f 2444 2446 2447
f 2446 2448 2449
f 2448 2450 2451
f 2450 2452 2453
f 2452 2454 2455
f 2454 2456 2457
f 2456 2458 2459
f 2458 2460 2461
f 2460 2462 2463
f 2462 2464 2465
f 2464 2466 2467
f 2466 2468 2469
f 2468 2470 2471
f 2470 2472 2473
f 2472 2474 2475
f 2474 2476 2477
f 2476 2478 2479
f 2478 2480 2481
f 2480 2482 2483
f 2482 2484 2485
f 2484 2486 2487
f 2486 2488 2489
f 2488 2490 2491
f 2490 2492 2493
f 2492 2494 2495
f 2494 2496 2497
f 2496 2498 2499
f 2498 2500 2501
f 2500 2502 2503
f 2502 2504 2505
f 2504 2506 2507
f 2506 2508 2509
f 2508 2510 2511
f 2510 2512 2513
f 2512 2514 2515
f 2514 2516 2517
f 2516 2518 2519
f 2518 2520 2521
f 2520 2522 2523
f 2522 2524 2525
f 2524 2526 2527
f 2526 2528 2529
f 2528 2530 2531
f 2530 2532 2533
f 2532 2534 2535
f 2534 2536 2537
f 2536 2538 2539
f 2538 2540 2541
f 2540 2542 2543
f 2542 2544 2545
f 2544 2546 2547
f 2546 2548 2549
f 2548 2550 2551
f 2550 2552 2553
f 2552 2554 2555
f 2554 2556 2557
f 2556 2558 2559
f 2558 2560 2561
f 2560 2562 2563
f 2562 2564 2565
f 2564 2566 2567
f 2566 2568 2569
f 2568 2570 2571
f 2570 2572 2573
f 2572 2574 2575
f 2574 2576 2577
f 2576 2578 2579
f 2578 2580 2581
f 2580 2582 2583
f 2582 2584 2585
f 2584 2586 2587
f 2586 2588 2589
f 2588 2590 2591
f 2590 2592 2593
f 2592 2594 2595
f 2594 2596 2597
f 2596 2598 2599
f 2598 2600 2601
f 2600 2602 2603
f 2602 2604 2605
f 2604 2606 2607
f 2606 2608 2609
f 2608 2610 2611
f 2610 2612 2613
f 2612 2614 2615
f 2614 2616 2617
f 2616 2618 2619
f 2618 2620 2621
f 2620 2622 2623
f 2622 2624 2625
f 2624 2626 2627
f 2626 2628 2629
f 2628 2630 2631
f 2630 2632 2633
f 2632 2634 2635
f 2634 2636 2637
f 2636 2638 2639
f 2638 2640 2641
f 2640 2642 2643
f 2642 2644 2645
f 2644 2646 2647
f 2646 2648 2649
f 2648 2650 2651
f 2650 2652 2653
f 2652 2654 2655
f 2654 2656 2657
f 2656 2658 2659
f 2658 2660 2661
f 2660 2662 2663
f 2662 2664 2665
f 2664 2666 2667
f 2666 2668 2669
f 2668 2670 2671
f 2670 2672 2673
f 2672 2674 2675
f 2674 2676 2677
f 2676 2678 2679
f 2678 2680 2681
f 2680 2682 2683
f 2682 2684 2685
f 2684 2686 2687
f 2686 2688 2689
f 2688 2690 2691
f 2690 2692 2693
f 2692 2694 2695
f 2694 2025 2696

o Shape_13
usemtl material_1
f 1353 2025 2697
f 1353 2025 2697

o Shape_14
usemtl material_1
f 1946 2102 2698
f 1946 2102 2698

o Shape_15
usemtl material_1
f 1856 2192 2699
f 1856 2192 2699

o Shape_16
usemtl material_1
f 1766 2282 2700
f 1766 2282 2700

o Shape_17
usemtl material_1
f 1688 2360 2701
f 1688 2360 2701

o Shape_18
usemtl material_1
f 1610 2438 2702
f 1610 2438 2702

o Shape_19
usemtl material_1
f 1520 2528 2703
f 1520 2528 2703

o Shape_20
usemtl material_1
f 1430 2618 2704
f 1430 2618 2704

o Shape_21
usemtl material_1
f 1353 2025 2697
f 1353 2025 2697

o Shape_22
usemtl material_1
f 2705 2706 2707
f 2706 2708 2709
f 2708 2710 2711
f 2710 2712 2713
f 2712 2714 2715
f 2714 2716 2717
f 2716 2718 2719
f 2718 2720 2721
f 2720 2722 2723
f 2722 2724 2725
f 2724 2726 2727
f 2726 2728 2729
f 2728 2730 2731
f 2730 2732 2733
f 2732 2734 2735
f 2734 2736 2737
f 2736 2738 2739
f 2738 2740 2741
f 2740 2742 2743
f 2742 2744 2745
f 2744 2746 2747
f 2746 2748 2749
f 2748 2750 2751
f 2750 2752 2753
f 2752 2754 2755
f 2754 2756 2757
f 2756 2758 2759
f 2758 2760 2761
f 2760 2762 2763
f 2762 2764 2765
f 2764 2766 2767
f 2766 2768 2769
f 2768 2770 2771
f 2770 2772 2773
f 2772 2774 2775
f 2774 2776 2777
f 2776 2778 2779
f 2778 2780 2781
f 2780 2782 2783
f 2782 2784 2785
f 2784 2786 2787
f 2786 2788 2789
f 2788 2790 2791
f 2790 2792 2793
f 2792 2794 2795
f 2794 2796 2797
f 2796 2798 2799
f 2798 2800 2801
f 2800 2802 2803
f 2802 2804 2805
f 2804 2806 2807
f 2806 2808 2809
f 2808 2810 2811
f 2810 2812 2813
f 2812 2814 2815
f 2814 2816 2817
f 2816 2818 2819
f 2818 2820 2821
f 2820 2822 2823
f 2822 2824 2825
f 2824 2826 2827
f 2826 2828 2829
f 2828 2830 2831
f 2830 2832 2833
f 2832 2834 2835
f 2834 2836 2837
f 2836 2838 2839
f 2838 2840 2841
f 2840 2842 2843
f 2842 2844 2845
f 2844 2846 2847
f 2846 2848 2849
f 2848 2850 2851
f 2850 2852 2853
f 2852 2854 2855
f 2854 2856 2857
f 2856 2858 2859
f 2858 2860 2861
f 2860 2862 2863
f 2862 2864 2865
f 2864 2866 2867
f 2866 2868 2869
f 2868 2870 2871
f 2870 2872 2873
f 2872 2874 2875
f 2874 2876 2877
f 2876 2878 2879
f 2878 2880 2881
f 2880 2882 2883
f 2882 2884 2885
f 2884 2886 2887
f 2886 2888 2889
f 2888 2890 2891
f 2890 2892 2893
f 2892 2894 2895
f 2894 2896 2897
f 2896 2898 2899
f 2898 2900 2901
f 2900 2902 2903
f 2902 2904 2905
f 2904 2906 2907
f 2906 2908 2909
f 2908 2910 2911
f 2910 2912 2913
f 2912 2914 2915
f 2914 2916 2917
f 2916 2918 2919
f 2918 2920 2921
f 2920 2922 2923
f 2922 2924 2925
f 2924 2926 2927
f 2926 2928 2929
f 2928 2930 2931
f 2930 2932 2933
f 2932 2934 2935
f 2934 2936 2937
f 2936 2938 2939
f 2938 2940 2941
f 2940 2942 2943
f 2942 2944 2945
f 2944 2946 2947
f 2946 2948 2949
f 2948 2950 2951
f 2950 2952 2953
f 2952 2954 2955
f 2954 2956 2957
f 2956 2958 2959
f 2958 2960 2961
f 2960 2962 2963
f 2962 2964 2965
f 2964 2966 2967
f 2966 2968 2969
f 2968 2970 2971
f 2970 2972 2973
f 2972 2974 2975
f 2974 2976 2977
f 2976 2978 2979
f 2978 2980 2981
f 2980 2982 2983
f 2982 2984 2985
f 2984 2986 2987
f 2986 2988 2989
f 2988 2990 2991
f 2990 2992 2993
f 2992 2994 2995
f 2994 2996 2997
f 2996 2998 2999
f 2998 3000 3001
f 3000 3002 3003
f 3002 3004 3005
f 3004 3006 3007
f 3006 3008 3009
f 3008 3010 3011
f 3010 3012 3013
f 3012 3014 3015
f 3014 3016 3017
f 3016 3018 3019
f 3018 3020 3021
f 3020 3022 3023
f 3022 3024 3025
f 3024 3026 3027
f 3026 3028 3029
f 3028 3030 3031
f 3030 3032 3033
f 3032 3034 3035
f 3034 3036 3037
f 3036 3038 3039
f 3038 3040 3041
f 3040 3042 3043
f 3042 3044 3045
f 3044 3046 3047
f 3046 3048 3049
f 3048 3050 3051
f 3050 3052 3053
f 3052 3054 3055
f 3054 3056 3057
f 3056 3058 3059
f 3058 3060 3061
f 3060 3062 3063
f 3062 3064 3065
f 3064 3066 3067
f 3066 3068 3069
f 3068 3070 3071
f 3070 3072 3073
f 3072 3074 3075
f 3074 3076 3077
f 3076 3078 3079
f 3078 3080 3081
f 3080 3082 3083
f 3082 3084 3085
f 3084 3086 3087
f 3086 3088 3089
f 3088 3090 3091
f 3090 3092 3093
f 3092 3094 3095
f 3094 3096 3097
f 3096 3098 3099
f 3098 3100 3101
f 3100 3102 3103
f 3102 3104 3105
f 3104 3106 3107
f 3106 3108 3109
f 3108 3110 3111
f 3110 3112 3113
f 3112 3114 3115
f 3114 3116 3117
f 3116 3118 3119
f 3118 3120 3121
f 3120 3122 3123
f 3122 3124 3125
f 3124 3126 3127
f 3126 3128 3129
f 3128 3130 3131
f 3130 3132 3133
f 3132 3134 3135
f 3134 3136 3137
f 3136 3138 3139
f 3138 3140 3141
f 3140 3142 3143
f 3142 3144 3145
f 3144 3146 3147
f 3146 3148 3149
f 3148 3150 3151
f 3150 3152 3153
f 3152 3154 3155
f 3154 3156 3157
f 3156 3158 3159
f 3158 3160 3161
f 3160 3162 3163
f 3162 3164 3165
f 3164 3166 3167
f 3166 3168 3169
f 3168 3170 3171
f 3170 3172 3173
f 3172 3174 3175
f 3174 3176 3177
f 3176 3178 3179
f 3178 3180 3181
f 3180 3182 3183
f 3182 3184 3185
f 3184 3186 3187
f 3186 3188 3189
f 3188 3190 3191
f 3190 3192 3193
f 3192 3194 3195
f 3194 3196 3197
f 3196 3198 3199
f 3198 3200 3201
f 3200 3202 3203
f 3202 3204 3205
f 3204 3206 3207
f 3206 3208 3209
f 3208 3210 3211
f 3210 3212 3213
f 3212 3214 3215
f 3214 3216 3217
f 3216 3218 3219
f 3218 3220 3221
f 3220 3222 3223
f 3222 3224 3225
f 3224 3226 3227
f 3226 3228 3229
f 3228 3230 3231
f 3230 3232 3233
f 3232 3234 3235
f 3234 3236 3237
f 3236 3238 3239
f 3238 3240 3241
f 3240 3242 3243
f 3242 3244 3245
f 3244 3246 3247
f 3246 3248 3249
f 3248 3250 3251
f 3250 3252 3253
f 3252 3254 3255
f 3254 3256 3257
f 3256 3258 3259
f 3258 3260 3261
f 3260 3262 3263
f 3262 3264 3265
f 3264 3266 3267
f 3266 3268 3269
f 3268 3270 3271
f 3270 3272 3273
f 3272 3274 3275
f 3274 3276 3277
f 3276 3278 3279
f 3278 3280 3281
f 3280 3282 3283
f 3282 3284 3285
f 3284 3286 3287
f 3286 3288 3289
f 3288 3290 3291
f 3290 3292 3293
f 3292 3294 3295
f 3294 3296 3297
f 3296 3298 3299
f 3298 3300 3301
f 3300 3302 3303
f 3302 3304 3305
f 3304 3306 3307
f 3306 3308 3309
f 3308 3310 3311
f 3310 3312 3313
f 3312 3314 3315
f 3314 3316 3317
f 3316 3318 3319
f 3318 3320 3321
f 3320 3322 3323
f 3322 3324 3325
f 3324 3326 3327
f 3326 3328 3329
f 3328 3330 3331
f 3330 3332 3333
f 3332 3334 3335
f 3334 3336 3337
f 3336 3338 3339
f 3338 3340 3341
f 3340 3342 3343
f 3342 3344 3345
f 3344 3346 3347
f 3346 3348 3349
f 3348 3350 3351
f 3350 3352 3353
f 3352 3354 3355
f 3354 3356 3357
f 3356 3358 3359
f 3358 3360 3361
f 3360 3362 3363
f 3362 3364 3365
f 3364 3366 3367
f 3366 3368 3369
f 3368 3370 3371
f 3370 3372 3373
f 3372 3374 3375
f 3374 3376 3377
f 3376 3378 3379

o Shape_23
usemtl material_1
f 3380 3381 3382
f 3381 3383 3384
f 3383 3385 3386
f 3385 3387 3388
f 3387 3389 3390
f 3389 3391 3392
f 3391 3393 3394
f 3393 3395 3396
f 3395 3397 3398
f 3397 3399 3400
f 3399 3401 3402
f 3401 3403 3404
f 3403 3405 3406
f 3405 3407 3408
f 3407 3409 3410
f 3409 3411 3412
f 3411 3413 3414
f 3413 3415 3416
f 3415 3417 3418
f 3417 3419 3420
f 3419 3421 3422
f 3421 3423 3424
f 3423 3425 3426
f 3425 3427 3428
f 3427 3429 3430
f 3429 3431 3432
f 3431 3433 3434
f 3433 3435 3436
f 3435 3437 3438
f 3437 3439 3440
f 3439 3441 3442
f 3441 3443 3444
f 3443 3445 3446
f 3445 3447 3448
f 3447 3449 3450
f 3449 3451 3452
f 3451 3453 3454
f 3453 3455 3456
f 3455 3457 3458
f 3457 3459 3460
f 3459 3461 3462
f 3461 3463 3464
f 3463 3465 3466
f 3465 3467 3468
f 3467 3469 3470
f 3469 3471 3472
f 3471 3473 3474
f 3473 3475 3476
f 3475 3477 3478
f 3477 3479 3480
f 3479 3481 3482
f 3481 3483 3484
f 3483 3485 3486
f 3485 3487 3488
f 3487 3489 3490
f 3489 3491 3492
f 3491 3493 3494
f 3493 3495 3496
f 3495 3497 3498
f 3497 3499 3500
f 3499 3501 3502
f 3501 3503 3504
f 3503 3505 3506
f 3505 3507 3508
f 3507 3509 3510
f 3509 3511 3512
f 3511 3513 3514
f 3513 3515 3516
f 3515 3517 3518
f 3517 3519 3520
f 3519 3521 3522
f 3521 3523 3524
f 3523 3525 3526
f 3525 3527 3528
f 3527 3529 3530
f 3529 3531 3532
f 3531 3533 3534
f 3533 3535 3536
f 3535 3537 3538
f 3537 3539 3540
f 3539 3541 3542
f 3541 3543 3544
f 3543 3545 3546
f 3545 3547 3548
f 3547 3549 3550
f 3549 3551 3552
f 3551 3553 3554
f 3553 3555 3556
f 3555 3557 3558
f 3557 3559 3560
f 3559 3561 3562
f 3561 3563 3564
f 3563 3565 3566
f 3565 3567 3568
f 3567 3569 3570
f 3569 3571 3572
f 3571 3573 3574
f 3573 3575 3576
f 3575 3577 3578
f 3577 3579 3580
f 3579 3581 3582
f 3581 3583 3584
f 3583 3585 3586
f 3585 3587 3588
f 3587 3589 3590
f 3589 3591 3592
f 3591 3593 3594
f 3593 3595 3596
f 3595 3597 3598
f 3597 3599 3600
f 3599 3601 3602
f 3601 3603 3604
f 3603 3605 3606
f 3605 3607 3608
f 3607 3609 3610
f 3609 3611 3612
f 3611 3613 3614
f 3613 3615 3616
f 3615 3617 3618
f 3617 3619 3620
f 3619 3621 3622
f 3621 3623 3624
f 3623 3625 3626
f 3625 3627 3628
f 3627 3629 3630
f 3629 3631 3632
f 3631 3633 3634
f 3633 3635 3636
f 3635 3637 3638
f 3637 3639 3640
f 3639 3641 3642
f 3641 3643 3644
f 3643 3645 3646
f 3645 3647 3648
f 3647 3649 3650
f 3649 3651 3652
f 3651 3653 3654
f 3653 3655 3656
f 3655 3657 3658
f 3657 3659 3660
f 3659 3661 3662
f 3661 3663 3664
f 3663 3665 3666
f 3665 3667 3668
f 3667 3669 3670
f 3669 3671 3672
f 3671 3673 3674
f 3673 3675 3676
f 3675 3677 3678
f 3677 3679 3680
f 3679 3681 3682
f 3681 3683 3684
f 3683 3685 3686
f 3685 3687 3688
f 3687 3689 3690
f 3689 3691 3692
f 3691 3693 3694
f 3693 3695 3696
f 3695 3697 3698
f 3697 3699 3700
f 3699 3701 3702
f 3701 3703 3704
f 3703 3705 3706
f 3705 3707 3708
f 3707 3709 3710
f 3709 3711 3712
f 3711 3713 3714
f 3713 3715 3716
f 3715 3717 3718
f 3717 3719 3720
f 3719 3721 3722
f 3721 3723 3724
f 3723 3725 3726
f 3725 3727 3728
f 3727 3729 3730
f 3729 3731 3732
f 3731 3733 3734
f 3733 3735 3736
f 3735 3737 3738
f 3737 3739 3740
f 3739 3741 3742
f 3741 3743 3744
f 3743 3745 3746
f 3745 3747 3748
f 3747 3749 3750
f 3749 3751 3752
f 3751 3753 3754
f 3753 3755 3756
f 3755 3757 3758
f 3757 3759 3760
f 3759 3761 3762
f 3761 3763 3764
f 3763 3765 3766
f 3765 3767 3768
f 3767 3769 3770
f 3769 3771 3772
f 3771 3773 3774
f 3773 3775 3776
f 3775 3777 3778
f 3777 3779 3780
f 3779 3781 3782
f 3781 3783 3784
f 3783 3785 3786
f 3785 3787 3788
f 3787 3789 3790
f 3789 3791 3792
f 3791 3793 3794
f 3793 3795 3796
f 3795 3797 3798
f 3797 3799 3800
f 3799 3801 3802
f 3801 3803 3804
f 3803 3805 3806
f 3805 3807 3808
f 3807 3809 3810
f 3809 3811 3812
f 3811 3813 3814
f 3813 3815 3816
f 3815 3817 3818
f 3817 3819 3820
f 3819 3821 3822
f 3821 3823 3824
f 3823 3825 3826
f 3825 3827 3828
f 3827 3829 3830
f 3829 3831 3832
f 3831 3833 3834
f 3833 3835 3836
f 3835 3837 3838
f 3837 3839 3840
f 3839 3841 3842
f 3841 3843 3844
f 3843 3845 3846
f 3845 3847 3848
f 3847 3849 3850
f 3849 3851 3852
f 3851 3853 3854
f 3853 3855 3856
f 3855 3857 3858
f 3857 3859 3860
f 3859 3861 3862
f 3861 3863 3864
f 3863 3865 3866
f 3865 3867 3868
f 3867 3869 3870
f 3869 3871 3872
f 3871 3873 3874
f 3873 3875 3876
f 3875 3877 3878
f 3877 3879 3880
f 3879 3881 3882
f 3881 3883 3884
f 3883 3885 3886
f 3885 3887 3888
f 3887 3889 3890
f 3889 3891 3892
f 3891 3893 3894
f 3893 3895 3896
f 3895 3897 3898
f 3897 3899 3900
f 3899 3901 3902
f 3901 3903 3904
f 3903 3905 3906
f 3905 3907 3908
f 3907 3909 3910
f 3909 3911 3912
f 3911 3913 3914
f 3913 3915 3916
f 3915 3917 3918
f 3917 3919 3920
f 3919 3921 3922
f 3921 3923 3924
f 3923 3925 3926
f 3925 3927 3928
f 3927 3929 3930
f 3929 3931 3932
f 3931 3933 3934
f 3933 3935 3936
f 3935 3937 3938
f 3937 3939 3940
f 3939 3941 3942
f 3941 3943 3944
f 3943 3945 3946
f 3945 3947 3948
f 3947 3949 3950
f 3949 3951 3952
f 3951 3953 3954
f 3953 3955 3956
f 3955 3957 3958
f 3957 3959 3960
f 3959 3961 3962
f 3961 3963 3964
f 3963 3965 3966
f 3965 3967 3968
f 3967 3969 3970
f 3969 3971 3972
f 3971 3973 3974
f 3973 3975 3976
f 3975 3977 3978
f 3977 3979 3980
f 3979 3981 3982
f 3981 3983 3984
f 3983 3985 3986
f 3985 3987 3988
f 3987 3989 3990
f 3989 3991 3992
f 3991 3993 3994
f 3993 3995 3996
f 3995 3997 3998
f 3997 3999 4000
f 3999 4001 4002
f 4001 4003 4004
f 4003 4005 4006
f 4005 4007 4008
f 4007 4009 4010
f 4009 4011 4012
f 4011 4013 4014
f 4013 4015 4016
f 4015 4017 4018
f 4017 4019 4020
f 4019 4021 4022
f 4021 4023 4024
f 4023 4025 4026
f 4025 4027 4028
f 4027 4029 4030
f 4029 4031 4032
f 4031 4033 4034
f 4033 4035 4036
f 4035 4037 4038
f 4037 4039 4040
f 4039 4041 4042
f 4041 4043 4044
f 4043 4045 4046
f 4045 4047 4048
f 4047 4049 4050
f 4049 4051 4052
f 4051 4053 4054

o Shape_24
usemtl material_1
f 2705 3380 4055
f 2705 3380 4055

o Shape_25
usemtl material_1
f 3300 3457 4056
f 3300 3457 4056

o Shape_26
usemtl material_1
f 3210 3547 4057
f 3210 3547 4057

o Shape_27
usemtl material_1
f 3120 3637 4058
f 3120 3637 4058

o Shape_28
usemtl material_1
f 4059 4060 4061
f 4059 4060 4061

o Shape_29
usemtl material_1
f 2962 3795 4062
f 2962 3795 4062

o Shape_30
usemtl material_1
f 2872 3885 4063
f 2872 3885 4063

o Shape_31
usemtl material_1
f 2782 3975 4064
f 2782 3975 4064

o Shape_32
usemtl material_1
f 2705 3380 4055
f 2705 3380 4055

o Shape_33
usemtl material_1
f 4065 4066 4067
f 4066 4068 4069
f 4068 4070 4071
f 4070 4072 4073
f 4072 4074 4075
f 4074 4076 4077
f 4076 4078 4079
f 4078 4080 4081
f 4080 4082 4083
f 4082 4084 4085
f 4084 4086 4087
f 4086 4088 4089
f 4088 4090 4091
f 4090 4092 4093
f 4092 4094 4095
f 4094 4096 4097
f 4096 4098 4099
f 4098 4100 4101
f 4100 4102 4103
f 4102 4104 4105
f 4104 4106 4107
f 4106 4108 4109
f 4108 4110 4111
f 4110 4112 4113
f 4112 4114 4115
f 4114 4116 4117
f 4116 4118 4119
f 4118 4120 4121
f 4120 4122 4123
f 4122 4124 4125
f 4124 4126 4127
f 4126 4128 4129
f 4128 4130 4131
f 4130 4132 4133
f 4132 4134 4135
f 4134 4136 4137
f 4136 4138 4139
f 4138 4140 4141
f 4140 4142 4143
f 4142 4144 4145
f 4144 4146 4147
f 4146 4148 4149
f 4148 4150 4151
f 4150 4152 4153
f 4152 4154 4155
f 4154 4156 4157
f 4156 4158 4159
f 4158 4160 4161
f 4160 4162 4163
f 4162 4164 4165
f 4164 4166 4167
f 4166 4168 4169
f 4168 4170 4171
f 4170 4172 4173
f 4172 4174 4175
f 4174 4176 4177
f 4176 4178 4179
f 4178 4180 4181
f 4180 4182 4183
f 4182 4184 4185
f 4184 4186 4187
f 4186 4188 4189
f 4188 4190 4191
f 4190 4192 4193
f 4192 4194 4195
f 4194 4196 4197
f 4196 4198 4199
f 4198 4200 4201
f 4200 4202 4203
f 4202 4204 4205
f 4204 4206 4207
f 4206 4208 4209
f 4208 4210 4211
f 4210 4212 4213
f 4212 4214 4215
f 4214 4216 4217
f 4216 4218 4219
f 4218 4220 4221
f 4220 4222 4223
f 4222 4224 4225
f 4224 4226 4227
f 4226 4228 4229
f 4228 4230 4231
f 4230 4232 4233
f 4232 4234 4235
f 4234 4236 4237
f 4236 4238 4239
f 4238 4240 4241
f 4240 4242 4243
f 4242 4244 4245
f 4244 4246 4247
f 4246 4248 4249
f 4248 4250 4251
f 4250 4252 4253
f 4252 4254 4255
f 4254 4256 4257
f 4256 4258 4259
f 4258 4260 4261
f 4260 4262 4263
f 4262 4264 4265
f 4264 4266 4267
f 4266 4268 4269
f 4268 4270 4271
f 4270 4272 4273
f 4272 4274 4275
f 4274 4276 4277
f 4276 4278 4279
f 4278 4280 4281
f 4280 4282 4283
f 4282 4284 4285
f 4284 4286 4287
f 4286 4288 4289
f 4288 4290 4291
f 4290 4292 4293
f 4292 4294 4295
f 4294 4296 4297
f 4296 4298 4299
f 4298 4300 4301
f 4300 4302 4303
f 4302 4304 4305
f 4304 4306 4307
f 4306 4308 4309
f 4308 4310 4311
f 4310 4312 4313
f 4312 4314 4315
f 4314 4316 4317
f 4316 4318 4319
f 4318 4320 4321
f 4320 4322 4323
f 4322 4324 4325
f 4324 4326 4327
f 4326 4328 4329
f 4328 4330 4331
f 4330 4332 4333
f 4332 4334 4335
f 4334 4336 4337
f 4336 4338 4339
f 4338 4340 4341
f 4340 4342 4343
f 4342 4344 4345
f 4344 4346 4347
f 4346 4348 4349
f 4348 4350 4351
f 4350 4352 4353
f 4352 4354 4355
f 4354 4356 4357
f 4356 4358 4359
f 4358 4360 4361
f 4360 4362 4363
f 4362 4364 4365
f 4364 4366 4367
f 4366 4368 4369
f 4368 4370 4371
f 4370 4372 4373
f 4372 4374 4375
f 4374 4376 4377
f 4376 4378 4379
f 4378 4380 4381
f 4380 4382 4383
f 4382 4384 4385
f 4384 4386 4387
f 4386 4388 4389
f 4388 4390 4391
f 4390 4392 4393
f 4392 4394 4395
f 4394 4396 4397
f 4396 4398 4399
f 4398 4400 4401
f 4400 4402 4403
f 4402 4404 4405
f 4404 4406 4407
f 4406 4408 4409
f 4408 4410 4411
f 4410 4412 4413
f 4412 4414 4415
f 4414 4416 4417
f 4416 4418 4419
f 4418 4420 4421
f 4420 4422 4423
f 4422 4424 4425
f 4424 4426 4427
f 4426 4428 4429
f 4428 4430 4431
f 4430 4432 4433
f 4432 4434 4435
f 4434 4436 4437
f 4436 4438 4439
f 4438 4440 4441
f 4440 4442 4443
f 4442 4444 4445
f 4444 4446 4447
f 4446 4448 4449
f 4448 4450 4451
f 4450 4452 4453
f 4452 4454 4455
f 4454 4456 4457
f 4456 4458 4459
f 4458 4460 4461
f 4460 4462 4463
f 4462 4464 4465
f 4464 4466 4467
f 4466 4468 4469
f 4468 4470 4471
f 4470 4472 4473
f 4472 4474 4475
f 4474 4476 4477
f 4476 4478 4479
f 4478 4480 4481
f 4480 4482 4483
f 4482 4484 4485
f 4484 4486 4487
f 4486 4488 4489
f 4488 4490 4491
f 4490 4492 4493
f 4492 4494 4495
f 4494 4496 4497
f 4496 4498 4499
f 4498 4500 4501
f 4500 4502 4503
f 4502 4504 4505
f 4504 4506 4507
f 4506 4508 4509
f 4508 4510 4511
f 4510 4512 4513
f 4512 4514 4515
f 4514 4516 4517
f 4516 4518 4519
f 4518 4520 4521
f 4520 4522 4523
f 4522 4524 4525
f 4524 4526 4527
f 4526 4528 4529
f 4528 4530 4531
f 4530 4532 4533
f 4532 4534 4535
f 4534 4536 4537
f 4536 4538 4539
f 4538 4540 4541
f 4540 4542 4543
f 4542 4544 4545
f 4544 4546 4547
f 4546 4548 4549
f 4548 4550 4551
f 4550 4552 4553
f 4552 4554 4555
f 4554 4556 4557
f 4556 4558 4559
f 4558 4560 4561
f 4560 4562 4563
f 4562 4564 4565
f 4564 4566 4567
f 4566 4568 4569
f 4568 4570 4571
f 4570 4572 4573
f 4572 4574 4575
f 4574 4576 4577
f 4576 4578 4579
f 4578 4580 4581
f 4580 4582 4583
f 4582 4584 4585
f 4584 4586 4587
f 4586 4588 4589
f 4588 4590 4591
f 4590 4592 4593
f 4592 4594 4595
f 4594 4596 4597
f 4596 4598 4599
f 4598 4600 4601
f 4600 4602 4603
f 4602 4604 4605
f 4604 4606 4607
f 4606 4608 4609
f 4608 4610 4611
f 4610 4612 4613
f 4612 4614 4615
f 4614 4616 4617
f 4616 4618 4619
f 4618 4620 4621
f 4620 4622 4623
f 4622 4624 4625
f 4624 4626 4627
f 4626 4628 4629
f 4628 4630 4631
f 4630 4632 4633
f 4632 4634 4635
f 4634 4636 4637
f 4636 4638 4639
f 4638 4640 4641
f 4640 4642 4643
f 4642 4644 4645
f 4644 4646 4647
f 4646 4648 4649
f 4648 4650 4651
f 4650 4652 4653
f 4652 4654 4655
f 4654 4656 4657
f 4656 4658 4659
f 4658 4660 4661
f 4660 4662 4663
f 4662 4664 4665
f 4664 4666 4667
f 4666 4668 4669
f 4668 4670 4671
f 4670 4672 4673
f 4672 4674 4675
f 4674 4676 4677
f 4676 4678 4679
f 4678 4680 4681
f 4680 4682 4683
f 4682 4684 4685
f 4684 4686 4687
f 4686 4688 4689
f 4688 4690 4691
f 4690 4692 4693
f 4692 4694 4695
f 4694 4696 4697
f 4696 4698 4699
f 4698 4700 4701
f 4700 4702 4703
f 4702 4704 4705
f 4704 4706 4707
f 4706 4708 4709
f 4708 4710 4711
f 4710 4712 4713
f 4712 4714 4715
f 4714 4716 4717
f 4716 4718 4719
f 4718 4720 4721
f 4720 4722 4723
f 4722 4724 4725
f 4724 4726 4727
f 4726 4728 4729
f 4728 4730 4731
f 4730 4732 4733
f 4732 4734 4735
f 4734 4736 4737
f 4736 4738 4739

o Shape_34
usemtl material_1
f 4740 4741 4742
f 4741 4743 4744
f 4743 4745 4746
f 4745 4747 4748
f 4747 4749 4750
f 4749 4751 4752
f 4751 4753 4754
f 4753 4755 4756
f 4755 4757 4758
f 4757 4759 4760
f 4759 4761 4762
f 4761 4763 4764
f 4763 4765 4766
f 4765 4767 4768
f 4767 4769 4770
f 4769 4771 4772
f 4771 4773 4774
f 4773 4775 4776
f 4775 4777 4778
f 4777 4779 4780
f 4779 4781 4782
f 4781 4783 4784
f 4783 4785 4786
f 4785 4787 4788
f 4787 4789 4790
f 4789 4791 4792
f 4791 4793 4794
f 4793 4795 4796
f 4795 4797 4798
f 4797 4799 4800
f 4799 4801 4802
f 4801 4803 4804
f 4803 4805 4806
f 4805 4807 4808
f 4807 4809 4810
f 4809 4811 4812
f 4811 4813 4814
f 4813 4815 4816
f 4815 4817 4818
f 4817 4819 4820
f 4819 4821 4822
f 4821 4823 4824
f 4823 4825 4826
f 4825 4827 4828
f 4827 4829 4830
f 4829 4831 4832
f 4831 4833 4834
f 4833 4835 4836
f 4835 4837 4838
f 4837 4839 4840
f 4839 4841 4842
f 4841 4843 4844
f 4843 4845 4846
f 4845 4847 4848
f 4847 4849 4850
f 4849 4851 4852
f 4851 4853 4854
f 4853 4855 4856
f 4855 4857 4858
f 4857 4859 4860
f 4859 4861 4862
f 4861 4863 4864
f 4863 4865 4866
f 4865 4867 4868
f 4867 4869 4870
f 4869 4871 4872
f 4871 4873 4874
f 4873 4875 4876
f 4875 4877 4878
f 4877 4879 4880
f 4879 4881 4882
f 4881 4883 4884
f 4883 4885 4886
f 4885 4887 4888
f 4887 4889 4890
f 4889 4891 4892
f 4891 4893 4894
f 4893 4895 4896
f 4895 4897 4898
f 4897 4899 4900
f 4899 4901 4902
f 4901 4903 4904
f 4903 4905 4906
f 4905 4907 4908
f 4907 4909 4910
f 4909 4911 4912
f 4911 4913 4914
f 4913 4915 4916
f 4915 4917 4918
f 4917 4919 4920
f 4919 4921 4922
f 4921 4923 4924
f 4923 4925 4926
f 4925 4927 4928
f 4927 4929 4930
f 4929 4931 4932
f 4931 4933 4934
f 4933 4935 4936
f 4935 4937 4938
f 4937 4939 4940
f 4939 4941 4942
f 4941 4943 4944
f 4943 4945 4946
f 4945 4947 4948
f 4947 4949 4950
f 4949 4951 4952
f 4951 4953 4954
f 4953 4955 4956
f 4955 4957 4958
f 4957 4959 4960
f 4959 4961 4962
f 4961 4963 4964
f 4963 4965 4966
f 4965 4967 4968
f 4967 4969 4970
f 4969 4971 4972
f 4971 4973 4974
f 4973 4975 4976
f 4975 4977 4978
f 4977 4979 4980
f 4979 4981 4982
f 4981 4983 4984
f 4983 4985 4986
f 4985 4987 4988
f 4987 4989 4990
f 4989 4991 4992
f 4991 4993 4994
f 4993 4995 4996
f 4995 4997 4998
f 4997 4999 5000
f 4999 5001 5002
f 5001 5003 5004
f 5003 5005 5006
f 5005 5007 5008
f 5007 5009 5010
f 5009 5011 5012
f 5011 5013 5014
f 5013 5015 5016
f 5015 5017 5018
f 5017 5019 5020
f 5019 5021 5022
f 5021 5023 5024
f 5023 5025 5026
f 5025 5027 5028
f 5027 5029 5030
f 5029 5031 5032
f 5031 5033 5034
f 5033 5035 5036
f 5035 5037 5038
f 5037 5039 5040
f 5039 5041 5042
f 5041 5043 5044
f 5043 5045 5046
f 5045 5047 5048
f 5047 5049 5050
f 5049 5051 5052
f 5051 5053 5054
f 5053 5055 5056
f 5055 5057 5058
f 5057 5059 5060
f 5059 5061 5062
f 5061 5063 5064
f 5063 5065 5066
f 5065 5067 5068
f 5067 5069 5070
f 5069 5071 5072
f 5071 5073 5074
f 5073 5075 5076
f 5075 5077 5078
f 5077 5079 5080
f 5079 5081 5082
f 5081 5083 5084
f 5083 5085 5086
f 5085 5087 5088
f 5087 5089 5090
f 5089 5091 5092
f 5091 5093 5094
f 5093 5095 5096
f 5095 5097 5098
f 5097 5099 5100
f 5099 5101 5102
f 5101 5103 5104
f 5103 5105 5106
f 5105 5107 5108
f 5107 5109 5110
f 5109 5111 5112
f 5111 5113 5114
f 5113 5115 5116
f 5115 5117 5118
f 5117 5119 5120
f 5119 5121 5122
f 5121 5123 5124
f 5123 5125 5126
f 5125 5127 5128
f 5127 5129 5130
f 5129 5131 5132
f 5131 5133 5134
f 5133 5135 5136
f 5135 5137 5138
f 5137 5139 5140
f 5139 5141 5142
f 5141 5143 5144
f 5143 5145 5146
f 5145 5147 5148
f 5147 5149 5150
f 5149 5151 5152
f 5151 5153 5154
f 5153 5155 5156
f 5155 5157 5158
f 5157 5159 5160
f 5159 5161 5162
f 5161 5163 5164
f 5163 5165 5166
f 5165 5167 5168
f 5167 5169 5170
f 5169 5171 5172
f 5171 5173 5174
f 5173 5175 5176
f 5175 5177 5178
f 5177 5179 5180
f 5179 5181 5182
f 5181 5183 5184
f 5183 5185 5186
f 5185 5187 5188
f 5187 5189 5190
f 5189 5191 5192
f 5191 5193 5194
f 5193 5195 5196
f 5195 5197 5198
f 5197 5199 5200
f 5199 5201 5202
f 5201 5203 5204
f 5203 5205 5206
f 5205 5207 5208
f 5207 5209 5210
f 5209 5211 5212
f 5211 5213 5214
f 5213 5215 5216
f 5215 5217 5218
f 5217 5219 5220
f 5219 5221 5222
f 5221 5223 5224
f 5223 5225 5226
f 5225 5227 5228
f 5227 5229 5230
f 5229 5231 5232
f 5231 5233 5234
f 5233 5235 5236
f 5235 5237 5238
f 5237 5239 5240
f 5239 5241 5242
f 5241 5243 5244
f 5243 5245 5246
f 5245 5247 5248
f 5247 5249 5250
f 5249 5251 5252
f 5251 5253 5254
f 5253 5255 5256
f 5255 5257 5258
f 5257 5259 5260
f 5259 5261 5262
f 5261 5263 5264
f 5263 5265 5266
f 5265 5267 5268
f 5267 5269 5270
f 5269 5271 5272
f 5271 5273 5274
f 5273 5275 5276
f 5275 5277 5278
f 5277 5279 5280
f 5279 5281 5282
f 5281 5283 5284
f 5283 5285 5286
f 5285 5287 5288
f 5287 5289 5290
f 5289 5291 5292
f 5291 5293 5294
f 5293 5295 5296
f 5295 5297 5298
f 5297 5299 5300
f 5299 5301 5302
f 5301 5303 5304
f 5303 5305 5306
f 5305 5307 5308
f 5307 5309 5310
f 5309 5311 5312
f 5311 5313 5314
f 5313 5315 5316
f 5315 5317 5318
f 5317 5319 5320
f 5319 5321 5322
f 5321 5323 5324
f 5323 5325 5326
f 5325 5327 5328
f 5327 5329 5330
f 5329 5331 5332
f 5331 5333 5334
f 5333 5335 5336
f 5335 5337 5338
f 5337 5339 5340
f 5339 5341 5342
f 5341 5343 5344
f 5343 5345 5346
f 5345 5347 5348
f 5347 5349 5350
f 5349 5351 5352
f 5351 5353 5354
f 5353 5355 5356
f 5355 5357 5358
f 5357 5359 5360
f 5359 5361 5362
f 5361 5363 5364
f 5363 5365 5366
f 5365 5367 5368
f 5367 5369 5370
f 5369 5371 5372
f 5371 5373 5374
f 5373 5375 5376
f 5375 5377 5378
f 5377 5379 5380
f 5379 5381 5382
f 5381 5383 5384
f 5383 5385 5386
f 5385 5387 5388
f 5387 5389 5390
f 5389 5391 5392
f 5391 5393 5394
f 5393 5395 5396
f 5395 5397 5398
f 5397 5399 5400
f 5399 5401 5402
f 5401 5403 5404
f 5403 5405 5406
f 5405 5407 5408
f 5407 5409 5410
f 5409 5411 5412
f 5411 5413 5414

o Shape_35
usemtl material_1
f 4065 4740 5415
f 4065 4740 5415

o Shape_36
usemtl material_1
f 4660 4817 5416
f 4660 4817 5416

o Shape_37
usemtl material_1
f 4570 4907 5417
f 4570 4907 5417

o Shape_38
usemtl material_1
f 4480 4997 5418
f 4480 4997 5418

o Shape_39
usemtl material_1
f 5419 5420 5421
f 5419 5420 5421

o Shape_40
usemtl material_1
f 4322 5155 5422
f 4322 5155 5422

o Shape_41
usemtl material_1
f 4232 5245 5423
f 4232 5245 5423

o Shape_42
usemtl material_1
f 4142 5335 5424
f 4142 5335 5424

o Shape_43
usemtl material_1
f 4065 4740 5415
f 4065 4740 5415

o Shape_44
usemtl material_1
f 5425 5426 5427
f 5426 5428 5429
f 5428 5430 5431
f 5430 5432 5433
f 5432 5434 5435
f 5434 5436 5437
f 5436 5438 5439
f 5438 5440 5441
f 5440 5442 5443
f 5442 5444 5445
f 5444 5446 5447
f 5446 5448 5449
f 5448 5450 5451
f 5450 5452 5453
f 5452 5454 5455
f 5454 5456 5457
f 5456 5458 5459
f 5458 5460 5461
f 5460 5462 5463
f 5462 5464 5465
f 5464 5466 5467
f 5466 5468 5469
f 5468 5470 5471
f 5470 5472 5473
f 5472 5474 5475
f 5474 5476 5477
f 5476 5478 5479
f 5478 5480 5481
f 5480 5482 5483
f 5482 5484 5485
f 5484 5486 5487
f 5486 5488 5489
f 5488 5490 5491
f 5490 5492 5493
f 5492 5494 5495
f 5494 5496 5497
f 5496 5498 5499
f 5498 5500 5501
f 5500 5502 5503
f 5502 5504 5505
f 5504 5506 5507
f 5506 5508 5509
f 5508 5510 5511
f 5510 5512 5513
f 5512 5514 5515
f 5514 5516 5517
f 5516 5518 5519
f 5518 5520 5521
f 5520 5522 5523
f 5522 5524 5525
f 5524 5526 5527
f 5526 5528 5529
f 5528 5530 5531
f 5530 5532 5533
f 5532 5534 5535
f 5534 5536 5537
f 5536 5538 5539
f 5538 5540 5541
f 5540 5542 5543
f 5542 5544 5545
f 5544 5546 5547
f 5546 5548 5549
f 5548 5550 5551
f 5550 5552 5553
f 5552 5554 5555
f 5554 5556 5557
f 5556 5558 5559
f 5558 5560 5561
f 5560 5562 5563
f 5562 5564 5565
f 5564 5566 5567
f 5566 5568 5569
f 5568 5570 5571
f 5570 5572 5573
f 5572 5574 5575
f 5574 5576 5577
f 5576 5578 5579
f 5578 5580 5581
f 5580 5582 5583
f 5582 5584 5585
f 5584 5586 5587
f 5586 5588 5589
f 5588 5590 5591
f 5590 5592 5593
f 5592 5594 5595
f 5594 5596 5597
f 5596 5598 5599
f 5598 5600 5601
f 5600 5602 5603
f 5602 5604 5605
f 5604 5606 5607
f 5606 5608 5609
f 5608 5610 5611
f 5610 5612 5613
f 5612 5614 5615
f 5614 5616 5617
f 5616 5618 5619
f 5618 5620 5621
f 5620 5622 5623
f 5622 5624 5625
f 5624 5626 5627
f 5626 5628 5629
f 5628 5630 5631
f 5630 5632 5633
f 5632 5634 5635
f 5634 5636 5637
f 5636 5638 5639
f 5638 5640 5641
f 5640 5642 5643
f 5642 5644 5645
f 5644 5646 5647
f 5646 5648 5649
f 5648 5650 5651
f 5650 5652 5653
f 5652 5654 5655
f 5654 5656 5657
f 5656 5658 5659
f 5658 5660 5661
f 5660 5662 5663
f 5662 5664 5665
f 5664 5666 5667
f 5666 5668 5669
f 5668 5670 5671
f 5670 5672 5673
f 5672 5674 5675
f 5674 5676 5677
f 5676 5678 5679
f 5678 5680 5681
f 5680 5682 5683
f 5682 5684 5685
f 5684 5686 5687
f 5686 5688 5689
f 5688 5690 5691
f 5690 5692 5693
f 5692 5694 5695
f 5694 5696 5697
f 5696 5698 5699
f 5698 5700 5701
f 5700 5702 5703
f 5702 5704 5705
f 5704 5706 5707
f 5706 5708 5709
f 5708 5710 5711
f 5710 5712 5713
f 5712 5714 5715
f 5714 5716 5717
f 5716 5718 5719
f 5718 5720 5721
f 5720 5722 5723
f 5722 5724 5725
f 5724 5726 5727
f 5726 5728 5729
f 5728 5730 5731
f 5730 5732 5733
f 5732 5734 5735
f 5734 5736 5737
f 5736 5738 5739
f 5738 5740 5741
f 5740 5742 5743
f 5742 5744 5745
f 5744 5746 5747
f 5746 5748 5749
f 5748 5750 5751
f 5750 5752 5753
f 5752 5754 5755
f 5754 5756 5757
f 5756 5758 5759
f 5758 5760 5761
f 5760 5762 5763
f 5762 5764 5765
f 5764 5766 5767
f 5766 5768 5769
f 5768 5770 5771
f 5770 5772 5773
f 5772 5774 5775
f 5774 5776 5777
f 5776 5778 5779
f 5778 5780 5781
f 5780 5782 5783
f 5782 5784 5785
f 5784 5786 5787
f 5786 5788 5789
f 5788 5790 5791
f 5790 5792 5793
f 5792 5794 5795
f 5794 5796 5797
f 5796 5798 5799
f 5798 5800 5801
f 5800 5802 5803
f 5802 5804 5805
f 5804 5806 5807
f 5806 5808 5809
f 5808 5810 5811
f 5810 5812 5813
f 5812 5814 5815
f 5814 5816 5817
f 5816 5818 5819
f 5818 5820 5821
f 5820 5822 5823
f 5822 5824 5825
f 5824 5826 5827
f 5826 5828 5829
f 5828 5830 5831
f 5830 5832 5833
f 5832 5834 5835
f 5834 5836 5837
f 5836 5838 5839
f 5838 5840 5841
f 5840 5842 5843
f 5842 5844 5845
f 5844 5846 5847
f 5846 5848 5849
f 5848 5850 5851
f 5850 5852 5853
f 5852 5854 5855
f 5854 5856 5857
f 5856 5858 5859
f 5858 5860 5861
f 5860 5862 5863
f 5862 5864 5865
f 5864 5866 5867
f 5866 5868 5869
f 5868 5870 5871
f 5870 5872 5873
f 5872 5874 5875
f 5874 5876 5877
f 5876 5878 5879
f 5878 5880 5881
f 5880 5882 5883
f 5882 5884 5885
f 5884 5886 5887
f 5886 5888 5889
f 5888 5890 5891
f 5890 5892 5893
f 5892 5894 5895
f 5894 5896 5897
f 5896 5898 5899
f 5898 5900 5901
f 5900 5902 5903
f 5902 5904 5905
f 5904 5906 5907
f 5906 5908 5909
f 5908 5910 5911
f 5910 5912 5913
f 5912 5914 5915
f 5914 5916 5917
f 5916 5918 5919
f 5918 5920 5921
f 5920 5922 5923
f 5922 5924 5925
f 5924 5926 5927
f 5926 5928 5929
f 5928 5930 5931
f 5930 5932 5933
f 5932 5934 5935
f 5934 5936 5937
f 5936 5938 5939
f 5938 5940 5941
f 5940 5942 5943
f 5942 5944 5945
f 5944 5946 5947
f 5946 5948 5949
f 5948 5950 5951
f 5950 5952 5953
f 5952 5954 5955
f 5954 5956 5957
f 5956 5958 5959
f 5958 5960 5961
f 5960 5962 5963
f 5962 5964 5965
f 5964 5966 5967
f 5966 5968 5969
f 5968 5970 5971
f 5970 5972 5973
f 5972 5974 5975
f 5974 5976 5977
f 5976 5978 5979
f 5978 5980 5981
f 5980 5982 5983
f 5982 5984 5985
f 5984 5986 5987
f 5986 5988 5989
f 5988 5990 5991
f 5990 5992 5993
f 5992 5994 5995
f 5994 5996 5997
f 5996 5998 5999
f 5998 6000 6001
f 6000 6002 6003
f 6002 6004 6005
f 6004 6006 6007
f 6006 6008 6009
f 6008 6010 6011
f 6010 6012 6013
f 6012 6014 6015
f 6014 6016 6017
f 6016 6018 6019
f 6018 6020 6021
f 6020 6022 6023
f 6022 6024 6025
f 6024 6026 6027
f 6026 6028 6029
f 6028 6030 6031
f 6030 6032 6033
f 6032 6034 6035
f 6034 6036 6037
f 6036 6038 6039
f 6038 6040 6041
f 6040 6042 6043
f 6042 6044 6045
f 6044 6046 6047
f 6046 6048 6049
f 6048 6050 6051
f 6050 6052 6053
f 6052 6054 6055
f 6054 6056 6057
f 6056 6058 6059
f 6058 6060 6061
f 6060 6062 6063
f 6062 6064 6065
f 6064 6066 6067
f 6066 6068 6069
f 6068 6070 6071
f 6070 6072 6073
f 6072 6074 6075
f 6074 6076 6077
f 6076 6078 6079
f 6078 6080 6081
f 6080 6082 6083
f 6082 6084 6085
f 6084 6086 6087
f 6086 6088 6089
f 6088 6090 6091
f 6090 6092 6093
f 6092 6094 6095
f 6094 6096 6097
f 6096 6098 6099
f 6098 6100 6101
f 6100 6102 6103
f 6102 6104 6105
f 6104 6106 6107
f 6106 6108 6109
f 6108 6110 6111
f 6110 6112 6113
f 6112 6114 6115
f 6114 6116 6117
f 6116 6118 6119
f 6118 6120 6121
f 6120 6122 6123
f 6122 6124 6125
f 6124 6126 6127
f 6126 6128 6129
f 6128 6130 6131
f 6130 6132 6133
f 6132 6134 6135
f 6134 6136 6137
f 6136 6138 6139
f 6138 6140 6141
f 6140 6142 6143
f 6142 5425 6144

o Shape_45
usemtl material_1
f 6145 6146 6147
f 6146 6148 6149
f 6148 6150 6151
f 6150 6152 6153
f 6152 6154 6155
f 6154 6156 6157
f 6156 6158 6159
f 6158 6160 6161
f 6160 6162 6163
f 6162 6164 6165
f 6164 6166 6167
f 6166 6168 6169
f 6168 6170 6171
f 6170 6172 6173
f 6172 6174 6175
f 6174 6176 6177
f 6176 6178 6179
f 6178 6180 6181
f 6180 6182 6183
f 6182 6184 6185
f 6184 6186 6187
f 6186 6188 6189
f 6188 6190 6191
f 6190 6192 6193
f 6192 6194 6195
f 6194 6196 6197
f 6196 6198 6199
f 6198 6200 6201
f 6200 6202 6203
f 6202 6204 6205
f 6204 6206 6207
f 6206 6208 6209
f 6208 6210 6211
f 6210 6212 6213
f 6212 6214 6215
f 6214 6216 6217
f 6216 6218 6219
f 6218 6220 6221
f 6220 6222 6223
f 6222 6224 6225
f 6224 6226 6227
f 6226 6228 6229
f 6228 6230 6231
f 6230 6232 6233
f 6232 6234 6235
f 6234 6236 6237
f 6236 6238 6239
f 6238 6240 6241
f 6240 6242 6243
f 6242 6244 6245
f 6244 6246 6247
f 6246 6248 6249
f 6248 6250 6251
f 6250 6252 6253
f 6252 6254 6255
f 6254 6256 6257
f 6256 6258 6259
f 6258 6260 6261
f 6260 6262 6263
f 6262 6264 6265
f 6264 6266 6267
f 6266 6268 6269
f 6268 6270 6271
f 6270 6272 6273
f 6272 6274 6275
f 6274 6276 6277
f 6276 6278 6279
f 6278 6280 6281
f 6280 6282 6283
f 6282 6284 6285
f 6284 6286 6287
f 6286 6288 6289
f 6288 6290 6291
f 6290 6292 6293
f 6292 6294 6295
f 6294 6296 6297
f 6296 6298 6299
f 6298 6300 6301
f 6300 6302 6303
f 6302 6304 6305
f 6304 6306 6307
f 6306 6308 6309
f 6308 6310 6311
f 6310 6312 6313
f 6312 6314 6315
f 6314 6316 6317
f 6316 6318 6319
f 6318 6320 6321
f 6320 6322 6323
f 6322 6324 6325
f 6324 6326 6327
f 6326 6328 6329
f 6328 6330 6331
f 6330 6332 6333
f 6332 6334 6335
f 6334 6336 6337
f 6336 6338 6339
f 6338 6340 6341
f 6340 6342 6343
f 6342 6344 6345
f 6344 6346 6347
f 6346 6348 6349
f 6348 6350 6351
f 6350 6352 6353
f 6352 6354 6355
f 6354 6356 6357
f 6356 6358 6359
f 6358 6360 6361
f 6360 6362 6363
f 6362 6364 6365
f 6364 6366 6367
f 6366 6368 6369
f 6368 6370 6371
f 6370 6372 6373
f 6372 6374 6375
f 6374 6376 6377
f 6376 6378 6379
f 6378 6380 6381
f 6380 6382 6383
f 6382 6384 6385
f 6384 6386 6387
f 6386 6388 6389
f 6388 6390 6391
f 6390 6392 6393
f 6392 6394 6395
f 6394 6396 6397
f 6396 6398 6399
f 6398 6400 6401
f 6400 6402 6403
f 6402 6404 6405
f 6404 6406 6407
f 6406 6408 6409
f 6408 6410 6411
f 6410 6412 6413
f 6412 6414 6415
f 6414 6416 6417
f 6416 6418 6419
f 6418 6420 6421
f 6420 6422 6423
f 6422 6424 6425
f 6424 6426 6427
f 6426 6428 6429
f 6428 6430 6431
f 6430 6432 6433
f 6432 6434 6435
f 6434 6436 6437
f 6436 6438 6439
f 6438 6440 6441
f 6440 6442 6443
f 6442 6444 6445
f 6444 6446 6447
f 6446 6448 6449
f 6448 6450 6451
f 6450 6452 6453
f 6452 6454 6455
f 6454 6456 6457
f 6456 6458 6459
f 6458 6460 6461
f 6460 6462 6463
f 6462 6464 6465
f 6464 6466 6467
f 6466 6468 6469
f 6468 6470 6471
f 6470 6472 6473
f 6472 6474 6475
f 6474 6476 6477
f 6476 6478 6479
f 6478 6480 6481
f 6480 6482 6483
f 6482 6484 6485
f 6484 6486 6487
f 6486 6488 6489
f 6488 6490 6491
f 6490 6492 6493
f 6492 6494 6495
f 6494 6496 6497
f 6496 6498 6499
f 6498 6500 6501
f 6500 6502 6503
f 6502 6504 6505
f 6504 6506 6507
f 6506 6508 6509
f 6508 6510 6511
f 6510 6512 6513
f 6512 6514 6515
f 6514 6516 6517
f 6516 6518 6519
f 6518 6520 6521
f 6520 6522 6523
f 6522 6524 6525
f 6524 6526 6527
f 6526 6528 6529
f 6528 6530 6531
f 6530 6532 6533
f 6532 6534 6535
f 6534 6536 6537
f 6536 6538 6539
f 6538 6540 6541
f 6540 6542 6543
f 6542 6544 6545
f 6544 6546 6547
f 6546 6548 6549
f 6548 6550 6551
f 6550 6552 6553
f 6552 6554 6555
f 6554 6556 6557
f 6556 6558 6559
f 6558 6560 6561
f 6560 6562 6563
f 6562 6564 6565
f 6564 6566 6567
f 6566 6568 6569
f 6568 6570 6571
f 6570 6572 6573
f 6572 6574 6575
f 6574 6576 6577
f 6576 6578 6579
f 6578 6580 6581
f 6580 6582 6583
f 6582 6584 6585
f 6584 6586 6587
f 6586 6588 6589
f 6588 6590 6591
f 6590 6592 6593
f 6592 6594 6595
f 6594 6596 6597
f 6596 6598 6599
f 6598 6600 6601
f 6600 6602 6603
f 6602 6604 6605
f 6604 6606 6607
f 6606 6608 6609
f 6608 6610 6611
f 6610 6612 6613
f 6612 6614 6615
f 6614 6616 6617
f 6616 6618 6619
f 6618 6620 6621
f 6620 6622 6623
f 6622 6624 6625
f 6624 6626 6627
f 6626 6628 6629
f 6628 6630 6631
f 6630 6632 6633
f 6632 6634 6635
f 6634 6636 6637
f 6636 6638 6639
f 6638 6640 6641
f 6640 6642 6643
f 6642 6644 6645
f 6644 6646 6647
f 6646 6648 6649
f 6648 6650 6651
f 6650 6652 6653
f 6652 6654 6655
f 6654 6656 6657
f 6656 6658 6659
f 6658 6660 6661
f 6660 6662 6663
f 6662 6664 6665
f 6664 6666 6667
f 6666 6668 6669
f 6668 6670 6671
f 6670 6672 6673
f 6672 6674 6675
f 6674 6676 6677
f 6676 6678 6679
f 6678 6680 6681
f 6680 6682 6683
f 6682 6684 6685
f 6684 6686 6687
f 6686 6688 6689
f 6688 6690 6691
f 6690 6692 6693
f 6692 6694 6695
f 6694 6696 6697
f 6696 6698 6699
f 6698 6700 6701
f 6700 6702 6703
f 6702 6704 6705
f 6704 6706 6707
f 6706 6708 6709
f 6708 6710 6711
f 6710 6712 6713
f 6712 6714 6715
f 6714 6716 6717
f 6716 6718 6719
f 6718 6720 6721
f 6720 6722 6723
f 6722 6724 6725
f 6724 6726 6727
f 6726 6728 6729
f 6728 6730 6731
f 6730 6732 6733
f 6732 6734 6735
f 6734 6736 6737
f 6736 6738 6739
f 6738 6740 6741
f 6740 6742 6743
f 6742 6744 6745
f 6744 6746 6747
f 6746 6748 6749
f 6748 6750 6751
f 6750 6752 6753
f 6752 6754 6755
f 6754 6756 6757
f 6756 6758 6759
f 6758 6760 6761
f 6760 6762 6763
f 6762 6764 6765
f 6764 6766 6767
f 6766 6768 6769
f 6768 6770 6771
f 6770 6772 6773
f 6772 6774 6775
f 6774 6776 6777
f 6776 6778 6779
f 6778 6780 6781
f 6780 6782 6783
f 6782 6784 6785
f 6784 6786 6787
f 6786 6788 6789
f 6788 6790 6791
f 6790 6792 6793
f 6792 6794 6795
f 6794 6796 6797
f 6796 6798 6799
f 6798 6800 6801
f 6800 6802 6803
f 6802 6804 6805
f 6804 6806 6807
f 6806 6808 6809
f 6808 6810 6811
f 6810 6812 6813
f 6812 6814 6815
f 6814 6816 6817
f 6816 6818 6819
f 6818 6820 6821
f 6820 6822 6823
f 6822 6824 6825
f 6824 6826 6827
f 6826 6828 6829
f 6828 6830 6831
f 6830 6832 6833
f 6832 6834 6835
f 6834 6836 6837
f 6836 6838 6839
f 6838 6840 6841
f 6840 6842 6843
f 6842 6844 6845
f 6844 6846 6847
f 6846 6848 6849
f 6848 6850 6851
f 6850 6852 6853
f 6852 6854 6855
f 6854 6856 6857
f 6856 6858 6859
f 6858 6860 6861
f 6860 6862 6863
f 6862 6145 6864

o Shape_46
usemtl material_1
f 5425 6145 6865
f 5425 6145 6865

o Shape_47
usemtl material_1
f 6054 6234 6866
f 6054 6234 6866

o Shape_48
usemtl material_1
f 5964 6324 6867
f 5964 6324 6867

o Shape_49
usemtl material_1
f 5874 6414 6868
f 5874 6414 6868

o Shape_50
usemtl material_1
f 5784 6504 6869
f 5784 6504 6869

o Shape_51
usemtl material_1
f 5694 6594 6870
f 5694 6594 6870

o Shape_52
usemtl material_1
f 5604 6684 6871
f 5604 6684 6871

o Shape_53
usemtl material_1
f 5514 6774 6872
f 5514 6774 6872

o Shape_54
usemtl material_1
f 5425 6145 6865
f 5425 6145 6865

o Shape_55
usemtl material_1
f 6873 6874 6875
f 6874 6876 6877
f 6876 6878 6879
f 6878 6880 6881
f 6880 6882 6883
f 6882 6884 6885
f 6884 6886 6887
f 6886 6888 6889
f 6888 6890 6891
f 6890 6892 6893
f 6892 6894 6895
f 6894 6896 6897
f 6896 6898 6899
f 6898 6900 6901
f 6900 6902 6903
f 6902 6904 6905
f 6904 6906 6907
f 6906 6908 6909
f 6908 6910 6911
f 6910 6912 6913
f 6912 6914 6915
f 6914 6916 6917
f 6916 6918 6919
f 6918 6920 6921
f 6920 6922 6923
f 6922 6924 6925
f 6924 6926 6927
f 6926 6928 6929
f 6928 6930 6931
f 6930 6932 6933
f 6932 6934 6935
f 6934 6936 6937
f 6936 6938 6939
f 6938 6940 6941
f 6940 6942 6943
f 6942 6944 6945
f 6944 6946 6947
f 6946 6948 6949
f 6948 6950 6951
f 6950 6952 6953
f 6952 6954 6955
f 6954 6956 6957
f 6956 6958 6959
f 6958 6960 6961
f 6960 6962 6963
f 6962 6964 6965
f 6964 6966 6967
f 6966 6968 6969
f 6968 6970 6971
f 6970 6972 6973
f 6972 6974 6975
f 6974 6976 6977
f 6976 6978 6979
f 6978 6980 6981
f 6980 6982 6983
f 6982 6984 6985
f 6984 6986 6987
f 6986 6988 6989
f 6988 6990 6991
f 6990 6992 6993
f 6992 6994 6995
f 6994 6996 6997
f 6996 6998 6999
f 6998 7000 7001
f 7000 7002 7003
f 7002 7004 7005
f 7004 7006 7007
f 7006 7008 7009
f 7008 7010 7011
f 7010 7012 7013
f 7012 7014 7015
f 7014 7016 7017
f 7016 7018 7019
f 7018 7020 7021
f 7020 7022 7023
f 7022 7024 7025
f 7024 7026 7027
f 7026 7028 7029
f 7028 7030 7031
f 7030 7032 7033
f 7032 7034 7035
f 7034 7036 7037
f 7036 7038 7039
f 7038 7040 7041
f 7040 7042 7043
f 7042 7044 7045
f 7044 7046 7047
f 7046 7048 7049
f 7048 7050 7051
f 7050 7052 7053
f 7052 7054 7055
f 7054 7056 7057
f 7056 7058 7059
f 7058 7060 7061
f 7060 7062 7063
f 7062 7064 7065
f 7064 7066 7067
f 7066 7068 7069
f 7068 7070 7071
f 7070 7072 7073
f 7072 7074 7075
f 7074 7076 7077
f 7076 7078 7079
f 7078 7080 7081
f 7080 7082 7083
f 7082 7084 7085
f 7084 7086 7087
f 7086 7088 7089
f 7088 7090 7091
f 7090 7092 7093
f 7092 7094 7095
f 7094 7096 7097
f 7096 7098 7099
f 7098 7100 7101
f 7100 7102 7103
f 7102 7104 7105
f 7104 7106 7107
f 7106 7108 7109
f 7108 7110 7111
f 7110 7112 7113
f 7112 7114 7115
f 7114 7116 7117
f 7116 7118 7119
f 7118 7120 7121
f 7120 7122 7123
f 7122 7124 7125
f 7124 7126 7127
f 7126 7128 7129
f 7128 7130 7131
f 7130 7132 7133
f 7132 7134 7135
f 7134 7136 7137
f 7136 7138 7139
f 7138 7140 7141
f 7140 7142 7143
f 7142 7144 7145
f 7144 7146 7147
f 7146 7148 7149
f 7148 7150 7151
f 7150 7152 7153
f 7152 7154 7155
f 7154 7156 7157
f 7156 7158 7159
f 7158 7160 7161
f 7160 7162 7163
f 7162 7164 7165
f 7164 7166 7167
f 7166 7168 7169
f 7168 7170 7171
f 7170 7172 7173
f 7172 7174 7175
f 7174 7176 7177
f 7176 7178 7179
f 7178 7180 7181
f 7180 7182 7183
f 7182 7184 7185
f 7184 7186 7187
f 7186 7188 7189
f 7188 7190 7191
f 7190 7192 7193
f 7192 7194 7195
f 7194 7196 7197
f 7196 7198 7199
f 7198 7200 7201
f 7200 7202 7203
f 7202 7204 7205
f 7204 7206 7207
f 7206 7208 7209
f 7208 7210 7211
f 7210 7212 7213
f 7212 7214 7215
f 7214 7216 7217
f 7216 7218 7219
f 7218 7220 7221
f 7220 7222 7223
f 7222 7224 7225
f 7224 7226 7227
f 7226 7228 7229
f 7228 7230 7231
f 7230 7232 7233
f 7232 7234 7235
f 7234 7236 7237
f 7236 7238 7239
f 7238 7240 7241
f 7240 7242 7243
f 7242 7244 7245
f 7244 7246 7247
f 7246 7248 7249
f 7248 7250 7251
f 7250 7252 7253
f 7252 7254 7255
f 7254 7256 7257
f 7256 7258 7259
f 7258 7260 7261
f 7260 7262 7263
f 7262 7264 7265
f 7264 7266 7267
f 7266 7268 7269
f 7268 7270 7271
f 7270 7272 7273
f 7272 7274 7275
f 7274 7276 7277
f 7276 7278 7279
f 7278 7280 7281
f 7280 7282 7283
f 7282 7284 7285
f 7284 7286 7287
f 7286 7288 7289
f 7288 7290 7291
f 7290 7292 7293
f 7292 7294 7295
f 7294 7296 7297
f 7296 7298 7299
f 7298 7300 7301
f 7300 7302 7303
f 7302 7304 7305
f 7304 7306 7307
f 7306 7308 7309
f 7308 7310 7311
f 7310 7312 7313
f 7312 7314 7315
f 7314 7316 7317
f 7316 7318 7319
f 7318 7320 7321
f 7320 7322 7323
f 7322 7324 7325
f 7324 7326 7327
f 7326 7328 7329
f 7328 7330 7331
f 7330 7332 7333
f 7332 7334 7335
f 7334 7336 7337
f 7336 7338 7339
f 7338 7340 7341
f 7340 7342 7343
f 7342 7344 7345
f 7344 7346 7347
f 7346 7348 7349
f 7348 7350 7351
f 7350 7352 7353
f 7352 7354 7355
f 7354 7356 7357
f 7356 7358 7359
f 7358 7360 7361
f 7360 7362 7363
f 7362 7364 7365
f 7364 7366 7367
f 7366 7368 7369
f 7368 7370 7371
f 7370 7372 7373
f 7372 7374 7375
f 7374 7376 7377
f 7376 7378 7379
f 7378 7380 7381
f 7380 7382 7383
f 7382 7384 7385
f 7384 7386 7387
f 7386 7388 7389
f 7388 7390 7391
f 7390 7392 7393
f 7392 7394 7395
f 7394 7396 7397
f 7396 7398 7399
f 7398 7400 7401
f 7400 7402 7403
f 7402 7404 7405
f 7404 7406 7407
f 7406 7408 7409
f 7408 7410 7411
f 7410 7412 7413
f 7412 7414 7415
f 7414 7416 7417
f 7416 7418 7419
f 7418 7420 7421
f 7420 7422 7423
f 7422 7424 7425
f 7424 7426 7427
f 7426 7428 7429
f 7428 7430 7431
f 7430 7432 7433
f 7432 7434 7435
f 7434 7436 7437
f 7436 7438 7439
f 7438 7440 7441
f 7440 7442 7443
f 7442 7444 7445
f 7444 7446 7447
f 7446 7448 7449
f 7448 7450 7451
f 7450 7452 7453
f 7452 7454 7455
f 7454 7456 7457
f 7456 7458 7459
f 7458 7460 7461
f 7460 7462 7463
f 7462 7464 7465
f 7464 7466 7467
f 7466 7468 7469
f 7468 7470 7471
f 7470 7472 7473
f 7472 7474 7475
f 7474 7476 7477
f 7476 7478 7479
f 7478 7480 7481
f 7480 7482 7483
f 7482 7484 7485
f 7484 7486 7487
f 7486 7488 7489
f 7488 7490 7491
f 7490 7492 7493
f 7492 7494 7495
f 7494 7496 7497
f 7496 7498 7499
f 7498 7500 7501
f 7500 7502 7503
f 7502 7504 7505
f 7504 7506 7507
f 7506 7508 7509
f 7508 7510 7511
f 7510 7512 7513
f 7512 7514 7515
f 7514 7516 7517
f 7516 7518 7519
f 7518 7520 7521
f 7520 7522 7523
f 7522 7524 7525
f 7524 7526 7527
f 7526 7528 7529
f 7528 7530 7531
f 7530 7532 7533
f 7532 7534 7535
f 7534 7536 7537
f 7536 7538 7539
f 7538 7540 7541
f 7540 7542 7543
f 7542 7544 7545
f 7544 7546 7547
f 7546 7548 7549
f 7548 7550 7551
f 7550 7552 7553
f 7552 7554 7555
f 7554 7556 7557
f 7556 7558 7559
f 7558 7560 7561
f 7560 7562 7563
f 7562 7564 7565
f 7564 7566 7567
f 7566 7568 7569
f 7568 7570 7571
f 7570 7572 7573
f 7572 7574 7575
f 7574 7576 7577
f 7576 7578 7579
f 7578 7580 7581
f 7580 7582 7583
f 7582 7584 7585
f 7584 7586 7587
f 7586 7588 7589
f 7588 7590 7591
f 7590 6873 7592

o Shape_56
usemtl material_1
f 7593 7594 7595
f 7594 7596 7597
f 7596 7598 7599
f 7598 7600 7601
f 7600 7602 7603
f 7602 7604 7605
f 7604 7606 7607
f 7606 7608 7609
f 7608 7610 7611
f 7610 7612 7613
f 7612 7614 7615
f 7614 7616 7617
f 7616 7618 7619
f 7618 7620 7621
f 7620 7622 7623
f 7622 7624 7625
f 7624 7626 7627
f 7626 7628 7629
f 7628 7630 7631
f 7630 7632 7633
f 7632 7634 7635
f 7634 7636 7637
f 7636 7638 7639
f 7638 7640 7641
f 7640 7642 7643
f 7642 7644 7645
f 7644 7646 7647
f 7646 7648 7649
f 7648 7650 7651
f 7650 7652 7653
f 7652 7654 7655
f 7654 7656 7657
f 7656 7658 7659
f 7658 7660 7661
f 7660 7662 7663
f 7662 7664 7665
f 7664 7666 7667
f 7666 7668 7669
f 7668 7670 7671
f 7670 7672 7673
f 7672 7674 7675
f 7674 7676 7677
f 7676 7678 7679
f 7678 7680 7681
f 7680 7682 7683
f 7682 7684 7685
f 7684 7686 7687
f 7686 7688 7689
f 7688 7690 7691
f 7690 7692 7693
f 7692 7694 7695
f 7694 7696 7697
f 7696 7698 7699
f 7698 7700 7701
f 7700 7702 7703
f 7702 7704 7705
f 7704 7706 7707
f 7706 7708 7709
f 7708 7710 7711
f 7710 7712 7713
f 7712 7714 7715
f 7714 7716 7717
f 7716 7718 7719
f 7718 7720 7721
f 7720 7722 7723
f 7722 7724 7725
f 7724 7726 7727
f 7726 7728 7729
f 7728 7730 7731
f 7730 7732 7733
f 7732 7734 7735
f 7734 7736 7737
f 7736 7738 7739
f 7738 7740 7741
f 7740 7742 7743
f 7742 7744 7745
f 7744 7746 7747
f 7746 7748 7749
f 7748 7750 7751
f 7750 7752 7753
f 7752 7754 7755
f 7754 7756 7757
f 7756 7758 7759
f 7758 7760 7761
f 7760 7762 7763
f 7762 7764 7765
f 7764 7766 7767
f 7766 7768 7769
f 7768 7770 7771
f 7770 7772 7773
f 7772 7774 7775
f 7774 7776 7777
f 7776 7778 7779
f 7778 7780 7781
f 7780 7782 7783
f 7782 7784 7785
f 7784 7786 7787
f 7786 7788 7789
f 7788 7790 7791
f 7790 7792 7793
f 7792 7794 7795
f 7794 7796 7797
f 7796 7798 7799
f 7798 7800 7801
f 7800 7802 7803
f 7802 7804 7805
f 7804 7806 7807
f 7806 7808 7809
f 7808 7810 7811
f 7810 7812 7813
f 7812 7814 7815
f 7814 7816 7817
f 7816 7818 7819
f 7818 7820 7821
f 7820 7822 7823
f 7822 7824 7825
f 7824 7826 7827
f 7826 7828 7829
f 7828 7830 7831
f 7830 7832 7833
f 7832 7834 7835
f 7834 7836 7837
f 7836 7838 7839
f 7838 7840 7841
f 7840 7842 7843
f 7842 7844 7845
f 7844 7846 7847
f 7846 7848 7849
f 7848 7850 7851
f 7850 7852 7853
f 7852 7854 7855
f 7854 7856 7857
f 7856 7858 7859
f 7858 7860 7861
f 7860 7862 7863
f 7862 7864 7865
f 7864 7866 7867
f 7866 7868 7869
f 7868 7870 7871
f 7870 7872 7873
f 7872 7874 7875
f 7874 7876 7877
f 7876 7878 7879
f 7878 7880 7881
f 7880 7882 7883
f 7882 7884 7885
f 7884 7886 7887
f 7886 7888 7889
f 7888 7890 7891
f 7890 7892 7893
f 7892 7894 7895
f 7894 7896 7897
f 7896 7898 7899
f 7898 7900 7901
f 7900 7902 7903
f 7902 7904 7905
f 7904 7906 7907
f 7906 7908 7909
f 7908 7910 7911
f 7910 7912 7913
f 7912 7914 7915
f 7914 7916 7917
f 7916 7918 7919
f 7918 7920 7921
f 7920 7922 7923
f 7922 7924 7925
f 7924 7926 7927
f 7926 7928 7929
f 7928 7930 7931
f 7930 7932 7933
f 7932 7934 7935
f 7934 7936 7937
f 7936 7938 7939
f 7938 7940 7941
f 7940 7942 7943
f 7942 7944 7945
f 7944 7946 7947
f 7946 7948 7949
f 7948 7950 7951
f 7950 7952 7953
f 7952 7954 7955
f 7954 7956 7957
f 7956 7958 7959
f 7958 7960 7961
f 7960 7962 7963
f 7962 7964 7965
f 7964 7966 7967
f 7966 7968 7969
f 7968 7970 7971
f 7970 7972 7973
f 7972 7974 7975
f 7974 7976 7977
f 7976 7978 7979
f 7978 7980 7981
f 7980 7982 7983
f 7982 7984 7985
f 7984 7986 7987
f 7986 7988 7989
f 7988 7990 7991
f 7990 7992 7993
f 7992 7994 7995
f 7994 7996 7997
f 7996 7998 7999
f 7998 8000 8001
f 8000 8002 8003
f 8002 8004 8005
f 8004 8006 8007
f 8006 8008 8009
f 8008 8010 8011
f 8010 8012 8013
f 8012 8014 8015
f 8014 8016 8017
f 8016 8018 8019
f 8018 8020 8021
f 8020 8022 8023
f 8022 8024 8025
f 8024 8026 8027
f 8026 8028 8029
f 8028 8030 8031
f 8030 8032 8033
f 8032 8034 8035
f 8034 8036 8037
f 8036 8038 8039
f 8038 8040 8041
f 8040 8042 8043
f 8042 8044 8045
f 8044 8046 8047
f 8046 8048 8049
f 8048 8050 8051
f 8050 8052 8053
f 8052 8054 8055
f 8054 8056 8057
f 8056 8058 8059
f 8058 8060 8061
f 8060 8062 8063
f 8062 8064 8065
f 8064 8066 8067
f 8066 8068 8069
f 8068 8070 8071
f 8070 8072 8073
f 8072 8074 8075
f 8074 8076 8077
f 8076 8078 8079
f 8078 8080 8081
f 8080 8082 8083
f 8082 8084 8085
f 8084 8086 8087
f 8086 8088 8089
f 8088 8090 8091
f 8090 8092 8093
f 8092 8094 8095
f 8094 8096 8097
f 8096 8098 8099
f 8098 8100 8101
f 8100 8102 8103
f 8102 8104 8105
f 8104 8106 8107
f 8106 8108 8109
f 8108 8110 8111
f 8110 8112 8113
f 8112 8114 8115
f 8114 8116 8117
f 8116 8118 8119
f 8118 8120 8121
f 8120 8122 8123
f 8122 8124 8125
f 8124 8126 8127
f 8126 8128 8129
f 8128 8130 8131
f 8130 8132 8133
f 8132 8134 8135
f 8134 8136 8137
f 8136 8138 8139
f 8138 8140 8141
f 8140 8142 8143
f 8142 8144 8145
f 8144 8146 8147
f 8146 8148 8149
f 8148 8150 8151
f 8150 8152 8153
f 8152 8154 8155
f 8154 8156 8157
f 8156 8158 8159
f 8158 8160 8161
f 8160 8162 8163
f 8162 8164 8165
f 8164 8166 8167
f 8166 8168 8169
f 8168 8170 8171
f 8170 8172 8173
f 8172 8174 8175
f 8174 8176 8177
f 8176 8178 8179
f 8178 8180 8181
f 8180 8182 8183
f 8182 8184 8185
f 8184 8186 8187
f 8186 8188 8189
f 8188 8190 8191
f 8190 8192 8193
f 8192 8194 8195
f 8194 8196 8197
f 8196 8198 8199
f 8198 8200 8201
f 8200 8202 8203
f 8202 8204 8205
f 8204 8206 8207
f 8206 8208 8209
f 8208 8210 8211
f 8210 8212 8213
f 8212 8214 8215
f 8214 8216 8217
f 8216 8218 8219
f 8218 8220 8221
f 8220 8222 8223
f 8222 8224 8225
f 8224 8226 8227
f 8226 8228 8229
f 8228 8230 8231
f 8230 8232 8233
f 8232 8234 8235
f 8234 8236 8237
f 8236 8238 8239
f 8238 8240 8241
f 8240 8242 8243
f 8242 8244 8245
f 8244 8246 8247
f 8246 8248 8249
f 8248 8250 8251
f 8250 8252 8253
f 8252 8254 8255
f 8254 8256 8257
f 8256 8258 8259
f 8258 8260 8261
f 8260 8262 8263
f 8262 8264 8265
f 8264 8266 8267
f 8266 8268 8269
f 8268 8270 8271
f 8270 8272 8273
f 8272 8274 8275
f 8274 8276 8277
f 8276 8278 8279
f 8278 8280 8281
f 8280 8282 8283
f 8282 8284 8285
f 8284 8286 8287
f 8286 8288 8289
f 8288 8290 8291
f 8290 8292 8293
f 8292 8294 8295
f 8294 8296 8297
f 8296 8298 8299
f 8298 8300 8301
f 8300 8302 8303
f 8302 8304 8305
f 8304 8306 8307
f 8306 8308 8309
f 8308 8310 8311
f 8310 7593 8312

o Shape_57
usemtl material_1
f 6873 7593 8313
f 6873 7593 8313

o Shape_58
usemtl material_1
f 7502 7682 8314
f 7502 7682 8314

o Shape_59
usemtl material_1
f 7412 7772 8315
f 7412 7772 8315

o Shape_60
usemtl material_1
f 7322 7862 8316
f 7322 7862 8316

o Shape_61
usemtl material_1
f 7232 7952 8317
f 7232 7952 8317

o Shape_62
usemtl material_1
f 7142 8042 8318
f 7142 8042 8318

o Shape_63
usemtl material_1
f 7052 8132 8319
f 7052 8132 8319

o Shape_64
usemtl material_1
f 6962 8222 8320
f 6962 8222 8320

o Shape_65
usemtl material_1
f 6873 7593 8313
f 6873 7593 8313

o Shape_66
usemtl material_1
f 8321 8322 8323
f 8322 8324 8325
f 8324 8326 8327
f 8326 8328 8329
f 8328 8330 8331
f 8330 8332 8333
f 8332 8334 8335
f 8334 8336 8337
f 8336 8338 8339
f 8338 8340 8341
f 8340 8342 8343
f 8342 8344 8345
f 8344 8346 8347
f 8346 8348 8349
f 8348 8350 8351
f 8350 8352 8353
f 8352 8354 8355
f 8354 8356 8357
f 8356 8358 8359
f 8358 8360 8361
f 8360 8362 8363
f 8362 8364 8365
f 8364 8366 8367
f 8366 8368 8369
f 8368 8370 8371
f 8370 8372 8373
f 8372 8374 8375
f 8374 8376 8377
f 8376 8378 8379
f 8378 8380 8381
f 8380 8382 8383
f 8382 8384 8385
f 8384 8386 8387
f 8386 8388 8389
f 8388 8390 8391
f 8390 8392 8393
f 8392 8394 8395
f 8394 8396 8397
f 8396 8398 8399
f 8398 8400 8401
f 8400 8402 8403
f 8402 8404 8405
f 8404 8406 8407
f 8406 8408 8409
f 8408 8410 8411
f 8410 8412 8413
f 8412 8414 8415
f 8414 8416 8417
f 8416 8418 8419
f 8418 8420 8421
f 8420 8422 8423
f 8422 8424 8425
f 8424 8426 8427
f 8426 8428 8429
f 8428 8430 8431
f 8430 8432 8433
f 8432 8434 8435
f 8434 8436 8437
f 8436 8438 8439
f 8438 8440 8441
f 8440 8442 8443
f 8442 8444 8445
f 8444 8446 8447
f 8446 8448 8449
f 8448 8450 8451
f 8450 8452 8453
f 8452 8454 8455
f 8454 8456 8457
f 8456 8458 8459
f 8458 8460 8461
f 8460 8462 8463
f 8462 8464 8465
f 8464 8466 8467
f 8466 8468 8469
f 8468 8470 8471
f 8470 8472 8473
f 8472 8474 8475
f 8474 8476 8477
f 8476 8478 8479
f 8478 8480 8481
f 8480 8482 8483
f 8482 8484 8485
f 8484 8486 8487
f 8486 8488 8489
f 8488 8490 8491
f 8490 8492 8493
f 8492 8494 8495
f 8494 8496 8497
f 8496 8498 8499
f 8498 8500 8501
f 8500 8502 8503
f 8502 8504 8505
f 8504 8506 8507
f 8506 8508 8509
f 8508 8510 8511
f 8510 8512 8513
f 8512 8514 8515
f 8514 8516 8517
f 8516 8518 8519
f 8518 8520 8521
f 8520 8522 8523
f 8522 8524 8525
f 8524 8526 8527
f 8526 8528 8529
f 8528 8530 8531
f 8530 8532 8533
f 8532 8534 8535
f 8534 8536 8537
f 8536 8538 8539
f 8538 8540 8541
f 8540 8542 8543
f 8542 8544 8545
f 8544 8546 8547
f 8546 8548 8549
f 8548 8550 8551
f 8550 8552 8553
f 8552 8554 8555
f 8554 8556 8557
f 8556 8558 8559
f 8558 8560 8561
f 8560 8562 8563
f 8562 8564 8565
f 8564 8566 8567
f 8566 8568 8569
f 8568 8570 8571
f 8570 8572 8573
f 8572 8574 8575
f 8574 8576 8577
f 8576 8578 8579
f 8578 8580 8581
f 8580 8582 8583
f 8582 8584 8585
f 8584 8586 8587
f 8586 8588 8589
f 8588 8590 8591
f 8590 8592 8593
f 8592 8594 8595
f 8594 8596 8597
f 8596 8598 8599
f 8598 8600 8601
f 8600 8602 8603
f 8602 8604 8605
f 8604 8606 8607
f 8606 8608 8609
f 8608 8610 8611
f 8610 8612 8613
f 8612 8614 8615
f 8614 8616 8617
f 8616 8618 8619
f 8618 8620 8621
f 8620 8622 8623
f 8622 8624 8625
f 8624 8626 8627
f 8626 8628 8629
f 8628 8630 8631
f 8630 8632 8633
f 8632 8634 8635
f 8634 8636 8637
f 8636 8638 8639
f 8638 8640 8641
f 8640 8642 8643
f 8642 8644 8645
f 8644 8646 8647
f 8646 8648 8649
f 8648 8650 8651
f 8650 8652 8653
f 8652 8654 8655
f 8654 8656 8657
f 8656 8658 8659
f 8658 8660 8661
f 8660 8662 8663
f 8662 8664 8665
f 8664 8666 8667
f 8666 8668 8669
f 8668 8670 8671
f 8670 8672 8673
f 8672 8674 8675
f 8674 8676 8677
f 8676 8678 8679
f 8678 8680 8681
f 8680 8682 8683
f 8682 8684 8685
f 8684 8686 8687
f 8686 8688 8689
f 8688 8690 8691
f 8690 8692 8693
f 8692 8694 8695
f 8694 8696 8697
f 8696 8698 8699
f 8698 8700 8701
f 8700 8702 8703
f 8702 8704 8705
f 8704 8706 8707
f 8706 8708 8709
f 8708 8710 8711
f 8710 8712 8713
f 8712 8714 8715
f 8714 8716 8717
f 8716 8718 8719
f 8718 8720 8721
f 8720 8722 8723
f 8722 8724 8725
f 8724 8726 8727
f 8726 8728 8729
f 8728 8730 8731
f 8730 8732 8733
f 8732 8734 8735
f 8734 8736 8737
f 8736 8738 8739
f 8738 8740 8741
f 8740 8742 8743
f 8742 8744 8745
f 8744 8746 8747
f 8746 8748 8749
f 8748 8750 8751
f 8750 8752 8753
f 8752 8754 8755
f 8754 8756 8757
f 8756 8758 8759
f 8758 8760 8761
f 8760 8762 8763
f 8762 8764 8765
f 8764 8766 8767
f 8766 8768 8769
f 8768 8770 8771
f 8770 8772 8773
f 8772 8774 8775
f 8774 8776 8777
f 8776 8778 8779
f 8778 8780 8781
f 8780 8782 8783
f 8782 8784 8785
f 8784 8786 8787
f 8786 8788 8789
f 8788 8790 8791
f 8790 8792 8793
f 8792 8794 8795
f 8794 8796 8797
f 8796 8798 8799
f 8798 8800 8801
f 8800 8802 8803
f 8802 8804 8805
f 8804 8806 8807
f 8806 8808 8809
f 8808 8810 8811
f 8810 8812 8813
f 8812 8814 8815
f 8814 8816 8817
f 8816 8818 8819
f 8818 8820 8821
f 8820 8822 8823
f 8822 8824 8825
f 8824 8826 8827
f 8826 8828 8829
f 8828 8830 8831
f 8830 8832 8833
f 8832 8834 8835
f 8834 8836 8837
f 8836 8838 8839
f 8838 8840 8841
f 8840 8842 8843
f 8842 8844 8845
f 8844 8846 8847
f 8846 8848 8849
f 8848 8850 8851
f 8850 8852 8853
f 8852 8854 8855
f 8854 8856 8857
f 8856 8858 8859
f 8858 8860 8861
f 8860 8862 8863
f 8862 8864 8865
f 8864 8866 8867
f 8866 8868 8869
f 8868 8870 8871
f 8870 8872 8873
f 8872 8874 8875
f 8874 8876 8877
f 8876 8878 8879
f 8878 8880 8881
f 8880 8882 8883
f 8882 8884 8885
f 8884 8886 8887
f 8886 8888 8889
f 8888 8890 8891
f 8890 8892 8893
f 8892 8894 8895
f 8894 8896 8897
f 8896 8898 8899
f 8898 8900 8901
f 8900 8902 8903
f 8902 8904 8905
f 8904 8906 8907
f 8906 8908 8909
f 8908 8910 8911
f 8910 8912 8913
f 8912 8914 8915
f 8914 8916 8917
f 8916 8918 8919
f 8918 8920 8921
f 8920 8922 8923
f 8922 8924 8925
f 8924 8926 8927
f 8926 8928 8929
f 8928 8930 8931
f 8930 8932 8933
f 8932 8934 8935
f 8934 8936 8937
f 8936 8938 8939
f 8938 8940 8941
f 8940 8942 8943
f 8942 8944 8945
f 8944 8946 8947
f 8946 8948 8949
f 8948 8950 8951
f 8950 8952 8953
f 8952 8954 8955
f 8954 8956 8957
f 8956 8958 8959
f 8958 8960 8961
f 8960 8962 8963
f 8962 8964 8965
f 8964 8966 8967
f 8966 8968 8969
f 8968 8970 8971
f 8970 8972 8973
f 8972 8974 8975
f 8974 8976 8977
f 8976 8978 8979
f 8978 8980 8981
f 8980 8982 8983
f 8982 8984 8985
f 8984 8986 8987
f 8986 8988 8989
f 8988 8990 8991
f 8990 8992 8993
f 8992 8994 8995
f 8994 8996 8997
f 8996 8998 8999
f 8998 9000 9001
f 9000 9002 9003
f 9002 9004 9005
f 9004 9006 9007
f 9006 9008 9009
f 9008 9010 9011
f 9010 9012 9013
f 9012 9014 9015
f 9014 9016 9017
f 9016 9018 9019
f 9018 9020 9021
f 9020 9022 9023
f 9022 9024 9025
f 9024 9026 9027
f 9026 9028 9029
f 9028 9030 9031
f 9030 9032 9033
f 9032 9034 9035
f 9034 9036 9037
f 9036 9038 9039
f 9038 8321 9040

o Shape_67
usemtl material_1
f 9041 9042 9043
f 9042 9044 9045
f 9044 9046 9047
f 9046 9048 9049
f 9048 9050 9051
f 9050 9052 9053
f 9052 9054 9055
f 9054 9056 9057
f 9056 9058 9059
f 9058 9060 9061
f 9060 9062 9063
f 9062 9064 9065
f 9064 9066 9067
f 9066 9068 9069
f 9068 9070 9071
f 9070 9072 9073
f 9072 9074 9075
f 9074 9076 9077
f 9076 9078 9079
f 9078 9080 9081
f 9080 9082 9083
f 9082 9084 9085
f 9084 9086 9087
f 9086 9088 9089
f 9088 9090 9091
f 9090 9092 9093
f 9092 9094 9095
f 9094 9096 9097
f 9096 9098 9099
f 9098 9100 9101
f 9100 9102 9103
f 9102 9104 9105
f 9104 9106 9107
f 9106 9108 9109
f 9108 9110 9111
f 9110 9112 9113
f 9112 9114 9115
f 9114 9116 9117
f 9116 9118 9119
f 9118 9120 9121
f 9120 9122 9123
f 9122 9124 9125
f 9124 9126 9127
f 9126 9128 9129
f 9128 9130 9131
f 9130 9132 9133
f 9132 9134 9135
f 9134 9136 9137
f 9136 9138 9139
f 9138 9140 9141
f 9140 9142 9143
f 9142 9144 9145
f 9144 9146 9147
f 9146 9148 9149
f 9148 9150 9151
f 9150 9152 9153
f 9152 9154 9155
f 9154 9156 9157
f 9156 9158 9159
f 9158 9160 9161
f 9160 9162 9163
f 9162 9164 9165
f 9164 9166 9167
f 9166 9168 9169
f 9168 9170 9171
f 9170 9172 9173
f 9172 9174 9175
f 9174 9176 9177
f 9176 9178 9179
f 9178 9180 9181
f 9180 9182 9183
f 9182 9184 9185
f 9184 9186 9187
f 9186 9188 9189
f 9188 9190 9191
f 9190 9192 9193
f 9192 9194 9195
f 9194 9196 9197
f 9196 9198 9199
f 9198 9200 9201
f 9200 9202 9203
f 9202 9204 9205
f 9204 9206 9207
f 9206 9208 9209
f 9208 9210 9211
f 9210 9212 9213
f 9212 9214 9215
f 9214 9216 9217
f 9216 9218 9219
f 9218 9220 9221
f 9220 9222 9223
f 9222 9224 9225
f 9224 9226 9227
f 9226 9228 9229
f 9228 9230 9231
f 9230 9232 9233
f 9232 9234 9235
f 9234 9236 9237
f 9236 9238 9239
f 9238 9240 9241
f 9240 9242 9243
f 9242 9244 9245
f 9244 9246 9247
f 9246 9248 9249
f 9248 9250 9251
f 9250 9252 9253
f 9252 9254 9255
f 9254 9256 9257
f 9256 9258 9259
f 9258 9260 9261
f 9260 9262 9263
f 9262 9264 9265
f 9264 9266 9267
f 9266 9268 9269
f 9268 9270 9271
f 9270 9272 9273
f 9272 9274 9275
f 9274 9276 9277
f 9276 9278 9279
f 9278 9280 9281
f 9280 9282 9283
f 9282 9284 9285
f 9284 9286 9287
f 9286 9288 9289
f 9288 9290 9291
f 9290 9292 9293
f 9292 9294 9295
f 9294 9296 9297
f 9296 9298 9299
f 9298 9300 9301
f 9300 9302 9303
f 9302 9304 9305
f 9304 9306 9307
f 9306 9308 9309
f 9308 9310 9311
f 9310 9312 9313
f 9312 9314 9315
f 9314 9316 9317
f 9316 9318 9319
f 9318 9320 9321
f 9320 9322 9323
f 9322 9324 9325
f 9324 9326 9327
f 9326 9328 9329
f 9328 9330 9331
f 9330 9332 9333
f 9332 9334 9335
f 9334 9336 9337
f 9336 9338 9339
f 9338 9340 9341
f 9340 9342 9343
f 9342 9344 9345
f 9344 9346 9347
f 9346 9348 9349
f 9348 9350 9351
f 9350 9352 9353
f 9352 9354 9355
f 9354 9356 9357
f 9356 9358 9359
f 9358 9360 9361
f 9360 9362 9363
f 9362 9364 9365
f 9364 9366 9367
f 9366 9368 9369
f 9368 9370 9371
f 9370 9372 9373
f 9372 9374 9375
f 9374 9376 9377
f 9376 9378 9379
f 9378 9380 9381
f 9380 9382 9383
f 9382 9384 9385
f 9384 9386 9387
f 9386 9388 9389
f 9388 9390 9391
f 9390 9392 9393
f 9392 9394 9395
f 9394 9396 9397
f 9396 9398 9399
f 9398 9400 9401
f 9400 9402 9403
f 9402 9404 9405
f 9404 9406 9407
f 9406 9408 9409
f 9408 9410 9411
f 9410 9412 9413
f 9412 9414 9415
f 9414 9416 9417
f 9416 9418 9419
f 9418 9420 9421
f 9420 9422 9423
f 9422 9424 9425
f 9424 9426 9427
f 9426 9428 9429
f 9428 9430 9431
f 9430 9432 9433
f 9432 9434 9435
f 9434 9436 9437
f 9436 9438 9439
f 9438 9440 9441
f 9440 9442 9443
f 9442 9444 9445
f 9444 9446 9447
f 9446 9448 9449
f 9448 9450 9451
f 9450 9452 9453
f 9452 9454 9455
f 9454 9456 9457
f 9456 9458 9459
f 9458 9460 9461
f 9460 9462 9463
f 9462 9464 9465
f 9464 9466 9467
f 9466 9468 9469
f 9468 9470 9471
f 9470 9472 9473
f 9472 9474 9475
f 9474 9476 9477
f 9476 9478 9479
f 9478 9480 9481
f 9480 9482 9483
f 9482 9484 9485
f 9484 9486 9487
f 9486 9488 9489
f 9488 9490 9491
f 9490 9492 9493
f 9492 9494 9495
f 9494 9496 9497
f 9496 9498 9499
f 9498 9500 9501
f 9500 9502 9503
f 9502 9504 9505
f 9504 9506 9507
f 9506 9508 9509
f 9508 9510 9511
f 9510 9512 9513
f 9512 9514 9515
f 9514 9516 9517
f 9516 9518 9519
f 9518 9520 9521
f 9520 9522 9523
f 9522 9524 9525
f 9524 9526 9527
f 9526 9528 9529
f 9528 9530 9531
f 9530 9532 9533
f 9532 9534 9535
f 9534 9536 9537
f 9536 9538 9539
f 9538 9540 9541
f 9540 9542 9543
f 9542 9544 9545
f 9544 9546 9547
f 9546 9548 9549
f 9548 9550 9551
f 9550 9552 9553
f 9552 9554 9555
f 9554 9556 9557
f 9556 9558 9559
f 9558 9560 9561
f 9560 9562 9563
f 9562 9564 9565
f 9564 9566 9567
f 9566 9568 9569
f 9568 9570 9571
f 9570 9572 9573
f 9572 9574 9575
f 9574 9576 9577
f 9576 9578 9579
f 9578 9580 9581
f 9580 9582 9583
f 9582 9584 9585
f 9584 9586 9587
f 9586 9588 9589
f 9588 9590 9591
f 9590 9592 9593
f 9592 9594 9595
f 9594 9596 9597
f 9596 9598 9599
f 9598 9600 9601
f 9600 9602 9603
f 9602 9604 9605
f 9604 9606 9607
f 9606 9608 9609
f 9608 9610 9611
f 9610 9612 9613
f 9612 9614 9615
f 9614 9616 9617
f 9616 9618 9619
f 9618 9620 9621
f 9620 9622 9623
f 9622 9624 9625
f 9624 9626 9627
f 9626 9628 9629
f 9628 9630 9631
f 9630 9632 9633
f 9632 9634 9635
f 9634 9636 9637
f 9636 9638 9639
f 9638 9640 9641
f 9640 9642 9643
f 9642 9644 9645
f 9644 9646 9647
f 9646 9648 9649
f 9648 9650 9651
f 9650 9652 9653
f 9652 9654 9655
f 9654 9656 9657
f 9656 9658 9659
f 9658 9660 9661
f 9660 9662 9663
f 9662 9664 9665
f 9664 9666 9667
f 9666 9668 9669
f 9668 9670 9671
f 9670 9672 9673
f 9672 9674 9675
f 9674 9676 9677
f 9676 9678 9679
f 9678 9680 9681
f 9680 9682 9683
f 9682 9684 9685
f 9684 9686 9687
f 9686 9688 9689
f 9688 9690 9691
f 9690 9692 9693
f 9692 9694 9695
f 9694 9696 9697
f 9696 9698 9699
f 9698 9700 9701
f 9700 9702 9703
f 9702 9704 9705
f 9704 9706 9707
f 9706 9708 9709
f 9708 9710 9711
f 9710 9712 9713
f 9712 9714 9715
f 9714 9716 9717
f 9716 9718 9719
f 9718 9720 9721
f 9720 9722 9723
f 9722 9724 9725
f 9724 9726 9727
f 9726 9728 9729
f 9728 9730 9731
f 9730 9732 9733
f 9732 9734 9735
f 9734 9736 9737
f 9736 9738 9739
f 9738 9740 9741
f 9740 9742 9743
f 9742 9744 9745
f 9744 9746 9747
f 9746 9748 9749
f 9748 9750 9751
f 9750 9752 9753
f 9752 9754 9755
f 9754 9756 9757
f 9756 9758 9759
f 9758 9041 9760

o Shape_68
usemtl material_1
f 8321 9041 9761
f 8321 9041 9761

o Shape_69
usemtl material_1
f 8950 9130 9762
f 8950 9130 9762

o Shape_70
usemtl material_1
f 8860 9220 9763
f 8860 9220 9763

o Shape_71
usemtl material_1
f 8770 9310 9764
f 8770 9310 9764

o Shape_72
usemtl material_1
f 8680 9400 9765
f 8680 9400 9765

o Shape_73
usemtl material_1
f 8590 9490 9766
f 8590 9490 9766

o Shape_74
usemtl material_1
f 8500 9580 9767
f 8500 9580 9767

o Shape_75
usemtl material_1
f 8410 9670 9768
f 8410 9670 9768

o Shape_76
usemtl material_1
f 8321 9041 9761
f 8321 9041 9761

o Shape_77
usemtl material_1
f 9769 9770 9771
f 9770 9772 9773
f 9772 9774 9775
f 9774 9776 9777
f 9776 9778 9779
f 9778 9780 9781
f 9780 9782 9783
f 9782 9784 9785
f 9784 9786 9787
f 9786 9788 9789
f 9788 9790 9791
f 9790 9792 9793
f 9792 9794 9795
f 9794 9796 9797
f 9796 9798 9799
f 9798 9800 9801
f 9800 9802 9803
f 9802 9804 9805
f 9804 9806 9807
f 9806 9808 9809
f 9808 9810 9811
f 9810 9812 9813
f 9812 9814 9815
f 9814 9816 9817
f 9816 9818 9819
f 9818 9820 9821
f 9820 9822 9823
f 9822 9824 9825
f 9824 9826 9827
f 9826 9828 9829
f 9828 9830 9831
f 9830 9832 9833
f 9832 9834 9835
f 9834 9836 9837
f 9836 9838 9839
f 9838 9840 9841
f 9840 9842 9843
f 9842 9844 9845
f 9844 9846 9847
f 9846 9848 9849
f 9848 9850 9851
f 9850 9852 9853
f 9852 9854 9855
f 9854 9856 9857
f 9856 9858 9859
f 9858 9860 9861
f 9860 9862 9863
f 9862 9864 9865
f 9864 9866 9867
f 9866 9868 9869
f 9868 9870 9871
f 9870 9872 9873
f 9872 9874 9875
f 9874 9876 9877
f 9876 9878 9879
f 9878 9880 9881
f 9880 9882 9883
f 9882 9884 9885
f 9884 9886 9887
f 9886 9888 9889
f 9888 9890 9891
f 9890 9892 9893
f 9892 9894 9895
f 9894 9896 9897
f 9896 9898 9899
f 9898 9900 9901
f 9900 9902 9903
f 9902 9904 9905
f 9904 9906 9907
f 9906 9908 9909
f 9908 9910 9911
f 9910 9912 9913
f 9912 9914 9915
f 9914 9916 9917
f 9916 9918 9919
f 9918 9920 9921
f 9920 9922 9923
f 9922 9924 9925
f 9924 9926 9927
f 9926 9928 9929
f 9928 9930 9931
f 9930 9932 9933
f 9932 9934 9935
f 9934 9936 9937
f 9936 9938 9939
f 9938 9940 9941
f 9940 9942 9943
f 9942 9944 9945
f 9944 9946 9947
f 9946 9948 9949
f 9948 9950 9951
f 9950 9952 9953
f 9952 9954 9955
f 9954 9956 9957
f 9956 9958 9959
f 9958 9960 9961
f 9960 9962 9963
f 9962 9964 9965
f 9964 9966 9967
f 9966 9968 9969
f 9968 9970 9971
f 9970 9972 9973
f 9972 9974 9975
f 9974 9976 9977
f 9976 9978 9979
f 9978 9980 9981
f 9980 9982 9983
f 9982 9984 9985
f 9984 9986 9987
f 9986 9988 9989
f 9988 9990 9991
f 9990 9992 9993
f 9992 9994 9995
f 9994 9996 9997
f 9996 9998 9999
f 9998 10000 10001
f 10000 10002 10003
f 10002 10004 10005
f 10004 10006 10007
f 10006 10008 10009
f 10008 10010 10011
f 10010 10012 10013
f 10012 10014 10015
f 10014 10016 10017
f 10016 10018 10019
f 10018 10020 10021
f 10020 10022 10023
f 10022 10024 10025
f 10024 10026 10027
f 10026 10028 10029
f 10028 10030 10031
f 10030 10032 10033
f 10032 10034 10035
f 10034 10036 10037
f 10036 10038 10039
f 10038 10040 10041
f 10040 10042 10043
f 10042 10044 10045
f 10044 10046 10047
f 10046 10048 10049
f 10048 10050 10051
f 10050 10052 10053
f 10052 10054 10055
f 10054 10056 10057
f 10056 10058 10059
f 10058 10060 10061
f 10060 10062 10063
f 10062 10064 10065
f 10064 10066 10067
f 10066 10068 10069
f 10068 10070 10071
f 10070 10072 10073
f 10072 10074 10075
f 10074 10076 10077
f 10076 10078 10079
f 10078 10080 10081
f 10080 10082 10083
f 10082 10084 10085
f 10084 10086 10087
f 10086 10088 10089
f 10088 10090 10091
f 10090 10092 10093
f 10092 10094 10095
f 10094 10096 10097
f 10096 10098 10099
f 10098 10100 10101
f 10100 10102 10103
f 10102 10104 10105
f 10104 10106 10107
f 10106 10108 10109
f 10108 10110 10111
f 10110 10112 10113
f 10112 10114 10115
f 10114 10116 10117
f 10116 10118 10119
f 10118 10120 10121
f 10120 10122 10123
f 10122 10124 10125
f 10124 10126 10127
f 10126 10128 10129
f 10128 10130 10131
f 10130 10132 10133
f 10132 10134 10135
f 10134 10136 10137
f 10136 10138 10139
f 10138 10140 10141
f 10140 10142 10143
f 10142 10144 10145
f 10144 10146 10147
f 10146 10148 10149
f 10148 10150 10151
f 10150 10152 10153
f 10152 10154 10155
f 10154 10156 10157
f 10156 10158 10159
f 10158 10160 10161
f 10160 10162 10163
f 10162 10164 10165
f 10164 10166 10167
f 10166 10168 10169
f 10168 10170 10171
f 10170 10172 10173
f 10172 10174 10175
f 10174 10176 10177
f 10176 10178 10179
f 10178 10180 10181
f 10180 10182 10183
f 10182 10184 10185
f 10184 10186 10187
f 10186 10188 10189
f 10188 10190 10191
f 10190 10192 10193
f 10192 10194 10195
f 10194 10196 10197
f 10196 10198 10199
f 10198 10200 10201
f 10200 10202 10203
f 10202 10204 10205
f 10204 10206 10207
f 10206 10208 10209
f 10208 10210 10211
f 10210 10212 10213
f 10212 10214 10215
f 10214 10216 10217
f 10216 10218 10219
f 10218 10220 10221
f 10220 10222 10223
f 10222 10224 10225
f 10224 10226 10227
f 10226 10228 10229
f 10228 10230 10231
f 10230 10232 10233
f 10232 10234 10235
f 10234 10236 10237
f 10236 10238 10239
f 10238 10240 10241
f 10240 10242 10243
f 10242 10244 10245
f 10244 10246 10247
f 10246 10248 10249
f 10248 10250 10251
f 10250 10252 10253
f 10252 10254 10255
f 10254 10256 10257
f 10256 10258 10259
f 10258 10260 10261
f 10260 10262 10263
f 10262 10264 10265
f 10264 10266 10267
f 10266 10268 10269
f 10268 10270 10271
f 10270 10272 10273
f 10272 10274 10275
f 10274 10276 10277
f 10276 10278 10279
f 10278 10280 10281
f 10280 10282 10283
f 10282 10284 10285
f 10284 10286 10287
f 10286 10288 10289
f 10288 10290 10291
f 10290 10292 10293
f 10292 10294 10295
f 10294 10296 10297
f 10296 10298 10299
f 10298 10300 10301
f 10300 10302 10303
f 10302 10304 10305
f 10304 10306 10307
f 10306 10308 10309
f 10308 10310 10311
f 10310 10312 10313
f 10312 10314 10315
f 10314 10316 10317
f 10316 10318 10319
f 10318 10320 10321
f 10320 10322 10323
f 10322 10324 10325
f 10324 10326 10327
f 10326 10328 10329
f 10328 10330 10331
f 10330 10332 10333
f 10332 10334 10335
f 10334 10336 10337
f 10336 10338 10339
f 10338 10340 10341
f 10340 10342 10343
f 10342 10344 10345
f 10344 10346 10347
f 10346 10348 10349
f 10348 10350 10351
f 10350 10352 10353
f 10352 10354 10355
f 10354 10356 10357
f 10356 10358 10359
f 10358 10360 10361
f 10360 10362 10363
f 10362 10364 10365
f 10364 10366 10367
f 10366 10368 10369
f 10368 10370 10371
f 10370 10372 10373
f 10372 10374 10375
f 10374 10376 10377
f 10376 10378 10379
f 10378 10380 10381
f 10380 10382 10383
f 10382 10384 10385
f 10384 10386 10387
f 10386 10388 10389
f 10388 10390 10391
f 10390 10392 10393
f 10392 10394 10395
f 10394 10396 10397
f 10396 10398 10399
f 10398 10400 10401
f 10400 10402 10403
f 10402 10404 10405
f 10404 10406 10407
f 10406 10408 10409
f 10408 10410 10411
f 10410 10412 10413
f 10412 10414 10415
f 10414 10416 10417
f 10416 10418 10419
f 10418 10420 10421
f 10420 10422 10423
f 10422 10424 10425
f 10424 10426 10427
f 10426 10428 10429
f 10428 10430 10431
f 10430 10432 10433
f 10432 10434 10435
f 10434 10436 10437
f 10436 10438 10439
f 10438 10440 10441
f 10440 10442 10443
f 10442 10444 10445
f 10444 10446 10447
f 10446 10448 10449
f 10448 10450 10451
f 10450 10452 10453
f 10452 10454 10455
f 10454 10456 10457
f 10456 10458 10459
f 10458 10460 10461
f 10460 10462 10463
f 10462 10464 10465
f 10464 10466 10467
f 10466 10468 10469
f 10468 10470 10471
f 10470 10472 10473
f 10472 10474 10475
f 10474 10476 10477
f 10476 10478 10479
f 10478 10480 10481
f 10480 10482 10483
f 10482 10484 10485
f 10484 10486 10487
f 10486 9769 10488

o Shape_78
usemtl material_1
f 10489 10490 10491
f 10490 10492 10493
f 10492 10494 10495
f 10494 10496 10497
f 10496 10498 10499
f 10498 10500 10501
f 10500 10502 10503
f 10502 10504 10505
f 10504 10506 10507
f 10506 10508 10509
f 10508 10510 10511
f 10510 10512 10513
f 10512 10514 10515
f 10514 10516 10517
f 10516 10518 10519
f 10518 10520 10521
f 10520 10522 10523
f 10522 10524 10525
f 10524 10526 10527
f 10526 10528 10529
f 10528 10530 10531
f 10530 10532 10533
f 10532 10534 10535
f 10534 10536 10537
f 10536 10538 10539
f 10538 10540 10541
f 10540 10542 10543
f 10542 10544 10545
f 10544 10546 10547
f 10546 10548 10549
f 10548 10550 10551
f 10550 10552 10553
f 10552 10554 10555
f 10554 10556 10557
f 10556 10558 10559
f 10558 10560 10561
f 10560 10562 10563
f 10562 10564 10565
f 10564 10566 10567
f 10566 10568 10569
f 10568 10570 10571
f 10570 10572 10573
f 10572 10574 10575
f 10574 10576 10577
f 10576 10578 10579
f 10578 10580 10581
f 10580 10582 10583
f 10582 10584 10585
f 10584 10586 10587
f 10586 10588 10589
f 10588 10590 10591
f 10590 10592 10593
f 10592 10594 10595
f 10594 10596 10597
f 10596 10598 10599
f 10598 10600 10601
f 10600 10602 10603
f 10602 10604 10605
f 10604 10606 10607
f 10606 10608 10609
f 10608 10610 10611
f 10610 10612 10613
f 10612 10614 10615
f 10614 10616 10617
f 10616 10618 10619
f 10618 10620 10621
f 10620 10622 10623
f 10622 10624 10625
f 10624 10626 10627
f 10626 10628 10629
f 10628 10630 10631
f 10630 10632 10633
f 10632 10634 10635
f 10634 10636 10637
f 10636 10638 10639
f 10638 10640 10641
f 10640 10642 10643
f 10642 10644 10645
f 10644 10646 10647
f 10646 10648 10649
f 10648 10650 10651
f 10650 10652 10653
f 10652 10654 10655
f 10654 10656 10657
f 10656 10658 10659
f 10658 10660 10661
f 10660 10662 10663
f 10662 10664 10665
f 10664 10666 10667
f 10666 10668 10669
f 10668 10670 10671
f 10670 10672 10673
f 10672 10674 10675
f 10674 10676 10677
f 10676 10678 10679
f 10678 10680 10681
f 10680 10682 10683
f 10682 10684 10685
f 10684 10686 10687
f 10686 10688 10689
f 10688 10690 10691
f 10690 10692 10693
f 10692 10694 10695
f 10694 10696 10697
f 10696 10698 10699
f 10698 10700 10701
f 10700 10702 10703
f 10702 10704 10705
f 10704 10706 10707
f 10706 10708 10709
f 10708 10710 10711
f 10710 10712 10713
f 10712 10714 10715
f 10714 10716 10717
f 10716 10718 10719
f 10718 10720 10721
f 10720 10722 10723
f 10722 10724 10725
f 10724 10726 10727
f 10726 10728 10729
f 10728 10730 10731
f 10730 10732 10733
f 10732 10734 10735
f 10734 10736 10737
f 10736 10738 10739
f 10738 10740 10741
f 10740 10742 10743
f 10742 10744 10745
f 10744 10746 10747
f 10746 10748 10749
f 10748 10750 10751
f 10750 10752 10753
f 10752 10754 10755
f 10754 10756 10757
f 10756 10758 10759
f 10758 10760 10761
f 10760 10762 10763
f 10762 10764 10765
f 10764 10766 10767
f 10766 10768 10769
f 10768 10770 10771
f 10770 10772 10773
f 10772 10774 10775
f 10774 10776 10777
f 10776 10778 10779
f 10778 10780 10781
f 10780 10782 10783
f 10782 10784 10785
f 10784 10786 10787
f 10786 10788 10789
f 10788 10790 10791
f 10790 10792 10793
f 10792 10794 10795
f 10794 10796 10797
f 10796 10798 10799
f 10798 10800 10801
f 10800 10802 10803
f 10802 10804 10805
f 10804 10806 10807
f 10806 10808 10809
f 10808 10810 10811
f 10810 10812 10813
f 10812 10814 10815
f 10814 10816 10817
f 10816 10818 10819
f 10818 10820 10821
f 10820 10822 10823
f 10822 10824 10825
f 10824 10826 10827
f 10826 10828 10829
f 10828 10830 10831
f 10830 10832 10833
f 10832 10834 10835
f 10834 10836 10837
f 10836 10838 10839
f 10838 10840 10841
f 10840 10842 10843
f 10842 10844 10845
f 10844 10846 10847
f 10846 10848 10849
f 10848 10850 10851
f 10850 10852 10853
f 10852 10854 10855
f 10854 10856 10857
f 10856 10858 10859
f 10858 10860 10861
f 10860 10862 10863
f 10862 10864 10865
f 10864 10866 10867
f 10866 10868 10869
f 10868 10870 10871
f 10870 10872 10873
f 10872 10874 10875
f 10874 10876 10877
f 10876 10878 10879
f 10878 10880 10881
f 10880 10882 10883
f 10882 10884 10885
f 10884 10886 10887
f 10886 10888 10889
f 10888 10890 10891
f 10890 10892 10893
f 10892 10894 10895
f 10894 10896 10897
f 10896 10898 10899
f 10898 10900 10901
f 10900 10902 10903
f 10902 10904 10905
f 10904 10906 10907
f 10906 10908 10909
f 10908 10910 10911
f 10910 10912 10913
f 10912 10914 10915
f 10914 10916 10917
f 10916 10918 10919
f 10918 10920 10921
f 10920 10922 10923
f 10922 10924 10925
f 10924 10926 10927
f 10926 10928 10929
f 10928 10930 10931
f 10930 10932 10933
f 10932 10934 10935
f 10934 10936 10937
f 10936 10938 10939
f 10938 10940 10941
f 10940 10942 10943
f 10942 10944 10945
f 10944 10946 10947
f 10946 10948 10949
f 10948 10950 10951
f 10950 10952 10953
f 10952 10954 10955
f 10954 10956 10957
f 10956 10958 10959
f 10958 10960 10961
f 10960 10962 10963
f 10962 10964 10965
f 10964 10966 10967
f 10966 10968 10969
f 10968 10970 10971
f 10970 10972 10973
f 10972 10974 10975
f 10974 10976 10977
f 10976 10978 10979
f 10978 10980 10981
f 10980 10982 10983
f 10982 10984 10985
f 10984 10986 10987
f 10986 10988 10989
f 10988 10990 10991
f 10990 10992 10993
f 10992 10994 10995
f 10994 10996 10997
f 10996 10998 10999
f 10998 11000 11001
f 11000 11002 11003
f 11002 11004 11005
f 11004 11006 11007
f 11006 11008 11009
f 11008 11010 11011
f 11010 11012 11013
f 11012 11014 11015
f 11014 11016 11017
f 11016 11018 11019
f 11018 11020 11021
f 11020 11022 11023
f 11022 11024 11025
f 11024 11026 11027
f 11026 11028 11029
f 11028 11030 11031
f 11030 11032 11033
f 11032 11034 11035
f 11034 11036 11037
f 11036 11038 11039
f 11038 11040 11041
f 11040 11042 11043
f 11042 11044 11045
f 11044 11046 11047
f 11046 11048 11049
f 11048 11050 11051
f 11050 11052 11053
f 11052 11054 11055
f 11054 11056 11057
f 11056 11058 11059
f 11058 11060 11061
f 11060 11062 11063
f 11062 11064 11065
f 11064 11066 11067
f 11066 11068 11069
f 11068 11070 11071
f 11070 11072 11073
f 11072 11074 11075
f 11074 11076 11077
f 11076 11078 11079
f 11078 11080 11081
f 11080 11082 11083
f 11082 11084 11085
f 11084 11086 11087
f 11086 11088 11089
f 11088 11090 11091
f 11090 11092 11093
f 11092 11094 11095
f 11094 11096 11097
f 11096 11098 11099
f 11098 11100 11101
f 11100 11102 11103
f 11102 11104 11105
f 11104 11106 11107
f 11106 11108 11109
f 11108 11110 11111
f 11110 11112 11113
f 11112 11114 11115
f 11114 11116 11117
f 11116 11118 11119
f 11118 11120 11121
f 11120 11122 11123
f 11122 11124 11125
f 11124 11126 11127
f 11126 11128 11129
f 11128 11130 11131
f 11130 11132 11133
f 11132 11134 11135
f 11134 11136 11137
f 11136 11138 11139
f 11138 11140 11141
f 11140 11142 11143
f 11142 11144 11145
f 11144 11146 11147
f 11146 11148 11149
f 11148 11150 11151
f 11150 11152 11153
f 11152 11154 11155
f 11154 11156 11157
f 11156 11158 11159
f 11158 11160 11161
f 11160 11162 11163
f 11162 11164 11165
f 11164 11166 11167
f 11166 11168 11169
f 11168 11170 11171
f 11170 11172 11173
f 11172 11174 11175
f 11174 11176 11177
f 11176 11178 11179
f 11178 11180 11181
f 11180 11182 11183
f 11182 11184 11185
f 11184 11186 11187
f 11186 11188 11189
f 11188 11190 11191
f 11190 11192 11193
f 11192 11194 11195
f 11194 11196 11197
f 11196 11198 11199
f 11198 11200 11201
f 11200 11202 11203
f 11202 11204 11205
f 11204 11206 11207
f 11206 10489 11208

o Shape_79
usemtl material_1
f 9769 10489 11209
f 9769 10489 11209

o Shape_80
usemtl material_1
f 10398 10578 11210
f 10398 10578 11210

o Shape_81
usemtl material_1
f 10308 10668 11211
f 10308 10668 11211

o Shape_82
usemtl material_1
f 10218 10758 11212
f 10218 10758 11212

o Shape_83
usemtl material_1
f 10128 10848 11213
f 10128 10848 11213

o Shape_84
usemtl material_1
f 10038 10938 11214
f 10038 10938 11214

o Shape_85
usemtl material_1
f 9948 11028 11215
f 9948 11028 11215

o Shape_86
usemtl material_1
f 9858 11118 11216
f 9858 11118 11216

o Shape_87
usemtl material_1
f 9769 10489 11209
f 9769 10489 11209

o Shape_88
usemtl material_1
f 11217 11218 11219
f 11218 11220 11221
f 11220 11222 11223
f 11222 11224 11225
f 11224 11226 11227
f 11226 11228 11229
f 11228 11230 11231
f 11230 11232 11233
f 11232 11234 11235
f 11234 11236 11237
f 11236 11238 11239
f 11238 11240 11241
f 11240 11242 11243
f 11242 11244 11245
f 11244 11246 11247
f 11246 11248 11249
f 11248 11250 11251
f 11250 11252 11253
f 11252 11254 11255
f 11254 11256 11257
f 11256 11258 11259
f 11258 11260 11261
f 11260 11262 11263
f 11262 11264 11265
f 11264 11266 11267
f 11266 11268 11269
f 11268 11270 11271
f 11270 11272 11273
f 11272 11274 11275
f 11274 11276 11277
f 11276 11278 11279
f 11278 11280 11281
f 11280 11282 11283
f 11282 11284 11285
f 11284 11286 11287
f 11286 11288 11289
f 11288 11290 11291
f 11290 11292 11293
f 11292 11294 11295
f 11294 11296 11297
f 11296 11298 11299
f 11298 11300 11301
f 11300 11302 11303
f 11302 11304 11305
f 11304 11306 11307
f 11306 11308 11309
f 11308 11310 11311
f 11310 11312 11313
f 11312 11314 11315
f 11314 11316 11317
f 11316 11318 11319
f 11318 11320 11321
f 11320 11322 11323
f 11322 11324 11325
f 11324 11326 11327
f 11326 11328 11329
f 11328 11330 11331
f 11330 11332 11333
f 11332 11334 11335
f 11334 11336 11337
f 11336 11338 11339
f 11338 11340 11341
f 11340 11342 11343
f 11342 11344 11345
f 11344 11346 11347
f 11346 11348 11349
f 11348 11350 11351
f 11350 11352 11353
f 11352 11354 11355
f 11354 11356 11357
f 11356 11358 11359
f 11358 11360 11361
f 11360 11362 11363
f 11362 11364 11365
f 11364 11366 11367
f 11366 11368 11369
f 11368 11370 11371
f 11370 11372 11373
f 11372 11374 11375
f 11374 11376 11377
f 11376 11378 11379
f 11378 11380 11381
f 11380 11382 11383
f 11382 11384 11385
f 11384 11386 11387
f 11386 11388 11389
f 11388 11390 11391
f 11390 11392 11393
f 11392 11394 11395
f 11394 11396 11397
f 11396 11398 11399
f 11398 11400 11401
f 11400 11402 11403
f 11402 11404 11405
f 11404 11406 11407
f 11406 11408 11409
f 11408 11410 11411
f 11410 11412 11413
f 11412 11414 11415
f 11414 11416 11417
f 11416 11418 11419
f 11418 11420 11421
f 11420 11422 11423
f 11422 11424 11425
f 11424 11426 11427
f 11426 11428 11429
f 11428 11430 11431
f 11430 11432 11433
f 11432 11434 11435
f 11434 11436 11437
f 11436 11438 11439
f 11438 11440 11441
f 11440 11442 11443
f 11442 11444 11445
f 11444 11446 11447
f 11446 11448 11449
f 11448 11450 11451
f 11450 11452 11453
f 11452 11454 11455
f 11454 11456 11457
f 11456 11458 11459
f 11458 11460 11461
f 11460 11462 11463
f 11462 11464 11465
f 11464 11466 11467
f 11466 11468 11469
f 11468 11470 11471
f 11470 11472 11473
f 11472 11474 11475
f 11474 11476 11477
f 11476 11478 11479
f 11478 11480 11481
f 11480 11482 11483
f 11482 11484 11485
f 11484 11486 11487
f 11486 11488 11489
f 11488 11490 11491
f 11490 11492 11493
f 11492 11494 11495
f 11494 11496 11497
f 11496 11498 11499
f 11498 11500 11501
f 11500 11502 11503
f 11502 11504 11505
f 11504 11506 11507
f 11506 11508 11509
f 11508 11510 11511
f 11510 11512 11513
f 11512 11514 11515
f 11514 11516 11517
f 11516 11518 11519
f 11518 11520 11521
f 11520 11522 11523
f 11522 11524 11525
f 11524 11526 11527
f 11526 11528 11529
f 11528 11530 11531
f 11530 11532 11533
f 11532 11534 11535
f 11534 11536 11537
f 11536 11538 11539
f 11538 11540 11541
f 11540 11542 11543
f 11542 11544 11545
f 11544 11546 11547
f 11546 11548 11549
f 11548 11550 11551
f 11550 11552 11553
f 11552 11554 11555
f 11554 11556 11557
f 11556 11558 11559
f 11558 11560 11561
f 11560 11562 11563
f 11562 11564 11565
f 11564 11566 11567
f 11566 11568 11569
f 11568 11570 11571
f 11570 11572 11573
f 11572 11574 11575
f 11574 11576 11577
f 11576 11578 11579
f 11578 11580 11581
f 11580 11582 11583
f 11582 11584 11585
f 11584 11586 11587
f 11586 11588 11589
f 11588 11590 11591
f 11590 11592 11593
f 11592 11594 11595
f 11594 11596 11597
f 11596 11598 11599
f 11598 11600 11601
f 11600 11602 11603
f 11602 11604 11605
f 11604 11606 11607
f 11606 11608 11609
f 11608 11610 11611
f 11610 11612 11613
f 11612 11614 11615
f 11614 11616 11617
f 11616 11618 11619
f 11618 11620 11621
f 11620 11622 11623
f 11622 11624 11625
f 11624 11626 11627
f 11626 11628 11629
f 11628 11630 11631
f 11630 11632 11633
f 11632 11634 11635
f 11634 11636 11637
f 11636 11638 11639
f 11638 11640 11641
f 11640 11642 11643
f 11642 11644 11645
f 11644 11646 11647
f 11646 11648 11649
f 11648 11650 11651
f 11650 11652 11653
f 11652 11654 11655
f 11654 11656 11657
f 11656 11658 11659
f 11658 11660 11661
f 11660 11662 11663
f 11662 11664 11665
f 11664 11666 11667
f 11666 11668 11669
f 11668 11670 11671
f 11670 11672 11673
f 11672 11674 11675
f 11674 11676 11677
f 11676 11678 11679
f 11678 11680 11681
f 11680 11682 11683
f 11682 11684 11685
f 11684 11686 11687
f 11686 11688 11689
f 11688 11690 11691
f 11690 11692 11693
f 11692 11694 11695
f 11694 11696 11697
f 11696 11698 11699
f 11698 11700 11701
f 11700 11702 11703
f 11702 11704 11705
f 11704 11706 11707
f 11706 11708 11709
f 11708 11710 11711
f 11710 11712 11713
f 11712 11714 11715
f 11714 11716 11717
f 11716 11718 11719
f 11718 11720 11721
f 11720 11722 11723
f 11722 11724 11725
f 11724 11726 11727
f 11726 11728 11729
f 11728 11730 11731
f 11730 11732 11733
f 11732 11734 11735
f 11734 11736 11737
f 11736 11738 11739
f 11738 11740 11741
f 11740 11742 11743
f 11742 11744 11745
f 11744 11746 11747
f 11746 11748 11749
f 11748 11750 11751
f 11750 11752 11753
f 11752 11754 11755
f 11754 11756 11757
f 11756 11758 11759
f 11758 11760 11761
f 11760 11762 11763
f 11762 11764 11765
f 11764 11766 11767
f 11766 11768 11769
f 11768 11770 11771
f 11770 11772 11773
f 11772 11774 11775
f 11774 11776 11777
f 11776 11778 11779
f 11778 11780 11781
f 11780 11782 11783
f 11782 11784 11785
f 11784 11786 11787
f 11786 11788 11789
f 11788 11790 11791
f 11790 11792 11793
f 11792 11794 11795
f 11794 11796 11797
f 11796 11798 11799
f 11798 11800 11801
f 11800 11802 11803
f 11802 11804 11805
f 11804 11806 11807
f 11806 11808 11809
f 11808 11810 11811
f 11810 11812 11813
f 11812 11814 11815
f 11814 11816 11817
f 11816 11818 11819
f 11818 11820 11821
f 11820 11822 11823
f 11822 11824 11825
f 11824 11826 11827
f 11826 11828 11829
f 11828 11830 11831
f 11830 11832 11833
f 11832 11834 11835
f 11834 11836 11837
f 11836 11838 11839
f 11838 11840 11841
f 11840 11842 11843
f 11842 11844 11845
f 11844 11846 11847
f 11846 11848 11849
f 11848 11850 11851
f 11850 11852 11853
f 11852 11854 11855
f 11854 11856 11857
f 11856 11858 11859
f 11858 11860 11861
f 11860 11862 11863
f 11862 11864 11865
f 11864 11866 11867
f 11866 11868 11869
f 11868 11870 11871
f 11870 11872 11873
f 11872 11874 11875
f 11874 11876 11877
f 11876 11878 11879
f 11878 11880 11881
f 11880 11882 11883
f 11882 11884 11885
f 11884 11886 11887
f 11886 11888 11889
f 11888 11890 11891
f 11890 11892 11893
f 11892 11894 11895
f 11894 11896 11897
f 11896 11898 11899
f 11898 11900 11901
f 11900 11902 11903
f 11902 11904 11905
f 11904 11906 11907
f 11906 11908 11909
f 11908 11910 11911
f 11910 11912 11913
f 11912 11914 11915
f 11914 11916 11917
f 11916 11918 11919
f 11918 11920 11921
f 11920 11922 11923
f 11922 11924 11925
f 11924 11926 11927
f 11926 11928 11929
f 11928 11930 11931
f 11930 11932 11933
f 11932 11934 11935
f 11934 11217 11936

o Shape_89
usemtl material_1
f 11937 11938 11939
f 11938 11940 11941
f 11940 11942 11943
f 11942 11944 11945
f 11944 11946 11947
f 11946 11948 11949
f 11948 11950 11951
f 11950 11952 11953
f 11952 11954 11955
f 11954 11956 11957
f 11956 11958 11959
f 11958 11960 11961
f 11960 11962 11963
f 11962 11964 11965
f 11964 11966 11967
f 11966 11968 11969
f 11968 11970 11971
f 11970 11972 11973
f 11972 11974 11975
f 11974 11976 11977
f 11976 11978 11979
f 11978 11980 11981
f 11980 11982 11983
f 11982 11984 11985
f 11984 11986 11987
f 11986 11988 11989
f 11988 11990 11991
f 11990 11992 11993
f 11992 11994 11995
f 11994 11996 11997
f 11996 11998 11999
f 11998 12000 12001
f 12000 12002 12003
f 12002 12004 12005
f 12004 12006 12007
f 12006 12008 12009
f 12008 12010 12011
f 12010 12012 12013
f 12012 12014 12015
f 12014 12016 12017
f 12016 12018 12019
f 12018 12020 12021
f 12020 12022 12023
f 12022 12024 12025
f 12024 12026 12027
f 12026 12028 12029
f 12028 12030 12031
f 12030 12032 12033
f 12032 12034 12035
f 12034 12036 12037
f 12036 12038 12039
f 12038 12040 12041
f 12040 12042 12043
f 12042 12044 12045
f 12044 12046 12047
f 12046 12048 12049
f 12048 12050 12051
f 12050 12052 12053
f 12052 12054 12055
f 12054 12056 12057
f 12056 12058 12059
f 12058 12060 12061
f 12060 12062 12063
f 12062 12064 12065
f 12064 12066 12067
f 12066 12068 12069
f 12068 12070 12071
f 12070 12072 12073
f 12072 12074 12075
f 12074 12076 12077
f 12076 12078 12079
f 12078 12080 12081
f 12080 12082 12083
f 12082 12084 12085
f 12084 12086 12087
f 12086 12088 12089
f 12088 12090 12091
f 12090 12092 12093
f 12092 12094 12095
f 12094 12096 12097
f 12096 12098 12099
f 12098 12100 12101
f 12100 12102 12103
f 12102 12104 12105
f 12104 12106 12107
f 12106 12108 12109
f 12108 12110 12111
f 12110 12112 12113
f 12112 12114 12115
f 12114 12116 12117
f 12116 12118 12119
f 12118 12120 12121
f 12120 12122 12123
f 12122 12124 12125
f 12124 12126 12127
f 12126 12128 12129
f 12128 12130 12131
f 12130 12132 12133
f 12132 12134 12135
f 12134 12136 12137
f 12136 12138 12139
f 12138 12140 12141
f 12140 12142 12143
f 12142 12144 12145
f 12144 12146 12147
f 12146 12148 12149
f 12148 12150 12151
f 12150 12152 12153
f 12152 12154 12155
f 12154 12156 12157
f 12156 12158 12159
f 12158 12160 12161
f 12160 12162 12163
f 12162 12164 12165
f 12164 12166 12167
f 12166 12168 12169
f 12168 12170 12171
f 12170 12172 12173
f 12172 12174 12175
f 12174 12176 12177
f 12176 12178 12179
f 12178 12180 12181
f 12180 12182 12183
f 12182 12184 12185
f 12184 12186 12187
f 12186 12188 12189
f 12188 12190 12191
f 12190 12192 12193
f 12192 12194 12195
f 12194 12196 12197
f 12196 12198 12199
f 12198 12200 12201
f 12200 12202 12203
f 12202 12204 12205
f 12204 12206 12207
f 12206 12208 12209
f 12208 12210 12211
f 12210 12212 12213
f 12212 12214 12215
f 12214 12216 12217
f 12216 12218 12219
f 12218 12220 12221
f 12220 12222 12223
f 12222 12224 12225
f 12224 12226 12227
f 12226 12228 12229
f 12228 12230 12231
f 12230 12232 12233
f 12232 12234 12235
f 12234 12236 12237
f 12236 12238 12239
f 12238 12240 12241
f 12240 12242 12243
f 12242 12244 12245
f 12244 12246 12247
f 12246 12248 12249
f 12248 12250 12251
f 12250 12252 12253
f 12252 12254 12255
f 12254 12256 12257
f 12256 12258 12259
f 12258 12260 12261
f 12260 12262 12263
f 12262 12264 12265
f 12264 12266 12267
f 12266 12268 12269
f 12268 12270 12271
f 12270 12272 12273
f 12272 12274 12275
f 12274 12276 12277
f 12276 12278 12279
f 12278 12280 12281
f 12280 12282 12283
f 12282 12284 12285
f 12284 12286 12287
f 12286 12288 12289
f 12288 12290 12291
f 12290 12292 12293
f 12292 12294 12295
f 12294 12296 12297
f 12296 12298 12299
f 12298 12300 12301
f 12300 12302 12303
f 12302 12304 12305
f 12304 12306 12307
f 12306 12308 12309
f 12308 12310 12311
f 12310 12312 12313
f 12312 12314 12315
f 12314 12316 12317
f 12316 12318 12319
f 12318 12320 12321
f 12320 12322 12323
f 12322 12324 12325
f 12324 12326 12327
f 12326 12328 12329
f 12328 12330 12331
f 12330 12332 12333
f 12332 12334 12335
f 12334 12336 12337
f 12336 12338 12339
f 12338 12340 12341
f 12340 12342 12343
f 12342 12344 12345
f 12344 12346 12347
f 12346 12348 12349
f 12348 12350 12351
f 12350 12352 12353
f 12352 12354 12355
f 12354 12356 12357
f 12356 12358 12359
f 12358 12360 12361
f 12360 12362 12363
f 12362 12364 12365
f 12364 12366 12367
f 12366 12368 12369
f 12368 12370 12371
f 12370 12372 12373
f 12372 12374 12375
f 12374 12376 12377
f 12376 12378 12379
f 12378 12380 12381
f 12380 12382 12383
f 12382 12384 12385
f 12384 12386 12387
f 12386 12388 12389
f 12388 12390 12391
f 12390 12392 12393
f 12392 12394 12395
f 12394 12396 12397
f 12396 12398 12399
f 12398 12400 12401
f 12400 12402 12403
f 12402 12404 12405
f 12404 12406 12407
f 12406 12408 12409
f 12408 12410 12411
f 12410 12412 12413
f 12412 12414 12415
f 12414 12416 12417
f 12416 12418 12419
f 12418 12420 12421
f 12420 12422 12423
f 12422 12424 12425
f 12424 12426 12427
f 12426 12428 12429
f 12428 12430 12431
f 12430 12432 12433
f 12432 12434 12435
f 12434 12436 12437
f 12436 12438 12439
f 12438 12440 12441
f 12440 12442 12443
f 12442 12444 12445
f 12444 12446 12447
f 12446 12448 12449
f 12448 12450 12451
f 12450 12452 12453
f 12452 12454 12455
f 12454 12456 12457
f 12456 12458 12459
f 12458 12460 12461
f 12460 12462 12463
f 12462 12464 12465
f 12464 12466 12467
f 12466 12468 12469
f 12468 12470 12471
f 12470 12472 12473
f 12472 12474 12475
f 12474 12476 12477
f 12476 12478 12479
f 12478 12480 12481
f 12480 12482 12483
f 12482 12484 12485
f 12484 12486 12487
f 12486 12488 12489
f 12488 12490 12491
f 12490 12492 12493
f 12492 12494 12495
f 12494 12496 12497
f 12496 12498 12499
f 12498 12500 12501
f 12500 12502 12503
f 12502 12504 12505
f 12504 12506 12507
f 12506 12508 12509
f 12508 12510 12511
f 12510 12512 12513
f 12512 12514 12515
f 12514 12516 12517
f 12516 12518 12519
f 12518 12520 12521
f 12520 12522 12523
f 12522 12524 12525
f 12524 12526 12527
f 12526 12528 12529
f 12528 12530 12531
f 12530 12532 12533
f 12532 12534 12535
f 12534 12536 12537
f 12536 12538 12539
f 12538 12540 12541
f 12540 12542 12543
f 12542 12544 12545
f 12544 12546 12547
f 12546 12548 12549
f 12548 12550 12551
f 12550 12552 12553
f 12552 12554 12555
f 12554 12556 12557
f 12556 12558 12559
f 12558 12560 12561
f 12560 12562 12563
f 12562 12564 12565
f 12564 12566 12567
f 12566 12568 12569
f 12568 12570 12571
f 12570 12572 12573
f 12572 12574 12575
f 12574 12576 12577
f 12576 12578 12579
f 12578 12580 12581
f 12580 12582 12583
f 12582 12584 12585
f 12584 12586 12587
f 12586 12588 12589
f 12588 12590 12591
f 12590 12592 12593
f 12592 12594 12595
f 12594 12596 12597
f 12596 12598 12599
f 12598 12600 12601
f 12600 12602 12603
f 12602 12604 12605
f 12604 12606 12607
f 12606 12608 12609
f 12608 12610 12611
f 12610 12612 12613
f 12612 12614 12615
f 12614 12616 12617
f 12616 12618 12619
f 12618 12620 12621
f 12620 12622 12623
f 12622 12624 12625
f 12624 12626 12627
f 12626 12628 12629
f 12628 12630 12631
f 12630 12632 12633
f 12632 12634 12635
f 12634 12636 12637
f 12636 12638 12639
f 12638 12640 12641
f 12640 12642 12643
f 12642 12644 12645
f 12644 12646 12647
f 12646 12648 12649
f 12648 12650 12651
f 12650 12652 12653
f 12652 12654 12655
f 12654 11937 12656

o Shape_90
usemtl material_1
f 11217 11937 12657
f 11217 11937 12657

o Shape_91
usemtl material_1
f 11846 12026 12658
f 11846 12026 12658

o Shape_92
usemtl material_1
f 11756 12116 12659
f 11756 12116 12659

o Shape_93
usemtl material_1
f 11666 12206 12660
f 11666 12206 12660

o Shape_94
usemtl material_1
f 11576 12296 12661
f 11576 12296 12661

o Shape_95
usemtl material_1
f 11486 12386 12662
f 11486 12386 12662

o Shape_96
usemtl material_1
f 11396 12476 12663
f 11396 12476 12663

o Shape_97
usemtl material_1
f 11306 12566 12664
f 11306 12566 12664

o Shape_98
usemtl material_1
f 11217 11937 12657
f 11217 11937 12657

o Shape_99
usemtl material_1
f 12665 12666 12667
f 12666 12668 12669
f 12668 12670 12671
f 12670 12672 12673
f 12672 12674 12675
f 12674 12676 12677
f 12676 12678 12679
f 12678 12680 12681
f 12680 12682 12683
f 12682 12684 12685
f 12684 12686 12687
f 12686 12688 12689
f 12688 12690 12691
f 12690 12692 12693
f 12692 12694 12695
f 12694 12696 12697
f 12696 12698 12699
f 12698 12700 12701
f 12700 12702 12703
f 12702 12704 12705
f 12704 12706 12707
f 12706 12708 12709
f 12708 12710 12711
f 12710 12712 12713
f 12712 12714 12715
f 12714 12716 12717
f 12716 12718 12719
f 12718 12720 12721
f 12720 12722 12723
f 12722 12724 12725
f 12724 12726 12727
f 12726 12728 12729
f 12728 12730 12731
f 12730 12732 12733
f 12732 12734 12735
f 12734 12736 12737
f 12736 12738 12739
f 12738 12740 12741
f 12740 12742 12743
f 12742 12744 12745
f 12744 12746 12747
f 12746 12748 12749
f 12748 12750 12751
f 12750 12752 12753
f 12752 12754 12755
f 12754 12756 12757
f 12756 12758 12759
f 12758 12760 12761
f 12760 12762 12763
f 12762 12764 12765
f 12764 12766 12767
f 12766 12768 12769
f 12768 12770 12771
f 12770 12772 12773
f 12772 12774 12775
f 12774 12776 12777
f 12776 12778 12779
f 12778 12780 12781
f 12780 12782 12783
f 12782 12784 12785
f 12784 12786 12787
f 12786 12788 12789
f 12788 12790 12791
f 12790 12792 12793
f 12792 12794 12795
f 12794 12796 12797
f 12796 12798 12799
f 12798 12800 12801
f 12800 12802 12803
f 12802 12804 12805
f 12804 12806 12807
f 12806 12808 12809
f 12808 12810 12811
f 12810 12812 12813
f 12812 12814 12815
f 12814 12816 12817
f 12816 12818 12819
f 12818 12820 12821
f 12820 12822 12823
f 12822 12824 12825
f 12824 12826 12827
f 12826 12828 12829
f 12828 12830 12831
f 12830 12832 12833
f 12832 12834 12835
f 12834 12836 12837
f 12836 12838 12839
f 12838 12840 12841
f 12840 12842 12843
f 12842 12844 12845
f 12844 12846 12847
f 12846 12848 12849
f 12848 12850 12851
f 12850 12852 12853
f 12852 12854 12855
f 12854 12856 12857
f 12856 12858 12859
f 12858 12860 12861
f 12860 12862 12863
f 12862 12864 12865
f 12864 12866 12867
f 12866 12868 12869
f 12868 12870 12871
f 12870 12872 12873
f 12872 12874 12875
f 12874 12876 12877
f 12876 12878 12879
f 12878 12880 12881
f 12880 12882 12883
f 12882 12884 12885
f 12884 12886 12887
f 12886 12888 12889
f 12888 12890 12891
f 12890 12892 12893
f 12892 12894 12895
f 12894 12896 12897
f 12896 12898 12899
f 12898 12900 12901
f 12900 12902 12903
f 12902 12904 12905
f 12904 12906 12907
f 12906 12908 12909
f 12908 12910 12911
f 12910 12912 12913
f 12912 12914 12915
f 12914 12916 12917
f 12916 12918 12919
f 12918 12920 12921
f 12920 12922 12923
f 12922 12924 12925
f 12924 12926 12927
f 12926 12928 12929
f 12928 12930 12931
f 12930 12932 12933
f 12932 12934 12935
f 12934 12936 12937
f 12936 12938 12939
f 12938 12940 12941
f 12940 12942 12943
f 12942 12944 12945
f 12944 12946 12947
f 12946 12948 12949
f 12948 12950 12951
f 12950 12952 12953
f 12952 12954 12955
f 12954 12956 12957
f 12956 12958 12959
f 12958 12960 12961
f 12960 12962 12963
f 12962 12964 12965
f 12964 12966 12967
f 12966 12968 12969
f 12968 12970 12971
f 12970 12972 12973
f 12972 12974 12975
f 12974 12976 12977
f 12976 12978 12979
f 12978 12980 12981
f 12980 12982 12983
f 12982 12984 12985
f 12984 12986 12987
f 12986 12988 12989
f 12988 12990 12991
f 12990 12992 12993
f 12992 12994 12995
f 12994 12996 12997
f 12996 12998 12999
f 12998 13000 13001
f 13000 13002 13003
f 13002 13004 13005
f 13004 13006 13007
f 13006 13008 13009
f 13008 13010 13011
f 13010 13012 13013
f 13012 13014 13015
f 13014 13016 13017
f 13016 13018 13019
f 13018 13020 13021
f 13020 13022 13023
f 13022 13024 13025
f 13024 13026 13027
f 13026 13028 13029
f 13028 13030 13031
f 13030 13032 13033
f 13032 13034 13035
f 13034 13036 13037
f 13036 13038 13039
f 13038 13040 13041
f 13040 13042 13043
f 13042 13044 13045
f 13044 13046 13047
f 13046 13048 13049
f 13048 13050 13051
f 13050 13052 13053
f 13052 13054 13055
f 13054 13056 13057
f 13056 13058 13059
f 13058 13060 13061
f 13060 13062 13063
f 13062 13064 13065
f 13064 13066 13067
f 13066 13068 13069
f 13068 13070 13071
f 13070 13072 13073
f 13072 13074 13075
f 13074 13076 13077
f 13076 13078 13079
f 13078 13080 13081
f 13080 13082 13083
f 13082 13084 13085
f 13084 13086 13087
f 13086 13088 13089
f 13088 13090 13091
f 13090 13092 13093
f 13092 13094 13095
f 13094 13096 13097
f 13096 13098 13099
f 13098 13100 13101
f 13100 13102 13103
f 13102 13104 13105
f 13104 13106 13107
f 13106 13108 13109
f 13108 13110 13111
f 13110 13112 13113
f 13112 13114 13115
f 13114 13116 13117
f 13116 13118 13119
f 13118 13120 13121
f 13120 13122 13123
f 13122 13124 13125
f 13124 13126 13127
f 13126 13128 13129
f 13128 13130 13131
f 13130 13132 13133
f 13132 13134 13135
f 13134 13136 13137
f 13136 13138 13139
f 13138 13140 13141
f 13140 13142 13143
f 13142 13144 13145
f 13144 13146 13147
f 13146 13148 13149
f 13148 13150 13151
f 13150 13152 13153
f 13152 13154 13155
f 13154 13156 13157
f 13156 13158 13159
f 13158 13160 13161
f 13160 13162 13163
f 13162 13164 13165
f 13164 13166 13167
f 13166 13168 13169
f 13168 13170 13171
f 13170 13172 13173
f 13172 13174 13175
f 13174 13176 13177
f 13176 13178 13179
f 13178 13180 13181
f 13180 13182 13183
f 13182 13184 13185
f 13184 13186 13187
f 13186 13188 13189
f 13188 13190 13191
f 13190 13192 13193
f 13192 13194 13195
f 13194 13196 13197
f 13196 13198 13199
f 13198 13200 13201
f 13200 13202 13203
f 13202 13204 13205
f 13204 13206 13207
f 13206 13208 13209
f 13208 13210 13211
f 13210 13212 13213
f 13212 13214 13215
f 13214 13216 13217
f 13216 13218 13219
f 13218 13220 13221
f 13220 13222 13223
f 13222 13224 13225
f 13224 13226 13227
f 13226 13228 13229
f 13228 13230 13231
f 13230 13232 13233
f 13232 13234 13235
f 13234 13236 13237
f 13236 13238 13239
f 13238 13240 13241
f 13240 13242 13243
f 13242 13244 13245
f 13244 13246 13247
f 13246 13248 13249
f 13248 13250 13251
f 13250 13252 13253
f 13252 13254 13255
f 13254 13256 13257
f 13256 13258 13259
f 13258 13260 13261
f 13260 13262 13263
f 13262 13264 13265
f 13264 13266 13267
f 13266 13268 13269
f 13268 13270 13271
f 13270 13272 13273
f 13272 13274 13275
f 13274 13276 13277
f 13276 13278 13279
f 13278 13280 13281
f 13280 13282 13283
f 13282 13284 13285
f 13284 13286 13287
f 13286 13288 13289
f 13288 13290 13291
f 13290 13292 13293
f 13292 13294 13295
f 13294 13296 13297
f 13296 13298 13299
f 13298 13300 13301
f 13300 13302 13303
f 13302 13304 13305
f 13304 13306 13307
f 13306 13308 13309
f 13308 13310 13311
f 13310 13312 13313
f 13312 13314 13315
f 13314 13316 13317
f 13316 13318 13319
f 13318 13320 13321
f 13320 13322 13323
f 13322 13324 13325
f 13324 13326 13327
f 13326 13328 13329
f 13328 13330 13331
f 13330 13332 13333
f 13332 13334 13335
f 13334 13336 13337
f 13336 13338 13339
f 13338 13340 13341
f 13340 13342 13343
f 13342 13344 13345
f 13344 13346 13347
f 13346 13348 13349
f 13348 13350 13351
f 13350 13352 13353
f 13352 13354 13355
f 13354 13356 13357
f 13356 13358 13359
f 13358 13360 13361
f 13360 13362 13363
f 13362 13364 13365
f 13364 13366 13367
f 13366 13368 13369
f 13368 13370 13371
f 13370 13372 13373
f 13372 13374 13375
f 13374 13376 13377
f 13376 13378 13379
f 13378 13380 13381
f 13380 13382 13383
f 13382 12665 13384

o Shape_100
usemtl material_1
f 13385 13386 13387
f 13386 13388 13389
f 13388 13390 13391
f 13390 13392 13393
f 13392 13394 13395
f 13394 13396 13397
f 13396 13398 13399
f 13398 13400 13401
f 13400 13402 13403
f 13402 13404 13405
f 13404 13406 13407
f 13406 13408 13409
f 13408 13410 13411
f 13410 13412 13413
f 13412 13414 13415
f 13414 13416 13417
f 13416 13418 13419
f 13418 13420 13421
f 13420 13422 13423
f 13422 13424 13425
f 13424 13426 13427
f 13426 13428 13429
f 13428 13430 13431
f 13430 13432 13433
f 13432 13434 13435
f 13434 13436 13437
f 13436 13438 13439
f 13438 13440 13441
f 13440 13442 13443
f 13442 13444 13445
f 13444 13446 13447
f 13446 13448 13449
f 13448 13450 13451
f 13450 13452 13453
f 13452 13454 13455
f 13454 13456 13457
f 13456 13458 13459
f 13458 13460 13461
f 13460 13462 13463
f 13462 13464 13465
f 13464 13466 13467
f 13466 13468 13469
f 13468 13470 13471
f 13470 13472 13473
f 13472 13474 13475
f 13474 13476 13477
f 13476 13478 13479
f 13478 13480 13481
f 13480 13482 13483
f 13482 13484 13485
f 13484 13486 13487
f 13486 13488 13489
f 13488 13490 13491
f 13490 13492 13493
f 13492 13494 13495
f 13494 13496 13497
f 13496 13498 13499
f 13498 13500 13501
f 13500 13502 13503
f 13502 13504 13505
f 13504 13506 13507
f 13506 13508 13509
f 13508 13510 13511
f 13510 13512 13513
f 13512 13514 13515
f 13514 13516 13517
f 13516 13518 13519
f 13518 13520 13521
f 13520 13522 13523
f 13522 13524 13525
f 13524 13526 13527
f 13526 13528 13529
f 13528 13530 13531
f 13530 13532 13533
f 13532 13534 13535
f 13534 13536 13537
f 13536 13538 13539
f 13538 13540 13541
f 13540 13542 13543
f 13542 13544 13545
f 13544 13546 13547
f 13546 13548 13549
f 13548 13550 13551
f 13550 13552 13553
f 13552 13554 13555
f 13554 13556 13557
f 13556 13558 13559
f 13558 13560 13561
f 13560 13562 13563
f 13562 13564 13565
f 13564 13566 13567
f 13566 13568 13569
f 13568 13570 13571
f 13570 13572 13573
f 13572 13574 13575
f 13574 13576 13577
f 13576 13578 13579
f 13578 13580 13581
f 13580 13582 13583
f 13582 13584 13585
f 13584 13586 13587
f 13586 13588 13589
f 13588 13590 13591
f 13590 13592 13593
f 13592 13594 13595
f 13594 13596 13597
f 13596 13598 13599
f 13598 13600 13601
f 13600 13602 13603
f 13602 13604 13605
f 13604 13606 13607
f 13606 13608 13609
f 13608 13610 13611
f 13610 13612 13613
f 13612 13614 13615
f 13614 13616 13617
f 13616 13618 13619
f 13618 13620 13621
f 13620 13622 13623
f 13622 13624 13625
f 13624 13626 13627
f 13626 13628 13629
f 13628 13630 13631
f 13630 13632 13633
f 13632 13634 13635
f 13634 13636 13637
f 13636 13638 13639
f 13638 13640 13641
f 13640 13642 13643
f 13642 13644 13645
f 13644 13646 13647
f 13646 13648 13649
f 13648 13650 13651
f 13650 13652 13653
f 13652 13654 13655
f 13654 13656 13657
f 13656 13658 13659
f 13658 13660 13661
f 13660 13662 13663
f 13662 13664 13665
f 13664 13666 13667
f 13666 13668 13669
f 13668 13670 13671
f 13670 13672 13673
f 13672 13674 13675
f 13674 13676 13677
f 13676 13678 13679
f 13678 13680 13681
f 13680 13682 13683
f 13682 13684 13685
f 13684 13686 13687
f 13686 13688 13689
f 13688 13690 13691
f 13690 13692 13693
f 13692 13694 13695
f 13694 13696 13697
f 13696 13698 13699
f 13698 13700 13701
f 13700 13702 13703
f 13702 13704 13705
f 13704 13706 13707
f 13706 13708 13709
f 13708 13710 13711
f 13710 13712 13713
f 13712 13714 13715
f 13714 13716 13717
f 13716 13718 13719
f 13718 13720 13721
f 13720 13722 13723
f 13722 13724 13725
f 13724 13726 13727
f 13726 13728 13729
f 13728 13730 13731
f 13730 13732 13733
f 13732 13734 13735
f 13734 13736 13737
f 13736 13738 13739
f 13738 13740 13741
f 13740 13742 13743
f 13742 13744 13745
f 13744 13746 13747
f 13746 13748 13749
f 13748 13750 13751
f 13750 13752 13753
f 13752 13754 13755
f 13754 13756 13757
f 13756 13758 13759
f 13758 13760 13761
f 13760 13762 13763
f 13762 13764 13765
f 13764 13766 13767
f 13766 13768 13769
f 13768 13770 13771
f 13770 13772 13773
f 13772 13774 13775
f 13774 13776 13777
f 13776 13778 13779
f 13778 13780 13781
f 13780 13782 13783
f 13782 13784 13785
f 13784 13786 13787
f 13786 13788 13789
f 13788 13790 13791
f 13790 13792 13793
f 13792 13794 13795
f 13794 13796 13797
f 13796 13798 13799
f 13798 13800 13801
f 13800 13802 13803
f 13802 13804 13805
f 13804 13806 13807
f 13806 13808 13809
f 13808 13810 13811
f 13810 13812 13813
f 13812 13814 13815
f 13814 13816 13817
f 13816 13818 13819
f 13818 13820 13821
f 13820 13822 13823
f 13822 13824 13825
f 13824 13826 13827
f 13826 13828 13829
f 13828 13830 13831
f 13830 13832 13833
f 13832 13834 13835
f 13834 13836 13837
f 13836 13838 13839
f 13838 13840 13841
f 13840 13842 13843
f 13842 13844 13845
f 13844 13846 13847
f 13846 13848 13849
f 13848 13850 13851
f 13850 13852 13853
f 13852 13854 13855
f 13854 13856 13857
f 13856 13858 13859
f 13858 13860 13861
f 13860 13862 13863
f 13862 13864 13865
f 13864 13866 13867
f 13866 13868 13869
f 13868 13870 13871
f 13870 13872 13873
f 13872 13874 13875
f 13874 13876 13877
f 13876 13878 13879
f 13878 13880 13881
f 13880 13882 13883
f 13882 13884 13885
f 13884 13886 13887
f 13886 13888 13889
f 13888 13890 13891
f 13890 13892 13893
f 13892 13894 13895
f 13894 13896 13897
f 13896 13898 13899
f 13898 13900 13901
f 13900 13902 13903
f 13902 13904 13905
f 13904 13906 13907
f 13906 13908 13909
f 13908 13910 13911
f 13910 13912 13913
f 13912 13914 13915
f 13914 13916 13917
f 13916 13918 13919
f 13918 13920 13921
f 13920 13922 13923
f 13922 13924 13925
f 13924 13926 13927
f 13926 13928 13929
f 13928 13930 13931
f 13930 13932 13933
f 13932 13934 13935
f 13934 13936 13937
f 13936 13938 13939
f 13938 13940 13941
f 13940 13942 13943
f 13942 13944 13945
f 13944 13946 13947
f 13946 13948 13949
f 13948 13950 13951
f 13950 13952 13953
f 13952 13954 13955
f 13954 13956 13957
f 13956 13958 13959
f 13958 13960 13961
f 13960 13962 13963
f 13962 13964 13965
f 13964 13966 13967
f 13966 13968 13969
f 13968 13970 13971
f 13970 13972 13973
f 13972 13974 13975
f 13974 13976 13977
f 13976 13978 13979
f 13978 13980 13981
f 13980 13982 13983
f 13982 13984 13985
f 13984 13986 13987
f 13986 13988 13989
f 13988 13990 13991
f 13990 13992 13993
f 13992 13994 13995
f 13994 13996 13997
f 13996 13998 13999
f 13998 14000 14001
f 14000 14002 14003
f 14002 14004 14005
f 14004 14006 14007
f 14006 14008 14009
f 14008 14010 14011
f 14010 14012 14013
f 14012 14014 14015
f 14014 14016 14017
f 14016 14018 14019
f 14018 14020 14021
f 14020 14022 14023
f 14022 14024 14025
f 14024 14026 14027
f 14026 14028 14029
f 14028 14030 14031
f 14030 14032 14033
f 14032 14034 14035
f 14034 14036 14037
f 14036 14038 14039
f 14038 14040 14041
f 14040 14042 14043
f 14042 14044 14045
f 14044 14046 14047
f 14046 14048 14049
f 14048 14050 14051
f 14050 14052 14053
f 14052 14054 14055
f 14054 14056 14057
f 14056 14058 14059
f 14058 14060 14061
f 14060 14062 14063
f 14062 14064 14065
f 14064 14066 14067
f 14066 14068 14069
f 14068 14070 14071
f 14070 14072 14073
f 14072 14074 14075
f 14074 14076 14077
f 14076 14078 14079
f 14078 14080 14081
f 14080 14082 14083
f 14082 14084 14085
f 14084 14086 14087
f 14086 14088 14089
f 14088 14090 14091
f 14090 14092 14093
f 14092 14094 14095
f 14094 14096 14097
f 14096 14098 14099
f 14098 14100 14101
f 14100 14102 14103
f 14102 13385 14104

o Shape_101
usemtl material_1
f 12665 13385 14105
f 12665 13385 14105

o Shape_102
usemtl material_1
f 13294 13474 14106
f 13294 13474 14106

o Shape_103
usemtl material_1
f 13204 13564 14107
f 13204 13564 14107

o Shape_104
usemtl material_1
f 13114 13654 14108
f 13114 13654 14108

o Shape_105
usemtl material_1
f 13024 13744 14109
f 13024 13744 14109

o Shape_106
usemtl material_1
f 12934 13834 14110
f 12934 13834 14110

o Shape_107
usemtl material_1
f 12844 13924 14111
f 12844 13924 14111

o Shape_108
usemtl material_1
f 12754 14014 14112
f 12754 14014 14112

o Shape_109
usemtl material_1
f 12665 13385 14105
f 12665 13385 14105

o Shape_110
usemtl material_1
f 14113 14114 14115
f 14114 14116 14117
f 14116 14118 14119
f 14118 14120 14121
f 14120 14122 14123
f 14122 14124 14125
f 14124 14126 14127
f 14126 14128 14129
f 14128 14130 14131
f 14130 14132 14133
f 14132 14134 14135
f 14134 14136 14137
f 14136 14138 14139
f 14138 14140 14141
f 14140 14142 14143
f 14142 14144 14145
f 14144 14146 14147
f 14146 14148 14149
f 14148 14150 14151
f 14150 14152 14153
f 14152 14154 14155
f 14154 14156 14157
f 14156 14158 14159
f 14158 14160 14161
f 14160 14162 14163
f 14162 14164 14165
f 14164 14166 14167
f 14166 14168 14169
f 14168 14170 14171
f 14170 14172 14173
f 14172 14174 14175
f 14174 14176 14177
f 14176 14178 14179
f 14178 14180 14181
f 14180 14182 14183
f 14182 14184 14185
f 14184 14186 14187
f 14186 14188 14189
f 14188 14190 14191
f 14190 14192 14193
f 14192 14194 14195
f 14194 14196 14197
f 14196 14198 14199
f 14198 14200 14201
f 14200 14202 14203
f 14202 14204 14205
f 14204 14206 14207
f 14206 14208 14209
f 14208 14210 14211
f 14210 14212 14213
f 14212 14214 14215
f 14214 14216 14217
f 14216 14218 14219
f 14218 14220 14221
f 14220 14222 14223
f 14222 14224 14225
f 14224 14226 14227
f 14226 14228 14229
f 14228 14230 14231
f 14230 14232 14233
f 14232 14234 14235
f 14234 14236 14237
f 14236 14238 14239
f 14238 14240 14241
f 14240 14242 14243
f 14242 14244 14245
f 14244 14246 14247
f 14246 14248 14249
f 14248 14250 14251
f 14250 14252 14253
f 14252 14254 14255
f 14254 14256 14257
f 14256 14258 14259
f 14258 14260 14261
f 14260 14262 14263
f 14262 14264 14265
f 14264 14266 14267
f 14266 14268 14269
f 14268 14270 14271
f 14270 14272 14273
f 14272 14274 14275
f 14274 14276 14277
f 14276 14278 14279
f 14278 14280 14281
f 14280 14282 14283
f 14282 14284 14285
f 14284 14286 14287
f 14286 14288 14289
f 14288 14290 14291
f 14290 14292 14293
f 14292 14294 14295
f 14294 14296 14297
f 14296 14298 14299
f 14298 14300 14301
f 14300 14302 14303
f 14302 14304 14305
f 14304 14306 14307
f 14306 14308 14309
f 14308 14310 14311
f 14310 14312 14313
f 14312 14314 14315
f 14314 14316 14317
f 14316 14318 14319
f 14318 14320 14321
f 14320 14322 14323
f 14322 14324 14325
f 14324 14326 14327
f 14326 14328 14329
f 14328 14330 14331
f 14330 14332 14333
f 14332 14334 14335
f 14334 14336 14337
f 14336 14338 14339
f 14338 14340 14341
f 14340 14342 14343
f 14342 14344 14345
f 14344 14346 14347
f 14346 14348 14349
f 14348 14350 14351
f 14350 14352 14353
f 14352 14354 14355
f 14354 14356 14357
f 14356 14358 14359
f 14358 14360 14361
f 14360 14362 14363
f 14362 14364 14365
f 14364 14366 14367
f 14366 14368 14369
f 14368 14370 14371
f 14370 14372 14373
f 14372 14374 14375
f 14374 14376 14377
f 14376 14378 14379
f 14378 14380 14381
f 14380 14382 14383
f 14382 14384 14385
f 14384 14386 14387
f 14386 14388 14389
f 14388 14390 14391
f 14390 14392 14393
f 14392 14394 14395
f 14394 14396 14397
f 14396 14398 14399
f 14398 14400 14401
f 14400 14402 14403
f 14402 14404 14405
f 14404 14406 14407
f 14406 14408 14409
f 14408 14410 14411
f 14410 14412 14413
f 14412 14414 14415
f 14414 14416 14417
f 14416 14418 14419
f 14418 14420 14421
f 14420 14422 14423
f 14422 14424 14425
f 14424 14426 14427
f 14426 14428 14429
f 14428 14430 14431
f 14430 14432 14433
f 14432 14434 14435
f 14434 14436 14437
f 14436 14438 14439
f 14438 14440 14441
f 14440 14442 14443
f 14442 14444 14445
f 14444 14446 14447
f 14446 14448 14449
f 14448 14450 14451
f 14450 14452 14453
f 14452 14454 14455
f 14454 14456 14457
f 14456 14458 14459
f 14458 14460 14461
f 14460 14462 14463
f 14462 14464 14465
f 14464 14466 14467
f 14466 14468 14469
f 14468 14470 14471
f 14470 14472 14473
f 14472 14474 14475
f 14474 14476 14477
f 14476 14478 14479
f 14478 14480 14481
f 14480 14482 14483
f 14482 14484 14485
f 14484 14486 14487
f 14486 14488 14489
f 14488 14490 14491
f 14490 14492 14493
f 14492 14494 14495
f 14494 14496 14497
f 14496 14498 14499
f 14498 14500 14501
f 14500 14502 14503
f 14502 14504 14505
f 14504 14506 14507
f 14506 14508 14509
f 14508 14510 14511
f 14510 14512 14513
f 14512 14514 14515
f 14514 14516 14517
f 14516 14518 14519
f 14518 14520 14521
f 14520 14522 14523
f 14522 14524 14525
f 14524 14526 14527
f 14526 14528 14529
f 14528 14530 14531
f 14530 14532 14533
f 14532 14534 14535
f 14534 14536 14537
f 14536 14538 14539
f 14538 14540 14541
f 14540 14542 14543
f 14542 14544 14545
f 14544 14546 14547
f 14546 14548 14549
f 14548 14550 14551
f 14550 14552 14553
f 14552 14554 14555
f 14554 14556 14557
f 14556 14558 14559
f 14558 14560 14561
f 14560 14562 14563
f 14562 14564 14565
f 14564 14566 14567
f 14566 14568 14569
f 14568 14570 14571
f 14570 14572 14573
f 14572 14574 14575
f 14574 14576 14577
f 14576 14578 14579
f 14578 14580 14581
f 14580 14582 14583
f 14582 14584 14585
f 14584 14586 14587
f 14586 14588 14589
f 14588 14590 14591
f 14590 14592 14593
f 14592 14594 14595
f 14594 14596 14597
f 14596 14598 14599
f 14598 14600 14601
f 14600 14602 14603
f 14602 14604 14605
f 14604 14606 14607
f 14606 14608 14609
f 14608 14610 14611
f 14610 14612 14613
f 14612 14614 14615
f 14614 14616 14617
f 14616 14618 14619
f 14618 14620 14621
f 14620 14622 14623
f 14622 14624 14625
f 14624 14626 14627
f 14626 14628 14629
f 14628 14630 14631
f 14630 14632 14633
f 14632 14634 14635
f 14634 14636 14637
f 14636 14638 14639
f 14638 14640 14641
f 14640 14642 14643
f 14642 14644 14645
f 14644 14646 14647
f 14646 14648 14649
f 14648 14650 14651
f 14650 14652 14653
f 14652 14654 14655
f 14654 14656 14657
f 14656 14658 14659
f 14658 14660 14661
f 14660 14662 14663
f 14662 14664 14665
f 14664 14666 14667
f 14666 14668 14669
f 14668 14670 14671
f 14670 14672 14673
f 14672 14674 14675
f 14674 14676 14677
f 14676 14678 14679
f 14678 14680 14681
f 14680 14682 14683
f 14682 14684 14685
f 14684 14686 14687
f 14686 14688 14689
f 14688 14690 14691
f 14690 14692 14693
f 14692 14694 14695
f 14694 14696 14697
f 14696 14698 14699
f 14698 14700 14701
f 14700 14702 14703
f 14702 14704 14705
f 14704 14706 14707
f 14706 14708 14709
f 14708 14710 14711
f 14710 14712 14713
f 14712 14714 14715
f 14714 14716 14717
f 14716 14718 14719
f 14718 14720 14721
f 14720 14722 14723
f 14722 14724 14725
f 14724 14726 14727
f 14726 14728 14729
f 14728 14730 14731
f 14730 14732 14733
f 14732 14734 14735
f 14734 14736 14737
f 14736 14738 14739
f 14738 14740 14741
f 14740 14742 14743
f 14742 14744 14745
f 14744 14746 14747
f 14746 14748 14749
f 14748 14750 14751
f 14750 14752 14753
f 14752 14754 14755
f 14754 14756 14757
f 14756 14758 14759
f 14758 14760 14761
f 14760 14762 14763
f 14762 14764 14765
f 14764 14766 14767
f 14766 14768 14769
f 14768 14770 14771
f 14770 14772 14773
f 14772 14774 14775
f 14774 14776 14777
f 14776 14778 14779
f 14778 14780 14781
f 14780 14782 14783
f 14782 14113 14784

o Shape_111
usemtl material_1
f 14785 14786 14787
f 14786 14788 14789
f 14788 14790 14791
f 14790 14792 14793
f 14792 14794 14795
f 14794 14796 14797
f 14796 14798 14799
f 14798 14800 14801
f 14800 14802 14803
f 14802 14804 14805
f 14804 14806 14807
f 14806 14808 14809
f 14808 14810 14811
f 14810 14812 14813
f 14812 14814 14815
f 14814 14816 14817
f 14816 14818 14819
f 14818 14820 14821
f 14820 14822 14823
f 14822 14824 14825
f 14824 14826 14827
f 14826 14828 14829
f 14828 14830 14831
f 14830 14832 14833
f 14832 14834 14835
f 14834 14836 14837
f 14836 14838 14839
f 14838 14840 14841
f 14840 14842 14843
f 14842 14844 14845
f 14844 14846 14847
f 14846 14848 14849
f 14848 14850 14851
f 14850 14852 14853
f 14852 14854 14855
f 14854 14856 14857
f 14856 14858 14859
f 14858 14860 14861
f 14860 14862 14863
f 14862 14864 14865
f 14864 14866 14867
f 14866 14868 14869
f 14868 14870 14871
f 14870 14872 14873
f 14872 14874 14875
f 14874 14876 14877
f 14876 14878 14879
f 14878 14880 14881
f 14880 14882 14883
f 14882 14884 14885
f 14884 14886 14887
f 14886 14888 14889
f 14888 14890 14891
f 14890 14892 14893
f 14892 14894 14895
f 14894 14896 14897
f 14896 14898 14899
f 14898 14900 14901
f 14900 14902 14903
f 14902 14904 14905
f 14904 14906 14907
f 14906 14908 14909
f 14908 14910 14911
f 14910 14912 14913
f 14912 14914 14915
f 14914 14916 14917
f 14916 14918 14919
f 14918 14920 14921
f 14920 14922 14923
f 14922 14924 14925
f 14924 14926 14927
f 14926 14928 14929
f 14928 14930 14931
f 14930 14932 14933
f 14932 14934 14935
f 14934 14936 14937
f 14936 14938 14939
f 14938 14940 14941
f 14940 14942 14943
f 14942 14944 14945
f 14944 14946 14947
f 14946 14948 14949
f 14948 14950 14951
f 14950 14952 14953
f 14952 14954 14955
f 14954 14956 14957
f 14956 14958 14959
f 14958 14960 14961
f 14960 14962 14963
f 14962 14964 14965
f 14964 14966 14967
f 14966 14968 14969
f 14968 14970 14971
f 14970 14972 14973
f 14972 14974 14975
f 14974 14976 14977
f 14976 14978 14979
f 14978 14980 14981
f 14980 14982 14983
f 14982 14984 14985
f 14984 14986 14987
f 14986 14988 14989
f 14988 14990 14991
f 14990 14992 14993
f 14992 14994 14995
f 14994 14996 14997
f 14996 14998 14999
f 14998 15000 15001
f 15000 15002 15003
f 15002 15004 15005
f 15004 15006 15007
f 15006 15008 15009
f 15008 15010 15011
f 15010 15012 15013
f 15012 15014 15015
f 15014 15016 15017
f 15016 15018 15019
f 15018 15020 15021
f 15020 15022 15023
f 15022 15024 15025
f 15024 15026 15027
f 15026 15028 15029
f 15028 15030 15031
f 15030 15032 15033
f 15032 15034 15035
f 15034 15036 15037
f 15036 15038 15039
f 15038 15040 15041
f 15040 15042 15043
f 15042 15044 15045
f 15044 15046 15047
f 15046 15048 15049
f 15048 15050 15051
f 15050 15052 15053
f 15052 15054 15055
f 15054 15056 15057
f 15056 15058 15059
f 15058 15060 15061
f 15060 15062 15063
f 15062 15064 15065
f 15064 15066 15067
f 15066 15068 15069
f 15068 15070 15071
f 15070 15072 15073
f 15072 15074 15075
f 15074 15076 15077
f 15076 15078 15079
f 15078 15080 15081
f 15080 15082 15083
f 15082 15084 15085
f 15084 15086 15087
f 15086 15088 15089
f 15088 15090 15091
f 15090 15092 15093
f 15092 15094 15095
f 15094 15096 15097
f 15096 15098 15099
f 15098 15100 15101
f 15100 15102 15103
f 15102 15104 15105
f 15104 15106 15107
f 15106 15108 15109
f 15108 15110 15111
f 15110 15112 15113
f 15112 15114 15115
f 15114 15116 15117
f 15116 15118 15119
f 15118 15120 15121
f 15120 15122 15123
f 15122 15124 15125
f 15124 15126 15127
f 15126 15128 15129
f 15128 15130 15131
f 15130 15132 15133
f 15132 15134 15135
f 15134 15136 15137
f 15136 15138 15139
f 15138 15140 15141
f 15140 15142 15143
f 15142 15144 15145
f 15144 15146 15147
f 15146 15148 15149
f 15148 15150 15151
f 15150 15152 15153
f 15152 15154 15155
f 15154 15156 15157
f 15156 15158 15159
f 15158 15160 15161
f 15160 15162 15163
f 15162 15164 15165
f 15164 15166 15167
f 15166 15168 15169
f 15168 15170 15171
f 15170 15172 15173
f 15172 15174 15175
f 15174 15176 15177
f 15176 15178 15179
f 15178 15180 15181
f 15180 15182 15183
f 15182 15184 15185
f 15184 15186 15187
f 15186 15188 15189
f 15188 15190 15191
f 15190 15192 15193
f 15192 15194 15195
f 15194 15196 15197
f 15196 15198 15199
f 15198 15200 15201
f 15200 15202 15203
f 15202 15204 15205
f 15204 15206 15207
f 15206 15208 15209
f 15208 15210 15211
f 15210 15212 15213
f 15212 15214 15215
f 15214 15216 15217
f 15216 15218 15219
f 15218 15220 15221
f 15220 15222 15223
f 15222 15224 15225
f 15224 15226 15227
f 15226 15228 15229
f 15228 15230 15231
f 15230 15232 15233
f 15232 15234 15235
f 15234 15236 15237
f 15236 15238 15239
f 15238 15240 15241
f 15240 15242 15243
f 15242 15244 15245
f 15244 15246 15247
f 15246 15248 15249
f 15248 15250 15251
f 15250 15252 15253
f 15252 15254 15255
f 15254 15256 15257
f 15256 15258 15259
f 15258 15260 15261
f 15260 15262 15263
f 15262 15264 15265
f 15264 15266 15267
f 15266 15268 15269
f 15268 15270 15271
f 15270 15272 15273
f 15272 15274 15275
f 15274 15276 15277
f 15276 15278 15279
f 15278 15280 15281
f 15280 15282 15283
f 15282 15284 15285
f 15284 15286 15287
f 15286 15288 15289
f 15288 15290 15291
f 15290 15292 15293
f 15292 15294 15295
f 15294 15296 15297
f 15296 15298 15299
f 15298 15300 15301
f 15300 15302 15303
f 15302 15304 15305
f 15304 15306 15307
f 15306 15308 15309
f 15308 15310 15311
f 15310 15312 15313
f 15312 15314 15315
f 15314 15316 15317
f 15316 15318 15319
f 15318 15320 15321
f 15320 15322 15323
f 15322 15324 15325
f 15324 15326 15327
f 15326 15328 15329
f 15328 15330 15331
f 15330 15332 15333
f 15332 15334 15335
f 15334 15336 15337
f 15336 15338 15339
f 15338 15340 15341
f 15340 15342 15343
f 15342 15344 15345
f 15344 15346 15347
f 15346 15348 15349
f 15348 15350 15351
f 15350 15352 15353
f 15352 15354 15355
f 15354 15356 15357
f 15356 15358 15359
f 15358 15360 15361
f 15360 15362 15363
f 15362 15364 15365
f 15364 15366 15367
f 15366 15368 15369
f 15368 15370 15371
f 15370 15372 15373
f 15372 15374 15375
f 15374 15376 15377
f 15376 15378 15379
f 15378 15380 15381
f 15380 15382 15383
f 15382 15384 15385
f 15384 15386 15387
f 15386 15388 15389
f 15388 15390 15391
f 15390 15392 15393
f 15392 15394 15395
f 15394 15396 15397
f 15396 15398 15399
f 15398 15400 15401
f 15400 15402 15403
f 15402 15404 15405
f 15404 15406 15407
f 15406 15408 15409
f 15408 15410 15411
f 15410 15412 15413
f 15412 15414 15415
f 15414 15416 15417
f 15416 15418 15419
f 15418 15420 15421
f 15420 15422 15423
f 15422 15424 15425
f 15424 15426 15427
f 15426 15428 15429
f 15428 15430 15431
f 15430 15432 15433
f 15432 15434 15435
f 15434 15436 15437
f 15436 15438 15439
f 15438 15440 15441
f 15440 15442 15443
f 15442 15444 15445
f 15444 15446 15447
f 15446 15448 15449
f 15448 15450 15451
f 15450 15452 15453
f 15452 15454 15455
f 15454 14785 15456

o Shape_112
usemtl material_1
f 14113 14785 15457
f 14113 14785 15457

o Shape_113
usemtl material_1
f 14706 14862 15458
f 14706 14862 15458

o Shape_114
usemtl material_1
f 14616 14952 15459
f 14616 14952 15459

o Shape_115
usemtl material_1
f 14526 15042 15460
f 14526 15042 15460

o Shape_116
usemtl material_1
f 14448 15120 15461
f 14448 15120 15461

o Shape_117
usemtl material_1
f 14370 15198 15462
f 14370 15198 15462

o Shape_118
usemtl material_1
f 14280 15288 15463
f 14280 15288 15463

o Shape_119
usemtl material_1
f 14190 15378 15464
f 14190 15378 15464

o Shape_120
usemtl material_1
f 14113 14785 15457
f 14113 14785 15457

o Shape_121
usemtl material_1
f 15465 15466 15467
f 15466 15468 15469
f 15468 15470 15471
f 15470 15472 15473
f 15472 15474 15475
f 15474 15476 15477
f 15476 15478 15479
f 15478 15480 15481
f 15480 15482 15483
f 15482 15484 15485
f 15484 15486 15487
f 15486 15488 15489
f 15488 15490 15491
f 15490 15492 15493
f 15492 15494 15495
f 15494 15496 15497
f 15496 15498 15499
f 15498 15500 15501
f 15500 15502 15503
f 15502 15504 15505
f 15504 15506 15507
f 15506 15508 15509
f 15508 15510 15511
f 15510 15512 15513
f 15512 15514 15515
f 15514 15516 15517
f 15516 15518 15519
f 15518 15520 15521
f 15520 15522 15523
f 15522 15524 15525
f 15524 15526 15527
f 15526 15528 15529
f 15528 15530 15531
f 15530 15532 15533
f 15532 15534 15535
f 15534 15536 15537
f 15536 15538 15539
f 15538 15540 15541
f 15540 15542 15543
f 15542 15544 15545
f 15544 15546 15547
f 15546 15548 15549
f 15548 15550 15551
f 15550 15552 15553
f 15552 15554 15555
f 15554 15556 15557
f 15556 15558 15559
f 15558 15560 15561
f 15560 15562 15563
f 15562 15564 15565
f 15564 15566 15567
f 15566 15568 15569
f 15568 15570 15571
f 15570 15572 15573
f 15572 15574 15575
f 15574 15576 15577
f 15576 15578 15579
f 15578 15580 15581
f 15580 15582 15583
f 15582 15584 15585
f 15584 15586 15587
f 15586 15588 15589
f 15588 15590 15591
f 15590 15592 15593
f 15592 15594 15595
f 15594 15596 15597
f 15596 15598 15599
f 15598 15600 15601
f 15600 15602 15603
f 15602 15604 15605
f 15604 15606 15607
f 15606 15608 15609
f 15608 15610 15611
f 15610 15612 15613
f 15612 15614 15615
f 15614 15616 15617
f 15616 15618 15619
f 15618 15620 15621
f 15620 15622 15623
f 15622 15624 15625
f 15624 15626 15627
f 15626 15628 15629
f 15628 15630 15631
f 15630 15632 15633
f 15632 15634 15635
f 15634 15636 15637
f 15636 15638 15639
f 15638 15640 15641
f 15640 15642 15643
f 15642 15644 15645
f 15644 15646 15647
f 15646 15648 15649
f 15648 15650 15651
f 15650 15652 15653
f 15652 15654 15655
f 15654 15656 15657
f 15656 15658 15659
f 15658 15660 15661
f 15660 15662 15663
f 15662 15664 15665
f 15664 15666 15667
f 15666 15668 15669
f 15668 15670 15671
f 15670 15672 15673
f 15672 15674 15675
f 15674 15676 15677
f 15676 15678 15679
f 15678 15680 15681
f 15680 15682 15683
f 15682 15684 15685
f 15684 15686 15687
f 15686 15688 15689
f 15688 15690 15691
f 15690 15692 15693
f 15692 15694 15695
f 15694 15696 15697
f 15696 15698 15699
f 15698 15700 15701
f 15700 15702 15703
f 15702 15704 15705
f 15704 15706 15707
f 15706 15708 15709
f 15708 15710 15711
f 15710 15712 15713
f 15712 15714 15715
f 15714 15716 15717
f 15716 15718 15719
f 15718 15720 15721
f 15720 15722 15723
f 15722 15724 15725
f 15724 15726 15727
f 15726 15728 15729
f 15728 15730 15731
f 15730 15732 15733
f 15732 15734 15735
f 15734 15736 15737
f 15736 15738 15739
f 15738 15740 15741
f 15740 15742 15743
f 15742 15744 15745
f 15744 15746 15747
f 15746 15748 15749
f 15748 15750 15751
f 15750 15752 15753
f 15752 15754 15755
f 15754 15756 15757
f 15756 15758 15759
f 15758 15760 15761
f 15760 15762 15763
f 15762 15764 15765
f 15764 15766 15767
f 15766 15768 15769
f 15768 15770 15771
f 15770 15772 15773
f 15772 15774 15775
f 15774 15776 15777
f 15776 15778 15779
f 15778 15780 15781
f 15780 15782 15783
f 15782 15784 15785
f 15784 15786 15787
f 15786 15788 15789
f 15788 15790 15791
f 15790 15792 15793
f 15792 15794 15795
f 15794 15796 15797
f 15796 15798 15799
f 15798 15800 15801
f 15800 15802 15803
f 15802 15804 15805
f 15804 15806 15807
f 15806 15808 15809
f 15808 15810 15811
f 15810 15812 15813
f 15812 15814 15815
f 15814 15816 15817
f 15816 15818 15819
f 15818 15820 15821
f 15820 15822 15823
f 15822 15824 15825
f 15824 15826 15827
f 15826 15828 15829
f 15828 15830 15831
f 15830 15832 15833
f 15832 15834 15835
f 15834 15836 15837
f 15836 15838 15839
f 15838 15840 15841
f 15840 15842 15843
f 15842 15844 15845
f 15844 15846 15847
f 15846 15848 15849
f 15848 15850 15851
f 15850 15852 15853
f 15852 15854 15855
f 15854 15856 15857
f 15856 15858 15859
f 15858 15860 15861
f 15860 15862 15863
f 15862 15864 15865
f 15864 15866 15867
f 15866 15868 15869
f 15868 15870 15871
f 15870 15872 15873
f 15872 15874 15875
f 15874 15876 15877
f 15876 15878 15879
f 15878 15880 15881
f 15880 15882 15883
f 15882 15884 15885
f 15884 15886 15887
f 15886 15888 15889
f 15888 15890 15891
f 15890 15892 15893
f 15892 15894 15895
f 15894 15896 15897
f 15896 15898 15899
f 15898 15900 15901
f 15900 15902 15903
f 15902 15904 15905
f 15904 15906 15907
f 15906 15908 15909
f 15908 15910 15911
f 15910 15912 15913
f 15912 15914 15915
f 15914 15916 15917
f 15916 15918 15919
f 15918 15920 15921
f 15920 15922 15923
f 15922 15924 15925
f 15924 15926 15927
f 15926 15928 15929
f 15928 15930 15931
f 15930 15932 15933
f 15932 15934 15935
f 15934 15936 15937
f 15936 15938 15939
f 15938 15940 15941
f 15940 15942 15943
f 15942 15944 15945
f 15944 15946 15947
f 15946 15948 15949
f 15948 15950 15951
f 15950 15952 15953
f 15952 15954 15955
f 15954 15956 15957
f 15956 15958 15959
f 15958 15960 15961
f 15960 15962 15963
f 15962 15964 15965
f 15964 15966 15967
f 15966 15968 15969
f 15968 15970 15971
f 15970 15972 15973
f 15972 15974 15975
f 15974 15976 15977
f 15976 15978 15979
f 15978 15980 15981
f 15980 15982 15983
f 15982 15984 15985
f 15984 15986 15987
f 15986 15988 15989
f 15988 15990 15991
f 15990 15992 15993
f 15992 15994 15995
f 15994 15996 15997
f 15996 15998 15999
f 15998 16000 16001
f 16000 16002 16003
f 16002 16004 16005
f 16004 16006 16007
f 16006 16008 16009
f 16008 16010 16011
f 16010 16012 16013
f 16012 16014 16015
f 16014 16016 16017
f 16016 16018 16019
f 16018 16020 16021
f 16020 16022 16023
f 16022 16024 16025
f 16024 16026 16027
f 16026 16028 16029
f 16028 16030 16031
f 16030 16032 16033
f 16032 16034 16035
f 16034 16036 16037
f 16036 16038 16039
f 16038 16040 16041
f 16040 16042 16043
f 16042 16044 16045
f 16044 16046 16047
f 16046 16048 16049
f 16048 16050 16051
f 16050 16052 16053
f 16052 16054 16055
f 16054 16056 16057
f 16056 16058 16059
f 16058 16060 16061
f 16060 16062 16063
f 16062 16064 16065
f 16064 16066 16067
f 16066 16068 16069
f 16068 16070 16071
f 16070 16072 16073
f 16072 16074 16075
f 16074 16076 16077
f 16076 16078 16079
f 16078 16080 16081
f 16080 16082 16083
f 16082 16084 16085
f 16084 16086 16087
f 16086 16088 16089
f 16088 16090 16091
f 16090 16092 16093
f 16092 16094 16095
f 16094 16096 16097
f 16096 16098 16099
f 16098 16100 16101
f 16100 16102 16103
f 16102 16104 16105
f 16104 16106 16107
f 16106 16108 16109
f 16108 16110 16111
f 16110 16112 16113
f 16112 16114 16115
f 16114 16116 16117
f 16116 16118 16119
f 16118 16120 16121
f 16120 16122 16123
f 16122 16124 16125
f 16124 16126 16127
f 16126 16128 16129
f 16128 16130 16131
f 16130 16132 16133
f 16132 16134 16135
f 16134 15465 16136

o Shape_122
usemtl material_1
f 16137 16138 16139
f 16138 16140 16141
f 16140 16142 16143
f 16142 16144 16145
f 16144 16146 16147
f 16146 16148 16149
f 16148 16150 16151
f 16150 16152 16153
f 16152 16154 16155
f 16154 16156 16157
f 16156 16158 16159
f 16158 16160 16161
f 16160 16162 16163
f 16162 16164 16165
f 16164 16166 16167
f 16166 16168 16169
f 16168 16170 16171
f 16170 16172 16173
f 16172 16174 16175
f 16174 16176 16177
f 16176 16178 16179
f 16178 16180 16181
f 16180 16182 16183
f 16182 16184 16185
f 16184 16186 16187
f 16186 16188 16189
f 16188 16190 16191
f 16190 16192 16193
f 16192 16194 16195
f 16194 16196 16197
f 16196 16198 16199
f 16198 16200 16201
f 16200 16202 16203
f 16202 16204 16205
f 16204 16206 16207
f 16206 16208 16209
f 16208 16210 16211
f 16210 16212 16213
f 16212 16214 16215
f 16214 16216 16217
f 16216 16218 16219
f 16218 16220 16221
f 16220 16222 16223
f 16222 16224 16225
f 16224 16226 16227
f 16226 16228 16229
f 16228 16230 16231
f 16230 16232 16233
f 16232 16234 16235
f 16234 16236 16237
f 16236 16238 16239
f 16238 16240 16241
f 16240 16242 16243
f 16242 16244 16245
f 16244 16246 16247
f 16246 16248 16249
f 16248 16250 16251
f 16250 16252 16253
f 16252 16254 16255
f 16254 16256 16257
f 16256 16258 16259
f 16258 16260 16261
f 16260 16262 16263
f 16262 16264 16265
f 16264 16266 16267
f 16266 16268 16269
f 16268 16270 16271
f 16270 16272 16273
f 16272 16274 16275
f 16274 16276 16277
f 16276 16278 16279
f 16278 16280 16281
f 16280 16282 16283
f 16282 16284 16285
f 16284 16286 16287
f 16286 16288 16289
f 16288 16290 16291
f 16290 16292 16293
f 16292 16294 16295
f 16294 16296 16297
f 16296 16298 16299
f 16298 16300 16301
f 16300 16302 16303
f 16302 16304 16305
f 16304 16306 16307
f 16306 16308 16309
f 16308 16310 16311
f 16310 16312 16313
f 16312 16314 16315
f 16314 16316 16317
f 16316 16318 16319
f 16318 16320 16321
f 16320 16322 16323
f 16322 16324 16325
f 16324 16326 16327
f 16326 16328 16329
f 16328 16330 16331
f 16330 16332 16333
f 16332 16334 16335
f 16334 16336 16337
f 16336 16338 16339
f 16338 16340 16341
f 16340 16342 16343
f 16342 16344 16345
f 16344 16346 16347
f 16346 16348 16349
f 16348 16350 16351
f 16350 16352 16353
f 16352 16354 16355
f 16354 16356 16357
f 16356 16358 16359
f 16358 16360 16361
f 16360 16362 16363
f 16362 16364 16365
f 16364 16366 16367
f 16366 16368 16369
f 16368 16370 16371
f 16370 16372 16373
f 16372 16374 16375
f 16374 16376 16377
f 16376 16378 16379
f 16378 16380 16381
f 16380 16382 16383
f 16382 16384 16385
f 16384 16386 16387
f 16386 16388 16389
f 16388 16390 16391
f 16390 16392 16393
f 16392 16394 16395
f 16394 16396 16397
f 16396 16398 16399
f 16398 16400 16401
f 16400 16402 16403
f 16402 16404 16405
f 16404 16406 16407
f 16406 16408 16409
f 16408 16410 16411
f 16410 16412 16413
f 16412 16414 16415
f 16414 16416 16417
f 16416 16418 16419
f 16418 16420 16421
f 16420 16422 16423
f 16422 16424 16425
f 16424 16426 16427
f 16426 16428 16429
f 16428 16430 16431
f 16430 16432 16433
f 16432 16434 16435
f 16434 16436 16437
f 16436 16438 16439
f 16438 16440 16441
f 16440 16442 16443
f 16442 16444 16445
f 16444 16446 16447
f 16446 16448 16449
f 16448 16450 16451
f 16450 16452 16453
f 16452 16454 16455
f 16454 16456 16457
f 16456 16458 16459
f 16458 16460 16461
f 16460 16462 16463
f 16462 16464 16465
f 16464 16466 16467
f 16466 16468 16469
f 16468 16470 16471
f 16470 16472 16473
f 16472 16474 16475
f 16474 16476 16477
f 16476 16478 16479
f 16478 16480 16481
f 16480 16482 16483
f 16482 16484 16485
f 16484 16486 16487
f 16486 16488 16489
f 16488 16490 16491
f 16490 16492 16493
f 16492 16494 16495
f 16494 16496 16497
f 16496 16498 16499
f 16498 16500 16501
f 16500 16502 16503
f 16502 16504 16505
f 16504 16506 16507
f 16506 16508 16509
f 16508 16510 16511
f 16510 16512 16513
f 16512 16514 16515
f 16514 16516 16517
f 16516 16518 16519
f 16518 16520 16521
f 16520 16522 16523
f 16522 16524 16525
f 16524 16526 16527
f 16526 16528 16529
f 16528 16530 16531
f 16530 16532 16533
f 16532 16534 16535
f 16534 16536 16537
f 16536 16538 16539
f 16538 16540 16541
f 16540 16542 16543
f 16542 16544 16545
f 16544 16546 16547
f 16546 16548 16549
f 16548 16550 16551
f 16550 16552 16553
f 16552 16554 16555
f 16554 16556 16557
f 16556 16558 16559
f 16558 16560 16561
f 16560 16562 16563
f 16562 16564 16565
f 16564 16566 16567
f 16566 16568 16569
f 16568 16570 16571
f 16570 16572 16573
f 16572 16574 16575
f 16574 16576 16577
f 16576 16578 16579
f 16578 16580 16581
f 16580 16582 16583
f 16582 16584 16585
f 16584 16586 16587
f 16586 16588 16589
f 16588 16590 16591
f 16590 16592 16593
f 16592 16594 16595
f 16594 16596 16597
f 16596 16598 16599
f 16598 16600 16601
f 16600 16602 16603
f 16602 16604 16605
f 16604 16606 16607
f 16606 16608 16609
f 16608 16610 16611
f 16610 16612 16613
f 16612 16614 16615
f 16614 16616 16617
f 16616 16618 16619
f 16618 16620 16621
f 16620 16622 16623
f 16622 16624 16625
f 16624 16626 16627
f 16626 16628 16629
f 16628 16630 16631
f 16630 16632 16633
f 16632 16634 16635
f 16634 16636 16637
f 16636 16638 16639
f 16638 16640 16641
f 16640 16642 16643
f 16642 16644 16645
f 16644 16646 16647
f 16646 16648 16649
f 16648 16650 16651
f 16650 16652 16653
f 16652 16654 16655
f 16654 16656 16657
f 16656 16658 16659
f 16658 16660 16661
f 16660 16662 16663
f 16662 16664 16665
f 16664 16666 16667
f 16666 16668 16669
f 16668 16670 16671
f 16670 16672 16673
f 16672 16674 16675
f 16674 16676 16677
f 16676 16678 16679
f 16678 16680 16681
f 16680 16682 16683
f 16682 16684 16685
f 16684 16686 16687
f 16686 16688 16689
f 16688 16690 16691
f 16690 16692 16693
f 16692 16694 16695
f 16694 16696 16697
f 16696 16698 16699
f 16698 16700 16701
f 16700 16702 16703
f 16702 16704 16705
f 16704 16706 16707
f 16706 16708 16709
f 16708 16710 16711
f 16710 16712 16713
f 16712 16714 16715
f 16714 16716 16717
f 16716 16718 16719
f 16718 16720 16721
f 16720 16722 16723
f 16722 16724 16725
f 16724 16726 16727
f 16726 16728 16729
f 16728 16730 16731
f 16730 16732 16733
f 16732 16734 16735
f 16734 16736 16737
f 16736 16738 16739
f 16738 16740 16741
f 16740 16742 16743
f 16742 16744 16745
f 16744 16746 16747
f 16746 16748 16749
f 16748 16750 16751
f 16750 16752 16753
f 16752 16754 16755
f 16754 16756 16757
f 16756 16758 16759
f 16758 16760 16761
f 16760 16762 16763
f 16762 16764 16765
f 16764 16766 16767
f 16766 16768 16769
f 16768 16770 16771
f 16770 16772 16773
f 16772 16774 16775
f 16774 16776 16777
f 16776 16778 16779
f 16778 16780 16781
f 16780 16782 16783
f 16782 16784 16785
f 16784 16786 16787
f 16786 16788 16789
f 16788 16790 16791
f 16790 16792 16793
f 16792 16794 16795
f 16794 16796 16797
f 16796 16798 16799
f 16798 16800 16801
f 16800 16802 16803
f 16802 16804 16805
f 16804 16806 16807
f 16806 16137 16808

o Shape_123
usemtl material_1
f 15465 16137 16809
f 15465 16137 16809

o Shape_124
usemtl material_1
f 16058 16214 16810
f 16058 16214 16810

o Shape_125
usemtl material_1
f 15968 16304 16811
f 15968 16304 16811

o Shape_126
usemtl material_1
f 15878 16394 16812
f 15878 16394 16812

o Shape_127
usemtl material_1
f 15800 16472 16813
f 15800 16472 16813

o Shape_128
usemtl material_1
f 15722 16550 16814
f 15722 16550 16814

o Shape_129
usemtl material_1
f 15632 16640 16815
f 15632 16640 16815

o Shape_130
usemtl material_1
f 15542 16730 16816
f 15542 16730 16816

o Shape_131
usemtl material_1
f 15465 16137 16809
f 15465 16137 16809

o Shape_132
usemtl material_1
f 16817 16818 16819
f 16818 16820 16821
f 16820 16822 16823
f 16822 16824 16825
f 16824 16826 16827
f 16826 16828 16829
f 16828 16830 16831
f 16830 16832 16833
f 16832 16834 16835
f 16834 16836 16837
f 16836 16838 16839
f 16838 16840 16841
f 16840 16842 16843
f 16842 16844 16845
f 16844 16846 16847
f 16846 16848 16849
f 16848 16850 16851
f 16850 16852 16853
f 16852 16854 16855
f 16854 16856 16857
f 16856 16858 16859
f 16858 16860 16861
f 16860 16862 16863
f 16862 16864 16865
f 16864 16866 16867
f 16866 16868 16869
f 16868 16870 16871
f 16870 16872 16873
f 16872 16874 16875
f 16874 16876 16877
f 16876 16878 16879
f 16878 16880 16881
f 16880 16882 16883
f 16882 16884 16885
f 16884 16886 16887
f 16886 16888 16889
f 16888 16890 16891
f 16890 16892 16893
f 16892 16894 16895
f 16894 16896 16897
f 16896 16898 16899
f 16898 16900 16901
f 16900 16902 16903
f 16902 16904 16905
f 16904 16906 16907
f 16906 16908 16909
f 16908 16910 16911
f 16910 16912 16913
f 16912 16914 16915
f 16914 16916 16917
f 16916 16918 16919
f 16918 16920 16921
f 16920 16922 16923
f 16922 16924 16925
f 16924 16926 16927
f 16926 16928 16929
f 16928 16930 16931
f 16930 16932 16933
f 16932 16934 16935
f 16934 16936 16937
f 16936 16938 16939
f 16938 16940 16941
f 16940 16942 16943
f 16942 16944 16945
f 16944 16946 16947
f 16946 16948 16949
f 16948 16950 16951
f 16950 16952 16953
f 16952 16954 16955
f 16954 16956 16957
f 16956 16958 16959
f 16958 16960 16961
f 16960 16962 16963
f 16962 16964 16965
f 16964 16966 16967
f 16966 16968 16969
f 16968 16970 16971
f 16970 16972 16973
f 16972 16974 16975
f 16974 16976 16977
f 16976 16978 16979
f 16978 16980 16981
f 16980 16982 16983
f 16982 16984 16985
f 16984 16986 16987
f 16986 16988 16989
f 16988 16990 16991
f 16990 16992 16993
f 16992 16994 16995
f 16994 16996 16997
f 16996 16998 16999
f 16998 17000 17001
f 17000 17002 17003
f 17002 17004 17005
f 17004 17006 17007
f 17006 17008 17009
f 17008 17010 17011
f 17010 17012 17013
f 17012 17014 17015
f 17014 17016 17017
f 17016 17018 17019
f 17018 17020 17021
f 17020 17022 17023
f 17022 17024 17025
f 17024 17026 17027
f 17026 17028 17029
f 17028 17030 17031
f 17030 17032 17033
f 17032 17034 17035
f 17034 17036 17037
f 17036 17038 17039
f 17038 17040 17041
f 17040 17042 17043
f 17042 17044 17045
f 17044 17046 17047
f 17046 17048 17049
f 17048 17050 17051
f 17050 17052 17053
f 17052 17054 17055
f 17054 17056 17057
f 17056 17058 17059
f 17058 17060 17061
f 17060 17062 17063
f 17062 17064 17065
f 17064 17066 17067
f 17066 17068 17069
f 17068 17070 17071
f 17070 17072 17073
f 17072 17074 17075
f 17074 17076 17077
f 17076 17078 17079
f 17078 17080 17081
f 17080 17082 17083
f 17082 17084 17085
f 17084 17086 17087
f 17086 17088 17089
f 17088 17090 17091
f 17090 17092 17093
f 17092 17094 17095
f 17094 17096 17097
f 17096 17098 17099
f 17098 17100 17101
f 17100 17102 17103
f 17102 17104 17105
f 17104 17106 17107
f 17106 17108 17109
f 17108 17110 17111
f 17110 17112 17113
f 17112 17114 17115
f 17114 17116 17117
f 17116 17118 17119
f 17118 17120 17121
f 17120 17122 17123
f 17122 17124 17125
f 17124 17126 17127
f 17126 17128 17129
f 17128 17130 17131
f 17130 17132 17133
f 17132 17134 17135
f 17134 17136 17137
f 17136 17138 17139
f 17138 17140 17141
f 17140 17142 17143
f 17142 17144 17145
f 17144 17146 17147
f 17146 17148 17149
f 17148 17150 17151
f 17150 17152 17153
f 17152 17154 17155
f 17154 17156 17157
f 17156 17158 17159
f 17158 17160 17161
f 17160 17162 17163
f 17162 17164 17165
f 17164 17166 17167
f 17166 17168 17169
f 17168 17170 17171
f 17170 17172 17173
f 17172 17174 17175
f 17174 17176 17177
f 17176 17178 17179
f 17178 17180 17181
f 17180 17182 17183
f 17182 17184 17185
f 17184 17186 17187
f 17186 17188 17189
f 17188 17190 17191
f 17190 17192 17193
f 17192 17194 17195
f 17194 17196 17197
f 17196 17198 17199
f 17198 17200 17201
f 17200 17202 17203
f 17202 17204 17205
f 17204 17206 17207
f 17206 17208 17209
f 17208 17210 17211
f 17210 17212 17213
f 17212 17214 17215
f 17214 17216 17217
f 17216 17218 17219
f 17218 17220 17221
f 17220 17222 17223
f 17222 17224 17225
f 17224 17226 17227
f 17226 17228 17229
f 17228 17230 17231
f 17230 17232 17233
f 17232 17234 17235
f 17234 17236 17237
f 17236 17238 17239
f 17238 17240 17241
f 17240 17242 17243
f 17242 17244 17245
f 17244 17246 17247
f 17246 17248 17249
f 17248 17250 17251
f 17250 17252 17253
f 17252 17254 17255
f 17254 17256 17257
f 17256 17258 17259
f 17258 17260 17261
f 17260 17262 17263
f 17262 17264 17265
f 17264 17266 17267
f 17266 17268 17269
f 17268 17270 17271
f 17270 17272 17273
f 17272 17274 17275
f 17274 17276 17277
f 17276 17278 17279
f 17278 17280 17281
f 17280 17282 17283
f 17282 17284 17285
f 17284 17286 17287
f 17286 17288 17289
f 17288 17290 17291
f 17290 17292 17293
f 17292 17294 17295
f 17294 17296 17297
f 17296 17298 17299
f 17298 17300 17301
f 17300 17302 17303
f 17302 17304 17305
f 17304 17306 17307
f 17306 17308 17309
f 17308 17310 17311
f 17310 17312 17313
f 17312 17314 17315
f 17314 17316 17317
f 17316 17318 17319
f 17318 17320 17321
f 17320 17322 17323
f 17322 17324 17325
f 17324 17326 17327
f 17326 17328 17329
f 17328 17330 17331
f 17330 17332 17333
f 17332 17334 17335
f 17334 17336 17337
f 17336 17338 17339
f 17338 17340 17341
f 17340 17342 17343
f 17342 17344 17345
f 17344 17346 17347
f 17346 17348 17349
f 17348 17350 17351
f 17350 17352 17353
f 17352 17354 17355
f 17354 17356 17357
f 17356 17358 17359
f 17358 17360 17361
f 17360 17362 17363
f 17362 17364 17365
f 17364 17366 17367
f 17366 17368 17369
f 17368 17370 17371
f 17370 17372 17373
f 17372 17374 17375
f 17374 17376 17377
f 17376 17378 17379
f 17378 17380 17381
f 17380 17382 17383
f 17382 17384 17385
f 17384 17386 17387
f 17386 17388 17389
f 17388 17390 17391
f 17390 17392 17393
f 17392 17394 17395
f 17394 17396 17397
f 17396 17398 17399
f 17398 17400 17401
f 17400 17402 17403
f 17402 17404 17405
f 17404 17406 17407
f 17406 17408 17409
f 17408 17410 17411
f 17410 17412 17413
f 17412 17414 17415
f 17414 17416 17417
f 17416 17418 17419
f 17418 17420 17421
f 17420 17422 17423
f 17422 17424 17425
f 17424 17426 17427
f 17426 17428 17429
f 17428 17430 17431
f 17430 17432 17433
f 17432 17434 17435
f 17434 17436 17437
f 17436 17438 17439
f 17438 17440 17441
f 17440 17442 17443
f 17442 17444 17445
f 17444 17446 17447
f 17446 17448 17449
f 17448 17450 17451
f 17450 17452 17453
f 17452 17454 17455
f 17454 17456 17457
f 17456 17458 17459
f 17458 17460 17461
f 17460 17462 17463
f 17462 17464 17465
f 17464 17466 17467
f 17466 17468 17469
f 17468 17470 17471
f 17470 17472 17473
f 17472 17474 17475
f 17474 17476 17477
f 17476 17478 17479
f 17478 17480 17481
f 17480 17482 17483
f 17482 17484 17485
f 17484 17486 17487
f 17486 17488 17489
f 17488 17490 17491

o Shape_133
usemtl material_1
f 17492 17493 17494
f 17493 17495 17496
f 17495 17497 17498
f 17497 17499 17500
f 17499 17501 17502
f 17501 17503 17504
f 17503 17505 17506
f 17505 17507 17508
f 17507 17509 17510
f 17509 17511 17512
f 17511 17513 17514
f 17513 17515 17516
f 17515 17517 17518
f 17517 17519 17520
f 17519 17521 17522
f 17521 17523 17524
f 17523 17525 17526
f 17525 17527 17528
f 17527 17529 17530
f 17529 17531 17532
f 17531 17533 17534
f 17533 17535 17536
f 17535 17537 17538
f 17537 17539 17540
f 17539 17541 17542
f 17541 17543 17544
f 17543 17545 17546
f 17545 17547 17548
f 17547 17549 17550
f 17549 17551 17552
f 17551 17553 17554
f 17553 17555 17556
f 17555 17557 17558
f 17557 17559 17560
f 17559 17561 17562
f 17561 17563 17564
f 17563 17565 17566
f 17565 17567 17568
f 17567 17569 17570
f 17569 17571 17572
f 17571 17573 17574
f 17573 17575 17576
f 17575 17577 17578
f 17577 17579 17580
f 17579 17581 17582
f 17581 17583 17584
f 17583 17585 17586
f 17585 17587 17588
f 17587 17589 17590
f 17589 17591 17592
f 17591 17593 17594
f 17593 17595 17596
f 17595 17597 17598
f 17597 17599 17600
f 17599 17601 17602
f 17601 17603 17604
f 17603 17605 17606
f 17605 17607 17608
f 17607 17609 17610
f 17609 17611 17612
f 17611 17613 17614
f 17613 17615 17616
f 17615 17617 17618
f 17617 17619 17620
f 17619 17621 17622
f 17621 17623 17624
f 17623 17625 17626
f 17625 17627 17628
f 17627 17629 17630
f 17629 17631 17632
f 17631 17633 17634
f 17633 17635 17636
f 17635 17637 17638
f 17637 17639 17640
f 17639 17641 17642
f 17641 17643 17644
f 17643 17645 17646
f 17645 17647 17648
f 17647 17649 17650
f 17649 17651 17652
f 17651 17653 17654
f 17653 17655 17656
f 17655 17657 17658
f 17657 17659 17660
f 17659 17661 17662
f 17661 17663 17664
f 17663 17665 17666
f 17665 17667 17668
f 17667 17669 17670
f 17669 17671 17672
f 17671 17673 17674
f 17673 17675 17676
f 17675 17677 17678
f 17677 17679 17680
f 17679 17681 17682
f 17681 17683 17684
f 17683 17685 17686
f 17685 17687 17688
f 17687 17689 17690
f 17689 17691 17692
f 17691 17693 17694
f 17693 17695 17696
f 17695 17697 17698
f 17697 17699 17700
f 17699 17701 17702
f 17701 17703 17704
f 17703 17705 17706
f 17705 17707 17708
f 17707 17709 17710
f 17709 17711 17712
f 17711 17713 17714
f 17713 17715 17716
f 17715 17717 17718
f 17717 17719 17720
f 17719 17721 17722
f 17721 17723 17724
f 17723 17725 17726
f 17725 17727 17728
f 17727 17729 17730
f 17729 17731 17732
f 17731 17733 17734
f 17733 17735 17736
f 17735 17737 17738
f 17737 17739 17740
f 17739 17741 17742
f 17741 17743 17744
f 17743 17745 17746
f 17745 17747 17748
f 17747 17749 17750
f 17749 17751 17752
f 17751 17753 17754
f 17753 17755 17756
f 17755 17757 17758
f 17757 17759 17760
f 17759 17761 17762
f 17761 17763 17764
f 17763 17765 17766
f 17765 17767 17768
f 17767 17769 17770
f 17769 17771 17772
f 17771 17773 17774
f 17773 17775 17776
f 17775 17777 17778
f 17777 17779 17780
f 17779 17781 17782
f 17781 17783 17784
f 17783 17785 17786
f 17785 17787 17788
f 17787 17789 17790
f 17789 17791 17792
f 17791 17793 17794
f 17793 17795 17796
f 17795 17797 17798
f 17797 17799 17800
f 17799 17801 17802
f 17801 17803 17804
f 17803 17805 17806
f 17805 17807 17808
f 17807 17809 17810
f 17809 17811 17812
f 17811 17813 17814
f 17813 17815 17816
f 17815 17817 17818
f 17817 17819 17820
f 17819 17821 17822
f 17821 17823 17824
f 17823 17825 17826
f 17825 17827 17828
f 17827 17829 17830
f 17829 17831 17832
f 17831 17833 17834
f 17833 17835 17836
f 17835 17837 17838
f 17837 17839 17840
f 17839 17841 17842
f 17841 17843 17844
f 17843 17845 17846
f 17845 17847 17848
f 17847 17849 17850
f 17849 17851 17852
f 17851 17853 17854
f 17853 17855 17856
f 17855 17857 17858
f 17857 17859 17860
f 17859 17861 17862
f 17861 17863 17864
f 17863 17865 17866
f 17865 17867 17868
f 17867 17869 17870
f 17869 17871 17872
f 17871 17873 17874
f 17873 17875 17876
f 17875 17877 17878
f 17877 17879 17880
f 17879 17881 17882
f 17881 17883 17884
f 17883 17885 17886
f 17885 17887 17888
f 17887 17889 17890
f 17889 17891 17892
f 17891 17893 17894
f 17893 17895 17896
f 17895 17897 17898
f 17897 17899 17900
f 17899 17901 17902
f 17901 17903 17904
f 17903 17905 17906
f 17905 17907 17908
f 17907 17909 17910
f 17909 17911 17912
f 17911 17913 17914
f 17913 17915 17916
f 17915 17917 17918
f 17917 17919 17920
f 17919 17921 17922
f 17921 17923 17924
f 17923 17925 17926
f 17925 17927 17928
f 17927 17929 17930
f 17929 17931 17932
f 17931 17933 17934
f 17933 17935 17936
f 17935 17937 17938
f 17937 17939 17940
f 17939 17941 17942
f 17941 17943 17944
f 17943 17945 17946
f 17945 17947 17948
f 17947 17949 17950
f 17949 17951 17952
f 17951 17953 17954
f 17953 17955 17956
f 17955 17957 17958
f 17957 17959 17960
f 17959 17961 17962
f 17961 17963 17964
f 17963 17965 17966
f 17965 17967 17968
f 17967 17969 17970
f 17969 17971 17972
f 17971 17973 17974
f 17973 17975 17976
f 17975 17977 17978
f 17977 17979 17980
f 17979 17981 17982
f 17981 17983 17984
f 17983 17985 17986
f 17985 17987 17988
f 17987 17989 17990
f 17989 17991 17992
f 17991 17993 17994
f 17993 17995 17996
f 17995 17997 17998
f 17997 17999 18000
f 17999 18001 18002
f 18001 18003 18004
f 18003 18005 18006
f 18005 18007 18008
f 18007 18009 18010
f 18009 18011 18012
f 18011 18013 18014
f 18013 18015 18016
f 18015 18017 18018
f 18017 18019 18020
f 18019 18021 18022
f 18021 18023 18024
f 18023 18025 18026
f 18025 18027 18028
f 18027 18029 18030
f 18029 18031 18032
f 18031 18033 18034
f 18033 18035 18036
f 18035 18037 18038
f 18037 18039 18040
f 18039 18041 18042
f 18041 18043 18044
f 18043 18045 18046
f 18045 18047 18048
f 18047 18049 18050
f 18049 18051 18052
f 18051 18053 18054
f 18053 18055 18056
f 18055 18057 18058
f 18057 18059 18060
f 18059 18061 18062
f 18061 18063 18064
f 18063 18065 18066
f 18065 18067 18068
f 18067 18069 18070
f 18069 18071 18072
f 18071 18073 18074
f 18073 18075 18076
f 18075 18077 18078
f 18077 18079 18080
f 18079 18081 18082
f 18081 18083 18084
f 18083 18085 18086
f 18085 18087 18088
f 18087 18089 18090
f 18089 18091 18092
f 18091 18093 18094
f 18093 18095 18096
f 18095 18097 18098
f 18097 18099 18100
f 18099 18101 18102
f 18101 18103 18104
f 18103 18105 18106
f 18105 18107 18108
f 18107 18109 18110
f 18109 18111 18112
f 18111 18113 18114
f 18113 18115 18116
f 18115 18117 18118
f 18117 18119 18120
f 18119 18121 18122
f 18121 18123 18124
f 18123 18125 18126
f 18125 18127 18128
f 18127 18129 18130
f 18129 18131 18132
f 18131 18133 18134
f 18133 18135 18136
f 18135 18137 18138
f 18137 18139 18140
f 18139 18141 18142
f 18141 18143 18144
f 18143 18145 18146
f 18145 18147 18148
f 18147 18149 18150
f 18149 18151 18152
f 18151 18153 18154
f 18153 18155 18156
f 18155 18157 18158
f 18157 18159 18160
f 18159 18161 18162
f 18161 18163 18164
f 18163 18165 18166

o Shape_134
usemtl material_1
f 16817 17492 18167
f 16817 17492 18167

o Shape_135
usemtl material_1
f 17412 17569 18168
f 17412 17569 18168

o Shape_136
usemtl material_1
f 17322 17659 18169
f 17322 17659 18169

o Shape_137
usemtl material_1
f 17232 17749 18170
f 17232 17749 18170

o Shape_138
usemtl material_1
f 18171 18172 18173
f 18171 18172 18173

o Shape_139
usemtl material_1
f 17074 17907 18174
f 17074 17907 18174

o Shape_140
usemtl material_1
f 16984 17997 18175
f 16984 17997 18175

o Shape_141
usemtl material_1
f 16894 18087 18176
f 16894 18087 18176

o Shape_142
usemtl material_1
f 16817 17492 18167
f 16817 17492 18167

o Shape_143
usemtl material_1
f 18177 18178 18179
f 18178 18180 18181
f 18180 18182 18183
f 18182 18184 18185
f 18184 18186 18187
f 18186 18188 18189
f 18188 18190 18191
f 18190 18192 18193
f 18192 18194 18195
f 18194 18196 18197
f 18196 18198 18199
f 18198 18200 18201
f 18200 18202 18203
f 18202 18204 18205
f 18204 18206 18207
f 18206 18208 18209
f 18208 18210 18211
f 18210 18212 18213
f 18212 18214 18215
f 18214 18216 18217
f 18216 18218 18219
f 18218 18220 18221
f 18220 18222 18223
f 18222 18224 18225
f 18224 18226 18227
f 18226 18228 18229
f 18228 18230 18231
f 18230 18232 18233
f 18232 18234 18235
f 18234 18236 18237
f 18236 18238 18239
f 18238 18240 18241
f 18240 18242 18243
f 18242 18244 18245
f 18244 18246 18247
f 18246 18248 18249
f 18248 18250 18251
f 18250 18252 18253
f 18252 18254 18255
f 18254 18256 18257
f 18256 18258 18259
f 18258 18260 18261
f 18260 18262 18263
f 18262 18264 18265
f 18264 18266 18267
f 18266 18268 18269
f 18268 18270 18271
f 18270 18272 18273
f 18272 18274 18275
f 18274 18276 18277
f 18276 18278 18279
f 18278 18280 18281
f 18280 18282 18283
f 18282 18284 18285
f 18284 18286 18287
f 18286 18288 18289
f 18288 18290 18291
f 18290 18292 18293
f 18292 18294 18295
f 18294 18296 18297
f 18296 18298 18299
f 18298 18300 18301
f 18300 18302 18303
f 18302 18304 18305
f 18304 18306 18307
f 18306 18308 18309
f 18308 18310 18311
f 18310 18312 18313
f 18312 18314 18315
f 18314 18316 18317
f 18316 18318 18319
f 18318 18320 18321
f 18320 18322 18323
f 18322 18324 18325
f 18324 18326 18327
f 18326 18328 18329
f 18328 18330 18331
f 18330 18332 18333
f 18332 18334 18335
f 18334 18336 18337
f 18336 18338 18339
f 18338 18340 18341
f 18340 18342 18343
f 18342 18344 18345
f 18344 18346 18347
f 18346 18348 18349
f 18348 18350 18351
f 18350 18352 18353
f 18352 18354 18355
f 18354 18356 18357
f 18356 18358 18359
f 18358 18360 18361
f 18360 18362 18363
f 18362 18364 18365
f 18364 18366 18367
f 18366 18368 18369
f 18368 18370 18371
f 18370 18372 18373
f 18372 18374 18375
f 18374 18376 18377
f 18376 18378 18379
f 18378 18380 18381
f 18380 18382 18383
f 18382 18384 18385
f 18384 18386 18387
f 18386 18388 18389
f 18388 18390 18391
f 18390 18392 18393
f 18392 18394 18395
f 18394 18396 18397
f 18396 18398 18399
f 18398 18400 18401
f 18400 18402 18403
f 18402 18404 18405
f 18404 18406 18407
f 18406 18408 18409
f 18408 18410 18411
f 18410 18412 18413
f 18412 18414 18415
f 18414 18416 18417
f 18416 18418 18419
f 18418 18420 18421
f 18420 18422 18423
f 18422 18424 18425
f 18424 18426 18427
f 18426 18428 18429
f 18428 18430 18431
f 18430 18432 18433
f 18432 18434 18435
f 18434 18436 18437
f 18436 18438 18439
f 18438 18440 18441
f 18440 18442 18443
f 18442 18444 18445
f 18444 18446 18447
f 18446 18448 18449
f 18448 18450 18451
f 18450 18452 18453
f 18452 18454 18455
f 18454 18456 18457
f 18456 18458 18459
f 18458 18460 18461
f 18460 18462 18463
f 18462 18464 18465
f 18464 18466 18467
f 18466 18468 18469
f 18468 18470 18471
f 18470 18472 18473
f 18472 18474 18475
f 18474 18476 18477
f 18476 18478 18479
f 18478 18480 18481
f 18480 18482 18483
f 18482 18484 18485
f 18484 18486 18487
f 18486 18488 18489
f 18488 18490 18491
f 18490 18492 18493
f 18492 18494 18495
f 18494 18496 18497
f 18496 18498 18499
f 18498 18500 18501
f 18500 18502 18503
f 18502 18504 18505
f 18504 18506 18507
f 18506 18508 18509
f 18508 18510 18511
f 18510 18512 18513
f 18512 18514 18515
f 18514 18516 18517
f 18516 18518 18519
f 18518 18520 18521
f 18520 18522 18523
f 18522 18524 18525
f 18524 18526 18527
f 18526 18528 18529
f 18528 18530 18531
f 18530 18532 18533
f 18532 18534 18535
f 18534 18536 18537
f 18536 18538 18539
f 18538 18540 18541
f 18540 18542 18543
f 18542 18544 18545
f 18544 18546 18547
f 18546 18548 18549
f 18548 18550 18551
f 18550 18552 18553
f 18552 18554 18555
f 18554 18556 18557
f 18556 18558 18559
f 18558 18560 18561
f 18560 18562 18563
f 18562 18564 18565
f 18564 18566 18567
f 18566 18568 18569
f 18568 18570 18571
f 18570 18572 18573
f 18572 18574 18575
f 18574 18576 18577
f 18576 18578 18579
f 18578 18580 18581
f 18580 18582 18583
f 18582 18584 18585
f 18584 18586 18587
f 18586 18588 18589
f 18588 18590 18591
f 18590 18592 18593
f 18592 18594 18595
f 18594 18596 18597
f 18596 18598 18599
f 18598 18600 18601
f 18600 18602 18603
f 18602 18604 18605
f 18604 18606 18607
f 18606 18608 18609
f 18608 18610 18611
f 18610 18612 18613
f 18612 18614 18615
f 18614 18616 18617
f 18616 18618 18619
f 18618 18620 18621
f 18620 18622 18623
f 18622 18624 18625
f 18624 18626 18627
f 18626 18628 18629
f 18628 18630 18631
f 18630 18632 18633
f 18632 18634 18635
f 18634 18636 18637
f 18636 18638 18639
f 18638 18640 18641
f 18640 18642 18643
f 18642 18644 18645
f 18644 18646 18647
f 18646 18648 18649
f 18648 18650 18651
f 18650 18652 18653
f 18652 18654 18655
f 18654 18656 18657
f 18656 18658 18659
f 18658 18660 18661
f 18660 18662 18663
f 18662 18664 18665
f 18664 18666 18667
f 18666 18668 18669
f 18668 18670 18671
f 18670 18672 18673
f 18672 18674 18675
f 18674 18676 18677
f 18676 18678 18679
f 18678 18680 18681
f 18680 18682 18683
f 18682 18684 18685
f 18684 18686 18687
f 18686 18688 18689
f 18688 18690 18691
f 18690 18692 18693
f 18692 18694 18695
f 18694 18696 18697
f 18696 18698 18699
f 18698 18700 18701
f 18700 18702 18703
f 18702 18704 18705
f 18704 18706 18707
f 18706 18708 18709
f 18708 18710 18711
f 18710 18712 18713
f 18712 18714 18715
f 18714 18716 18717
f 18716 18718 18719
f 18718 18720 18721
f 18720 18722 18723
f 18722 18724 18725
f 18724 18726 18727
f 18726 18728 18729
f 18728 18730 18731
f 18730 18732 18733
f 18732 18734 18735
f 18734 18736 18737
f 18736 18738 18739
f 18738 18740 18741
f 18740 18742 18743
f 18742 18744 18745
f 18744 18746 18747
f 18746 18748 18749
f 18748 18750 18751
f 18750 18752 18753
f 18752 18754 18755
f 18754 18756 18757
f 18756 18758 18759
f 18758 18760 18761
f 18760 18762 18763
f 18762 18764 18765
f 18764 18766 18767
f 18766 18768 18769
f 18768 18770 18771
f 18770 18772 18773
f 18772 18774 18775
f 18774 18776 18777
f 18776 18778 18779
f 18778 18780 18781
f 18780 18782 18783
f 18782 18784 18785
f 18784 18786 18787
f 18786 18788 18789
f 18788 18790 18791
f 18790 18792 18793
f 18792 18794 18795
f 18794 18796 18797
f 18796 18798 18799
f 18798 18800 18801
f 18800 18802 18803
f 18802 18804 18805
f 18804 18806 18807
f 18806 18808 18809
f 18808 18810 18811
f 18810 18812 18813
f 18812 18814 18815
f 18814 18816 18817
f 18816 18818 18819
f 18818 18820 18821
f 18820 18822 18823
f 18822 18824 18825
f 18824 18826 18827
f 18826 18828 18829
f 18828 18830 18831
f 18830 18832 18833
f 18832 18834 18835
f 18834 18836 18837
f 18836 18838 18839
f 18838 18840 18841
f 18840 18842 18843
f 18842 18844 18845
f 18844 18846 18847
f 18846 18848 18849
f 18848 18850 18851

o Shape_144
usemtl material_1
f 18852 18853 18854
f 18853 18855 18856
f 18855 18857 18858
f 18857 18859 18860
f 18859 18861 18862
f 18861 18863 18864
f 18863 18865 18866
f 18865 18867 18868
f 18867 18869 18870
f 18869 18871 18872
f 18871 18873 18874
f 18873 18875 18876
f 18875 18877 18878
f 18877 18879 18880
f 18879 18881 18882
f 18881 18883 18884
f 18883 18885 18886
f 18885 18887 18888
f 18887 18889 18890
f 18889 18891 18892
f 18891 18893 18894
f 18893 18895 18896
f 18895 18897 18898
f 18897 18899 18900
f 18899 18901 18902
f 18901 18903 18904
f 18903 18905 18906
f 18905 18907 18908
f 18907 18909 18910
f 18909 18911 18912
f 18911 18913 18914
f 18913 18915 18916
f 18915 18917 18918
f 18917 18919 18920
f 18919 18921 18922
f 18921 18923 18924
f 18923 18925 18926
f 18925 18927 18928
f 18927 18929 18930
f 18929 18931 18932
f 18931 18933 18934
f 18933 18935 18936
f 18935 18937 18938
f 18937 18939 18940
f 18939 18941 18942
f 18941 18943 18944
f 18943 18945 18946
f 18945 18947 18948
f 18947 18949 18950
f 18949 18951 18952
f 18951 18953 18954
f 18953 18955 18956
f 18955 18957 18958
f 18957 18959 18960
f 18959 18961 18962
f 18961 18963 18964
f 18963 18965 18966
f 18965 18967 18968
f 18967 18969 18970
f 18969 18971 18972
f 18971 18973 18974
f 18973 18975 18976
f 18975 18977 18978
f 18977 18979 18980
f 18979 18981 18982
f 18981 18983 18984
f 18983 18985 18986
f 18985 18987 18988
f 18987 18989 18990
f 18989 18991 18992
f 18991 18993 18994
f 18993 18995 18996
f 18995 18997 18998
f 18997 18999 19000
f 18999 19001 19002
f 19001 19003 19004
f 19003 19005 19006
f 19005 19007 19008
f 19007 19009 19010
f 19009 19011 19012
f 19011 19013 19014
f 19013 19015 19016
f 19015 19017 19018
f 19017 19019 19020
f 19019 19021 19022
f 19021 19023 19024
f 19023 19025 19026
f 19025 19027 19028
f 19027 19029 19030
f 19029 19031 19032
f 19031 19033 19034
f 19033 19035 19036
f 19035 19037 19038
f 19037 19039 19040
f 19039 19041 19042
f 19041 19043 19044
f 19043 19045 19046
f 19045 19047 19048
f 19047 19049 19050
f 19049 19051 19052
f 19051 19053 19054
f 19053 19055 19056
f 19055 19057 19058
f 19057 19059 19060
f 19059 19061 19062
f 19061 19063 19064
f 19063 19065 19066
f 19065 19067 19068
f 19067 19069 19070
f 19069 19071 19072
f 19071 19073 19074
f 19073 19075 19076
f 19075 19077 19078
f 19077 19079 19080
f 19079 19081 19082
f 19081 19083 19084
f 19083 19085 19086
f 19085 19087 19088
f 19087 19089 19090
f 19089 19091 19092
f 19091 19093 19094
f 19093 19095 19096
f 19095 19097 19098
f 19097 19099 19100
f 19099 19101 19102
f 19101 19103 19104
f 19103 19105 19106
f 19105 19107 19108
f 19107 19109 19110
f 19109 19111 19112
f 19111 19113 19114
f 19113 19115 19116
f 19115 19117 19118
f 19117 19119 19120
f 19119 19121 19122
f 19121 19123 19124
f 19123 19125 19126
f 19125 19127 19128
f 19127 19129 19130
f 19129 19131 19132
f 19131 19133 19134
f 19133 19135 19136
f 19135 19137 19138
f 19137 19139 19140
f 19139 19141 19142
f 19141 19143 19144
f 19143 19145 19146
f 19145 19147 19148
f 19147 19149 19150
f 19149 19151 19152
f 19151 19153 19154
f 19153 19155 19156
f 19155 19157 19158
f 19157 19159 19160
f 19159 19161 19162
f 19161 19163 19164
f 19163 19165 19166
f 19165 19167 19168
f 19167 19169 19170
f 19169 19171 19172
f 19171 19173 19174
f 19173 19175 19176
f 19175 19177 19178
f 19177 19179 19180
f 19179 19181 19182
f 19181 19183 19184
f 19183 19185 19186
f 19185 19187 19188
f 19187 19189 19190
f 19189 19191 19192
f 19191 19193 19194
f 19193 19195 19196
f 19195 19197 19198
f 19197 19199 19200
f 19199 19201 19202
f 19201 19203 19204
f 19203 19205 19206
f 19205 19207 19208
f 19207 19209 19210
f 19209 19211 19212
f 19211 19213 19214
f 19213 19215 19216
f 19215 19217 19218
f 19217 19219 19220
f 19219 19221 19222
f 19221 19223 19224
f 19223 19225 19226
f 19225 19227 19228
f 19227 19229 19230
f 19229 19231 19232
f 19231 19233 19234
f 19233 19235 19236
f 19235 19237 19238
f 19237 19239 19240
f 19239 19241 19242
f 19241 19243 19244
f 19243 19245 19246
f 19245 19247 19248
f 19247 19249 19250
f 19249 19251 19252
f 19251 19253 19254
f 19253 19255 19256
f 19255 19257 19258
f 19257 19259 19260
f 19259 19261 19262
f 19261 19263 19264
f 19263 19265 19266
f 19265 19267 19268
f 19267 19269 19270
f 19269 19271 19272
f 19271 19273 19274
f 19273 19275 19276
f 19275 19277 19278
f 19277 19279 19280
f 19279 19281 19282
f 19281 19283 19284
f 19283 19285 19286
f 19285 19287 19288
f 19287 19289 19290
f 19289 19291 19292
f 19291 19293 19294
f 19293 19295 19296
f 19295 19297 19298
f 19297 19299 19300
f 19299 19301 19302
f 19301 19303 19304
f 19303 19305 19306
f 19305 19307 19308
f 19307 19309 19310
f 19309 19311 19312
f 19311 19313 19314
f 19313 19315 19316
f 19315 19317 19318
f 19317 19319 19320
f 19319 19321 19322
f 19321 19323 19324
f 19323 19325 19326
f 19325 19327 19328
f 19327 19329 19330
f 19329 19331 19332
f 19331 19333 19334
f 19333 19335 19336
f 19335 19337 19338
f 19337 19339 19340
f 19339 19341 19342
f 19341 19343 19344
f 19343 19345 19346
f 19345 19347 19348
f 19347 19349 19350
f 19349 19351 19352
f 19351 19353 19354
f 19353 19355 19356
f 19355 19357 19358
f 19357 19359 19360
f 19359 19361 19362
f 19361 19363 19364
f 19363 19365 19366
f 19365 19367 19368
f 19367 19369 19370
f 19369 19371 19372
f 19371 19373 19374
f 19373 19375 19376
f 19375 19377 19378
f 19377 19379 19380
f 19379 19381 19382
f 19381 19383 19384
f 19383 19385 19386
f 19385 19387 19388
f 19387 19389 19390
f 19389 19391 19392
f 19391 19393 19394
f 19393 19395 19396
f 19395 19397 19398
f 19397 19399 19400
f 19399 19401 19402
f 19401 19403 19404
f 19403 19405 19406
f 19405 19407 19408
f 19407 19409 19410
f 19409 19411 19412
f 19411 19413 19414
f 19413 19415 19416
f 19415 19417 19418
f 19417 19419 19420
f 19419 19421 19422
f 19421 19423 19424
f 19423 19425 19426
f 19425 19427 19428
f 19427 19429 19430
f 19429 19431 19432
f 19431 19433 19434
f 19433 19435 19436
f 19435 19437 19438
f 19437 19439 19440
f 19439 19441 19442
f 19441 19443 19444
f 19443 19445 19446
f 19445 19447 19448
f 19447 19449 19450
f 19449 19451 19452
f 19451 19453 19454
f 19453 19455 19456
f 19455 19457 19458
f 19457 19459 19460
f 19459 19461 19462
f 19461 19463 19464
f 19463 19465 19466
f 19465 19467 19468
f 19467 19469 19470
f 19469 19471 19472
f 19471 19473 19474
f 19473 19475 19476
f 19475 19477 19478
f 19477 19479 19480
f 19479 19481 19482
f 19481 19483 19484
f 19483 19485 19486
f 19485 19487 19488
f 19487 19489 19490
f 19489 19491 19492
f 19491 19493 19494
f 19493 19495 19496
f 19495 19497 19498
f 19497 19499 19500
f 19499 19501 19502
f 19501 19503 19504
f 19503 19505 19506
f 19505 19507 19508
f 19507 19509 19510
f 19509 19511 19512
f 19511 19513 19514
f 19513 19515 19516
f 19515 19517 19518
f 19517 19519 19520
f 19519 19521 19522
f 19521 19523 19524
f 19523 19525 19526

o Shape_145
usemtl material_1
f 18177 18852 19527
f 18177 18852 19527

o Shape_146
usemtl material_1
f 18772 18929 19528
f 18772 18929 19528

o Shape_147
usemtl material_1
f 18682 19019 19529
f 18682 19019 19529

o Shape_148
usemtl material_1
f 18592 19109 19530
f 18592 19109 19530

o Shape_149
usemtl material_1
f 19531 19532 19533
f 19531 19532 19533

o Shape_150
usemtl material_1
f 18434 19267 19534
f 18434 19267 19534

o Shape_151
usemtl material_1
f 18344 19357 19535
f 18344 19357 19535

o Shape_152
usemtl material_1
f 18254 19447 19536
f 18254 19447 19536

o Shape_153
usemtl material_1
f 18177 18852 19527
f 18177 18852 19527

